"Sr. No.","State","Work","Work ID","IDA","Hon'ble Members of Parliament","Elected/Nominated","Expenditure Date","Vendor Name","Payment Status","Fund Disbursed Amount ( ₹ )"
"1","Kerala","Purchase of ambulances (Four, three and two wheelers)","WS/MP094/2025-2026/159306","KANNUR(DISTRICT COLLECTOR KANNUR_IDA)","Dr. V. Sivadasan (2021-27) (2021-2027)","Elected MP","14-Jul-2025","FORCE MOTORS LIMITED","Payment Success","1370639"
"2","Kerala","Purchase of ambulances (Four, three and two wheelers)","WS/MP094/2025-2026/159306","KANNUR(DISTRICT COLLECTOR KANNUR_IDA)","Dr. V. Sivadasan (2021-27) (2021-2027)","Elected MP","17-Jul-2025","SPEED AUTOMOBILES","Payment Success","40300"
"3","Kerala","Construction of community centers and community halls","WS/MP094/2024-2025/159307","KANNUR(DISTRICT COLLECTOR KANNUR_IDA)","Dr. V. Sivadasan (2021-27) (2021-2027)","Elected MP","06-May-2025","Government Contractors Co Operative Society LTD","Payment Success","992209"
"4","Kerala","Purchase of IT systems, including hardware and software for educational purposes","WS/MP094/2025-2026/159372","KANNUR(DISTRICT COLLECTOR KANNUR_IDA)","Dr. V. Sivadasan (2021-27) (2021-2027)","Elected MP","21-Aug-2025","KELTRON","Payment Success","282256"
"5","Kerala","Purchase of IT systems, including hardware and software for educational purposes","WS/MP094/2025-2026/159373","KANNUR(DISTRICT COLLECTOR KANNUR_IDA)","Dr. V. Sivadasan (2021-27) (2021-2027)","Elected MP","21-Aug-2025","KELTRON","Payment Success","282256"
"6","Kerala","Purchase of IT systems, including hardware and software for educational purposes","WS/MP094/2025-2026/159375","KANNUR(DISTRICT COLLECTOR KANNUR_IDA)","Dr. V. Sivadasan (2021-27) (2021-2027)","Elected MP","21-Aug-2025","KELTRON","Payment Success","282256"
"7","Kerala","Purchase of IT systems, including hardware and software for educational purposes","WS/MP094/2025-2026/159376","KANNUR(DISTRICT COLLECTOR KANNUR_IDA)","Dr. V. Sivadasan (2021-27) (2021-2027)","Elected MP","22-Aug-2025","KELTRON","Payment Success","282256"
"8","Kerala","Purchase of vehicle for mobile dispensaries (Four, three and two wheelers)","WS/MP094/2025-2026/159378","KANNUR(DISTRICT COLLECTOR KANNUR_IDA)","Dr. V. Sivadasan (2021-27) (2021-2027)","Elected MP","01-Nov-2025","FORCE MOTORS LIMITED","Payment Success","1500241"
"9","Kerala","Construction of roads, link roads, pathways or any other road with or without drainage system","WS/MP094/2025-2026/159415","KANNUR(DISTRICT COLLECTOR KANNUR_IDA)","Dr. V. Sivadasan (2021-27) (2021-2027)","Elected MP","17-Mar-2026","V MATHAI","Payment Success","491361"
"10","Kerala","Purchase of ambulances (Four, three and two wheelers)","WS/MP094/2025-2026/166095","KANNUR(DISTRICT COLLECTOR KANNUR_IDA)","Dr. V. Sivadasan (2021-27) (2021-2027)","Elected MP","27-Feb-2026","Mahindra And Mahindra Limited","Payment Success","1158727"
"11","Kerala","Purchase of IT systems, including hardware and software for educational purposes","WS/MP094/2025-2026/173236","KANNUR(DISTRICT COLLECTOR KANNUR_IDA)","Dr. V. Sivadasan (2021-27) (2021-2027)","Elected MP","06-Jul-2026","KELTRON","Payment Success","282256"
"12","Kerala","Purchase of IT systems, including hardware and software for educational purposes","WS/MP094/2025-2026/173238","KANNUR(DISTRICT COLLECTOR KANNUR_IDA)","Dr. V. Sivadasan (2021-27) (2021-2027)","Elected MP","06-Jul-2026","KELTRON","Payment Success","282256"
"13","Kerala","Purchase of IT systems, including hardware and software for educational purposes","WS/MP094/2025-2026/173241","KANNUR(DISTRICT COLLECTOR KANNUR_IDA)","Dr. V. Sivadasan (2021-27) (2021-2027)","Elected MP","06-Jul-2026","KELTRON","Payment Success","282256"
"14","Kerala","Purchase of IT systems, including hardware and software for educational purposes","WS/MP094/2025-2026/173246","KANNUR(DISTRICT COLLECTOR KANNUR_IDA)","Dr. V. Sivadasan (2021-27) (2021-2027)","Elected MP","06-Jul-2026","KELTRON","Payment Success","176635"
"15","Kerala","Purchase of IT systems, including hardware and software for educational purposes","WS/MP094/2025-2026/173279","KANNUR(DISTRICT COLLECTOR KANNUR_IDA)","Dr. V. Sivadasan (2021-27) (2021-2027)","Elected MP","03-Jul-2026","KELTRON","Payment Success","282256"
"16","Kerala","Purchase of IT systems, including hardware and software for educational purposes","WS/MP094/2025-2026/173306","KANNUR(DISTRICT COLLECTOR KANNUR_IDA)","Dr. V. Sivadasan (2021-27) (2021-2027)","Elected MP","02-Jul-2026","KELTRON","Payment Success","282256"
"17","Kerala","Purchase of IT systems, including hardware and software for educational purposes","WS/MP094/2025-2026/173333","KANNUR(DISTRICT COLLECTOR KANNUR_IDA)","Dr. V. Sivadasan (2021-27) (2021-2027)","Elected MP","02-Jul-2026","KELTRON","Payment Success","282256"
"18","Kerala","Purchase of IT systems, including hardware and software for educational purposes","WS/MP094/2025-2026/173335","KANNUR(DISTRICT COLLECTOR KANNUR_IDA)","Dr. V. Sivadasan (2021-27) (2021-2027)","Elected MP","04-Jul-2026","KELTRON","Payment Success","282256"
"19","Kerala","Purchase of IT systems, including hardware and software for educational purposes","WS/MP094/2025-2026/173338","KANNUR(DISTRICT COLLECTOR KANNUR_IDA)","Dr. V. Sivadasan (2021-27) (2021-2027)","Elected MP","03-Jul-2026","KELTRON","Payment Success","282256"
"20","Kerala","Purchase of IT systems, including hardware and software for educational purposes","WS/MP094/2025-2026/173364","KANNUR(DISTRICT COLLECTOR KANNUR_IDA)","Dr. V. Sivadasan (2021-27) (2021-2027)","Elected MP","13-May-2026","KELTRON","Payment Success","282256"
"21","Kerala","Purchase of IT systems, including hardware and software for educational purposes","WS/MP094/2025-2026/173365","KANNUR(DISTRICT COLLECTOR KANNUR_IDA)","Dr. V. Sivadasan (2021-27) (2021-2027)","Elected MP","06-Jul-2026","KELTRON","Payment Success","282256"
"22","Kerala","Purchase of IT systems, including hardware and software for educational purposes","WS/MP094/2025-2026/173366","KANNUR(DISTRICT COLLECTOR KANNUR_IDA)","Dr. V. Sivadasan (2021-27) (2021-2027)","Elected MP","06-Jul-2026","KELTRON","Payment Success","282256"
"23","Kerala","Purchase of IT systems, including hardware and software for educational purposes","WS/MP094/2025-2026/173368","KANNUR(DISTRICT COLLECTOR KANNUR_IDA)","Dr. V. Sivadasan (2021-27) (2021-2027)","Elected MP","13-May-2026","KELTRON","Payment Success","282256"
"24","Kerala","Purchase of IT systems, including hardware and software for educational purposes","WS/MP094/2025-2026/173519","KANNUR(DISTRICT COLLECTOR KANNUR_IDA)","Dr. V. Sivadasan (2021-27) (2021-2027)","Elected MP","15-May-2026","KELTRON","Payment Success","282256"
"25","Kerala","Purchase of IT systems, including hardware and software for educational purposes","WS/MP094/2025-2026/173520","KANNUR(DISTRICT COLLECTOR KANNUR_IDA)","Dr. V. Sivadasan (2021-27) (2021-2027)","Elected MP","15-May-2026","KELTRON","Payment Success","282256"
"26","Kerala","Purchase of IT systems, including hardware and software for educational purposes","WS/MP094/2025-2026/173551","KANNUR(DISTRICT COLLECTOR KANNUR_IDA)","Dr. V. Sivadasan (2021-27) (2021-2027)","Elected MP","23-Jun-2026","KELTRON","Payment Success","282256"
"27","Kerala","Purchase of IT systems, including hardware and software for educational purposes","WS/MP094/2025-2026/173553","KANNUR(DISTRICT COLLECTOR KANNUR_IDA)","Dr. V. Sivadasan (2021-27) (2021-2027)","Elected MP","30-Jun-2026","KELTRON","Payment Success","282256"
"28","Kerala","Purchase of IT systems, including hardware and software for educational purposes","WS/MP094/2025-2026/173554","KANNUR(DISTRICT COLLECTOR KANNUR_IDA)","Dr. V. Sivadasan (2021-27) (2021-2027)","Elected MP","04-Jul-2026","KELTRON","Payment Success","282256"
"29","Kerala","Purchase of IT systems, including hardware and software for educational purposes","WS/MP094/2025-2026/173567","KANNUR(DISTRICT COLLECTOR KANNUR_IDA)","Dr. V. Sivadasan (2021-27) (2021-2027)","Elected MP","04-Jul-2026","KELTRON","Payment Success","282256"
"30","Kerala","Purchase of IT systems, including hardware and software for educational purposes","WS/MP094/2025-2026/173568","KANNUR(DISTRICT COLLECTOR KANNUR_IDA)","Dr. V. Sivadasan (2021-27) (2021-2027)","Elected MP","06-Jul-2026","KELTRON","Payment Success","282256"
"31","Kerala","Purchase of IT systems, including hardware and software for educational purposes","WS/MP094/2025-2026/173569","KANNUR(DISTRICT COLLECTOR KANNUR_IDA)","Dr. V. Sivadasan (2021-27) (2021-2027)","Elected MP","06-Jul-2026","KELTRON","Payment Success","282256"
"32","Kerala","Purchase of IT systems, including hardware and software for educational purposes","WS/MP094/2025-2026/173570","KANNUR(DISTRICT COLLECTOR KANNUR_IDA)","Dr. V. Sivadasan (2021-27) (2021-2027)","Elected MP","29-Jun-2026","KELTRON","Payment Success","282256"
"33","Kerala","Purchase of IT systems, including hardware and software for educational purposes","WS/MP094/2025-2026/173571","KANNUR(DISTRICT COLLECTOR KANNUR_IDA)","Dr. V. Sivadasan (2021-27) (2021-2027)","Elected MP","06-Jul-2026","KELTRON","Payment Success","176635"
"34","Kerala","Purchase of ambulances (Four, three and two wheelers)","WS/MP094/2025-2026/178986","KANNUR(DISTRICT COLLECTOR KANNUR_IDA)","Dr. V. Sivadasan (2021-27) (2021-2027)","Elected MP","01-Nov-2025","FORCE MOTORS LIMITED","Payment Success","2008715"
"35","Kerala","Purchase of ambulances (Four, three and two wheelers)","WS/MP094/2025-2026/178986","KANNUR(DISTRICT COLLECTOR KANNUR_IDA)","Dr. V. Sivadasan (2021-27) (2021-2027)","Elected MP","29-Jul-2026","FORCE MOTORS LIMITED","Payment Success","223190"
"36","Kerala","Purchase of ambulances (Four, three and two wheelers)","WS/MP094/2025-2026/178986","KANNUR(DISTRICT COLLECTOR KANNUR_IDA)","Dr. V. Sivadasan (2021-27) (2021-2027)","Elected MP","29-Jul-2026","HOSPITAL DEVELEPMENT COMMITTE","Payment Success","47141"
"37","Kerala","Purchase of vans and buses for educational institutions","WS/MP094/2025-2026/178992","KANNUR(DISTRICT COLLECTOR KANNUR_IDA)","Dr. V. Sivadasan (2021-27) (2021-2027)","Elected MP","07-Aug-2025","TATA MOTORS","Payment Success","1383300"
"38","Kerala","Construction of roads, link roads, pathways or any other road with or without drainage system","WS/MP094/2025-2026/190554","KANNUR(DISTRICT COLLECTOR KANNUR_IDA)","Dr. V. Sivadasan (2021-27) (2021-2027)","Elected MP","17-Feb-2026","V MATHAI","Payment Success","803077"
"39","Kerala","Construction of roads, link roads, pathways or any other road with or without drainage system","WS/MP094/2025-2026/190566","KANNUR(DISTRICT COLLECTOR KANNUR_IDA)","Dr. V. Sivadasan (2021-27) (2021-2027)","Elected MP","09-Feb-2026","V MATHAI","Payment Success","813754"
"40","Kerala","Purchase of vans and buses for educational institutions","WS/MP094/2025-2026/190570","KANNUR(DISTRICT COLLECTOR KANNUR_IDA)","Dr. V. Sivadasan (2021-27) (2021-2027)","Elected MP","15-Jul-2026","TATA MOTORS","Payment Success","2639912"
"41","Kerala","Purchase of vans and buses for educational institutions","WS/MP094/2025-2026/190570","KANNUR(DISTRICT COLLECTOR KANNUR_IDA)","Dr. V. Sivadasan (2021-27) (2021-2027)","Elected MP","15-Jul-2026","PRINCIPAL GOVERMENT MEDICAL COLLEGE KANNUR","Payment Success","143500"
"42","Kerala","Purchase of vans and buses for educational institutions","WS/MP094/2025-2026/215264","KANNUR(DISTRICT COLLECTOR KANNUR_IDA)","Dr. V. Sivadasan (2021-27) (2021-2027)","Elected MP","19-Aug-2025","TATA MOTORS","Payment Success","1530000"
"43","Kerala","Purchase of vans and buses for educational institutions","WS/MP094/2025-2026/215264","KANNUR(DISTRICT COLLECTOR KANNUR_IDA)","Dr. V. Sivadasan (2021-27) (2021-2027)","Elected MP","18-Mar-2026","TATA MOTORS","Payment Success","190120"
"44","Kerala","Purchase of vans and buses for educational institutions","WS/MP094/2025-2026/215264","KANNUR(DISTRICT COLLECTOR KANNUR_IDA)","Dr. V. Sivadasan (2021-27) (2021-2027)","Elected MP","18-Mar-2026","HEADMISTRESS GHSS MANATHANA","Payment Success","105000"
"45","Kerala","Purchase of vans and buses for educational institutions","WS/MP094/2026-2027/274141","KANNUR(DISTRICT COLLECTOR KANNUR_IDA)","Dr. V. Sivadasan (2021-27) (2021-2027)","Elected MP","29-Jun-2026","VE Commercial Vehicles Ltd","Payment Success","2012490"
"46","Kerala","Construction of rooms and halls in school and colleges","WS/MP095/2024-2025/133316","THIRUVANANTHAPURAM(DISTRICT COLLECTOR THIRUVANANTHAPURAM_IDA)","Shri A. A. Rahim (2022-28) (2022-2028)","Elected MP","29-Jun-2026","MANUMOH","Payment Success","38839"
"47","Kerala","Construction of rooms and halls in school and colleges","WS/MP095/2024-2025/133316","THIRUVANANTHAPURAM(DISTRICT COLLECTOR THIRUVANANTHAPURAM_IDA)","Shri A. A. Rahim (2022-28) (2022-2028)","Elected MP","29-Jun-2026","Suseela D","Payment Success","1890091"
"48","Kerala","Construction of rooms and facilities for hospitals, FWC , PHC Centers and ANM centers","WS/MP095/2024-2025/133317","THIRUVANANTHAPURAM(DISTRICT COLLECTOR THIRUVANANTHAPURAM_IDA)","Shri A. A. Rahim (2022-28) (2022-2028)","Elected MP","07-May-2026","Najeeb N A","Payment Success","2106140"
"49","Kerala","Construction of culverts and bridges","WS/MP095/2024-2025/133319","THIRUVANANTHAPURAM(DISTRICT COLLECTOR THIRUVANANTHAPURAM_IDA)","Shri A. A. Rahim (2022-28) (2022-2028)","Elected MP","03-Sep-2025","V Anil Kumar","Payment Success","1573631"
"50","Kerala","Construction of culverts and bridges","WS/MP095/2024-2025/133319","THIRUVANANTHAPURAM(DISTRICT COLLECTOR THIRUVANANTHAPURAM_IDA)","Shri A. A. Rahim (2022-28) (2022-2028)","Elected MP","01-Jan-2026","V ANILKUMAR","Payment Success","541867"
"51","Kerala","Development of playfields and sports grounds","WS/MP095/2024-2025/133331","THIRUVANANTHAPURAM(DISTRICT COLLECTOR THIRUVANANTHAPURAM_IDA)","Shri A. A. Rahim (2022-28) (2022-2028)","Elected MP","26-Oct-2024","CHANDRAKUMAR R","Payment Success","1554493"
"52","Kerala","Development of playfields and sports grounds","WS/MP095/2024-2025/133331","THIRUVANANTHAPURAM(DISTRICT COLLECTOR THIRUVANANTHAPURAM_IDA)","Shri A. A. Rahim (2022-28) (2022-2028)","Elected MP","17-Jun-2025","CHANDRAKUMAR R","Payment Success","2723740"
"53","Kerala","Development of playfields and sports grounds","WS/MP095/2024-2025/133331","THIRUVANANTHAPURAM(DISTRICT COLLECTOR THIRUVANANTHAPURAM_IDA)","Shri A. A. Rahim (2022-28) (2022-2028)","Elected MP","30-Dec-2025","Ajeesh P V","Payment Success","587028"
"54","Kerala","Construction of roads, link roads, pathways or any other road with or without drainage system","WS/MP095/2024-2025/134582","THIRUVANANTHAPURAM(DISTRICT COLLECTOR THIRUVANANTHAPURAM_IDA)","Shri A. A. Rahim (2022-28) (2022-2028)","Elected MP","12-Dec-2024","B BINU","Payment Success","1624809"
"55","Kerala","Construction of buildings for crèches and anganwadies","WS/MP095/2024-2025/134586","THIRUVANANTHAPURAM(DISTRICT COLLECTOR THIRUVANANTHAPURAM_IDA)","Shri A. A. Rahim (2022-28) (2022-2028)","Elected MP","18-Nov-2025","JIJO PAUL J","Payment Success","566833"
"56","Kerala","Construction of buildings for crèches and anganwadies","WS/MP095/2024-2025/134586","THIRUVANANTHAPURAM(DISTRICT COLLECTOR THIRUVANANTHAPURAM_IDA)","Shri A. A. Rahim (2022-28) (2022-2028)","Elected MP","25-Feb-2026","JIJO PAUL J","Payment Success","660233"
"57","Kerala","Construction of buildings for crèches and anganwadies","WS/MP095/2024-2025/134586","THIRUVANANTHAPURAM(DISTRICT COLLECTOR THIRUVANANTHAPURAM_IDA)","Shri A. A. Rahim (2022-28) (2022-2028)","Elected MP","20-Jul-2026","SIVA KUMAR M L","Payment Success","42567"
"58","Kerala","Purchase of vans and buses for educational institutions","WS/MP095/2024-2025/134587","THIRUVANANTHAPURAM(DISTRICT COLLECTOR THIRUVANANTHAPURAM_IDA)","Shri A. A. Rahim (2022-28) (2022-2028)","Elected MP","19-Nov-2024","MAHINDRA AND MAHINDRA LIMITED","Payment Success","1817600"
"59","Kerala","Construction of roads, link roads, pathways or any other road with or without drainage system","WS/MP095/2025-2026/180094","THIRUVANANTHAPURAM(DISTRICT COLLECTOR THIRUVANANTHAPURAM_IDA)","Shri A. A. Rahim (2022-28) (2022-2028)","Elected MP","05-Aug-2025","A Suresh Kumar","Payment Success","212242"
"60","Kerala","Construction of roads, link roads, pathways or any other road with or without drainage system","WS/MP095/2025-2026/180095","THIRUVANANTHAPURAM(DISTRICT COLLECTOR THIRUVANANTHAPURAM_IDA)","Shri A. A. Rahim (2022-28) (2022-2028)","Elected MP","05-Aug-2025","A Suresh Kumar","Payment Success","236496"
"61","Kerala","Construction of roads, link roads, pathways or any other road with or without drainage system","WS/MP095/2025-2026/180096","THIRUVANANTHAPURAM(DISTRICT COLLECTOR THIRUVANANTHAPURAM_IDA)","Shri A. A. Rahim (2022-28) (2022-2028)","Elected MP","05-Aug-2025","A Suresh Kumar","Payment Success","418225"
"62","Kerala","Construction of roads, link roads, pathways or any other road with or without drainage system","WS/MP095/2025-2026/180097","THIRUVANANTHAPURAM(DISTRICT COLLECTOR THIRUVANANTHAPURAM_IDA)","Shri A. A. Rahim (2022-28) (2022-2028)","Elected MP","04-Aug-2025","A Suresh Kumar","Payment Success","119037"
"63","Kerala","Construction of roads, link roads, pathways or any other road with or without drainage system","WS/MP095/2025-2026/180173","THIRUVANANTHAPURAM(DISTRICT COLLECTOR THIRUVANANTHAPURAM_IDA)","Shri A. A. Rahim (2022-28) (2022-2028)","Elected MP","04-Mar-2026","BINU B","Payment Success","2339512"
"64","Kerala","Construction of rooms and halls in school and colleges","WS/MP095/2025-2026/180174","THIRUVANANTHAPURAM(DISTRICT COLLECTOR THIRUVANANTHAPURAM_IDA)","Shri A. A. Rahim (2022-28) (2022-2028)","Elected MP","30-Sep-2025","AZHICODE LABOUR CONTRACT CO OPERATIVE SOCIETY LTD NO T 1544","Payment Success","2159565"
"65","Kerala","Construction of rooms and halls in school and colleges","WS/MP095/2025-2026/180175","THIRUVANANTHAPURAM(DISTRICT COLLECTOR THIRUVANANTHAPURAM_IDA)","Shri A. A. Rahim (2022-28) (2022-2028)","Elected MP","04-Jul-2026","STEPHAN J","Payment Success","4311876"
"66","Kerala","Purchase of vans and buses for educational institutions","WS/MP095/2025-2026/180176","THIRUVANANTHAPURAM(DISTRICT COLLECTOR THIRUVANANTHAPURAM_IDA)","Shri A. A. Rahim (2022-28) (2022-2028)","Elected MP","14-Jul-2025","TATA MOTORS","Payment Success","1744320"
"67","Kerala","Construction of roads, link roads, pathways or any other road with or without drainage system","WS/MP095/2025-2026/180177","THIRUVANANTHAPURAM(DISTRICT COLLECTOR THIRUVANANTHAPURAM_IDA)","Shri A. A. Rahim (2022-28) (2022-2028)","Elected MP","14-May-2026","BINU B","Payment Success","1626438"
"68","Kerala","Construction of rooms and halls in school and colleges","WS/MP095/2025-2026/180253","THIRUVANANTHAPURAM(DISTRICT COLLECTOR THIRUVANANTHAPURAM_IDA)","Shri A. A. Rahim (2022-28) (2022-2028)","Elected MP","19-Aug-2025","Shaiju S","Payment Success","2241960"
"69","Kerala","Construction of rooms and halls in school and colleges","WS/MP095/2025-2026/180254","THIRUVANANTHAPURAM(DISTRICT COLLECTOR THIRUVANANTHAPURAM_IDA)","Shri A. A. Rahim (2022-28) (2022-2028)","Elected MP","03-Jul-2026","JAYAKUMAR D","Payment Success","3321053"
"70","Kerala","Construction of roads, link roads, pathways or any other road with or without drainage system","WS/MP095/2025-2026/222701","THIRUVANANTHAPURAM(DISTRICT COLLECTOR THIRUVANANTHAPURAM_IDA)","Shri A. A. Rahim (2022-28) (2022-2028)","Elected MP","16-Feb-2026","MAYFAIR J M","Payment Success","1279328"
"71","Kerala","Construction of roads, link roads, pathways or any other road with or without drainage system","WS/MP095/2025-2026/222702","THIRUVANANTHAPURAM(DISTRICT COLLECTOR THIRUVANANTHAPURAM_IDA)","Shri A. A. Rahim (2022-28) (2022-2028)","Elected MP","01-Aug-2025","MAYFAIR J M","Payment Success","1335850"
"72","Kerala","Construction of roads, link roads, pathways or any other road with or without drainage system","WS/MP095/2025-2026/243539","ERNAKULAM(DISTRICT COLLECTOR ERNAKULAM_IDA)","Shri A. A. Rahim (2022-28) (2022-2028)","Elected MP","10-Feb-2026","LENNY ANTONY","Payment Success","5446952"
"73","Kerala","Construction of roads, link roads, pathways or any other road with or without drainage system","WS/MP095/2025-2026/243540","ERNAKULAM(DISTRICT COLLECTOR ERNAKULAM_IDA)","Shri A. A. Rahim (2022-28) (2022-2028)","Elected MP","29-Oct-2025","Secretary Ernakulam Dist Labour Contract Co op Society","Payment Success","3525075"
"74","Kerala","Purchase of vans and buses for educational institutions","WS/MP095/2025-2026/257601","THIRUVANANTHAPURAM(DISTRICT COLLECTOR THIRUVANANTHAPURAM_IDA)","Shri A. A. Rahim (2022-28) (2022-2028)","Elected MP","15-Jul-2026","TATA MOTORS","Payment Success","1746080"
"75","Kerala","Purchase of vans and buses for educational institutions","WS/MP095/2025-2026/257602","THIRUVANANTHAPURAM(DISTRICT COLLECTOR THIRUVANANTHAPURAM_IDA)","Shri A. A. Rahim (2022-28) (2022-2028)","Elected MP","17-Jul-2026","TATA MOTORS","Payment Success","1761800"
"76","Kerala","Purchase of vans and buses for educational institutions","WS/MP095/2025-2026/257620","THIRUVANANTHAPURAM(DISTRICT COLLECTOR THIRUVANANTHAPURAM_IDA)","Shri A. A. Rahim (2022-28) (2022-2028)","Elected MP","18-Jul-2026","TATA MOTORS","Payment Success","1746080"
"77","Kerala","Purchase of vans and buses for educational institutions","WS/MP095/2025-2026/257622","THIRUVANANTHAPURAM(DISTRICT COLLECTOR THIRUVANANTHAPURAM_IDA)","Shri A. A. Rahim (2022-28) (2022-2028)","Elected MP","20-Jul-2026","TATA MOTORS","Payment Success","2666032"
"78","Kerala","Purchase of equipment for crèches and anganwadies","WS/MP095/2025-2026/257628","THIRUVANANTHAPURAM(DISTRICT COLLECTOR THIRUVANANTHAPURAM_IDA)","Shri A. A. Rahim (2022-28) (2022-2028)","Elected MP","01-Sep-2026","UNITED MARKETING SPORTS EMPORIUM","Payment In-Progress","311500"
"79","Kerala","Construction of public libraries and reading rooms","WS/MP095/2025-2026/257967","THIRUVANANTHAPURAM(DISTRICT COLLECTOR THIRUVANANTHAPURAM_IDA)","Shri A. A. Rahim (2022-28) (2022-2028)","Elected MP","13-Jan-2026","Rejikumaran Thampy G","Payment Success","1821116"
"80","Kerala","Lighting of public spaces","WS/MP095/2025-2026/261145","THIRUVANANTHAPURAM(DISTRICT COLLECTOR THIRUVANANTHAPURAM_IDA)","Shri A. A. Rahim (2022-28) (2022-2028)","Elected MP","22-Jul-2026","R G ELECTRONICS","Payment Success","235332"
"81","Kerala","Construction of rooms and halls in school and colleges","WS/MP095/2026-2027/295772","THIRUVANANTHAPURAM(DISTRICT COLLECTOR THIRUVANANTHAPURAM_IDA)","Shri A. A. Rahim (2022-28) (2022-2028)","Elected MP","22-Jul-2026","MANUMOH","Payment Success","98122"
"82","Kerala","Setting up of kitchen and pantries","WS/MP095/2026-2027/299278","THIRUVANANTHAPURAM(DISTRICT COLLECTOR THIRUVANANTHAPURAM_IDA)","Shri A. A. Rahim (2022-28) (2022-2028)","Elected MP","01-Aug-2026","District Nirmithi Kendra","Payment Success","513041"
"83","Kerala","Construction of roads, link roads, pathways or any other road with or without drainage system","WS/MP096/2024-2025/117361","IDUKKI(DISTRICT COLLECTOR IDUKKI_IDA)","Shri Abdul Wahab (2021-27) (2021-2027)","Elected MP","07-Dec-2024","Biju Peter","Payment Success","464853"
"84","Kerala","Construction of roads, link roads, pathways or any other road with or without drainage system","WS/MP096/2024-2025/132372","MALAPPURAM(DISTRICT COLLECTOR MALAPPURAM_IDA)","Shri Abdul Wahab (2021-27) (2021-2027)","Elected MP","12-Jul-2024","SAMEER HYDER","Payment Success","367434"
"85","Kerala","Construction of roads, link roads, pathways or any other road with or without drainage system","WS/MP096/2024-2025/132532","MALAPPURAM(DISTRICT COLLECTOR MALAPPURAM_IDA)","Shri Abdul Wahab (2021-27) (2021-2027)","Elected MP","11-Sep-2024","FAZALUL HAQUE K","Payment Success","228870"
"86","Kerala","Construction of roads, link roads, pathways or any other road with or without drainage system","WS/MP096/2024-2025/132533","MALAPPURAM(DISTRICT COLLECTOR MALAPPURAM_IDA)","Shri Abdul Wahab (2021-27) (2021-2027)","Elected MP","15-Jul-2024","Muhammed Nasim K","Payment Success","356297"
"87","Kerala","Construction of roads, link roads, pathways or any other road with or without drainage system","WS/MP096/2024-2025/132534","MALAPPURAM(DISTRICT COLLECTOR MALAPPURAM_IDA)","Shri Abdul Wahab (2021-27) (2021-2027)","Elected MP","15-Jul-2024","Muhammed Nasim K","Payment Success","127296"
"88","Kerala","Construction of roads, link roads, pathways or any other road with or without drainage system","WS/MP096/2024-2025/132535","MALAPPURAM(DISTRICT COLLECTOR MALAPPURAM_IDA)","Shri Abdul Wahab (2021-27) (2021-2027)","Elected MP","19-Jun-2024","SHANAVAS EV","Payment Success","971608"
"89","Kerala","Lighting of public spaces","WS/MP096/2024-2025/132536","THRISSUR(DISTRICT COLLECTOR THRISSUR_IDA)","Shri Abdul Wahab (2021-27) (2021-2027)","Elected MP","07-Oct-2024","Kerala Electrical And Allied Engineering Company","Payment Success","492987"
"90","Kerala","Lighting of public spaces","WS/MP096/2024-2025/132537","THRISSUR(DISTRICT COLLECTOR THRISSUR_IDA)","Shri Abdul Wahab (2021-27) (2021-2027)","Elected MP","08-Oct-2024","Kerala Electrical And Allied Engineering Company","Payment Success","492987"
"91","Kerala","Construction of roads, link roads, pathways or any other road with or without drainage system","WS/MP096/2024-2025/132555","MALAPPURAM(DISTRICT COLLECTOR MALAPPURAM_IDA)","Shri Abdul Wahab (2021-27) (2021-2027)","Elected MP","06-Jul-2024","MOHAMED SANOOJ T K","Payment Success","396289"
"92","Kerala","Purchase of books for public libraries/ digitization of library books","WS/MP096/2024-2025/132556","THRISSUR(DISTRICT COLLECTOR THRISSUR_IDA)","Shri Abdul Wahab (2021-27) (2021-2027)","Elected MP","08-Oct-2024","DC BOOKSHOP","Payment Success","50000"
"93","Kerala","Construction of roads, link roads, pathways or any other road with or without drainage system","WS/MP096/2024-2025/132558","KOZHIKODE(DISTRICT COLLECTOR KOZHIKODE_IDA)","Shri Abdul Wahab (2021-27) (2021-2027)","Elected MP","23-Feb-2025","RAVATTAMANGALAM LCCS","Payment Success","481516"
"94","Kerala","Construction of roads, link roads, pathways or any other road with or without drainage system","WS/MP096/2024-2025/132559","MALAPPURAM(DISTRICT COLLECTOR MALAPPURAM_IDA)","Shri Abdul Wahab (2021-27) (2021-2027)","Elected MP","26-May-2025","ABDULRAZACK T K","Payment Success","431178"
"95","Kerala","Lighting of public spaces","WS/MP096/2024-2025/132560","KOZHIKODE(DISTRICT COLLECTOR KOZHIKODE_IDA)","Shri Abdul Wahab (2021-27) (2021-2027)","Elected MP","24-Jul-2024","Kerala Electrical And Allied Engineering Company","Payment Success","136886"
"96","Kerala","Lighting of public spaces","WS/MP096/2024-2025/132561","KOZHIKODE(DISTRICT COLLECTOR KOZHIKODE_IDA)","Shri Abdul Wahab (2021-27) (2021-2027)","Elected MP","22-Aug-2024","Kerala Electrical And Allied Engineering Company","Payment Success","136886"
"97","Kerala","Construction of rooms and halls in school and colleges","WS/MP096/2024-2025/132958","THIRUVANANTHAPURAM(DISTRICT COLLECTOR THIRUVANANTHAPURAM_IDA)","Shri Abdul Wahab (2021-27) (2021-2027)","Elected MP","05-Sep-2024","REBIN JACOB","Payment Success","1499700"
"98","Kerala","Construction of roads, link roads, pathways or any other road with or without drainage system","WS/MP096/2024-2025/132959","PALAKKAD(DISTRICT COLLECTOR PALAKKAD_IDA)","Shri Abdul Wahab (2021-27) (2021-2027)","Elected MP","02-May-2025","Rajesh P","Payment Success","238484"
"99","Kerala","Construction of roads, link roads, pathways or any other road with or without drainage system","WS/MP096/2024-2025/132960","PALAKKAD(DISTRICT COLLECTOR PALAKKAD_IDA)","Shri Abdul Wahab (2021-27) (2021-2027)","Elected MP","24-Apr-2025","E K Abdulsalam","Payment Success","252753"
"100","Kerala","Construction of roads, link roads, pathways or any other road with or without drainage system","WS/MP096/2024-2025/132960","PALAKKAD(DISTRICT COLLECTOR PALAKKAD_IDA)","Shri Abdul Wahab (2021-27) (2021-2027)","Elected MP","16-Jun-2025","E K Abdulsalam","Payment Success","154583"
"101","Kerala","Construction of roads, link roads, pathways or any other road with or without drainage system","WS/MP096/2024-2025/132961","PALAKKAD(DISTRICT COLLECTOR PALAKKAD_IDA)","Shri Abdul Wahab (2021-27) (2021-2027)","Elected MP","04-Nov-2024","RINIL BABU","Payment Success","422950"
"102","Kerala","Construction of roads, link roads, pathways or any other road with or without drainage system","WS/MP096/2024-2025/133403","KOTTAYAM(DISTRICT COLLECTOR KOTTAYAM_IDA)","Shri Abdul Wahab (2021-27) (2021-2027)","Elected MP","14-Aug-2025","JOHNSON JOSE","Payment Success","446326"
"103","Kerala","Construction of roads, link roads, pathways or any other road with or without drainage system","WS/MP096/2024-2025/133405","KOTTAYAM(DISTRICT COLLECTOR KOTTAYAM_IDA)","Shri Abdul Wahab (2021-27) (2021-2027)","Elected MP","08-Oct-2024","Anilkumar V G","Payment Success","684603"
"104","Kerala","Construction of roads, link roads, pathways or any other road with or without drainage system","WS/MP096/2024-2025/133407","KOTTAYAM(DISTRICT COLLECTOR KOTTAYAM_IDA)","Shri Abdul Wahab (2021-27) (2021-2027)","Elected MP","14-Jan-2026","JIJO MATHEW","Payment Success","986777"
"105","Kerala","Construction of roads, link roads, pathways or any other road with or without drainage system","WS/MP096/2024-2025/133668","MALAPPURAM(DISTRICT COLLECTOR MALAPPURAM_IDA)","Shri Abdul Wahab (2021-27) (2021-2027)","Elected MP","18-Sep-2024","SABEER P","Payment Success","487095"
"106","Kerala","Construction of roads, link roads, pathways or any other road with or without drainage system","WS/MP096/2024-2025/137096","MALAPPURAM(DISTRICT COLLECTOR MALAPPURAM_IDA)","Shri Abdul Wahab (2021-27) (2021-2027)","Elected MP","28-Sep-2024","SHIHABUDHEEN P","Payment Success","181904"
"107","Kerala","Construction of roads, link roads, pathways or any other road with or without drainage system","WS/MP096/2024-2025/137097","KOTTAYAM(DISTRICT COLLECTOR KOTTAYAM_IDA)","Shri Abdul Wahab (2021-27) (2021-2027)","Elected MP","02-Feb-2026","JIJO MATHEW","Payment Success","708944"
"108","Kerala","Construction of roads, link roads, pathways or any other road with or without drainage system","WS/MP096/2024-2025/137098","MALAPPURAM(DISTRICT COLLECTOR MALAPPURAM_IDA)","Shri Abdul Wahab (2021-27) (2021-2027)","Elected MP","06-Sep-2024","ABDUL NAZEER V P","Payment Success","379009"
"109","Kerala","Purchase of IT systems, including hardware and software for educational purposes","WS/MP096/2024-2025/137099","MALAPPURAM(DISTRICT COLLECTOR MALAPPURAM_IDA)","Shri Abdul Wahab (2021-27) (2021-2027)","Elected MP","19-Sep-2024","REBIN JACOB","Payment Success","500000"
"110","Kerala","Construction of roads, link roads, pathways or any other road with or without drainage system","WS/MP096/2024-2025/137100","MALAPPURAM(DISTRICT COLLECTOR MALAPPURAM_IDA)","Shri Abdul Wahab (2021-27) (2021-2027)","Elected MP","07-Sep-2024","Muhammed Shafi N","Payment Success","335536"
"111","Kerala","Construction of roads, link roads, pathways or any other road with or without drainage system","WS/MP096/2024-2025/137101","MALAPPURAM(DISTRICT COLLECTOR MALAPPURAM_IDA)","Shri Abdul Wahab (2021-27) (2021-2027)","Elected MP","23-Sep-2024","Muhammed Shafi N","Payment Success","267873"
"112","Kerala","Purchase of vans and buses for educational institutions","WS/MP096/2024-2025/137102","MALAPPURAM(DISTRICT COLLECTOR MALAPPURAM_IDA)","Shri Abdul Wahab (2021-27) (2021-2027)","Elected MP","15-Nov-2024","SML ISUZU LTD","Payment Success","1800000"
"113","Kerala","Purchase of vans and buses for educational institutions","WS/MP096/2024-2025/137102","MALAPPURAM(DISTRICT COLLECTOR MALAPPURAM_IDA)","Shri Abdul Wahab (2021-27) (2021-2027)","Elected MP","24-Sep-2024","Silver Motors","Payment Success","73200"
"114","Kerala","Purchase of furniture and fixtures for educational purposes","WS/MP096/2024-2025/137103","MALAPPURAM(DISTRICT COLLECTOR MALAPPURAM_IDA)","Shri Abdul Wahab (2021-27) (2021-2027)","Elected MP","14-Feb-2025","Manager","Payment Success","48931"
"115","Kerala","Construction of roads, link roads, pathways or any other road with or without drainage system","WS/MP096/2024-2025/137104","MALAPPURAM(DISTRICT COLLECTOR MALAPPURAM_IDA)","Shri Abdul Wahab (2021-27) (2021-2027)","Elected MP","05-Apr-2025","Mohammedali P K","Payment Success","310263"
"116","Kerala","Construction of roads, link roads, pathways or any other road with or without drainage system","WS/MP096/2024-2025/145338","MALAPPURAM(DISTRICT COLLECTOR MALAPPURAM_IDA)","Shri Abdul Wahab (2021-27) (2021-2027)","Elected MP","23-Jan-2025","SCALA INFRASTRUCTURE","Payment Success","407534"
"117","Kerala","Construction of roads, link roads, pathways or any other road with or without drainage system","WS/MP096/2024-2025/145343","MALAPPURAM(DISTRICT COLLECTOR MALAPPURAM_IDA)","Shri Abdul Wahab (2021-27) (2021-2027)","Elected MP","24-Sep-2025","Latheef M","Payment Success","408921"
"118","Kerala","Purchase of vans and buses for educational institutions","WS/MP096/2024-2025/145345","MALAPPURAM(DISTRICT COLLECTOR MALAPPURAM_IDA)","Shri Abdul Wahab (2021-27) (2021-2027)","Elected MP","15-Jan-2025","Mahindra  Ltd","Payment Success","916838"
"119","Kerala","Construction of roads, link roads, pathways or any other road with or without drainage system","WS/MP096/2024-2025/145346","MALAPPURAM(DISTRICT COLLECTOR MALAPPURAM_IDA)","Shri Abdul Wahab (2021-27) (2021-2027)","Elected MP","12-May-2025","KUTTI RAYIN KUDUKKAN","Payment Success","248336"
"120","Kerala","Construction of additional rooms and halls in the existing public and community building","WS/MP096/2025-2026/145348","MALAPPURAM(DISTRICT COLLECTOR MALAPPURAM_IDA)","Shri Abdul Wahab (2021-27) (2021-2027)","Elected MP","05-May-2026","SAAD BIN BASHEER","Payment Success","1914403"
"121","Kerala","Construction of additional rooms and halls in the existing public and community building","WS/MP096/2025-2026/145348","MALAPPURAM(DISTRICT COLLECTOR MALAPPURAM_IDA)","Shri Abdul Wahab (2021-27) (2021-2027)","Elected MP","16-Jul-2026","REJEESH M","Payment Success","403079"
"122","Kerala","Construction of roads, link roads, pathways or any other road with or without drainage system","WS/MP096/2024-2025/145349","MALAPPURAM(DISTRICT COLLECTOR MALAPPURAM_IDA)","Shri Abdul Wahab (2021-27) (2021-2027)","Elected MP","07-Dec-2024","Niyas E","Payment Success","412752"
"123","Kerala","Purchase of IT systems, including hardware and software for educational purposes","WS/MP096/2024-2025/145350","MALAPPURAM(DISTRICT COLLECTOR MALAPPURAM_IDA)","Shri Abdul Wahab (2021-27) (2021-2027)","Elected MP","04-Dec-2024","ADVANCE INFOSOLUTIONS PVT LTD","Payment Success","303990"
"124","Kerala","Purchase of IT systems, including hardware and software for educational purposes","WS/MP096/2024-2025/145350","MALAPPURAM(DISTRICT COLLECTOR MALAPPURAM_IDA)","Shri Abdul Wahab (2021-27) (2021-2027)","Elected MP","04-Dec-2024","CBS Corporate Business Solution Private Limited","Payment Success","29995"
"125","Kerala","Construction of roads, link roads, pathways or any other road with or without drainage system","WS/MP096/2024-2025/145351","MALAPPURAM(DISTRICT COLLECTOR MALAPPURAM_IDA)","Shri Abdul Wahab (2021-27) (2021-2027)","Elected MP","04-Aug-2025","MOHAMAD A","Payment Success","472899"
"126","Kerala","Construction of roads, link roads, pathways or any other road with or without drainage system","WS/MP096/2024-2025/145352","MALAPPURAM(DISTRICT COLLECTOR MALAPPURAM_IDA)","Shri Abdul Wahab (2021-27) (2021-2027)","Elected MP","03-Apr-2025","SHAUKKATHALI","Payment Success","482509"
"127","Kerala","Construction of roads, link roads, pathways or any other road with or without drainage system","WS/MP096/2024-2025/145353","MALAPPURAM(DISTRICT COLLECTOR MALAPPURAM_IDA)","Shri Abdul Wahab (2021-27) (2021-2027)","Elected MP","29-Mar-2025","Bilshad","Payment Success","491654"
"128","Kerala","Construction of roads, link roads, pathways or any other road with or without drainage system","WS/MP096/2024-2025/145592","MALAPPURAM(DISTRICT COLLECTOR MALAPPURAM_IDA)","Shri Abdul Wahab (2021-27) (2021-2027)","Elected MP","18-Dec-2025","Shahul Hameed","Payment Success","445816"
"129","Kerala","Construction of roads, link roads, pathways or any other road with or without drainage system","WS/MP096/2024-2025/145593","MALAPPURAM(DISTRICT COLLECTOR MALAPPURAM_IDA)","Shri Abdul Wahab (2021-27) (2021-2027)","Elected MP","20-Jan-2025","KUNCHI MOIDU K K","Payment Success","275899"
"130","Kerala","Construction of roads, link roads, pathways or any other road with or without drainage system","WS/MP096/2024-2025/145594","MALAPPURAM(DISTRICT COLLECTOR MALAPPURAM_IDA)","Shri Abdul Wahab (2021-27) (2021-2027)","Elected MP","11-Mar-2025","HANEEFA K V","Payment Success","398750"
"131","Kerala","Purchase of furniture and fixtures for educational purposes","WS/MP096/2024-2025/145595","MALAPPURAM(DISTRICT COLLECTOR MALAPPURAM_IDA)","Shri Abdul Wahab (2021-27) (2021-2027)","Elected MP","21-Mar-2026","Sidhikul Akbar Pathari","Payment Success","112580"
"132","Kerala","Construction of roads, link roads, pathways or any other road with or without drainage system","WS/MP096/2024-2025/145596","MALAPPURAM(DISTRICT COLLECTOR MALAPPURAM_IDA)","Shri Abdul Wahab (2021-27) (2021-2027)","Elected MP","28-Jan-2025","KOYAKUTTY P","Payment Success","381886"
"133","Kerala","Construction of roads, link roads, pathways or any other road with or without drainage system","WS/MP096/2024-2025/145597","MALAPPURAM(DISTRICT COLLECTOR MALAPPURAM_IDA)","Shri Abdul Wahab (2021-27) (2021-2027)","Elected MP","15-May-2025","JABIR JASEEM P","Payment Success","281103"
"134","Kerala","Construction of roads, link roads, pathways or any other road with or without drainage system","WS/MP096/2025-2026/145598","MALAPPURAM(DISTRICT COLLECTOR MALAPPURAM_IDA)","Shri Abdul Wahab (2021-27) (2021-2027)","Elected MP","26-Apr-2025","MOHAMMED SHAMEER","Payment Success","430334"
"135","Kerala","Construction of roads, link roads, pathways or any other road with or without drainage system","WS/MP096/2024-2025/145600","MALAPPURAM(DISTRICT COLLECTOR MALAPPURAM_IDA)","Shri Abdul Wahab (2021-27) (2021-2027)","Elected MP","05-Mar-2026","RAHINA MADASSERY","Payment Success","366609"
"136","Kerala","Construction of roads, link roads, pathways or any other road with or without drainage system","WS/MP096/2025-2026/145601","MALAPPURAM(DISTRICT COLLECTOR MALAPPURAM_IDA)","Shri Abdul Wahab (2021-27) (2021-2027)","Elected MP","05-Nov-2025","M C ABDULNASAR","Payment Success","291576"
"137","Kerala","Construction of roads, link roads, pathways or any other road with or without drainage system","WS/MP096/2024-2025/145602","KASARAGOD(DISTRICT COLLECTOR KASARAGOD_IDA)","Shri Abdul Wahab (2021-27) (2021-2027)","Elected MP","29-Apr-2025","BABU M JOSEPH","Payment Success","574993"
"138","Kerala","Construction of roads, link roads, pathways or any other road with or without drainage system","WS/MP096/2024-2025/145604","KASARAGOD(DISTRICT COLLECTOR KASARAGOD_IDA)","Shri Abdul Wahab (2021-27) (2021-2027)","Elected MP","14-Feb-2025","M M AHAMMED","Payment Success","777468"
"139","Kerala","Construction of Government office buildings (Post office, Police station, Police chauki, etc.)","WS/MP096/2025-2026/145605","MALAPPURAM(DISTRICT COLLECTOR MALAPPURAM_IDA)","Shri Abdul Wahab (2021-27) (2021-2027)","Elected MP","14-May-2025","Sakkeer K","Payment Success","286028"
"140","Kerala","Construction of roads, link roads, pathways or any other road with or without drainage system","WS/MP096/2024-2025/145608","MALAPPURAM(DISTRICT COLLECTOR MALAPPURAM_IDA)","Shri Abdul Wahab (2021-27) (2021-2027)","Elected MP","07-Mar-2026","IQUBAL T K","Payment Success","1799264"
"141","Kerala","Construction of roads, link roads, pathways or any other road with or without drainage system","WS/MP096/2025-2026/145609","MALAPPURAM(DISTRICT COLLECTOR MALAPPURAM_IDA)","Shri Abdul Wahab (2021-27) (2021-2027)","Elected MP","07-Nov-2025","IQUBAL T K","Payment Success","759612"
"142","Kerala","Construction of roads, link roads, pathways or any other road with or without drainage system","WS/MP096/2025-2026/145611","MALAPPURAM(DISTRICT COLLECTOR MALAPPURAM_IDA)","Shri Abdul Wahab (2021-27) (2021-2027)","Elected MP","15-Jul-2025","TROWEL CONSTRUCTIONS PRIVATE LIMITED","Payment Success","2731500"
"143","Kerala","Construction of roads, link roads, pathways or any other road with or without drainage system","WS/MP096/2025-2026/145611","MALAPPURAM(DISTRICT COLLECTOR MALAPPURAM_IDA)","Shri Abdul Wahab (2021-27) (2021-2027)","Elected MP","18-Oct-2025","TROWEL CONSTRUCTIONS PRIVATE LIMITED","Payment Success","1155980"
"144","Kerala","Construction of roads, link roads, pathways or any other road with or without drainage system","WS/MP096/2025-2026/145611","MALAPPURAM(DISTRICT COLLECTOR MALAPPURAM_IDA)","Shri Abdul Wahab (2021-27) (2021-2027)","Elected MP","04-Aug-2026","Secretary  Nilambur Municipality","Payment Success","59123"
"145","Kerala","Purchase of furniture and fixtures for educational purposes","WS/MP096/2026-2027/145613","MALAPPURAM(DISTRICT COLLECTOR MALAPPURAM_IDA)","Shri Abdul Wahab (2021-27) (2021-2027)","Elected MP","24-Aug-2026","Manager","Payment In-Progress","48212"
"146","Kerala","Purchase of furniture and fixtures for educational purposes","WS/MP096/2025-2026/145615","MALAPPURAM(DISTRICT COLLECTOR MALAPPURAM_IDA)","Shri Abdul Wahab (2021-27) (2021-2027)","Elected MP","24-May-2025","Edutex Enterprises","Payment Success","30000"
"147","Kerala","Lighting of public spaces","WS/MP096/2024-2025/149252","KOZHIKODE(DISTRICT COLLECTOR KOZHIKODE_IDA)","Shri Abdul Wahab (2021-27) (2021-2027)","Elected MP","19-Mar-2026","DEPUTY MANAGER KELTRON","Payment Success","476000"
"148","Kerala","Purchase of IT systems, including hardware and software for educational purposes","WS/MP096/2024-2025/149762","MALAPPURAM(DISTRICT COLLECTOR MALAPPURAM_IDA)","Shri Abdul Wahab (2021-27) (2021-2027)","Elected MP","28-Nov-2024","AJEESH AVUNHIPURAM","Payment Success","300000"
"149","Kerala","Lighting of public spaces","WS/MP096/2025-2026/156041","MALAPPURAM(DISTRICT COLLECTOR MALAPPURAM_IDA)","Shri Abdul Wahab (2021-27) (2021-2027)","Elected MP","17-Aug-2026","DEPUTY MANAGER KELTRON","Payment Success","565870"
"150","Kerala","Construction of roads, link roads, pathways or any other road with or without drainage system","WS/MP096/2025-2026/156139","MALAPPURAM(DISTRICT COLLECTOR MALAPPURAM_IDA)","Shri Abdul Wahab (2021-27) (2021-2027)","Elected MP","26-Feb-2026","Niyas Perapurath Keezhuveettil","Payment Success","368228"
"151","Kerala","Purchase of IT systems, including hardware and software for educational purposes","WS/MP096/2025-2026/156314","MALAPPURAM(DISTRICT COLLECTOR MALAPPURAM_IDA)","Shri Abdul Wahab (2021-27) (2021-2027)","Elected MP","03-Jul-2025","KELTRON","Payment Success","528105"
"152","Kerala","Purchase of IT systems, including hardware and software for educational purposes","WS/MP096/2025-2026/156316","MALAPPURAM(DISTRICT COLLECTOR MALAPPURAM_IDA)","Shri Abdul Wahab (2021-27) (2021-2027)","Elected MP","03-Jul-2025","KELTRON","Payment Success","350000"
"153","Kerala","Purchase of IT systems, including hardware and software for educational purposes","WS/MP096/2025-2026/156429","MALAPPURAM(DISTRICT COLLECTOR MALAPPURAM_IDA)","Shri Abdul Wahab (2021-27) (2021-2027)","Elected MP","13-Aug-2025","KELTRON","Payment Success","200000"
"154","Kerala","Construction of roads, link roads, pathways or any other road with or without drainage system","WS/MP096/2025-2026/157060","KANNUR(DISTRICT COLLECTOR KANNUR_IDA)","Shri Abdul Wahab (2021-27) (2021-2027)","Elected MP","17-Oct-2025","BENNY M JOSEPH","Payment Success","988238"
"155","Kerala","Construction of roads, link roads, pathways or any other road with or without drainage system","WS/MP096/2025-2026/157377","KANNUR(DISTRICT COLLECTOR KANNUR_IDA)","Shri Abdul Wahab (2021-27) (2021-2027)","Elected MP","06-Oct-2025","MOHANAN P","Payment Success","887708"
"156","Kerala","Purchase of vans and buses for educational institutions","WS/MP096/2024-2025/162921","KOTTAYAM(DISTRICT COLLECTOR KOTTAYAM_IDA)","Shri Abdul Wahab (2021-27) (2021-2027)","Elected MP","27-Mar-2025","VE Commercial Vehicles Ltd","Payment Success","1858400"
"157","Kerala","Purchase of vans and buses for educational institutions","WS/MP096/2024-2025/162921","KOTTAYAM(DISTRICT COLLECTOR KOTTAYAM_IDA)","Shri Abdul Wahab (2021-27) (2021-2027)","Elected MP","24-May-2025","AVG VEHICLE SALES  SERVICE PVT LTD","Payment Success","103000"
"158","Kerala","Purchase of vans and buses for educational institutions","WS/MP096/2024-2025/162921","KOTTAYAM(DISTRICT COLLECTOR KOTTAYAM_IDA)","Shri Abdul Wahab (2021-27) (2021-2027)","Elected MP","24-May-2025","VE Commercial Vehicles Ltd","Payment Success","464600"
"159","Kerala","Purchase of IT systems, including hardware and software for educational purposes","WS/MP096/2024-2025/164035","KOZHIKODE(DISTRICT COLLECTOR KOZHIKODE_IDA)","Shri Abdul Wahab (2021-27) (2021-2027)","Elected MP","16-Jan-2025","Radha Electronics Private Limited","Payment Success","21340"
"160","Kerala","Purchase of IT systems, including hardware and software for educational purposes","WS/MP096/2024-2025/164035","KOZHIKODE(DISTRICT COLLECTOR KOZHIKODE_IDA)","Shri Abdul Wahab (2021-27) (2021-2027)","Elected MP","16-Jan-2025","Amster Business Corporation","Payment Success","724656"
"161","Kerala","Purchase of IT systems, including hardware and software for educational purposes","WS/MP096/2024-2025/164035","KOZHIKODE(DISTRICT COLLECTOR KOZHIKODE_IDA)","Shri Abdul Wahab (2021-27) (2021-2027)","Elected MP","16-Jan-2025","Amster Business Corporation","Payment Success","23980"
"162","Kerala","Purchase of IT systems, including hardware and software for educational purposes","WS/MP096/2024-2025/164035","KOZHIKODE(DISTRICT COLLECTOR KOZHIKODE_IDA)","Shri Abdul Wahab (2021-27) (2021-2027)","Elected MP","16-Jan-2025","Hykon India Limited","Payment Success","109970"
"163","Kerala","Purchase of IT systems, including hardware and software for educational purposes","WS/MP096/2024-2025/164035","KOZHIKODE(DISTRICT COLLECTOR KOZHIKODE_IDA)","Shri Abdul Wahab (2021-27) (2021-2027)","Elected MP","16-Jan-2025","Amster Business Corporation","Payment Success","41988"
"164","Kerala","Purchase of IT systems, including hardware and software for educational purposes","WS/MP096/2024-2025/164035","KOZHIKODE(DISTRICT COLLECTOR KOZHIKODE_IDA)","Shri Abdul Wahab (2021-27) (2021-2027)","Elected MP","16-Jan-2025","SJ Associates","Payment Success","49000"
"165","Kerala","Purchase of vans and buses for educational institutions","WS/MP096/2024-2025/164712","MALAPPURAM(DISTRICT COLLECTOR MALAPPURAM_IDA)","Shri Abdul Wahab (2021-27) (2021-2027)","Elected MP","14-Jan-2025","MAHINDRA AND MAHINDRA LIMITED","Payment Success","2147600"
"166","Kerala","Purchase of vans and buses for educational institutions","WS/MP096/2024-2025/164712","MALAPPURAM(DISTRICT COLLECTOR MALAPPURAM_IDA)","Shri Abdul Wahab (2021-27) (2021-2027)","Elected MP","20-Jan-2025","PRINCIPAL OF JNR GIRLS HIGHER SECONDARY SCHOOL","Payment Success","52400"
"167","Kerala","Construction of roads, link roads, pathways or any other road with or without drainage system","WS/MP096/2025-2026/166597","KANNUR(DISTRICT COLLECTOR KANNUR_IDA)","Shri Abdul Wahab (2021-27) (2021-2027)","Elected MP","10-Feb-2026","SURENDRA BABU C","Payment Success","871332"
"168","Kerala","Purchase of vans and buses for educational institutions","WS/MP096/2025-2026/167551","KOZHIKODE(DISTRICT COLLECTOR KOZHIKODE_IDA)","Shri Abdul Wahab (2021-27) (2021-2027)","Elected MP","19-Sep-2025","SML ISUZU LTD","Payment Success","1923728"
"169","Kerala","Purchase of vans and buses for educational institutions","WS/MP096/2025-2026/167551","KOZHIKODE(DISTRICT COLLECTOR KOZHIKODE_IDA)","Shri Abdul Wahab (2021-27) (2021-2027)","Elected MP","19-Sep-2025","HEADMASTER CALICUT ORPHANAGE ALPS","Payment Success","69070"
"170","Kerala","Lighting of public spaces","WS/MP096/2024-2025/174069","KOLLAM(DISTRICT COLLECTOR KOLLAM_IDA)","Shri Abdul Wahab (2021-27) (2021-2027)","Elected MP","16-Jul-2026","OVONIC ENERGY ENGINEERING PVT LTD","Payment Success","169597"
"171","Kerala","Lighting of public spaces","WS/MP096/2024-2025/174070","KOLLAM(DISTRICT COLLECTOR KOLLAM_IDA)","Shri Abdul Wahab (2021-27) (2021-2027)","Elected MP","16-Jul-2026","OVONIC ENERGY ENGINEERING PVT LTD","Payment Success","169597"
"172","Kerala","Lighting of public spaces","WS/MP096/2024-2025/174073","KOLLAM(DISTRICT COLLECTOR KOLLAM_IDA)","Shri Abdul Wahab (2021-27) (2021-2027)","Elected MP","12-May-2026","Kerala ELectrical and Allied Engineering","Payment Success","225314"
"173","Kerala","Purchase of IT systems, including hardware and software for educational purposes","WS/MP096/2025-2026/174811","MALAPPURAM(DISTRICT COLLECTOR MALAPPURAM_IDA)","Shri Abdul Wahab (2021-27) (2021-2027)","Elected MP","03-Jul-2025","KELTRON","Payment Success","348402"
"174","Kerala","Lighting of public spaces","WS/MP096/2024-2025/174870","KOLLAM(DISTRICT COLLECTOR KOLLAM_IDA)","Shri Abdul Wahab (2021-27) (2021-2027)","Elected MP","20-May-2026","Kerala ELectrical and Allied Engineering","Payment Success","285925"
"175","Kerala","Purchase of vans and buses for educational institutions","WS/MP096/2025-2026/175036","WAYANAD(DISTRICT COLLECTOR WAYANAD_IDA)","Shri Abdul Wahab (2021-27) (2021-2027)","Elected MP","16-Aug-2025","SML ISUZU LTD","Payment Success","2000000"
"176","Kerala","Construction of roads, link roads, pathways or any other road with or without drainage system","WS/MP096/2025-2026/177173","PALAKKAD(DISTRICT COLLECTOR PALAKKAD_IDA)","Shri Abdul Wahab (2021-27) (2021-2027)","Elected MP","29-Jan-2026","MUNEER","Payment Success","701265"
"177","Kerala","Construction of roads, link roads, pathways or any other road with or without drainage system","WS/MP096/2026-2027/177181","PALAKKAD(DISTRICT COLLECTOR PALAKKAD_IDA)","Shri Abdul Wahab (2021-27) (2021-2027)","Elected MP","18-May-2026","BASHEER N","Payment Success","647657"
"178","Kerala","Construction of roads, link roads, pathways or any other road with or without drainage system","WS/MP096/2025-2026/177183","PALAKKAD(DISTRICT COLLECTOR PALAKKAD_IDA)","Shri Abdul Wahab (2021-27) (2021-2027)","Elected MP","03-Jul-2026","P NOUSHAD","Payment Success","795855"
"179","Kerala","Construction of roads, link roads, pathways or any other road with or without drainage system","WS/MP096/2025-2026/177184","PALAKKAD(DISTRICT COLLECTOR PALAKKAD_IDA)","Shri Abdul Wahab (2021-27) (2021-2027)","Elected MP","30-Jun-2026","MUHAMMED SHAFI P A","Payment Success","592859"
"180","Kerala","Construction of roads, link roads, pathways or any other road with or without drainage system","WS/MP096/2025-2026/177188","MALAPPURAM(DISTRICT COLLECTOR MALAPPURAM_IDA)","Shri Abdul Wahab (2021-27) (2021-2027)","Elected MP","02-Jul-2026","Binu M George","Payment Success","766850"
"181","Kerala","Construction of roads, link roads, pathways or any other road with or without drainage system","WS/MP096/2025-2026/177198","MALAPPURAM(DISTRICT COLLECTOR MALAPPURAM_IDA)","Shri Abdul Wahab (2021-27) (2021-2027)","Elected MP","01-Aug-2026","ABDUL LATHEEF K","Payment Success","391909"
"182","Kerala","Setting up public non-conventional energy plants","WS/MP096/2025-2026/180743","MALAPPURAM(DISTRICT COLLECTOR MALAPPURAM_IDA)","Shri Abdul Wahab (2021-27) (2021-2027)","Elected MP","31-Jul-2025","District Engineer ANERT Malappuram","Payment Success","948100"
"183","Kerala","Construction of roads, link roads, pathways or any other road with or without drainage system","WS/MP096/2025-2026/180744","KANNUR(DISTRICT COLLECTOR KANNUR_IDA)","Shri Abdul Wahab (2021-27) (2021-2027)","Elected MP","18-Apr-2026","KERALA GRAMIN BANK","Payment Success","1346756"
"184","Kerala","Construction of roads, link roads, pathways or any other road with or without drainage system","WS/MP096/2025-2026/180770","MALAPPURAM(DISTRICT COLLECTOR MALAPPURAM_IDA)","Shri Abdul Wahab (2021-27) (2021-2027)","Elected MP","28-Apr-2026","KOYAKUTTY P","Payment Success","198611"
"185","Kerala","Construction of roads, link roads, pathways or any other road with or without drainage system","WS/MP096/2025-2026/180776","IDUKKI(DISTRICT COLLECTOR IDUKKI_IDA)","Shri Abdul Wahab (2021-27) (2021-2027)","Elected MP","10-Jul-2026","Jaleel Jabbar","Payment Success","184579"
"186","Kerala","Lighting of public spaces","WS/MP096/2025-2026/180871","KASARAGOD(DISTRICT COLLECTOR KASARAGOD_IDA)","Shri Abdul Wahab (2021-27) (2021-2027)","Elected MP","03-Mar-2026","M S Communication","Payment Success","191352"
"187","Kerala","Construction of roads, link roads, pathways or any other road with or without drainage system","WS/MP096/2025-2026/181145","MALAPPURAM(DISTRICT COLLECTOR MALAPPURAM_IDA)","Shri Abdul Wahab (2021-27) (2021-2027)","Elected MP","01-Jul-2026","Shamsudheen K","Payment Success","500223"
"188","Kerala","Lighting of public spaces","WS/MP096/2025-2026/181146","KASARAGOD(DISTRICT COLLECTOR KASARAGOD_IDA)","Shri Abdul Wahab (2021-27) (2021-2027)","Elected MP","05-May-2026","M S Communication","Payment Success","191552"
"189","Kerala","Lighting of public spaces","WS/MP096/2025-2026/181242","KOLLAM(DISTRICT COLLECTOR KOLLAM_IDA)","Shri Abdul Wahab (2021-27) (2021-2027)","Elected MP","20-Dec-2025","Kerala ELectrical and Allied Engineering","Payment Success","290652"
"190","Kerala","Lighting of public spaces","WS/MP096/2025-2026/181244","KOLLAM(DISTRICT COLLECTOR KOLLAM_IDA)","Shri Abdul Wahab (2021-27) (2021-2027)","Elected MP","16-Jul-2026","OVONIC ENERGY ENGINEERING PVT LTD","Payment Success","198795"
"191","Kerala","Construction of roads, link roads, pathways or any other road with or without drainage system","WS/MP096/2025-2026/181252","MALAPPURAM(DISTRICT COLLECTOR MALAPPURAM_IDA)","Shri Abdul Wahab (2021-27) (2021-2027)","Elected MP","16-May-2026","JABIR JASEEM P","Payment Success","818016"
"192","Kerala","Construction of roads, link roads, pathways or any other road with or without drainage system","WS/MP096/2025-2026/181254","MALAPPURAM(DISTRICT COLLECTOR MALAPPURAM_IDA)","Shri Abdul Wahab (2021-27) (2021-2027)","Elected MP","06-Aug-2026","MUHAMMED SHAFI VEMMULLY","Payment Success","1122289"
"193","Kerala","Purchase of IT systems, including hardware and software for educational purposes","WS/MP096/2025-2026/181261","MALAPPURAM(DISTRICT COLLECTOR MALAPPURAM_IDA)","Shri Abdul Wahab (2021-27) (2021-2027)","Elected MP","23-Mar-2026","KELTRON","Payment Success","660000"
"194","Kerala","Purchase of IT systems, including hardware and software for educational purposes","WS/MP096/2025-2026/181262","MALAPPURAM(DISTRICT COLLECTOR MALAPPURAM_IDA)","Shri Abdul Wahab (2021-27) (2021-2027)","Elected MP","14-Mar-2026","IT PROFESSIONALS CO OPERATIVE SOCEITY","Payment Success","141750"
"195","Kerala","Purchase of IT systems, including hardware and software for educational purposes","WS/MP096/2025-2026/181264","MALAPPURAM(DISTRICT COLLECTOR MALAPPURAM_IDA)","Shri Abdul Wahab (2021-27) (2021-2027)","Elected MP","27-Jun-2026","KELTRON","Payment Success","199933"
"196","Kerala","Construction of roads, link roads, pathways or any other road with or without drainage system","WS/MP096/2024-2025/182031","IDUKKI(DISTRICT COLLECTOR IDUKKI_IDA)","Shri Abdul Wahab (2021-27) (2021-2027)","Elected MP","28-Mar-2025","M A Sainudheen","Payment Success","1458585"
"197","Kerala","Providing drains and gutters for public drainage","WS/MP096/2026-2027/182033","ALAPPUZHA(DISTRICT COLLECTOR ALAPPUZHA_IDA)","Shri Abdul Wahab (2021-27) (2021-2027)","Elected MP","09-Jul-2026","MUHAMMED SADIQ","Payment Success","1239866"
"198","Kerala","Construction of roads, link roads, pathways or any other road with or without drainage system","WS/MP096/2025-2026/182239","THIRUVANANTHAPURAM(DISTRICT COLLECTOR THIRUVANANTHAPURAM_IDA)","Shri Abdul Wahab (2021-27) (2021-2027)","Elected MP","12-May-2026","VIJAYASENAN NAIR","Payment Success","793821"
"199","Kerala","Construction of roads, link roads, pathways or any other road with or without drainage system","WS/MP096/2025-2026/182241","THIRUVANANTHAPURAM(DISTRICT COLLECTOR THIRUVANANTHAPURAM_IDA)","Shri Abdul Wahab (2021-27) (2021-2027)","Elected MP","23-Dec-2025","REJITH R C","Payment Success","998724"
"200","Kerala","Construction of roads, link roads, pathways or any other road with or without drainage system","WS/MP096/2026-2027/182245","KOZHIKODE(DISTRICT COLLECTOR KOZHIKODE_IDA)","Shri Abdul Wahab (2021-27) (2021-2027)","Elected MP","04-Aug-2026","DINESAN K","Payment Success","946091"
"201","Kerala","Construction of roads, link roads, pathways or any other road with or without drainage system","WS/MP096/2025-2026/182268","MALAPPURAM(DISTRICT COLLECTOR MALAPPURAM_IDA)","Shri Abdul Wahab (2021-27) (2021-2027)","Elected MP","06-Aug-2026","Shahul Hameed","Payment Success","288130"
"202","Kerala","Construction of roads, link roads, pathways or any other road with or without drainage system","WS/MP096/2025-2026/182269","MALAPPURAM(DISTRICT COLLECTOR MALAPPURAM_IDA)","Shri Abdul Wahab (2021-27) (2021-2027)","Elected MP","10-Aug-2026","Kunhayammu M","Payment Success","474937"
"203","Kerala","Construction of roads, link roads, pathways or any other road with or without drainage system","WS/MP096/2025-2026/182270","KOLLAM(DISTRICT COLLECTOR KOLLAM_IDA)","Shri Abdul Wahab (2021-27) (2021-2027)","Elected MP","17-Mar-2026","BAHULAYAN S","Payment Success","400111"
"204","Kerala","Construction of roads, link roads, pathways or any other road with or without drainage system","WS/MP096/2025-2026/182271","KOLLAM(DISTRICT COLLECTOR KOLLAM_IDA)","Shri Abdul Wahab (2021-27) (2021-2027)","Elected MP","06-May-2026","Rajesh Kumar S","Payment Success","398780"
"205","Kerala","Construction of roads, link roads, pathways or any other road with or without drainage system","WS/MP096/2025-2026/190714","MALAPPURAM(DISTRICT COLLECTOR MALAPPURAM_IDA)","Shri Abdul Wahab (2021-27) (2021-2027)","Elected MP","16-May-2026","JABIR JASEEM P","Payment Success","818329"
"206","Kerala","Construction of roads, link roads, pathways or any other road with or without drainage system","WS/MP096/2025-2026/190716","MALAPPURAM(DISTRICT COLLECTOR MALAPPURAM_IDA)","Shri Abdul Wahab (2021-27) (2021-2027)","Elected MP","17-Jul-2026","N S James","Payment Success","2412739"
"207","Kerala","Construction of roads, link roads, pathways or any other road with or without drainage system","WS/MP096/2025-2026/190717","MALAPPURAM(DISTRICT COLLECTOR MALAPPURAM_IDA)","Shri Abdul Wahab (2021-27) (2021-2027)","Elected MP","23-Apr-2026","PM ABDUL KAREEM","Payment Success","3633700"
"208","Kerala","Construction of roads, link roads, pathways or any other road with or without drainage system","WS/MP096/2025-2026/190798","MALAPPURAM(DISTRICT COLLECTOR MALAPPURAM_IDA)","Shri Abdul Wahab (2021-27) (2021-2027)","Elected MP","02-Jul-2026","Binu M George","Payment Success","384352"
"209","Kerala","Purchase of vans and buses for educational institutions","WS/MP096/2025-2026/220989","MALAPPURAM(DISTRICT COLLECTOR MALAPPURAM_IDA)","Shri Abdul Wahab (2021-27) (2021-2027)","Elected MP","15-May-2026","Mahindra And Mahindra Limited","Payment Success","2090238"
"210","Kerala","Purchase of vans and buses for educational institutions","WS/MP096/2025-2026/220989","MALAPPURAM(DISTRICT COLLECTOR MALAPPURAM_IDA)","Shri Abdul Wahab (2021-27) (2021-2027)","Elected MP","15-May-2026","PRINCIPAL OF JNR GIRLS HIGHER SECONDARY SCHOOL","Payment Success","81971"
"211","Kerala","Construction of roads, link roads, pathways or any other road with or without drainage system","WS/MP096/2025-2026/220993","MALAPPURAM(DISTRICT COLLECTOR MALAPPURAM_IDA)","Shri Abdul Wahab (2021-27) (2021-2027)","Elected MP","24-Jun-2026","Shamsudheen K","Payment Success","333280"
"212","Kerala","Construction of roads, link roads, pathways or any other road with or without drainage system","WS/MP096/2025-2026/220998","MALAPPURAM(DISTRICT COLLECTOR MALAPPURAM_IDA)","Shri Abdul Wahab (2021-27) (2021-2027)","Elected MP","27-Apr-2026","YOUSUF CHUNKATH","Payment Success","770929"
"213","Kerala","Construction of roads, link roads, pathways or any other road with or without drainage system","WS/MP096/2025-2026/221008","MALAPPURAM(DISTRICT COLLECTOR MALAPPURAM_IDA)","Shri Abdul Wahab (2021-27) (2021-2027)","Elected MP","08-May-2026","ISMAAIL P","Payment Success","256570"
"214","Kerala","Construction of roads, link roads, pathways or any other road with or without drainage system","WS/MP096/2025-2026/221013","MALAPPURAM(DISTRICT COLLECTOR MALAPPURAM_IDA)","Shri Abdul Wahab (2021-27) (2021-2027)","Elected MP","27-Mar-2026","Shamsudheen K","Payment Success","399174"
"215","Kerala","Construction of roads, link roads, pathways or any other road with or without drainage system","WS/MP096/2025-2026/224566","KANNUR(DISTRICT COLLECTOR KANNUR_IDA)","Shri Abdul Wahab (2021-27) (2021-2027)","Elected MP","29-Jul-2026","V MATHAI","Payment Success","1224152"
"216","Kerala","Construction of roads, link roads, pathways or any other road with or without drainage system","WS/MP096/2026-2027/233087","KOZHIKODE(DISTRICT COLLECTOR KOZHIKODE_IDA)","Shri Abdul Wahab (2021-27) (2021-2027)","Elected MP","20-Jul-2026","MASS LABOUR CONTRACT SOCIETY LTD","Payment Success","370111"
"217","Kerala","Construction of boundary walls of existing public and community buildings","WS/MP096/2025-2026/234148","MALAPPURAM(DISTRICT COLLECTOR MALAPPURAM_IDA)","Shri Abdul Wahab (2021-27) (2021-2027)","Elected MP","24-Oct-2025","JAFAR","Payment Success","2582051"
"218","Kerala","Lighting of public spaces","WS/MP096/2025-2026/236435","KOLLAM(DISTRICT COLLECTOR KOLLAM_IDA)","Shri Abdul Wahab (2021-27) (2021-2027)","Elected MP","25-Feb-2026","Kerala ELectrical and Allied Engineering","Payment Success","214100"
"219","Kerala","Construction of roads, link roads, pathways or any other road with or without drainage system","WS/MP096/2025-2026/237565","MALAPPURAM(DISTRICT COLLECTOR MALAPPURAM_IDA)","Shri Abdul Wahab (2021-27) (2021-2027)","Elected MP","01-Aug-2026","MOIDEEN PARA EDAPALLIYALY","Payment Success","708470"
"220","Kerala","Construction of roads, link roads, pathways or any other road with or without drainage system","WS/MP096/2025-2026/237569","MALAPPURAM(DISTRICT COLLECTOR MALAPPURAM_IDA)","Shri Abdul Wahab (2021-27) (2021-2027)","Elected MP","07-May-2026","RAFEEQ K A","Payment Success","395174"
"221","Kerala","Construction of roads, link roads, pathways or any other road with or without drainage system","WS/MP096/2025-2026/238396","MALAPPURAM(DISTRICT COLLECTOR MALAPPURAM_IDA)","Shri Abdul Wahab (2021-27) (2021-2027)","Elected MP","11-Aug-2026","Shihabudheen","Payment Success","473538"
"222","Kerala","Purchase Books for Library","WS/MP096/2025-2026/238407","MALAPPURAM(DISTRICT COLLECTOR MALAPPURAM_IDA)","Shri Abdul Wahab (2021-27) (2021-2027)","Elected MP","07-Mar-2026","DC BOOKS","Payment Success","50000"
"223","Kerala","Purchase of vehicle for mobile dispensaries (Four, three and two wheelers)","WS/MP096/2025-2026/243720","MALAPPURAM(DISTRICT COLLECTOR MALAPPURAM_IDA)","Shri Abdul Wahab (2021-27) (2021-2027)","Elected MP","20-Dec-2025","Mahindra And Mahindra Limited","Payment Success","1530567"
"224","Kerala","Purchase of vehicle for mobile dispensaries (Four, three and two wheelers)","WS/MP096/2025-2026/243720","MALAPPURAM(DISTRICT COLLECTOR MALAPPURAM_IDA)","Shri Abdul Wahab (2021-27) (2021-2027)","Elected MP","24-Jan-2026","Manager","Payment Success","67926"
"225","Kerala","Purchase of vehicle for mobile dispensaries (Four, three and two wheelers)","WS/MP096/2025-2026/243720","MALAPPURAM(DISTRICT COLLECTOR MALAPPURAM_IDA)","Shri Abdul Wahab (2021-27) (2021-2027)","Elected MP","24-Jan-2026","ASK FOR IT SOLUTION","Payment Success","60790"
"226","Kerala","Purchase of vehicle for mobile dispensaries (Four, three and two wheelers)","WS/MP096/2025-2026/243720","MALAPPURAM(DISTRICT COLLECTOR MALAPPURAM_IDA)","Shri Abdul Wahab (2021-27) (2021-2027)","Elected MP","24-Jan-2026","QUBEC BIOSOLUTIONS PRIVATE LIMITED","Payment Success","49000"
"227","Kerala","Purchase of vehicle for mobile dispensaries (Four, three and two wheelers)","WS/MP096/2025-2026/243720","MALAPPURAM(DISTRICT COLLECTOR MALAPPURAM_IDA)","Shri Abdul Wahab (2021-27) (2021-2027)","Elected MP","24-Jan-2026","QUBEC BIOSOLUTIONS PRIVATE LIMITED","Payment Success","23300"
"228","Kerala","Purchase of vehicle for mobile dispensaries (Four, three and two wheelers)","WS/MP096/2025-2026/243720","MALAPPURAM(DISTRICT COLLECTOR MALAPPURAM_IDA)","Shri Abdul Wahab (2021-27) (2021-2027)","Elected MP","24-Jan-2026","QUBEC BIOSOLUTIONS PRIVATE LIMITED","Payment Success","28000"
"229","Kerala","Purchase of vehicle for mobile dispensaries (Four, three and two wheelers)","WS/MP096/2025-2026/243720","MALAPPURAM(DISTRICT COLLECTOR MALAPPURAM_IDA)","Shri Abdul Wahab (2021-27) (2021-2027)","Elected MP","24-Jan-2026","Tricare Service Solution","Payment Success","460000"
"230","Kerala","Purchase of vehicle for mobile dispensaries (Four, three and two wheelers)","WS/MP096/2025-2026/243720","MALAPPURAM(DISTRICT COLLECTOR MALAPPURAM_IDA)","Shri Abdul Wahab (2021-27) (2021-2027)","Elected MP","24-Jan-2026","MICROGENE DIAGNOSTIC SYSTEMS PVT LTD","Payment Success","36990"
"231","Kerala","Purchase of vehicle for mobile dispensaries (Four, three and two wheelers)","WS/MP096/2025-2026/243720","MALAPPURAM(DISTRICT COLLECTOR MALAPPURAM_IDA)","Shri Abdul Wahab (2021-27) (2021-2027)","Elected MP","19-Mar-2026","Sakhariya Sadique Madhurakkariyan","Payment Success","67227"
"232","Kerala","Purchase of vehicle for mobile dispensaries (Four, three and two wheelers)","WS/MP096/2025-2026/243720","MALAPPURAM(DISTRICT COLLECTOR MALAPPURAM_IDA)","Shri Abdul Wahab (2021-27) (2021-2027)","Elected MP","21-May-2026","Biomart Diagnostics and Surgicals","Payment Success","12011"
"233","Kerala","Purchase of vehicle for mobile dispensaries (Four, three and two wheelers)","WS/MP096/2025-2026/243720","MALAPPURAM(DISTRICT COLLECTOR MALAPPURAM_IDA)","Shri Abdul Wahab (2021-27) (2021-2027)","Elected MP","21-May-2026","Chemind Chemicals","Payment Success","4760"
"234","Kerala","Purchase of vehicle for mobile dispensaries (Four, three and two wheelers)","WS/MP096/2025-2026/243720","MALAPPURAM(DISTRICT COLLECTOR MALAPPURAM_IDA)","Shri Abdul Wahab (2021-27) (2021-2027)","Elected MP","21-May-2026","Blue Dart Diagnostics","Payment Success","56370"
"235","Kerala","Purchase of vehicle for mobile dispensaries (Four, three and two wheelers)","WS/MP096/2025-2026/243720","MALAPPURAM(DISTRICT COLLECTOR MALAPPURAM_IDA)","Shri Abdul Wahab (2021-27) (2021-2027)","Elected MP","21-May-2026","Auro Biotechnologies Pvt Ltd","Payment Success","2000"
"236","Kerala","Purchase of vehicle for mobile dispensaries (Four, three and two wheelers)","WS/MP096/2025-2026/243720","MALAPPURAM(DISTRICT COLLECTOR MALAPPURAM_IDA)","Shri Abdul Wahab (2021-27) (2021-2027)","Elected MP","21-May-2026","The Digital Hub","Payment Success","63390"
"237","Kerala","Purchase of vehicle for mobile dispensaries (Four, three and two wheelers)","WS/MP096/2025-2026/243720","MALAPPURAM(DISTRICT COLLECTOR MALAPPURAM_IDA)","Shri Abdul Wahab (2021-27) (2021-2027)","Elected MP","21-May-2026","The Digital Hub","Payment Success","15570"
"238","Kerala","Purchase of vehicle for mobile dispensaries (Four, three and two wheelers)","WS/MP096/2025-2026/243720","MALAPPURAM(DISTRICT COLLECTOR MALAPPURAM_IDA)","Shri Abdul Wahab (2021-27) (2021-2027)","Elected MP","16-Jun-2026","Showkathali Vadakkumpadam","Payment Success","21000"
"239","Kerala","Purchase of vans and buses for educational institutions","WS/MP096/2026-2027/246501","KOZHIKODE(DISTRICT COLLECTOR KOZHIKODE_IDA)","Shri Abdul Wahab (2021-27) (2021-2027)","Elected MP","20-May-2026","TATA MOTORS","Payment Success","1753560"
"240","Kerala","Construction of roads, link roads, pathways or any other road with or without drainage system","WS/MP096/2025-2026/271102","THIRUVANANTHAPURAM(DISTRICT COLLECTOR THIRUVANANTHAPURAM_IDA)","Shri Abdul Wahab (2021-27) (2021-2027)","Elected MP","12-May-2026","JAYAKUMAR M G","Payment Success","485418"
"241","Kerala","Purchase of vans and buses for educational institutions","WS/MP096/2026-2027/271270","MALAPPURAM(DISTRICT COLLECTOR MALAPPURAM_IDA)","Shri Abdul Wahab (2021-27) (2021-2027)","Elected MP","09-Aug-2026","TATA MOTORS","Payment Success","1455771"
"242","Kerala","Construction of roads, link roads, pathways or any other road with or without drainage system","WS/MP096/2025-2026/273563","THIRUVANANTHAPURAM(DISTRICT COLLECTOR THIRUVANANTHAPURAM_IDA)","Shri Abdul Wahab (2021-27) (2021-2027)","Elected MP","08-May-2026","JAYAKUMAR M G","Payment Success","358810"
"243","Kerala","Construction of roads, link roads, pathways or any other road with or without drainage system","WS/MP096/2025-2026/273965","IDUKKI(DISTRICT COLLECTOR IDUKKI_IDA)","Shri Abdul Wahab (2021-27) (2021-2027)","Elected MP","13-Mar-2026","Secretary Highrange Labour Contract Co Operative Society","Payment Success","968677"
"244","Kerala","Construction of roads, link roads, pathways or any other road with or without drainage system","WS/MP096/2026-2027/280880","MALAPPURAM(DISTRICT COLLECTOR MALAPPURAM_IDA)","Shri Abdul Wahab (2021-27) (2021-2027)","Elected MP","18-Jun-2026","RABEEH ABDUL MUHINI M K","Payment Success","402537"
"245","Kerala","Improvement of electricity distribution infrastructure","WS/MP096/2026-2027/283453","MALAPPURAM(DISTRICT COLLECTOR MALAPPURAM_IDA)","Shri Abdul Wahab (2021-27) (2021-2027)","Elected MP","27-Jul-2026","NON OPERATIVE REVENUE COLL ELE SEC PATTIKKAD CHUNGAM","Payment Success","652900"
"246","Kerala","Construction of community centers and community halls","WS/MP096/2026-2027/295064","MALAPPURAM(DISTRICT COLLECTOR MALAPPURAM_IDA)","Shri Abdul Wahab (2021-27) (2021-2027)","Elected MP","17-Jul-2026","SPRING FIELD DEVELOPERS","Payment Success","1159461"
"247","Kerala","Purchase Books for Library","WS/MP099/2024-2025/90968","THRISSUR(DISTRICT COLLECTOR THRISSUR_IDA)","Dr. John Brittas (2021-27) (2021-2027)","Elected MP","12-Sep-2024","THE MATHRUBHUMI PRINTING AND PUBLISHING CO LTD THRISSUR","Payment Success","13720"
"248","Kerala","Construction of roads, link roads, pathways or any other road with or without drainage system","WS/MP099/2024-2025/101381","KANNUR(DISTRICT COLLECTOR KANNUR_IDA)","Dr. John Brittas (2021-27) (2021-2027)","Elected MP","12-Jun-2024","SHOJI A J","Payment Success","1872960"
"249","Kerala","Construction of roads, link roads, pathways or any other road with or without drainage system","WS/MP099/2024-2025/101413","KANNUR(DISTRICT COLLECTOR KANNUR_IDA)","Dr. John Brittas (2021-27) (2021-2027)","Elected MP","11-Sep-2024","SAJI SEBASTIAN","Payment Success","854453"
"250","Kerala","Construction of culverts and bridges","WS/MP099/2023-2024/101445","KANNUR(DISTRICT COLLECTOR KANNUR_IDA)","Dr. John Brittas (2021-27) (2021-2027)","Elected MP","05-Mar-2024","KERALA FINANCIAL CORPORATION","Payment Success","3448021"
"251","Kerala","Construction of roads, link roads, pathways or any other road with or without drainage system","WS/MP099/2023-2024/101459","KANNUR(DISTRICT COLLECTOR KANNUR_IDA)","Dr. John Brittas (2021-27) (2021-2027)","Elected MP","13-Mar-2024","Babu P","Payment Success","1488196"
"252","Kerala","Purchase of smart boards, visual display units and projectors","WS/MP099/2024-2025/119779","THRISSUR(DISTRICT COLLECTOR THRISSUR_IDA)","Dr. John Brittas (2021-27) (2021-2027)","Elected MP","04-Mar-2025","KERALA STATE ELECTRONICS DEVELOPMENT CORPORATION LTD","Payment Success","41378"
"253","Kerala","Construction of roads, link roads, pathways or any other road with or without drainage system","WS/MP099/2024-2025/132661","KANNUR(DISTRICT COLLECTOR KANNUR_IDA)","Dr. John Brittas (2021-27) (2021-2027)","Elected MP","04-Jul-2024","MITHUN VISWANATHAN","Payment Success","706107"
"254","Kerala","Construction of roads, link roads, pathways or any other road with or without drainage system","WS/MP099/2024-2025/132661","KANNUR(DISTRICT COLLECTOR KANNUR_IDA)","Dr. John Brittas (2021-27) (2021-2027)","Elected MP","04-Jul-2025","MITHUN VISWANATHAN","Payment Success","1758363"
"255","Kerala","Construction of rooms and halls in school and colleges","WS/MP099/2024-2025/132662","KANNUR(DISTRICT COLLECTOR KANNUR_IDA)","Dr. John Brittas (2021-27) (2021-2027)","Elected MP","09-Oct-2024","PAYYAVOOR SERVICE CO OPERATIVE BANK LIMITED NO C 179","Payment Success","2420689"
"256","Kerala","Construction of rooms and halls in school and colleges","WS/MP099/2024-2025/132662","KANNUR(DISTRICT COLLECTOR KANNUR_IDA)","Dr. John Brittas (2021-27) (2021-2027)","Elected MP","14-Feb-2025","MADHUSUTHANAN K P","Payment Success","194567"
"257","Kerala","Purchase of hospital equipment","WS/MP099/2024-2025/132665","KOTTAYAM(DISTRICT COLLECTOR KOTTAYAM_IDA)","Dr. John Brittas (2021-27) (2021-2027)","Elected MP","04-Oct-2024","SREE GOKULAM HEALTHCARE PVT LTD","Payment Success","7152320"
"258","Kerala","Purchase of hospital equipment","WS/MP099/2024-2025/132665","KOTTAYAM(DISTRICT COLLECTOR KOTTAYAM_IDA)","Dr. John Brittas (2021-27) (2021-2027)","Elected MP","04-Oct-2024","AXIS MEDICAL SYSTEMS","Payment Success","850980"
"259","Kerala","Purchase of hospital equipment","WS/MP099/2024-2025/132665","KOTTAYAM(DISTRICT COLLECTOR KOTTAYAM_IDA)","Dr. John Brittas (2021-27) (2021-2027)","Elected MP","07-Jan-2025","Meditech Health Care","Payment Success","1915000"
"260","Kerala","Construction of roads, link roads, pathways or any other road with or without drainage system","WS/MP099/2024-2025/132780","PATHANAMTHITTA(DISTRICT COLLECTOR PATHANAMTHITTA_IDA)","Dr. John Brittas (2021-27) (2021-2027)","Elected MP","01-Jul-2024","SATHI KUMAR K S","Payment Success","1162112"
"261","Kerala","Construction of public libraries and reading rooms","WS/MP099/2024-2025/132929","KANNUR(DISTRICT COLLECTOR KANNUR_IDA)","Dr. John Brittas (2021-27) (2021-2027)","Elected MP","24-Jul-2024","JOBY N J","Payment Success","1925275"
"262","Kerala","Construction of additional rooms and halls in the existing public and community building","WS/MP099/2024-2025/132938","PATHANAMTHITTA(DISTRICT COLLECTOR PATHANAMTHITTA_IDA)","Dr. John Brittas (2021-27) (2021-2027)","Elected MP","22-Sep-2025","MANOHARAN D","Payment Success","2629110"
"263","Kerala","Construction of additional rooms and halls in the existing public and community building","WS/MP099/2024-2025/132938","PATHANAMTHITTA(DISTRICT COLLECTOR PATHANAMTHITTA_IDA)","Dr. John Brittas (2021-27) (2021-2027)","Elected MP","03-Oct-2025","PRASAD S","Payment Success","175154"
"264","Kerala","Construction of roads, link roads, pathways or any other road with or without drainage system","WS/MP099/2024-2025/132941","PATHANAMTHITTA(DISTRICT COLLECTOR PATHANAMTHITTA_IDA)","Dr. John Brittas (2021-27) (2021-2027)","Elected MP","23-Jun-2025","Sajeev kumar K P","Payment Success","966662"
"265","Kerala","Construction of roads, link roads, pathways or any other road with or without drainage system","WS/MP099/2024-2025/132942","PATHANAMTHITTA(DISTRICT COLLECTOR PATHANAMTHITTA_IDA)","Dr. John Brittas (2021-27) (2021-2027)","Elected MP","08-Jul-2026","Nithin P John","Payment Success","1939177"
"266","Kerala","Construction of bus-sheds or bus-stops","WS/MP099/2025-2026/132947","KANNUR(DISTRICT COLLECTOR KANNUR_IDA)","Dr. John Brittas (2021-27) (2021-2027)","Elected MP","03-Sep-2025","RAHUL RAJ","Payment Success","841700"
"267","Kerala","Construction of roads, link roads, pathways or any other road with or without drainage system","WS/MP099/2025-2026/132948","KANNUR(DISTRICT COLLECTOR KANNUR_IDA)","Dr. John Brittas (2021-27) (2021-2027)","Elected MP","03-Jul-2025","Government Contractors Co Operative Society LTD","Payment Success","2000000"
"268","Kerala","Construction of roads, link roads, pathways or any other road with or without drainage system","WS/MP099/2024-2025/132950","KANNUR(DISTRICT COLLECTOR KANNUR_IDA)","Dr. John Brittas (2021-27) (2021-2027)","Elected MP","04-Nov-2024","V MATHAI","Payment Success","1579330"
"269","Kerala","Construction of buildings for crèches and anganwadies","WS/MP099/2024-2025/132951","KANNUR(DISTRICT COLLECTOR KANNUR_IDA)","Dr. John Brittas (2021-27) (2021-2027)","Elected MP","13-Jan-2025","NIGESH V V","Payment Success","1815360"
"270","Kerala","Construction of rooms and halls in school and colleges","WS/MP099/2024-2025/132953","KANNUR(DISTRICT COLLECTOR KANNUR_IDA)","Dr. John Brittas (2021-27) (2021-2027)","Elected MP","27-Mar-2025","SAJI C","Payment Success","2368505"
"271","Kerala","Construction of roads, link roads, pathways or any other road with or without drainage system","WS/MP099/2024-2025/133001","KANNUR(DISTRICT COLLECTOR KANNUR_IDA)","Dr. John Brittas (2021-27) (2021-2027)","Elected MP","16-Nov-2024","ANIL KUMAR P B","Payment Success","490869"
"272","Kerala","Construction of stadiums","WS/MP099/2026-2027/133003","KANNUR(DISTRICT COLLECTOR KANNUR_IDA)","Dr. John Brittas (2021-27) (2021-2027)","Elected MP","29-Jun-2026","PONNATTIL BUILDERS","Payment Success","433211"
"273","Kerala","Construction of roads, link roads, pathways or any other road with or without drainage system","WS/MP099/2024-2025/133004","KANNUR(DISTRICT COLLECTOR KANNUR_IDA)","Dr. John Brittas (2021-27) (2021-2027)","Elected MP","19-Nov-2024","John K U","Payment Success","545102"
"274","Kerala","Purchase of vans and buses for educational institutions","WS/MP099/2024-2025/133006","KANNUR(DISTRICT COLLECTOR KANNUR_IDA)","Dr. John Brittas (2021-27) (2021-2027)","Elected MP","14-Nov-2024","TATA MOTORS","Payment Success","1530000"
"275","Kerala","Purchase of vans and buses for educational institutions","WS/MP099/2024-2025/133006","KANNUR(DISTRICT COLLECTOR KANNUR_IDA)","Dr. John Brittas (2021-27) (2021-2027)","Elected MP","15-Sep-2025","TATA MOTORS","Payment Success","26600"
"276","Kerala","Purchase of vans and buses for educational institutions","WS/MP099/2024-2025/133006","KANNUR(DISTRICT COLLECTOR KANNUR_IDA)","Dr. John Brittas (2021-27) (2021-2027)","Elected MP","15-Sep-2025","ELEP HEADMASTER GUPS THIMIRI","Payment Success","80655"
"277","Kerala","Purchase of vans and buses for educational institutions","WS/MP099/2024-2025/133007","KANNUR(DISTRICT COLLECTOR KANNUR_IDA)","Dr. John Brittas (2021-27) (2021-2027)","Elected MP","17-Oct-2024","MAHINDRA AND MAHINDRA LIMITED","Payment Success","1975155"
"278","Kerala","Purchase of vans and buses for educational institutions","WS/MP099/2024-2025/133007","KANNUR(DISTRICT COLLECTOR KANNUR_IDA)","Dr. John Brittas (2021-27) (2021-2027)","Elected MP","17-Oct-2024","HEADMASTER","Payment Success","22830"
"279","Kerala","Laptop/Computer","WS/MP099/2024-2025/133008","KANNUR(DISTRICT COLLECTOR KANNUR_IDA)","Dr. John Brittas (2021-27) (2021-2027)","Elected MP","13-Feb-2025","KELTRON","Payment Success","282256"
"280","Kerala","Purchase of furniture and fixtures for educational purposes","WS/MP099/2024-2025/133009","KANNUR(DISTRICT COLLECTOR KANNUR_IDA)","Dr. John Brittas (2021-27) (2021-2027)","Elected MP","04-Dec-2024","COMPUTER CARE","Payment Success","1720086"
"281","Kerala","Purchase of furniture and fixtures for educational purposes","WS/MP099/2024-2025/133009","KANNUR(DISTRICT COLLECTOR KANNUR_IDA)","Dr. John Brittas (2021-27) (2021-2027)","Elected MP","04-Dec-2024","JASOS TRADERS","Payment Success","771125"
"282","Kerala","Purchase of furniture and fixtures for educational purposes","WS/MP099/2024-2025/133009","KANNUR(DISTRICT COLLECTOR KANNUR_IDA)","Dr. John Brittas (2021-27) (2021-2027)","Elected MP","07-Dec-2024","VIJAYAN P","Payment Success","6000"
"283","Kerala","Laptop/Computer","WS/MP099/2024-2025/133020","THRISSUR(DISTRICT COLLECTOR THRISSUR_IDA)","Dr. John Brittas (2021-27) (2021-2027)","Elected MP","04-Mar-2025","KERALA STATE ELECTRONICS DEVELOPMENT CORPORATION LTD","Payment Success","238531"
"284","Kerala","Construction of buildings for community cultural activities","WS/MP099/2024-2025/136778","PATHANAMTHITTA(DISTRICT COLLECTOR PATHANAMTHITTA_IDA)","Dr. John Brittas (2021-27) (2021-2027)","Elected MP","11-Nov-2025","PRASAD S","Payment Success","89576"
"285","Kerala","Construction of buildings for community cultural activities","WS/MP099/2024-2025/136778","PATHANAMTHITTA(DISTRICT COLLECTOR PATHANAMTHITTA_IDA)","Dr. John Brittas (2021-27) (2021-2027)","Elected MP","15-Nov-2025","GIJI VARGHESE","Payment Success","908005"
"286","Kerala","Construction of roads, link roads, pathways or any other road with or without drainage system","WS/MP099/2025-2026/140166","KANNUR(DISTRICT COLLECTOR KANNUR_IDA)","Dr. John Brittas (2021-27) (2021-2027)","Elected MP","02-Sep-2025","ANIL KUMAR P B","Payment Success","527820"
"287","Kerala","Construction of roads, link roads, pathways or any other road with or without drainage system","WS/MP099/2025-2026/140167","KANNUR(DISTRICT COLLECTOR KANNUR_IDA)","Dr. John Brittas (2021-27) (2021-2027)","Elected MP","24-May-2025","Geo Mathew","Payment Success","486459"
"288","Kerala","Street lights","WS/MP099/2026-2027/140169","KANNUR(DISTRICT COLLECTOR KANNUR_IDA)","Dr. John Brittas (2021-27) (2021-2027)","Elected MP","14-Aug-2026","Kerala Electrical And Allied Engineering Company","Payment Success","174920"
"289","Kerala","Construction of roads, link roads, pathways or any other road with or without drainage system","WS/MP099/2025-2026/140172","KANNUR(DISTRICT COLLECTOR KANNUR_IDA)","Dr. John Brittas (2021-27) (2021-2027)","Elected MP","26-Aug-2025","YOOSAF","Payment Success","828679"
"290","Kerala","Purchase of IT systems, including hardware and software for educational purposes","WS/MP099/2024-2025/140174","THIRUVANANTHAPURAM(DISTRICT COLLECTOR THIRUVANANTHAPURAM_IDA)","Dr. John Brittas (2021-27) (2021-2027)","Elected MP","18-Dec-2024","The Manager SIDCO Sales Emporium","Payment Success","101085"
"291","Kerala","Purchase of IT systems, including hardware and software for educational purposes","WS/MP099/2024-2025/140174","THIRUVANANTHAPURAM(DISTRICT COLLECTOR THIRUVANANTHAPURAM_IDA)","Dr. John Brittas (2021-27) (2021-2027)","Elected MP","18-Dec-2024","DNET Software Systems","Payment Success","285600"
"292","Kerala","Purchase of prosthetics, wheel chairs, tricycles (manual or motorized), elect scooties, hearing aids","WS/MP099/2025-2026/140176","KANNUR(DISTRICT COLLECTOR KANNUR_IDA)","Dr. John Brittas (2021-27) (2021-2027)","Elected MP","06-Aug-2026","Keltron Component complex Ltd Kannur","Payment Success","125000"
"293","Kerala","Construction of roads, link roads, pathways or any other road with or without drainage system","WS/MP099/2025-2026/140177","KANNUR(DISTRICT COLLECTOR KANNUR_IDA)","Dr. John Brittas (2021-27) (2021-2027)","Elected MP","04-Jun-2025","Geo Mathew","Payment Success","582794"
"294","Kerala","Construction of rooms and facilities for hospitals, FWC , PHC Centers and ANM centers","WS/MP099/2024-2025/140179","MALAPPURAM(DISTRICT COLLECTOR MALAPPURAM_IDA)","Dr. John Brittas (2021-27) (2021-2027)","Elected MP","24-Feb-2025","NBR TECHNIC INDUSTRIES","Payment Success","909760"
"295","Kerala","Street lights","WS/MP099/2025-2026/152179","KANNUR(DISTRICT COLLECTOR KANNUR_IDA)","Dr. John Brittas (2021-27) (2021-2027)","Elected MP","22-Aug-2025","INDEX ELECTRONICS","Payment Success","174208"
"296","Kerala","Street lights","WS/MP099/2024-2025/152180","KANNUR(DISTRICT COLLECTOR KANNUR_IDA)","Dr. John Brittas (2021-27) (2021-2027)","Elected MP","20-Mar-2025","RAFEEQUE V P","Payment Success","174176"
"297","Kerala","Lighting of public spaces","WS/MP099/2025-2026/185096","KANNUR(DISTRICT COLLECTOR KANNUR_IDA)","Dr. John Brittas (2021-27) (2021-2027)","Elected MP","03-Jun-2025","INDEX ELECTRONICS","Payment Success","174176"
"298","Kerala","Lighting of public spaces","WS/MP099/2025-2026/190123","KANNUR(DISTRICT COLLECTOR KANNUR_IDA)","Dr. John Brittas (2021-27) (2021-2027)","Elected MP","17-Jul-2026","Kerala Electrical And Allied Engineering Company","Payment Success","174176"
"299","Kerala","Purchase of books for public libraries/ digitization of library books","WS/MP099/2025-2026/214223","KANNUR(DISTRICT COLLECTOR KANNUR_IDA)","Dr. John Brittas (2021-27) (2021-2027)","Elected MP","20-Aug-2026","DIRECTOR STATE INSTITUTE OF LANGUAGES","Payment Success","50000"
"300","Kerala","Construction of buildings for crèches and anganwadies","WS/MP099/2025-2026/233093","THIRUVANANTHAPURAM(DISTRICT COLLECTOR THIRUVANANTHAPURAM_IDA)","Dr. John Brittas (2021-27) (2021-2027)","Elected MP","05-Jan-2026","K BAIJU KUMAR","Payment Success","497386"
"301","Kerala","Construction of buildings for crèches and anganwadies","WS/MP099/2025-2026/233093","THIRUVANANTHAPURAM(DISTRICT COLLECTOR THIRUVANANTHAPURAM_IDA)","Dr. John Brittas (2021-27) (2021-2027)","Elected MP","16-Mar-2026","K BAIJU KUMAR","Payment Success","711447"
"302","Kerala","Construction of buildings for crèches and anganwadies","WS/MP099/2025-2026/233093","THIRUVANANTHAPURAM(DISTRICT COLLECTOR THIRUVANANTHAPURAM_IDA)","Dr. John Brittas (2021-27) (2021-2027)","Elected MP","07-Jul-2026","K BAIJU KUMAR","Payment Success","771425"
"303","Kerala","Construction of culverts and bridges","WS/MP099/2025-2026/240732","KANNUR(DISTRICT COLLECTOR KANNUR_IDA)","Dr. John Brittas (2021-27) (2021-2027)","Elected MP","17-Feb-2026","HAMSAKUTTY M","Payment Success","1518584"
"304","Kerala","Street lights","WS/MP100/2025-2026/158015","KOTTAYAM(DISTRICT COLLECTOR KOTTAYAM_IDA)","Shri Jose K. Mani (2024-30) (2024-2030)","Elected MP","19-Sep-2025","ASSISTANT ENGINEER KSEB KADUTHURUTHY","Payment Success","586506"
"305","Kerala","Lighting of public spaces","WS/MP100/2025-2026/158018","KOTTAYAM(DISTRICT COLLECTOR KOTTAYAM_IDA)","Shri Jose K. Mani (2024-30) (2024-2030)","Elected MP","08-May-2026","KALLOOR ELECTRONICS AND LIGHTING PVT LTD","Payment Success","167957"
"306","Kerala","Construction of roads, link roads, pathways or any other road with or without drainage system","WS/MP100/2025-2026/158023","KOTTAYAM(DISTRICT COLLECTOR KOTTAYAM_IDA)","Shri Jose K. Mani (2024-30) (2024-2030)","Elected MP","13-Jul-2026","KUMARI K S","Payment Success","399806"
"307","Kerala","Construction of roads, link roads, pathways or any other road with or without drainage system","WS/MP100/2025-2026/158024","KOTTAYAM(DISTRICT COLLECTOR KOTTAYAM_IDA)","Shri Jose K. Mani (2024-30) (2024-2030)","Elected MP","24-Jun-2026","KUMARI K S","Payment Success","499672"
"308","Kerala","Construction of roads, link roads, pathways or any other road with or without drainage system","WS/MP100/2025-2026/158028","KOTTAYAM(DISTRICT COLLECTOR KOTTAYAM_IDA)","Shri Jose K. Mani (2024-30) (2024-2030)","Elected MP","15-May-2026","SASIDHARAN NAIR K K","Payment Success","632761"
"309","Kerala","Construction of roads, link roads, pathways or any other road with or without drainage system","WS/MP100/2025-2026/158032","KOTTAYAM(DISTRICT COLLECTOR KOTTAYAM_IDA)","Shri Jose K. Mani (2024-30) (2024-2030)","Elected MP","23-Jul-2026","Shaji Mathew","Payment Success","379189"
"310","Kerala","Construction of roads, link roads, pathways or any other road with or without drainage system","WS/MP100/2025-2026/158033","KOTTAYAM(DISTRICT COLLECTOR KOTTAYAM_IDA)","Shri Jose K. Mani (2024-30) (2024-2030)","Elected MP","16-Feb-2026","Roy Mathew","Payment Success","383141"
"311","Kerala","Lighting of public spaces","WS/MP100/2025-2026/158040","KOTTAYAM(DISTRICT COLLECTOR KOTTAYAM_IDA)","Shri Jose K. Mani (2024-30) (2024-2030)","Elected MP","16-Mar-2026","KALLOOR ELECTRONICS AND LIGHTING PVT LTD","Payment Success","167946"
"312","Kerala","Construction of roads, link roads, pathways or any other road with or without drainage system","WS/MP100/2025-2026/158044","KOTTAYAM(DISTRICT COLLECTOR KOTTAYAM_IDA)","Shri Jose K. Mani (2024-30) (2024-2030)","Elected MP","03-Aug-2026","JOHNSON JOSE","Payment Success","384701"
"313","Kerala","Construction of roads, link roads, pathways or any other road with or without drainage system","WS/MP100/2025-2026/158045","KOTTAYAM(DISTRICT COLLECTOR KOTTAYAM_IDA)","Shri Jose K. Mani (2024-30) (2024-2030)","Elected MP","11-May-2026","K M Joseph","Payment Success","171841"
"314","Kerala","Construction of roads, link roads, pathways or any other road with or without drainage system","WS/MP100/2024-2025/158047","KOTTAYAM(DISTRICT COLLECTOR KOTTAYAM_IDA)","Shri Jose K. Mani (2024-30) (2024-2030)","Elected MP","22-Jul-2026","UNNIKRISHNAN","Payment Success","974387"
"315","Kerala","Lighting of public spaces","WS/MP100/2025-2026/158049","PALAKKAD(DISTRICT COLLECTOR PALAKKAD_IDA)","Shri Jose K. Mani (2024-30) (2024-2030)","Elected MP","10-Mar-2026","VISION ELECTRICALS AND ELECTRONICS","Payment Success","188349"
"316","Kerala","Construction of roads, link roads, pathways or any other road with or without drainage system","WS/MP100/2025-2026/158061","KOTTAYAM(DISTRICT COLLECTOR KOTTAYAM_IDA)","Shri Jose K. Mani (2024-30) (2024-2030)","Elected MP","08-Jul-2026","Joshy Thomas","Payment Success","399467"
"317","Kerala","Construction of roads, link roads, pathways or any other road with or without drainage system","WS/MP100/2025-2026/158074","THIRUVANANTHAPURAM(DISTRICT COLLECTOR THIRUVANANTHAPURAM_IDA)","Shri Jose K. Mani (2024-30) (2024-2030)","Elected MP","19-Dec-2025","B Vijayan","Payment Success","353523"
"318","Kerala","Construction of roads, link roads, pathways or any other road with or without drainage system","WS/MP100/2025-2026/158075","THIRUVANANTHAPURAM(DISTRICT COLLECTOR THIRUVANANTHAPURAM_IDA)","Shri Jose K. Mani (2024-30) (2024-2030)","Elected MP","05-Feb-2026","V ANILKUMAR","Payment Success","407926"
"319","Kerala","Construction of roads, link roads, pathways or any other road with or without drainage system","WS/MP100/2025-2026/158076","KOTTAYAM(DISTRICT COLLECTOR KOTTAYAM_IDA)","Shri Jose K. Mani (2024-30) (2024-2030)","Elected MP","06-May-2026","SUNNY V D","Payment Success","472568"
"320","Kerala","Construction of roads, link roads, pathways or any other road with or without drainage system","WS/MP100/2025-2026/158077","KOTTAYAM(DISTRICT COLLECTOR KOTTAYAM_IDA)","Shri Jose K. Mani (2024-30) (2024-2030)","Elected MP","24-Apr-2026","JOSEPH JOSE","Payment Success","353920"
"321","Kerala","Lighting of public spaces","WS/MP100/2025-2026/158079","IDUKKI(DISTRICT COLLECTOR IDUKKI_IDA)","Shri Jose K. Mani (2024-30) (2024-2030)","Elected MP","18-Feb-2026","KALLOOR ELECTRONICS AND  LIGHTING PVT LTD","Payment Success","169846"
"322","Kerala","Lighting of public spaces","WS/MP100/2024-2025/160440","KOTTAYAM(DISTRICT COLLECTOR KOTTAYAM_IDA)","Shri Jose K. Mani (2024-30) (2024-2030)","Elected MP","17-Feb-2026","SREEKUMARAN THAMPI","Payment Success","335001"
"323","Kerala","Improvement of electricity distribution infrastructure","WS/MP100/2025-2026/172418","KOTTAYAM(DISTRICT COLLECTOR KOTTAYAM_IDA)","Shri Jose K. Mani (2024-30) (2024-2030)","Elected MP","07-Jul-2025","Executive Engineer","Payment Success","170000"
"324","Kerala","Improvement of electricity distribution infrastructure","WS/MP100/2025-2026/172451","KOTTAYAM(DISTRICT COLLECTOR KOTTAYAM_IDA)","Shri Jose K. Mani (2024-30) (2024-2030)","Elected MP","07-Jul-2025","Executive Engineer  Electrical Division  Vaikom","Payment Success","420000"
"325","Kerala","Construction of roads, link roads, pathways or any other road with or without drainage system","WS/MP100/2025-2026/201837","IDUKKI(DISTRICT COLLECTOR IDUKKI_IDA)","Shri Jose K. Mani (2024-30) (2024-2030)","Elected MP","24-Jun-2026","TOMY THOMAS","Payment Success","299408"
"326","Kerala","Construction of roads, link roads, pathways or any other road with or without drainage system","WS/MP100/2025-2026/201838","IDUKKI(DISTRICT COLLECTOR IDUKKI_IDA)","Shri Jose K. Mani (2024-30) (2024-2030)","Elected MP","14-Aug-2026","THANKACHAN MATHEW","Payment Success","291101"
"327","Kerala","Construction of roads, link roads, pathways or any other road with or without drainage system","WS/MP100/2025-2026/201887","KASARAGOD(DISTRICT COLLECTOR KASARAGOD_IDA)","Shri Jose K. Mani (2024-30) (2024-2030)","Elected MP","05-May-2026","Shaji E K","Payment Success","449765"
"328","Kerala","Construction of roads, link roads, pathways or any other road with or without drainage system","WS/MP100/2025-2026/201958","KOZHIKODE(DISTRICT COLLECTOR KOZHIKODE_IDA)","Shri Jose K. Mani (2024-30) (2024-2030)","Elected MP","14-Aug-2026","SUNEERA","Payment Success","499424"
"329","Kerala","Construction of roads, link roads, pathways or any other road with or without drainage system","WS/MP100/2025-2026/201984","IDUKKI(DISTRICT COLLECTOR IDUKKI_IDA)","Shri Jose K. Mani (2024-30) (2024-2030)","Elected MP","13-Aug-2026","Roby Babu","Payment Success","699635"
"330","Kerala","Construction of roads, link roads, pathways or any other road with or without drainage system","WS/MP100/2025-2026/201999","PALAKKAD(DISTRICT COLLECTOR PALAKKAD_IDA)","Shri Jose K. Mani (2024-30) (2024-2030)","Elected MP","19-May-2026","A SURESHKUMAR","Payment Success","277131"
"331","Kerala","Construction of roads, link roads, pathways or any other road with or without drainage system","WS/MP100/2025-2026/202001","PALAKKAD(DISTRICT COLLECTOR PALAKKAD_IDA)","Shri Jose K. Mani (2024-30) (2024-2030)","Elected MP","14-Jul-2026","C K BABU","Payment Success","281211"
"332","Kerala","Construction of roads, link roads, pathways or any other road with or without drainage system","WS/MP100/2025-2026/202113","KOTTAYAM(DISTRICT COLLECTOR KOTTAYAM_IDA)","Shri Jose K. Mani (2024-30) (2024-2030)","Elected MP","23-Jul-2026","JOHNSON JOSE","Payment Success","493790"
"333","Kerala","Purchase of vans and buses for educational institutions","WS/MP100/2025-2026/202120","KOTTAYAM(DISTRICT COLLECTOR KOTTAYAM_IDA)","Shri Jose K. Mani (2024-30) (2024-2030)","Elected MP","07-Nov-2025","VE Commercial Vehicles Ltd","Payment Success","2100000"
"334","Kerala","Construction of roads, link roads, pathways or any other road with or without drainage system","WS/MP100/2025-2026/202138","KOTTAYAM(DISTRICT COLLECTOR KOTTAYAM_IDA)","Shri Jose K. Mani (2024-30) (2024-2030)","Elected MP","21-Aug-2026","ACHU ALIAS ALEX","Payment Success","399908"
"335","Kerala","Construction of roads, link roads, pathways or any other road with or without drainage system","WS/MP100/2025-2026/202139","KOTTAYAM(DISTRICT COLLECTOR KOTTAYAM_IDA)","Shri Jose K. Mani (2024-30) (2024-2030)","Elected MP","05-May-2026","V K KUNJUMOIDEEN","Payment Success","466465"
"336","Kerala","Construction of roads, link roads, pathways or any other road with or without drainage system","WS/MP100/2025-2026/202144","KOTTAYAM(DISTRICT COLLECTOR KOTTAYAM_IDA)","Shri Jose K. Mani (2024-30) (2024-2030)","Elected MP","23-May-2026","T V Manoj","Payment Success","498725"
"337","Kerala","Construction of roads, link roads, pathways or any other road with or without drainage system","WS/MP100/2025-2026/202177","KOTTAYAM(DISTRICT COLLECTOR KOTTAYAM_IDA)","Shri Jose K. Mani (2024-30) (2024-2030)","Elected MP","18-Aug-2026","ACHU ALIAS ALEX","Payment Success","382627"
"338","Kerala","Construction of roads, link roads, pathways or any other road with or without drainage system","WS/MP100/2025-2026/202183","THRISSUR(DISTRICT COLLECTOR THRISSUR_IDA)","Shri Jose K. Mani (2024-30) (2024-2030)","Elected MP","23-Jun-2026","Joseph K A","Payment Success","410100"
"339","Kerala","Construction of roads, link roads, pathways or any other road with or without drainage system","WS/MP100/2025-2026/202191","KOTTAYAM(DISTRICT COLLECTOR KOTTAYAM_IDA)","Shri Jose K. Mani (2024-30) (2024-2030)","Elected MP","13-May-2026","Babukkutty Joseph","Payment Success","481887"
"340","Kerala","Lighting of public spaces","WS/MP100/2025-2026/202198","KOTTAYAM(DISTRICT COLLECTOR KOTTAYAM_IDA)","Shri Jose K. Mani (2024-30) (2024-2030)","Elected MP","05-Aug-2026","KALLOOR ELECTRONICS AND  LIGHTING PVT LTD","Payment Success","163914"
"341","Kerala","Construction of roads, link roads, pathways or any other road with or without drainage system","WS/MP100/2025-2026/202218","KOTTAYAM(DISTRICT COLLECTOR KOTTAYAM_IDA)","Shri Jose K. Mani (2024-30) (2024-2030)","Elected MP","14-May-2026","Jins George","Payment Success","437234"
"342","Kerala","Construction of roads, link roads, pathways or any other road with or without drainage system","WS/MP100/2025-2026/202422","KOTTAYAM(DISTRICT COLLECTOR KOTTAYAM_IDA)","Shri Jose K. Mani (2024-30) (2024-2030)","Elected MP","24-Jul-2026","JOHNY JOSEPH","Payment Success","399043"
"343","Kerala","Construction of roads, link roads, pathways or any other road with or without drainage system","WS/MP100/2025-2026/202431","KOTTAYAM(DISTRICT COLLECTOR KOTTAYAM_IDA)","Shri Jose K. Mani (2024-30) (2024-2030)","Elected MP","24-Jul-2026","JOHNSON JOSE","Payment Success","691345"
"344","Kerala","Street lights","WS/MP100/2026-2027/202434","KOTTAYAM(DISTRICT COLLECTOR KOTTAYAM_IDA)","Shri Jose K. Mani (2024-30) (2024-2030)","Elected MP","24-Jun-2026","Executive Engineer","Payment Success","499970"
"345","Kerala","Purchase of IT systems, including hardware and software for educational purposes","WS/MP100/2025-2026/202445","KOTTAYAM(DISTRICT COLLECTOR KOTTAYAM_IDA)","Shri Jose K. Mani (2024-30) (2024-2030)","Elected MP","05-May-2026","KERALA STATE ELECTRONICS DEVELOPMENT CORPORATION LTD","Payment Success","176035"
"346","Kerala","Construction of roads, link roads, pathways or any other road with or without drainage system","WS/MP100/2025-2026/207575","IDUKKI(DISTRICT COLLECTOR IDUKKI_IDA)","Shri Jose K. Mani (2024-30) (2024-2030)","Elected MP","24-Jun-2026","JAYAN MOHAN","Payment Success","498168"
"347","Kerala","Construction of roads, link roads, pathways or any other road with or without drainage system","WS/MP100/2025-2026/221546","IDUKKI(DISTRICT COLLECTOR IDUKKI_IDA)","Shri Jose K. Mani (2024-30) (2024-2030)","Elected MP","24-Jul-2026","SREEKUMAR S","Payment Success","469537"
"348","Kerala","Construction of buildings for crèches and anganwadies","WS/MP101/2024-2025/90206","THRISSUR(DISTRICT COLLECTOR THRISSUR_IDA)","Shri Sandosh Kumar P (2022-28) (2022-2028)","Elected MP","27-Oct-2025","AGHIL","Payment Success","1061806"
"349","Kerala","Construction of buildings for crèches and anganwadies","WS/MP101/2024-2025/90206","THRISSUR(DISTRICT COLLECTOR THRISSUR_IDA)","Shri Sandosh Kumar P (2022-28) (2022-2028)","Elected MP","13-Nov-2025","AGHIL","Payment Success","406410"
"350","Kerala","Construction of buildings for crèches and anganwadies","WS/MP101/2024-2025/90206","THRISSUR(DISTRICT COLLECTOR THRISSUR_IDA)","Shri Sandosh Kumar P (2022-28) (2022-2028)","Elected MP","02-Feb-2026","PAULSON M I","Payment Success","141791"
"351","Kerala","Construction of buildings for crèches and anganwadies","WS/MP101/2024-2025/90206","THRISSUR(DISTRICT COLLECTOR THRISSUR_IDA)","Shri Sandosh Kumar P (2022-28) (2022-2028)","Elected MP","26-Feb-2026","AGHIL","Payment Success","819095"
"352","Kerala","Construction of public libraries and reading rooms","WS/MP101/2024-2025/90207","KOLLAM(DISTRICT COLLECTOR KOLLAM_IDA)","Shri Sandosh Kumar P (2022-28) (2022-2028)","Elected MP","15-Nov-2024","SAJUMON GEORGE","Payment Success","1383320"
"353","Kerala","Purchase of IT systems, including hardware and software for educational purposes","WS/MP101/2024-2025/90208","ERNAKULAM(DISTRICT COLLECTOR ERNAKULAM_IDA)","Shri Sandosh Kumar P (2022-28) (2022-2028)","Elected MP","25-Mar-2025","KERALA STATE ELECTRONICS DEVELOPMENT CORPORATION LTD","Payment Success","352070"
"354","Kerala","Construction of roads, link roads, pathways or any other road with or without drainage system","WS/MP101/2025-2026/90214","KANNUR(DISTRICT COLLECTOR KANNUR_IDA)","Shri Sandosh Kumar P (2022-28) (2022-2028)","Elected MP","27-May-2025","PAYYAVOOR SERVICE CO OPERATIVE BANK LIMITED NO C 179","Payment Success","1839775"
"355","Kerala","Purchase of IT systems, including hardware and software for educational purposes","WS/MP101/2025-2026/90215","KANNUR(DISTRICT COLLECTOR KANNUR_IDA)","Shri Sandosh Kumar P (2022-28) (2022-2028)","Elected MP","17-Jul-2025","KELTRON","Payment Success","1479294"
"356","Kerala","Purchase of IT systems, including hardware and software for educational purposes","WS/MP101/2025-2026/90216","KANNUR(DISTRICT COLLECTOR KANNUR_IDA)","Shri Sandosh Kumar P (2022-28) (2022-2028)","Elected MP","03-Mar-2026","F1 SOLUTIONS","Payment Success","694430"
"357","Kerala","Construction of roads, link roads, pathways or any other road with or without drainage system","WS/MP101/2025-2026/90217","KANNUR(DISTRICT COLLECTOR KANNUR_IDA)","Shri Sandosh Kumar P (2022-28) (2022-2028)","Elected MP","20-Aug-2025","SAJIN M P","Payment Success","887575"
"358","Kerala","Development of playfields and sports grounds","WS/MP101/2026-2027/90218","KANNUR(DISTRICT COLLECTOR KANNUR_IDA)","Shri Sandosh Kumar P (2022-28) (2022-2028)","Elected MP","22-Jul-2026","EMMANUAL C J","Payment Success","1494399"
"359","Kerala","Lighting of public spaces","WS/MP101/2025-2026/142057","KANNUR(DISTRICT COLLECTOR KANNUR_IDA)","Shri Sandosh Kumar P (2022-28) (2022-2028)","Elected MP","23-May-2025","INDEX ELECTRONICS","Payment Success","382737"
"360","Kerala","Construction of public libraries and reading rooms","WS/MP101/2025-2026/142786","KANNUR(DISTRICT COLLECTOR KANNUR_IDA)","Shri Sandosh Kumar P (2022-28) (2022-2028)","Elected MP","28-Jan-2026","SHINU KUNNUMMAL","Payment Success","1034629"
"361","Kerala","Construction of public libraries and reading rooms","WS/MP101/2025-2026/142786","KANNUR(DISTRICT COLLECTOR KANNUR_IDA)","Shri Sandosh Kumar P (2022-28) (2022-2028)","Elected MP","28-Jul-2026","SHINU KUNNUMMAL","Payment Success","803538"
"362","Kerala","Construction of buildings for crèches and anganwadies","WS/MP101/2024-2025/142787","THRISSUR(DISTRICT COLLECTOR THRISSUR_IDA)","Shri Sandosh Kumar P (2022-28) (2022-2028)","Elected MP","04-Nov-2024","Davis M O","Payment Success","1297803"
"363","Kerala","Construction of buildings for crèches and anganwadies","WS/MP101/2024-2025/142787","THRISSUR(DISTRICT COLLECTOR THRISSUR_IDA)","Shri Sandosh Kumar P (2022-28) (2022-2028)","Elected MP","09-Dec-2024","Davis M O","Payment Success","959188"
"364","Kerala","Construction of buildings for crèches and anganwadies","WS/MP101/2024-2025/142787","THRISSUR(DISTRICT COLLECTOR THRISSUR_IDA)","Shri Sandosh Kumar P (2022-28) (2022-2028)","Elected MP","22-Apr-2025","Davis M O","Payment Success","305492"
"365","Kerala","Construction of buildings for crèches and anganwadies","WS/MP101/2024-2025/142787","THRISSUR(DISTRICT COLLECTOR THRISSUR_IDA)","Shri Sandosh Kumar P (2022-28) (2022-2028)","Elected MP","22-Apr-2025","KIRAN M G","Payment Success","177199"
"366","Kerala","Lighting of public spaces","WS/MP101/2025-2026/149421","KANNUR(DISTRICT COLLECTOR KANNUR_IDA)","Shri Sandosh Kumar P (2022-28) (2022-2028)","Elected MP","06-Aug-2026","Index Electronics","Payment Success","382737"
"367","Kerala","Lighting of public spaces","WS/MP101/2025-2026/149422","KANNUR(DISTRICT COLLECTOR KANNUR_IDA)","Shri Sandosh Kumar P (2022-28) (2022-2028)","Elected MP","15-Jul-2025","INDEX ELECTRONICS","Payment Success","382737"
"368","Kerala","Providing sports equipment, except consumable items","WS/MP101/2025-2026/152124","KANNUR(DISTRICT COLLECTOR KANNUR_IDA)","Shri Sandosh Kumar P (2022-28) (2022-2028)","Elected MP","11-Jul-2025","KINDER SPORTS LLP","Payment Success","98332"
"369","Kerala","Construction of roads, link roads, pathways or any other road with or without drainage system","WS/MP101/2024-2025/153062","KANNUR(DISTRICT COLLECTOR KANNUR_IDA)","Shri Sandosh Kumar P (2022-28) (2022-2028)","Elected MP","04-Dec-2024","BABU M J","Payment Success","767270"
"370","Kerala","Purchase of vans and buses for educational institutions","WS/MP101/2024-2025/153063","KANNUR(DISTRICT COLLECTOR KANNUR_IDA)","Shri Sandosh Kumar P (2022-28) (2022-2028)","Elected MP","19-Dec-2024","VE Commercial Vehicles Ltd","Payment Success","2026076"
"371","Kerala","Purchase of vans and buses for educational institutions","WS/MP101/2024-2025/153063","KANNUR(DISTRICT COLLECTOR KANNUR_IDA)","Shri Sandosh Kumar P (2022-28) (2022-2028)","Elected MP","08-Dec-2025","VE Commercial Vehicles Ltd","Payment Success","225119"
"372","Kerala","Purchase of vans and buses for educational institutions","WS/MP101/2024-2025/153063","KANNUR(DISTRICT COLLECTOR KANNUR_IDA)","Shri Sandosh Kumar P (2022-28) (2022-2028)","Elected MP","08-Dec-2025","P S N AUTOMOTIVE MARKETING PVT LTD","Payment Success","121686"
"373","Kerala","Purchase of vans and buses for educational institutions","WS/MP101/2024-2025/153064","KANNUR(DISTRICT COLLECTOR KANNUR_IDA)","Shri Sandosh Kumar P (2022-28) (2022-2028)","Elected MP","19-Dec-2024","VE Commercial Vehicles Ltd","Payment Success","2026076"
"374","Kerala","Purchase of vans and buses for educational institutions","WS/MP101/2024-2025/153064","KANNUR(DISTRICT COLLECTOR KANNUR_IDA)","Shri Sandosh Kumar P (2022-28) (2022-2028)","Elected MP","08-Dec-2025","VE Commercial Vehicles Ltd","Payment Success","225119"
"375","Kerala","Purchase of vans and buses for educational institutions","WS/MP101/2024-2025/153064","KANNUR(DISTRICT COLLECTOR KANNUR_IDA)","Shri Sandosh Kumar P (2022-28) (2022-2028)","Elected MP","08-Dec-2025","P S N AUTOMOTIVE MARKETING PVT LTD","Payment Success","121686"
"376","Kerala","Construction of culverts and bridges","WS/MP101/2024-2025/158160","KANNUR(DISTRICT COLLECTOR KANNUR_IDA)","Shri Sandosh Kumar P (2022-28) (2022-2028)","Elected MP","27-Dec-2024","JAMES K M","Payment Success","1153474"
"377","Kerala","Construction of culverts and bridges","WS/MP101/2024-2025/158160","KANNUR(DISTRICT COLLECTOR KANNUR_IDA)","Shri Sandosh Kumar P (2022-28) (2022-2028)","Elected MP","15-Jul-2026","JAMES K M","Payment Success","1703513"
"378","Kerala","Purchase of vans and buses for educational institutions","WS/MP101/2025-2026/172958","KANNUR(DISTRICT COLLECTOR KANNUR_IDA)","Shri Sandosh Kumar P (2022-28) (2022-2028)","Elected MP","29-Oct-2025","SML ISUZU LTD","Payment Success","1665000"
"379","Kerala","Purchase of vans and buses for educational institutions","WS/MP101/2025-2026/172961","KOZHIKODE(DISTRICT COLLECTOR KOZHIKODE_IDA)","Shri Sandosh Kumar P (2022-28) (2022-2028)","Elected MP","03-Oct-2025","TATA MOTORS","Payment Success","1723220"
"380","Kerala","Purchase of vans and buses for educational institutions","WS/MP101/2025-2026/176096","KOTTAYAM(DISTRICT COLLECTOR KOTTAYAM_IDA)","Shri Sandosh Kumar P (2022-28) (2022-2028)","Elected MP","19-Aug-2025","VE Commercial Vehicles Ltd","Payment Success","2409853"
"381","Kerala","Purchase of vans and buses for educational institutions","WS/MP101/2025-2026/176096","KOTTAYAM(DISTRICT COLLECTOR KOTTAYAM_IDA)","Shri Sandosh Kumar P (2022-28) (2022-2028)","Elected MP","22-Aug-2025","AVG VEHICLE SALES  SERVICE PVT LTD","Payment Success","48000"
"382","Kerala","Purchase of vans and buses for educational institutions","WS/MP101/2025-2026/176096","KOTTAYAM(DISTRICT COLLECTOR KOTTAYAM_IDA)","Shri Sandosh Kumar P (2022-28) (2022-2028)","Elected MP","09-Oct-2025","Head Master Bharatheeya Vidya Mandiram UPS  Kidangoor","Payment Success","40254"
"383","Kerala","Lighting of public spaces","WS/MP101/2024-2025/180690","KANNUR(DISTRICT COLLECTOR KANNUR_IDA)","Shri Sandosh Kumar P (2022-28) (2022-2028)","Elected MP","18-Mar-2025","INDEX ELECTRONICS","Payment Success","382737"
"384","Kerala","Lighting of public spaces","WS/MP101/2024-2025/180691","KANNUR(DISTRICT COLLECTOR KANNUR_IDA)","Shri Sandosh Kumar P (2022-28) (2022-2028)","Elected MP","17-Mar-2025","Index Electronics","Payment Success","382737"
"385","Kerala","Lighting of public spaces","WS/MP101/2024-2025/180692","KANNUR(DISTRICT COLLECTOR KANNUR_IDA)","Shri Sandosh Kumar P (2022-28) (2022-2028)","Elected MP","14-Mar-2025","Index Electronics","Payment Success","382737"
"386","Kerala","Lighting of public spaces","WS/MP101/2025-2026/180693","KANNUR(DISTRICT COLLECTOR KANNUR_IDA)","Shri Sandosh Kumar P (2022-28) (2022-2028)","Elected MP","30-Apr-2025","INDEX ELECTRONICS","Payment Success","382737"
"387","Kerala","Construction of roads, link roads, pathways or any other road with or without drainage system","WS/MP101/2025-2026/180694","KANNUR(DISTRICT COLLECTOR KANNUR_IDA)","Shri Sandosh Kumar P (2022-28) (2022-2028)","Elected MP","27-May-2025","PAUL M D","Payment Success","864113"
"388","Kerala","Construction of rooms and facilities for hospitals, FWC , PHC Centers and ANM centers","WS/MP101/2025-2026/185996","KANNUR(DISTRICT COLLECTOR KANNUR_IDA)","Shri Sandosh Kumar P (2022-28) (2022-2028)","Elected MP","28-May-2025","SHAJI M K","Payment Success","2194072"
"389","Kerala","Construction of rooms and facilities for hospitals, FWC , PHC Centers and ANM centers","WS/MP101/2025-2026/185996","KANNUR(DISTRICT COLLECTOR KANNUR_IDA)","Shri Sandosh Kumar P (2022-28) (2022-2028)","Elected MP","31-Jul-2026","MADHUSUTHANAN K P","Payment Success","171788"
"390","Kerala","Construction of buildings for sports facilities","WS/MP101/2025-2026/185997","KANNUR(DISTRICT COLLECTOR KANNUR_IDA)","Shri Sandosh Kumar P (2022-28) (2022-2028)","Elected MP","18-Aug-2025","JAMES K M","Payment Success","1495993"
"391","Kerala","Construction of roads, link roads, pathways or any other road with or without drainage system","WS/MP101/2026-2027/186008","KANNUR(DISTRICT COLLECTOR KANNUR_IDA)","Shri Sandosh Kumar P (2022-28) (2022-2028)","Elected MP","22-Jul-2026","SAJI C","Payment Success","773901"
"392","Kerala","Construction of roads, link roads, pathways or any other road with or without drainage system","WS/MP101/2026-2027/186008","KANNUR(DISTRICT COLLECTOR KANNUR_IDA)","Shri Sandosh Kumar P (2022-28) (2022-2028)","Elected MP","17-Aug-2026","SAJI C","Payment Success","831941"
"393","Kerala","Lighting of public spaces","WS/MP101/2025-2026/186009","KANNUR(DISTRICT COLLECTOR KANNUR_IDA)","Shri Sandosh Kumar P (2022-28) (2022-2028)","Elected MP","19-Jul-2025","INDEX ELECTRONICS","Payment Success","382737"
"394","Kerala","Construction of roads, link roads, pathways or any other road with or without drainage system","WS/MP101/2025-2026/186016","KANNUR(DISTRICT COLLECTOR KANNUR_IDA)","Shri Sandosh Kumar P (2022-28) (2022-2028)","Elected MP","03-Sep-2025","MATHEW P M","Payment Success","909751"
"395","Kerala","Construction of public libraries and reading rooms","WS/MP101/2025-2026/186021","KOLLAM(DISTRICT COLLECTOR KOLLAM_IDA)","Shri Sandosh Kumar P (2022-28) (2022-2028)","Elected MP","08-Jan-2026","SAJEEV K","Payment Success","985640"
"396","Kerala","Construction of public libraries and reading rooms","WS/MP101/2025-2026/186021","KOLLAM(DISTRICT COLLECTOR KOLLAM_IDA)","Shri Sandosh Kumar P (2022-28) (2022-2028)","Elected MP","07-May-2026","SAJEEV K","Payment Success","746927"
"397","Kerala","Construction of rooms and halls in school and colleges","WS/MP101/2025-2026/190622","KOLLAM(DISTRICT COLLECTOR KOLLAM_IDA)","Shri Sandosh Kumar P (2022-28) (2022-2028)","Elected MP","21-May-2025","GOPALA KRISHNAN P","Payment Success","279656"
"398","Kerala","Construction of rooms and halls in school and colleges","WS/MP101/2025-2026/190622","KOLLAM(DISTRICT COLLECTOR KOLLAM_IDA)","Shri Sandosh Kumar P (2022-28) (2022-2028)","Elected MP","10-Aug-2026","JOB JAMES","Payment Success","764647"
"399","Kerala","Purchase of hearse van (Four, three and two wheelers)","WS/MP101/2025-2026/194571","KASARAGOD(DISTRICT COLLECTOR KASARAGOD_IDA)","Shri Sandosh Kumar P (2022-28) (2022-2028)","Elected MP","19-Aug-2025","Kerala State Differently Abled Welfare Corporation Limited","Payment Success","127050"
"400","Kerala","Purchase of vans and buses for educational institutions","WS/MP101/2025-2026/205263","PALAKKAD(DISTRICT COLLECTOR PALAKKAD_IDA)","Shri Sandosh Kumar P (2022-28) (2022-2028)","Elected MP","30-Jan-2026","VE Commercial Vehicles Ltd","Payment Success","2289307"
"401","Kerala","Purchase of vans and buses for educational institutions","WS/MP101/2025-2026/205263","PALAKKAD(DISTRICT COLLECTOR PALAKKAD_IDA)","Shri Sandosh Kumar P (2022-28) (2022-2028)","Elected MP","05-Feb-2026","The Head Mistress","Payment Success","102234"
"402","Kerala","Lighting of public spaces","WS/MP101/2025-2026/207833","KANNUR(DISTRICT COLLECTOR KANNUR_IDA)","Shri Sandosh Kumar P (2022-28) (2022-2028)","Elected MP","31-Dec-2025","INDEX ELECTRONICS","Payment Success","382737"
"403","Kerala","Construction of bus-sheds or bus-stops","WS/MP101/2026-2027/207834","KANNUR(DISTRICT COLLECTOR KANNUR_IDA)","Shri Sandosh Kumar P (2022-28) (2022-2028)","Elected MP","13-Jul-2026","BIJU THACHOLI","Payment Success","377453"
"404","Kerala","Purchase of books and periodicals for libraries/digitization of library books","WS/MP101/2026-2027/207842","KANNUR(DISTRICT COLLECTOR KANNUR_IDA)","Shri Sandosh Kumar P (2022-28) (2022-2028)","Elected MP","29-Jun-2026","Secretary","Payment Success","200000"
"405","Kerala","Lighting of public spaces","WS/MP101/2026-2027/207846","KANNUR(DISTRICT COLLECTOR KANNUR_IDA)","Shri Sandosh Kumar P (2022-28) (2022-2028)","Elected MP","21-May-2026","INDEX ELECTRONICS","Payment Success","389995"
"406","Kerala","Purchase of IT systems, including hardware and software for educational purposes","WS/MP101/2025-2026/222857","KOLLAM(DISTRICT COLLECTOR KOLLAM_IDA)","Shri Sandosh Kumar P (2022-28) (2022-2028)","Elected MP","29-May-2026","Pioneer Cooltech","Payment Success","241952"
"407","Kerala","Purchase of IT systems, including hardware and software for educational purposes","WS/MP101/2025-2026/222857","KOLLAM(DISTRICT COLLECTOR KOLLAM_IDA)","Shri Sandosh Kumar P (2022-28) (2022-2028)","Elected MP","17-Jun-2026","STRAW BOARD FACTORY","Payment Success","321857"
"408","Kerala","Purchase of vans and buses for educational institutions","WS/MP101/2025-2026/222859","ALAPPUZHA(DISTRICT COLLECTOR ALAPPUZHA_IDA)","Shri Sandosh Kumar P (2022-28) (2022-2028)","Elected MP","11-Mar-2026","PRINCIPAL TD MEDICAL COLLEGE","Payment Success","2668097"
"409","Kerala","Construction of roads, link roads, pathways or any other road with or without drainage system","WS/MP101/2026-2027/226446","KANNUR(DISTRICT COLLECTOR KANNUR_IDA)","Shri Sandosh Kumar P (2022-28) (2022-2028)","Elected MP","08-Jul-2026","NIZAR M V","Payment Success","442232"
"410","Kerala","Lighting of public spaces","WS/MP101/2026-2027/226447","KANNUR(DISTRICT COLLECTOR KANNUR_IDA)","Shri Sandosh Kumar P (2022-28) (2022-2028)","Elected MP","14-May-2026","INDEX ELECTRONICS","Payment Success","199998"
"411","Kerala","Lighting of public spaces","WS/MP101/2026-2027/226448","KANNUR(DISTRICT COLLECTOR KANNUR_IDA)","Shri Sandosh Kumar P (2022-28) (2022-2028)","Elected MP","14-May-2026","INDEX ELECTRONICS","Payment Success","199998"
"412","Kerala","Purchase of vans and buses for educational institutions","WS/MP101/2025-2026/240839","WAYANAD(DISTRICT COLLECTOR WAYANAD_IDA)","Shri Sandosh Kumar P (2022-28) (2022-2028)","Elected MP","06-Jul-2026","SML ISUZU LTD","Payment Success","2060240"
"413","Kerala","Purchase of vans and buses for educational institutions","WS/MP101/2026-2027/267123","KANNUR(DISTRICT COLLECTOR KANNUR_IDA)","Shri Sandosh Kumar P (2022-28) (2022-2028)","Elected MP","04-Jul-2026","TATA MOTORS","Payment Success","488145"
"414","Kerala","Construction of roads, link roads, pathways or any other road with or without drainage system","WS/MP101/2026-2027/269586","KANNUR(DISTRICT COLLECTOR KANNUR_IDA)","Shri Sandosh Kumar P (2022-28) (2022-2028)","Elected MP","14-May-2026","The Pappinisseri Cooperative Rural Bank","Payment Success","989632"
"415","Kerala","Lighting of public spaces","WS/MP101/2026-2027/282437","THIRUVANANTHAPURAM(DISTRICT COLLECTOR THIRUVANANTHAPURAM_IDA)","Shri Sandosh Kumar P (2022-28) (2022-2028)","Elected MP","24-Aug-2026","MERKURY ELECTRICAL CORPORATION","Payment Success","235000"
"416","Kerala","Lighting of public spaces","WS/MP101/2026-2027/282438","THIRUVANANTHAPURAM(DISTRICT COLLECTOR THIRUVANANTHAPURAM_IDA)","Shri Sandosh Kumar P (2022-28) (2022-2028)","Elected MP","24-Aug-2026","MERKURY ELECTRICAL CORPORATION","Payment Success","235000"
"417","Kerala","Lighting of public spaces","WS/MP101/2026-2027/282439","THIRUVANANTHAPURAM(DISTRICT COLLECTOR THIRUVANANTHAPURAM_IDA)","Shri Sandosh Kumar P (2022-28) (2022-2028)","Elected MP","24-Aug-2026","MERKURY ELECTRICAL CORPORATION","Payment Success","235000"
"418","Kerala","Lighting of public spaces","WS/MP101/2026-2027/282440","THIRUVANANTHAPURAM(DISTRICT COLLECTOR THIRUVANANTHAPURAM_IDA)","Shri Sandosh Kumar P (2022-28) (2022-2028)","Elected MP","24-Aug-2026","MERKURY ELECTRICAL CORPORATION","Payment Success","235000"
"419","Kerala","Construction of roads, link roads, pathways or any other road with or without drainage system","WS/MP101/2026-2027/299059","WAYANAD(DISTRICT COLLECTOR WAYANAD_IDA)","Shri Sandosh Kumar P (2022-28) (2022-2028)","Elected MP","22-Aug-2026","ABHILASH K K","Payment In-Progress","964189"
"420","Kerala","Purchase of vans and buses for educational institutions","WS/MP102/2025-2026/134502","PATHANAMTHITTA(DISTRICT COLLECTOR PATHANAMTHITTA_IDA)","Smt. Jebi Mather Hisham (2022-28) (2022-2028)","Elected MP","28-Mar-2026","SML ISUZU LTD","Payment Success","1830400"
"421","Kerala","Lighting of public spaces","WS/MP102/2024-2025/143508","MALAPPURAM(DISTRICT COLLECTOR MALAPPURAM_IDA)","Smt. Jebi Mather Hisham (2022-28) (2022-2028)","Elected MP","28-Jan-2026","SREEKUMARAN THAMPI","Payment Success","341238"
"422","Kerala","Lighting of public spaces","WS/MP102/2024-2025/143508","MALAPPURAM(DISTRICT COLLECTOR MALAPPURAM_IDA)","Smt. Jebi Mather Hisham (2022-28) (2022-2028)","Elected MP","28-Jan-2026","JITHIN MOHAN KS","Payment Success","7248"
"423","Kerala","Lighting of public spaces","WS/MP102/2024-2025/143508","MALAPPURAM(DISTRICT COLLECTOR MALAPPURAM_IDA)","Smt. Jebi Mather Hisham (2022-28) (2022-2028)","Elected MP","28-Jan-2026","MUHAMMED BASHEER K","Payment Success","1812"
"424","Kerala","Construction of roads, link roads, pathways or any other road with or without drainage system","WS/MP102/2024-2025/143509","MALAPPURAM(DISTRICT COLLECTOR MALAPPURAM_IDA)","Smt. Jebi Mather Hisham (2022-28) (2022-2028)","Elected MP","27-Mar-2025","Mathukutty K V","Payment Success","1182943"
"425","Kerala","Construction of roads, link roads, pathways or any other road with or without drainage system","WS/MP102/2024-2025/143510","MALAPPURAM(DISTRICT COLLECTOR MALAPPURAM_IDA)","Smt. Jebi Mather Hisham (2022-28) (2022-2028)","Elected MP","19-Sep-2025","UNNIMAMMUTTY","Payment Success","1181915"
"426","Kerala","Lighting of public spaces","WS/MP102/2024-2025/143511","KOZHIKODE(DISTRICT COLLECTOR KOZHIKODE_IDA)","Smt. Jebi Mather Hisham (2022-28) (2022-2028)","Elected MP","10-Mar-2025","United Electrical Industries LTD","Payment Success","435267"
"427","Kerala","Construction of roads, link roads, pathways or any other road with or without drainage system","WS/MP102/2024-2025/143580","MALAPPURAM(DISTRICT COLLECTOR MALAPPURAM_IDA)","Smt. Jebi Mather Hisham (2022-28) (2022-2028)","Elected MP","21-Jan-2026","Abdul Nazar Tp","Payment Success","768794"
"428","Kerala","Purchase of vans and buses for educational institutions","WS/MP102/2024-2025/143581","WAYANAD(DISTRICT COLLECTOR WAYANAD_IDA)","Smt. Jebi Mather Hisham (2022-28) (2022-2028)","Elected MP","12-Feb-2025","SML ISUZU LTD","Payment Success","2341820"
"429","Kerala","Purchase of vehicle for mobile dispensaries (Four, three and two wheelers)","WS/MP102/2024-2025/143582","WAYANAD(DISTRICT COLLECTOR WAYANAD_IDA)","Smt. Jebi Mather Hisham (2022-28) (2022-2028)","Elected MP","24-Jan-2025","Mahindra  Ltd","Payment Success","907863"
"430","Kerala","Purchase of vehicle for mobile dispensaries (Four, three and two wheelers)","WS/MP102/2024-2025/143583","WAYANAD(DISTRICT COLLECTOR WAYANAD_IDA)","Smt. Jebi Mather Hisham (2022-28) (2022-2028)","Elected MP","24-Jan-2025","Mahindra  Ltd","Payment Success","907863"
"431","Kerala","Construction of roads, link roads, pathways or any other road with or without drainage system","WS/MP102/2024-2025/143620","KOZHIKODE(DISTRICT COLLECTOR KOZHIKODE_IDA)","Smt. Jebi Mather Hisham (2022-28) (2022-2028)","Elected MP","21-Mar-2025","VIJEESH KUMAR V K","Payment Success","869076"
"432","Kerala","Construction of roads, link roads, pathways or any other road with or without drainage system","WS/MP102/2024-2025/143621","KOZHIKODE(DISTRICT COLLECTOR KOZHIKODE_IDA)","Smt. Jebi Mather Hisham (2022-28) (2022-2028)","Elected MP","25-Jul-2026","C SAJEESH","Payment Success","771065"
"433","Kerala","Construction of roads, link roads, pathways or any other road with or without drainage system","WS/MP102/2024-2025/143622","KOZHIKODE(DISTRICT COLLECTOR KOZHIKODE_IDA)","Smt. Jebi Mather Hisham (2022-28) (2022-2028)","Elected MP","02-May-2025","Kunhamu M K","Payment Success","925424"
"434","Kerala","Construction of roads, link roads, pathways or any other road with or without drainage system","WS/MP102/2024-2025/143812","KOZHIKODE(DISTRICT COLLECTOR KOZHIKODE_IDA)","Smt. Jebi Mather Hisham (2022-28) (2022-2028)","Elected MP","31-Jul-2025","SADANANDAN A K","Payment Success","1516587"
"435","Kerala","Construction of roads, link roads, pathways or any other road with or without drainage system","WS/MP102/2024-2025/143813","KOZHIKODE(DISTRICT COLLECTOR KOZHIKODE_IDA)","Smt. Jebi Mather Hisham (2022-28) (2022-2028)","Elected MP","29-Nov-2024","Gafoor T","Payment Success","1532503"
"436","Kerala","Construction of rooms and facilities for hospitals, FWC , PHC Centers and ANM centers","WS/MP102/2024-2025/143933","ERNAKULAM(DISTRICT COLLECTOR ERNAKULAM_IDA)","Smt. Jebi Mather Hisham (2022-28) (2022-2028)","Elected MP","25-Feb-2025","ABDUL SAMAD K K","Payment Success","1103099"
"437","Kerala","Construction of rooms and facilities for hospitals, FWC , PHC Centers and ANM centers","WS/MP102/2024-2025/143933","ERNAKULAM(DISTRICT COLLECTOR ERNAKULAM_IDA)","Smt. Jebi Mather Hisham (2022-28) (2022-2028)","Elected MP","06-Oct-2025","Abdul Smad K K","Payment Success","716336"
"438","Kerala","Construction of rooms and facilities for hospitals, FWC , PHC Centers and ANM centers","WS/MP102/2024-2025/143933","ERNAKULAM(DISTRICT COLLECTOR ERNAKULAM_IDA)","Smt. Jebi Mather Hisham (2022-28) (2022-2028)","Elected MP","24-Feb-2026","DINU FRANCIS KALLOOR","Payment Success","100140"
"439","Kerala","Construction of rooms and facilities for hospitals, FWC , PHC Centers and ANM centers","WS/MP102/2024-2025/143933","ERNAKULAM(DISTRICT COLLECTOR ERNAKULAM_IDA)","Smt. Jebi Mather Hisham (2022-28) (2022-2028)","Elected MP","11-May-2026","Abdul Smad K K","Payment Success","794365"
"440","Kerala","Construction of roads, link roads, pathways or any other road with or without drainage system","WS/MP102/2024-2025/143966","PALAKKAD(DISTRICT COLLECTOR PALAKKAD_IDA)","Smt. Jebi Mather Hisham (2022-28) (2022-2028)","Elected MP","05-Jun-2025","C K BABU","Payment Success","771134"
"441","Kerala","Construction of roads, link roads, pathways or any other road with or without drainage system","WS/MP102/2024-2025/143988","KASARAGOD(DISTRICT COLLECTOR KASARAGOD_IDA)","Smt. Jebi Mather Hisham (2022-28) (2022-2028)","Elected MP","22-Mar-2025","T THAMBAN","Payment Success","2370254"
"442","Kerala","Construction of roads, link roads, pathways or any other road with or without drainage system","WS/MP102/2024-2025/144906","WAYANAD(DISTRICT COLLECTOR WAYANAD_IDA)","Smt. Jebi Mather Hisham (2022-28) (2022-2028)","Elected MP","20-Jul-2026","Overseas Construction and Labour Contract","Payment Success","1479170"
"443","Kerala","Lighting of public spaces","WS/MP102/2024-2025/147194","KOZHIKODE(DISTRICT COLLECTOR KOZHIKODE_IDA)","Smt. Jebi Mather Hisham (2022-28) (2022-2028)","Elected MP","06-Jan-2026","OVONIC ENERGY ENGINEERING PVT LTD","Payment Success","356703"
"444","Kerala","Lighting of public spaces","WS/MP102/2024-2025/147195","KOZHIKODE(DISTRICT COLLECTOR KOZHIKODE_IDA)","Smt. Jebi Mather Hisham (2022-28) (2022-2028)","Elected MP","24-Jan-2026","OVONIC ENERGY ENGINEERING PVT LTD","Payment Success","393152"
"445","Kerala","Lighting of public spaces","WS/MP102/2024-2025/147196","KOZHIKODE(DISTRICT COLLECTOR KOZHIKODE_IDA)","Smt. Jebi Mather Hisham (2022-28) (2022-2028)","Elected MP","10-Nov-2025","OVONIC ENERGY ENGINEERING PVT LTD","Payment Success","366918"
"446","Kerala","Construction of rooms and facilities for hospitals, FWC , PHC Centers and ANM centers","WS/MP102/2024-2025/147349","MALAPPURAM(DISTRICT COLLECTOR MALAPPURAM_IDA)","Smt. Jebi Mather Hisham (2022-28) (2022-2028)","Elected MP","10-Mar-2025","SAHEEM VT","Payment Success","737410"
"447","Kerala","Construction of roads, link roads, pathways or any other road with or without drainage system","WS/MP102/2024-2025/156752","WAYANAD(DISTRICT COLLECTOR WAYANAD_IDA)","Smt. Jebi Mather Hisham (2022-28) (2022-2028)","Elected MP","17-Jul-2026","Renjith k","Payment Success","779147"
"448","Kerala","Construction of rooms and halls in school and colleges","WS/MP102/2024-2025/156869","WAYANAD(DISTRICT COLLECTOR WAYANAD_IDA)","Smt. Jebi Mather Hisham (2022-28) (2022-2028)","Elected MP","07-Jul-2025","DISTRICT NIRMITHI KENDRA","Payment Success","300000"
"449","Kerala","Construction of rooms and halls in school and colleges","WS/MP102/2024-2025/156869","WAYANAD(DISTRICT COLLECTOR WAYANAD_IDA)","Smt. Jebi Mather Hisham (2022-28) (2022-2028)","Elected MP","29-Oct-2025","DISTRICT NIRMITHI KENDRA","Payment Success","1200000"
"450","Kerala","Lighting of public spaces","WS/MP102/2026-2027/163266","KOZHIKODE(DISTRICT COLLECTOR KOZHIKODE_IDA)","Smt. Jebi Mather Hisham (2022-28) (2022-2028)","Elected MP","18-May-2026","ALLUMINA ELECTRONICS","Payment Success","197945"
"451","Kerala","Purchase of IT systems, including hardware and software for educational purposes","WS/MP102/2025-2026/168388","KOZHIKODE(DISTRICT COLLECTOR KOZHIKODE_IDA)","Smt. Jebi Mather Hisham (2022-28) (2022-2028)","Elected MP","07-Nov-2025","GAIN INFOSYSTEMS PRIVATE LIMITED","Payment Success","179750"
"452","Kerala","Purchase of IT systems, including hardware and software for educational purposes","WS/MP102/2025-2026/168452","KOZHIKODE(DISTRICT COLLECTOR KOZHIKODE_IDA)","Smt. Jebi Mather Hisham (2022-28) (2022-2028)","Elected MP","14-Oct-2025","GAIN INFOSYSTEMS PRIVATE LIMITED","Payment Success","179750"
"453","Kerala","Purchase of IT systems, including hardware and software for educational purposes","WS/MP102/2025-2026/168454","KOZHIKODE(DISTRICT COLLECTOR KOZHIKODE_IDA)","Smt. Jebi Mather Hisham (2022-28) (2022-2028)","Elected MP","07-Nov-2025","GAIN INFOSYSTEMS PRIVATE LIMITED","Payment Success","179750"
"454","Kerala","Purchase of IT systems, including hardware and software for educational purposes","WS/MP102/2025-2026/168455","KOZHIKODE(DISTRICT COLLECTOR KOZHIKODE_IDA)","Smt. Jebi Mather Hisham (2022-28) (2022-2028)","Elected MP","07-Nov-2025","GAIN INFOSYSTEMS PRIVATE LIMITED","Payment Success","383500"
"455","Kerala","Lighting of public spaces","WS/MP102/2026-2027/168457","KOZHIKODE(DISTRICT COLLECTOR KOZHIKODE_IDA)","Smt. Jebi Mather Hisham (2022-28) (2022-2028)","Elected MP","18-May-2026","ALLUMINA ELECTRONICS","Payment Success","197945"
"456","Kerala","Purchase of IT systems, including hardware and software for educational purposes","WS/MP102/2025-2026/168458","KOZHIKODE(DISTRICT COLLECTOR KOZHIKODE_IDA)","Smt. Jebi Mather Hisham (2022-28) (2022-2028)","Elected MP","04-Nov-2025","GAIN INFOSYSTEMS PRIVATE LIMITED","Payment Success","587250"
"457","Kerala","Purchase of IT systems, including hardware and software for educational purposes","WS/MP102/2025-2026/168463","KOZHIKODE(DISTRICT COLLECTOR KOZHIKODE_IDA)","Smt. Jebi Mather Hisham (2022-28) (2022-2028)","Elected MP","16-Oct-2025","GAIN INFOSYSTEMS PRIVATE LIMITED","Payment Success","465000"
"458","Kerala","Purchase of IT systems, including hardware and software for educational purposes","WS/MP102/2025-2026/168465","KOZHIKODE(DISTRICT COLLECTOR KOZHIKODE_IDA)","Smt. Jebi Mather Hisham (2022-28) (2022-2028)","Elected MP","07-Nov-2025","GAIN INFOSYSTEMS PRIVATE LIMITED","Payment Success","587250"
"459","Kerala","Construction of roads, link roads, pathways or any other road with or without drainage system","WS/MP102/2025-2026/170141","KANNUR(DISTRICT COLLECTOR KANNUR_IDA)","Smt. Jebi Mather Hisham (2022-28) (2022-2028)","Elected MP","04-Feb-2026","BIJU E P","Payment Success","1172324"
"460","Kerala","Lighting of public spaces","WS/MP102/2024-2025/173957","KOZHIKODE(DISTRICT COLLECTOR KOZHIKODE_IDA)","Smt. Jebi Mather Hisham (2022-28) (2022-2028)","Elected MP","31-Jul-2025","Kerala Electrical And Allied Engineering Company","Payment Success","449249"
"461","Kerala","Construction of roads, link roads, pathways or any other road with or without drainage system","WS/MP102/2025-2026/174948","WAYANAD(DISTRICT COLLECTOR WAYANAD_IDA)","Smt. Jebi Mather Hisham (2022-28) (2022-2028)","Elected MP","17-Jul-2026","Sebastain OJ","Payment Success","484374"
"462","Kerala","Construction of rooms and halls in school and colleges","WS/MP102/2024-2025/174967","MALAPPURAM(DISTRICT COLLECTOR MALAPPURAM_IDA)","Smt. Jebi Mather Hisham (2022-28) (2022-2028)","Elected MP","03-Jul-2026","ANEESBABU P","Payment Success","1301086"
"463","Kerala","Lighting of public spaces","WS/MP102/2025-2026/174968","MALAPPURAM(DISTRICT COLLECTOR MALAPPURAM_IDA)","Smt. Jebi Mather Hisham (2022-28) (2022-2028)","Elected MP","21-Oct-2025","HASHID CK","Payment Success","369854"
"464","Kerala","Lighting of public spaces","WS/MP102/2025-2026/174968","MALAPPURAM(DISTRICT COLLECTOR MALAPPURAM_IDA)","Smt. Jebi Mather Hisham (2022-28) (2022-2028)","Elected MP","21-Oct-2025","MUHAMMED BASHEER K","Payment Success","1812"
"465","Kerala","Lighting of public spaces","WS/MP102/2025-2026/174968","MALAPPURAM(DISTRICT COLLECTOR MALAPPURAM_IDA)","Smt. Jebi Mather Hisham (2022-28) (2022-2028)","Elected MP","21-Oct-2025","JITHIN MOHAN KS","Payment Success","7248"
"466","Kerala","Lighting of public spaces","WS/MP102/2025-2026/174969","MALAPPURAM(DISTRICT COLLECTOR MALAPPURAM_IDA)","Smt. Jebi Mather Hisham (2022-28) (2022-2028)","Elected MP","10-Oct-2025","HASHID CK","Payment Success","366353"
"467","Kerala","Lighting of public spaces","WS/MP102/2025-2026/174969","MALAPPURAM(DISTRICT COLLECTOR MALAPPURAM_IDA)","Smt. Jebi Mather Hisham (2022-28) (2022-2028)","Elected MP","10-Oct-2025","JITHIN MOHAN KS","Payment Success","7248"
"468","Kerala","Lighting of public spaces","WS/MP102/2025-2026/174969","MALAPPURAM(DISTRICT COLLECTOR MALAPPURAM_IDA)","Smt. Jebi Mather Hisham (2022-28) (2022-2028)","Elected MP","10-Oct-2025","MUHAMMED BASHEER K","Payment Success","1812"
"469","Kerala","Lighting of public spaces","WS/MP102/2024-2025/174970","MALAPPURAM(DISTRICT COLLECTOR MALAPPURAM_IDA)","Smt. Jebi Mather Hisham (2022-28) (2022-2028)","Elected MP","28-Jan-2026","DEPUTY MANAGER KELTRON","Payment Success","333416"
"470","Kerala","Lighting of public spaces","WS/MP102/2024-2025/174970","MALAPPURAM(DISTRICT COLLECTOR MALAPPURAM_IDA)","Smt. Jebi Mather Hisham (2022-28) (2022-2028)","Elected MP","28-Jan-2026","JITHIN MOHAN KS","Payment Success","1812"
"471","Kerala","Construction of rooms and halls in school and colleges","WS/MP102/2024-2025/176274","KOTTAYAM(DISTRICT COLLECTOR KOTTAYAM_IDA)","Smt. Jebi Mather Hisham (2022-28) (2022-2028)","Elected MP","28-May-2025","JOY ABRAHAM","Payment Success","1408120"
"472","Kerala","Construction of community centers and community halls","WS/MP102/2025-2026/189671","IDUKKI(DISTRICT COLLECTOR IDUKKI_IDA)","Smt. Jebi Mather Hisham (2022-28) (2022-2028)","Elected MP","27-Jul-2026","Stephan Joseph","Payment Success","819349"
"473","Kerala","Purchase of vans and buses for educational institutions","WS/MP102/2025-2026/207612","IDUKKI(DISTRICT COLLECTOR IDUKKI_IDA)","Smt. Jebi Mather Hisham (2022-28) (2022-2028)","Elected MP","03-Mar-2026","VE Commercial Vehicles Ltd","Payment Success","2126729"
"474","Kerala","Purchase of vans and buses for educational institutions","WS/MP102/2025-2026/207612","IDUKKI(DISTRICT COLLECTOR IDUKKI_IDA)","Smt. Jebi Mather Hisham (2022-28) (2022-2028)","Elected MP","03-Mar-2026","HEADMASTER UPPUTHODE","Payment Success","101000"
"475","Kerala","Lighting of public spaces","WS/MP102/2026-2027/207766","KOZHIKODE(DISTRICT COLLECTOR KOZHIKODE_IDA)","Smt. Jebi Mather Hisham (2022-28) (2022-2028)","Elected MP","18-May-2026","ALLUMINA ELECTRONICS","Payment Success","449108"
"476","Kerala","Development of playfields and sports grounds","WS/MP102/2025-2026/223200","MALAPPURAM(DISTRICT COLLECTOR MALAPPURAM_IDA)","Smt. Jebi Mather Hisham (2022-28) (2022-2028)","Elected MP","07-Jul-2026","BEST BASE CONSTRUCTION LLP","Payment Success","702454"
"477","Kerala","Construction of roads, link roads, pathways or any other road with or without drainage system","WS/MP102/2025-2026/223201","MALAPPURAM(DISTRICT COLLECTOR MALAPPURAM_IDA)","Smt. Jebi Mather Hisham (2022-28) (2022-2028)","Elected MP","14-Nov-2025","Muhammed T","Payment Success","191437"
"478","Kerala","Construction of roads, link roads, pathways or any other road with or without drainage system","WS/MP102/2026-2027/223202","MALAPPURAM(DISTRICT COLLECTOR MALAPPURAM_IDA)","Smt. Jebi Mather Hisham (2022-28) (2022-2028)","Elected MP","02-Jul-2026","BIJU P","Payment Success","199001"
"479","Kerala","Construction of roads, link roads, pathways or any other road with or without drainage system","WS/MP102/2025-2026/223203","MALAPPURAM(DISTRICT COLLECTOR MALAPPURAM_IDA)","Smt. Jebi Mather Hisham (2022-28) (2022-2028)","Elected MP","17-Nov-2025","DINEESH M","Payment Success","220000"
"480","Kerala","Construction of roads, link roads, pathways or any other road with or without drainage system","WS/MP102/2026-2027/223204","MALAPPURAM(DISTRICT COLLECTOR MALAPPURAM_IDA)","Smt. Jebi Mather Hisham (2022-28) (2022-2028)","Elected MP","06-Jul-2026","BIJU P","Payment Success","180637"
"481","Kerala","Construction of rooms and facilities for hospitals, FWC , PHC Centers and ANM centers","WS/MP102/2025-2026/223205","MALAPPURAM(DISTRICT COLLECTOR MALAPPURAM_IDA)","Smt. Jebi Mather Hisham (2022-28) (2022-2028)","Elected MP","20-Jan-2026","Muhammed Rayees P","Payment Success","539952"
"482","Kerala","Construction of rooms and facilities for hospitals, FWC , PHC Centers and ANM centers","WS/MP102/2025-2026/223205","MALAPPURAM(DISTRICT COLLECTOR MALAPPURAM_IDA)","Smt. Jebi Mather Hisham (2022-28) (2022-2028)","Elected MP","20-Jan-2026","Embright Infotech","Payment Success","913000"
"483","Kerala","Construction of rooms and facilities for hospitals, FWC , PHC Centers and ANM centers","WS/MP102/2025-2026/223205","MALAPPURAM(DISTRICT COLLECTOR MALAPPURAM_IDA)","Smt. Jebi Mather Hisham (2022-28) (2022-2028)","Elected MP","20-Jan-2026","Liano Medial Systems","Payment Success","1046500"
"484","Kerala","Construction of roads, link roads, pathways or any other road with or without drainage system","WS/MP102/2025-2026/223206","MALAPPURAM(DISTRICT COLLECTOR MALAPPURAM_IDA)","Smt. Jebi Mather Hisham (2022-28) (2022-2028)","Elected MP","03-Jan-2026","SUNEERA","Payment Success","847438"
"485","Kerala","Construction of roads, link roads, pathways or any other road with or without drainage system","WS/MP102/2025-2026/223590","MALAPPURAM(DISTRICT COLLECTOR MALAPPURAM_IDA)","Smt. Jebi Mather Hisham (2022-28) (2022-2028)","Elected MP","13-Apr-2026","UNNIMAMMUTTY","Payment Success","798800"
"486","Kerala","Construction of roads, link roads, pathways or any other road with or without drainage system","WS/MP102/2025-2026/223591","MALAPPURAM(DISTRICT COLLECTOR MALAPPURAM_IDA)","Smt. Jebi Mather Hisham (2022-28) (2022-2028)","Elected MP","14-Mar-2026","RAVI T P","Payment Success","528176"
"487","Kerala","Construction of roads, link roads, pathways or any other road with or without drainage system","WS/MP102/2025-2026/223594","MALAPPURAM(DISTRICT COLLECTOR MALAPPURAM_IDA)","Smt. Jebi Mather Hisham (2022-28) (2022-2028)","Elected MP","06-Mar-2026","MUSTHAFA KAMAL K","Payment Success","810168"
"488","Kerala","Construction of boundary walls of existing public and community buildings","WS/MP102/2025-2026/223699","MALAPPURAM(DISTRICT COLLECTOR MALAPPURAM_IDA)","Smt. Jebi Mather Hisham (2022-28) (2022-2028)","Elected MP","14-May-2026","MOHAMMED FAISAL","Payment Success","820454"
"489","Kerala","Construction of rooms and halls in school and colleges","WS/MP102/2025-2026/248897","ALAPPUZHA(DISTRICT COLLECTOR ALAPPUZHA_IDA)","Smt. Jebi Mather Hisham (2022-28) (2022-2028)","Elected MP","19-Nov-2025","A and N ASSOCIATES","Payment Success","1374024"
"490","Kerala","Construction of rooms and halls in school and colleges","WS/MP102/2025-2026/248897","ALAPPUZHA(DISTRICT COLLECTOR ALAPPUZHA_IDA)","Smt. Jebi Mather Hisham (2022-28) (2022-2028)","Elected MP","23-Jun-2026","A and N ASSOCIATES","Payment Success","1462319"
"491","Kerala","Lighting of public spaces","WS/MP102/2025-2026/258773","ALAPPUZHA(DISTRICT COLLECTOR ALAPPUZHA_IDA)","Smt. Jebi Mather Hisham (2022-28) (2022-2028)","Elected MP","31-Aug-2026","Multiline Ventures","Payment In-Progress","243943"
"492","Kerala","Purchase of books and periodicals for libraries/digitization of library books","WS/MP102/2025-2026/259017","PALAKKAD(DISTRICT COLLECTOR PALAKKAD_IDA)","Smt. Jebi Mather Hisham (2022-28) (2022-2028)","Elected MP","16-Apr-2026","The Mathrubhumi Printing and Publishing Co Ltd","Payment Success","390000"
"493","Kerala","Purchase of books and periodicals for libraries/digitization of library books","WS/MP102/2025-2026/259017","PALAKKAD(DISTRICT COLLECTOR PALAKKAD_IDA)","Smt. Jebi Mather Hisham (2022-28) (2022-2028)","Elected MP","04-May-2026","Ravi Dc","Payment Success","110000"
"494","Kerala","Purchase of vans and buses for educational institutions","WS/MP102/2025-2026/266733","ERNAKULAM(DISTRICT COLLECTOR ERNAKULAM_IDA)","Smt. Jebi Mather Hisham (2022-28) (2022-2028)","Elected MP","23-Mar-2026","MAHINDRA AND MAHINDRA LIMITED","Payment Success","1992479"
"495","Kerala","Construction of roads, link roads, pathways or any other road with or without drainage system","WS/MP102/2026-2027/271435","ALAPPUZHA(DISTRICT COLLECTOR ALAPPUZHA_IDA)","Smt. Jebi Mather Hisham (2022-28) (2022-2028)","Elected MP","24-Jun-2026","Madhusoodanan K P","Payment Success","1942474"
"496","Kerala","Construction of roads, link roads, pathways or any other road with or without drainage system","WS/MP842/2024-2025/113623","KOZHIKODE(DISTRICT COLLECTOR KOZHIKODE_IDA)","Smt. P. T. Usha (2022-28) (2022-2028)","Nominated MP","11-Aug-2025","ABDULLA KELOTH","Payment Success","890669"
"497","Kerala","Construction of roads, link roads, pathways or any other road with or without drainage system","WS/MP842/2024-2025/113624","KOZHIKODE(DISTRICT COLLECTOR KOZHIKODE_IDA)","Smt. P. T. Usha (2022-28) (2022-2028)","Nominated MP","30-Jul-2025","KJLCCS LTD","Payment Success","347611"
"498","Kerala","Construction of buildings for crèches and anganwadies","WS/MP842/2024-2025/113793","PATHANAMTHITTA(DISTRICT COLLECTOR PATHANAMTHITTA_IDA)","Smt. P. T. Usha (2022-28) (2022-2028)","Nominated MP","16-Aug-2025","GIJI VARGHESE","Payment Success","1456600"
"499","Kerala","Construction of buildings for crèches and anganwadies","WS/MP842/2024-2025/113793","PATHANAMTHITTA(DISTRICT COLLECTOR PATHANAMTHITTA_IDA)","Smt. P. T. Usha (2022-28) (2022-2028)","Nominated MP","11-Nov-2025","PRASAD S","Payment Success","101317"
"500","Kerala","Construction of roads, link roads, pathways or any other road with or without drainage system","WS/MP842/2023-2024/123541","KOZHIKODE(DISTRICT COLLECTOR KOZHIKODE_IDA)","Smt. P. T. Usha (2022-28) (2022-2028)","Nominated MP","22-May-2024","CHANDRAN","Payment Success","1209710"
"501","Kerala","Purchase of vans and buses for educational institutions","WS/MP842/2024-2025/125253","IDUKKI(DISTRICT COLLECTOR IDUKKI_IDA)","Smt. P. T. Usha (2022-28) (2022-2028)","Nominated MP","18-Dec-2024","SML ISUZU LTD","Payment Success","2300000"
"502","Kerala","Purchase of vans and buses for educational institutions","WS/MP842/2024-2025/125253","IDUKKI(DISTRICT COLLECTOR IDUKKI_IDA)","Smt. P. T. Usha (2022-28) (2022-2028)","Nominated MP","18-Dec-2024","RPMLPS CHOTTUPARA","Payment Success","43492"
"503","Kerala","Construction of roads, link roads, pathways or any other road with or without drainage system","WS/MP842/2024-2025/132553","PALAKKAD(DISTRICT COLLECTOR PALAKKAD_IDA)","Smt. P. T. Usha (2022-28) (2022-2028)","Nominated MP","31-Jan-2026","ABDUSALAM E K","Payment Success","1217083"
"504","Kerala","Construction of footpaths and pedestrian ways","WS/MP842/2024-2025/132554","PALAKKAD(DISTRICT COLLECTOR PALAKKAD_IDA)","Smt. P. T. Usha (2022-28) (2022-2028)","Nominated MP","23-Jan-2025","Biju K","Payment Success","260770"
"505","Kerala","Construction of roads, link roads, pathways or any other road with or without drainage system","WS/MP842/2024-2025/132618","PALAKKAD(DISTRICT COLLECTOR PALAKKAD_IDA)","Smt. P. T. Usha (2022-28) (2022-2028)","Nominated MP","26-Mar-2025","Southern Railway","Payment Success","1429385"
"506","Kerala","Construction of buildings for crèches and anganwadies","WS/MP842/2025-2026/132825","WAYANAD(DISTRICT COLLECTOR WAYANAD_IDA)","Smt. P. T. Usha (2022-28) (2022-2028)","Nominated MP","23-Aug-2025","DISTRICT NIRMITHI KENDRA","Payment Success","305000"
"507","Kerala","Purchase of vans and buses for educational institutions","WS/MP842/2024-2025/135438","KANNUR(DISTRICT COLLECTOR KANNUR_IDA)","Smt. P. T. Usha (2022-28) (2022-2028)","Nominated MP","10-Dec-2024","SML ISUZU LTD","Payment Success","1871840"
"508","Kerala","Purchase of vans and buses for educational institutions","WS/MP842/2024-2025/135438","KANNUR(DISTRICT COLLECTOR KANNUR_IDA)","Smt. P. T. Usha (2022-28) (2022-2028)","Nominated MP","10-Dec-2024","CRC GUPS THILLENKERI","Payment Success","43604"
"509","Kerala","Construction of roads, link roads, pathways or any other road with or without drainage system","WS/MP842/2025-2026/135698","KANNUR(DISTRICT COLLECTOR KANNUR_IDA)","Smt. P. T. Usha (2022-28) (2022-2028)","Nominated MP","28-Feb-2026","SINEESH NT","Payment Success","1114313"
"510","Kerala","Construction of roads, link roads, pathways or any other road with or without drainage system","WS/MP842/2024-2025/139086","THRISSUR(DISTRICT COLLECTOR THRISSUR_IDA)","Smt. P. T. Usha (2022-28) (2022-2028)","Nominated MP","30-May-2025","VISWANATHAN A I","Payment Success","992255"
"511","Kerala","Construction of roads, link roads, pathways or any other road with or without drainage system","WS/MP842/2024-2025/139092","THRISSUR(DISTRICT COLLECTOR THRISSUR_IDA)","Smt. P. T. Usha (2022-28) (2022-2028)","Nominated MP","28-May-2025","AGHIL","Payment Success","441873"
"512","Kerala","Construction of roads, link roads, pathways or any other road with or without drainage system","WS/MP842/2024-2025/139092","THRISSUR(DISTRICT COLLECTOR THRISSUR_IDA)","Smt. P. T. Usha (2022-28) (2022-2028)","Nominated MP","12-Aug-2025","Aghil K S","Payment Success","537167"
"513","Kerala","Construction of roads, link roads, pathways or any other road with or without drainage system","WS/MP842/2024-2025/139169","KOZHIKODE(DISTRICT COLLECTOR KOZHIKODE_IDA)","Smt. P. T. Usha (2022-28) (2022-2028)","Nominated MP","01-Sep-2025","JAISAL  A","Payment Success","757721"
"514","Kerala","Construction of roads, link roads, pathways or any other road with or without drainage system","WS/MP842/2024-2025/139208","KOZHIKODE(DISTRICT COLLECTOR KOZHIKODE_IDA)","Smt. P. T. Usha (2022-28) (2022-2028)","Nominated MP","02-Jul-2026","VINOD K R","Payment Success","744149"
"515","Kerala","Setting up of kitchen and pantries","WS/MP842/2024-2025/139486","KOZHIKODE(DISTRICT COLLECTOR KOZHIKODE_IDA)","Smt. P. T. Usha (2022-28) (2022-2028)","Nominated MP","08-Jan-2026","KERALA ARTISANS DEVELOPMENT CORPORATION LTD NRO KOZHIKODE","Payment Success","447580"
"516","Kerala","Construction of buildings for crèches and anganwadies","WS/MP842/2024-2025/142770","PATHANAMTHITTA(DISTRICT COLLECTOR PATHANAMTHITTA_IDA)","Smt. P. T. Usha (2022-28) (2022-2028)","Nominated MP","10-Feb-2026","V V Omanakuttan","Payment Success","86651"
"517","Kerala","Construction of buildings for crèches and anganwadies","WS/MP842/2024-2025/142770","PATHANAMTHITTA(DISTRICT COLLECTOR PATHANAMTHITTA_IDA)","Smt. P. T. Usha (2022-28) (2022-2028)","Nominated MP","14-Aug-2026","Prakash Kumar R","Payment Success","1921606"
"518","Kerala","Development of playground","WS/MP842/2024-2025/142775","PATHANAMTHITTA(DISTRICT COLLECTOR PATHANAMTHITTA_IDA)","Smt. P. T. Usha (2022-28) (2022-2028)","Nominated MP","06-Dec-2025","Krishna Kumar K R","Payment Success","1997018"
"519","Kerala","Construction of roads, link roads, pathways or any other road with or without drainage system","WS/MP842/2024-2025/142778","PATHANAMTHITTA(DISTRICT COLLECTOR PATHANAMTHITTA_IDA)","Smt. P. T. Usha (2022-28) (2022-2028)","Nominated MP","10-Jun-2025","BIJU  K J","Payment Success","798708"
"520","Kerala","Construction of roads, link roads, pathways or any other road with or without drainage system","WS/MP842/2024-2025/144163","PALAKKAD(DISTRICT COLLECTOR PALAKKAD_IDA)","Smt. P. T. Usha (2022-28) (2022-2028)","Nominated MP","19-Oct-2024","E K Abdulsalam","Payment Success","813794"
"521","Kerala","Construction of roads, link roads, pathways or any other road with or without drainage system","WS/MP842/2024-2025/144170","KOZHIKODE(DISTRICT COLLECTOR KOZHIKODE_IDA)","Smt. P. T. Usha (2022-28) (2022-2028)","Nominated MP","24-Nov-2025","NOUSHADALI P","Payment Success","789990"
"522","Kerala","Purchase of vans and buses for educational institutions","WS/MP842/2025-2026/144236","THIRUVANANTHAPURAM(DISTRICT COLLECTOR THIRUVANANTHAPURAM_IDA)","Smt. P. T. Usha (2022-28) (2022-2028)","Nominated MP","03-Aug-2026","PARINDA DINESH PATEL","Payment Success","574000"
"523","Kerala","Construction of rooms and facilities for hospitals, FWC , PHC Centers and ANM centers","WS/MP842/2024-2025/144267","WAYANAD(DISTRICT COLLECTOR WAYANAD_IDA)","Smt. P. T. Usha (2022-28) (2022-2028)","Nominated MP","21-Jan-2026","DISTRICT NIRMITHI KENDRA","Payment Success","3000000"
"524","Kerala","Lighting of public spaces","WS/MP842/2025-2026/149258","KOTTAYAM(DISTRICT COLLECTOR KOTTAYAM_IDA)","Smt. P. T. Usha (2022-28) (2022-2028)","Nominated MP","19-Jun-2026","United Electrical Industries LTD","Payment Success","212187"
"525","Kerala","Lighting of public spaces","WS/MP842/2025-2026/149259","KOTTAYAM(DISTRICT COLLECTOR KOTTAYAM_IDA)","Smt. P. T. Usha (2022-28) (2022-2028)","Nominated MP","19-Jun-2026","United Electrical Industries LTD","Payment Success","212187"
"526","Kerala","Lighting of public spaces","WS/MP842/2025-2026/149260","KOTTAYAM(DISTRICT COLLECTOR KOTTAYAM_IDA)","Smt. P. T. Usha (2022-28) (2022-2028)","Nominated MP","19-Jun-2026","United Electrical Industries LTD","Payment Success","212187"
"527","Kerala","Lighting of public spaces","WS/MP842/2025-2026/149261","KOTTAYAM(DISTRICT COLLECTOR KOTTAYAM_IDA)","Smt. P. T. Usha (2022-28) (2022-2028)","Nominated MP","19-Jun-2026","United Electrical Industries LTD","Payment Success","212187"
"528","Kerala","Lighting of public spaces","WS/MP842/2025-2026/149262","KOTTAYAM(DISTRICT COLLECTOR KOTTAYAM_IDA)","Smt. P. T. Usha (2022-28) (2022-2028)","Nominated MP","19-Jun-2026","United Electrical Industries LTD","Payment Success","212187"
"529","Kerala","Lighting of public spaces","WS/MP842/2025-2026/149263","KOTTAYAM(DISTRICT COLLECTOR KOTTAYAM_IDA)","Smt. P. T. Usha (2022-28) (2022-2028)","Nominated MP","19-Jun-2026","United Electrical Industries LTD","Payment Success","212187"
"530","Kerala","Construction of culverts and bridges","WS/MP842/2025-2026/152548","KOZHIKODE(DISTRICT COLLECTOR KOZHIKODE_IDA)","Smt. P. T. Usha (2022-28) (2022-2028)","Nominated MP","04-Aug-2026","MOIDEEN T T V","Payment Success","283474"
"531","Kerala","Purchase of vans and buses for educational institutions","WS/MP842/2025-2026/163350","THRISSUR(DISTRICT COLLECTOR THRISSUR_IDA)","Smt. P. T. Usha (2022-28) (2022-2028)","Nominated MP","18-Oct-2025","VE Commercial Vehicles Ltd","Payment Success","2295860"
"532","Kerala","Purchase of vans and buses for educational institutions","WS/MP842/2025-2026/163350","THRISSUR(DISTRICT COLLECTOR THRISSUR_IDA)","Smt. P. T. Usha (2022-28) (2022-2028)","Nominated MP","18-Oct-2025","HM DVHSS PERAMANGALAM","Payment Success","68195"
"533","Kerala","Construction of roads, link roads, pathways or any other road with or without drainage system","WS/MP842/2024-2025/165404","KOZHIKODE(DISTRICT COLLECTOR KOZHIKODE_IDA)","Smt. P. T. Usha (2022-28) (2022-2028)","Nominated MP","20-Jan-2025","SUNIL KUMAR T","Payment Success","417819"
"534","Kerala","Construction of roads, link roads, pathways or any other road with or without drainage system","WS/MP842/2024-2025/165408","KOZHIKODE(DISTRICT COLLECTOR KOZHIKODE_IDA)","Smt. P. T. Usha (2022-28) (2022-2028)","Nominated MP","12-Jan-2026","Abdu Saleem K P","Payment Success","922888"
"535","Kerala","Construction of roads, link roads, pathways or any other road with or without drainage system","WS/MP842/2024-2025/165413","KOZHIKODE(DISTRICT COLLECTOR KOZHIKODE_IDA)","Smt. P. T. Usha (2022-28) (2022-2028)","Nominated MP","26-Sep-2025","FAYIS P","Payment Success","719836"
"536","Kerala","Construction of roads, link roads, pathways or any other road with or without drainage system","WS/MP842/2024-2025/165413","KOZHIKODE(DISTRICT COLLECTOR KOZHIKODE_IDA)","Smt. P. T. Usha (2022-28) (2022-2028)","Nominated MP","03-Aug-2026","FAYIS P","Payment Success","1248941"
"537","Kerala","Construction of roads, link roads, pathways or any other road with or without drainage system","WS/MP842/2026-2027/165446","KOZHIKODE(DISTRICT COLLECTOR KOZHIKODE_IDA)","Smt. P. T. Usha (2022-28) (2022-2028)","Nominated MP","05-Aug-2026","SREENATH M C","Payment Success","248607"
"538","Kerala","Construction of roads, link roads, pathways or any other road with or without drainage system","WS/MP842/2026-2027/165447","KOZHIKODE(DISTRICT COLLECTOR KOZHIKODE_IDA)","Smt. P. T. Usha (2022-28) (2022-2028)","Nominated MP","13-Aug-2026","ABHINITH K M","Payment Success","324024"
"539","Kerala","Construction of roads, link roads, pathways or any other road with or without drainage system","WS/MP842/2026-2027/165448","KOZHIKODE(DISTRICT COLLECTOR KOZHIKODE_IDA)","Smt. P. T. Usha (2022-28) (2022-2028)","Nominated MP","04-Aug-2026","SREENATH M C","Payment Success","209870"
"540","Kerala","Construction of roads, link roads, pathways or any other road with or without drainage system","WS/MP842/2026-2027/165449","KOZHIKODE(DISTRICT COLLECTOR KOZHIKODE_IDA)","Smt. P. T. Usha (2022-28) (2022-2028)","Nominated MP","07-Aug-2026","SREENATH M C","Payment Success","480608"
"541","Kerala","Purchase of vans and buses for educational institutions","WS/MP842/2025-2026/168936","PALAKKAD(DISTRICT COLLECTOR PALAKKAD_IDA)","Smt. P. T. Usha (2022-28) (2022-2028)","Nominated MP","22-Jan-2026","Mahindra and Mahindra Ltd","Payment Success","2242001"
"542","Kerala","Purchase of vans and buses for educational institutions","WS/MP842/2025-2026/168936","PALAKKAD(DISTRICT COLLECTOR PALAKKAD_IDA)","Smt. P. T. Usha (2022-28) (2022-2028)","Nominated MP","31-Jan-2026","Head Master Kadampazhipuram","Payment Success","100967"
"543","Kerala","Construction of roads, link roads, pathways or any other road with or without drainage system","WS/MP842/2024-2025/175817","KOZHIKODE(DISTRICT COLLECTOR KOZHIKODE_IDA)","Smt. P. T. Usha (2022-28) (2022-2028)","Nominated MP","18-Feb-2025","SREENATH M C","Payment Success","651725"
"544","Kerala","Construction of roads, link roads, pathways or any other road with or without drainage system","WS/MP842/2026-2027/177108","WAYANAD(DISTRICT COLLECTOR WAYANAD_IDA)","Smt. P. T. Usha (2022-28) (2022-2028)","Nominated MP","22-Jun-2026","SAJIR A","Payment Success","994459"
"545","Kerala","Construction of roads, link roads, pathways or any other road with or without drainage system","WS/MP842/2025-2026/178991","KOZHIKODE(DISTRICT COLLECTOR KOZHIKODE_IDA)","Smt. P. T. Usha (2022-28) (2022-2028)","Nominated MP","14-Aug-2026","SURESH","Payment Success","445567"
"546","Kerala","Construction of roads, link roads, pathways or any other road with or without drainage system","WS/MP842/2025-2026/185089","KANNUR(DISTRICT COLLECTOR KANNUR_IDA)","Smt. P. T. Usha (2022-28) (2022-2028)","Nominated MP","20-Jul-2026","DINOJ K K","Payment Success","861361"
"547","Kerala","Construction of roads, link roads, pathways or any other road with or without drainage system","WS/MP842/2025-2026/194180","THRISSUR(DISTRICT COLLECTOR THRISSUR_IDA)","Smt. P. T. Usha (2022-28) (2022-2028)","Nominated MP","29-Jul-2025","DILEEP I S","Payment Success","999858"
"548","Kerala","Construction of roads, link roads, pathways or any other road with or without drainage system","WS/MP842/2025-2026/204491","PALAKKAD(DISTRICT COLLECTOR PALAKKAD_IDA)","Smt. P. T. Usha (2022-28) (2022-2028)","Nominated MP","18-Jun-2025","MOORTHY","Payment Success","414534"
"549","Kerala","Construction of buildings for crèches and anganwadies","WS/MP842/2025-2026/204512","PALAKKAD(DISTRICT COLLECTOR PALAKKAD_IDA)","Smt. P. T. Usha (2022-28) (2022-2028)","Nominated MP","12-Jun-2025","Kuttappan V","Payment Success","829867"
"550","Kerala","Construction of buildings for crèches and anganwadies","WS/MP842/2025-2026/204512","PALAKKAD(DISTRICT COLLECTOR PALAKKAD_IDA)","Smt. P. T. Usha (2022-28) (2022-2028)","Nominated MP","19-Dec-2025","Kuttappan V","Payment Success","304458"
"551","Kerala","Construction of buildings for crèches and anganwadies","WS/MP842/2025-2026/204512","PALAKKAD(DISTRICT COLLECTOR PALAKKAD_IDA)","Smt. P. T. Usha (2022-28) (2022-2028)","Nominated MP","17-Feb-2026","Kuttappan V","Payment Success","391151"
"552","Kerala","Construction of buildings for crèches and anganwadies","WS/MP842/2025-2026/204512","PALAKKAD(DISTRICT COLLECTOR PALAKKAD_IDA)","Smt. P. T. Usha (2022-28) (2022-2028)","Nominated MP","13-Jul-2026","P V SASIKUMAR","Payment Success","1000"
"553","Kerala","Construction of buildings for crèches and anganwadies","WS/MP842/2025-2026/204512","PALAKKAD(DISTRICT COLLECTOR PALAKKAD_IDA)","Smt. P. T. Usha (2022-28) (2022-2028)","Nominated MP","13-Jul-2026","Muralidharan P R","Payment Success","82757"
"554","Kerala","Construction of buildings for crèches and anganwadies","WS/MP842/2025-2026/204512","PALAKKAD(DISTRICT COLLECTOR PALAKKAD_IDA)","Smt. P. T. Usha (2022-28) (2022-2028)","Nominated MP","13-Jul-2026","MOHANDAS P","Payment Success","3000"
"555","Kerala","Construction of roads, link roads, pathways or any other road with or without drainage system","WS/MP842/2025-2026/204534","PALAKKAD(DISTRICT COLLECTOR PALAKKAD_IDA)","Smt. P. T. Usha (2022-28) (2022-2028)","Nominated MP","07-Jul-2025","BIJU K","Payment Success","785918"
"556","Kerala","Construction of roads, link roads, pathways or any other road with or without drainage system","WS/MP842/2025-2026/205861","PALAKKAD(DISTRICT COLLECTOR PALAKKAD_IDA)","Smt. P. T. Usha (2022-28) (2022-2028)","Nominated MP","05-Jun-2025","MURALIKRISHNAN A R","Payment Success","374600"
"557","Kerala","Construction of roads, link roads, pathways or any other road with or without drainage system","WS/MP842/2026-2027/206378","KOLLAM(DISTRICT COLLECTOR KOLLAM_IDA)","Smt. P. T. Usha (2022-28) (2022-2028)","Nominated MP","17-Jul-2026","SATHEESAN N","Payment Success","918028"
"558","Kerala","Purchase of vans and buses for educational institutions","WS/MP842/2025-2026/226420","KANNUR(DISTRICT COLLECTOR KANNUR_IDA)","Smt. P. T. Usha (2022-28) (2022-2028)","Nominated MP","06-Jan-2026","TATA MOTORS","Payment Success","488145"
"559","Kerala","Purchase of vans and buses for educational institutions","WS/MP842/2025-2026/226420","KANNUR(DISTRICT COLLECTOR KANNUR_IDA)","Smt. P. T. Usha (2022-28) (2022-2028)","Nominated MP","02-Jul-2026","TATA MOTORS","Payment Success","62233"
"560","Kerala","Purchase of vans and buses for educational institutions","WS/MP842/2025-2026/226420","KANNUR(DISTRICT COLLECTOR KANNUR_IDA)","Smt. P. T. Usha (2022-28) (2022-2028)","Nominated MP","02-Jul-2026","Muhammed Ameen N","Payment Success","78852"
"561","Kerala","Construction of roads, link roads, pathways or any other road with or without drainage system","WS/MP842/2025-2026/232198","PALAKKAD(DISTRICT COLLECTOR PALAKKAD_IDA)","Smt. P. T. Usha (2022-28) (2022-2028)","Nominated MP","16-Sep-2025","Subin S","Payment Success","579870"
"562","Kerala","Construction of roads, link roads, pathways or any other road with or without drainage system","WS/MP842/2025-2026/232936","PALAKKAD(DISTRICT COLLECTOR PALAKKAD_IDA)","Smt. P. T. Usha (2022-28) (2022-2028)","Nominated MP","06-Oct-2025","SYDHICK A T","Payment Success","1848334"
"563","Kerala","Construction of roads, link roads, pathways or any other road with or without drainage system","WS/MP842/2025-2026/240649","PALAKKAD(DISTRICT COLLECTOR PALAKKAD_IDA)","Smt. P. T. Usha (2022-28) (2022-2028)","Nominated MP","14-Oct-2025","VASUDEVAN P C","Payment Success","1033178"
"564","Kerala","Construction of roads, link roads, pathways or any other road with or without drainage system","WS/MP842/2025-2026/240649","PALAKKAD(DISTRICT COLLECTOR PALAKKAD_IDA)","Smt. P. T. Usha (2022-28) (2022-2028)","Nominated MP","17-Mar-2026","VASUDEVAN P C","Payment Success","207937"
"565","Kerala","Construction of roads, link roads, pathways or any other road with or without drainage system","WS/MP842/2025-2026/243149","PALAKKAD(DISTRICT COLLECTOR PALAKKAD_IDA)","Smt. P. T. Usha (2022-28) (2022-2028)","Nominated MP","06-Nov-2025","BIJU K","Payment Success","783795"
"566","Kerala","Construction of roads, link roads, pathways or any other road with or without drainage system","WS/MP842/2025-2026/243154","PALAKKAD(DISTRICT COLLECTOR PALAKKAD_IDA)","Smt. P. T. Usha (2022-28) (2022-2028)","Nominated MP","01-Nov-2025","Shamsudheen T U","Payment Success","364635"
"567","Kerala","Construction of roads, link roads, pathways or any other road with or without drainage system","WS/MP842/2026-2027/251111","PALAKKAD(DISTRICT COLLECTOR PALAKKAD_IDA)","Smt. P. T. Usha (2022-28) (2022-2028)","Nominated MP","29-Jun-2026","Sudheesh U","Payment Success","997390"
"568","Kerala","Construction of roads, link roads, pathways or any other road with or without drainage system","WS/MP842/2025-2026/251129","PALAKKAD(DISTRICT COLLECTOR PALAKKAD_IDA)","Smt. P. T. Usha (2022-28) (2022-2028)","Nominated MP","22-Aug-2026","PRAJITHA V","Payment In-Progress","423582"
"569","Kerala","Construction of roads, link roads, pathways or any other road with or without drainage system","WS/MP842/2025-2026/251137","PALAKKAD(DISTRICT COLLECTOR PALAKKAD_IDA)","Smt. P. T. Usha (2022-28) (2022-2028)","Nominated MP","03-Jan-2026","RATHNAKUMARAN C K","Payment Success","672765"
"570","Kerala","Construction of roads, link roads, pathways or any other road with or without drainage system","WS/MP842/2025-2026/251139","PALAKKAD(DISTRICT COLLECTOR PALAKKAD_IDA)","Smt. P. T. Usha (2022-28) (2022-2028)","Nominated MP","24-Dec-2025","MURALIKUMAR K","Payment Success","699020"
"571","Kerala","Construction of roads, link roads, pathways or any other road with or without drainage system","WS/MP842/2025-2026/272890","KOZHIKODE(DISTRICT COLLECTOR KOZHIKODE_IDA)","Smt. P. T. Usha (2022-28) (2022-2028)","Nominated MP","17-Mar-2026","SANKARAN V P","Payment Success","978608"
"572","Kerala","Construction of roads, link roads, pathways or any other road with or without drainage system","WS/MP842/2026-2027/287211","MALAPPURAM(DISTRICT COLLECTOR MALAPPURAM_IDA)","Smt. P. T. Usha (2022-28) (2022-2028)","Nominated MP","20-Jun-2026","ANILKUMAR PT","Payment Success","599385"
"573","Kerala","Construction of community centers and community halls","WS/MP18329/2025-2026/136775","KOTTAYAM(DISTRICT COLLECTOR KOTTAYAM_IDA)","Shri Haris Beeran (2024-30) (2024-2030)","Elected MP","20-Jan-2026","Mansoor P A","Payment Success","1734225"
"574","Kerala","Construction of community centers and community halls","WS/MP18329/2025-2026/136775","KOTTAYAM(DISTRICT COLLECTOR KOTTAYAM_IDA)","Shri Haris Beeran (2024-30) (2024-2030)","Elected MP","27-Feb-2026","Mansoor P A","Payment Success","1562483"
"575","Kerala","Purchase of vans and buses for educational institutions","WS/MP18329/2025-2026/140057","PALAKKAD(DISTRICT COLLECTOR PALAKKAD_IDA)","Shri Haris Beeran (2024-30) (2024-2030)","Elected MP","17-Nov-2025","Mahindra and Mahindra Ltd","Payment Success","2020999"
"576","Kerala","Purchase of vans and buses for educational institutions","WS/MP18329/2025-2026/140057","PALAKKAD(DISTRICT COLLECTOR PALAKKAD_IDA)","Shri Haris Beeran (2024-30) (2024-2030)","Elected MP","25-Nov-2025","Puthunagaram muslim higher secondary school HM","Payment Success","54535"
"577","Kerala","Construction of roads, link roads, pathways or any other road with or without drainage system","WS/MP18329/2025-2026/156800","MALAPPURAM(DISTRICT COLLECTOR MALAPPURAM_IDA)","Shri Haris Beeran (2024-30) (2024-2030)","Elected MP","21-Apr-2026","PM ABDUL KAREEM","Payment Success","3654632"
"578","Kerala","Construction of roads, link roads, pathways or any other road with or without drainage system","WS/MP18329/2025-2026/160823","MALAPPURAM(DISTRICT COLLECTOR MALAPPURAM_IDA)","Shri Haris Beeran (2024-30) (2024-2030)","Elected MP","01-Aug-2026","ABDUL RASHEED N","Payment Success","725857"
"579","Kerala","Construction of roads, link roads, pathways or any other road with or without drainage system","WS/MP18329/2024-2025/162284","ERNAKULAM(DISTRICT COLLECTOR ERNAKULAM_IDA)","Shri Haris Beeran (2024-30) (2024-2030)","Elected MP","04-May-2026","PRAVEEN VARGHESE","Payment Success","400062"
"580","Kerala","Construction of roads, link roads, pathways or any other road with or without drainage system","WS/MP18329/2025-2026/178490","IDUKKI(DISTRICT COLLECTOR IDUKKI_IDA)","Shri Haris Beeran (2024-30) (2024-2030)","Elected MP","01-Aug-2026","SECRETARY","Payment Success","999021"
"581","Kerala","Construction of rainwater harvesting structures","WS/MP18329/2025-2026/204770","KOTTAYAM(DISTRICT COLLECTOR KOTTAYAM_IDA)","Shri Haris Beeran (2024-30) (2024-2030)","Elected MP","25-Mar-2026","RICHY BENEDICT","Payment Success","499224"
"582","Kerala","Construction of roads, link roads, pathways or any other road with or without drainage system","WS/MP18329/2025-2026/204776","KOTTAYAM(DISTRICT COLLECTOR KOTTAYAM_IDA)","Shri Haris Beeran (2024-30) (2024-2030)","Elected MP","21-Aug-2026","ABU MUHAMMEDALI","Payment Success","431499"
"583","Kerala","Construction of roads, link roads, pathways or any other road with or without drainage system","WS/MP18329/2025-2026/205432","THIRUVANANTHAPURAM(DISTRICT COLLECTOR THIRUVANANTHAPURAM_IDA)","Shri Haris Beeran (2024-30) (2024-2030)","Elected MP","08-Jul-2026","Dhrisya S L","Payment Success","498235"
"584","Kerala","Construction of roads, link roads, pathways or any other road with or without drainage system","WS/MP18329/2025-2026/205435","THIRUVANANTHAPURAM(DISTRICT COLLECTOR THIRUVANANTHAPURAM_IDA)","Shri Haris Beeran (2024-30) (2024-2030)","Elected MP","12-May-2026","JAYAKUMAR M G","Payment Success","420055"
"585","Kerala","Construction of roads, link roads, pathways or any other road with or without drainage system","WS/MP18329/2026-2027/205457","ALAPPUZHA(DISTRICT COLLECTOR ALAPPUZHA_IDA)","Shri Haris Beeran (2024-30) (2024-2030)","Elected MP","22-Jun-2026","MUHAMMED SADIQ","Payment Success","403899"
"586","Kerala","Construction of roads, link roads, pathways or any other road with or without drainage system","WS/MP18329/2025-2026/205460","IDUKKI(DISTRICT COLLECTOR IDUKKI_IDA)","Shri Haris Beeran (2024-30) (2024-2030)","Elected MP","12-May-2026","AKSHAI MATHEWS","Payment Success","390601"
"587","Kerala","Construction of roads, link roads, pathways or any other road with or without drainage system","WS/MP18329/2025-2026/205464","IDUKKI(DISTRICT COLLECTOR IDUKKI_IDA)","Shri Haris Beeran (2024-30) (2024-2030)","Elected MP","05-May-2026","CHANDRABOSE N","Payment Success","439812"
"588","Kerala","Construction of roads, link roads, pathways or any other road with or without drainage system","WS/MP18329/2025-2026/205465","IDUKKI(DISTRICT COLLECTOR IDUKKI_IDA)","Shri Haris Beeran (2024-30) (2024-2030)","Elected MP","11-Aug-2026","Sojan N C","Payment Success","399163"
"589","Kerala","Construction of roads, link roads, pathways or any other road with or without drainage system","WS/MP18329/2025-2026/205469","IDUKKI(DISTRICT COLLECTOR IDUKKI_IDA)","Shri Haris Beeran (2024-30) (2024-2030)","Elected MP","31-Jul-2026","Sojan N C","Payment Success","382047"
"590","Kerala","Construction of roads, link roads, pathways or any other road with or without drainage system","WS/MP18329/2025-2026/205473","IDUKKI(DISTRICT COLLECTOR IDUKKI_IDA)","Shri Haris Beeran (2024-30) (2024-2030)","Elected MP","09-Jul-2026","Jaleel Jabbar","Payment Success","336082"
"591","Kerala","Construction of roads, link roads, pathways or any other road with or without drainage system","WS/MP18329/2026-2027/232440","KOLLAM(DISTRICT COLLECTOR KOLLAM_IDA)","Shri Haris Beeran (2024-30) (2024-2030)","Elected MP","30-Jun-2026","BAHULAYAN S","Payment Success","405596"
"592","Kerala","Construction of roads, link roads, pathways or any other road with or without drainage system","WS/MP18329/2025-2026/232558","KOLLAM(DISTRICT COLLECTOR KOLLAM_IDA)","Shri Haris Beeran (2024-30) (2024-2030)","Elected MP","10-Mar-2026","Thangal Kunju A","Payment Success","444956"
"593","Kerala","Construction of roads, link roads, pathways or any other road with or without drainage system","WS/MP18329/2025-2026/232563","KOLLAM(DISTRICT COLLECTOR KOLLAM_IDA)","Shri Haris Beeran (2024-30) (2024-2030)","Elected MP","06-Aug-2026","SAJEEVAN S","Payment Success","423683"
"594","Kerala","Purchase of ambulances (Four, three and two wheelers)","WS/MP18329/2026-2027/259903","ERNAKULAM(DISTRICT COLLECTOR ERNAKULAM_IDA)","Shri Haris Beeran (2024-30) (2024-2030)","Elected MP","09-Jul-2026","Thaluk Head quarters fort Kochi","Payment Success","29199"
"595","Kerala","Purchase of ambulances (Four, three and two wheelers)","WS/MP18329/2026-2027/259903","ERNAKULAM(DISTRICT COLLECTOR ERNAKULAM_IDA)","Shri Haris Beeran (2024-30) (2024-2030)","Elected MP","18-Jul-2026","Mahindra and Mahindra Ltd","Payment Success","825120"
"596","Kerala","Purchase of vans and buses for educational institutions","WS/MP18405/2025-2026/156757","MALAPPURAM(DISTRICT COLLECTOR MALAPPURAM_IDA)","Shri P. P. Suneer (2024-30) (2024-2030)","Elected MP","24-Feb-2026","TATA MOTORS","Payment Success","1613458"
"597","Kerala","Installation of multi-gym equipment","WS/MP18405/2025-2026/156773","ERNAKULAM(DISTRICT COLLECTOR ERNAKULAM_IDA)","Shri P. P. Suneer (2024-30) (2024-2030)","Elected MP","27-Apr-2026","Ewolves Sports and Fitness","Payment Success","257290"
"598","Kerala","Lighting of public spaces","WS/MP18405/2025-2026/161660","ERNAKULAM(DISTRICT COLLECTOR ERNAKULAM_IDA)","Shri P. P. Suneer (2024-30) (2024-2030)","Elected MP","14-Aug-2026","RAVIKUMAR O","Payment Success","448900"
"599","Kerala","Lighting of public spaces","WS/MP18405/2025-2026/163630","MALAPPURAM(DISTRICT COLLECTOR MALAPPURAM_IDA)","Shri P. P. Suneer (2024-30) (2024-2030)","Elected MP","18-Feb-2026","INDEX ELECTRONICS","Payment Success","295528"
"600","Kerala","Lighting of public spaces","WS/MP18405/2025-2026/163631","MALAPPURAM(DISTRICT COLLECTOR MALAPPURAM_IDA)","Shri P. P. Suneer (2024-30) (2024-2030)","Elected MP","27-Jun-2026","Kerala Electrical And Allied Engineering Company","Payment Success","293975"
"601","Kerala","Lighting of public spaces","WS/MP18405/2025-2026/163632","MALAPPURAM(DISTRICT COLLECTOR MALAPPURAM_IDA)","Shri P. P. Suneer (2024-30) (2024-2030)","Elected MP","18-Nov-2025","INDEX ELECTRONICS","Payment Success","293974"
"602","Kerala","Lighting of public spaces","WS/MP18405/2024-2025/163636","MALAPPURAM(DISTRICT COLLECTOR MALAPPURAM_IDA)","Shri P. P. Suneer (2024-30) (2024-2030)","Elected MP","05-Aug-2025","Kerala Electrical And Allied Engineering Company","Payment Success","293974"
"603","Kerala","Lighting of public spaces","WS/MP18405/2024-2025/163637","MALAPPURAM(DISTRICT COLLECTOR MALAPPURAM_IDA)","Shri P. P. Suneer (2024-30) (2024-2030)","Elected MP","06-Aug-2025","Kerala Electrical And Allied Engineering Company","Payment Success","293974"
"604","Kerala","Construction of buildings for multi-gym","WS/MP18405/2025-2026/168802","ERNAKULAM(DISTRICT COLLECTOR ERNAKULAM_IDA)","Shri P. P. Suneer (2024-30) (2024-2030)","Elected MP","07-Jul-2026","PAULSON JOSE","Payment Success","217513"
"605","Kerala","Lighting of public spaces","WS/MP18405/2025-2026/168805","KOTTAYAM(DISTRICT COLLECTOR KOTTAYAM_IDA)","Shri P. P. Suneer (2024-30) (2024-2030)","Elected MP","13-Jul-2026","RAVIKUMAR O","Payment Success","448900"
"606","Kerala","Lighting of public spaces","WS/MP18405/2025-2026/168806","WAYANAD(DISTRICT COLLECTOR WAYANAD_IDA)","Shri P. P. Suneer (2024-30) (2024-2030)","Elected MP","12-May-2026","Index Electronics","Payment Success","449193"
"607","Kerala","Lighting of public spaces","WS/MP18405/2025-2026/169005","MALAPPURAM(DISTRICT COLLECTOR MALAPPURAM_IDA)","Shri P. P. Suneer (2024-30) (2024-2030)","Elected MP","28-Oct-2025","INDEX ELECTRONICS","Payment Success","293974"
"608","Kerala","Lighting of public spaces","WS/MP18405/2025-2026/169040","MALAPPURAM(DISTRICT COLLECTOR MALAPPURAM_IDA)","Shri P. P. Suneer (2024-30) (2024-2030)","Elected MP","14-Jul-2026","Kerala Electrical And Allied Engineering Company","Payment Success","293975"
"609","Kerala","Lighting of public spaces","WS/MP18405/2025-2026/169041","MALAPPURAM(DISTRICT COLLECTOR MALAPPURAM_IDA)","Shri P. P. Suneer (2024-30) (2024-2030)","Elected MP","07-Aug-2026","Index Electronics","Payment Success","300000"
"610","Kerala","Purchase of vans and buses for educational institutions","WS/MP18405/2025-2026/180619","MALAPPURAM(DISTRICT COLLECTOR MALAPPURAM_IDA)","Shri P. P. Suneer (2024-30) (2024-2030)","Elected MP","22-Jan-2026","VE Commercial Vehicles Ltd","Payment Success","2474054"
"611","Kerala","Purchase of vans and buses for educational institutions","WS/MP18405/2025-2026/180619","MALAPPURAM(DISTRICT COLLECTOR MALAPPURAM_IDA)","Shri P. P. Suneer (2024-30) (2024-2030)","Elected MP","18-Feb-2026","SARASWATHY A K","Payment Success","105472"
"612","Kerala","Lighting of public spaces","WS/MP18405/2025-2026/180621","MALAPPURAM(DISTRICT COLLECTOR MALAPPURAM_IDA)","Shri P. P. Suneer (2024-30) (2024-2030)","Elected MP","17-Jul-2026","INDEX ELECTRONICS","Payment Success","403694"
"613","Kerala","Lighting of public spaces","WS/MP18405/2025-2026/180622","MALAPPURAM(DISTRICT COLLECTOR MALAPPURAM_IDA)","Shri P. P. Suneer (2024-30) (2024-2030)","Elected MP","21-Feb-2026","INDEX ELECTRONICS","Payment Success","299934"
"614","Kerala","Lighting of public spaces","WS/MP18405/2025-2026/183142","MALAPPURAM(DISTRICT COLLECTOR MALAPPURAM_IDA)","Shri P. P. Suneer (2024-30) (2024-2030)","Elected MP","24-Jun-2026","INDEX ELECTRONICS","Payment Success","297999"
"615","Kerala","Lighting of public spaces","WS/MP18405/2026-2027/224098","WAYANAD(DISTRICT COLLECTOR WAYANAD_IDA)","Shri P. P. Suneer (2024-30) (2024-2030)","Elected MP","23-Jun-2026","INDEX ELECTRONICS","Payment Success","299700"
"616","Kerala","Lighting of public spaces","WS/MP18405/2026-2027/224101","WAYANAD(DISTRICT COLLECTOR WAYANAD_IDA)","Shri P. P. Suneer (2024-30) (2024-2030)","Elected MP","22-Jul-2026","INDEX ELECTRONICS","Payment Success","299700"
"617","Kerala","Construction of roads, link roads, pathways or any other road with or without drainage system","WS/MP18405/2025-2026/228378","MALAPPURAM(DISTRICT COLLECTOR MALAPPURAM_IDA)","Shri P. P. Suneer (2024-30) (2024-2030)","Elected MP","20-Jun-2026","ABDUL GAFOOR C K","Payment Success","827307"
"618","Kerala","Purchase of vans and buses for educational institutions","WS/MP18405/2026-2027/232308","PALAKKAD(DISTRICT COLLECTOR PALAKKAD_IDA)","Shri P. P. Suneer (2024-30) (2024-2030)","Elected MP","22-Jul-2026","VE Commercial Vehicles Ltd","Payment Success","2149771"
"619","Kerala","Purchase of vans and buses for educational institutions","WS/MP18405/2025-2026/232309","WAYANAD(DISTRICT COLLECTOR WAYANAD_IDA)","Shri P. P. Suneer (2024-30) (2024-2030)","Elected MP","27-Jul-2026","TATA MOTORS","Payment Success","1439762"
"620","Kerala","Purchase of vans and buses for educational institutions","WS/MP18405/2025-2026/232309","WAYANAD(DISTRICT COLLECTOR WAYANAD_IDA)","Shri P. P. Suneer (2024-30) (2024-2030)","Elected MP","01-Aug-2026","HEADMASTER","Payment Success","99720"
"621","Kerala","Purchase of hospital equipment","WS/MP18405/2025-2026/241007","WAYANAD(DISTRICT COLLECTOR WAYANAD_IDA)","Shri P. P. Suneer (2024-30) (2024-2030)","Elected MP","11-Apr-2026","ETHEREAL CARBON PRIVATE LIMITED","Payment Success","492785"
"622","Kerala","Purchase of hospital equipment","WS/MP18405/2025-2026/241007","WAYANAD(DISTRICT COLLECTOR WAYANAD_IDA)","Shri P. P. Suneer (2024-30) (2024-2030)","Elected MP","11-Apr-2026","MEZRAW SOLUTIONS","Payment Success","487345"
"623","Kerala","Lighting of public spaces","WS/MP18405/2026-2027/246767","WAYANAD(DISTRICT COLLECTOR WAYANAD_IDA)","Shri P. P. Suneer (2024-30) (2024-2030)","Elected MP","22-Jul-2026","INDEX ELECTRONICS","Payment Success","298957"
"624","Kerala","Lighting of public spaces","WS/MP18405/2025-2026/257567","MALAPPURAM(DISTRICT COLLECTOR MALAPPURAM_IDA)","Shri P. P. Suneer (2024-30) (2024-2030)","Elected MP","19-Jun-2026","Kerala Electrical And Allied Engineering Company","Payment Success","293975"
"625","Kerala","Lighting of public spaces","WS/MP18405/2025-2026/257568","MALAPPURAM(DISTRICT COLLECTOR MALAPPURAM_IDA)","Shri P. P. Suneer (2024-30) (2024-2030)","Elected MP","16-Jul-2026","Index Electronics","Payment Success","299838"
"626","Kerala","Purchase of vans and buses for educational institutions","WS/MP18405/2026-2027/272302","MALAPPURAM(DISTRICT COLLECTOR MALAPPURAM_IDA)","Shri P. P. Suneer (2024-30) (2024-2030)","Elected MP","01-Jul-2026","SML ISUZU LTD","Payment Success","2074800"
"Grand Total"," "," "," "," "," "," "," "," "," ","45,42,07,109"