"Sr. No.","Work category","Work","State","IDA","Hon'ble Members of Parliament","Elected/Nominated","Work description","Recommended date","Sanction Date","Sanction Amount ( ₹ )","Work Status"
"1","Normal/Others","WS/MP102/2024-2025/174967-Construction of rooms and halls in school and colleges","Kerala","MALAPPURAM(DISTRICT COLLECTOR MALAPPURAM_IDA)","Smt. Jebi Mather Hisham (2022-28) (2022-2028)","Elected MP","Construction of Open stage for GMLP School Kallamoola, Chokkad Grama Panchayath","11-Feb-2025","18-Feb-2025","1301086","Physical Inspection"
"2","Normal/Others","WS/MP102/2024-2025/176274-Construction of rooms and halls in school and colleges","Kerala","KOTTAYAM(DISTRICT COLLECTOR KOTTAYAM_IDA)","Smt. Jebi Mather Hisham (2022-28) (2022-2028)","Elected MP","Construction of School Building - Poovarany Kochukottaram LP School, Ward 10, Meenachil Grama Panchayath Kottayam District","18-Feb-2025","28-Feb-2025","1850000","Work partially Completed"
"3","Normal/Others","WS/MP094/2025-2026/178990-Construction of rooms and halls in school and colleges","Kerala","KANNUR(DISTRICT COLLECTOR KANNUR_IDA)","Dr. V. Sivadasan (2021-27) (2021-2027)","Elected MP","Construction of New Classrooms for Uliyil GUP School","04-Mar-2025","11-Feb-2026","18600000","Sanction"
"4","Normal/Others","WS/MP095/2025-2026/180174-Construction of rooms and halls in school and colleges","Kerala","THIRUVANANTHAPURAM(DISTRICT COLLECTOR THIRUVANANTHAPURAM_IDA)","Shri A. A. Rahim (2022-28) (2022-2028)","Elected MP","open Auditorium, GGhss, Mithirmala, kallara gp","24-Mar-2025","13-Jun-2025","2500000","Physical Inspection"
"5","Normal/Others","WS/MP095/2025-2026/180175-Construction of rooms and halls in school and colleges","Kerala","THIRUVANANTHAPURAM(DISTRICT COLLECTOR THIRUVANANTHAPURAM_IDA)","Shri A. A. Rahim (2022-28) (2022-2028)","Elected MP","multipurpose auditorium,ghss pirappancode","24-Mar-2025","13-Jun-2025","5000000","Physical Inspection"
"6","Normal/Others","WS/MP095/2025-2026/180253-Construction of rooms and halls in school and colleges","Kerala","THIRUVANANTHAPURAM(DISTRICT COLLECTOR THIRUVANANTHAPURAM_IDA)","Shri A. A. Rahim (2022-28) (2022-2028)","Elected MP","Auditorium in GHS Avananvanchery, Attingal","24-Mar-2025","13-Jun-2025","3000000","Work partially Completed"
"7","Normal/Others","WS/MP095/2025-2026/180254-Construction of rooms and halls in school and colleges","Kerala","THIRUVANANTHAPURAM(DISTRICT COLLECTOR THIRUVANANTHAPURAM_IDA)","Shri A. A. Rahim (2022-28) (2022-2028)","Elected MP","High-tech Seminar Hall GBHSS Neyyattinkara.","24-Mar-2025","13-Jun-2025","4500000","Vendor Identification"
"8","Normal/Others","WS/MP099/2026-2027/190124-Construction of rooms and halls in school and colleges","Kerala","KANNUR(DISTRICT COLLECTOR KANNUR_IDA)","Dr. John Brittas (2021-27) (2021-2027)","Elected MP","Construction of a roof over the central courtyard of the Higher Secondary Block at Tagore Vidyaniketan Government Higher Secondary School, Rabeendrapuram, Thaliparamba Municipality, Thaliparamba Village, Kannur District","09-Apr-2025","06-Aug-2026","1200000","Sanction"
"9","Normal/Others","WS/MP101/2025-2026/190622-Construction of rooms and halls in school and colleges","Kerala","KOLLAM(DISTRICT COLLECTOR KOLLAM_IDA)","Shri Sandosh Kumar P (2022-28) (2022-2028)","Elected MP","construction of library building and purchase of related digital accessories t for sree chithira vilasam govt.L.P. school","11-Apr-2025","22-Apr-2025","1116680","Physical Inspection"
"10","Normal/Others","WS/MP101/2025-2026/207848-Construction of rooms and halls in school and colleges","Kerala","WAYANAD(DISTRICT COLLECTOR WAYANAD_IDA)","Shri Sandosh Kumar P (2022-28) (2022-2028)","Elected MP","Construction of roof for GHSS Kavummandam","10-Jun-2025","14-Jan-2026","3500000","Sanction"
"11","Normal/Others","WS/MP094/2025-2026/215265-Construction of rooms and halls in school and colleges","Kerala","KANNUR(DISTRICT COLLECTOR KANNUR_IDA)","Dr. V. Sivadasan (2021-27) (2021-2027)","Elected MP","Construction of new building for GUPS Nediyanga","05-Jul-2025","09-Jan-2026","10000000","Sanction"
"12","Normal/Others","WS/MP102/2025-2026/223199-Construction of rooms and halls in school and colleges","Kerala","MALAPPURAM(DISTRICT COLLECTOR MALAPPURAM_IDA)","Smt. Jebi Mather Hisham (2022-28) (2022-2028)","Elected MP","Construction of Reading Room and Digital Library at GHSS Pookkottumpadam, Amarambalam Grama Panchayath","29-Jul-2025","16-Jan-2026","2500000","Sanction"
"13","Normal/Others","WS/MP18405/2026-2027/228372-Construction of rooms and halls in school and colleges","Kerala","MALAPPURAM(DISTRICT COLLECTOR MALAPPURAM_IDA)","Shri P. P. Suneer (2024-30) (2024-2030)","Elected MP","Construction of Indoor Games Hall through additional construction on GLPS ,Chemrakattur","23-Aug-2025","15-May-2026","800000","Sanction"
"14","Normal/Others","WS/MP095/2025-2026/243541-Construction of rooms and halls in school and colleges","Kerala","ERNAKULAM(DISTRICT COLLECTOR ERNAKULAM_IDA)","Shri A. A. Rahim (2022-28) (2022-2028)","Elected MP","Construction of New Building in Govt. LPS Kolenchery, Kunnathunadu Assembly Constituency ,Ernakulam District","24-Oct-2025","31-Dec-2025","15000000","Sanction"
"15","Normal/Others","WS/MP102/2025-2026/248897-Construction of rooms and halls in school and colleges","Kerala","ALAPPUZHA(DISTRICT COLLECTOR ALAPPUZHA_IDA)","Smt. Jebi Mather Hisham (2022-28) (2022-2028)","Elected MP","Construction of 2 Classrooms for Govt. LP School, Thuravoor (First Floor), Ward 2, Thuravoor Grama Panchayath","18-Nov-2025","18-Nov-2025","3000000","Work partially Completed"
"16","Normal/Others","WS/MP18405/2026-2027/265805-Construction of rooms and halls in school and colleges","Kerala","MALAPPURAM(DISTRICT COLLECTOR MALAPPURAM_IDA)","Shri P. P. Suneer (2024-30) (2024-2030)","Elected MP","For building construction under Calicut University at University Campus ,Thenhipalam Grama Panchayat for the establishment of Achuthamenon Chair for Scientific Studies and Research in Humanities and Allied Subjects","06-Feb-2026","04-Jul-2026","5000000","Sanction"
"17","Normal/Others","WS/MP095/2026-2027/295772-Construction of rooms and halls in school and colleges","Kerala","THIRUVANANTHAPURAM(DISTRICT COLLECTOR THIRUVANANTHAPURAM_IDA)","Shri A. A. Rahim (2022-28) (2022-2028)","Elected MP","Construction of New  School building at Madathuvathukkal LPS,Kallara,Vamanapuram Assembly Constituency","16-Jul-2026","22-Jul-2026","4000000","Physical Inspection"
"18","Normal/Others","WS/MP101/2024-2025/90208-Purchase of IT systems, including hardware and software for educational purposes","Kerala","ERNAKULAM(DISTRICT COLLECTOR ERNAKULAM_IDA)","Shri Sandosh Kumar P (2022-28) (2022-2028)","Elected MP","Supply of 10 laptops to H M YS H S School, Koottuvallikkattu in Vatakkekkara Grama Panchayat in Ernakulam  District","23-Sep-2024","10-Mar-2025","352070","Physical Inspection"
"19","Normal/Others","WS/MP101/2025-2026/90215-Purchase of IT systems, including hardware and software for educational purposes","Kerala","KANNUR(DISTRICT COLLECTOR KANNUR_IDA)","Shri Sandosh Kumar P (2022-28) (2022-2028)","Elected MP","Purchase and Supply of  Laptops for Tagore Vidhyanikethan GHSS, Thaliparamba in Thaliparamba Municipality","23-Sep-2024","07-Jul-2025","1479294","Physical Inspection"
"20","Normal/Others","WS/MP101/2025-2026/90216-Purchase of IT systems, including hardware and software for educational purposes","Kerala","KANNUR(DISTRICT COLLECTOR KANNUR_IDA)","Shri Sandosh Kumar P (2022-28) (2022-2028)","Elected MP","Purchase and Supply of 10  Laptops & 10 Printer for SES College, Sreekandapuram  in Sreekandapuram  Municipality","23-Sep-2024","16-Jan-2026","784800","Physical Inspection"
"21","Normal/Others","WS/MP096/2024-2025/137099-Purchase of IT systems, including hardware and software for educational purposes","Kerala","MALAPPURAM(DISTRICT COLLECTOR MALAPPURAM_IDA)","Shri Abdul Wahab (2021-27) (2021-2027)","Elected MP","1.	Purchasing of Computers and accessories for GVHSS, Kalpakanchery, Ward No. 12, Kalpakanchery Panchayat","26-Aug-2024","19-Sep-2024","500000","Physical Inspection"
"22","Normal/Others","WS/MP099/2024-2025/140174-Purchase of IT systems, including hardware and software for educational purposes","Kerala","THIRUVANANTHAPURAM(DISTRICT COLLECTOR THIRUVANANTHAPURAM_IDA)","Dr. John Brittas (2021-27) (2021-2027)","Elected MP","Purchase, supply and/or installation of Desktop Computer Systems, Server System, along with ancillary furniture and equipments like Printers, Computer tables, etc. for the Department of Communication and Journalism, University of Kerala, Kariavattom Campus, Thiruvananthapuram Municipal Corporation, Thiruvananthapuram District.","10-Sep-2024","18-Oct-2024","386685","Physical Inspection"
"23","Normal/Others","WS/MP096/2024-2025/145350-Purchase of IT systems, including hardware and software for educational purposes","Kerala","MALAPPURAM(DISTRICT COLLECTOR MALAPPURAM_IDA)","Shri Abdul Wahab (2021-27) (2021-2027)","Elected MP","Purchasing of Computers, printer and projector to GLPS Pallisseri, Ward No. 4, Kalikavu Panchayat","04-Oct-2024","28-Nov-2024","500000","Work partially Completed"
"24","Normal/Others","WS/MP096/2024-2025/149762-Purchase of IT systems, including hardware and software for educational purposes","Kerala","MALAPPURAM(DISTRICT COLLECTOR MALAPPURAM_IDA)","Shri Abdul Wahab (2021-27) (2021-2027)","Elected MP","Installation of Sound system at GLPS Poolappadam, Ward No.15, Pothukkal Panchayat","29-Oct-2024","20-Nov-2024","300000","Physical Inspection"
"25","Normal/Others","WS/MP096/2025-2026/156314-Purchase of IT systems, including hardware and software for educational purposes","Kerala","MALAPPURAM(DISTRICT COLLECTOR MALAPPURAM_IDA)","Shri Abdul Wahab (2021-27) (2021-2027)","Elected MP","Purchasing of computers and accessories for KMHS School Karulai, Karulai Panchayat","01-Dec-2024","11-Apr-2025","528105","Physical Inspection"
"26","Normal/Others","WS/MP096/2025-2026/156316-Purchase of IT systems, including hardware and software for educational purposes","Kerala","MALAPPURAM(DISTRICT COLLECTOR MALAPPURAM_IDA)","Shri Abdul Wahab (2021-27) (2021-2027)","Elected MP","Purchasing of Computers and accessories for AMLP School, Pullancheri, Ward no.28, Manjeri Municipality","01-Dec-2024","11-Apr-2025","350000","Physical Inspection"
"27","Normal/Others","WS/MP096/2025-2026/156429-Purchase of IT systems, including hardware and software for educational purposes","Kerala","MALAPPURAM(DISTRICT COLLECTOR MALAPPURAM_IDA)","Shri Abdul Wahab (2021-27) (2021-2027)","Elected MP","Purchasing of computers and accessories for Bharath Matha AUPS, Muthukad, Ward No. 21, Nilambur Municipality","02-Dec-2024","04-Jul-2025","200000","Physical Inspection"
"28","Normal/Others","WS/MP094/2025-2026/159372-Purchase of IT systems, including hardware and software for educational purposes","Kerala","KANNUR(DISTRICT COLLECTOR KANNUR_IDA)","Dr. V. Sivadasan (2021-27) (2021-2027)","Elected MP","Purchase of laptops for Palathuvayal Govt, U.P.School","17-Dec-2024","20-Aug-2025","282256","Physical Inspection"
"29","Normal/Others","WS/MP094/2025-2026/159373-Purchase of IT systems, including hardware and software for educational purposes","Kerala","KANNUR(DISTRICT COLLECTOR KANNUR_IDA)","Dr. V. Sivadasan (2021-27) (2021-2027)","Elected MP","Purchase of  laptops for Valapattanom Govt Higher Secondary.School (School Code 131.02)","17-Dec-2024","20-Aug-2025","282256","Physical Inspection"
"30","Normal/Others","WS/MP094/2025-2026/159375-Purchase of IT systems, including hardware and software for educational purposes","Kerala","KANNUR(DISTRICT COLLECTOR KANNUR_IDA)","Dr. V. Sivadasan (2021-27) (2021-2027)","Elected MP","Purchase of  Laptops for Peravoor  Govt.ITI","17-Dec-2024","20-Aug-2025","282256","Physical Inspection"
"31","Normal/Others","WS/MP094/2025-2026/159376-Purchase of IT systems, including hardware and software for educational purposes","Kerala","KANNUR(DISTRICT COLLECTOR KANNUR_IDA)","Dr. V. Sivadasan (2021-27) (2021-2027)","Elected MP","Puchase of laptops for  Mambaram Govt. Higher secondary school","17-Dec-2024","20-Aug-2025","282256","Physical Inspection"
"32","Normal/Others","WS/MP096/2024-2025/164035-Purchase of IT systems, including hardware and software for educational purposes","Kerala","KOZHIKODE(DISTRICT COLLECTOR KOZHIKODE_IDA)","Shri Abdul Wahab (2021-27) (2021-2027)","Elected MP","Purchasing of Computers and accessories for Farook College Autonomous, Feroke. Ramanattukara Municipality.","07-Jan-2025","10-Jan-2025","970934","Physical Inspection"
"33","Normal/Others","WS/MP102/2025-2026/168388-Purchase of IT systems, including hardware and software for educational purposes","Kerala","KOZHIKODE(DISTRICT COLLECTOR KOZHIKODE_IDA)","Smt. Jebi Mather Hisham (2022-28) (2022-2028)","Elected MP","Purchase of Laptops and Projectors MAM UP School, Vilakkamthode","23-Jan-2025","24-Sep-2025","200000","Physical Inspection"
"34","Normal/Others","WS/MP102/2025-2026/168452-Purchase of IT systems, including hardware and software for educational purposes","Kerala","KOZHIKODE(DISTRICT COLLECTOR KOZHIKODE_IDA)","Smt. Jebi Mather Hisham (2022-28) (2022-2028)","Elected MP","Purchase of Laptops and Projectors G.L.P. School, Thondimmal","23-Jan-2025","24-Sep-2025","200000","Physical Inspection"
"35","Normal/Others","WS/MP102/2025-2026/168454-Purchase of IT systems, including hardware and software for educational purposes","Kerala","KOZHIKODE(DISTRICT COLLECTOR KOZHIKODE_IDA)","Smt. Jebi Mather Hisham (2022-28) (2022-2028)","Elected MP","Purchase of Laptops and Projectors G.L.P. School Anakkampoyil","23-Jan-2025","10-Sep-2025","200000","Physical Inspection"
"36","Normal/Others","WS/MP102/2025-2026/168455-Purchase of IT systems, including hardware and software for educational purposes","Kerala","KOZHIKODE(DISTRICT COLLECTOR KOZHIKODE_IDA)","Smt. Jebi Mather Hisham (2022-28) (2022-2028)","Elected MP","Purchase of Laptops and Projectors Sacred Heart UP School Thiruvambadi","23-Jan-2025","24-Sep-2025","400000","Physical Inspection"
"37","Normal/Others","WS/MP102/2025-2026/168458-Purchase of IT systems, including hardware and software for educational purposes","Kerala","KOZHIKODE(DISTRICT COLLECTOR KOZHIKODE_IDA)","Smt. Jebi Mather Hisham (2022-28) (2022-2028)","Elected MP","Purchase of Laptops and Projectors St.Sebastians LP School Koodaranji","23-Jan-2025","24-Sep-2025","600000","Physical Inspection"
"38","Normal/Others","WS/MP102/2025-2026/168463-Purchase of IT systems, including hardware and software for educational purposes","Kerala","KOZHIKODE(DISTRICT COLLECTOR KOZHIKODE_IDA)","Smt. Jebi Mather Hisham (2022-28) (2022-2028)","Elected MP","Purchase of Laptops and Projectors St. Marys High School, Kakkadampoyil","23-Jan-2025","10-Sep-2025","500000","Physical Inspection"
"39","Normal/Others","WS/MP102/2025-2026/168465-Purchase of IT systems, including hardware and software for educational purposes","Kerala","KOZHIKODE(DISTRICT COLLECTOR KOZHIKODE_IDA)","Smt. Jebi Mather Hisham (2022-28) (2022-2028)","Elected MP","Purchase of Laptops and Projectors St. Thomas Higher Secondary School Thottumukkam","23-Jan-2025","10-Sep-2025","600000","Physical Inspection"
"40","Normal/Others","WS/MP094/2025-2026/173236-Purchase of IT systems, including hardware and software for educational purposes","Kerala","KANNUR(DISTRICT COLLECTOR KANNUR_IDA)","Dr. V. Sivadasan (2021-27) (2021-2027)","Elected MP","Laptop Purchase for PALA GHSS Muzhakkunn","05-Feb-2025","19-Dec-2025","282300","Physical Inspection"
"41","Normal/Others","WS/MP094/2025-2026/173238-Purchase of IT systems, including hardware and software for educational purposes","Kerala","KANNUR(DISTRICT COLLECTOR KANNUR_IDA)","Dr. V. Sivadasan (2021-27) (2021-2027)","Elected MP","Laptop Purchase for Govt Brennan HSS Thalasserri","05-Feb-2025","19-Dec-2025","282300","Physical Inspection"
"42","Normal/Others","WS/MP094/2025-2026/173241-Purchase of IT systems, including hardware and software for educational purposes","Kerala","KANNUR(DISTRICT COLLECTOR KANNUR_IDA)","Dr. V. Sivadasan (2021-27) (2021-2027)","Elected MP","Laptop Purchase for GHSS Koothuparamba","05-Feb-2025","12-Nov-2025","282300","Physical Inspection"
"43","Normal/Others","WS/MP094/2025-2026/173246-Purchase of IT systems, including hardware and software for educational purposes","Kerala","KANNUR(DISTRICT COLLECTOR KANNUR_IDA)","Dr. V. Sivadasan (2021-27) (2021-2027)","Elected MP","Laptop Purchase for Madhusoodanan Tangal Smaraka GUPS Mattannur","05-Feb-2025","19-Dec-2025","283200","Physical Inspection"
"44","Normal/Others","WS/MP094/2025-2026/173279-Purchase of IT systems, including hardware and software for educational purposes","Kerala","KANNUR(DISTRICT COLLECTOR KANNUR_IDA)","Dr. V. Sivadasan (2021-27) (2021-2027)","Elected MP","Laptop Purchase for Govt Town HSS Kannur","05-Feb-2025","12-Nov-2025","282300","Physical Inspection"
"45","Normal/Others","WS/MP094/2025-2026/173306-Purchase of IT systems, including hardware and software for educational purposes","Kerala","KANNUR(DISTRICT COLLECTOR KANNUR_IDA)","Dr. V. Sivadasan (2021-27) (2021-2027)","Elected MP","Laptop Purchase for GHSS Chattukappara","05-Feb-2025","12-Nov-2025","282300","Physical Inspection"
"46","Normal/Others","WS/MP094/2025-2026/173333-Purchase of IT systems, including hardware and software for educational purposes","Kerala","KANNUR(DISTRICT COLLECTOR KANNUR_IDA)","Dr. V. Sivadasan (2021-27) (2021-2027)","Elected MP","Laptop purchase for EMSMGHSS Pappinisseri","05-Feb-2025","12-Nov-2025","282300","Physical Inspection"
"47","Normal/Others","WS/MP094/2025-2026/173335-Purchase of IT systems, including hardware and software for educational purposes","Kerala","KANNUR(DISTRICT COLLECTOR KANNUR_IDA)","Dr. V. Sivadasan (2021-27) (2021-2027)","Elected MP","Laptop purchase for GHSS Muzhappilangad","05-Feb-2025","12-Nov-2025","282300","Physical Inspection"
"48","Normal/Others","WS/MP094/2025-2026/173338-Purchase of IT systems, including hardware and software for educational purposes","Kerala","KANNUR(DISTRICT COLLECTOR KANNUR_IDA)","Dr. V. Sivadasan (2021-27) (2021-2027)","Elected MP","Laptop Purchase for AKG Smaraka GHSS Peralasseri","05-Feb-2025","19-Dec-2025","282300","Physical Inspection"
"49","Normal/Others","WS/MP094/2025-2026/173364-Purchase of IT systems, including hardware and software for educational purposes","Kerala","KANNUR(DISTRICT COLLECTOR KANNUR_IDA)","Dr. V. Sivadasan (2021-27) (2021-2027)","Elected MP","Laptop purchase for GHSS Velloor","05-Feb-2025","12-Nov-2025","282300","Work Completed"
"50","Normal/Others","WS/MP094/2025-2026/173365-Purchase of IT systems, including hardware and software for educational purposes","Kerala","KANNUR(DISTRICT COLLECTOR KANNUR_IDA)","Dr. V. Sivadasan (2021-27) (2021-2027)","Elected MP","Laptop Purchase for AKGM GHSS Pinarayi","05-Feb-2025","17-Dec-2025","282300","Physical Inspection"
"51","Normal/Others","WS/MP094/2025-2026/173366-Purchase of IT systems, including hardware and software for educational purposes","Kerala","KANNUR(DISTRICT COLLECTOR KANNUR_IDA)","Dr. V. Sivadasan (2021-27) (2021-2027)","Elected MP","Laptop Purchase for GHSS Palayad","05-Feb-2025","12-Nov-2025","282300","Physical Inspection"
"52","Normal/Others","WS/MP094/2025-2026/173368-Purchase of IT systems, including hardware and software for educational purposes","Kerala","KANNUR(DISTRICT COLLECTOR KANNUR_IDA)","Dr. V. Sivadasan (2021-27) (2021-2027)","Elected MP","Laptop Purchase for MVM KunhiVishnu Nambeesan Memorial Government Higher Secondary School Mathil","05-Feb-2025","19-Dec-2025","282300","Physical Inspection"
"53","Normal/Others","WS/MP094/2025-2026/173519-Purchase of IT systems, including hardware and software for educational purposes","Kerala","KANNUR(DISTRICT COLLECTOR KANNUR_IDA)","Dr. V. Sivadasan (2021-27) (2021-2027)","Elected MP","Laptop Purchase for GHSS Kadannappalli","06-Feb-2025","12-Nov-2025","282300","Physical Inspection"
"54","Normal/Others","WS/MP094/2025-2026/173520-Purchase of IT systems, including hardware and software for educational purposes","Kerala","KANNUR(DISTRICT COLLECTOR KANNUR_IDA)","Dr. V. Sivadasan (2021-27) (2021-2027)","Elected MP","Laptop Purchase for GHS Pacheni","06-Feb-2025","12-Nov-2025","282300","Physical Inspection"
"55","Normal/Others","WS/MP094/2025-2026/173551-Purchase of IT systems, including hardware and software for educational purposes","Kerala","KANNUR(DISTRICT COLLECTOR KANNUR_IDA)","Dr. V. Sivadasan (2021-27) (2021-2027)","Elected MP","Laptop Purchase for GHS Kalikkadav","06-Feb-2025","12-Nov-2025","282300","Physical Inspection"
"56","Normal/Others","WS/MP094/2025-2026/173553-Purchase of IT systems, including hardware and software for educational purposes","Kerala","KANNUR(DISTRICT COLLECTOR KANNUR_IDA)","Dr. V. Sivadasan (2021-27) (2021-2027)","Elected MP","Laptop Purchase for Koyyam GHSS","06-Feb-2025","12-Nov-2025","282300","Physical Inspection"
"57","Normal/Others","WS/MP094/2025-2026/173554-Purchase of IT systems, including hardware and software for educational purposes","Kerala","KANNUR(DISTRICT COLLECTOR KANNUR_IDA)","Dr. V. Sivadasan (2021-27) (2021-2027)","Elected MP","Laptop Purchase for GHSS Chala","06-Feb-2025","12-Nov-2025","282300","Physical Inspection"
"58","Normal/Others","WS/MP094/2025-2026/173567-Purchase of IT systems, including hardware and software for educational purposes","Kerala","KANNUR(DISTRICT COLLECTOR KANNUR_IDA)","Dr. V. Sivadasan (2021-27) (2021-2027)","Elected MP","Laptop Purchase for GHSS Chelora","06-Feb-2025","11-Nov-2025","282300","Physical Inspection"
"59","Normal/Others","WS/MP094/2025-2026/173568-Purchase of IT systems, including hardware and software for educational purposes","Kerala","KANNUR(DISTRICT COLLECTOR KANNUR_IDA)","Dr. V. Sivadasan (2021-27) (2021-2027)","Elected MP","Laptop Purchase for GHSS Aralam Farm","06-Feb-2025","11-Nov-2025","282300","Physical Inspection"
"60","Normal/Others","WS/MP094/2025-2026/173569-Purchase of IT systems, including hardware and software for educational purposes","Kerala","KANNUR(DISTRICT COLLECTOR KANNUR_IDA)","Dr. V. Sivadasan (2021-27) (2021-2027)","Elected MP","Laptop Purchase for GHSS Chavasserri","06-Feb-2025","11-Nov-2025","282300","Physical Inspection"
"61","Normal/Others","WS/MP094/2025-2026/173570-Purchase of IT systems, including hardware and software for educational purposes","Kerala","KANNUR(DISTRICT COLLECTOR KANNUR_IDA)","Dr. V. Sivadasan (2021-27) (2021-2027)","Elected MP","Laptop Purchase for Govt Polytechnic Naduvil","06-Feb-2025","11-Nov-2025","282300","Physical Inspection"
"62","Normal/Others","WS/MP094/2025-2026/173571-Purchase of IT systems, including hardware and software for educational purposes","Kerala","KANNUR(DISTRICT COLLECTOR KANNUR_IDA)","Dr. V. Sivadasan (2021-27) (2021-2027)","Elected MP","Laptop Purchase for GUPS MOKERI  East","06-Feb-2025","11-Nov-2025","176700","Physical Inspection"
"63","Normal/Others","WS/MP096/2025-2026/174811-Purchase of IT systems, including hardware and software for educational purposes","Kerala","MALAPPURAM(DISTRICT COLLECTOR MALAPPURAM_IDA)","Shri Abdul Wahab (2021-27) (2021-2027)","Elected MP","Setting up Multimedia Projectors for GUP School Vettecode, Manjeri Municipality","10-Feb-2025","11-Apr-2025","348402","Physical Inspection"
"64","Normal/Others","WS/MP096/2025-2026/181261-Purchase of IT systems, including hardware and software for educational purposes","Kerala","MALAPPURAM(DISTRICT COLLECTOR MALAPPURAM_IDA)","Shri Abdul Wahab (2021-27) (2021-2027)","Elected MP","Purchasing of Computers for GLPS, Pathiri padam, Edakkara Panchayat","12-Mar-2025","14-Jan-2026","660000","Physical Inspection"
"65","Normal/Others","WS/MP096/2025-2026/181262-Purchase of IT systems, including hardware and software for educational purposes","Kerala","MALAPPURAM(DISTRICT COLLECTOR MALAPPURAM_IDA)","Shri Abdul Wahab (2021-27) (2021-2027)","Elected MP","Purchasing of Computers for GMLP School, Mampad, Mampad Panchayat","12-Mar-2025","15-Jan-2026","141750","Physical Inspection"
"66","Normal/Others","WS/MP096/2025-2026/181264-Purchase of IT systems, including hardware and software for educational purposes","Kerala","MALAPPURAM(DISTRICT COLLECTOR MALAPPURAM_IDA)","Shri Abdul Wahab (2021-27) (2021-2027)","Elected MP","Setting up of Smart TV at Devadhar ALP School, Pulliyil, Ward no.01, Karulai Panchayat","12-Mar-2025","14-Jan-2026","199933","Physical Inspection"
"67","Normal/Others","WS/MP099/2025-2026/190139-Purchase of IT systems, including hardware and software for educational purposes","Kerala","KANNUR(DISTRICT COLLECTOR KANNUR_IDA)","Dr. John Brittas (2021-27) (2021-2027)","Elected MP","Purchase of Laptops for CPNS Government Higher Secondary School, Mathamangalam, Eramam Village, Payyanur Taluk, Kannur District","25-Apr-2025","14-Jan-2026","300000","Sanction"
"68","Normal/Others","WS/MP100/2025-2026/192883-Purchase of IT systems, including hardware and software for educational purposes","Kerala","KOTTAYAM(DISTRICT COLLECTOR KOTTAYAM_IDA)","Shri Jose K. Mani (2024-30) (2024-2030)","Elected MP","Purchase of Ten Laptop for St Thomas High School Pala","21-Apr-2025","22-Sep-2025","375000","Sanction"
"69","Normal/Others","WS/MP100/2025-2026/202444-Purchase of IT systems, including hardware and software for educational purposes","Kerala","KOTTAYAM(DISTRICT COLLECTOR KOTTAYAM_IDA)","Shri Jose K. Mani (2024-30) (2024-2030)","Elected MP","Ten Lap Top - St. Mary s Higher Secondary School, Pala High School section","22-May-2025","22-Sep-2025","375000","Sanction"
"70","Normal/Others","WS/MP100/2025-2026/202445-Purchase of IT systems, including hardware and software for educational purposes","Kerala","KOTTAYAM(DISTRICT COLLECTOR KOTTAYAM_IDA)","Shri Jose K. Mani (2024-30) (2024-2030)","Elected MP","Five Lap top  Bharatheeya Vidya Mandiram, Kidangoor South","22-May-2025","16-Sep-2025","176035","Physical Inspection"
"71","Normal/Others","WS/MP100/2025-2026/202446-Purchase of IT systems, including hardware and software for educational purposes","Kerala","KOTTAYAM(DISTRICT COLLECTOR KOTTAYAM_IDA)","Shri Jose K. Mani (2024-30) (2024-2030)","Elected MP","Four Laptop St. Antonys Higher Secondary School, Mutholy","22-May-2025","21-Oct-2025","150000","Sanction"
"72","Normal/Others","WS/MP100/2025-2026/202447-Purchase of IT systems, including hardware and software for educational purposes","Kerala","KOTTAYAM(DISTRICT COLLECTOR KOTTAYAM_IDA)","Shri Jose K. Mani (2024-30) (2024-2030)","Elected MP","Five Lap top S.V.N.S.S High School, Edanad","22-May-2025","15-Oct-2025","187500","Sanction"
"73","Normal/Others","WS/MP100/2025-2026/202448-Purchase of IT systems, including hardware and software for educational purposes","Kerala","KOTTAYAM(DISTRICT COLLECTOR KOTTAYAM_IDA)","Shri Jose K. Mani (2024-30) (2024-2030)","Elected MP","Seven Lap Top  St. Marys Higher Secondary School, Kuravilangad","22-May-2025","16-Oct-2025","262500","Sanction"
"74","Normal/Others","WS/MP096/2025-2026/220607-Purchase of IT systems, including hardware and software for educational purposes","Kerala","MALAPPURAM(DISTRICT COLLECTOR MALAPPURAM_IDA)","Shri Abdul Wahab (2021-27) (2021-2027)","Elected MP","Setting up of Smart classrooms at Govt. UP School, Myladi, Chaliyar Panchayat","21-Jul-2025","14-Jan-2026","300000","Sanction"
"75","Normal/Others","WS/MP096/2025-2026/220614-Purchase of IT systems, including hardware and software for educational purposes","Kerala","MALAPPURAM(DISTRICT COLLECTOR MALAPPURAM_IDA)","Shri Abdul Wahab (2021-27) (2021-2027)","Elected MP","Purchasing of Computers for Munda muslim orphanage LP School, ward no.18, Vazhikadavu Panchayat","21-Jul-2025","14-Jan-2026","500000","Sanction"
"76","Normal/Others","WS/MP100/2025-2026/221548-Purchase of IT systems, including hardware and software for educational purposes","Kerala","KOTTAYAM(DISTRICT COLLECTOR KOTTAYAM_IDA)","Shri Jose K. Mani (2024-30) (2024-2030)","Elected MP","Six Lap top  Viswabharathi S N Higher Secondary School Neezhoor High School Section","23-Jul-2025","03-Oct-2025","225000","Sanction"
"77","Normal/Others","WS/MP101/2025-2026/222857-Purchase of IT systems, including hardware and software for educational purposes","Kerala","KOLLAM(DISTRICT COLLECTOR KOLLAM_IDA)","Shri Sandosh Kumar P (2022-28) (2022-2028)","Elected MP","purchase of digital equipments for sree chithira vilasam l.p school","28-Jul-2025","10-Feb-2026","1650000","Physical Inspection"
"78","Normal/Others","WS/MP096/2025-2026/243105-Purchase of IT systems, including hardware and software for educational purposes","Kerala","WAYANAD(DISTRICT COLLECTOR WAYANAD_IDA)","Shri Abdul Wahab (2021-27) (2021-2027)","Elected MP","Purchasing of Computers and printers for WOLPS, Paralikunnu, Ward no.02, Muttil Panchayat","21-Oct-2025","07-Mar-2026","166000","Sanction"
"79","Normal/Others","WS/MP099/2024-2025/133019-Development of playground","Kerala","THRISSUR(DISTRICT COLLECTOR THRISSUR_IDA)","Dr. John Brittas (2021-27) (2021-2027)","Elected MP","Construction of Playground for Cricket at Don Bosco Higher Secondary School, Mullakkara, Mannuthy, Thrissur Municipal Corporation, Thrissur District – 680651","05-Jul-2024","02-Dec-2024","175000","Sanction"
"80","Normal/Others","WS/MP18329/2025-2026/136775-Construction of community centers and community halls","Kerala","KOTTAYAM(DISTRICT COLLECTOR KOTTAYAM_IDA)","Shri Haris Beeran (2024-30) (2024-2030)","Elected MP","I propose to utilise my MPLAD fund to construct a Community Development Centre in Erattupetta, which will house a community hall, municipal library, and other facilities. The centre will serve as a hub for various activities, including skill development programs, youth development initiatives, women's empowerment programs, and cultural events. The proposed centre will be constructed on a plot of land owned by the municipality.","23-Aug-2024","24-Apr-2025","5500000","Work partially Completed"
"81","Normal/Others","WS/MP099/2024-2025/136779-Construction of community centers and community halls","Kerala","PATHANAMTHITTA(DISTRICT COLLECTOR PATHANAMTHITTA_IDA)","Dr. John Brittas (2021-27) (2021-2027)","Elected MP","Construction of a “Vayojana Pakal Paripalana Kendram” in Ward No.III of Enadimangalam Grama Panchayat, Pathanamthitta District.","23-Aug-2024","27-Nov-2024","4330000","Sanction"
"82","Normal/Others","WS/MP100/2025-2026/158031-Construction of community centers and community halls","Kerala","KOTTAYAM(DISTRICT COLLECTOR KOTTAYAM_IDA)","Shri Jose K. Mani (2024-30) (2024-2030)","Elected MP","Construction of Cultural Centre at Laksham Veedu Colony Cat  SC","11-Dec-2024","25-Sep-2025","1850000","Sanction"
"83","Normal/Others","WS/MP094/2024-2025/159307-Construction of community centers and community halls","Kerala","KANNUR(DISTRICT COLLECTOR KANNUR_IDA)","Dr. V. Sivadasan (2021-27) (2021-2027)","Elected MP","Construction of building for Arivilanjapoil Samskarika Nilayam in Udayagiri Grama Panchayath","17-Dec-2024","22-Mar-2025","992209","Physical Inspection"
"84","Normal/Others","WS/MP094/2025-2026/178989-Construction of community centers and community halls","Kerala","KANNUR(DISTRICT COLLECTOR KANNUR_IDA)","Dr. V. Sivadasan (2021-27) (2021-2027)","Elected MP","Construction of Building for Vinoda Vinjana Vikasana Kendram (Community Hall cum Training Centre) in Peravoor GP","04-Mar-2025","11-Feb-2026","30000000","Sanction"
"85","Normal/Others","WS/MP102/2025-2026/189671-Construction of community centers and community halls","Kerala","IDUKKI(DISTRICT COLLECTOR IDUKKI_IDA)","Smt. Jebi Mather Hisham (2022-28) (2022-2028)","Elected MP","Construction of Women Empowerment Hall at Mannakkudy ST Colony, Azhutha Block","07-Apr-2025","08-Apr-2025","1000000","Work partially Completed"
"86","Normal/Others","WS/MP096/2026-2027/190800-Construction of community centers and community halls","Kerala","MALAPPURAM(DISTRICT COLLECTOR MALAPPURAM_IDA)","Shri Abdul Wahab (2021-27) (2021-2027)","Elected MP","Construction of Multipurpose community hall at Chelasserikunnu ST Nagar, Ward No.28, Nilambur Municipality","12-Apr-2025","15-May-2026","2000000","Sanction"
"87","Normal/Others","WS/MP101/2026-2027/207838-Construction of community centers and community halls","Kerala","KANNUR(DISTRICT COLLECTOR KANNUR_IDA)","Shri Sandosh Kumar P (2022-28) (2022-2028)","Elected MP","Construction of Resting Centre for old age people","10-Jun-2025","03-Aug-2026","2100000","Sanction"
"88","Normal/Others","WS/MP101/2026-2027/207840-Construction of community centers and community halls","Kerala","KANNUR(DISTRICT COLLECTOR KANNUR_IDA)","Shri Sandosh Kumar P (2022-28) (2022-2028)","Elected MP","Construction Of  Resting Centre for old age people","10-Jun-2025","04-Aug-2026","2500000","Sanction"
"89","Normal/Others","WS/MP18405/2025-2026/246060-Construction of community centers and community halls","Kerala","THRISSUR(DISTRICT COLLECTOR THRISSUR_IDA)","Shri P. P. Suneer (2024-30) (2024-2030)","Elected MP","New Building for SC Community Centre at ward -10 Kara East of Edavilangu GP","05-Nov-2025","12-Mar-2026","2000000","Sanction"
"90","Trust and Society","WS/MP096/2026-2027/295064-Construction of community centers and community halls","Kerala","MALAPPURAM(DISTRICT COLLECTOR MALAPPURAM_IDA)","Shri Abdul Wahab (2021-27) (2021-2027)","Elected MP","Setting up of Lift at Pulikkottil Hyder Smaraka Kala Padana Kendram, Wandoor Panchayat","14-Jul-2026","17-Jul-2026","2200000","Work partially Completed"
"91","Normal/Others","WS/MP101/2024-2025/90207-Construction of public libraries and reading rooms","Kerala","KOLLAM(DISTRICT COLLECTOR KOLLAM_IDA)","Shri Sandosh Kumar P (2022-28) (2022-2028)","Elected MP","Construction of Library building  and purchase of Digital Equipments at Sreechithiravilasam Govt. L P School in Mynagapally Grama Panchayat -Kollam District","23-Sep-2024","13-Nov-2024","1383320","Physical Inspection"
"92","Trust and Society","WS/MP099/2024-2025/132929-Construction of public libraries and reading rooms","Kerala","KANNUR(DISTRICT COLLECTOR KANNUR_IDA)","Dr. John Brittas (2021-27) (2021-2027)","Elected MP","Construction of building for Grameena Vayanasala & Grandhalayam,Parothumneer, Cherupuzha Grama Panchayat.","02-Jul-2024","11-Jul-2024","2000000","Work Completed"
"93","Trust and Society","WS/MP101/2025-2026/142786-Construction of public libraries and reading rooms","Kerala","KANNUR(DISTRICT COLLECTOR KANNUR_IDA)","Shri Sandosh Kumar P (2022-28) (2022-2028)","Elected MP","Construction of Building for N E Balram Public Library in Pinarayi Grama Panchayat","23-Sep-2024","17-Jan-2026","2900000","Work partially Completed"
"94","Normal/Others","WS/MP096/2025-2026/178440-Construction of public libraries and reading rooms","Kerala","KANNUR(DISTRICT COLLECTOR KANNUR_IDA)","Shri Abdul Wahab (2021-27) (2021-2027)","Elected MP","Construction of Public Library at CHMKSGS School, Ward No. 13, Mattul Panchayat","01-Mar-2025","14-Jan-2026","1000000","Sanction"
"95","Trust and Society","WS/MP101/2025-2026/183650-Construction of public libraries and reading rooms","Kerala","KOLLAM(DISTRICT COLLECTOR KOLLAM_IDA)","Shri Sandosh Kumar P (2022-28) (2022-2028)","Elected MP","CONSTRUCTION OF SULTHANSHA GRANDHASAA BUILDING","18-Mar-2025","04-Apr-2025","2500000","Sanction"
"96","Trust and Society","WS/MP101/2025-2026/186021-Construction of public libraries and reading rooms","Kerala","KOLLAM(DISTRICT COLLECTOR KOLLAM_IDA)","Shri Sandosh Kumar P (2022-28) (2022-2028)","Elected MP","CONSTRUCTION O FLIBRARY BIULDING","24-Mar-2025","03-Apr-2025","2100000","Work partially Completed"
"97","Trust and Society","WS/MP099/2025-2026/214123-Construction of public libraries and reading rooms","Kerala","ALAPPUZHA(DISTRICT COLLECTOR ALAPPUZHA_IDA)","Dr. John Brittas (2021-27) (2021-2027)","Elected MP","Construction of building for Kasturba Memorial Grandhasala and Vayanasala (Reg. No. 66), Ponga P.O, Kainakary South Village, Kuttanad Taluk, Alappuzha District","15-Oct-2025","10-Feb-2026","1000000","Sanction"
"98","Trust and Society","WS/MP095/2025-2026/257967-Construction of public libraries and reading rooms","Kerala","THIRUVANANTHAPURAM(DISTRICT COLLECTOR THIRUVANANTHAPURAM_IDA)","Shri A. A. Rahim (2022-28) (2022-2028)","Elected MP","Construction of building Aksharam Library,Pattamkallu,Nedumangadu Municipality ,TVPM","08-Jan-2026","13-Jan-2026","1821116","Physical Inspection"
"99","Trust and Society","WS/MP094/2025-2026/265212-Construction of public libraries and reading rooms","Kerala","KANNUR(DISTRICT COLLECTOR KANNUR_IDA)","Dr. V. Sivadasan (2021-27) (2021-2027)","Elected MP","Construction of Building for CH Raman Gurukkal Smaraka Vayanashala and Grandhalayam","03-Feb-2026","17-Feb-2026","3200000","Sanction"
"100","Trust and Society","WS/MP102/2025-2026/272054-Construction of public libraries and reading rooms","Kerala","ALAPPUZHA(DISTRICT COLLECTOR ALAPPUZHA_IDA)","Smt. Jebi Mather Hisham (2022-28) (2022-2028)","Elected MP","Construction of Building for Vaduthala Public Library and Reading Room","02-Mar-2026","07-Mar-2026","4000000","Sanction"
"101","Normal/Others","WS/MP096/2024-2025/132556-Purchase of books for public libraries/ digitization of library books","Kerala","THRISSUR(DISTRICT COLLECTOR THRISSUR_IDA)","Shri Abdul Wahab (2021-27) (2021-2027)","Elected MP","Purchasing books for Thalassery Grameena Vayanashala at Thalassery, Deshamangalam Panchayat","15-Jun-2024","25-Sep-2024","50000","Physical Inspection"
"102","Normal/Others","WS/MP099/2025-2026/214223-Purchase of books for public libraries/ digitization of library books","Kerala","KANNUR(DISTRICT COLLECTOR KANNUR_IDA)","Dr. John Brittas (2021-27) (2021-2027)","Elected MP","Purchase and distribution of books to E.M.S Cultural Centre and Library, Reg. No. 13 KNR 9254, Mullanmotta, Thalamunda, Kanhirode P.O, Munderi Grama Panchayat, Kannur District  670592.","15-Oct-2025","11-Mar-2026","50000","Physical Inspection"
"103","Normal/Others","WS/MP099/2026-2027/272678-Purchase of books for public libraries/ digitization of library books","Kerala","KANNUR(DISTRICT COLLECTOR KANNUR_IDA)","Dr. John Brittas (2021-27) (2021-2027)","Elected MP","Purchase and distribution of books to Kattayal Navachethana Vayanasala and Grandhalayam, Reg. No. 13 TPA 6222, Chapparapadavu Grama Panchayat, Thadikkadavu P.O, Kannur District 670581","06-Mar-2026","20-May-2026","50000","Sanction"
"104","Trust and Society","WS/MP099/2024-2025/132938-Construction of additional rooms and halls in the existing public and community building","Kerala","PATHANAMTHITTA(DISTRICT COLLECTOR PATHANAMTHITTA_IDA)","Dr. John Brittas (2021-27) (2021-2027)","Elected MP","Construction of 2nd Floor atop the existing building viz. ""Snehalayam"" being operated by E.M.S Charitable Society (Reg.No. PTM/TC/14/2013), Konni GP.","04-Jul-2024","12-Aug-2024","2804264","Physical Inspection"
"105","Normal/Others","WS/MP096/2025-2026/145348-Construction of additional rooms and halls in the existing public and community building","Kerala","MALAPPURAM(DISTRICT COLLECTOR MALAPPURAM_IDA)","Shri Abdul Wahab (2021-27) (2021-2027)","Elected MP","Construction of a portion of the first storey building of C H Mohammed Koya Chair for Studies on Developing Societies at University of Calicut, Ward No.22, Pallikkal Panchayat","04-Oct-2024","23-Jul-2025","2317482","Physical Inspection"
"106","Normal/Others","WS/MP096/2026-2027/288359-Construction of additional rooms and halls in the existing public and community building","Kerala","MALAPPURAM(DISTRICT COLLECTOR MALAPPURAM_IDA)","Shri Abdul Wahab (2021-27) (2021-2027)","Elected MP","Construction of Building for the CH Mohammed Koya Chair for studies on Developing Societies, University of Calicut, Pallikkal Panchayath (Construction of balance portion of the first floor of the building)","23-Jun-2026","16-Jul-2026","1500000","Sanction"
"107","Normal/Others","WS/MP096/2024-2025/145347-Construction of boundary walls of existing public and community buildings","Kerala","MALAPPURAM(DISTRICT COLLECTOR MALAPPURAM_IDA)","Shri Abdul Wahab (2021-27) (2021-2027)","Elected MP","Construction of side protection wall at town square, Wandoor, ward no. 19, Wandoor Panchayat","04-Oct-2024","28-Nov-2024","500000","Sanction"
"108","Normal/Others","WS/MP102/2025-2026/223699-Construction of boundary walls of existing public and community buildings","Kerala","MALAPPURAM(DISTRICT COLLECTOR MALAPPURAM_IDA)","Smt. Jebi Mather Hisham (2022-28) (2022-2028)","Elected MP","Construction of Compound wall with gate at Ambedkar College of Arts and Science, Wandoor Gram Panchayath","31-Jul-2025","13-Jan-2026","820454","Physical Inspection"
"109","Trust and Society","WS/MP096/2025-2026/234148-Construction of boundary walls of existing public and community buildings","Kerala","MALAPPURAM(DISTRICT COLLECTOR MALAPPURAM_IDA)","Shri Abdul Wahab (2021-27) (2021-2027)","Elected MP","Construction of Compound wall for Sayyid Muhammed Ali Shihab Thangal Memorial Arts and Science Womens College, Ward no.15, Athavanad Panchayath.","15-Sep-2025","22-Sep-2025","2582051","Physical Inspection"
"110","Normal/Others","WS/MP099/2024-2025/136778-Construction of buildings for community cultural activities","Kerala","PATHANAMTHITTA(DISTRICT COLLECTOR PATHANAMTHITTA_IDA)","Dr. John Brittas (2021-27) (2021-2027)","Elected MP","Construction of first floor of Desiya Vayanasala for cultural activities in Ward No: XIII of Mezhuveli Grama Panchayath","23-Aug-2024","23-Aug-2024","997581","Physical Inspection"
"111","Normal/Others","WS/MP094/2025-2026/159371-Construction of buildings for community cultural activities","Kerala","KANNUR(DISTRICT COLLECTOR KANNUR_IDA)","Dr. V. Sivadasan (2021-27) (2021-2027)","Elected MP","Building for Vinoda Vijnana Vikasana Kendram (V-Kendra)","17-Dec-2024","09-Jan-2026","5500000","Sanction"
"112","Trust and Society","WS/MP18405/2025-2026/232581-Construction of buildings for community cultural activities","Kerala","MALAPPURAM(DISTRICT COLLECTOR MALAPPURAM_IDA)","Shri P. P. Suneer (2024-30) (2024-2030)","Elected MP","FIRST FLOOR CONSTRUCTION FOR CULTURAL CENTRE ON THE BUILDING OWNED BY UNNI SMARKA GRANDHALAYAM,KOTHAMUKKU,VELIYANKODE GRAMA PANCHAYATH WARD-12","15-Sep-2025","19-Feb-2026","3000000","Sanction"
"113","Normal/Others","WS/MP096/2025-2026/145605-Construction of Government office buildings (Post office, Police station, Police chauki, etc.)","Kerala","MALAPPURAM(DISTRICT COLLECTOR MALAPPURAM_IDA)","Shri Abdul Wahab (2021-27) (2021-2027)","Elected MP","Construction of additional rooms for magistrate court, Nilambur. Ward no. 33, Nilambur Municipality.","05-Oct-2024","11-Apr-2025","286028","Physical Inspection"
"114","Normal/Others","WS/MP096/2026-2027/182272-Purchase of motor boats for flood and cyclone prone areas","Kerala","MALAPPURAM(DISTRICT COLLECTOR MALAPPURAM_IDA)","Shri Abdul Wahab (2021-27) (2021-2027)","Elected MP","Purchasing of Inflatable Boad (Rubber Dinghy) with Outboard Engine at Flood Disaster Area, Fire and Rescue Station Nilambur, Nilambur Municipality","16-Mar-2025","15-May-2026","700000","Sanction"
"115","Normal/Others","WS/MP099/2025-2026/132947-Construction of bus-sheds or bus-stops","Kerala","KANNUR(DISTRICT COLLECTOR KANNUR_IDA)","Dr. John Brittas (2021-27) (2021-2027)","Elected MP","Construction of a Bus shed in Naduvil Panchayath Bus Stand, Naduvil Grama Panchayat, Kannur Dist.","04-Jul-2024","21-Aug-2025","841700","Physical Inspection"
"116","Normal/Others","WS/MP101/2026-2027/207834-Construction of bus-sheds or bus-stops","Kerala","KANNUR(DISTRICT COLLECTOR KANNUR_IDA)","Shri Sandosh Kumar P (2022-28) (2022-2028)","Elected MP","Construction of Bus stop in front of Govt. Higher Secondery School Chittariparamba","10-Jun-2025","19-May-2026","540000","Physical Inspection"
"117","Normal/Others","WS/MP096/2026-2027/269642-Construction of bus-sheds or bus-stops","Kerala","MALAPPURAM(DISTRICT COLLECTOR MALAPPURAM_IDA)","Shri Abdul Wahab (2021-27) (2021-2027)","Elected MP","Construction of Bus Stop Cabin at Kodathipadi, Nilambur Municipality","19-Feb-2026","15-May-2026","1500000","Sanction"
"118","Normal/Others","WS/MP099/2024-2025/132662-Construction of rooms and halls in school and colleges","Kerala","KANNUR(DISTRICT COLLECTOR KANNUR_IDA)","Dr. John Brittas (2021-27) (2021-2027)","Elected MP","Construction of building for Areekkamala Government UP School, Eruvessi Grama Panchayat, Kannur District","20-Jun-2024","23-Aug-2024","2615256","Physical Inspection"
"119","Normal/Others","WS/MP099/2024-2025/132953-Construction of rooms and halls in school and colleges","Kerala","KANNUR(DISTRICT COLLECTOR KANNUR_IDA)","Dr. John Brittas (2021-27) (2021-2027)","Elected MP","Construction of building for BUDS School & Rehabilitation Centre in Ward no.X (Kandakasseri), Payyavoor Grama Panchayath","04-Jul-2024","25-Mar-2025","2368505","Physical Inspection"
"120","Normal/Others","WS/MP096/2024-2025/132958-Construction of rooms and halls in school and colleges","Kerala","THIRUVANANTHAPURAM(DISTRICT COLLECTOR THIRUVANANTHAPURAM_IDA)","Shri Abdul Wahab (2021-27) (2021-2027)","Elected MP","Setting up of High-tech theatre classroom at PTMVHSS, Maruthoorkonam, Ward no.14, Kottukal Panchayat","04-Jul-2024","27-Jul-2024","1499700","Physical Inspection"
"121","Normal/Others","WS/MP095/2024-2025/133316-Construction of rooms and halls in school and colleges","Kerala","THIRUVANANTHAPURAM(DISTRICT COLLECTOR THIRUVANANTHAPURAM_IDA)","Shri A. A. Rahim (2022-28) (2022-2028)","Elected MP","Construction of open auditorium in govt UPS.Koliyakkode,Manikkal Gramapanchyath,Nedumangadu Assbly Constuancy","12-Jul-2024","26-Oct-2024","2500000","Physical Inspection"
"122","Repair and Renovation","WS/MP099/2025-2026/152159-Construction of rooms and halls in school and colleges","Kerala","KANNUR(DISTRICT COLLECTOR KANNUR_IDA)","Dr. John Brittas (2021-27) (2021-2027)","Elected MP","Repair and renovation (including roofing) of Government L.P School, Thurumbi, Arangu P.O, Naduvil Grama Panchayat, Kannur District","12-Nov-2024","13-Jan-2026","200000","Sanction"
"123","Normal/Others","WS/MP102/2024-2025/156869-Construction of rooms and halls in school and colleges","Kerala","WAYANAD(DISTRICT COLLECTOR WAYANAD_IDA)","Smt. Jebi Mather Hisham (2022-28) (2022-2028)","Elected MP","Construction of classrooms at first floor for GHS Nellarachal, Ambalavayal Grama Panchayath (ST)","04-Dec-2024","07-Mar-2025","1500000","Physical Inspection"
"124","Normal/Others","WS/MP096/2025-2026/237609-Development of playground","Kerala","MALAPPURAM(DISTRICT COLLECTOR MALAPPURAM_IDA)","Shri Abdul Wahab (2021-27) (2021-2027)","Elected MP","Construction of Playground at GMLP School, Mapprom, Vazhakkad Panchayat","25-Sep-2025","14-Jan-2026","2500000","Sanction"
"125","Normal/Others","WS/MP099/2026-2027/282098-Development of playground","Kerala","KANNUR(DISTRICT COLLECTOR KANNUR_IDA)","Dr. John Brittas (2021-27) (2021-2027)","Elected MP","Development of the school courtyard by providing tiled or interlocking paver block flooring in GLP School, Vellur, Vellur P.O, Payyanur Municipality, Ward No. 46,  Kannur District","19-May-2026","29-Aug-2026","300000","Sanction"
"126","Normal/Others","WS/MP101/2026-2027/207842-Purchase of books and periodicals for libraries/digitization of library books","Kerala","KANNUR(DISTRICT COLLECTOR KANNUR_IDA)","Shri Sandosh Kumar P (2022-28) (2022-2028)","Elected MP","Purchase of books P.P. Mukundan  Smaraka Vayanasala and grandalayam","10-Jun-2025","13-May-2026","200000","Physical Inspection"
"127","Normal/Others","WS/MP102/2025-2026/259017-Purchase of books and periodicals for libraries/digitization of library books","Kerala","PALAKKAD(DISTRICT COLLECTOR PALAKKAD_IDA)","Smt. Jebi Mather Hisham (2022-28) (2022-2028)","Elected MP","Purchase of Library Books for School Library, Govt. Higher Secondary School, Karimba, Karimba Grama Panchayath","13-Jan-2026","03-Mar-2026","500000","Physical Inspection"
"128","Normal/Others","WS/MP101/2024-2025/90206-Construction of buildings for crèches and anganwadies","Kerala","THRISSUR(DISTRICT COLLECTOR THRISSUR_IDA)","Shri Sandosh Kumar P (2022-28) (2022-2028)","Elected MP","Construction of Anganwadi building, at Ward No. 11 in Paralam Grama Panchayath, Thrissur","23-Sep-2024","02-Dec-2024","2429102","Physical Inspection"
"129","Normal/Others","WS/MP101/2024-2025/142787-Construction of buildings for crèches and anganwadies","Kerala","THRISSUR(DISTRICT COLLECTOR THRISSUR_IDA)","Shri Sandosh Kumar P (2022-28) (2022-2028)","Elected MP","Construction of Model Anganwady at Padiyur Grama Panchayat in Thrissur District","23-Sep-2024","02-Nov-2024","2739682","Physical Inspection"
"130","Normal/Others","WS/MP101/2025-2026/152126-Construction of buildings for crèches and anganwadies","Kerala","KANNUR(DISTRICT COLLECTOR KANNUR_IDA)","Shri Sandosh Kumar P (2022-28) (2022-2028)","Elected MP","CONSTRUCTION OF PALCHURAM TRIBAL ANGANAWADIES","12-Nov-2024","06-Mar-2026","2900000","Sanction"
"131","Normal/Others","WS/MP099/2024-2025/132951-Construction of buildings for crèches and anganwadies","Kerala","KANNUR(DISTRICT COLLECTOR KANNUR_IDA)","Dr. John Brittas (2021-27) (2021-2027)","Elected MP","Construction of Anganwadi at Nediyenga Nellikunnu, Sreekandapuram Municipality, Kannur District","04-Jul-2024","03-Jan-2025","1815360","Physical Inspection"
"132","Normal/Others","WS/MP095/2024-2025/134586-Construction of buildings for crèches and anganwadies","Kerala","THIRUVANANTHAPURAM(DISTRICT COLLECTOR THIRUVANANTHAPURAM_IDA)","Shri A. A. Rahim (2022-28) (2022-2028)","Elected MP","Smart Anganwadi in Tottinkara ,Melemakam","24-Oct-2024","06-Nov-2024","1500000","Work Completed"
"133","Normal/Others","WS/MP099/2025-2026/233093-Construction of buildings for crèches and anganwadies","Kerala","THIRUVANANTHAPURAM(DISTRICT COLLECTOR THIRUVANANTHAPURAM_IDA)","Dr. John Brittas (2021-27) (2021-2027)","Elected MP","Construction of Smart Anganwadi at Vedivachancoil, Pallichal Grama Panchayat, Thiruvananthapuram District","12-Sep-2025","23-Dec-2025","2000000","Work partially Completed"
"134","Normal/Others","WS/MP095/2025-2026/257628-Purchase of equipment for crèches and anganwadies","Kerala","THIRUVANANTHAPURAM(DISTRICT COLLECTOR THIRUVANANTHAPURAM_IDA)","Shri A. A. Rahim (2022-28) (2022-2028)","Elected MP","Purchase and fixing of playing equipments of new Childrens Park Govt.Pre Primary Teachers Training ,Cotton Hill ,Thiruvananthapuram","08-Jan-2026","11-Feb-2026","500000","Vendor Identification"
"135","Normal/Others","WS/MP099/2024-2025/119779-Purchase of smart boards, visual display units and projectors","Kerala","THRISSUR(DISTRICT COLLECTOR THRISSUR_IDA)","Dr. John Brittas (2021-27) (2021-2027)","Elected MP","Purchase of LCD Projector for Don Bosco Higher Secondary School, Mullakkara, Mannuthy, Thrissur Municipal Corporation, Thrissur District – 680651","04-Mar-2024","07-Dec-2024","41378","Physical Inspection"
"136","Normal/Others","WS/MP100/2025-2026/201832-Purchase of smart boards, visual display units and projectors","Kerala","KOTTAYAM(DISTRICT COLLECTOR KOTTAYAM_IDA)","Shri Jose K. Mani (2024-30) (2024-2030)","Elected MP","Supply and Installation of Science Smart Class Room at St Thomas High School, Pala","21-May-2025","13-Mar-2026","500000","Sanction"
"137","Normal/Others","WS/MP101/2026-2027/207841-Purchase of smart boards, visual display units and projectors","Kerala","KANNUR(DISTRICT COLLECTOR KANNUR_IDA)","Shri Sandosh Kumar P (2022-28) (2022-2028)","Elected MP","Smart Class Room For Chittariparamba Govt.Higher Secondary School","10-Jun-2025","04-Aug-2026","1000000","Sanction"
"138","Normal/Others","WS/MP096/2026-2027/240459-Setting up of laboratories","Kerala","THIRUVANANTHAPURAM(DISTRICT COLLECTOR THIRUVANANTHAPURAM_IDA)","Shri Abdul Wahab (2021-27) (2021-2027)","Elected MP","Setting up of Audio studio and Audio Lab equipments for Dept. of Communication and journalism, University of Kerala, Kariavattom, Ward No.09, Thiruvananthapuram Municipal Corporation","07-Oct-2025","04-Aug-2026","300000","Sanction"
"139","Normal/Others","WS/MP102/2025-2026/246658-Setting up of laboratories","Kerala","MALAPPURAM(DISTRICT COLLECTOR MALAPPURAM_IDA)","Smt. Jebi Mather Hisham (2022-28) (2022-2028)","Elected MP","Establishment of Digital Library and Science Lab at G.U.P. School, Mytra, Urangattiri Grama Panchayath","07-Nov-2025","20-Feb-2026","500000","Sanction"
"140","Normal/Others","WS/MP099/2024-2025/133006-Purchase of vans and buses for educational institutions","Kerala","KANNUR(DISTRICT COLLECTOR KANNUR_IDA)","Dr. John Brittas (2021-27) (2021-2027)","Elected MP","Purchase of School Bus for Thimiri Govt. U P School, Alakode GP.","05-Jul-2024","03-Oct-2024","1637255","Physical Inspection"
"141","Normal/Others","WS/MP099/2024-2025/133007-Purchase of vans and buses for educational institutions","Kerala","KANNUR(DISTRICT COLLECTOR KANNUR_IDA)","Dr. John Brittas (2021-27) (2021-2027)","Elected MP","Purchase  of School Bus for Kayaralam North ALP School, Orappadi, Mayyil GP","05-Jul-2024","03-Oct-2024","1997985","Physical Inspection"
"142","Normal/Others","WS/MP102/2025-2026/134502-Purchase of vans and buses for educational institutions","Kerala","PATHANAMTHITTA(DISTRICT COLLECTOR PATHANAMTHITTA_IDA)","Smt. Jebi Mather Hisham (2022-28) (2022-2028)","Elected MP","Purchase of School Bus - Nethaji Higher Secondary School, Pramadom Grama Panchayath","01-Aug-2024","15-Sep-2025","2000000","Work Completed"
"143","Normal/Others","WS/MP095/2024-2025/134587-Purchase of vans and buses for educational institutions","Kerala","THIRUVANANTHAPURAM(DISTRICT COLLECTOR THIRUVANANTHAPURAM_IDA)","Shri A. A. Rahim (2022-28) (2022-2028)","Elected MP","Ashadeepam Buds School,Malayinkeezhu","24-Oct-2024","02-Nov-2024","1817600","Physical Inspection"
"144","Normal/Others","WS/MP096/2024-2025/137102-Purchase of vans and buses for educational institutions","Kerala","MALAPPURAM(DISTRICT COLLECTOR MALAPPURAM_IDA)","Shri Abdul Wahab (2021-27) (2021-2027)","Elected MP","Purchasing of School Bus for GLPS Vendekkumpotty, Ward No.04, Vazhikadavu Panchayat","26-Aug-2024","30-Aug-2024","1873200","Physical Inspection"
"145","Normal/Others","WS/MP18329/2025-2026/140057-Purchase of vans and buses for educational institutions","Kerala","PALAKKAD(DISTRICT COLLECTOR PALAKKAD_IDA)","Shri Haris Beeran (2024-30) (2024-2030)","Elected MP","Over 1500 students study at Puthunagar Muslim Higher Secondary School, which comes under Palakkad Sub District. A school bus is highly essential for this school. I am sanctioning the amount to purchase a Tata bus from GeM - with a seating capacity of 27+1, complete the entire work, and make it travel-worthy. The details of the bus are given below.  TATA MOTORS TYPE IV (School Bus) Non Deluxe Bus(NDX) with Passenger Carrying Capacity of 28 Nos. (Tata Cityride School 27+A+D LP 410/33 BS-6)","09-Sep-2024","07-Aug-2025","2075534","Physical Inspection"
"146","Normal/Others","WS/MP102/2024-2025/143581-Purchase of vans and buses for educational institutions","Kerala","WAYANAD(DISTRICT COLLECTOR WAYANAD_IDA)","Smt. Jebi Mather Hisham (2022-28) (2022-2028)","Elected MP","Purchase of School Bus for Govt. Nursing College, Panamaram, Panamaram Grama Panchayath","25-Sep-2024","12-Dec-2024","2341820","Physical Inspection"
"147","Normal/Others","WS/MP096/2024-2025/145345-Purchase of vans and buses for educational institutions","Kerala","MALAPPURAM(DISTRICT COLLECTOR MALAPPURAM_IDA)","Shri Abdul Wahab (2021-27) (2021-2027)","Elected MP","Purchasing of Vehicle (Mahindra Bolero) for IGMMR School, Nilambur, Ward No. 06, Nilambur Municipality (ST)","04-Oct-2024","13-Jan-2025","916838","Physical Inspection"
"148","Normal/Others","WS/MP101/2024-2025/153063-Purchase of vans and buses for educational institutions","Kerala","KANNUR(DISTRICT COLLECTOR KANNUR_IDA)","Shri Sandosh Kumar P (2022-28) (2022-2028)","Elected MP","purchase of bus for  Rayarom Govt. high school","18-Nov-2024","10-Dec-2024","2372881","Physical Inspection"
"149","Normal/Others","WS/MP101/2024-2025/153064-Purchase of vans and buses for educational institutions","Kerala","KANNUR(DISTRICT COLLECTOR KANNUR_IDA)","Shri Sandosh Kumar P (2022-28) (2022-2028)","Elected MP","Purchase of Bus for Sreepuram Govt. Higher Seceondary School","18-Nov-2024","10-Dec-2024","2372881","Physical Inspection"
"150","Normal/Others","WS/MP18405/2025-2026/156757-Purchase of vans and buses for educational institutions","Kerala","MALAPPURAM(DISTRICT COLLECTOR MALAPPURAM_IDA)","Shri P. P. Suneer (2024-30) (2024-2030)","Elected MP","Purchase of School Bus for Buds Rehabilitation Centre owned by Mambad Grama Panchayat","05-Jan-2025","26-Apr-2025","1613458","Physical Inspection"
"151","Normal/Others","WS/MP096/2024-2025/162921-Purchase of vans and buses for educational institutions","Kerala","KOTTAYAM(DISTRICT COLLECTOR KOTTAYAM_IDA)","Shri Abdul Wahab (2021-27) (2021-2027)","Elected MP","Purchasing of School bus for M.M.M.U.M.UP School, Karakkad, Erattupetta Municipality","01-Jan-2025","06-Mar-2025","2500000","Work partially Completed"
"152","Normal/Others","WS/MP095/2026-2027/299278-Setting up of kitchen and pantries","Kerala","THIRUVANANTHAPURAM(DISTRICT COLLECTOR THIRUVANANTHAPURAM_IDA)","Shri A. A. Rahim (2022-28) (2022-2028)","Elected MP","Setting up of Kitchen at Govt.UPS, Parackal, Venjaramoodu Manikkal Grama Panchayath","28-Jul-2026","29-Jul-2026","1800000","Work partially Completed"
"153","Normal/Others","WS/MP096/2024-2025/164712-Purchase of vans and buses for educational institutions","Kerala","MALAPPURAM(DISTRICT COLLECTOR MALAPPURAM_IDA)","Shri Abdul Wahab (2021-27) (2021-2027)","Elected MP","Purchasing of School bus for JNRHSS, Edavanna Ward No. 08, Edavanna Panchayat.","10-Jan-2025","13-Jan-2025","2200000","Physical Inspection"
"154","Normal/Others","WS/MP096/2025-2026/167551-Purchase of vans and buses for educational institutions","Kerala","KOZHIKODE(DISTRICT COLLECTOR KOZHIKODE_IDA)","Shri Abdul Wahab (2021-27) (2021-2027)","Elected MP","Purchasing of School bus for Calicut orphanage ALP School Kolathara, Ward No. 42, Kozhikkode Corporation","21-Jan-2025","09-Sep-2025","2015000","Physical Inspection"
"155","Normal/Others","WS/MP101/2025-2026/172958-Purchase of vans and buses for educational institutions","Kerala","KANNUR(DISTRICT COLLECTOR KANNUR_IDA)","Shri Sandosh Kumar P (2022-28) (2022-2028)","Elected MP","Purchase of school bus for Mangad East L.P School","05-Feb-2025","26-Sep-2025","2010167","Vendor Identification"
"156","Normal/Others","WS/MP101/2025-2026/172961-Purchase of vans and buses for educational institutions","Kerala","KOZHIKODE(DISTRICT COLLECTOR KOZHIKODE_IDA)","Shri Sandosh Kumar P (2022-28) (2022-2028)","Elected MP","Procurrement of School Bus for Buds School in Kunnummal GP Kozhokode District","05-Feb-2025","26-Sep-2025","2000000","Work partially Completed"
"157","Normal/Others","WS/MP096/2025-2026/175036-Purchase of vans and buses for educational institutions","Kerala","WAYANAD(DISTRICT COLLECTOR WAYANAD_IDA)","Shri Abdul Wahab (2021-27) (2021-2027)","Elected MP","Purchasing of School bus for ALPS Naikatty, Ward no.16, Noolpuzha Panchayat (ST)","12-Feb-2025","14-Aug-2025","2000000","Work partially Completed"
"158","Normal/Others","WS/MP101/2025-2026/176096-Purchase of vans and buses for educational institutions","Kerala","KOTTAYAM(DISTRICT COLLECTOR KOTTAYAM_IDA)","Shri Sandosh Kumar P (2022-28) (2022-2028)","Elected MP","PURCHASE FOR SCHOOL BUS BHARATHEEYA VIDYA MANDIRAM AIDED  U.P .SCHOOL kIDANGOOR SOUTH","17-Feb-2025","12-Aug-2025","2500000","Work Completed"
"159","Normal/Others","WS/MP094/2025-2026/178992-Purchase of vans and buses for educational institutions","Kerala","KANNUR(DISTRICT COLLECTOR KANNUR_IDA)","Dr. V. Sivadasan (2021-27) (2021-2027)","Elected MP","Purchase of School Bus for Vilakode GUP School","04-Mar-2025","31-Jul-2025","1700000","Vendor Identification"
"160","Normal/Others","WS/MP095/2025-2026/180176-Purchase of vans and buses for educational institutions","Kerala","THIRUVANANTHAPURAM(DISTRICT COLLECTOR THIRUVANANTHAPURAM_IDA)","Shri A. A. Rahim (2022-28) (2022-2028)","Elected MP","School Bus, Buds school , Peringamala GP","24-Mar-2025","11-Jun-2025","1744320","Physical Inspection"
"161","Normal/Others","WS/MP18405/2025-2026/180619-Purchase of vans and buses for educational institutions","Kerala","MALAPPURAM(DISTRICT COLLECTOR MALAPPURAM_IDA)","Shri P. P. Suneer (2024-30) (2024-2030)","Elected MP","Purchase of School Bus for Marancheri Govt. Higher Secondary School  for  the transportation of their  students  to School and back.","19-Apr-2025","04-Jul-2025","2579526","Physical Inspection"
"162","Normal/Others","WS/MP096/2025-2026/181207-Purchase of vans and buses for educational institutions","Kerala","WAYANAD(DISTRICT COLLECTOR WAYANAD_IDA)","Shri Abdul Wahab (2021-27) (2021-2027)","Elected MP","Purchasing of School bus for WOLPS, Paralikunnu, Ward no.02, Muttil Panchayat","12-Mar-2025","12-Mar-2026","2240000","Sanction"
"163","Normal/Others","WS/MP094/2025-2026/190570-Purchase of vans and buses for educational institutions","Kerala","KANNUR(DISTRICT COLLECTOR KANNUR_IDA)","Dr. V. Sivadasan (2021-27) (2021-2027)","Elected MP","Purchase of Bus for students of Govt. MEDICAL COLLEGE,  KANNUR","11-Apr-2025","13-Mar-2026","3500000","Physical Inspection"
"164","Normal/Others","WS/MP100/2025-2026/202120-Purchase of vans and buses for educational institutions","Kerala","KOTTAYAM(DISTRICT COLLECTOR KOTTAYAM_IDA)","Shri Jose K. Mani (2024-30) (2024-2030)","Elected MP","Purchase of 31 seat Eicher school bus for O.L.L Higher Secondary School, Uzhavoor","21-May-2025","16-Oct-2025","2100000","Work partially Completed"
"165","Normal/Others","WS/MP100/2025-2026/202129-Purchase of vans and buses for educational institutions","Kerala","KOTTAYAM(DISTRICT COLLECTOR KOTTAYAM_IDA)","Shri Jose K. Mani (2024-30) (2024-2030)","Elected MP","Purchase of 21seat school bus for N S S High School for Boys, Perunna Changanachery.","21-May-2025","10-Feb-2026","1850000","Sanction"
"166","Normal/Others","WS/MP101/2025-2026/205263-Purchase of vans and buses for educational institutions","Kerala","PALAKKAD(DISTRICT COLLECTOR PALAKKAD_IDA)","Shri Sandosh Kumar P (2022-28) (2022-2028)","Elected MP","purchase of school bus fpr padashala samskritha school","30-May-2025","23-Jan-2026","2391541","Physical Inspection"
"167","Normal/Others","WS/MP102/2025-2026/207612-Purchase of vans and buses for educational institutions","Kerala","IDUKKI(DISTRICT COLLECTOR IDUKKI_IDA)","Smt. Jebi Mather Hisham (2022-28) (2022-2028)","Elected MP","Purchase of School Bus for St. Josephs School, Upputhodu, Mariyapuram Grama Panchayath","10-Jun-2025","22-Aug-2025","2227729","Physical Inspection"
"168","Normal/Others","WS/MP094/2025-2026/215264-Purchase of vans and buses for educational institutions","Kerala","KANNUR(DISTRICT COLLECTOR KANNUR_IDA)","Dr. V. Sivadasan (2021-27) (2021-2027)","Elected MP","Purchase of BUS for Manathana GHSS","05-Jul-2025","04-Aug-2025","1825120","Physical Inspection"
"169","Normal/Others","WS/MP100/2025-2026/217005-Purchase of vans and buses for educational institutions","Kerala","KANNUR(DISTRICT COLLECTOR KANNUR_IDA)","Shri Jose K. Mani (2024-30) (2024-2030)","Elected MP","Purchase of 20 seat school bus for Govt Higher Secondary School, Munderi, Kannur.","10-Jul-2025","07-Mar-2026","1850000","Vendor Identification"
"170","Normal/Others","WS/MP096/2025-2026/220989-Purchase of vans and buses for educational institutions","Kerala","MALAPPURAM(DISTRICT COLLECTOR MALAPPURAM_IDA)","Shri Abdul Wahab (2021-27) (2021-2027)","Elected MP","Purchasing of School bus for JNRHSS, Edavanna Ward No. 08, Edavanna Panchayat","22-Jul-2025","11-Nov-2025","2172209","Physical Inspection"
"171","Normal/Others","WS/MP101/2025-2026/222859-Purchase of vans and buses for educational institutions","Kerala","ALAPPUZHA(DISTRICT COLLECTOR ALAPPUZHA_IDA)","Shri Sandosh Kumar P (2022-28) (2022-2028)","Elected MP","purchase of bus for T.D. medical collage Allappuzha","28-Jul-2025","03-Mar-2026","3100000","Vendor Identification"
"172","Normal/Others","WS/MP18405/2025-2026/223143-Purchase of vans and buses for educational institutions","Kerala","THIRUVANANTHAPURAM(DISTRICT COLLECTOR THIRUVANANTHAPURAM_IDA)","Shri P. P. Suneer (2024-30) (2024-2030)","Elected MP","Thiruvannathapuram District-Varkala Taluk-Edava Gramapanchayat- Ward-12-Odayam-Govt.LP School-Purchase of School Bus","23-Aug-2025","12-Jan-2026","1800000","Sanction"
"173","Normal/Others","WS/MP18405/2026-2027/232308-Purchase of vans and buses for educational institutions","Kerala","PALAKKAD(DISTRICT COLLECTOR PALAKKAD_IDA)","Shri P. P. Suneer (2024-30) (2024-2030)","Elected MP","Purchase of School Bus for GLPS Payyanadam","15-Sep-2025","18-Jul-2026","2450000","Physical Inspection"
"174","Normal/Others","WS/MP18405/2025-2026/232309-Purchase of vans and buses for educational institutions","Kerala","WAYANAD(DISTRICT COLLECTOR WAYANAD_IDA)","Shri P. P. Suneer (2024-30) (2024-2030)","Elected MP","Purchase of School Van for GLPS,Lakkidi","15-Sep-2025","13-Jan-2026","1700000","Physical Inspection"
"175","Normal/Others","WS/MP18405/2026-2027/232380-Purchase of vans and buses for educational institutions","Kerala","MALAPPURAM(DISTRICT COLLECTOR MALAPPURAM_IDA)","Shri P. P. Suneer (2024-30) (2024-2030)","Elected MP","Purchase of School Bus or Van for Buds Rehabilitation Centre , Thrikkalangode","15-Sep-2025","18-Jun-2026","1700000","Sanction"
"176","Normal/Others","WS/MP099/2026-2027/235394-Purchase of vans and buses for educational institutions","Kerala","PATHANAMTHITTA(DISTRICT COLLECTOR PATHANAMTHITTA_IDA)","Dr. John Brittas (2021-27) (2021-2027)","Elected MP","Purchase of School Bus for Ranni Vaikom Government UP School, Ranni Panchayat, Ward XII, Pathanamthitta District","15-Oct-2025","20-Jul-2026","1954960","Sanction"
"177","Normal/Others","WS/MP101/2025-2026/240839-Purchase of vans and buses for educational institutions","Kerala","WAYANAD(DISTRICT COLLECTOR WAYANAD_IDA)","Shri Sandosh Kumar P (2022-28) (2022-2028)","Elected MP","purchase of school bus for Govt.UP School Thalappuzha","08-Oct-2025","13-Jan-2026","2336500","Work partially Completed"
"178","Normal/Others","WS/MP095/2025-2026/257601-Purchase of vans and buses for educational institutions","Kerala","THIRUVANANTHAPURAM(DISTRICT COLLECTOR THIRUVANANTHAPURAM_IDA)","Shri A. A. Rahim (2022-28) (2022-2028)","Elected MP","New School Bus, District Institute of Education and Training (DIET) School,Attingal, Attingal municipality","08-Jan-2026","30-Jan-2026","1850000","Physical Inspection"
"179","Normal/Others","WS/MP095/2025-2026/257602-Purchase of vans and buses for educational institutions","Kerala","THIRUVANANTHAPURAM(DISTRICT COLLECTOR THIRUVANANTHAPURAM_IDA)","Shri A. A. Rahim (2022-28) (2022-2028)","Elected MP","New School Bus, Govt.UPS Chirayinkeezh , Chirayinkeezh  Assembly Constituency","08-Jan-2026","30-Jan-2026","1900000","Physical Inspection"
"180","Normal/Others","WS/MP095/2025-2026/257620-Purchase of vans and buses for educational institutions","Kerala","THIRUVANANTHAPURAM(DISTRICT COLLECTOR THIRUVANANTHAPURAM_IDA)","Shri A. A. Rahim (2022-28) (2022-2028)","Elected MP","New School Bus, GHS Plavoor,Kattakada Grama Panchayath , Kattakada Assembly Constituency","08-Jan-2026","30-Jan-2026","1850000","Physical Inspection"
"181","Normal/Others","WS/MP095/2025-2026/257622-Purchase of vans and buses for educational institutions","Kerala","THIRUVANANTHAPURAM(DISTRICT COLLECTOR THIRUVANANTHAPURAM_IDA)","Shri A. A. Rahim (2022-28) (2022-2028)","Elected MP","New School Bus Govt HSS Kazhakkoottam","08-Jan-2026","30-Jan-2026","2700000","Physical Inspection"
"182","Normal/Others","WS/MP096/2026-2027/246501-Purchase of vans and buses for educational institutions","Kerala","KOZHIKODE(DISTRICT COLLECTOR KOZHIKODE_IDA)","Shri Abdul Wahab (2021-27) (2021-2027)","Elected MP","Purchasing of School bus for IUM LP School, Kannoottippara, Kattipara Panchayat","06-Nov-2025","20-May-2026","2000000","Vendor Identification"
"183","Normal/Others","WS/MP102/2025-2026/266733-Purchase of vans and buses for educational institutions","Kerala","ERNAKULAM(DISTRICT COLLECTOR ERNAKULAM_IDA)","Smt. Jebi Mather Hisham (2022-28) (2022-2028)","Elected MP","Purchase of School Bus for Govt. Higher Secondary School, Paravur, Paravur Municipality","06-Feb-2026","26-Feb-2026","2345749","Work partially Completed"
"184","Normal/Others","WS/MP101/2026-2027/267123-Purchase of vans and buses for educational institutions","Kerala","KANNUR(DISTRICT COLLECTOR KANNUR_IDA)","Shri Sandosh Kumar P (2022-28) (2022-2028)","Elected MP","purchase  school bus for therur mappila  L.P. school","09-Feb-2026","14-May-2026","1000000","Vendor Identification"
"185","Normal/Others","WS/MP096/2026-2027/271270-Purchase of vans and buses for educational institutions","Kerala","MALAPPURAM(DISTRICT COLLECTOR MALAPPURAM_IDA)","Shri Abdul Wahab (2021-27) (2021-2027)","Elected MP","Purchasing of Schoolbus for GUPS Eranhimangad, Chaliyar Panchayat","26-Feb-2026","15-May-2026","1600000","Vendor Identification"
"186","Normal/Others","WS/MP18405/2026-2027/272302-Purchase of vans and buses for educational institutions","Kerala","MALAPPURAM(DISTRICT COLLECTOR MALAPPURAM_IDA)","Shri P. P. Suneer (2024-30) (2024-2030)","Elected MP","Purchase of Schoolbus for Spectrum Special School ,Perumpadappu Run by Perumpadappu Block Panchayat","05-Mar-2026","18-Jun-2026","2200000","Vendor Identification"
"187","Normal/Others","WS/MP094/2026-2027/274141-Purchase of vans and buses for educational institutions","Kerala","KANNUR(DISTRICT COLLECTOR KANNUR_IDA)","Dr. V. Sivadasan (2021-27) (2021-2027)","Elected MP","Purchase of school bus for Pala Government Higher Secondary School in Muzhakkunnu Grama Panchayath","13-Mar-2026","27-Jun-2026","2500000","Vendor Identification"
"188","Normal/Others","WS/MP094/2026-2027/280307-Purchase of vans and buses for educational institutions","Kerala","THRISSUR(DISTRICT COLLECTOR THRISSUR_IDA)","Dr. V. Sivadasan (2021-27) (2021-2027)","Elected MP","Purchase of bus for College of Veterinary and Animal Science Mannuthy","12-May-2026","07-Aug-2026","3500000","Sanction"
"189","Normal/Others","WS/MP094/2026-2027/280619-Purchase of vans and buses for educational institutions","Kerala","WAYANAD(DISTRICT COLLECTOR WAYANAD_IDA)","Dr. V. Sivadasan (2021-27) (2021-2027)","Elected MP","Purchase of School Bus for G V H S S Karimkutti in Kottathara Grama Panchayath","13-May-2026","31-Jul-2026","2600000","Sanction"
"190","Normal/Others","WS/MP101/2026-2027/288424-Purchase of vans and buses for educational institutions","Kerala","THRISSUR(DISTRICT COLLECTOR THRISSUR_IDA)","Shri Sandosh Kumar P (2022-28) (2022-2028)","Elected MP","purchase of school bus for st.mary's cups chiyyaram Thrissur","23-Jun-2026","21-Aug-2026","2200000","Sanction"
"191","Normal/Others","WS/MP099/2024-2025/133009-Purchase of furniture and fixtures for educational purposes","Kerala","KANNUR(DISTRICT COLLECTOR KANNUR_IDA)","Dr. John Brittas (2021-27) (2021-2027)","Elected MP","Purchase supply and/or installation of required furniture,chairs,fixtures and other equipments including Audio- Vishual Equipments (Amplifiers,Speakers,Mixer, Microphone,Smart Podium, Projector, Screen, Smart TV, Laptop,It system Etc) for the Seminar Hall in Payyannur College","05-Jul-2024","03-Dec-2024","2497211","Physical Inspection"
"192","Normal/Others","WS/MP096/2024-2025/137103-Purchase of furniture and fixtures for educational purposes","Kerala","MALAPPURAM(DISTRICT COLLECTOR MALAPPURAM_IDA)","Shri Abdul Wahab (2021-27) (2021-2027)","Elected MP","Setting up of Furniture and white board for Govt. Model pre-school, Jawahar Colony, Ward no. 06, Nilambur Municipality (SC)","26-Aug-2024","14-Feb-2025","48931","Physical Inspection"
"193","Normal/Others","WS/MP096/2024-2025/145595-Purchase of furniture and fixtures for educational purposes","Kerala","MALAPPURAM(DISTRICT COLLECTOR MALAPPURAM_IDA)","Shri Abdul Wahab (2021-27) (2021-2027)","Elected MP","Installation of sound system at Govt. UP School, Myladi, Ward No. 08, Chaliyar Panchayat","05-Oct-2024","12-Dec-2024","112580","Physical Inspection"
"194","Normal/Others","WS/MP096/2026-2027/145613-Purchase of furniture and fixtures for educational purposes","Kerala","MALAPPURAM(DISTRICT COLLECTOR MALAPPURAM_IDA)","Shri Abdul Wahab (2021-27) (2021-2027)","Elected MP","Setting up of Furniture for Govt. Model Pre-school, Jawahar colony, Ward No.06, Nilambur Municipality (SC)","05-Oct-2024","04-Aug-2026","49000","Physical Inspection"
"195","Normal/Others","WS/MP096/2025-2026/145615-Purchase of furniture and fixtures for educational purposes","Kerala","MALAPPURAM(DISTRICT COLLECTOR MALAPPURAM_IDA)","Shri Abdul Wahab (2021-27) (2021-2027)","Elected MP","Purchasing of Books for Govt. Model Pre-school, Jawahar colony, Ward No.06, Nilambur Municipality   (SC)","05-Oct-2024","21-May-2025","30000","Physical Inspection"
"196","Normal/Others","WS/MP099/2024-2025/132664-Construction of rooms and facilities for hospitals, FWC , PHC Centers and ANM centers","Kerala","IDUKKI(DISTRICT COLLECTOR IDUKKI_IDA)","Dr. John Brittas (2021-27) (2021-2027)","Elected MP","Construction of Modular Operation Theatre and installation of equipments thereto in Government Medical College, Idukki, Vazhathope Grama Panchayat, Idukki District.","20-Jun-2024","29-Mar-2025","15000000","Sanction"
"197","Normal/Others","WS/MP099/2024-2025/132940-Construction of rooms and facilities for hospitals, FWC , PHC Centers and ANM centers","Kerala","PATHANAMTHITTA(DISTRICT COLLECTOR PATHANAMTHITTA_IDA)","Dr. John Brittas (2021-27) (2021-2027)","Elected MP","Construction of building for Kottangal Primary Health Centre, Kottangal GP","04-Jul-2024","11-Nov-2024","1000000","Sanction"
"198","Normal/Others","WS/MP095/2024-2025/133317-Construction of rooms and facilities for hospitals, FWC , PHC Centers and ANM centers","Kerala","THIRUVANANTHAPURAM(DISTRICT COLLECTOR THIRUVANANTHAPURAM_IDA)","Shri A. A. Rahim (2022-28) (2022-2028)","Elected MP","Construction of building for  By- stander amenity and waiting area for emergency dept in govt medical college,tvpm","12-Jul-2024","08-Nov-2024","6000000","Work partially Completed"
"199","Trust and Society","WS/MP099/2024-2025/140179-Construction of rooms and facilities for hospitals, FWC , PHC Centers and ANM centers","Kerala","MALAPPURAM(DISTRICT COLLECTOR MALAPPURAM_IDA)","Dr. John Brittas (2021-27) (2021-2027)","Elected MP","Construction of Sensory Park and installation of Health/Gym Equipments/Machines in V.K.M. Special School (A project of V.K. Mohamed Charitable Trust), Puramannoor PO, Irimbiliyam Grama Panchayat, Malappuram District.","10-Sep-2024","23-Nov-2024","909760","Physical Inspection"
"200","Normal/Others","WS/MP102/2024-2025/143933-Construction of rooms and facilities for hospitals, FWC , PHC Centers and ANM centers","Kerala","ERNAKULAM(DISTRICT COLLECTOR ERNAKULAM_IDA)","Smt. Jebi Mather Hisham (2022-28) (2022-2028)","Elected MP","Construction of Health Sub Centre, Manjaly","27-Sep-2024","10-Dec-2024","2713940","Physical Inspection"
"201","Normal/Others","WS/MP099/2024-2025/132665-Purchase of hospital equipment","Kerala","KOTTAYAM(DISTRICT COLLECTOR KOTTAYAM_IDA)","Dr. John Brittas (2021-27) (2021-2027)","Elected MP","Purchase, supply and/or installation of required   equipments and instruments for five Modular Operation Theatres in Government Medical College, Kottayam, Arpookara Grama Panchayat, Kottayam District","20-Jun-2024","12-Aug-2024","9918300","Physical Inspection"
"202","Normal/Others","WS/MP099/2025-2026/229253-Purchase of hospital equipment","Kerala","KOTTAYAM(DISTRICT COLLECTOR KOTTAYAM_IDA)","Dr. John Brittas (2021-27) (2021-2027)","Elected MP","Purchase and installation of Multimodal Retinal Imaging System for the Department of Ophthalmology at Government Medical College, Kottayam.","15-Oct-2025","10-Feb-2026","10000000","Time Estimation"
"203","Normal/Others","WS/MP18405/2025-2026/241007-Purchase of hospital equipment","Kerala","WAYANAD(DISTRICT COLLECTOR WAYANAD_IDA)","Shri P. P. Suneer (2024-30) (2024-2030)","Elected MP","Purchase of Ophthalmic unit Equipments- Contactless Tonometer and Automatic Refractometer for Noolpuzha Family Health Centre of ward-6 of Noolpuzha Grama Panchayat ,Wayanad","26-Oct-2025","12-Jan-2026","980130","Physical Inspection"
"204","Normal/Others","WS/MP094/2025-2026/159306-Purchase of ambulances (Four, three and two wheelers)","Kerala","KANNUR(DISTRICT COLLECTOR KANNUR_IDA)","Dr. V. Sivadasan (2021-27) (2021-2027)","Elected MP","Purchase of Ambulance for Central Prison, Kannur","17-Dec-2024","08-Jul-2025","1500000","Physical Inspection"
"205","Normal/Others","WS/MP094/2025-2026/166095-Purchase of ambulances (Four, three and two wheelers)","Kerala","KANNUR(DISTRICT COLLECTOR KANNUR_IDA)","Dr. V. Sivadasan (2021-27) (2021-2027)","Elected MP","PURCHASE OF AMBULANCE FOR IRITTY TALUK HOSPITAL","16-Jan-2025","23-Aug-2025","1600000","Work partially Completed"
"206","Normal/Others","WS/MP094/2025-2026/178986-Purchase of ambulances (Four, three and two wheelers)","Kerala","KANNUR(DISTRICT COLLECTOR KANNUR_IDA)","Dr. V. Sivadasan (2021-27) (2021-2027)","Elected MP","Purchase of Ambulance for Koothuparamp Taluk Hospital","04-Mar-2025","23-Aug-2025","3000000","Physical Inspection"
"207","Normal/Others","WS/MP18329/2026-2027/259903-Purchase of ambulances (Four, three and two wheelers)","Kerala","ERNAKULAM(DISTRICT COLLECTOR ERNAKULAM_IDA)","Shri Haris Beeran (2024-30) (2024-2030)","Elected MP","Purchase of a Vehicle for Palliative Care at Fort Kochi Taluk Hospital Division No. 2,Kalvathy, Cochin Municipal Corporation.","08-Feb-2026","02-Jul-2026","1000000","Vendor Identification"
"208","Normal/Others","WS/MP101/2025-2026/194571-Purchase of hearse van (Four, three and two wheelers)","Kerala","KASARAGOD(DISTRICT COLLECTOR KASARAGOD_IDA)","Shri Sandosh Kumar P (2022-28) (2022-2028)","Elected MP","Distribution of electric wheel chare at  ward no.6 in madikkai grama panchayath in Kasaragode district","26-Apr-2025","21-May-2025","127050","Physical Inspection"
"209","Normal/Others","WS/MP102/2024-2025/143582-Purchase of vehicle for mobile dispensaries (Four, three and two wheelers)","Kerala","WAYANAD(DISTRICT COLLECTOR WAYANAD_IDA)","Smt. Jebi Mather Hisham (2022-28) (2022-2028)","Elected MP","Purchase of Four - Wheeler vehicle for mobile dispensary at Taluk Headquarters Hospital, Vythiri","25-Sep-2024","31-Dec-2024","1000000","Work partially Completed"
"210","Normal/Others","WS/MP102/2024-2025/143583-Purchase of vehicle for mobile dispensaries (Four, three and two wheelers)","Kerala","WAYANAD(DISTRICT COLLECTOR WAYANAD_IDA)","Smt. Jebi Mather Hisham (2022-28) (2022-2028)","Elected MP","Purchase of Four Wheeler vehicle for Mobile Dispensary at PHC Kappumkunnu, Padinjarethara Grama Panchayath","25-Sep-2024","31-Dec-2024","1000000","Work partially Completed"
"211","Normal/Others","WS/MP094/2025-2026/159378-Purchase of vehicle for mobile dispensaries (Four, three and two wheelers)","Kerala","KANNUR(DISTRICT COLLECTOR KANNUR_IDA)","Dr. V. Sivadasan (2021-27) (2021-2027)","Elected MP","Purchase of vehicle for Mobile dispensaey Unit for Family Health Centre, Aralam Grama Panchayath","17-Dec-2024","23-Aug-2025","1950000","Vendor Identification"
"212","Normal/Others","WS/MP096/2025-2026/243720-Purchase of vehicle for mobile dispensaries (Four, three and two wheelers)","Kerala","MALAPPURAM(DISTRICT COLLECTOR MALAPPURAM_IDA)","Shri Abdul Wahab (2021-27) (2021-2027)","Elected MP","Setting up of Mobile Animal Facilitation unit for the tribal famiies in Nilambur Taluk of Malappuram district through the Extension centre of Kerala Veterinary University","24-Oct-2025","14-Nov-2025","2498901","Physical Inspection"
"213","Normal/Others","WS/MP099/2025-2026/140176-Purchase of prosthetics, wheel chairs, tricycles (manual or motorized), elect scooties, hearing aids","Kerala","KANNUR(DISTRICT COLLECTOR KANNUR_IDA)","Dr. John Brittas (2021-27) (2021-2027)","Elected MP","Purchase and distribution of one Electronic Wheelchair to eligible agent/retailer of Kerala Lotteries, having disabilities, residing in Ward No. 8, Karivellur-Peralam Grama Panchayat, Kannur District","10-Sep-2024","16-Feb-2026","150000","Physical Inspection"
"214","Normal/Others","WS/MP099/2025-2026/166658-Purchase of prosthetics, wheel chairs, tricycles (manual or motorized), elect scooties, hearing aids","Kerala","KANNUR(DISTRICT COLLECTOR KANNUR_IDA)","Dr. John Brittas (2021-27) (2021-2027)","Elected MP","Purchase and distribution of one motorized tricycle to eligible person with disabilities residing in Division No. 24, Kannur Municipal Corporation, Kannur District","20-Jan-2025","16-Feb-2026","120000","Sanction"
"215","Normal/Others","WS/MP099/2025-2026/166704-Purchase of prosthetics, wheel chairs, tricycles (manual or motorized), elect scooties, hearing aids","Kerala","KANNUR(DISTRICT COLLECTOR KANNUR_IDA)","Dr. John Brittas (2021-27) (2021-2027)","Elected MP","Purchase and distribution of one motorized tricycle to eligible person with disabilities residing in Division No. 50, Kannur Municipal Corporation, Kannur District","20-Jan-2025","16-Feb-2026","120000","Sanction"
"216","Normal/Others","WS/MP099/2025-2026/190133-Purchase of prosthetics, wheel chairs, tricycles (manual or motorized), elect scooties, hearing aids","Kerala","KANNUR(DISTRICT COLLECTOR KANNUR_IDA)","Dr. John Brittas (2021-27) (2021-2027)","Elected MP","Purchase and distribution of one motorized tricycle to eligible person with permanent disability due to traumatic paraplegia residing in Ward No. 20, Thimiri Village, Thaliparamba Taluk, Kannur District","25-Apr-2025","13-Feb-2026","120000","Sanction"
"217","Normal/Others","WS/MP099/2025-2026/190136-Purchase of prosthetics, wheel chairs, tricycles (manual or motorized), elect scooties, hearing aids","Kerala","KANNUR(DISTRICT COLLECTOR KANNUR_IDA)","Dr. John Brittas (2021-27) (2021-2027)","Elected MP","Purchase and distribution of one electronic wheel chair to eligible person with permanent disability due to traumatic paraplegia residing in Ward No. 12, New Naduvil Village, Thaliparamba Taluk, Kannur District","25-Apr-2025","13-Feb-2026","150000","Sanction"
"218","Normal/Others","WS/MP101/2026-2027/222860-Purchase of prosthetics, wheel chairs, tricycles (manual or motorized), elect scooties, hearing aids","Kerala","KANNUR(DISTRICT COLLECTOR KANNUR_IDA)","Shri Sandosh Kumar P (2022-28) (2022-2028)","Elected MP","electronic Wheel chair in peravoor grama panchayath ward no.13 kunnithala","28-Jul-2025","19-May-2026","400000","Physical Inspection"
"219","Normal/Others","WS/MP101/2026-2027/222861-Purchase of prosthetics, wheel chairs, tricycles (manual or motorized), elect scooties, hearing aids","Kerala","KANNUR(DISTRICT COLLECTOR KANNUR_IDA)","Shri Sandosh Kumar P (2022-28) (2022-2028)","Elected MP","purchase of eletric try cycle in Kannur Corparation Ward No 36 Keezhunna","28-Jul-2025","19-May-2026","150000","Sanction"
"220","Normal/Others","WS/MP096/2025-2026/254632-Purchase of prosthetics, wheel chairs, tricycles (manual or motorized), elect scooties, hearing aids","Kerala","KOLLAM(DISTRICT COLLECTOR KOLLAM_IDA)","Shri Abdul Wahab (2021-27) (2021-2027)","Elected MP","Supply of Electric wheel chair with accessories for a beneficiary at Vayanasala Ward with 80 percentage disability Ward No 07 Poruvazhy Panchayat","17-Dec-2025","09-Feb-2026","500000","Sanction"
"221","Normal/Others","WS/MP101/2026-2027/266887-Purchase of prosthetics, wheel chairs, tricycles (manual or motorized), elect scooties, hearing aids","Kerala","KANNUR(DISTRICT COLLECTOR KANNUR_IDA)","Shri Sandosh Kumar P (2022-28) (2022-2028)","Elected MP","One Electronic Wheel Chair Chittaripparamba Grama Panchayath  Ward No. 1","07-Feb-2026","19-May-2026","110000","Sanction"
"222","Normal/Others","WS/MP099/2026-2027/185090-Installing tube-wells and borewells","Kerala","KANNUR(DISTRICT COLLECTOR KANNUR_IDA)","Dr. John Brittas (2021-27) (2021-2027)","Elected MP","Installation of Drinking Water Facility, by undertaking all required works including digging well or tubewell or borewell, installing Water Tank, Pipe Lines, etc.,  at Chettady Scheduled Tribe Colony, IX Ward, Naduvil Grama Panchayat, Kannur District (ST)","21-Mar-2025","04-Aug-2026","500000","Sanction"
"223","Normal/Others","WS/MP096/2026-2027/177171-Installing community drinking water plants","Kerala","PALAKKAD(DISTRICT COLLECTOR PALAKKAD_IDA)","Shri Abdul Wahab (2021-27) (2021-2027)","Elected MP","Irrigation scheme at Vaaliparamb Harijan Nagar, Ward No.01, Nellaya Panchayat","24-Feb-2025","07-Aug-2026","300000","Sanction"
"224","Normal/Others","WS/MP100/2025-2026/239020-Installing community drinking water plants","Kerala","KOTTAYAM(DISTRICT COLLECTOR KOTTAYAM_IDA)","Shri Jose K. Mani (2024-30) (2024-2030)","Elected MP","Four units of AG Hot and normal  Water Purifiers for Jawahar Navodaya Vidyalaya, Kottayam","29-Sep-2025","13-Mar-2026","100000","Sanction"
"225","Normal/Others","WS/MP096/2025-2026/243104-Installing community drinking water plants","Kerala","WAYANAD(DISTRICT COLLECTOR WAYANAD_IDA)","Shri Abdul Wahab (2021-27) (2021-2027)","Elected MP","Setting up of Water cooler at WOLPS, Paralikunnu, Ward no.02, Muttil Panchayat","21-Oct-2025","07-Mar-2026","94000","Sanction"
"226","Normal/Others","WS/MP096/2026-2027/182033-Providing drains and gutters for public drainage","Kerala","ALAPPUZHA(DISTRICT COLLECTOR ALAPPUZHA_IDA)","Shri Abdul Wahab (2021-27) (2021-2027)","Elected MP","Laying of concrete paver blocks and Tiles with construction of drainage at Cheeramath - Pancheri road or pathway, ward no.03, Kayamkulam Municipality","15-Mar-2025","16-May-2026","1500000","Work partially Completed"
"227","Normal/Others","WS/MP096/2026-2027/236510-Construction of flood control embankments/ protection walls along riverbanks, hilltops, roadsides","Kerala","KASARAGOD(DISTRICT COLLECTOR KASARAGOD_IDA)","Shri Abdul Wahab (2021-27) (2021-2027)","Elected MP","Construction of P T road drainage, Ward no.18, Chemmanad Panchayat","22-Sep-2025","01-Aug-2026","200000","Sanction"
"228","Normal/Others","WS/MP18329/2025-2026/204770-Construction of rainwater harvesting structures","Kerala","KOTTAYAM(DISTRICT COLLECTOR KOTTAYAM_IDA)","Shri Haris Beeran (2024-30) (2024-2030)","Elected MP","Market - Palakkottal  Road Drainage  Construction","29-May-2025","11-Jul-2025","499224","Physical Inspection"
"229","Normal/Others","WS/MP101/2025-2026/90214-Construction of roads, link roads, pathways or any other road with or without drainage system","Kerala","KANNUR(DISTRICT COLLECTOR KANNUR_IDA)","Shri Sandosh Kumar P (2022-28) (2022-2028)","Elected MP","Construction of Road at Chundayil Valapp- Mannambrani- Mealai Para  in Sreekandapuram Municipality","23-Sep-2024","07-May-2025","1839775","Physical Inspection"
"230","Normal/Others","WS/MP101/2025-2026/90217-Construction of roads, link roads, pathways or any other road with or without drainage system","Kerala","KANNUR(DISTRICT COLLECTOR KANNUR_IDA)","Shri Sandosh Kumar P (2022-28) (2022-2028)","Elected MP","Rennovation of Crescent College Road in Madayi Grama Panchayat","23-Sep-2024","04-Aug-2025","887575","Physical Inspection"
"231","Normal/Others","WS/MP099/2024-2025/101381-Construction of roads, link roads, pathways or any other road with or without drainage system","Kerala","KANNUR(DISTRICT COLLECTOR KANNUR_IDA)","Dr. John Brittas (2021-27) (2021-2027)","Elected MP","Construction of Koonampalla Kurichya Colony Ring Road, Kottiyoor Grama Panchayat, Kannur District (S.T)","12-Feb-2024","11-Jun-2024","1872960","Physical Inspection"
"232","Normal/Others","WS/MP099/2024-2025/101413-Construction of roads, link roads, pathways or any other road with or without drainage system","Kerala","KANNUR(DISTRICT COLLECTOR KANNUR_IDA)","Dr. John Brittas (2021-27) (2021-2027)","Elected MP","Construction of K.P.J Junction – Sanjo Nagar Road (Mampallam),  Naduvil Grama Panchayat, Kannur District","12-Feb-2024","07-Sep-2024","854453","Physical Inspection"
"233","Normal/Others","WS/MP099/2023-2024/101459-Construction of roads, link roads, pathways or any other road with or without drainage system","Kerala","KANNUR(DISTRICT COLLECTOR KANNUR_IDA)","Dr. John Brittas (2021-27) (2021-2027)","Elected MP","Construction of Kolikkadavu-Valluva Colony-Chattikkari Palam approach Road, Payam Grama Panchayat, Kannur District [50% S.C Fund + 50% General Fund from MPLADS Fund]","12-Feb-2024","13-Mar-2024","1488196","Physical Inspection"
"234","Trust and Society","WS/MP102/2024-2025/147349-Construction of rooms and facilities for hospitals, FWC , PHC Centers and ANM centers","Kerala","MALAPPURAM(DISTRICT COLLECTOR MALAPPURAM_IDA)","Smt. Jebi Mather Hisham (2022-28) (2022-2028)","Elected MP","Construction of building - Thiruvali Pain & Palliative Care Association, Thiruvali Grama Panchayath","15-Oct-2024","20-Nov-2024","737410","Physical Inspection"
"235","Normal/Others","WS/MP101/2025-2026/185996-Construction of rooms and facilities for hospitals, FWC , PHC Centers and ANM centers","Kerala","KANNUR(DISTRICT COLLECTOR KANNUR_IDA)","Shri Sandosh Kumar P (2022-28) (2022-2028)","Elected MP","Construction of Padiyur Primary Health Sub Centre","24-Mar-2025","22-May-2025","4620000","Physical Inspection"
"236","Normal/Others","WS/MP102/2025-2026/223205-Construction of rooms and facilities for hospitals, FWC , PHC Centers and ANM centers","Kerala","MALAPPURAM(DISTRICT COLLECTOR MALAPPURAM_IDA)","Smt. Jebi Mather Hisham (2022-28) (2022-2028)","Elected MP","Establishment of physiotherapy Unit at CHC, Chungathara","29-Jul-2025","14-Jan-2026","2499452","Physical Inspection"
"237","Normal/Others","WS/MP102/2025-2026/229641-Construction of rooms and facilities for hospitals, FWC , PHC Centers and ANM centers","Kerala","ERNAKULAM(DISTRICT COLLECTOR ERNAKULAM_IDA)","Smt. Jebi Mather Hisham (2022-28) (2022-2028)","Elected MP","Construction of CHC, Varapuzha Phase 1","27-Aug-2025","23-Sep-2025","10000000","Sanction"
"238","Normal/Others","WS/MP096/2024-2025/132372-Construction of roads, link roads, pathways or any other road with or without drainage system","Kerala","MALAPPURAM(DISTRICT COLLECTOR MALAPPURAM_IDA)","Shri Abdul Wahab (2021-27) (2021-2027)","Elected MP","Construction of Chirakkal - Kootayi Alavipadi road/pathway, ward no.03, Ponmundam Panchayat","11-Jun-2024","08-Jul-2024","367434","Physical Inspection"
"239","Normal/Others","WS/MP096/2024-2025/132532-Construction of roads, link roads, pathways or any other road with or without drainage system","Kerala","MALAPPURAM(DISTRICT COLLECTOR MALAPPURAM_IDA)","Shri Abdul Wahab (2021-27) (2021-2027)","Elected MP","Construction of PWD Mundappalam  Edayangad road or pathway ward No 08 Kondotty Municipality","14-Jun-2024","10-Sep-2024","228870","Physical Inspection"
"240","Normal/Others","WS/MP096/2024-2025/132533-Construction of roads, link roads, pathways or any other road with or without drainage system","Kerala","MALAPPURAM(DISTRICT COLLECTOR MALAPPURAM_IDA)","Shri Abdul Wahab (2021-27) (2021-2027)","Elected MP","Construction of Chekkath - Kaipatta Naduvil road /pathway, Ward No. 01, Othukkungal Panchayat","14-Jun-2024","12-Jul-2024","356297","Physical Inspection"
"241","Normal/Others","WS/MP096/2024-2025/132534-Construction of roads, link roads, pathways or any other road with or without drainage system","Kerala","MALAPPURAM(DISTRICT COLLECTOR MALAPPURAM_IDA)","Shri Abdul Wahab (2021-27) (2021-2027)","Elected MP","Construction of Paarangadi SC Colony road /pathway, ward No. 07, Othukkungal Panchayat (SC)","14-Jun-2024","12-Jul-2024","127296","Physical Inspection"
"242","Normal/Others","WS/MP096/2024-2025/132535-Construction of roads, link roads, pathways or any other road with or without drainage system","Kerala","MALAPPURAM(DISTRICT COLLECTOR MALAPPURAM_IDA)","Shri Abdul Wahab (2021-27) (2021-2027)","Elected MP","Construction of Panakkad Palli canteen road /pathway, Ward No.37, Malappuram Municipality","14-Jun-2024","15-Jun-2024","971608","Physical Inspection"
"243","Normal/Others","WS/MP099/2024-2025/132661-Construction of roads, link roads, pathways or any other road with or without drainage system","Kerala","KANNUR(DISTRICT COLLECTOR KANNUR_IDA)","Dr. John Brittas (2021-27) (2021-2027)","Elected MP","Construction of Valora-Vayalarambu-Pannimoola Road, Iritty Municipality, Kannur District","20-Jun-2024","28-Jun-2024","2464470","Physical Inspection"
"244","Normal/Others","WS/MP099/2024-2025/132780-Construction of roads, link roads, pathways or any other road with or without drainage system","Kerala","PATHANAMTHITTA(DISTRICT COLLECTOR PATHANAMTHITTA_IDA)","Dr. John Brittas (2021-27) (2021-2027)","Elected MP","Construction of the remaining portion of the concreted road (starting from School Padi) that remains as Earthen Road from RemaSivan Padi to Moozhickal Mohanan Padi in Ward. No. X of Naranammoozhy GP (ST)","26-Jun-2024","27-Jun-2024","1162112","Physical Inspection"
"245","Normal/Others","WS/MP099/2024-2025/132941-Construction of roads, link roads, pathways or any other road with or without drainage system","Kerala","PATHANAMTHITTA(DISTRICT COLLECTOR PATHANAMTHITTA_IDA)","Dr. John Brittas (2021-27) (2021-2027)","Elected MP","Construction of “Chittakkattupadi – Sajan Store Nadappatha” in Ward No. VIII of Nedumpuram Grama Panchayat (S.C).","04-Jul-2024","25-Sep-2024","966662","Physical Inspection"
"246","Normal/Others","WS/MP099/2024-2025/132942-Construction of roads, link roads, pathways or any other road with or without drainage system","Kerala","PATHANAMTHITTA(DISTRICT COLLECTOR PATHANAMTHITTA_IDA)","Dr. John Brittas (2021-27) (2021-2027)","Elected MP","Construction of Nellickal Padi-Puliyil Colony Padi Road that runs through Ward Nos. 31,32 & 33 of Pandalam Municipality. (SC)","04-Jul-2024","05-Nov-2024","2000000","Physical Inspection"
"247","Normal/Others","WS/MP099/2025-2026/132948-Construction of roads, link roads, pathways or any other road with or without drainage system","Kerala","KANNUR(DISTRICT COLLECTOR KANNUR_IDA)","Dr. John Brittas (2021-27) (2021-2027)","Elected MP","Paving Tiles in Paithalmala trek pathway – Paving of trek path leading to the grassland on the Manjapullu approach of Paithalmala Ecotourism destination with suitable materials (with materials that blend-in with the nature), Alakode Grama Panchayat, Kannur District","04-Jul-2024","19-Jun-2025","2000000","Physical Inspection"
"248","Normal/Others","WS/MP099/2024-2025/132950-Construction of roads, link roads, pathways or any other road with or without drainage system","Kerala","KANNUR(DISTRICT COLLECTOR KANNUR_IDA)","Dr. John Brittas (2021-27) (2021-2027)","Elected MP","Construction of Poolakutty - Vellara - Nellanikkal road, Kanichar Grama Panchayat, Kannur District","04-Jul-2024","28-Oct-2024","1579330","Physical Inspection"
"249","Normal/Others","WS/MP096/2024-2025/132959-Construction of roads, link roads, pathways or any other road with or without drainage system","Kerala","PALAKKAD(DISTRICT COLLECTOR PALAKKAD_IDA)","Shri Abdul Wahab (2021-27) (2021-2027)","Elected MP","Construction of Kalathumpadi - Thottappaya, road/pathway, Ward No. 04, Chalavara Panchayat","04-Jul-2024","30-Dec-2024","238484","Physical Inspection"
"250","Normal/Others","WS/MP096/2024-2025/132960-Construction of roads, link roads, pathways or any other road with or without drainage system","Kerala","PALAKKAD(DISTRICT COLLECTOR PALAKKAD_IDA)","Shri Abdul Wahab (2021-27) (2021-2027)","Elected MP","Construction of Pallimukku - Chembalath colonythodu road/pathway, Ward No. 04, Chalavara Panchayat (SC)","04-Jul-2024","30-Dec-2024","407336","Physical Inspection"
"251","Normal/Others","WS/MP096/2024-2025/132961-Construction of roads, link roads, pathways or any other road with or without drainage system","Kerala","PALAKKAD(DISTRICT COLLECTOR PALAKKAD_IDA)","Shri Abdul Wahab (2021-27) (2021-2027)","Elected MP","Construction of Chemmatupadi road/pathway, Ward No. 1, Nellaya Panchayat (SC)","04-Jul-2024","01-Nov-2024","422950","Physical Inspection"
"252","Normal/Others","WS/MP099/2024-2025/133001-Construction of roads, link roads, pathways or any other road with or without drainage system","Kerala","KANNUR(DISTRICT COLLECTOR KANNUR_IDA)","Dr. John Brittas (2021-27) (2021-2027)","Elected MP","Construction of Nariyanmavu Colony-Ponmala-Mannamkundu Road,Ward No.IX, Naduvil  Grama Panchayath","05-Jul-2024","24-Oct-2024","490869","Physical Inspection"
"253","Normal/Others","WS/MP099/2024-2025/133004-Construction of roads, link roads, pathways or any other road with or without drainage system","Kerala","KANNUR(DISTRICT COLLECTOR KANNUR_IDA)","Dr. John Brittas (2021-27) (2021-2027)","Elected MP","Tarring/ Concretting of Nariyanmavu-Kozhikkunnu-Arangu Road, Asset Code 211800101600000002, in Naduvil Grama Panchayath.","05-Jul-2024","24-Oct-2024","545102","Physical Inspection"
"254","Normal/Others","WS/MP096/2024-2025/133403-Construction of roads, link roads, pathways or any other road with or without drainage system","Kerala","KOTTAYAM(DISTRICT COLLECTOR KOTTAYAM_IDA)","Shri Abdul Wahab (2021-27) (2021-2027)","Elected MP","Construction of Kummanam Palli ambooram road /pathway, Ward No.07, Thiruvarpp Panchayat","12-Jul-2024","23-Jul-2024","446326","Physical Inspection"
"255","Normal/Others","WS/MP096/2024-2025/133405-Construction of roads, link roads, pathways or any other road with or without drainage system","Kerala","KOTTAYAM(DISTRICT COLLECTOR KOTTAYAM_IDA)","Shri Abdul Wahab (2021-27) (2021-2027)","Elected MP","Construction of Shaji Sathanam - Mundolikadavu road/pathway, Ward No.10, Vellavoor Panchayat","12-Jul-2024","07-Aug-2024","684603","Physical Inspection"
"256","Normal/Others","WS/MP096/2024-2025/133407-Construction of roads, link roads, pathways or any other road with or without drainage system","Kerala","KOTTAYAM(DISTRICT COLLECTOR KOTTAYAM_IDA)","Shri Abdul Wahab (2021-27) (2021-2027)","Elected MP","Construction of side protection at Plappalli - Manthindi SC/ST Colony Road/pathway, Ward No. 03, Koottikkal Panchayat (SC)","12-Jul-2024","23-Jul-2024","986777","Physical Inspection"
"257","Normal/Others","WS/MP096/2024-2025/133668-Construction of roads, link roads, pathways or any other road with or without drainage system","Kerala","MALAPPURAM(DISTRICT COLLECTOR MALAPPURAM_IDA)","Shri Abdul Wahab (2021-27) (2021-2027)","Elected MP","Construction of Palad -Kalamkunnu Road /pathway, Ward No. 17, Vazhikkadavu Panchayat","18-Jul-2024","29-Aug-2024","487095","Physical Inspection"
"258","Normal/Others","WS/MP095/2024-2025/134582-Construction of roads, link roads, pathways or any other road with or without drainage system","Kerala","THIRUVANANTHAPURAM(DISTRICT COLLECTOR THIRUVANANTHAPURAM_IDA)","Shri A. A. Rahim (2022-28) (2022-2028)","Elected MP","Road at Valumpara to Chava,Pullampara","24-Oct-2024","29-Oct-2024","1624809","Physical Inspection"
"259","Normal/Others","WS/MP095/2024-2025/134583-Construction of roads, link roads, pathways or any other road with or without drainage system","Kerala","THIRUVANANTHAPURAM(DISTRICT COLLECTOR THIRUVANANTHAPURAM_IDA)","Shri A. A. Rahim (2022-28) (2022-2028)","Elected MP","Road at Kuzhavilakkoanam SC Colony","24-Oct-2024","06-Nov-2024","2530000","Sanction"
"260","Normal/Others","WS/MP096/2024-2025/137096-Construction of roads, link roads, pathways or any other road with or without drainage system","Kerala","MALAPPURAM(DISTRICT COLLECTOR MALAPPURAM_IDA)","Shri Abdul Wahab (2021-27) (2021-2027)","Elected MP","Construction of Kayalott - Alinchuvadu road/pathway, Ward No. 19, Keezhattur Panchayat","26-Aug-2024","28-Sep-2024","181904","Physical Inspection"
"261","Normal/Others","WS/MP096/2024-2025/137097-Construction of roads, link roads, pathways or any other road with or without drainage system","Kerala","KOTTAYAM(DISTRICT COLLECTOR KOTTAYAM_IDA)","Shri Abdul Wahab (2021-27) (2021-2027)","Elected MP","Construction of Plappalli - Manthindi SC/ST Colony Road/pathway, Ward No. 03, Koottikkal Panchayat (SC)","26-Aug-2024","02-Dec-2024","708944","Physical Inspection"
"262","Normal/Others","WS/MP096/2024-2025/137098-Construction of roads, link roads, pathways or any other road with or without drainage system","Kerala","MALAPPURAM(DISTRICT COLLECTOR MALAPPURAM_IDA)","Shri Abdul Wahab (2021-27) (2021-2027)","Elected MP","Construction of Chathamangalam - Viripadam road /pathway, Ward No. 11, Vazhayoor Panchayat","26-Aug-2024","04-Sep-2024","379009","Physical Inspection"
"263","Normal/Others","WS/MP096/2024-2025/137100-Construction of roads, link roads, pathways or any other road with or without drainage system","Kerala","MALAPPURAM(DISTRICT COLLECTOR MALAPPURAM_IDA)","Shri Abdul Wahab (2021-27) (2021-2027)","Elected MP","Construction of Pallipadi - Palisserikuth road /pathway, Ward No. 14, Pulpatta Panchayat","26-Aug-2024","06-Sep-2024","335536","Physical Inspection"
"264","Normal/Others","WS/MP096/2024-2025/137101-Construction of roads, link roads, pathways or any other road with or without drainage system","Kerala","MALAPPURAM(DISTRICT COLLECTOR MALAPPURAM_IDA)","Shri Abdul Wahab (2021-27) (2021-2027)","Elected MP","Construction of Eranjikode – Peediyekkal road/pathway, Ward No. 13, Pulpatta Panchayat","26-Aug-2024","19-Sep-2024","267873","Physical Inspection"
"265","Normal/Others","WS/MP096/2024-2025/137104-Construction of roads, link roads, pathways or any other road with or without drainage system","Kerala","MALAPPURAM(DISTRICT COLLECTOR MALAPPURAM_IDA)","Shri Abdul Wahab (2021-27) (2021-2027)","Elected MP","Construction of Muthukulam Arabic college road /pathway, Ward no. 08, Pothukkal Panchayat","26-Aug-2024","28-Nov-2024","310263","Physical Inspection"
"266","Normal/Others","WS/MP096/2024-2025/132555-Construction of roads, link roads, pathways or any other road with or without drainage system","Kerala","MALAPPURAM(DISTRICT COLLECTOR MALAPPURAM_IDA)","Shri Abdul Wahab (2021-27) (2021-2027)","Elected MP","Construction of Poozhipatta town - Karinilam /pathway, Ward No. 11, Moorkkanad Panchayat","15-Jun-2024","05-Jul-2024","396289","Physical Inspection"
"267","Normal/Others","WS/MP096/2024-2025/132557-Construction of roads, link roads, pathways or any other road with or without drainage system","Kerala","THRISSUR(DISTRICT COLLECTOR THRISSUR_IDA)","Shri Abdul Wahab (2021-27) (2021-2027)","Elected MP","Construction of Mahatma Gandhi road / pathway Ward No.01, Engadiyoor Panchayath.","15-Jun-2024","15-Jan-2025","1000000","Sanction"
"268","Normal/Others","WS/MP096/2024-2025/132558-Construction of roads, link roads, pathways or any other road with or without drainage system","Kerala","KOZHIKODE(DISTRICT COLLECTOR KOZHIKODE_IDA)","Shri Abdul Wahab (2021-27) (2021-2027)","Elected MP","Construction of Kolorkkandi - Chathan parambu Temple Road/Pathway Ward No.13, Kizhariyoor Panchayat, Kozhikode District","15-Jun-2024","06-Jul-2024","481516","Physical Inspection"
"269","Normal/Others","WS/MP096/2024-2025/132559-Construction of roads, link roads, pathways or any other road with or without drainage system","Kerala","MALAPPURAM(DISTRICT COLLECTOR MALAPPURAM_IDA)","Shri Abdul Wahab (2021-27) (2021-2027)","Elected MP","Construction of Pullattukulambil SC Colony Road/pathway, Ward No. 10 Kuttipuram Panchayat","15-Jun-2024","28-Nov-2024","431178","Physical Inspection"
"270","Normal/Others","WS/MP099/2025-2026/140166-Construction of roads, link roads, pathways or any other road with or without drainage system","Kerala","KANNUR(DISTRICT COLLECTOR KANNUR_IDA)","Dr. John Brittas (2021-27) (2021-2027)","Elected MP","Construction of Thattiyad Tower Road (Asset Code No. 21181005000000064) in Ward No. XV of Naduvil Grama Panchayat (S.T Category).","10-Sep-2024","25-Aug-2025","527820","Physical Inspection"
"271","Normal/Others","WS/MP099/2025-2026/140167-Construction of roads, link roads, pathways or any other road with or without drainage system","Kerala","KANNUR(DISTRICT COLLECTOR KANNUR_IDA)","Dr. John Brittas (2021-27) (2021-2027)","Elected MP","Construction of Kanakakkunnu-Ambalam Nagar Road in Ward No. VIII of Naduvil Grama Panchayat.","10-Sep-2024","22-Apr-2025","486459","Physical Inspection"
"272","Normal/Others","WS/MP099/2025-2026/140172-Construction of roads, link roads, pathways or any other road with or without drainage system","Kerala","KANNUR(DISTRICT COLLECTOR KANNUR_IDA)","Dr. John Brittas (2021-27) (2021-2027)","Elected MP","Concreting of Parakandam – Palengad Road, starting near Parakandam Mosque and leading to Thundankuzhy Paddy field, located in Ward No. 15 of Muzhakkunnu Grama Panchayat, Muzhakkunnu Village, Kannur District","10-Sep-2024","25-Aug-2025","828679","Physical Inspection"
"273","Normal/Others","WS/MP099/2025-2026/140177-Construction of roads, link roads, pathways or any other road with or without drainage system","Kerala","KANNUR(DISTRICT COLLECTOR KANNUR_IDA)","Dr. John Brittas (2021-27) (2021-2027)","Elected MP","Concreting of Kaithalam - Kozhikunnu Road in Ward No. 9 of Naduvil Grama Panchayat, Kannur District (Asset Code: 211810050000000148)","10-Sep-2024","31-May-2025","582794","Physical Inspection"
"274","Normal/Others","WS/MP102/2024-2025/144906-Construction of roads, link roads, pathways or any other road with or without drainage system","Kerala","WAYANAD(DISTRICT COLLECTOR WAYANAD_IDA)","Smt. Jebi Mather Hisham (2022-28) (2022-2028)","Elected MP","Construction of Chelod-Ammara Road, Pozhuthana Grama Panchayath","01-Oct-2024","28-Feb-2025","1500000","Physical Inspection"
"275","Normal/Others","WS/MP096/2024-2025/145338-Construction of roads, link roads, pathways or any other road with or without drainage system","Kerala","MALAPPURAM(DISTRICT COLLECTOR MALAPPURAM_IDA)","Shri Abdul Wahab (2021-27) (2021-2027)","Elected MP","Construction of Machingal – Pokkattiyil road/pathway, Ward No. 05, Ozhur Panchayat","04-Oct-2024","16-Nov-2024","407534","Physical Inspection"
"276","Normal/Others","WS/MP096/2024-2025/145343-Construction of roads, link roads, pathways or any other road with or without drainage system","Kerala","MALAPPURAM(DISTRICT COLLECTOR MALAPPURAM_IDA)","Shri Abdul Wahab (2021-27) (2021-2027)","Elected MP","Construction of TNK - Kallidumban Kunhimuhammed road/pathway, ward No. 9, Edakkara Panchayat","04-Oct-2024","28-Nov-2024","408921","Physical Inspection"
"277","Normal/Others","WS/MP096/2025-2026/145344-Construction of roads, link roads, pathways or any other road with or without drainage system","Kerala","MALAPPURAM(DISTRICT COLLECTOR MALAPPURAM_IDA)","Shri Abdul Wahab (2021-27) (2021-2027)","Elected MP","Construction of Chakkini Palakkode road/pathway, Ward no.40, Manjeri Municipality","04-Oct-2024","16-Jan-2026","500000","Sanction"
"278","Normal/Others","WS/MP096/2024-2025/145346-Construction of roads, link roads, pathways or any other road with or without drainage system","Kerala","MALAPPURAM(DISTRICT COLLECTOR MALAPPURAM_IDA)","Shri Abdul Wahab (2021-27) (2021-2027)","Elected MP","Construction of Parammalkandi – Thekke Chalil road/pathway, Ward No. 08, Kondotty Municipality","04-Oct-2024","18-Mar-2025","248336","Physical Inspection"
"279","Normal/Others","WS/MP096/2024-2025/145349-Construction of roads, link roads, pathways or any other road with or without drainage system","Kerala","MALAPPURAM(DISTRICT COLLECTOR MALAPPURAM_IDA)","Shri Abdul Wahab (2021-27) (2021-2027)","Elected MP","Construction of Munderi - Thorappa melethilmukku road/pathway, Ward No.02, Pothukkal Panchayat","04-Oct-2024","28-Nov-2024","412752","Physical Inspection"
"280","Normal/Others","WS/MP096/2024-2025/145351-Construction of roads, link roads, pathways or any other road with or without drainage system","Kerala","MALAPPURAM(DISTRICT COLLECTOR MALAPPURAM_IDA)","Shri Abdul Wahab (2021-27) (2021-2027)","Elected MP","Construction of Ummerkoya - Muhammed haji road /pathway 2nd reach, ward No. 03, Kalikavu Panchayat","04-Oct-2024","12-Dec-2024","472899","Physical Inspection"
"281","Normal/Others","WS/MP096/2024-2025/145352-Construction of roads, link roads, pathways or any other road with or without drainage system","Kerala","MALAPPURAM(DISTRICT COLLECTOR MALAPPURAM_IDA)","Shri Abdul Wahab (2021-27) (2021-2027)","Elected MP","Construction of Paattakarambu ST Colony road /pathway, ward No. 07, Amarambalam Panchayat (ST)","04-Oct-2024","12-Dec-2024","482509","Physical Inspection"
"282","Normal/Others","WS/MP096/2024-2025/145353-Construction of roads, link roads, pathways or any other road with or without drainage system","Kerala","MALAPPURAM(DISTRICT COLLECTOR MALAPPURAM_IDA)","Shri Abdul Wahab (2021-27) (2021-2027)","Elected MP","Construction of Madrasa Anangot chola road/pathway, Ward No. 12, Pulamanthole Panchayat","04-Oct-2024","28-Mar-2025","491654","Physical Inspection"
"283","Normal/Others","WS/MP096/2024-2025/145592-Construction of roads, link roads, pathways or any other road with or without drainage system","Kerala","MALAPPURAM(DISTRICT COLLECTOR MALAPPURAM_IDA)","Shri Abdul Wahab (2021-27) (2021-2027)","Elected MP","Construction of Illathparamb road/pathway, Othukku ngal Panchayat","05-Oct-2024","12-Dec-2024","445816","Physical Inspection"
"284","Normal/Others","WS/MP096/2024-2025/145593-Construction of roads, link roads, pathways or any other road with or without drainage system","Kerala","MALAPPURAM(DISTRICT COLLECTOR MALAPPURAM_IDA)","Shri Abdul Wahab (2021-27) (2021-2027)","Elected MP","Construction of Kalathingalpadi Anganvadi road /pathway, Ward No. 05, Anakayam Panachayat","05-Oct-2024","12-Dec-2024","275899","Physical Inspection"
"285","Normal/Others","WS/MP096/2024-2025/145594-Construction of roads, link roads, pathways or any other road with or without drainage system","Kerala","MALAPPURAM(DISTRICT COLLECTOR MALAPPURAM_IDA)","Shri Abdul Wahab (2021-27) (2021-2027)","Elected MP","Construction of Thamiyedathil – Kalladiyil road/pathway, Ward No. 23, Anakayam Panchayat","05-Oct-2024","12-Dec-2024","398750","Physical Inspection"
"286","Normal/Others","WS/MP096/2024-2025/145596-Construction of roads, link roads, pathways or any other road with or without drainage system","Kerala","MALAPPURAM(DISTRICT COLLECTOR MALAPPURAM_IDA)","Shri Abdul Wahab (2021-27) (2021-2027)","Elected MP","Construction of Puthuparamb sub center road/pathway, Ward No. 03, Edarikode Panchayat","05-Oct-2024","28-Jan-2025","381886","Physical Inspection"
"287","Normal/Others","WS/MP096/2024-2025/145597-Construction of roads, link roads, pathways or any other road with or without drainage system","Kerala","MALAPPURAM(DISTRICT COLLECTOR MALAPPURAM_IDA)","Shri Abdul Wahab (2021-27) (2021-2027)","Elected MP","Construction of PTMH road/pathway, Ward No. 16, Cheriyamundam Panchayat","05-Oct-2024","28-Nov-2024","281103","Physical Inspection"
"288","Normal/Others","WS/MP096/2025-2026/145598-Construction of roads, link roads, pathways or any other road with or without drainage system","Kerala","MALAPPURAM(DISTRICT COLLECTOR MALAPPURAM_IDA)","Shri Abdul Wahab (2021-27) (2021-2027)","Elected MP","Construction of Chuttuvattam West Road/pathway, Ward No. 22, Angadipuram Panchayat","05-Oct-2024","25-Apr-2025","430334","Physical Inspection"
"289","Normal/Others","WS/MP096/2024-2025/145600-Construction of roads, link roads, pathways or any other road with or without drainage system","Kerala","MALAPPURAM(DISTRICT COLLECTOR MALAPPURAM_IDA)","Shri Abdul Wahab (2021-27) (2021-2027)","Elected MP","Construction of Karinthar – TP Colony road/pathway, Ward No. 13, Karulai Panchayat","05-Oct-2024","12-Dec-2024","366609","Physical Inspection"
"290","Normal/Others","WS/MP096/2025-2026/145601-Construction of roads, link roads, pathways or any other road with or without drainage system","Kerala","MALAPPURAM(DISTRICT COLLECTOR MALAPPURAM_IDA)","Shri Abdul Wahab (2021-27) (2021-2027)","Elected MP","Construction of Kakkad – Pottippara road/pathway, Ward no. 15, Pulamanthole Panchayat","05-Oct-2024","26-Sep-2025","291576","Physical Inspection"
"291","Normal/Others","WS/MP096/2024-2025/145602-Construction of roads, link roads, pathways or any other road with or without drainage system","Kerala","KASARAGOD(DISTRICT COLLECTOR KASARAGOD_IDA)","Shri Abdul Wahab (2021-27) (2021-2027)","Elected MP","Construction of Nambiarkkal – Kuthirammal NRA road /pathway, ward No. 27, Kanhangad Municipality","05-Oct-2024","01-Feb-2025","574993","Physical Inspection"
"292","Normal/Others","WS/MP096/2024-2025/145604-Construction of roads, link roads, pathways or any other road with or without drainage system","Kerala","KASARAGOD(DISTRICT COLLECTOR KASARAGOD_IDA)","Shri Abdul Wahab (2021-27) (2021-2027)","Elected MP","Construction of Valliyode Khuthubiyyath Masjid road /pathway, Ward no. 14, Chemmanad Panchayat","05-Oct-2024","29-Nov-2024","777468","Physical Inspection"
"293","Normal/Others","WS/MP096/2024-2025/145608-Construction of roads, link roads, pathways or any other road with or without drainage system","Kerala","MALAPPURAM(DISTRICT COLLECTOR MALAPPURAM_IDA)","Shri Abdul Wahab (2021-27) (2021-2027)","Elected MP","Construction of Pattakarimb ST Colony road /pathway, ward no.07, Amarambalam Panchayat (ST)","05-Oct-2024","12-Dec-2024","1799264","Physical Inspection"
"294","Normal/Others","WS/MP096/2025-2026/145609-Construction of roads, link roads, pathways or any other road with or without drainage system","Kerala","MALAPPURAM(DISTRICT COLLECTOR MALAPPURAM_IDA)","Shri Abdul Wahab (2021-27) (2021-2027)","Elected MP","Construction of Cheenipadi junction – Keeran colony road/pathway, Ward No. 12, Karulai Panchayat","05-Oct-2024","31-Oct-2025","759612","Physical Inspection"
"295","Normal/Others","WS/MP096/2025-2026/145611-Construction of roads, link roads, pathways or any other road with or without drainage system","Kerala","MALAPPURAM(DISTRICT COLLECTOR MALAPPURAM_IDA)","Shri Abdul Wahab (2021-27) (2021-2027)","Elected MP","Ramankuth under passage – construction of retaining wall and approach road work in Nilambur Municipality (Ward No.20)","05-Oct-2024","01-Jul-2025","3946603","Physical Inspection"
"296","Normal/Others","WS/MP102/2024-2025/145930-Construction of roads, link roads, pathways or any other road with or without drainage system","Kerala","KOTTAYAM(DISTRICT COLLECTOR KOTTAYAM_IDA)","Smt. Jebi Mather Hisham (2022-28) (2022-2028)","Elected MP","Construction of Road - Peringulam - Pachickal - Adivaram Road, Poonjar Thekkekkara Grama Panchayath","07-Oct-2024","02-Dec-2024","2000000","Sanction"
"297","Normal/Others","WS/MP102/2024-2025/145931-Construction of roads, link roads, pathways or any other road with or without drainage system","Kerala","KOTTAYAM(DISTRICT COLLECTOR KOTTAYAM_IDA)","Smt. Jebi Mather Hisham (2022-28) (2022-2028)","Elected MP","Construction of Road - Adivaram - Pachickal - Peringulam Road","07-Oct-2024","02-Dec-2024","500000","Sanction"
"298","Normal/Others","WS/MP102/2024-2025/143509-Construction of roads, link roads, pathways or any other road with or without drainage system","Kerala","MALAPPURAM(DISTRICT COLLECTOR MALAPPURAM_IDA)","Smt. Jebi Mather Hisham (2022-28) (2022-2028)","Elected MP","Construction of Pothukallu Panchayath Homoeo Hospital Road, Pothukallu Grama Panchayath","25-Sep-2024","23-Nov-2024","1182943","Physical Inspection"
"299","Normal/Others","WS/MP102/2024-2025/143510-Construction of roads, link roads, pathways or any other road with or without drainage system","Kerala","MALAPPURAM(DISTRICT COLLECTOR MALAPPURAM_IDA)","Smt. Jebi Mather Hisham (2022-28) (2022-2028)","Elected MP","Construction of Kalkulam School Bypass Road, Moothedam Grama Panchayath","25-Sep-2024","23-Nov-2024","1181915","Physical Inspection"
"300","Normal/Others","WS/MP102/2024-2025/143580-Construction of roads, link roads, pathways or any other road with or without drainage system","Kerala","MALAPPURAM(DISTRICT COLLECTOR MALAPPURAM_IDA)","Smt. Jebi Mather Hisham (2022-28) (2022-2028)","Elected MP","Construction of Pattanamkundu - Veethanashery Road, Porur Grama Panchayath","25-Sep-2024","23-Nov-2024","768794","Physical Inspection"
"301","Normal/Others","WS/MP102/2024-2025/143614-Construction of roads, link roads, pathways or any other road with or without drainage system","Kerala","KOZHIKODE(DISTRICT COLLECTOR KOZHIKODE_IDA)","Smt. Jebi Mather Hisham (2022-28) (2022-2028)","Elected MP","Construction of Muthappanapuzha Tribal Colony Road, Thiruvambadi Grama Panchayath","25-Sep-2024","06-Nov-2024","750000","Sanction"
"302","Repair and Renovation","WS/MP102/2024-2025/143620-Construction of roads, link roads, pathways or any other road with or without drainage system","Kerala","KOZHIKODE(DISTRICT COLLECTOR KOZHIKODE_IDA)","Smt. Jebi Mather Hisham (2022-28) (2022-2028)","Elected MP","Renovation of Parammal Vellorthazham Road Concrete with culvert, Division 8, 12, Malapparamba","25-Sep-2024","03-Dec-2024","1000000","Physical Inspection"
"303","Normal/Others","WS/MP102/2024-2025/143621-Construction of roads, link roads, pathways or any other road with or without drainage system","Kerala","KOZHIKODE(DISTRICT COLLECTOR KOZHIKODE_IDA)","Smt. Jebi Mather Hisham (2022-28) (2022-2028)","Elected MP","Construction of Vappolithazham - Vallamkulam Road - Drainage, Division 15, Vellimadukunnu","25-Sep-2024","28-Dec-2024","800000","Work partially Completed"
"304","Repair and Renovation","WS/MP102/2024-2025/143622-Construction of roads, link roads, pathways or any other road with or without drainage system","Kerala","KOZHIKODE(DISTRICT COLLECTOR KOZHIKODE_IDA)","Smt. Jebi Mather Hisham (2022-28) (2022-2028)","Elected MP","Renovation of Kuttikkattur - Kottamparamb Road, Division 17, Kunnamangalam Grama Panchayath","25-Sep-2024","03-Dec-2024","925424","Physical Inspection"
"305","Normal/Others","WS/MP102/2024-2025/143812-Construction of roads, link roads, pathways or any other road with or without drainage system","Kerala","KOZHIKODE(DISTRICT COLLECTOR KOZHIKODE_IDA)","Smt. Jebi Mather Hisham (2022-28) (2022-2028)","Elected MP","Construction of Kandothkuni - Post Office Road (Concrete), Ward XIII, Narippatta Grama Panchayath","26-Sep-2024","06-Nov-2024","1516587","Physical Inspection"
"306","Normal/Others","WS/MP102/2024-2025/143813-Construction of roads, link roads, pathways or any other road with or without drainage system","Kerala","KOZHIKODE(DISTRICT COLLECTOR KOZHIKODE_IDA)","Smt. Jebi Mather Hisham (2022-28) (2022-2028)","Elected MP","Construction of Adiyodikandi - Alakattu Thazhe Road - Ward No. VIII, Cheruvannur Grama Panchayath","26-Sep-2024","06-Nov-2024","1532503","Physical Inspection"
"307","Normal/Others","WS/MP102/2024-2025/143815-Construction of roads, link roads, pathways or any other road with or without drainage system","Kerala","KOZHIKODE(DISTRICT COLLECTOR KOZHIKODE_IDA)","Smt. Jebi Mather Hisham (2022-28) (2022-2028)","Elected MP","Construction of Thurassery Mukku Pension BHavan- Pump House Road from Chainage 0/229 to 0/329 - Ward No. XV & XVI, Maniyur Grama Panchayath","26-Sep-2024","06-Nov-2024","1000000","Sanction"
"308","Normal/Others","WS/MP102/2024-2025/143966-Construction of roads, link roads, pathways or any other road with or without drainage system","Kerala","PALAKKAD(DISTRICT COLLECTOR PALAKKAD_IDA)","Smt. Jebi Mather Hisham (2022-28) (2022-2028)","Elected MP","Construction of Road (Concrete work) - Kadamappuzha - Menmala - Pothenthodu, Ward - 14, Vandazhy","27-Sep-2024","24-Mar-2025","771134","Physical Inspection"
"309","Normal/Others","WS/MP102/2024-2025/143988-Construction of roads, link roads, pathways or any other road with or without drainage system","Kerala","KASARAGOD(DISTRICT COLLECTOR KASARAGOD_IDA)","Smt. Jebi Mather Hisham (2022-28) (2022-2028)","Elected MP","Construction of Road - Kannadippara - Kooramkara Road - Pullur-Periya","27-Sep-2024","11-Dec-2024","2370254","Physical Inspection"
"310","Normal/Others","WS/MP096/2024-2025/146754-Construction of roads, link roads, pathways or any other road with or without drainage system","Kerala","KOZHIKODE(DISTRICT COLLECTOR KOZHIKODE_IDA)","Shri Abdul Wahab (2021-27) (2021-2027)","Elected MP","Construction of Purathoottayil – Velinjiratt road /pathway, Ward No. 08, Ayancheri Panchayat","11-Oct-2024","07-Dec-2024","890000","Sanction"
"311","Normal/Others","WS/MP101/2024-2025/153062-Construction of roads, link roads, pathways or any other road with or without drainage system","Kerala","KANNUR(DISTRICT COLLECTOR KANNUR_IDA)","Shri Sandosh Kumar P (2022-28) (2022-2028)","Elected MP","kalarithode vayalil road concreting","18-Nov-2024","02-Dec-2024","767270","Physical Inspection"
"312","Normal/Others","WS/MP096/2025-2026/156139-Construction of roads, link roads, pathways or any other road with or without drainage system","Kerala","MALAPPURAM(DISTRICT COLLECTOR MALAPPURAM_IDA)","Shri Abdul Wahab (2021-27) (2021-2027)","Elected MP","Construction of Choonoor Mundathadam - Maravattom road or pathway, Ward No.11, Ponmala Panchayat","30-Nov-2024","16-Jan-2026","368228","Physical Inspection"
"313","Repair and Renovation","WS/MP102/2025-2026/156751-Construction of roads, link roads, pathways or any other road with or without drainage system","Kerala","WAYANAD(DISTRICT COLLECTOR WAYANAD_IDA)","Smt. Jebi Mather Hisham (2022-28) (2022-2028)","Elected MP","Retarring of road - Vaduvanchal Valavu - Kallikeni Road","03-Dec-2024","14-Jan-2026","800000","Sanction"
"314","Repair and Renovation","WS/MP102/2024-2025/156752-Construction of roads, link roads, pathways or any other road with or without drainage system","Kerala","WAYANAD(DISTRICT COLLECTOR WAYANAD_IDA)","Smt. Jebi Mather Hisham (2022-28) (2022-2028)","Elected MP","Retarring of Road - Kavummandam - Parathod Road","03-Dec-2024","20-Dec-2024","800000","Vendor Identification"
"315","Normal/Others","WS/MP18405/2026-2027/156771-Construction of roads, link roads, pathways or any other road with or without drainage system","Kerala","KOZHIKODE(DISTRICT COLLECTOR KOZHIKODE_IDA)","Shri P. P. Suneer (2024-30) (2024-2030)","Elected MP","KOZHUKKALLUR PULIYATHINKAL UNNATHI  ROAD TO BHAVANA ROAD (CANAL ROAD) -SOLING AND TARING","05-Jan-2025","11-Aug-2026","4000000","Sanction"
"316","Normal/Others","WS/MP18329/2025-2026/156800-Construction of roads, link roads, pathways or any other road with or without drainage system","Kerala","MALAPPURAM(DISTRICT COLLECTOR MALAPPURAM_IDA)","Shri Haris Beeran (2024-30) (2024-2030)","Elected MP","Construction of new road: Nedungad - Koonampara road","03-Dec-2024","16-Jan-2026","3654632","Physical Inspection"
"317","Normal/Others","WS/MP096/2025-2026/157060-Construction of roads, link roads, pathways or any other road with or without drainage system","Kerala","KANNUR(DISTRICT COLLECTOR KANNUR_IDA)","Shri Abdul Wahab (2021-27) (2021-2027)","Elected MP","Construction of Korangad payyankanam SC Colony road/pathway, Ward no. 14, Peringome Vayakkara Panchayat(SC/ST)","05-Dec-2024","16-Oct-2025","988238","Physical Inspection"
"318","Normal/Others","WS/MP096/2025-2026/157377-Construction of roads, link roads, pathways or any other road with or without drainage system","Kerala","KANNUR(DISTRICT COLLECTOR KANNUR_IDA)","Shri Abdul Wahab (2021-27) (2021-2027)","Elected MP","Construction of Eriam school - Kupperi - Kannakai road/pathway, Ward no.07 Kadannappally-Panappuzha Panchayat","07-Dec-2024","29-Sep-2025","887708","Physical Inspection"
"319","Normal/Others","WS/MP100/2025-2026/158019-Construction of roads, link roads, pathways or any other road with or without drainage system","Kerala","KOTTAYAM(DISTRICT COLLECTOR KOTTAYAM_IDA)","Shri Jose K. Mani (2024-30) (2024-2030)","Elected MP","Construction of Chennakunnu – Koottunkal Kadavu Road","11-Dec-2024","10-Nov-2025","400000","Sanction"
"320","Repair and Renovation","WS/MP100/2025-2026/158023-Construction of roads, link roads, pathways or any other road with or without drainage system","Kerala","KOTTAYAM(DISTRICT COLLECTOR KOTTAYAM_IDA)","Shri Jose K. Mani (2024-30) (2024-2030)","Elected MP","Construction of Koovalloorkunnu – Puthiyidathuparambu Road","11-Dec-2024","04-Apr-2025","400000","Physical Inspection"
"321","Repair and Renovation","WS/MP100/2025-2026/158024-Construction of roads, link roads, pathways or any other road with or without drainage system","Kerala","KOTTAYAM(DISTRICT COLLECTOR KOTTAYAM_IDA)","Shri Jose K. Mani (2024-30) (2024-2030)","Elected MP","Construction of Kombanamukalel – Pannimattm Road","11-Dec-2024","04-Apr-2025","500000","Physical Inspection"
"322","Normal/Others","WS/MP100/2025-2026/158027-Construction of roads, link roads, pathways or any other road with or without drainage system","Kerala","MALAPPURAM(DISTRICT COLLECTOR MALAPPURAM_IDA)","Shri Jose K. Mani (2024-30) (2024-2030)","Elected MP","Construction of  Ambittampotti – Mahilasamajam Puzha Road","11-Dec-2024","15-Jan-2026","500000","Sanction"
"323","Normal/Others","WS/MP100/2025-2026/158028-Construction of roads, link roads, pathways or any other road with or without drainage system","Kerala","KOTTAYAM(DISTRICT COLLECTOR KOTTAYAM_IDA)","Shri Jose K. Mani (2024-30) (2024-2030)","Elected MP","Construction of Kattakuthipady  Kurisumala Road","11-Dec-2024","10-Sep-2025","632761","Physical Inspection"
"324","Normal/Others","WS/MP100/2025-2026/158029-Construction of roads, link roads, pathways or any other road with or without drainage system","Kerala","KOTTAYAM(DISTRICT COLLECTOR KOTTAYAM_IDA)","Shri Jose K. Mani (2024-30) (2024-2030)","Elected MP","Construction of Vakkethara – Chettikkary Colony Road (Cat: SC)","11-Dec-2024","22-May-2025","1000000","Sanction"
"325","Normal/Others","WS/MP100/2025-2026/158032-Construction of roads, link roads, pathways or any other road with or without drainage system","Kerala","KOTTAYAM(DISTRICT COLLECTOR KOTTAYAM_IDA)","Shri Jose K. Mani (2024-30) (2024-2030)","Elected MP","Construction of Ettathottu – Maliyekkal – Anikkuzhy – Thannippara Road","11-Dec-2024","06-May-2025","379189","Physical Inspection"
"326","Normal/Others","WS/MP100/2025-2026/158033-Construction of roads, link roads, pathways or any other road with or without drainage system","Kerala","KOTTAYAM(DISTRICT COLLECTOR KOTTAYAM_IDA)","Shri Jose K. Mani (2024-30) (2024-2030)","Elected MP","Construction of Karimattom – Muzhuvanalkunnu – Jalanidhi Road","11-Dec-2024","05-May-2025","383141","Physical Inspection"
"327","Normal/Others","WS/MP100/2025-2026/158036-Construction of roads, link roads, pathways or any other road with or without drainage system","Kerala","KOTTAYAM(DISTRICT COLLECTOR KOTTAYAM_IDA)","Shri Jose K. Mani (2024-30) (2024-2030)","Elected MP","Construction of Ponnamvarikkayil- Uppamthadam Road","11-Dec-2024","09-Apr-2025","500000","Sanction"
"328","Normal/Others","WS/MP100/2025-2026/158037-Construction of roads, link roads, pathways or any other road with or without drainage system","Kerala","KOTTAYAM(DISTRICT COLLECTOR KOTTAYAM_IDA)","Shri Jose K. Mani (2024-30) (2024-2030)","Elected MP","Construction of Kaniyamparambu – Puthethuparambu Road","11-Dec-2024","25-Feb-2026","400000","Sanction"
"329","Normal/Others","WS/MP100/2025-2026/158044-Construction of roads, link roads, pathways or any other road with or without drainage system","Kerala","KOTTAYAM(DISTRICT COLLECTOR KOTTAYAM_IDA)","Shri Jose K. Mani (2024-30) (2024-2030)","Elected MP","Construction of Vattincha – Podimattom Road","11-Dec-2024","09-Apr-2025","500000","Physical Inspection"
"330","Normal/Others","WS/MP100/2025-2026/158045-Construction of roads, link roads, pathways or any other road with or without drainage system","Kerala","KOTTAYAM(DISTRICT COLLECTOR KOTTAYAM_IDA)","Shri Jose K. Mani (2024-30) (2024-2030)","Elected MP","Construction of balance portion of Pathikkal – Keecheripady - Govt L P School – Manal Road","11-Dec-2024","06-May-2025","171841","Physical Inspection"
"331","Normal/Others","WS/MP100/2025-2026/158046-Construction of roads, link roads, pathways or any other road with or without drainage system","Kerala","KOTTAYAM(DISTRICT COLLECTOR KOTTAYAM_IDA)","Shri Jose K. Mani (2024-30) (2024-2030)","Elected MP","Construction of Koladypady – Athipuzha Road","11-Dec-2024","07-May-2025","200000","Sanction"
"332","Normal/Others","WS/MP100/2024-2025/158047-Construction of roads, link roads, pathways or any other road with or without drainage system","Kerala","KOTTAYAM(DISTRICT COLLECTOR KOTTAYAM_IDA)","Shri Jose K. Mani (2024-30) (2024-2030)","Elected MP","Construction of Ettolikkal Road","11-Dec-2024","18-Mar-2025","1000000","Physical Inspection"
"333","Normal/Others","WS/MP100/2025-2026/158061-Construction of roads, link roads, pathways or any other road with or without drainage system","Kerala","KOTTAYAM(DISTRICT COLLECTOR KOTTAYAM_IDA)","Shri Jose K. Mani (2024-30) (2024-2030)","Elected MP","Construction of Paika Theaterpady – Bajanamandiram Road","11-Dec-2024","07-May-2025","500000","Work partially Completed"
"334","Normal/Others","WS/MP100/2025-2026/158074-Construction of roads, link roads, pathways or any other road with or without drainage system","Kerala","THIRUVANANTHAPURAM(DISTRICT COLLECTOR THIRUVANANTHAPURAM_IDA)","Shri Jose K. Mani (2024-30) (2024-2030)","Elected MP","Concreting of Thunduvila Lane","11-Dec-2024","16-Jun-2025","353523","Physical Inspection"
"335","Normal/Others","WS/MP100/2025-2026/158075-Construction of roads, link roads, pathways or any other road with or without drainage system","Kerala","THIRUVANANTHAPURAM(DISTRICT COLLECTOR THIRUVANANTHAPURAM_IDA)","Shri Jose K. Mani (2024-30) (2024-2030)","Elected MP","Construction of Korapparambu – Chittiyamkonam Road","11-Dec-2024","25-Apr-2025","407926","Physical Inspection"
"336","Normal/Others","WS/MP100/2025-2026/158076-Construction of roads, link roads, pathways or any other road with or without drainage system","Kerala","KOTTAYAM(DISTRICT COLLECTOR KOTTAYAM_IDA)","Shri Jose K. Mani (2024-30) (2024-2030)","Elected MP","Construction of Sreenarayanaguru Ambalam- Vavanakulangara Road","11-Dec-2024","13-May-2025","472568","Physical Inspection"
"337","Normal/Others","WS/MP100/2025-2026/158077-Construction of roads, link roads, pathways or any other road with or without drainage system","Kerala","KOTTAYAM(DISTRICT COLLECTOR KOTTAYAM_IDA)","Shri Jose K. Mani (2024-30) (2024-2030)","Elected MP","Construction of Ezhachery Vallikunnel Road","11-Dec-2024","04-Apr-2025","353920","Physical Inspection"
"338","Normal/Others","WS/MP094/2025-2026/159415-Construction of roads, link roads, pathways or any other road with or without drainage system","Kerala","KANNUR(DISTRICT COLLECTOR KANNUR_IDA)","Dr. V. Sivadasan (2021-27) (2021-2027)","Elected MP","Varikkanikkal Road Tarring(Ward-6) Kanichar Panchayat","17-Dec-2024","09-Jan-2026","491361","Physical Inspection"
"339","Normal/Others","WS/MP18329/2025-2026/160823-Construction of roads, link roads, pathways or any other road with or without drainage system","Kerala","MALAPPURAM(DISTRICT COLLECTOR MALAPPURAM_IDA)","Shri Haris Beeran (2024-30) (2024-2030)","Elected MP","Constructi on of new road: Nedungad - Koonampa ra road: Panakkad - Thekkethodu road. (Pukkoya Thangal Road)","22-Dec-2024","16-Jan-2026","725857","Physical Inspection"
"340","Normal/Others","WS/MP18329/2024-2025/162284-Construction of roads, link roads, pathways or any other road with or without drainage system","Kerala","ERNAKULAM(DISTRICT COLLECTOR ERNAKULAM_IDA)","Shri Haris Beeran (2024-30) (2024-2030)","Elected MP","Construction of new road:- Muvattupuzha Taluk, Payipra Grama Panchayat, ward 17, Chakkunnam Ambalam - Ponnoppadi Juma Masjid canal bund road.","30-Dec-2024","18-Mar-2025","400062","Physical Inspection"
"341","Repair and Renovation","WS/MP102/2025-2026/165847-Construction of roads, link roads, pathways or any other road with or without drainage system","Kerala","WAYANAD(DISTRICT COLLECTOR WAYANAD_IDA)","Smt. Jebi Mather Hisham (2022-28) (2022-2028)","Elected MP","Maintenance works of Thazhathangadi - Moodakkolli - Gudalur Road, Poothady Grama Panchayath","15-Jan-2025","14-Jan-2026","2000000","Sanction"
"342","Normal/Others","WS/MP096/2025-2026/166597-Construction of roads, link roads, pathways or any other road with or without drainage system","Kerala","KANNUR(DISTRICT COLLECTOR KANNUR_IDA)","Shri Abdul Wahab (2021-27) (2021-2027)","Elected MP","Construction of Vengad town Kuniyil road pathway ward no 03 Vengad Panchayat","20-Jan-2025","19-Dec-2025","1000000","Work Completed"
"343","Repair and Renovation","WS/MP100/2025-2026/168924-Construction of roads, link roads, pathways or any other road with or without drainage system","Kerala","KOTTAYAM(DISTRICT COLLECTOR KOTTAYAM_IDA)","Shri Jose K. Mani (2024-30) (2024-2030)","Elected MP","Construction of Palathoor  Kudayampady Road - Repair and Renovation","25-Jan-2025","23-Jun-2025","300000","Sanction"
"344","Normal/Others","WS/MP102/2025-2026/170141-Construction of roads, link roads, pathways or any other road with or without drainage system","Kerala","KANNUR(DISTRICT COLLECTOR KANNUR_IDA)","Smt. Jebi Mather Hisham (2022-28) (2022-2028)","Elected MP","Cheruvichery Paalam - Pooram Kulikkadavu Road - Concreting in Kadannappally Panappuzha Grama Panchayath","29-Jan-2025","13-Jan-2026","1172324","Physical Inspection"
"345","Normal/Others","WS/MP102/2025-2026/174948-Construction of roads, link roads, pathways or any other road with or without drainage system","Kerala","WAYANAD(DISTRICT COLLECTOR WAYANAD_IDA)","Smt. Jebi Mather Hisham (2022-28) (2022-2028)","Elected MP","Construction of Vayalkara Colony Road, Mananthavady","11-Feb-2025","10-Feb-2026","500000","Physical Inspection"
"346","Normal/Others","WS/MP096/2025-2026/177173-Construction of roads, link roads, pathways or any other road with or without drainage system","Kerala","PALAKKAD(DISTRICT COLLECTOR PALAKKAD_IDA)","Shri Abdul Wahab (2021-27) (2021-2027)","Elected MP","Construction of Kudumpatta  Kootampidav  National LP School road or pathway Ward No 01 Nellaya Panchayat","24-Feb-2025","07-Aug-2025","701265","Physical Inspection"
"347","Normal/Others","WS/MP096/2026-2027/177181-Construction of roads, link roads, pathways or any other road with or without drainage system","Kerala","PALAKKAD(DISTRICT COLLECTOR PALAKKAD_IDA)","Shri Abdul Wahab (2021-27) (2021-2027)","Elected MP","Construction of Ariyoor Paduvilkulamb road or pathway, Ward No.09 Kottopadam Panchayat","24-Feb-2025","15-May-2026","647657","Physical Inspection"
"348","Repair and Renovation","WS/MP096/2025-2026/177183-Construction of roads, link roads, pathways or any other road with or without drainage system","Kerala","PALAKKAD(DISTRICT COLLECTOR PALAKKAD_IDA)","Shri Abdul Wahab (2021-27) (2021-2027)","Elected MP","Construction of Nadaparamb mill  Karambathoor road or pathway Ward No.02  Paruthoor Panchayat","24-Feb-2025","29-Dec-2025","795855","Physical Inspection"
"349","Normal/Others","WS/MP096/2025-2026/177184-Construction of roads, link roads, pathways or any other road with or without drainage system","Kerala","PALAKKAD(DISTRICT COLLECTOR PALAKKAD_IDA)","Shri Abdul Wahab (2021-27) (2021-2027)","Elected MP","Construction of Manakkalthodi Salafi masjid road or pathway, Ward No. 09, Ananganadi Panchayat","24-Feb-2025","14-Jan-2026","592859","Physical Inspection"
"350","Normal/Others","WS/MP096/2025-2026/177185-Construction of roads, link roads, pathways or any other road with or without drainage system","Kerala","MALAPPURAM(DISTRICT COLLECTOR MALAPPURAM_IDA)","Shri Abdul Wahab (2021-27) (2021-2027)","Elected MP","Construction of Parekkad Kadooran road or pathway, Ward No. 03, Chaliyar Panchayat","24-Feb-2025","14-Jan-2026","600000","Sanction"
"351","Normal/Others","WS/MP096/2025-2026/177186-Construction of roads, link roads, pathways or any other road with or without drainage system","Kerala","MALAPPURAM(DISTRICT COLLECTOR MALAPPURAM_IDA)","Shri Abdul Wahab (2021-27) (2021-2027)","Elected MP","Construction of Vettekkode Masjidnnoor road pathway, Ward No.11, Chaliyar Panchayat","24-Feb-2025","14-Jan-2026","300000","Sanction"
"352","Normal/Others","WS/MP096/2025-2026/177187-Construction of roads, link roads, pathways or any other road with or without drainage system","Kerala","MALAPPURAM(DISTRICT COLLECTOR MALAPPURAM_IDA)","Shri Abdul Wahab (2021-27) (2021-2027)","Elected MP","Construction of Myladi Pallipadi ring road or pathway, Ward No.08, Chaliyar Panchayat","24-Feb-2025","14-Jan-2026","600000","Sanction"
"353","Normal/Others","WS/MP096/2025-2026/177188-Construction of roads, link roads, pathways or any other road with or without drainage system","Kerala","MALAPPURAM(DISTRICT COLLECTOR MALAPPURAM_IDA)","Shri Abdul Wahab (2021-27) (2021-2027)","Elected MP","Construction of Kizhakke Kaipalli Colony road  or pathway, Ward No.15, Pothukallu panchayat","24-Feb-2025","14-Jan-2026","766850","Physical Inspection"
"354","Normal/Others","WS/MP096/2025-2026/177198-Construction of roads, link roads, pathways or any other road with or without drainage system","Kerala","MALAPPURAM(DISTRICT COLLECTOR MALAPPURAM_IDA)","Shri Abdul Wahab (2021-27) (2021-2027)","Elected MP","Construction of Kotayil Akaipotta road or pathway, Wad No. 01 Vazhayoor Panchayat","24-Feb-2025","13-Jan-2026","391909","Physical Inspection"
"355","Normal/Others","WS/MP096/2025-2026/177209-Construction of roads, link roads, pathways or any other road with or without drainage system","Kerala","MALAPPURAM(DISTRICT COLLECTOR MALAPPURAM_IDA)","Shri Abdul Wahab (2021-27) (2021-2027)","Elected MP","Construction of Valanthode  Kandillapara ST Colony road or pathway, Ward No.01, Chaliyar Panchayat","24-Feb-2025","14-Jan-2026","600000","Sanction"
"356","Normal/Others","WS/MP18329/2025-2026/178490-Construction of roads, link roads, pathways or any other road with or without drainage system","Kerala","IDUKKI(DISTRICT COLLECTOR IDUKKI_IDA)","Shri Haris Beeran (2024-30) (2024-2030)","Elected MP","Construction of Kuthirayalakkudi View Point Road (concrete)","09-Mar-2025","03-Jul-2025","1000000","Physical Inspection"
"357","Normal/Others","WS/MP100/2025-2026/201837-Construction of roads, link roads, pathways or any other road with or without drainage system","Kerala","IDUKKI(DISTRICT COLLECTOR IDUKKI_IDA)","Shri Jose K. Mani (2024-30) (2024-2030)","Elected MP","Construction of Perumannilpady Kochupurackal pady road","21-May-2025","31-Oct-2025","300000","Physical Inspection"
"358","Normal/Others","WS/MP100/2025-2026/201838-Construction of roads, link roads, pathways or any other road with or without drainage system","Kerala","IDUKKI(DISTRICT COLLECTOR IDUKKI_IDA)","Shri Jose K. Mani (2024-30) (2024-2030)","Elected MP","Construction of Puthiyaparambil pady Vikas Nagar Road","21-May-2025","31-Oct-2025","300000","Physical Inspection"
"359","Normal/Others","WS/MP100/2025-2026/201887-Construction of roads, link roads, pathways or any other road with or without drainage system","Kerala","KASARAGOD(DISTRICT COLLECTOR KASARAGOD_IDA)","Shri Jose K. Mani (2024-30) (2024-2030)","Elected MP","Construction of Kulangarady Thadathil Road","21-May-2025","21-Aug-2025","449765","Physical Inspection"
"360","Normal/Others","WS/MP100/2025-2026/201958-Construction of roads, link roads, pathways or any other road with or without drainage system","Kerala","KOZHIKODE(DISTRICT COLLECTOR KOZHIKODE_IDA)","Shri Jose K. Mani (2024-30) (2024-2030)","Elected MP","Construction of Ottapoyyil Kalambukattupady Road","21-May-2025","25-Sep-2025","500000","Physical Inspection"
"361","Repair and Renovation","WS/MP100/2025-2026/201984-Construction of roads, link roads, pathways or any other road with or without drainage system","Kerala","IDUKKI(DISTRICT COLLECTOR IDUKKI_IDA)","Shri Jose K. Mani (2024-30) (2024-2030)","Elected MP","Construction of Nediyasala  Pottambra Road","21-May-2025","14-Jan-2026","700000","Physical Inspection"
"362","Normal/Others","WS/MP100/2025-2026/201999-Construction of roads, link roads, pathways or any other road with or without drainage system","Kerala","PALAKKAD(DISTRICT COLLECTOR PALAKKAD_IDA)","Shri Jose K. Mani (2024-30) (2024-2030)","Elected MP","Construction of Pilathody Palam -Kunchayibhavanam Road","21-May-2025","03-Mar-2026","277131","Physical Inspection"
"363","Normal/Others","WS/MP100/2025-2026/202001-Construction of roads, link roads, pathways or any other road with or without drainage system","Kerala","PALAKKAD(DISTRICT COLLECTOR PALAKKAD_IDA)","Shri Jose K. Mani (2024-30) (2024-2030)","Elected MP","Construction of Pulla Road to Pullakulam Road","21-May-2025","03-Mar-2026","300000","Physical Inspection"
"364","Normal/Others","WS/MP100/2025-2026/202003-Construction of roads, link roads, pathways or any other road with or without drainage system","Kerala","KANNUR(DISTRICT COLLECTOR KANNUR_IDA)","Shri Jose K. Mani (2024-30) (2024-2030)","Elected MP","Construction of Granvay  Chullipalla Road","21-May-2025","14-Jan-2026","400000","Sanction"
"365","Normal/Others","WS/MP100/2025-2026/202006-Construction of roads, link roads, pathways or any other road with or without drainage system","Kerala","KANNUR(DISTRICT COLLECTOR KANNUR_IDA)","Shri Jose K. Mani (2024-30) (2024-2030)","Elected MP","Construction of Mankadavu Vellomkunnelpady Road","21-May-2025","14-Jan-2026","500000","Sanction"
"366","Normal/Others","WS/MP100/2025-2026/202113-Construction of roads, link roads, pathways or any other road with or without drainage system","Kerala","KOTTAYAM(DISTRICT COLLECTOR KOTTAYAM_IDA)","Shri Jose K. Mani (2024-30) (2024-2030)","Elected MP","Construction of Kunnukuzhy Ellikkal Road","21-May-2025","18-Sep-2025","493790","Physical Inspection"
"367","Normal/Others","WS/MP100/2025-2026/202114-Construction of roads, link roads, pathways or any other road with or without drainage system","Kerala","KOTTAYAM(DISTRICT COLLECTOR KOTTAYAM_IDA)","Shri Jose K. Mani (2024-30) (2024-2030)","Elected MP","Construction of Plathottam Kizhakkemuri Road","21-May-2025","22-Sep-2025","500000","Sanction"
"368","Normal/Others","WS/MP100/2025-2026/202138-Construction of roads, link roads, pathways or any other road with or without drainage system","Kerala","KOTTAYAM(DISTRICT COLLECTOR KOTTAYAM_IDA)","Shri Jose K. Mani (2024-30) (2024-2030)","Elected MP","Construction of Pulinkala Marambu Road","21-May-2025","04-Oct-2025","500000","Physical Inspection"
"369","Normal/Others","WS/MP100/2025-2026/202139-Construction of roads, link roads, pathways or any other road with or without drainage system","Kerala","KOTTAYAM(DISTRICT COLLECTOR KOTTAYAM_IDA)","Shri Jose K. Mani (2024-30) (2024-2030)","Elected MP","Construction of Flat Line Road","21-May-2025","22-Oct-2025","466465","Physical Inspection"
"370","Normal/Others","WS/MP100/2025-2026/202144-Construction of roads, link roads, pathways or any other road with or without drainage system","Kerala","KOTTAYAM(DISTRICT COLLECTOR KOTTAYAM_IDA)","Shri Jose K. Mani (2024-30) (2024-2030)","Elected MP","Construction of Karuvelikadavu Kochillath Road","21-May-2025","26-Aug-2025","500000","Physical Inspection"
"371","Normal/Others","WS/MP100/2025-2026/202162-Construction of roads, link roads, pathways or any other road with or without drainage system","Kerala","KOTTAYAM(DISTRICT COLLECTOR KOTTAYAM_IDA)","Shri Jose K. Mani (2024-30) (2024-2030)","Elected MP","Construction of Chettiparambu Chirakkara Road","21-May-2025","24-Sep-2025","500000","Sanction"
"372","Normal/Others","WS/MP100/2025-2026/202175-Construction of roads, link roads, pathways or any other road with or without drainage system","Kerala","KOTTAYAM(DISTRICT COLLECTOR KOTTAYAM_IDA)","Shri Jose K. Mani (2024-30) (2024-2030)","Elected MP","Installation of Mini Mast Light at Kuravilangad Sree Maha Deva Temple Jn","21-May-2025","10-Nov-2025","200000","Sanction"
"373","Normal/Others","WS/MP100/2025-2026/202177-Construction of roads, link roads, pathways or any other road with or without drainage system","Kerala","KOTTAYAM(DISTRICT COLLECTOR KOTTAYAM_IDA)","Shri Jose K. Mani (2024-30) (2024-2030)","Elected MP","Construction of Veliyath Kannala Road","21-May-2025","22-Sep-2025","500000","Physical Inspection"
"374","Normal/Others","WS/MP100/2025-2026/202183-Construction of roads, link roads, pathways or any other road with or without drainage system","Kerala","THRISSUR(DISTRICT COLLECTOR THRISSUR_IDA)","Shri Jose K. Mani (2024-30) (2024-2030)","Elected MP","Construction of Asharikunnu Ring Road","21-May-2025","18-Oct-2025","500000","Physical Inspection"
"375","Normal/Others","WS/MP100/2025-2026/202191-Construction of roads, link roads, pathways or any other road with or without drainage system","Kerala","KOTTAYAM(DISTRICT COLLECTOR KOTTAYAM_IDA)","Shri Jose K. Mani (2024-30) (2024-2030)","Elected MP","Construction of Kannukuzhy  Thekkekadavanapuzha Road","21-May-2025","24-Sep-2025","481887","Physical Inspection"
"376","Normal/Others","WS/MP100/2025-2026/202194-Construction of roads, link roads, pathways or any other road with or without drainage system","Kerala","KOTTAYAM(DISTRICT COLLECTOR KOTTAYAM_IDA)","Shri Jose K. Mani (2024-30) (2024-2030)","Elected MP","Installation of Mini Mast Light at Valekadavu area","21-May-2025","04-Oct-2025","200000","Sanction"
"377","Normal/Others","WS/MP100/2025-2026/202215-Construction of roads, link roads, pathways or any other road with or without drainage system","Kerala","MALAPPURAM(DISTRICT COLLECTOR MALAPPURAM_IDA)","Shri Jose K. Mani (2024-30) (2024-2030)","Elected MP","Construction of Kuttikkal Puthukootty Road","21-May-2025","15-Jan-2026","500000","Sanction"
"378","Normal/Others","WS/MP100/2025-2026/202218-Construction of roads, link roads, pathways or any other road with or without drainage system","Kerala","KOTTAYAM(DISTRICT COLLECTOR KOTTAYAM_IDA)","Shri Jose K. Mani (2024-30) (2024-2030)","Elected MP","Construction of Nariyanani  EVC Unnathi Road","21-May-2025","21-Oct-2025","437234","Physical Inspection"
"379","Normal/Others","WS/MP100/2025-2026/202222-Construction of roads, link roads, pathways or any other road with or without drainage system","Kerala","KANNUR(DISTRICT COLLECTOR KANNUR_IDA)","Shri Jose K. Mani (2024-30) (2024-2030)","Elected MP","Construction of Vazheparambil Kavala  Ponpuzha Thode Road","21-May-2025","14-Jan-2026","500000","Sanction"
"380","Normal/Others","WS/MP100/2025-2026/202225-Construction of roads, link roads, pathways or any other road with or without drainage system","Kerala","KOTTAYAM(DISTRICT COLLECTOR KOTTAYAM_IDA)","Shri Jose K. Mani (2024-30) (2024-2030)","Elected MP","Construction of Punnathura Pazhayapally  Thiruvambady Road","21-May-2025","04-Feb-2026","500000","Sanction"
"381","Normal/Others","WS/MP100/2026-2027/202226-Construction of roads, link roads, pathways or any other road with or without drainage system","Kerala","KOZHIKODE(DISTRICT COLLECTOR KOZHIKODE_IDA)","Shri Jose K. Mani (2024-30) (2024-2030)","Elected MP","Construction of Manimala- Vattakunnu- Vayad Unnathi Road","21-May-2025","11-Aug-2026","500000","Sanction"
"382","Normal/Others","WS/MP100/2025-2026/202422-Construction of roads, link roads, pathways or any other road with or without drainage system","Kerala","KOTTAYAM(DISTRICT COLLECTOR KOTTAYAM_IDA)","Shri Jose K. Mani (2024-30) (2024-2030)","Elected MP","Construction of Thannoorkari Malappuram Road","22-May-2025","22-Oct-2025","399043","Physical Inspection"
"383","Normal/Others","WS/MP100/2025-2026/202423-Construction of roads, link roads, pathways or any other road with or without drainage system","Kerala","KOTTAYAM(DISTRICT COLLECTOR KOTTAYAM_IDA)","Shri Jose K. Mani (2024-30) (2024-2030)","Elected MP","Instalation of Mini Mast Light at Akkakunnu Jn","22-May-2025","21-Oct-2025","200000","Sanction"
"384","Normal/Others","WS/MP100/2025-2026/202431-Construction of roads, link roads, pathways or any other road with or without drainage system","Kerala","KOTTAYAM(DISTRICT COLLECTOR KOTTAYAM_IDA)","Shri Jose K. Mani (2024-30) (2024-2030)","Elected MP","Construction of Parambram Kadamkuzhy Canal Road","22-May-2025","05-Nov-2025","691345","Physical Inspection"
"385","Normal/Others","WS/MP100/2025-2026/202436-Construction of roads, link roads, pathways or any other road with or without drainage system","Kerala","KOTTAYAM(DISTRICT COLLECTOR KOTTAYAM_IDA)","Shri Jose K. Mani (2024-30) (2024-2030)","Elected MP","Construction of Nithyasahayamatha Manjooran Panchayath Road","22-May-2025","22-Oct-2025","500000","Sanction"
"386","Normal/Others","WS/MP100/2025-2026/202438-Construction of roads, link roads, pathways or any other road with or without drainage system","Kerala","KOTTAYAM(DISTRICT COLLECTOR KOTTAYAM_IDA)","Shri Jose K. Mani (2024-30) (2024-2030)","Elected MP","Construction of Mesthiripady Parakada area Road","22-May-2025","16-Oct-2025","300000","Sanction"
"387","Normal/Others","WS/MP095/2025-2026/180094-Construction of roads, link roads, pathways or any other road with or without drainage system","Kerala","THIRUVANANTHAPURAM(DISTRICT COLLECTOR THIRUVANANTHAPURAM_IDA)","Shri A. A. Rahim (2022-28) (2022-2028)","Elected MP","rKaithayil-Kuzhivaram Road Konchira W, Vembayam GP","24-Mar-2025","30-May-2025","212242","Physical Inspection"
"388","Normal/Others","WS/MP095/2025-2026/180095-Construction of roads, link roads, pathways or any other road with or without drainage system","Kerala","THIRUVANANTHAPURAM(DISTRICT COLLECTOR THIRUVANANTHAPURAM_IDA)","Shri A. A. Rahim (2022-28) (2022-2028)","Elected MP","kamukarakonam- kokkuttukonam road,kochira W, Vembayam GP","24-Mar-2025","30-May-2025","236496","Physical Inspection"
"389","Normal/Others","WS/MP095/2025-2026/180096-Construction of roads, link roads, pathways or any other road with or without drainage system","Kerala","THIRUVANANTHAPURAM(DISTRICT COLLECTOR THIRUVANANTHAPURAM_IDA)","Shri A. A. Rahim (2022-28) (2022-2028)","Elected MP","kaithayil - kokkottukonam road ,konchira w, Vembayam GP","24-Mar-2025","30-May-2025","418225","Physical Inspection"
"390","Normal/Others","WS/MP095/2025-2026/180097-Construction of roads, link roads, pathways or any other road with or without drainage system","Kerala","THIRUVANANTHAPURAM(DISTRICT COLLECTOR THIRUVANANTHAPURAM_IDA)","Shri A. A. Rahim (2022-28) (2022-2028)","Elected MP","Kaithayil- Kuzhivaram Jumamajid Road, Konchira W, Vembayam G","24-Mar-2025","16-Jun-2025","119037","Physical Inspection"
"391","Normal/Others","WS/MP095/2025-2026/180173-Construction of roads, link roads, pathways or any other road with or without drainage system","Kerala","THIRUVANANTHAPURAM(DISTRICT COLLECTOR THIRUVANANTHAPURAM_IDA)","Shri A. A. Rahim (2022-28) (2022-2028)","Elected MP","Road in puthenkonam Colony  Thalayil W Manikkal GP","24-Mar-2025","13-Jun-2025","2339512","Physical Inspection"
"392","Normal/Others","WS/MP095/2025-2026/180177-Construction of roads, link roads, pathways or any other road with or without drainage system","Kerala","THIRUVANANTHAPURAM(DISTRICT COLLECTOR THIRUVANANTHAPURAM_IDA)","Shri A. A. Rahim (2022-28) (2022-2028)","Elected MP","road njaraneeli- Meeaconam Peringamal GP","24-Mar-2025","13-Jun-2025","1626438","Physical Inspection"
"393","Normal/Others","WS/MP101/2025-2026/180694-Construction of roads, link roads, pathways or any other road with or without drainage system","Kerala","KANNUR(DISTRICT COLLECTOR KANNUR_IDA)","Shri Sandosh Kumar P (2022-28) (2022-2028)","Elected MP","CONSTRUCTION OF KOTTUR VASUPEEDIKA CHEMMANAMCHAL ROAD","10-Mar-2025","08-May-2025","864113","Physical Inspection"
"394","Normal/Others","WS/MP096/2025-2026/180744-Construction of roads, link roads, pathways or any other road with or without drainage system","Kerala","KANNUR(DISTRICT COLLECTOR KANNUR_IDA)","Shri Abdul Wahab (2021-27) (2021-2027)","Elected MP","Construction of Mayyil Koralayituruth Namaskarapalli  Vishnu temple road or pathway, Mayyil Panchayat","10-Mar-2025","14-Jan-2026","1346756","Physical Inspection"
"395","Normal/Others","WS/MP096/2025-2026/180770-Construction of roads, link roads, pathways or any other road with or without drainage system","Kerala","MALAPPURAM(DISTRICT COLLECTOR MALAPPURAM_IDA)","Shri Abdul Wahab (2021-27) (2021-2027)","Elected MP","Construction of Areekattparambu SC Colony road or pathway, ward No. 02, Vengara Panchayat","10-Mar-2025","15-Jan-2026","198611","Physical Inspection"
"396","Normal/Others","WS/MP096/2025-2026/180776-Construction of roads, link roads, pathways or any other road with or without drainage system","Kerala","IDUKKI(DISTRICT COLLECTOR IDUKKI_IDA)","Shri Abdul Wahab (2021-27) (2021-2027)","Elected MP","Construction of Khadarpilla road or pathway, ward No.14, Thodupuzha Municipality","10-Mar-2025","08-May-2025","200000","Physical Inspection"
"397","Normal/Others","WS/MP096/2025-2026/181145-Construction of roads, link roads, pathways or any other road with or without drainage system","Kerala","MALAPPURAM(DISTRICT COLLECTOR MALAPPURAM_IDA)","Shri Abdul Wahab (2021-27) (2021-2027)","Elected MP","Construction of Thanikkal Thozhuthumpilakkal road Ward No.10, Valiyad Side Kodur Panchayath","12-Mar-2025","15-Jan-2026","500223","Physical Inspection"
"398","Normal/Others","WS/MP096/2025-2026/181252-Construction of roads, link roads, pathways or any other road with or without drainage system","Kerala","MALAPPURAM(DISTRICT COLLECTOR MALAPPURAM_IDA)","Shri Abdul Wahab (2021-27) (2021-2027)","Elected MP","Construction of Churangara Tharayilpeedika parakuzhi road or  pathway, Ward No 15, Ozhur Panchayath","12-Mar-2025","14-Jan-2026","818016","Physical Inspection"
"399","Normal/Others","WS/MP096/2025-2026/181254-Construction of roads, link roads, pathways or any other road with or without drainage system","Kerala","MALAPPURAM(DISTRICT COLLECTOR MALAPPURAM_IDA)","Shri Abdul Wahab (2021-27) (2021-2027)","Elected MP","Puliyakkode Sadh Gramam Road Side Protection and Puliyakkode Sadh Gramam Vayal Road Concrete and Side Protection, Ward No.05,Porur Panchayath","12-Mar-2025","15-Jan-2026","1122289","Physical Inspection"
"400","Normal/Others","WS/MP096/2025-2026/181257-Construction of roads, link roads, pathways or any other road with or without drainage system","Kerala","MALAPPURAM(DISTRICT COLLECTOR MALAPPURAM_IDA)","Shri Abdul Wahab (2021-27) (2021-2027)","Elected MP","Construction of Kunnummal colony - Puthan peedikathodika road or pathway, Ward No.08, Thazhekode Panchayat","12-Mar-2025","14-Jan-2026","1000000","Sanction"
"401","Normal/Others","WS/MP096/2025-2026/181921-Construction of roads, link roads, pathways or any other road with or without drainage system","Kerala","KASARAGOD(DISTRICT COLLECTOR KASARAGOD_IDA)","Shri Abdul Wahab (2021-27) (2021-2027)","Elected MP","Construction of Arnagude SC Colony road or pathway, ward no.03, Mogral Puthur Panchayat","14-Mar-2025","10-Jan-2026","1000000","Sanction"
"402","Normal/Others","WS/MP096/2025-2026/181922-Construction of roads, link roads, pathways or any other road with or without drainage system","Kerala","KASARAGOD(DISTRICT COLLECTOR KASARAGOD_IDA)","Shri Abdul Wahab (2021-27) (2021-2027)","Elected MP","Construction of Vayalodi SC Colony road or pathway, ward no.18, Thrikkarippur Panchayat","14-Mar-2025","09-Jan-2026","700000","Sanction"
"403","Normal/Others","WS/MP096/2024-2025/182031-Construction of roads, link roads, pathways or any other road with or without drainage system","Kerala","IDUKKI(DISTRICT COLLECTOR IDUKKI_IDA)","Shri Abdul Wahab (2021-27) (2021-2027)","Elected MP","Construction of Kuthirayalakkudi - View point road or pathway, Ward No.07, Adimaly Panchayat","15-Mar-2025","26-Mar-2025","1458585","Physical Inspection"
"404","Normal/Others","WS/MP096/2025-2026/182034-Construction of roads, link roads, pathways or any other road with or without drainage system","Kerala","ALAPPUZHA(DISTRICT COLLECTOR ALAPPUZHA_IDA)","Shri Abdul Wahab (2021-27) (2021-2027)","Elected MP","Construction of Panoor Pallimukku beach road or pathway, ward no.14, Thrikkunnappuzha panchayath","15-Mar-2025","13-Feb-2026","700000","Sanction"
"405","Normal/Others","WS/MP096/2025-2026/182239-Construction of roads, link roads, pathways or any other road with or without drainage system","Kerala","THIRUVANANTHAPURAM(DISTRICT COLLECTOR THIRUVANANTHAPURAM_IDA)","Shri Abdul Wahab (2021-27) (2021-2027)","Elected MP","Construction of Meeranvettikarikkakam - Chathimangalam - Kattilakuzhi road or pathway, Ward No.10, Peringammala Panchayat","16-Mar-2025","12-Jan-2026","793821","Physical Inspection"
"406","Normal/Others","WS/MP096/2025-2026/182241-Construction of roads, link roads, pathways or any other road with or without drainage system","Kerala","THIRUVANANTHAPURAM(DISTRICT COLLECTOR THIRUVANANTHAPURAM_IDA)","Shri Abdul Wahab (2021-27) (2021-2027)","Elected MP","Construction of Konganamkodu - Kochu Karikkaakam road or pathway, ward no.09, Panavoor Panchayat","16-Mar-2025","30-May-2025","998724","Physical Inspection"
"407","Normal/Others","WS/MP096/2026-2027/182245-Construction of roads, link roads, pathways or any other road with or without drainage system","Kerala","KOZHIKODE(DISTRICT COLLECTOR KOZHIKODE_IDA)","Shri Abdul Wahab (2021-27) (2021-2027)","Elected MP","Construction of Nalupurkkal  - Puzhakkarantavida Puzhayoram road or pathway, ward no.36, Vatakara Municipality","16-Mar-2025","23-Jul-2026","1000000","Work partially Completed"
"408","Normal/Others","WS/MP096/2025-2026/182268-Construction of roads, link roads, pathways or any other road with or without drainage system","Kerala","MALAPPURAM(DISTRICT COLLECTOR MALAPPURAM_IDA)","Shri Abdul Wahab (2021-27) (2021-2027)","Elected MP","Construction of Kuttpulikkal road or pathway, Ward No.03, Anakkayam Panchayath","16-Mar-2025","14-Jan-2026","288130","Physical Inspection"
"409","Normal/Others","WS/MP096/2025-2026/182269-Construction of roads, link roads, pathways or any other road with or without drainage system","Kerala","MALAPPURAM(DISTRICT COLLECTOR MALAPPURAM_IDA)","Shri Abdul Wahab (2021-27) (2021-2027)","Elected MP","Construction of Neendarathil Colony Mattai road or pathway, Ward No.03, Pookottur Panchayath","16-Mar-2025","14-Jan-2026","474937","Physical Inspection"
"410","Normal/Others","WS/MP096/2025-2026/182270-Construction of roads, link roads, pathways or any other road with or without drainage system","Kerala","KOLLAM(DISTRICT COLLECTOR KOLLAM_IDA)","Shri Abdul Wahab (2021-27) (2021-2027)","Elected MP","Construction of Tharavattathu - Kannankara Road or Pathway, Ward No.23, Thevalakkara Panchayat","16-Mar-2025","14-Jul-2025","500000","Physical Inspection"
"411","Normal/Others","WS/MP096/2025-2026/182271-Construction of roads, link roads, pathways or any other road with or without drainage system","Kerala","KOLLAM(DISTRICT COLLECTOR KOLLAM_IDA)","Shri Abdul Wahab (2021-27) (2021-2027)","Elected MP","Construction of Kodampil - Kallelibhagam road or pathway, Ward No.23, Thevalakkara Panchayat","16-Mar-2025","14-Jul-2025","500000","Physical Inspection"
"412","Normal/Others","WS/MP18329/2025-2026/204772-Construction of roads, link roads, pathways or any other road with or without drainage system","Kerala","KOTTAYAM(DISTRICT COLLECTOR KOTTAYAM_IDA)","Shri Haris Beeran (2024-30) (2024-2030)","Elected MP","Construction of Gulmohar Road   Concrete Work","29-May-2025","15-Jul-2025","500000","Physical Inspection"
"413","Normal/Others","WS/MP18329/2025-2026/204776-Construction of roads, link roads, pathways or any other road with or without drainage system","Kerala","KOTTAYAM(DISTRICT COLLECTOR KOTTAYAM_IDA)","Shri Haris Beeran (2024-30) (2024-2030)","Elected MP","Vanchikappara  -  Podippara Road Construction","29-May-2025","12-Sep-2025","500000","Physical Inspection"
"414","Normal/Others","WS/MP18329/2025-2026/205429-Construction of roads, link roads, pathways or any other road with or without drainage system","Kerala","THIRUVANANTHAPURAM(DISTRICT COLLECTOR THIRUVANANTHAPURAM_IDA)","Shri Haris Beeran (2024-30) (2024-2030)","Elected MP","Construction of the Pallinada Uppu Veetil Road","01-Jun-2025","12-Jan-2026","500000","Sanction"
"415","Normal/Others","WS/MP18329/2025-2026/205432-Construction of roads, link roads, pathways or any other road with or without drainage system","Kerala","THIRUVANANTHAPURAM(DISTRICT COLLECTOR THIRUVANANTHAPURAM_IDA)","Shri Haris Beeran (2024-30) (2024-2030)","Elected MP","EezhakottKonnamv  Vattavila Road Concrete work","01-Jun-2025","12-Jan-2026","500000","Physical Inspection"
"416","Normal/Others","WS/MP18329/2025-2026/205434-Construction of roads, link roads, pathways or any other road with or without drainage system","Kerala","THIRUVANANTHAPURAM(DISTRICT COLLECTOR THIRUVANANTHAPURAM_IDA)","Shri Haris Beeran (2024-30) (2024-2030)","Elected MP","Construction of Panavoor Junction Parayadi Kottukonam Vallachira Road.","01-Jun-2025","12-Jan-2026","500000","Sanction"
"417","Normal/Others","WS/MP18329/2025-2026/205435-Construction of roads, link roads, pathways or any other road with or without drainage system","Kerala","THIRUVANANTHAPURAM(DISTRICT COLLECTOR THIRUVANANTHAPURAM_IDA)","Shri Haris Beeran (2024-30) (2024-2030)","Elected MP","Construction of Chittoor Kundaruppan Kadu Road.","01-Jun-2025","08-Aug-2025","420055","Physical Inspection"
"418","Normal/Others","WS/MP18329/2025-2026/205454-Construction of roads, link roads, pathways or any other road with or without drainage system","Kerala","ALAPPUZHA(DISTRICT COLLECTOR ALAPPUZHA_IDA)","Shri Haris Beeran (2024-30) (2024-2030)","Elected MP","Tile-laying and construction of Kundenkil - Vazhathattu New Road","01-Jun-2025","07-Mar-2026","500000","Sanction"
"419","Normal/Others","WS/MP18329/2025-2026/205455-Construction of roads, link roads, pathways or any other road with or without drainage system","Kerala","ALAPPUZHA(DISTRICT COLLECTOR ALAPPUZHA_IDA)","Shri Haris Beeran (2024-30) (2024-2030)","Elected MP","Tile-laying and construction of Kottoor Kadavu Road","01-Jun-2025","07-Mar-2026","500000","Sanction"
"420","Normal/Others","WS/MP18329/2026-2027/205457-Construction of roads, link roads, pathways or any other road with or without drainage system","Kerala","ALAPPUZHA(DISTRICT COLLECTOR ALAPPUZHA_IDA)","Shri Haris Beeran (2024-30) (2024-2030)","Elected MP","Construction of T.A. Abdul Qadir Koya Road","01-Jun-2025","16-May-2026","500000","Work partially Completed"
"421","Normal/Others","WS/MP18329/2025-2026/205460-Construction of roads, link roads, pathways or any other road with or without drainage system","Kerala","IDUKKI(DISTRICT COLLECTOR IDUKKI_IDA)","Shri Haris Beeran (2024-30) (2024-2030)","Elected MP","construction of Kotta choliyompuzha Road ,Ward 7 Vellanjira, of Kodikulam Panchayat, under Kodikulam Village in the Elamdesam Block, Idukki District.","01-Jun-2025","14-Jan-2026","500000","Vendor Identification"
"422","Normal/Others","WS/MP18329/2025-2026/205461-Construction of roads, link roads, pathways or any other road with or without drainage system","Kerala","IDUKKI(DISTRICT COLLECTOR IDUKKI_IDA)","Shri Haris Beeran (2024-30) (2024-2030)","Elected MP","Construction of a protection wall and tiling work on   Eenthunkal  Road ,Ward 14 Muthlakkodam, of Thodupuzha Municipality , Idukki District.","01-Jun-2025","04-Jul-2025","500000","Sanction"
"423","Repair and Renovation","WS/MP18329/2025-2026/205462-Construction of roads, link roads, pathways or any other road with or without drainage system","Kerala","IDUKKI(DISTRICT COLLECTOR IDUKKI_IDA)","Shri Haris Beeran (2024-30) (2024-2030)","Elected MP","Maintenance of  Idavetti Mailadumpara Road ,Ward 18 Maleparampil, of Thodupuzha Municipality , Idukki District.","17-Jun-2025","14-Jan-2026","500000","Sanction"
"424","Normal/Others","WS/MP18329/2025-2026/205464-Construction of roads, link roads, pathways or any other road with or without drainage system","Kerala","IDUKKI(DISTRICT COLLECTOR IDUKKI_IDA)","Shri Haris Beeran (2024-30) (2024-2030)","Elected MP","construction of Madathikandam padinjare veed  road , Ward 8  Vadakkumuri , of Thodupuzha Municipality , Idukki District.","05-Jun-2025","03-Jul-2025","500000","Work Completed"
"425","Normal/Others","WS/MP18329/2025-2026/205465-Construction of roads, link roads, pathways or any other road with or without drainage system","Kerala","IDUKKI(DISTRICT COLLECTOR IDUKKI_IDA)","Shri Haris Beeran (2024-30) (2024-2030)","Elected MP","Construction of KKP colony Branch -2 Road,Ward 13 idavetti north of idavetti Panchayat, under Karikkode Village in the Thodupuzha Block, Idukki District.","17-Jun-2025","14-Jan-2026","500000","Physical Inspection"
"426","Normal/Others","WS/MP18329/2025-2026/205466-Construction of roads, link roads, pathways or any other road with or without drainage system","Kerala","IDUKKI(DISTRICT COLLECTOR IDUKKI_IDA)","Shri Haris Beeran (2024-30) (2024-2030)","Elected MP","construction of Chanthanappara mangapara road,Ward 3 chenkulam, of vellathooval Panchayat, under Kunjithanni  Village in the Adimali Block, Idukki District.","17-Jun-2025","03-Jul-2025","500000","Sanction"
"427","Normal/Others","WS/MP18329/2025-2026/205467-Construction of roads, link roads, pathways or any other road with or without drainage system","Kerala","IDUKKI(DISTRICT COLLECTOR IDUKKI_IDA)","Shri Haris Beeran (2024-30) (2024-2030)","Elected MP","construction of Palakkadan koyikkal road colony Road,Ward 5 sasthampara, of idavetti Panchayat, under Karikode Village in the Thodupuzha Block, Idukki District.","17-Jun-2025","14-Jan-2026","500000","Sanction"
"428","Normal/Others","WS/MP18329/2025-2026/205469-Construction of roads, link roads, pathways or any other road with or without drainage system","Kerala","IDUKKI(DISTRICT COLLECTOR IDUKKI_IDA)","Shri Haris Beeran (2024-30) (2024-2030)","Elected MP","Construction of  Perumpillichira thekkekara link road,Ward 7 Perumpillichira   of Kumaramangalam Panchayat, under Kumaramangalam  Village in the Thodupuzha Block, Idukki District.","17-Jun-2025","14-Jan-2026","500000","Physical Inspection"
"429","Normal/Others","WS/MP18329/2025-2026/205470-Construction of roads, link roads, pathways or any other road with or without drainage system","Kerala","IDUKKI(DISTRICT COLLECTOR IDUKKI_IDA)","Shri Haris Beeran (2024-30) (2024-2030)","Elected MP","Construction of  Parekandam MS Colony Link Road,Ward 11 Marthoma  of Idavetti  Panchayat, under Karikkode Village in the Thodupuzha Block, Idukki District.","17-Jun-2025","14-Jan-2026","500000","Sanction"
"430","Normal/Others","WS/MP18329/2026-2027/205471-Construction of roads, link roads, pathways or any other road with or without drainage system","Kerala","IDUKKI(DISTRICT COLLECTOR IDUKKI_IDA)","Shri Haris Beeran (2024-30) (2024-2030)","Elected MP","Construction of  pathazhappara- palamala masjid Road ,Ward 5 Kallumari  of Kumaramangalam Panchayat, under Kumaramangalam  Village in the Thodupuzha Block, Idukki District.","01-Jun-2025","22-May-2026","500000","Sanction"
"431","Normal/Others","WS/MP18329/2025-2026/205473-Construction of roads, link roads, pathways or any other road with or without drainage system","Kerala","IDUKKI(DISTRICT COLLECTOR IDUKKI_IDA)","Shri Haris Beeran (2024-30) (2024-2030)","Elected MP","Construction on Undaplavu Priyam Road.Ward 15 Undaplavu, of Thodupuzha Municipality , Idukki District.","17-Jun-2025","14-Jan-2026","500000","Physical Inspection"
"432","Normal/Others","WS/MP18329/2025-2026/205536-Construction of roads, link roads, pathways or any other road with or without drainage system","Kerala","ERNAKULAM(DISTRICT COLLECTOR ERNAKULAM_IDA)","Shri Haris Beeran (2024-30) (2024-2030)","Elected MP","Construction of Seethi Sahib Memorial Road.","17-Jun-2025","04-Nov-2025","800000","Sanction"
"433","Normal/Others","WS/MP096/2025-2026/219360-Construction of roads, link roads, pathways or any other road with or without drainage system","Kerala","MALAPPURAM(DISTRICT COLLECTOR MALAPPURAM_IDA)","Shri Abdul Wahab (2021-27) (2021-2027)","Elected MP","Construction of Thalipadam  Kotamala road or pathway Ward No 03 Moothedam Panchayat","17-Jul-2025","14-Jan-2026","1000000","Sanction"
"434","Normal/Others","WS/MP096/2025-2026/219361-Construction of roads, link roads, pathways or any other road with or without drainage system","Kerala","MALAPPURAM(DISTRICT COLLECTOR MALAPPURAM_IDA)","Shri Abdul Wahab (2021-27) (2021-2027)","Elected MP","Construction of Poongalam kai  Kotamala road or pathway Ward No 15 Moothedam Panchayat","17-Jul-2025","14-Jan-2026","1000000","Sanction"
"435","Normal/Others","WS/MP096/2025-2026/219368-Construction of roads, link roads, pathways or any other road with or without drainage system","Kerala","MALAPPURAM(DISTRICT COLLECTOR MALAPPURAM_IDA)","Shri Abdul Wahab (2021-27) (2021-2027)","Elected MP","Construction of Vadakkan Paloor Karipankunnu road or pathway Pulamanthole Panchayat","17-Jul-2025","14-Jan-2026","500000","Sanction"
"436","Normal/Others","WS/MP096/2025-2026/219369-Construction of roads, link roads, pathways or any other road with or without drainage system","Kerala","MALAPPURAM(DISTRICT COLLECTOR MALAPPURAM_IDA)","Shri Abdul Wahab (2021-27) (2021-2027)","Elected MP","Construction of Parakkadavu quarry road or pathway Ward No 15 Pulamanthole Panchayat","17-Jul-2025","14-Jan-2026","500000","Sanction"
"437","Normal/Others","WS/MP096/2025-2026/219370-Construction of roads, link roads, pathways or any other road with or without drainage system","Kerala","MALAPPURAM(DISTRICT COLLECTOR MALAPPURAM_IDA)","Shri Abdul Wahab (2021-27) (2021-2027)","Elected MP","Construction of Chemmala pump house road or pathway Ward No 17 Pulamanthole Panchayat","17-Jul-2025","14-Jan-2026","500000","Sanction"
"438","Normal/Others","WS/MP096/2025-2026/219371-Construction of roads, link roads, pathways or any other road with or without drainage system","Kerala","MALAPPURAM(DISTRICT COLLECTOR MALAPPURAM_IDA)","Shri Abdul Wahab (2021-27) (2021-2027)","Elected MP","Construction of Chakkambalam - Kizhisheri road or pathway Ward No 08 Pulamanthole Panchayat","17-Jul-2025","14-Jan-2026","500000","Sanction"
"439","Normal/Others","WS/MP096/2025-2026/219372-Construction of roads, link roads, pathways or any other road with or without drainage system","Kerala","MALAPPURAM(DISTRICT COLLECTOR MALAPPURAM_IDA)","Shri Abdul Wahab (2021-27) (2021-2027)","Elected MP","Construction of Kolliyath Anganvadi road or pathway Ward No 17 Pulamanthole Panchayat","17-Jul-2025","14-Jan-2026","500000","Sanction"
"440","Repair and Renovation","WS/MP096/2026-2027/220579-Construction of roads, link roads, pathways or any other road with or without drainage system","Kerala","KOZHIKODE(DISTRICT COLLECTOR KOZHIKODE_IDA)","Shri Abdul Wahab (2021-27) (2021-2027)","Elected MP","Construction of Murichandi Thazhe - Kadameri UP School road or pathway, Ward No.06, Ayancheri Panchayat","21-Jul-2025","10-Aug-2026","1000000","Sanction"
"441","Normal/Others","WS/MP102/2025-2026/220924-Construction of roads, link roads, pathways or any other road with or without drainage system","Kerala","IDUKKI(DISTRICT COLLECTOR IDUKKI_IDA)","Smt. Jebi Mather Hisham (2022-28) (2022-2028)","Elected MP","Concreting of Kurangatty-Kottappara road, Ward 9, Adimaly Grama Panchayath","22-Jul-2025","14-Jan-2026","2000000","Sanction"
"442","Normal/Others","WS/MP096/2025-2026/220993-Construction of roads, link roads, pathways or any other road with or without drainage system","Kerala","MALAPPURAM(DISTRICT COLLECTOR MALAPPURAM_IDA)","Shri Abdul Wahab (2021-27) (2021-2027)","Elected MP","Construction of Puliyattukulam Smart road or pathway, Ward No.13, Kodur Panchayat","22-Jul-2025","15-Jan-2026","333280","Physical Inspection"
"443","Normal/Others","WS/MP096/2025-2026/220994-Construction of roads, link roads, pathways or any other road with or without drainage system","Kerala","MALAPPURAM(DISTRICT COLLECTOR MALAPPURAM_IDA)","Shri Abdul Wahab (2021-27) (2021-2027)","Elected MP","Construction of Malaparamb - Vallanchira road or pathway, Ward no. 14, Anakkayam Panchayat","22-Jul-2025","06-Mar-2026","400000","Sanction"
"444","Normal/Others","WS/MP096/2025-2026/220997-Construction of roads, link roads, pathways or any other road with or without drainage system","Kerala","MALAPPURAM(DISTRICT COLLECTOR MALAPPURAM_IDA)","Shri Abdul Wahab (2021-27) (2021-2027)","Elected MP","Construction of CNG Kalamkunnu road or pathway, Ward No.17, Vazhikadavu Panchayat","22-Jul-2025","14-Jan-2026","500000","Time Estimation"
"445","Normal/Others","WS/MP096/2025-2026/220998-Construction of roads, link roads, pathways or any other road with or without drainage system","Kerala","MALAPPURAM(DISTRICT COLLECTOR MALAPPURAM_IDA)","Shri Abdul Wahab (2021-27) (2021-2027)","Elected MP","Construction of Pokkattukuzhi  Perunnamkunnu Link road or pathway, ward no.04, Irimbiliyam Panchayat","22-Jul-2025","14-Jan-2026","770929","Physical Inspection"
"446","Repair and Renovation","WS/MP096/2026-2027/221003-Construction of roads, link roads, pathways or any other road with or without drainage system","Kerala","MALAPPURAM(DISTRICT COLLECTOR MALAPPURAM_IDA)","Shri Abdul Wahab (2021-27) (2021-2027)","Elected MP","Construction of Onnapuda Cheerambathur Parappil road or pathway, Ward No.05, Moorkkanad Panchayat","22-Jul-2025","16-Jul-2026","1500000","Sanction"
"447","Normal/Others","WS/MP096/2025-2026/221007-Construction of roads, link roads, pathways or any other road with or without drainage system","Kerala","MALAPPURAM(DISTRICT COLLECTOR MALAPPURAM_IDA)","Shri Abdul Wahab (2021-27) (2021-2027)","Elected MP","Construction of Njanjipoyi - Elassery road or pathway, ward no.19, Urgattiri Panchayat","22-Jul-2025","15-Jan-2026","500000","Sanction"
"448","Normal/Others","WS/MP096/2025-2026/221008-Construction of roads, link roads, pathways or any other road with or without drainage system","Kerala","MALAPPURAM(DISTRICT COLLECTOR MALAPPURAM_IDA)","Shri Abdul Wahab (2021-27) (2021-2027)","Elected MP","Construction of Palode - Mulanppilakkal road or pathway, ward no.19, Urgattiri Panchayat","22-Jul-2025","15-Jan-2026","256570","Physical Inspection"
"449","Normal/Others","WS/MP096/2025-2026/221013-Construction of roads, link roads, pathways or any other road with or without drainage system","Kerala","MALAPPURAM(DISTRICT COLLECTOR MALAPPURAM_IDA)","Shri Abdul Wahab (2021-27) (2021-2027)","Elected MP","Construction of Parammal Anganvadi - Parachina road or pathway, ward no. 12, Kodur Panchayat","22-Jul-2025","15-Jan-2026","399174","Physical Inspection"
"450","Normal/Others","WS/MP100/2025-2026/221546-Construction of roads, link roads, pathways or any other road with or without drainage system","Kerala","IDUKKI(DISTRICT COLLECTOR IDUKKI_IDA)","Shri Jose K. Mani (2024-30) (2024-2030)","Elected MP","Construction of Kochukarimtharuvi Kizhakkechemmannu Road","23-Jul-2025","14-Jan-2026","500000","Physical Inspection"
"451","Repair and Renovation","WS/MP100/2026-2027/221547-Construction of roads, link roads, pathways or any other road with or without drainage system","Kerala","IDUKKI(DISTRICT COLLECTOR IDUKKI_IDA)","Shri Jose K. Mani (2024-30) (2024-2030)","Elected MP","Construction of Ezhukumvayal Govt High School Road","23-Jul-2025","23-May-2026","400000","Sanction"
"452","Normal/Others","WS/MP095/2025-2026/222701-Construction of roads, link roads, pathways or any other road with or without drainage system","Kerala","THIRUVANANTHAPURAM(DISTRICT COLLECTOR THIRUVANANTHAPURAM_IDA)","Shri A. A. Rahim (2022-28) (2022-2028)","Elected MP","Mahadeveshvaram - aayiravalli road, pappala ward -16, pazhayakunnummel GP","27-Jul-2025","07-Jan-2026","1279328","Physical Inspection"
"453","Normal/Others","WS/MP095/2025-2026/222702-Construction of roads, link roads, pathways or any other road with or without drainage system","Kerala","THIRUVANANTHAPURAM(DISTRICT COLLECTOR THIRUVANANTHAPURAM_IDA)","Shri A. A. Rahim (2022-28) (2022-2028)","Elected MP","parakkada- vattakaitha road, chempakaseeri ward -3,pazhayakunnumel gp","27-Jul-2025","31-Jul-2025","2000000","Physical Inspection"
"454","Normal/Others","WS/MP102/2025-2026/223130-Construction of roads, link roads, pathways or any other road with or without drainage system","Kerala","MALAPPURAM(DISTRICT COLLECTOR MALAPPURAM_IDA)","Smt. Jebi Mather Hisham (2022-28) (2022-2028)","Elected MP","Construction of Mambrakunn SC Colony Road, Ward 6, Oothalakunnu, Thuvvur Grama Panchayath","29-Jul-2025","16-Jan-2026","600000","Sanction"
"455","Normal/Others","WS/MP102/2025-2026/223136-Construction of roads, link roads, pathways or any other road with or without drainage system","Kerala","MALAPPURAM(DISTRICT COLLECTOR MALAPPURAM_IDA)","Smt. Jebi Mather Hisham (2022-28) (2022-2028)","Elected MP","Construction of Thanipadam SC Nagar - Arimanal Road, Kalikavu Grama Panchayath","29-Jul-2025","16-Jan-2026","500000","Sanction"
"456","Normal/Others","WS/MP102/2025-2026/223201-Construction of roads, link roads, pathways or any other road with or without drainage system","Kerala","MALAPPURAM(DISTRICT COLLECTOR MALAPPURAM_IDA)","Smt. Jebi Mather Hisham (2022-28) (2022-2028)","Elected MP","Construction of Vazhathoppe - George Road, Ward 13, Nilambur, Nilambur Municipality","29-Jul-2025","01-Sep-2025","191437","Physical Inspection"
"457","Normal/Others","WS/MP102/2026-2027/223202-Construction of roads, link roads, pathways or any other road with or without drainage system","Kerala","MALAPPURAM(DISTRICT COLLECTOR MALAPPURAM_IDA)","Smt. Jebi Mather Hisham (2022-28) (2022-2028)","Elected MP","Construction of Kalimuthappankavu Kooppilavilpotti Link Road, Ward 28, Nilambur, Nilambur Municipality","29-Jul-2025","23-May-2026","199001","Physical Inspection"
"458","Normal/Others","WS/MP102/2025-2026/223203-Construction of roads, link roads, pathways or any other road with or without drainage system","Kerala","MALAPPURAM(DISTRICT COLLECTOR MALAPPURAM_IDA)","Smt. Jebi Mather Hisham (2022-28) (2022-2028)","Elected MP","Construction of Rajeev Gandhi Road, Ward 17, Nilambur, Nilambur Municipality","29-Jul-2025","01-Sep-2025","220000","Physical Inspection"
"459","Normal/Others","WS/MP102/2026-2027/223204-Construction of roads, link roads, pathways or any other road with or without drainage system","Kerala","MALAPPURAM(DISTRICT COLLECTOR MALAPPURAM_IDA)","Smt. Jebi Mather Hisham (2022-28) (2022-2028)","Elected MP","Construction of PMGSY Khadi - Thekkumpadam Anganwadi link road, Ward 18, Nilambur, Nilambur Municipality","29-Jul-2025","23-May-2026","180637","Physical Inspection"
"460","Normal/Others","WS/MP102/2025-2026/223206-Construction of roads, link roads, pathways or any other road with or without drainage system","Kerala","MALAPPURAM(DISTRICT COLLECTOR MALAPPURAM_IDA)","Smt. Jebi Mather Hisham (2022-28) (2022-2028)","Elected MP","Construction of Nayadampoyil ST Colony - Pottanpara Road, Chaliyar Grama Panchayath","29-Jul-2025","15-Nov-2025","847438","Physical Inspection"
"461","Normal/Others","WS/MP102/2025-2026/223590-Construction of roads, link roads, pathways or any other road with or without drainage system","Kerala","MALAPPURAM(DISTRICT COLLECTOR MALAPPURAM_IDA)","Smt. Jebi Mather Hisham (2022-28) (2022-2028)","Elected MP","Construction of Athani - Pothusmashanam Road, Wandoor Grama Panchayath","31-Jul-2025","14-Jan-2026","798800","Physical Inspection"
"462","Normal/Others","WS/MP102/2025-2026/223591-Construction of roads, link roads, pathways or any other road with or without drainage system","Kerala","MALAPPURAM(DISTRICT COLLECTOR MALAPPURAM_IDA)","Smt. Jebi Mather Hisham (2022-28) (2022-2028)","Elected MP","Construction of Kandamangalam - Melekunnu Road, Thiruvali Grama Panchayath","31-Jul-2025","14-Jan-2026","528176","Physical Inspection"
"463","Normal/Others","WS/MP102/2025-2026/223592-Construction of roads, link roads, pathways or any other road with or without drainage system","Kerala","MALAPPURAM(DISTRICT COLLECTOR MALAPPURAM_IDA)","Smt. Jebi Mather Hisham (2022-28) (2022-2028)","Elected MP","Construction of Parasseri - Oothalakottil Vijayan Road, Kalikavu Grama Panchayath","31-Jul-2025","16-Jan-2026","500000","Sanction"
"464","Normal/Others","WS/MP102/2025-2026/223593-Construction of roads, link roads, pathways or any other road with or without drainage system","Kerala","MALAPPURAM(DISTRICT COLLECTOR MALAPPURAM_IDA)","Smt. Jebi Mather Hisham (2022-28) (2022-2028)","Elected MP","Construction of Vadapuram - Palaparambu - UP School Road, Mampad Grama Panchayath","31-Jul-2025","06-Mar-2026","500000","Sanction"
"465","Normal/Others","WS/MP102/2025-2026/223594-Construction of roads, link roads, pathways or any other road with or without drainage system","Kerala","MALAPPURAM(DISTRICT COLLECTOR MALAPPURAM_IDA)","Smt. Jebi Mather Hisham (2022-28) (2022-2028)","Elected MP","Renovation of Kattumunda LP School - Nagar Road (Interlock), Mampad Grama Panchayath","31-Jul-2025","14-Jan-2026","810168","Physical Inspection"
"466","Repair and Renovation","WS/MP096/2026-2027/224564-Construction of roads, link roads, pathways or any other road with or without drainage system","Kerala","KANNUR(DISTRICT COLLECTOR KANNUR_IDA)","Shri Abdul Wahab (2021-27) (2021-2027)","Elected MP","Repair and Renovation of Kallushap Kottali road or pathway, Ward no 13, Kolachery Panchayat","03-Aug-2025","07-Aug-2026","1000000","Sanction"
"467","Normal/Others","WS/MP096/2025-2026/224566-Construction of roads, link roads, pathways or any other road with or without drainage system","Kerala","KANNUR(DISTRICT COLLECTOR KANNUR_IDA)","Shri Abdul Wahab (2021-27) (2021-2027)","Elected MP","Construction of Muzhakunnu - Vilakkode Shihab Thangal road or pathway, Muzhakkunnu Panchayat","03-Aug-2025","11-Nov-2025","1500000","Work partially Completed"
"468","Normal/Others","WS/MP096/2025-2026/224568-Construction of roads, link roads, pathways or any other road with or without drainage system","Kerala","KANNUR(DISTRICT COLLECTOR KANNUR_IDA)","Shri Abdul Wahab (2021-27) (2021-2027)","Elected MP","Construction of Mahathma Gandhi Aniyaram gas house canal road or pathway, Ward no 34, Panoor Municipality","03-Aug-2025","23-Jan-2026","1000000","Sanction"
"469","Normal/Others","WS/MP101/2026-2027/226446-Construction of roads, link roads, pathways or any other road with or without drainage system","Kerala","KANNUR(DISTRICT COLLECTOR KANNUR_IDA)","Shri Sandosh Kumar P (2022-28) (2022-2028)","Elected MP","CONSTRUCTION OF KANIYAR VAYAL-CHERULAD MALA ROAD","12-Aug-2025","14-May-2026","500000","Physical Inspection"
"470","Normal/Others","WS/MP100/2026-2027/227309-Construction of roads, link roads, pathways or any other road with or without drainage system","Kerala","KOTTAYAM(DISTRICT COLLECTOR KOTTAYAM_IDA)","Shri Jose K. Mani (2024-30) (2024-2030)","Elected MP","Concreting of Vellani Top Road Category ST","16-Aug-2025","19-Aug-2026","1500000","Sanction"
"471","Normal/Others","WS/MP101/2025-2026/149421-Lighting of public spaces","Kerala","KANNUR(DISTRICT COLLECTOR KANNUR_IDA)","Shri Sandosh Kumar P (2022-28) (2022-2028)","Elected MP","Installation of high mas light at Tsunami colony, ward no. 17, in madayi Grama panchayath","25-Oct-2024","06-Mar-2026","400000","Physical Inspection"
"472","Normal/Others","WS/MP101/2025-2026/149422-Lighting of public spaces","Kerala","KANNUR(DISTRICT COLLECTOR KANNUR_IDA)","Shri Sandosh Kumar P (2022-28) (2022-2028)","Elected MP","Installation of high mast light near Chittaraparamba Govt. Higher secondary school in chittariparamba Grama Panchayath","25-Oct-2024","10-Jul-2025","382737","Physical Inspection"
"473","Normal/Others","WS/MP096/2025-2026/156041-Lighting of public spaces","Kerala","MALAPPURAM(DISTRICT COLLECTOR MALAPPURAM_IDA)","Shri Abdul Wahab (2021-27) (2021-2027)","Elected MP","Installation of High Mast light in front of Amal College of Advanced Studies, Myladi. Ward No 08, Chaliyar Panchayath","30-Nov-2024","17-Mar-2026","565870","Physical Inspection"
"474","Normal/Others","WS/MP100/2025-2026/158018-Lighting of public spaces","Kerala","KOTTAYAM(DISTRICT COLLECTOR KOTTAYAM_IDA)","Shri Jose K. Mani (2024-30) (2024-2030)","Elected MP","Installation of Mini Mast Light at Amanakara Jn Starting Point of Methiri  Poovakkulam Road","11-Dec-2024","22-Oct-2025","167957","Physical Inspection"
"475","Normal/Others","WS/MP100/2025-2026/158038-Lighting of public spaces","Kerala","IDUKKI(DISTRICT COLLECTOR IDUKKI_IDA)","Shri Jose K. Mani (2024-30) (2024-2030)","Elected MP","Installation of Mini Mast Light Kanayankavayal – Matha Kurisady area","11-Dec-2024","14-Jan-2026","200000","Sanction"
"476","Normal/Others","WS/MP100/2025-2026/158040-Lighting of public spaces","Kerala","KOTTAYAM(DISTRICT COLLECTOR KOTTAYAM_IDA)","Shri Jose K. Mani (2024-30) (2024-2030)","Elected MP","Installation of Mini Mast Light at Mannakkanad Valiyapara Junction","11-Dec-2024","24-Sep-2025","167946","Physical Inspection"
"477","Normal/Others","WS/MP100/2025-2026/158049-Lighting of public spaces","Kerala","PALAKKAD(DISTRICT COLLECTOR PALAKKAD_IDA)","Shri Jose K. Mani (2024-30) (2024-2030)","Elected MP","Installation of Mini Mast Light at Kadambazhippuram Church Junction","11-Dec-2024","13-Jan-2026","188349","Physical Inspection"
"478","Normal/Others","WS/MP100/2025-2026/158079-Lighting of public spaces","Kerala","IDUKKI(DISTRICT COLLECTOR IDUKKI_IDA)","Shri Jose K. Mani (2024-30) (2024-2030)","Elected MP","Installation of Mini Mast Light at Rajakkad Town (Near Bus Stand)","11-Dec-2024","16-Jun-2025","169846","Physical Inspection"
"479","Normal/Others","WS/MP100/2024-2025/160440-Lighting of public spaces","Kerala","KOTTAYAM(DISTRICT COLLECTOR KOTTAYAM_IDA)","Shri Jose K. Mani (2024-30) (2024-2030)","Elected MP","Installation of High Mast Light at St Michaels School Junction Pravithanam","20-Dec-2024","29-Mar-2025","335001","Physical Inspection"
"480","Normal/Others","WS/MP100/2025-2026/160442-Lighting of public spaces","Kerala","KOTTAYAM(DISTRICT COLLECTOR KOTTAYAM_IDA)","Shri Jose K. Mani (2024-30) (2024-2030)","Elected MP","Installation of Mini Mast Light at Vallichira Cherukara Junction","20-Dec-2024","24-Sep-2025","200000","Sanction"
"481","Normal/Others","WS/MP18405/2025-2026/161659-Lighting of public spaces","Kerala","KOLLAM(DISTRICT COLLECTOR KOLLAM_IDA)","Shri P. P. Suneer (2024-30) (2024-2030)","Elected MP","Installation of Solar HighMast Light near Gandhi Bhavan ,Ward-13 Moolakkada of Pathanapuram GP","05-Jan-2025","27-Jan-2026","450000","Sanction"
"482","Normal/Others","WS/MP18405/2025-2026/161660-Lighting of public spaces","Kerala","ERNAKULAM(DISTRICT COLLECTOR ERNAKULAM_IDA)","Shri P. P. Suneer (2024-30) (2024-2030)","Elected MP","Installation of Solar High Mast LIght at Pookattupadi Junction of Ward-10 (Malekkapadi )of Edathala GP","05-Jan-2025","04-Jul-2025","449000","Physical Inspection"
"483","Normal/Others","WS/MP18405/2025-2026/161661-Lighting of public spaces","Kerala","KOLLAM(DISTRICT COLLECTOR KOLLAM_IDA)","Shri P. P. Suneer (2024-30) (2024-2030)","Elected MP","Solar Mini Mast Light Installation at Junction infront of Karuva Muslim Jama-ath at Stadium Ward ,Thrikkaruva GP","05-Jan-2025","17-Jan-2026","300000","Vendor Identification"
"484","Normal/Others","WS/MP18405/2025-2026/161662-Lighting of public spaces","Kerala","ALAPPUZHA(DISTRICT COLLECTOR ALAPPUZHA_IDA)","Shri P. P. Suneer (2024-30) (2024-2030)","Elected MP","Solar Mini Mast Light Installation at Chala Junction of Ward-15,Thripperunthura GP","05-Jan-2025","05-Jan-2026","300000","Sanction"
"485","Normal/Others","WS/MP102/2026-2027/163266-Lighting of public spaces","Kerala","KOZHIKODE(DISTRICT COLLECTOR KOZHIKODE_IDA)","Smt. Jebi Mather Hisham (2022-28) (2022-2028)","Elected MP","Installation of Mini Mast Light - Chennamangaloor Town, Mukkam","02-Jan-2025","14-May-2026","250000","Physical Inspection"
"486","Normal/Others","WS/MP18405/2025-2026/163630-Lighting of public spaces","Kerala","MALAPPURAM(DISTRICT COLLECTOR MALAPPURAM_IDA)","Shri P. P. Suneer (2024-30) (2024-2030)","Elected MP","Installation of Solar Low Mast light at Veluthirankunnu-Vattapparamba-Moolupilakkal Junction of kizhakkechungam ward(ward-26 )Kondotty Municipality","11-Jan-2025","03-Jul-2025","295528","Physical Inspection"
"487","Normal/Others","WS/MP18405/2025-2026/163631-Lighting of public spaces","Kerala","MALAPPURAM(DISTRICT COLLECTOR MALAPPURAM_IDA)","Shri P. P. Suneer (2024-30) (2024-2030)","Elected MP","Installation of Solar Mini Mast Light at Town Hall Junction of ward-33,Manjeri Municipality","11-Jan-2025","11-Nov-2025","293975","Physical Inspection"
"488","Normal/Others","WS/MP18405/2025-2026/163632-Lighting of public spaces","Kerala","MALAPPURAM(DISTRICT COLLECTOR MALAPPURAM_IDA)","Shri P. P. Suneer (2024-30) (2024-2030)","Elected MP","Installation Of Solar MiniMast Light at KSEB Road -Poovattukundu Road Junction","11-Jan-2025","11-Nov-2025","293974","Physical Inspection"
"489","Normal/Others","WS/MP18405/2024-2025/163636-Lighting of public spaces","Kerala","MALAPPURAM(DISTRICT COLLECTOR MALAPPURAM_IDA)","Shri P. P. Suneer (2024-30) (2024-2030)","Elected MP","Solar Mini Mast Light at Velyancode Public health Center Area at Ward-12 Kothamukku","11-Jan-2025","13-Feb-2025","293974","Physical Inspection"
"490","Normal/Others","WS/MP18405/2024-2025/163637-Lighting of public spaces","Kerala","MALAPPURAM(DISTRICT COLLECTOR MALAPPURAM_IDA)","Shri P. P. Suneer (2024-30) (2024-2030)","Elected MP","Solar Mini Mast Light at Kodancheri Juma Masjid Area at Ward-12 Marancheri GP","11-Jan-2025","18-Feb-2025","293974","Physical Inspection"
"491","Normal/Others","WS/MP102/2026-2027/168457-Lighting of public spaces","Kerala","KOZHIKODE(DISTRICT COLLECTOR KOZHIKODE_IDA)","Smt. Jebi Mather Hisham (2022-28) (2022-2028)","Elected MP","Installation of Minimast Light - Pulparambu Chennamangaloor Road near Good Hope School, Chennamangaloor, Mukkam","23-Jan-2025","14-May-2026","250000","Physical Inspection"
"492","Normal/Others","WS/MP18405/2025-2026/168805-Lighting of public spaces","Kerala","KOTTAYAM(DISTRICT COLLECTOR KOTTAYAM_IDA)","Shri P. P. Suneer (2024-30) (2024-2030)","Elected MP","Installation of Solar High Mast Light at Kottayam- Karappuzha-Vaikkom Road Junction at ward-28 of Kottayam Municipality","25-Jan-2025","25-Sep-2025","450000","Physical Inspection"
"493","Normal/Others","WS/MP18405/2025-2026/168806-Lighting of public spaces","Kerala","WAYANAD(DISTRICT COLLECTOR WAYANAD_IDA)","Shri P. P. Suneer (2024-30) (2024-2030)","Elected MP","Installation of  Solar HighMast Light at Turkey-Narayanakandi-Anganawadi Junction of Ward-25 (Turkey)of Kalpetta Municipality","25-Jan-2025","30-Jan-2026","450000","Physical Inspection"
"494","Normal/Others","WS/MP18405/2025-2026/169004-Lighting of public spaces","Kerala","MALAPPURAM(DISTRICT COLLECTOR MALAPPURAM_IDA)","Shri P. P. Suneer (2024-30) (2024-2030)","Elected MP","Installation of  Solar MiniMast Light at Pandikkad Kudukk-Parammelkandi Sc Nagar Junction-Ward-9,Kondotty Municipality","25-Jan-2025","14-Jan-2026","300000","Sanction"
"495","Normal/Others","WS/MP18405/2025-2026/169005-Lighting of public spaces","Kerala","MALAPPURAM(DISTRICT COLLECTOR MALAPPURAM_IDA)","Shri P. P. Suneer (2024-30) (2024-2030)","Elected MP","Solar MiniMast Light Installation at Nilapparambu -Kakkerikulambu Road Junction,ward-13,Othukkungal Grama Panchayat","25-Jan-2025","04-Jul-2025","293974","Physical Inspection"
"496","Normal/Others","WS/MP18405/2025-2026/169040-Lighting of public spaces","Kerala","MALAPPURAM(DISTRICT COLLECTOR MALAPPURAM_IDA)","Shri P. P. Suneer (2024-30) (2024-2030)","Elected MP","Installation of Solar MiniMast Light at Mattida Colony-Kovilakam Road Juntion of ward-33 of Manjeri Municipality","25-Jan-2025","11-Nov-2025","293975","Physical Inspection"
"497","Normal/Others","WS/MP18405/2025-2026/169041-Lighting of public spaces","Kerala","MALAPPURAM(DISTRICT COLLECTOR MALAPPURAM_IDA)","Shri P. P. Suneer (2024-30) (2024-2030)","Elected MP","Installation of Solar  MiniMast Light at Kattungal(Manjeri-Malappuram Main Road-Near Pump House at   Kallada puzha area ) in ward-7 of Malappuram Municipality","25-Jan-2025","16-Jan-2026","300000","Physical Inspection"
"498","Normal/Others","WS/MP096/2025-2026/170289-Lighting of public spaces","Kerala","KASARAGOD(DISTRICT COLLECTOR KASARAGOD_IDA)","Shri Abdul Wahab (2021-27) (2021-2027)","Elected MP","Setting up of Low mast light near Aazhithala Friday Cultural Centre, ward No. 25, Nileshwar Municipality","29-Jan-2025","23-Apr-2025","200000","Sanction"
"499","Normal/Others","WS/MP100/2025-2026/172454-Lighting of public spaces","Kerala","KOTTAYAM(DISTRICT COLLECTOR KOTTAYAM_IDA)","Shri Jose K. Mani (2024-30) (2024-2030)","Elected MP","Installation of Mini Mast Light at Nechipuzhoor Elapozhuthu Temple area","04-Feb-2025","21-Oct-2025","200000","Sanction"
"500","Normal/Others","WS/MP102/2024-2025/173957-Lighting of public spaces","Kerala","KOZHIKODE(DISTRICT COLLECTOR KOZHIKODE_IDA)","Smt. Jebi Mather Hisham (2022-28) (2022-2028)","Elected MP","Installation of High Mast Light Near to Rajana Library Kalarikandi Road, Karassery Grama Panchayath","06-Feb-2025","13-Mar-2025","449249","Physical Inspection"
"501","Normal/Others","WS/MP096/2024-2025/174069-Lighting of public spaces","Kerala","KOLLAM(DISTRICT COLLECTOR KOLLAM_IDA)","Shri Abdul Wahab (2021-27) (2021-2027)","Elected MP","Setting up of mini mast light at Perumburam junction, Ward no. 16, Velinalloor Panchayat","07-Feb-2025","15-Mar-2025","169597","Physical Inspection"
"502","Normal/Others","WS/MP096/2024-2025/174070-Lighting of public spaces","Kerala","KOLLAM(DISTRICT COLLECTOR KOLLAM_IDA)","Shri Abdul Wahab (2021-27) (2021-2027)","Elected MP","Setting up of mini mast light at Pulikudi junction, Ward no. 06, Velinalloor Panchayat","07-Feb-2025","15-Mar-2025","169597","Physical Inspection"
"503","Normal/Others","WS/MP096/2024-2025/174073-Lighting of public spaces","Kerala","KOLLAM(DISTRICT COLLECTOR KOLLAM_IDA)","Shri Abdul Wahab (2021-27) (2021-2027)","Elected MP","Setting up of mini mast light at Aalinmood junction, Ward no. 19, Thrikkovilvattam Panchayat","07-Feb-2025","15-Mar-2025","234500","Physical Inspection"
"504","Normal/Others","WS/MP096/2024-2025/174870-Lighting of public spaces","Kerala","KOLLAM(DISTRICT COLLECTOR KOLLAM_IDA)","Shri Abdul Wahab (2021-27) (2021-2027)","Elected MP","Setting up of mini mast light at Kunnoothara Mukku, Ward no. 02, Padinjarekallada Panchayat","11-Feb-2025","15-Mar-2025","295500","Physical Inspection"
"505","Normal/Others","WS/MP102/2025-2026/174968-Lighting of public spaces","Kerala","MALAPPURAM(DISTRICT COLLECTOR MALAPPURAM_IDA)","Smt. Jebi Mather Hisham (2022-28) (2022-2028)","Elected MP","Installation of High Mast Light West Pathanapuram","11-Feb-2025","21-Aug-2025","378914","Physical Inspection"
"506","Normal/Others","WS/MP102/2025-2026/174969-Lighting of public spaces","Kerala","MALAPPURAM(DISTRICT COLLECTOR MALAPPURAM_IDA)","Smt. Jebi Mather Hisham (2022-28) (2022-2028)","Elected MP","Installation of High Mast Light at Panampilavu town, Urangattiri Grama Panchayath","11-Feb-2025","21-Aug-2025","375413","Physical Inspection"
"507","Normal/Others","WS/MP102/2024-2025/174970-Lighting of public spaces","Kerala","MALAPPURAM(DISTRICT COLLECTOR MALAPPURAM_IDA)","Smt. Jebi Mather Hisham (2022-28) (2022-2028)","Elected MP","Installation of High Mast Light Kunduthode Town, Edavanna","11-Feb-2025","18-Feb-2025","335228","Physical Inspection"
"508","Normal/Others","WS/MP18329/2025-2026/177083-Lighting of public spaces","Kerala","ERNAKULAM(DISTRICT COLLECTOR ERNAKULAM_IDA)","Shri Haris Beeran (2024-30) (2024-2030)","Elected MP","Installation of minimast near Edayappuram MillumPadi Junction","23-Feb-2025","29-Sep-2025","200000","Sanction"
"509","Normal/Others","WS/MP18329/2025-2026/177710-Lighting of public spaces","Kerala","ERNAKULAM(DISTRICT COLLECTOR ERNAKULAM_IDA)","Shri Haris Beeran (2024-30) (2024-2030)","Elected MP","Installation of minimast in Ponjasseri - Malekkudi Jn","28-Feb-2025","29-Sep-2025","200000","Sanction"
"510","Normal/Others","WS/MP18329/2025-2026/177712-Lighting of public spaces","Kerala","ERNAKULAM(DISTRICT COLLECTOR ERNAKULAM_IDA)","Shri Haris Beeran (2024-30) (2024-2030)","Elected MP","Installation of minimast in Orna St George Chappal","28-Feb-2025","29-Sep-2025","200000","Sanction"
"511","Normal/Others","WS/MP18329/2025-2026/177713-Lighting of public spaces","Kerala","ERNAKULAM(DISTRICT COLLECTOR ERNAKULAM_IDA)","Shri Haris Beeran (2024-30) (2024-2030)","Elected MP","Installation of minimast in NAD Kavala","28-Feb-2025","29-Sep-2025","200000","Sanction"
"512","Normal/Others","WS/MP18329/2025-2026/177722-Lighting of public spaces","Kerala","ERNAKULAM(DISTRICT COLLECTOR ERNAKULAM_IDA)","Shri Haris Beeran (2024-30) (2024-2030)","Elected MP","Installation of minimast in Kaniyaam Kunn Jn","28-Feb-2025","02-Sep-2025","200000","Sanction"
"513","Normal/Others","WS/MP18329/2025-2026/177784-Lighting of public spaces","Kerala","ERNAKULAM(DISTRICT COLLECTOR ERNAKULAM_IDA)","Shri Haris Beeran (2024-30) (2024-2030)","Elected MP","Installation of minimast in Thottam Panchayath Road - Kadoopadam Bus Stop Near Jyothi Nivas Central School","28-Feb-2025","20-Sep-2025","200000","Sanction"
"514","Normal/Others","WS/MP18329/2025-2026/177811-Lighting of public spaces","Kerala","ERNAKULAM(DISTRICT COLLECTOR ERNAKULAM_IDA)","Shri Haris Beeran (2024-30) (2024-2030)","Elected MP","Installation of minimast in Thalikunnath Palli Jn, Pinarmunda","28-Feb-2025","16-Mar-2026","198500","Sanction"
"515","Normal/Others","WS/MP18329/2025-2026/177822-Lighting of public spaces","Kerala","ERNAKULAM(DISTRICT COLLECTOR ERNAKULAM_IDA)","Shri Haris Beeran (2024-30) (2024-2030)","Elected MP","Installation of minimast in Thamara Pottakkal JN","28-Feb-2025","24-Feb-2026","198500","Sanction"
"516","Normal/Others","WS/MP18329/2026-2027/177823-Lighting of public spaces","Kerala","ERNAKULAM(DISTRICT COLLECTOR ERNAKULAM_IDA)","Shri Haris Beeran (2024-30) (2024-2030)","Elected MP","Installation of minimast in Central Juma Masjid Pallithazham","28-Feb-2025","08-Jul-2026","198500","Sanction"
"517","Normal/Others","WS/MP18329/2026-2027/177824-Lighting of public spaces","Kerala","ERNAKULAM(DISTRICT COLLECTOR ERNAKULAM_IDA)","Shri Haris Beeran (2024-30) (2024-2030)","Elected MP","Installation of minimast in Parakkaveli Junction","28-Feb-2025","20-Aug-2026","198500","Sanction"
"518","Normal/Others","WS/MP18329/2025-2026/177826-Lighting of public spaces","Kerala","ERNAKULAM(DISTRICT COLLECTOR ERNAKULAM_IDA)","Shri Haris Beeran (2024-30) (2024-2030)","Elected MP","Installation of minimast in Elavakkad Nagar","28-Feb-2025","16-Mar-2026","187000","Sanction"
"519","Normal/Others","WS/MP18329/2025-2026/177843-Lighting of public spaces","Kerala","ERNAKULAM(DISTRICT COLLECTOR ERNAKULAM_IDA)","Shri Haris Beeran (2024-30) (2024-2030)","Elected MP","Installation of minimast in Judge Mukk Near Darussalam LP School, in front of  Thrikkakara Juma Masjid","28-Feb-2025","16-Mar-2026","187000","Sanction"
"520","Normal/Others","WS/MP18329/2025-2026/178491-Lighting of public spaces","Kerala","ERNAKULAM(DISTRICT COLLECTOR ERNAKULAM_IDA)","Shri Haris Beeran (2024-30) (2024-2030)","Elected MP","Installation of minimast in South Ezhippuram Kanal Palam","09-Mar-2025","29-Sep-2025","200000","Sanction"
"521","Normal/Others","WS/MP18405/2026-2027/180620-Lighting of public spaces","Kerala","MALAPPURAM(DISTRICT COLLECTOR MALAPPURAM_IDA)","Shri P. P. Suneer (2024-30) (2024-2030)","Elected MP","Setting up of a Solar High Mast Light at Odakkayam Ambalappadi junction","19-Apr-2025","13-May-2026","418750","Sanction"
"522","Normal/Others","WS/MP18405/2025-2026/180621-Lighting of public spaces","Kerala","MALAPPURAM(DISTRICT COLLECTOR MALAPPURAM_IDA)","Shri P. P. Suneer (2024-30) (2024-2030)","Elected MP","Setting up of Solar  High Mast Light at Kureeri Junction ,Vettilappara Village","19-Apr-2025","16-Jan-2026","403694","Physical Inspection"
"523","Normal/Others","WS/MP18405/2025-2026/180622-Lighting of public spaces","Kerala","MALAPPURAM(DISTRICT COLLECTOR MALAPPURAM_IDA)","Shri P. P. Suneer (2024-30) (2024-2030)","Elected MP","Setting up of Solar Mini Mast Light at Mukkoode Junction -Chirayil Ward(Ward-28)of Kondotty Municipality","19-Apr-2025","13-Jan-2026","299934","Physical Inspection"
"524","Normal/Others","WS/MP101/2024-2025/180690-Lighting of public spaces","Kerala","KANNUR(DISTRICT COLLECTOR KANNUR_IDA)","Shri Sandosh Kumar P (2022-28) (2022-2028)","Elected MP","INSTALLATION OF HIGH MAST LIGHT NEAR VADIKKAL TEMPLE","10-Mar-2025","12-Mar-2025","382737","Physical Inspection"
"525","Normal/Others","WS/MP101/2024-2025/180691-Lighting of public spaces","Kerala","KANNUR(DISTRICT COLLECTOR KANNUR_IDA)","Shri Sandosh Kumar P (2022-28) (2022-2028)","Elected MP","INSTALLATION OF HIGH MAST LIGHT NEAR CH KANARAN STATUE","10-Mar-2025","12-Mar-2025","382737","Physical Inspection"
"526","Normal/Others","WS/MP101/2024-2025/180692-Lighting of public spaces","Kerala","KANNUR(DISTRICT COLLECTOR KANNUR_IDA)","Shri Sandosh Kumar P (2022-28) (2022-2028)","Elected MP","INSTALATION OF HIGH MAST LIGHT IN KARATTPRAMBA BASAR","10-Mar-2025","12-Mar-2025","382737","Physical Inspection"
"527","Normal/Others","WS/MP101/2025-2026/180693-Lighting of public spaces","Kerala","KANNUR(DISTRICT COLLECTOR KANNUR_IDA)","Shri Sandosh Kumar P (2022-28) (2022-2028)","Elected MP","INSTALATION OF HIGH MAST LIGHT AT CHEPPARAMBA PARA BAZAR","10-Mar-2025","05-Apr-2025","382737","Physical Inspection"
"528","Normal/Others","WS/MP096/2025-2026/180780-Lighting of public spaces","Kerala","MALAPPURAM(DISTRICT COLLECTOR MALAPPURAM_IDA)","Shri Abdul Wahab (2021-27) (2021-2027)","Elected MP","Installing of Medium mast light at Edassery Kadavu bridge, Ward No. 02, Cheekode Panchayat","10-Mar-2025","15-Jan-2026","318000","Sanction"
"529","Normal/Others","WS/MP096/2025-2026/180781-Lighting of public spaces","Kerala","KANNUR(DISTRICT COLLECTOR KANNUR_IDA)","Shri Abdul Wahab (2021-27) (2021-2027)","Elected MP","Setting up of light and beautification works at peringathur Boat Jetty, Ward No.18, Panoor Municipality","10-Mar-2025","14-Jan-2026","1500000","Sanction"
"530","Normal/Others","WS/MP096/2025-2026/180871-Lighting of public spaces","Kerala","KASARAGOD(DISTRICT COLLECTOR KASARAGOD_IDA)","Shri Abdul Wahab (2021-27) (2021-2027)","Elected MP","Setting up of Low  Mast light near Muttumthala Juma Masjid, Ward No.18, Ajnur  Panchayath.","11-Mar-2025","13-Aug-2025","191352","Physical Inspection"
"531","Normal/Others","WS/MP096/2025-2026/181146-Lighting of public spaces","Kerala","KASARAGOD(DISTRICT COLLECTOR KASARAGOD_IDA)","Shri Abdul Wahab (2021-27) (2021-2027)","Elected MP","Setting up of Low mast light at Chuzhikkayam - Pallithatt, ward No. 17, West Eleri Panchayat","12-Mar-2025","13-Aug-2025","191552","Physical Inspection"
"532","Normal/Others","WS/MP096/2026-2027/181147-Lighting of public spaces","Kerala","KASARAGOD(DISTRICT COLLECTOR KASARAGOD_IDA)","Shri Abdul Wahab (2021-27) (2021-2027)","Elected MP","Setting up of Low mast light near Moosa Haji mukk Juma Masjid, Ward No.15, Padne Panchayat","12-Mar-2025","27-Jul-2026","210000","Sanction"
"533","Normal/Others","WS/MP096/2025-2026/181242-Lighting of public spaces","Kerala","KOLLAM(DISTRICT COLLECTOR KOLLAM_IDA)","Shri Abdul Wahab (2021-27) (2021-2027)","Elected MP","Setting up of Mini Mast light at Kunduman Thaikav junction, Ward No. 06, Adichanalloor Panchayat ,Kollam District","12-Mar-2025","01-Apr-2025","290652","Physical Inspection"
"534","Normal/Others","WS/MP096/2025-2026/181243-Lighting of public spaces","Kerala","KOLLAM(DISTRICT COLLECTOR KOLLAM_IDA)","Shri Abdul Wahab (2021-27) (2021-2027)","Elected MP","Setting up of Mini Mast light at Chekkanazhak junction, Ward No. 17, Paravoor Municipality, Kollam District","12-Mar-2025","17-Jan-2026","300000","Sanction"
"535","Normal/Others","WS/MP096/2025-2026/181244-Lighting of public spaces","Kerala","KOLLAM(DISTRICT COLLECTOR KOLLAM_IDA)","Shri Abdul Wahab (2021-27) (2021-2027)","Elected MP","Setting up of Mini Mast light at Karikonam Juma Masjid junction, Ward No. 12, Ilamad Panchayat,Kollam District","12-Mar-2025","13-May-2025","198795","Physical Inspection"
"536","Normal/Others","WS/MP096/2025-2026/182023-Lighting of public spaces","Kerala","KASARAGOD(DISTRICT COLLECTOR KASARAGOD_IDA)","Shri Abdul Wahab (2021-27) (2021-2027)","Elected MP","Setting up of Low mast light at infront of Govt.Higher Secondary School, Pallikkara, Ward no.18, Pallikkara Panchayat","15-Mar-2025","29-Jan-2026","200000","Sanction"
"537","Normal/Others","WS/MP096/2026-2027/182024-Lighting of public spaces","Kerala","KASARAGOD(DISTRICT COLLECTOR KASARAGOD_IDA)","Shri Abdul Wahab (2021-27) (2021-2027)","Elected MP","Setting up of Low mast light at infront of Bovikkanam Town Juma Masjid, Muliyar Panchayat","15-Mar-2025","21-Jul-2026","200000","Sanction"
"538","Normal/Others","WS/MP096/2026-2027/182026-Lighting of public spaces","Kerala","KASARAGOD(DISTRICT COLLECTOR KASARAGOD_IDA)","Shri Abdul Wahab (2021-27) (2021-2027)","Elected MP","Setting up of Lowmast light at Nehru stupa, ward no.03, Thrikkarippur  Panchayat","15-Mar-2025","27-Jul-2026","200000","Sanction"
"539","Normal/Others","WS/MP096/2025-2026/182027-Lighting of public spaces","Kerala","KASARAGOD(DISTRICT COLLECTOR KASARAGOD_IDA)","Shri Abdul Wahab (2021-27) (2021-2027)","Elected MP","Setting up of Low mast light at CH Centre Junction, Valvakkad,  Thrikkarippur  Panchayat","15-Mar-2025","28-Feb-2026","200000","Sanction"
"540","Normal/Others","WS/MP096/2026-2027/182028-Lighting of public spaces","Kerala","KASARAGOD(DISTRICT COLLECTOR KASARAGOD_IDA)","Shri Abdul Wahab (2021-27) (2021-2027)","Elected MP","Setting up of Low mast light at near Ice Plant, ward no.43, Kanhangad Municipality","15-Mar-2025","10-Aug-2026","200000","Sanction"
"541","Normal/Others","WS/MP18405/2025-2026/183142-Lighting of public spaces","Kerala","MALAPPURAM(DISTRICT COLLECTOR MALAPPURAM_IDA)","Shri P. P. Suneer (2024-30) (2024-2030)","Elected MP","Installation of Solar Mini Mast light at Pottakulangara Temple Kurukkankunnu Road End  Ward 15 Trikkalangode Grama Panchayat","19-Apr-2025","14-Jan-2026","297999","Physical Inspection"
"542","Normal/Others","WS/MP099/2025-2026/185096-Lighting of public spaces","Kerala","KANNUR(DISTRICT COLLECTOR KANNUR_IDA)","Dr. John Brittas (2021-27) (2021-2027)","Elected MP","Purchase and installation of one Mini Mast Light at Toddy Shop Junction at Paisakary, Ward No. XIV, Payyavoor Grama Panchayat, Kannur District","21-Mar-2025","29-May-2025","175000","Physical Inspection"
"543","Normal/Others","WS/MP101/2025-2026/186009-Lighting of public spaces","Kerala","KANNUR(DISTRICT COLLECTOR KANNUR_IDA)","Shri Sandosh Kumar P (2022-28) (2022-2028)","Elected MP","Installation of High Mast Light in Anthoor Municiplity Ward 23 at Koran Peedika Kanool Yuva Shakthi road Junction","24-Mar-2025","16-Jul-2025","382737","Physical Inspection"
"544","Normal/Others","WS/MP102/2025-2026/189865-Lighting of public spaces","Kerala","KANNUR(DISTRICT COLLECTOR KANNUR_IDA)","Smt. Jebi Mather Hisham (2022-28) (2022-2028)","Elected MP","Installation of Mini Mast Light - Near Paral Juma Masjid, Chemmadam Ward, Ward 12, Maniyoor Village, Kuttiattoor Grama Panchayath","07-Apr-2025","14-Jan-2026","250000","Sanction"
"545","Normal/Others","WS/MP099/2025-2026/190123-Lighting of public spaces","Kerala","KANNUR(DISTRICT COLLECTOR KANNUR_IDA)","Dr. John Brittas (2021-27) (2021-2027)","Elected MP","Purchase and installation of one Mini Mast Light in front of Nedungome Government Higher Secondary School (adjacent to the School Gate), Sreekandapuram Municipality, Ward 17, Kannur District","09-Apr-2025","14-Jan-2026","175000","Physical Inspection"
"546","Normal/Others","WS/MP18329/2025-2026/196073-Lighting of public spaces","Kerala","ERNAKULAM(DISTRICT COLLECTOR ERNAKULAM_IDA)","Shri Haris Beeran (2024-30) (2024-2030)","Elected MP","Installation of High Mast Light  in Parappuram Jn , Mullankunnu","03-May-2025","29-Sep-2025","550000","Sanction"
"547","Normal/Others","WS/MP100/2025-2026/198093-Lighting of public spaces","Kerala","THIRUVANANTHAPURAM(DISTRICT COLLECTOR THIRUVANANTHAPURAM_IDA)","Shri Jose K. Mani (2024-30) (2024-2030)","Elected MP","Installation of Mini Mast Light at near Poonkode Govt School","09-May-2025","10-Feb-2026","216800","Sanction"
"548","Normal/Others","WS/MP100/2025-2026/201836-Lighting of public spaces","Kerala","KOTTAYAM(DISTRICT COLLECTOR KOTTAYAM_IDA)","Shri Jose K. Mani (2024-30) (2024-2030)","Elected MP","Installation of Mini Mast Light at Ayurveda Hospital Junction","21-May-2025","10-Nov-2025","200000","Sanction"
"549","Normal/Others","WS/MP100/2025-2026/201842-Lighting of public spaces","Kerala","KOTTAYAM(DISTRICT COLLECTOR KOTTAYAM_IDA)","Shri Jose K. Mani (2024-30) (2024-2030)","Elected MP","Installation of Mini Mast Light at Kandattukavu Badrakali Temple Jn","21-May-2025","22-Oct-2025","200000","Sanction"
"550","Normal/Others","WS/MP100/2025-2026/201964-Lighting of public spaces","Kerala","KOLLAM(DISTRICT COLLECTOR KOLLAM_IDA)","Shri Jose K. Mani (2024-30) (2024-2030)","Elected MP","Installation of Mini Mast Light at Nediyavilamukku","21-May-2025","10-Feb-2026","200000","Sanction"
"551","Normal/Others","WS/MP100/2025-2026/201968-Lighting of public spaces","Kerala","KOTTAYAM(DISTRICT COLLECTOR KOTTAYAM_IDA)","Shri Jose K. Mani (2024-30) (2024-2030)","Elected MP","Installation of Mini Mast Pastoral Institute Road Jn  Arunapuram","21-May-2025","10-Nov-2025","300000","Sanction"
"552","Normal/Others","WS/MP100/2025-2026/201974-Lighting of public spaces","Kerala","KOTTAYAM(DISTRICT COLLECTOR KOTTAYAM_IDA)","Shri Jose K. Mani (2024-30) (2024-2030)","Elected MP","Installation of Mini Mast Light at Puttananikkal Poovathode Road","21-May-2025","10-Sep-2025","200000","Sanction"
"553","Normal/Others","WS/MP100/2025-2026/201975-Lighting of public spaces","Kerala","ERNAKULAM(DISTRICT COLLECTOR ERNAKULAM_IDA)","Shri Jose K. Mani (2024-30) (2024-2030)","Elected MP","Installation of Mini Mast Light at Kooru Jn","21-May-2025","24-Feb-2026","185000","Sanction"
"554","Normal/Others","WS/MP100/2025-2026/202074-Lighting of public spaces","Kerala","THRISSUR(DISTRICT COLLECTOR THRISSUR_IDA)","Shri Jose K. Mani (2024-30) (2024-2030)","Elected MP","Installation of High Mast Light at Cherikuzhy Jn,  Near U.P School","21-May-2025","14-Jan-2026","400000","Work partially Completed"
"555","Normal/Others","WS/MP100/2025-2026/202109-Lighting of public spaces","Kerala","KOTTAYAM(DISTRICT COLLECTOR KOTTAYAM_IDA)","Shri Jose K. Mani (2024-30) (2024-2030)","Elected MP","Installation of Mini Mast Light at Beemanpady Jn","21-May-2025","04-Oct-2025","200000","Sanction"
"556","Normal/Others","WS/MP100/2025-2026/202119-Lighting of public spaces","Kerala","KOTTAYAM(DISTRICT COLLECTOR KOTTAYAM_IDA)","Shri Jose K. Mani (2024-30) (2024-2030)","Elected MP","Installation of Mini Mast Light at Kanjiramattom L.P School Jn","21-May-2025","21-Oct-2025","200000","Sanction"
"557","Normal/Others","WS/MP100/2025-2026/202150-Lighting of public spaces","Kerala","KOTTAYAM(DISTRICT COLLECTOR KOTTAYAM_IDA)","Shri Jose K. Mani (2024-30) (2024-2030)","Elected MP","Installation of Mini Mast Light at Melukavu Town Near Panchayath Office","21-May-2025","22-Oct-2025","200000","Sanction"
"558","Normal/Others","WS/MP100/2026-2027/202156-Lighting of public spaces","Kerala","ERNAKULAM(DISTRICT COLLECTOR ERNAKULAM_IDA)","Shri Jose K. Mani (2024-30) (2024-2030)","Elected MP","Installation of High Mast Light at Navodayapuram Jn Cat  SC","21-May-2025","21-May-2026","395500","Sanction"
"559","Normal/Others","WS/MP100/2025-2026/202198-Lighting of public spaces","Kerala","KOTTAYAM(DISTRICT COLLECTOR KOTTAYAM_IDA)","Shri Jose K. Mani (2024-30) (2024-2030)","Elected MP","Installation of Mini Mast Light at Vandanpathal Top Jn","21-May-2025","20-Dec-2025","200000","Physical Inspection"
"560","Normal/Others","WS/MP18329/2025-2026/205436-Lighting of public spaces","Kerala","ALAPPUZHA(DISTRICT COLLECTOR ALAPPUZHA_IDA)","Shri Haris Beeran (2024-30) (2024-2030)","Elected MP","Installation of high-mast light at Pallipattu Muri Chalakundam Junction","01-Jun-2025","07-Mar-2026","500000","Sanction"
"561","Normal/Others","WS/MP18329/2025-2026/205437-Lighting of public spaces","Kerala","ALAPPUZHA(DISTRICT COLLECTOR ALAPPUZHA_IDA)","Shri Haris Beeran (2024-30) (2024-2030)","Elected MP","Ward 8, Patiyankara North, Thrikkunnapuzha Panchayat, Haripad Block","01-Jun-2025","13-Feb-2026","500000","Sanction"
"562","Normal/Others","WS/MP18329/2025-2026/205438-Lighting of public spaces","Kerala","ALAPPUZHA(DISTRICT COLLECTOR ALAPPUZHA_IDA)","Shri Haris Beeran (2024-30) (2024-2030)","Elected MP","Installation of   mini high-mast light at Puthanpurakkal Junction","01-Jun-2025","11-Feb-2026","250000","Sanction"
"563","Normal/Others","WS/MP18329/2025-2026/205439-Lighting of public spaces","Kerala","ALAPPUZHA(DISTRICT COLLECTOR ALAPPUZHA_IDA)","Shri Haris Beeran (2024-30) (2024-2030)","Elected MP","Installation of   mini high-mast light at Chathan Keri Junction","01-Jun-2025","11-Feb-2026","250000","Sanction"
"564","Normal/Others","WS/MP18329/2025-2026/205441-Lighting of public spaces","Kerala","ALAPPUZHA(DISTRICT COLLECTOR ALAPPUZHA_IDA)","Shri Haris Beeran (2024-30) (2024-2030)","Elected MP","Installation of   mini -mast light at Irappanpara   junction","01-Jun-2025","10-Nov-2025","250000","Sanction"
"565","Normal/Others","WS/MP18329/2025-2026/205442-Lighting of public spaces","Kerala","ALAPPUZHA(DISTRICT COLLECTOR ALAPPUZHA_IDA)","Shri Haris Beeran (2024-30) (2024-2030)","Elected MP","Installation of   mini -mast light at   Mekkumuri junctions","01-Jun-2025","10-Nov-2025","250000","Sanction"
"566","Normal/Others","WS/MP18329/2025-2026/205482-Lighting of public spaces","Kerala","KOTTAYAM(DISTRICT COLLECTOR KOTTAYAM_IDA)","Shri Haris Beeran (2024-30) (2024-2030)","Elected MP","Installation of High Mast Light at Veliyath  Junction","17-Jun-2025","07-Feb-2026","500000","Sanction"
"567","Normal/Others","WS/MP18329/2025-2026/205488-Lighting of public spaces","Kerala","KOTTAYAM(DISTRICT COLLECTOR KOTTAYAM_IDA)","Shri Haris Beeran (2024-30) (2024-2030)","Elected MP","Installation of Mini Mast Light at Vayalimukku Road Junction","17-Jun-2025","03-Nov-2025","200000","Sanction"
"568","Normal/Others","WS/MP18329/2025-2026/205490-Lighting of public spaces","Kerala","KOTTAYAM(DISTRICT COLLECTOR KOTTAYAM_IDA)","Shri Haris Beeran (2024-30) (2024-2030)","Elected MP","Installation of Mini Mast Light at Elakkayam Checkdam Junction","17-Jun-2025","03-Nov-2025","200000","Sanction"
"569","Normal/Others","WS/MP18329/2025-2026/205491-Lighting of public spaces","Kerala","KOTTAYAM(DISTRICT COLLECTOR KOTTAYAM_IDA)","Shri Haris Beeran (2024-30) (2024-2030)","Elected MP","Installation of Mini Mast Light at Onnam Mile  Ponthanalparambu Road Junction","17-Jun-2025","03-Nov-2025","200000","Sanction"
"570","Normal/Others","WS/MP18329/2025-2026/205493-Lighting of public spaces","Kerala","KOTTAYAM(DISTRICT COLLECTOR KOTTAYAM_IDA)","Shri Haris Beeran (2024-30) (2024-2030)","Elected MP","Installation of Mini Mast Light at Parathodu Nursery Junction","17-Jun-2025","03-Nov-2025","200000","Sanction"
"571","Normal/Others","WS/MP18329/2025-2026/205494-Lighting of public spaces","Kerala","KOTTAYAM(DISTRICT COLLECTOR KOTTAYAM_IDA)","Shri Haris Beeran (2024-30) (2024-2030)","Elected MP","Installation of Mini Mast Light at Mulluppara Jalaliya Junction","17-Jun-2025","03-Nov-2025","200000","Sanction"
"572","Normal/Others","WS/MP18329/2025-2026/205495-Lighting of public spaces","Kerala","KOTTAYAM(DISTRICT COLLECTOR KOTTAYAM_IDA)","Shri Haris Beeran (2024-30) (2024-2030)","Elected MP","Installation of Mini Mast Light at Arafa Nagar","17-Jun-2025","03-Nov-2025","200000","Sanction"
"573","Normal/Others","WS/MP18329/2025-2026/205497-Lighting of public spaces","Kerala","KOTTAYAM(DISTRICT COLLECTOR KOTTAYAM_IDA)","Shri Haris Beeran (2024-30) (2024-2030)","Elected MP","Installation of Mini Mast Light at Safanagar Junction","17-Jun-2025","03-Nov-2025","200000","Sanction"
"574","Normal/Others","WS/MP18329/2025-2026/205499-Lighting of public spaces","Kerala","KOTTAYAM(DISTRICT COLLECTOR KOTTAYAM_IDA)","Shri Haris Beeran (2024-30) (2024-2030)","Elected MP","Installation of Mini Mast Light at Kuzhiveli Junction","17-Jun-2025","03-Nov-2025","200000","Sanction"
"575","Normal/Others","WS/MP18329/2026-2027/205503-Lighting of public spaces","Kerala","ERNAKULAM(DISTRICT COLLECTOR ERNAKULAM_IDA)","Shri Haris Beeran (2024-30) (2024-2030)","Elected MP","Installation of High Mast Light at Pezhakkapilly - Pallipadi Road, in front of Palli Gate.","01-Jun-2025","20-Aug-2026","548000","Sanction"
"576","Normal/Others","WS/MP18329/2026-2027/205507-Lighting of public spaces","Kerala","ERNAKULAM(DISTRICT COLLECTOR ERNAKULAM_IDA)","Shri Haris Beeran (2024-30) (2024-2030)","Elected MP","Installation of Minimast light near kuruvinampara juma masjid kanaal Junction","01-Jun-2025","20-Aug-2026","198500","Sanction"
"577","Normal/Others","WS/MP18329/2025-2026/205521-Lighting of public spaces","Kerala","ERNAKULAM(DISTRICT COLLECTOR ERNAKULAM_IDA)","Shri Haris Beeran (2024-30) (2024-2030)","Elected MP","Installation of Minimast light at Vayanasala Padi Junction","01-Jun-2025","09-Mar-2026","198500","Sanction"
"578","Normal/Others","WS/MP18329/2025-2026/205523-Lighting of public spaces","Kerala","ERNAKULAM(DISTRICT COLLECTOR ERNAKULAM_IDA)","Shri Haris Beeran (2024-30) (2024-2030)","Elected MP","Installation of Minimast light at West Mulavoor - Kannadi City Ward 4, Ozhupara, Payipra GP, Muvattupuzha Block","01-Jun-2025","24-Feb-2026","198500","Sanction"
"579","Normal/Others","WS/MP18329/2025-2026/205525-Lighting of public spaces","Kerala","ERNAKULAM(DISTRICT COLLECTOR ERNAKULAM_IDA)","Shri Haris Beeran (2024-30) (2024-2030)","Elected MP","Installation of minimast at Everest Junction","01-Jun-2025","29-Jan-2026","185000","Sanction"
"580","Normal/Others","WS/MP18329/2025-2026/205526-Lighting of public spaces","Kerala","ERNAKULAM(DISTRICT COLLECTOR ERNAKULAM_IDA)","Shri Haris Beeran (2024-30) (2024-2030)","Elected MP","Installation of minimast at Maniyamkulam Junction","01-Jun-2025","09-Jan-2026","185000","Sanction"
"581","Normal/Others","WS/MP18329/2025-2026/205527-Lighting of public spaces","Kerala","ERNAKULAM(DISTRICT COLLECTOR ERNAKULAM_IDA)","Shri Haris Beeran (2024-30) (2024-2030)","Elected MP","Installation of minimast at Chalikadav Bhagavathi Temple Junction","01-Jun-2025","06-Nov-2025","185000","Sanction"
"582","Normal/Others","WS/MP18329/2025-2026/205530-Lighting of public spaces","Kerala","ERNAKULAM(DISTRICT COLLECTOR ERNAKULAM_IDA)","Shri Haris Beeran (2024-30) (2024-2030)","Elected MP","Installation of mini mast light at Homeo Sub Centre","17-Jun-2025","16-Mar-2026","198500","Sanction"
"583","Normal/Others","WS/MP18329/2025-2026/205532-Lighting of public spaces","Kerala","ERNAKULAM(DISTRICT COLLECTOR ERNAKULAM_IDA)","Shri Haris Beeran (2024-30) (2024-2030)","Elected MP","Installation of mini mast at Thacharukudi Junction on Mudickal  Cherukunnu Road","17-Jun-2025","29-Sep-2025","200000","Sanction"
"584","Normal/Others","WS/MP18329/2026-2027/205540-Lighting of public spaces","Kerala","ERNAKULAM(DISTRICT COLLECTOR ERNAKULAM_IDA)","Shri Haris Beeran (2024-30) (2024-2030)","Elected MP","Installation of Mini Mast Light Near  Badriyya Masjid","17-Jun-2025","08-Jul-2026","187000","Sanction"
"585","Normal/Others","WS/MP102/2026-2027/207766-Lighting of public spaces","Kerala","KOZHIKODE(DISTRICT COLLECTOR KOZHIKODE_IDA)","Smt. Jebi Mather Hisham (2022-28) (2022-2028)","Elected MP","Installation of High Mast Light, Tharole Angadi, Mukkam Municipality","10-Jun-2025","14-May-2026","450000","Physical Inspection"
"586","Normal/Others","WS/MP101/2026-2027/207831-Lighting of public spaces","Kerala","KANNUR(DISTRICT COLLECTOR KANNUR_IDA)","Shri Sandosh Kumar P (2022-28) (2022-2028)","Elected MP","Installation of High mast Street Light (8meters height,150w-5 bulbs) at GandhiGraamam colony Paalchuram","10-Jun-2025","04-Aug-2026","473677","Sanction"
"587","Normal/Others","WS/MP101/2025-2026/207833-Lighting of public spaces","Kerala","KANNUR(DISTRICT COLLECTOR KANNUR_IDA)","Shri Sandosh Kumar P (2022-28) (2022-2028)","Elected MP","Installation of High Mast Street Light (10 meters height,150w,5bulbs) near Kuthuparamba Pazhayanirathu Palli","10-Jun-2025","19-Dec-2025","382737","Physical Inspection"
"588","Normal/Others","WS/MP101/2026-2027/207846-Lighting of public spaces","Kerala","KANNUR(DISTRICT COLLECTOR KANNUR_IDA)","Shri Sandosh Kumar P (2022-28) (2022-2028)","Elected MP","Purchase and Installation of  Mini High Mast light at Thottummal Bazar (10 mts,150w,5 bulbs)","10-Jun-2025","13-May-2026","400000","Physical Inspection"
"589","Normal/Others","WS/MP18329/2025-2026/212499-Lighting of public spaces","Kerala","ERNAKULAM(DISTRICT COLLECTOR ERNAKULAM_IDA)","Shri Haris Beeran (2024-30) (2024-2030)","Elected MP","Installation of minimast at Kunnakkattu mala  Palli jn.","10-Sep-2025","09-Mar-2026","198500","Sanction"
"590","Normal/Others","WS/MP18329/2025-2026/212500-Lighting of public spaces","Kerala","ERNAKULAM(DISTRICT COLLECTOR ERNAKULAM_IDA)","Shri Haris Beeran (2024-30) (2024-2030)","Elected MP","Installation of minimast at punnamattam  jn.Ward 1, Punnamattom , Ayavana GP, Muvattupuzha Block","10-Sep-2025","29-Jan-2026","198500","Sanction"
"591","Normal/Others","WS/MP18329/2026-2027/212506-Lighting of public spaces","Kerala","ERNAKULAM(DISTRICT COLLECTOR ERNAKULAM_IDA)","Shri Haris Beeran (2024-30) (2024-2030)","Elected MP","Installation of Mini Mast light on Madiyoor, Ward 1, Madiyoor, PallariMangalam Panchayat, Kothamangalam Block","10-Sep-2025","20-Aug-2026","198500","Sanction"
"592","Normal/Others","WS/MP18329/2026-2027/212507-Lighting of public spaces","Kerala","ERNAKULAM(DISTRICT COLLECTOR ERNAKULAM_IDA)","Shri Haris Beeran (2024-30) (2024-2030)","Elected MP","Installation of Mini Mast light on Pallikkunnu.","10-Sep-2025","20-Aug-2026","198500","Sanction"
"593","Normal/Others","WS/MP18329/2026-2027/212513-Lighting of public spaces","Kerala","ERNAKULAM(DISTRICT COLLECTOR ERNAKULAM_IDA)","Shri Haris Beeran (2024-30) (2024-2030)","Elected MP","Installation of Mini Mast light on Vellaramattam Palli","10-Sep-2025","20-Aug-2026","198500","Sanction"
"594","Normal/Others","WS/MP18329/2026-2027/212514-Lighting of public spaces","Kerala","ERNAKULAM(DISTRICT COLLECTOR ERNAKULAM_IDA)","Shri Haris Beeran (2024-30) (2024-2030)","Elected MP","Installation of Mini Mast light on Kuzhikkunna Kadavu","10-Sep-2025","20-Aug-2026","198500","Sanction"
"595","Normal/Others","WS/MP18329/2026-2027/212515-Lighting of public spaces","Kerala","ERNAKULAM(DISTRICT COLLECTOR ERNAKULAM_IDA)","Shri Haris Beeran (2024-30) (2024-2030)","Elected MP","Installation of Mini Mast light on Chakkarayiduk Junction","10-Sep-2025","20-Aug-2026","198500","Sanction"
"596","Normal/Others","WS/MP18329/2026-2027/212524-Lighting of public spaces","Kerala","ERNAKULAM(DISTRICT COLLECTOR ERNAKULAM_IDA)","Shri Haris Beeran (2024-30) (2024-2030)","Elected MP","Installation of Mini Mast light on Pulikkappara Juma Masjid","10-Sep-2025","20-Aug-2026","198500","Sanction"
"597","Normal/Others","WS/MP100/2025-2026/217008-Lighting of public spaces","Kerala","KOTTAYAM(DISTRICT COLLECTOR KOTTAYAM_IDA)","Shri Jose K. Mani (2024-30) (2024-2030)","Elected MP","Installation of Mini Mast Light at Puthuveli Jn (Near Auto Stand)","10-Jul-2025","07-Nov-2025","200000","Sanction"
"598","Normal/Others","WS/MP096/2026-2027/220990-Lighting of public spaces","Kerala","MALAPPURAM(DISTRICT COLLECTOR MALAPPURAM_IDA)","Shri Abdul Wahab (2021-27) (2021-2027)","Elected MP","Setting up of Minimast light at Kallambali, Ward No. 10, Thiruvali Panchayat","22-Jul-2025","18-Jun-2026","318000","Sanction"
"599","Normal/Others","WS/MP096/2025-2026/220991-Lighting of public spaces","Kerala","MALAPPURAM(DISTRICT COLLECTOR MALAPPURAM_IDA)","Shri Abdul Wahab (2021-27) (2021-2027)","Elected MP","Setting up of Minimast light at Eriyad Collegepadi, Ward No. 07, Thiruvali Panchayat","22-Jul-2025","09-Feb-2026","318000","Sanction"
"600","Normal/Others","WS/MP100/2025-2026/221545-Lighting of public spaces","Kerala","KOTTAYAM(DISTRICT COLLECTOR KOTTAYAM_IDA)","Shri Jose K. Mani (2024-30) (2024-2030)","Elected MP","Installation of Mini Mast Light at Amanakara Vayanashala  Erattachira Road Near Amanakara Sree Bharatha Swamy Temple","23-Jul-2025","02-Feb-2026","200000","Sanction"
"601","Normal/Others","WS/MP18405/2025-2026/223178-Lighting of public spaces","Kerala","MALAPPURAM(DISTRICT COLLECTOR MALAPPURAM_IDA)","Shri P. P. Suneer (2024-30) (2024-2030)","Elected MP","Installation of Solar Mini Mast Light at Kootayi West- Sulthan Valavu Beech,Ward-17-Mangalam GramaPanchayat-Tirur Block","23-Aug-2025","13-Mar-2026","300000","Sanction"
"602","Normal/Others","WS/MP18405/2026-2027/224098-Lighting of public spaces","Kerala","WAYANAD(DISTRICT COLLECTOR WAYANAD_IDA)","Shri P. P. Suneer (2024-30) (2024-2030)","Elected MP","Installation of Solar Mini Mast Light in ward-6 Kallikkeni Transformer area of Muppainad Grama Panchayat of Kalpetta Block.","23-Aug-2025","22-Jun-2026","300000","Physical Inspection"
"603","Normal/Others","WS/MP18405/2026-2027/224101-Lighting of public spaces","Kerala","WAYANAD(DISTRICT COLLECTOR WAYANAD_IDA)","Shri P. P. Suneer (2024-30) (2024-2030)","Elected MP","Installation of Solar Mini Mast Light in ward-6 Kallikkeni Anganawadi Road of Muppainad Grama Panchayat of Kalpetta Block.","23-Aug-2025","15-Jul-2026","300000","Physical Inspection"
"604","Normal/Others","WS/MP101/2026-2027/226447-Lighting of public spaces","Kerala","KANNUR(DISTRICT COLLECTOR KANNUR_IDA)","Shri Sandosh Kumar P (2022-28) (2022-2028)","Elected MP","INSTALLATION OF MINI HIGHMAST  LIGHT NEAR TRANSFORMER AT PAZHASSI TEMPLE ROAD JUNCTION","12-Aug-2025","13-May-2026","199998","Physical Inspection"
"605","Normal/Others","WS/MP101/2026-2027/226448-Lighting of public spaces","Kerala","KANNUR(DISTRICT COLLECTOR KANNUR_IDA)","Shri Sandosh Kumar P (2022-28) (2022-2028)","Elected MP","INSTALLATION OF MINI HIGH MAST LIGHT NEAR KAYILOOR ALP SCHOOL","12-Aug-2025","13-May-2026","199998","Physical Inspection"
"606","Normal/Others","WS/MP100/2025-2026/227310-Lighting of public spaces","Kerala","KOTTAYAM(DISTRICT COLLECTOR KOTTAYAM_IDA)","Shri Jose K. Mani (2024-30) (2024-2030)","Elected MP","Installation of Mini Mast Light at Vellani. Infront of Vellani Sreedevi Temple  Cat  ST","16-Aug-2025","02-Mar-2026","200000","Sanction"
"607","Normal/Others","WS/MP100/2026-2027/235090-Lighting of public spaces","Kerala","MALAPPURAM(DISTRICT COLLECTOR MALAPPURAM_IDA)","Shri Jose K. Mani (2024-30) (2024-2030)","Elected MP","Installation of Mini Mast Light at Ambittanpotty Junction","18-Sep-2025","23-Jun-2026","200000","Sanction"
"608","Normal/Others","WS/MP096/2025-2026/236435-Lighting of public spaces","Kerala","KOLLAM(DISTRICT COLLECTOR KOLLAM_IDA)","Shri Abdul Wahab (2021-27) (2021-2027)","Elected MP","Setting up of mini mast light at Muzhangadi junction, Ward no. 03, Ochira Panchayat","22-Sep-2025","10-Feb-2026","300000","Work Completed"
"609","Normal/Others","WS/MP096/2026-2027/236443-Lighting of public spaces","Kerala","KASARAGOD(DISTRICT COLLECTOR KASARAGOD_IDA)","Shri Abdul Wahab (2021-27) (2021-2027)","Elected MP","Setting up of Low mast light at Peraal Kannur Juma Masjid Junction, Ward no.10, Puthige Panchayat","22-Sep-2025","10-Aug-2026","200000","Sanction"
"610","Normal/Others","WS/MP096/2025-2026/236444-Lighting of public spaces","Kerala","KASARAGOD(DISTRICT COLLECTOR KASARAGOD_IDA)","Shri Abdul Wahab (2021-27) (2021-2027)","Elected MP","Setting up of Low mast light at Sathyadka, Ward no.11, Manjeshwar Panchayat","22-Sep-2025","05-Mar-2026","200000","Sanction"
"611","Normal/Others","WS/MP096/2026-2027/236500-Lighting of public spaces","Kerala","KASARAGOD(DISTRICT COLLECTOR KASARAGOD_IDA)","Shri Abdul Wahab (2021-27) (2021-2027)","Elected MP","Setting up of Low mast light at Menangode Junction, Ward no.18, Chengala Panchayat","22-Sep-2025","01-Aug-2026","200000","Sanction"
"612","Normal/Others","WS/MP096/2026-2027/236501-Lighting of public spaces","Kerala","KASARAGOD(DISTRICT COLLECTOR KASARAGOD_IDA)","Shri Abdul Wahab (2021-27) (2021-2027)","Elected MP","Setting up of Low mast light near Noor Masjid, Azad Nagar, Ward no.16, Mogral Puthur Panchayat","22-Sep-2025","03-Aug-2026","200000","Sanction"
"613","Normal/Others","WS/MP096/2026-2027/236502-Lighting of public spaces","Kerala","KASARAGOD(DISTRICT COLLECTOR KASARAGOD_IDA)","Shri Abdul Wahab (2021-27) (2021-2027)","Elected MP","Setting up of Low mast light at Beejanthudukka Adimpayi junction, Ward no.13, Badiadka Panchayat","22-Sep-2025","03-Aug-2026","200000","Sanction"
"614","Normal/Others","WS/MP096/2026-2027/237582-Lighting of public spaces","Kerala","PALAKKAD(DISTRICT COLLECTOR PALAKKAD_IDA)","Shri Abdul Wahab (2021-27) (2021-2027)","Elected MP","Setting up of medium mast light at Peringannur  Chellipadi Viruttanam road junction, Ward No.08, Thirumittacode Panchayat","25-Sep-2025","07-Aug-2026","350000","Sanction"
"615","Normal/Others","WS/MP101/2025-2026/237725-Lighting of public spaces","Kerala","KOTTAYAM(DISTRICT COLLECTOR KOTTAYAM_IDA)","Shri Sandosh Kumar P (2022-28) (2022-2028)","Elected MP","Installation of Mini High Mast Light (8mts,150w,5 Bulbs)at Ambalakkadavu Temple Junction,Karappuzha Ward No. 28 Kottayam Muncipality","25-Sep-2025","05-Nov-2025","200000","Sanction"
"616","Normal/Others","WS/MP100/2026-2027/239010-Lighting of public spaces","Kerala","KOTTAYAM(DISTRICT COLLECTOR KOTTAYAM_IDA)","Shri Jose K. Mani (2024-30) (2024-2030)","Elected MP","Installation of Mini Mast Light at Vikas Junction Poovakulam","29-Sep-2025","15-May-2026","200000","Sanction"
"617","Normal/Others","WS/MP096/2026-2027/239487-Lighting of public spaces","Kerala","MALAPPURAM(DISTRICT COLLECTOR MALAPPURAM_IDA)","Shri Abdul Wahab (2021-27) (2021-2027)","Elected MP","Setting up of Mini mast light at Thattara  Nattuvetti road Kappattiyil junction, Ward No.30, Malappuram Municipality","03-Oct-2025","27-Jun-2026","200000","Sanction"
"618","Normal/Others","WS/MP096/2026-2027/239488-Lighting of public spaces","Kerala","MALAPPURAM(DISTRICT COLLECTOR MALAPPURAM_IDA)","Shri Abdul Wahab (2021-27) (2021-2027)","Elected MP","Setting up of Mini mast light at Thattara  Nattuvetti road Kalarikkal junction, Ward No.30, Malappuram Municipality","03-Oct-2025","27-Jun-2026","200000","Sanction"
"619","Normal/Others","WS/MP096/2026-2027/239489-Lighting of public spaces","Kerala","MALAPPURAM(DISTRICT COLLECTOR MALAPPURAM_IDA)","Shri Abdul Wahab (2021-27) (2021-2027)","Elected MP","Setting up of Mini mast light at Village office  Perumparamb road, Ward No.30, Malappuram Municipality","03-Oct-2025","27-Jun-2026","200000","Sanction"
"620","Normal/Others","WS/MP096/2026-2027/239490-Lighting of public spaces","Kerala","MALAPPURAM(DISTRICT COLLECTOR MALAPPURAM_IDA)","Shri Abdul Wahab (2021-27) (2021-2027)","Elected MP","Setting up of Mini mast light Infront of Madrasa Thayyilpadi  Andikadu MSP road, Ward No.39, Malappuram Municipality","03-Oct-2025","27-Jun-2026","200000","Sanction"
"621","Normal/Others","WS/MP096/2026-2027/239491-Lighting of public spaces","Kerala","MALAPPURAM(DISTRICT COLLECTOR MALAPPURAM_IDA)","Shri Abdul Wahab (2021-27) (2021-2027)","Elected MP","Setting up of Mini mast light at Thayyilpadi  Andikadu MSP road junction, Ward No.39, Malappuram Municipality","03-Oct-2025","27-Jun-2026","200000","Sanction"
"622","Normal/Others","WS/MP096/2026-2027/243116-Lighting of public spaces","Kerala","PALAKKAD(DISTRICT COLLECTOR PALAKKAD_IDA)","Shri Abdul Wahab (2021-27) (2021-2027)","Elected MP","Setting up of Mini mast light at Mannaraparamb Motorpadi, Ward No.7, Kappur Panchayat","21-Oct-2025","07-Aug-2026","250000","Sanction"
"623","Normal/Others","WS/MP096/2026-2027/243117-Lighting of public spaces","Kerala","PALAKKAD(DISTRICT COLLECTOR PALAKKAD_IDA)","Shri Abdul Wahab (2021-27) (2021-2027)","Elected MP","Setting up of Mini mast light Infront of Darul Afthal, Ward No.3, Koppam Panchayat","21-Oct-2025","06-Aug-2026","250000","Sanction"
"624","Normal/Others","WS/MP096/2026-2027/243121-Lighting of public spaces","Kerala","PALAKKAD(DISTRICT COLLECTOR PALAKKAD_IDA)","Shri Abdul Wahab (2021-27) (2021-2027)","Elected MP","Setting up of Mini mast light at Sulaimanpadi, Ward No.10, Thirumittacode Panchayat","21-Oct-2025","07-Aug-2026","250000","Sanction"
"625","Normal/Others","WS/MP096/2026-2027/243124-Lighting of public spaces","Kerala","PALAKKAD(DISTRICT COLLECTOR PALAKKAD_IDA)","Shri Abdul Wahab (2021-27) (2021-2027)","Elected MP","Setting up of Mini mast light at Maniyamkode, Ward No.10, Mannur Panchayat","21-Oct-2025","22-Jul-2026","250000","Sanction"
"626","Normal/Others","WS/MP096/2026-2027/243125-Lighting of public spaces","Kerala","PALAKKAD(DISTRICT COLLECTOR PALAKKAD_IDA)","Shri Abdul Wahab (2021-27) (2021-2027)","Elected MP","Setting up of Mini mast light at Kozhichunda, Ward No.5, Mannur Panchayat","21-Oct-2025","22-Jul-2026","250000","Sanction"
"627","Normal/Others","WS/MP096/2026-2027/243127-Lighting of public spaces","Kerala","PALAKKAD(DISTRICT COLLECTOR PALAKKAD_IDA)","Shri Abdul Wahab (2021-27) (2021-2027)","Elected MP","Setting up of Mini mast light at Parakkalpadi nagar, Ward No.11, Koppam Panchayat","21-Oct-2025","06-Aug-2026","250000","Sanction"
"628","Normal/Others","WS/MP095/2025-2026/257503-Lighting of public spaces","Kerala","THIRUVANANTHAPURAM(DISTRICT COLLECTOR THIRUVANANTHAPURAM_IDA)","Shri A. A. Rahim (2022-28) (2022-2028)","Elected MP","Installation of Minimast Light at Viswa puram  (Ward 1),Panavoor Grama Panchayath ,Vamanapuram Assembly Constituency","08-Jan-2026","30-Jan-2026","260000","Sanction"
"629","Normal/Others","WS/MP095/2025-2026/257505-Lighting of public spaces","Kerala","THIRUVANANTHAPURAM(DISTRICT COLLECTOR THIRUVANANTHAPURAM_IDA)","Shri A. A. Rahim (2022-28) (2022-2028)","Elected MP","Installation of Minimast Light near Soman Smarakaom ,Aranoor Ward, Thiruvananthapuram Corporation","08-Jan-2026","30-Jan-2026","260000","Sanction"
"630","Normal/Others","WS/MP095/2025-2026/257508-Lighting of public spaces","Kerala","THIRUVANANTHAPURAM(DISTRICT COLLECTOR THIRUVANANTHAPURAM_IDA)","Shri A. A. Rahim (2022-28) (2022-2028)","Elected MP","Installation of Minimast Light near SNDP Gurumandiram,SambhuVattom,Vettukad Ward,Thiruvananthapuram Corporation","08-Jan-2026","30-Jan-2026","260000","Sanction"
"631","Normal/Others","WS/MP095/2025-2026/257510-Lighting of public spaces","Kerala","THIRUVANANTHAPURAM(DISTRICT COLLECTOR THIRUVANANTHAPURAM_IDA)","Shri A. A. Rahim (2022-28) (2022-2028)","Elected MP","Installation of Minimast Light at Pallimukku Junction ,Kottukkunnam,Nellanadu Grama Panchayath, Vamanapuram Assembly Constituency","08-Jan-2026","30-Jan-2026","260000","Sanction"
"632","Normal/Others","WS/MP095/2025-2026/257511-Lighting of public spaces","Kerala","THIRUVANANTHAPURAM(DISTRICT COLLECTOR THIRUVANANTHAPURAM_IDA)","Shri A. A. Rahim (2022-28) (2022-2028)","Elected MP","Installation of Minimast Light at KSRTC Depo ,Venjarammodu ,Nellanadu GP,Thiruvananthapuram","08-Jan-2026","30-Jan-2026","260000","Sanction"
"633","Normal/Others","WS/MP095/2025-2026/257512-Lighting of public spaces","Kerala","THIRUVANANTHAPURAM(DISTRICT COLLECTOR THIRUVANANTHAPURAM_IDA)","Shri A. A. Rahim (2022-28) (2022-2028)","Elected MP","Installation of Minimast Light at Kandala stadium, Thungampara Ward ,Maraneloor Grama Panchaytah","08-Jan-2026","30-Jan-2026","260000","Sanction"
"634","Normal/Others","WS/MP095/2025-2026/257573-Lighting of public spaces","Kerala","THIRUVANANTHAPURAM(DISTRICT COLLECTOR THIRUVANANTHAPURAM_IDA)","Shri A. A. Rahim (2022-28) (2022-2028)","Elected MP","Installation of Minimast Light at Kalladichanmoola ,Poonkulam Ward ,  Thiruvananthapuram Corporation","08-Jan-2026","30-Jan-2026","260000","Sanction"
"635","Normal/Others","WS/MP095/2025-2026/257575-Lighting of public spaces","Kerala","THIRUVANANTHAPURAM(DISTRICT COLLECTOR THIRUVANANTHAPURAM_IDA)","Shri A. A. Rahim (2022-28) (2022-2028)","Elected MP","Installation of Minimast Light at Kezhamalakkal,Kunnida Ward (No.21),Manikkal GP,Nedumanagadu Assembly Constituency","08-Jan-2026","30-Jan-2026","260000","Sanction"
"636","Normal/Others","WS/MP095/2025-2026/257576-Lighting of public spaces","Kerala","THIRUVANANTHAPURAM(DISTRICT COLLECTOR THIRUVANANTHAPURAM_IDA)","Shri A. A. Rahim (2022-28) (2022-2028)","Elected MP","Installation of Minimast Light at Kuthirakulam Junction , Manikkal Grama Panchayath, Nedumnagadu  Assembly Constituency","08-Jan-2026","30-Jan-2026","260000","Sanction"
"637","Normal/Others","WS/MP095/2025-2026/257578-Lighting of public spaces","Kerala","THIRUVANANTHAPURAM(DISTRICT COLLECTOR THIRUVANANTHAPURAM_IDA)","Shri A. A. Rahim (2022-28) (2022-2028)","Elected MP","Minimast Ambedkar Gramam SC Colony, Panavoor Grama Panchayath ,Vamanapuram Assembly","08-Jan-2026","30-Jan-2026","260000","Sanction"
"638","Normal/Others","WS/MP095/2025-2026/257579-Lighting of public spaces","Kerala","THIRUVANANTHAPURAM(DISTRICT COLLECTOR THIRUVANANTHAPURAM_IDA)","Shri A. A. Rahim (2022-28) (2022-2028)","Elected MP","Installation of Minimast Light at Nedumpara Lakshaveedu Colony , Pazhaya Kunnemmel Grama  Panchayath, Attingal  Assembly Constituency (SC Category)","08-Jan-2026","30-Jan-2026","260000","Sanction"
"639","Normal/Others","WS/MP095/2025-2026/257623-Lighting of public spaces","Kerala","THIRUVANANTHAPURAM(DISTRICT COLLECTOR THIRUVANANTHAPURAM_IDA)","Shri A. A. Rahim (2022-28) (2022-2028)","Elected MP","Installation of Mini Mast Light - Panthaplavikkonam, Panthaplavikkonam Ward, Pullampara Grama Panchayath, Vamanapuram Assembly Constituency","08-Jan-2026","30-Jan-2026","260000","Sanction"
"640","Normal/Others","WS/MP095/2025-2026/257625-Lighting of public spaces","Kerala","THIRUVANANTHAPURAM(DISTRICT COLLECTOR THIRUVANANTHAPURAM_IDA)","Shri A. A. Rahim (2022-28) (2022-2028)","Elected MP","Installation of Mini Mast Light - Mamoodu Stadium, Pullampara Grama Panchayath, Vamanapuram Assembly Constituency","08-Jan-2026","30-Jan-2026","260000","Sanction"
"641","Normal/Others","WS/MP095/2025-2026/257626-Lighting of public spaces","Kerala","THIRUVANANTHAPURAM(DISTRICT COLLECTOR THIRUVANANTHAPURAM_IDA)","Shri A. A. Rahim (2022-28) (2022-2028)","Elected MP","Installation of Mini Mast Light - Leksham Veedu Colony Vattayam, Pullampara Grama Panchayath, Vamanapuram Assembly Constituency","08-Jan-2026","30-Jan-2026","260000","Sanction"
"642","Normal/Others","WS/MP095/2025-2026/257630-Lighting of public spaces","Kerala","THIRUVANANTHAPURAM(DISTRICT COLLECTOR THIRUVANANTHAPURAM_IDA)","Shri A. A. Rahim (2022-28) (2022-2028)","Elected MP","Installation of a Minimast Light Near Venjaramoodu Market Junction, Nellanad Grama Panchayath","08-Jan-2026","30-Jan-2026","260000","Sanction"
"643","Normal/Others","WS/MP095/2025-2026/257631-Lighting of public spaces","Kerala","THIRUVANANTHAPURAM(DISTRICT COLLECTOR THIRUVANANTHAPURAM_IDA)","Shri A. A. Rahim (2022-28) (2022-2028)","Elected MP","Installation of a Minimast Light at Chepittuvila Junction, Valiyakattakkal Ward, Nellanadu Grama panchayath","08-Jan-2026","30-Jan-2026","260000","Sanction"
"644","Normal/Others","WS/MP095/2025-2026/257633-Lighting of public spaces","Kerala","THIRUVANANTHAPURAM(DISTRICT COLLECTOR THIRUVANANTHAPURAM_IDA)","Shri A. A. Rahim (2022-28) (2022-2028)","Elected MP","Installation of a Minimast Light near Pachaloor Juma Masjid, Punchakkari Ward, Thiruvananthapuram Corporation","08-Jan-2026","30-Jan-2026","260000","Sanction"
"645","Normal/Others","WS/MP102/2025-2026/246655-Lighting of public spaces","Kerala","MALAPPURAM(DISTRICT COLLECTOR MALAPPURAM_IDA)","Smt. Jebi Mather Hisham (2022-28) (2022-2028)","Elected MP","Installation of Highmast light at Keezhuparamba Town, Keezhuparamba Grama Panchayath","07-Nov-2025","14-Jan-2026","450000","Sanction"
"646","Normal/Others","WS/MP102/2025-2026/246657-Lighting of public spaces","Kerala","MALAPPURAM(DISTRICT COLLECTOR MALAPPURAM_IDA)","Smt. Jebi Mather Hisham (2022-28) (2022-2028)","Elected MP","Installation of High Mast light at Athanikkal, Kavanoor Grama Panchayath","07-Nov-2025","16-Jan-2026","450000","Sanction"
"647","Normal/Others","WS/MP18405/2026-2027/246766-Lighting of public spaces","Kerala","WAYANAD(DISTRICT COLLECTOR WAYANAD_IDA)","Shri P. P. Suneer (2024-30) (2024-2030)","Elected MP","Installation of Solar Mini Mast Light at Chellankode -Edakkode-ST  Nagar Ward-9 of Moopainad GP","07-Nov-2025","15-Jul-2026","300000","Sanction"
"648","Normal/Others","WS/MP18405/2026-2027/246767-Lighting of public spaces","Kerala","WAYANAD(DISTRICT COLLECTOR WAYANAD_IDA)","Shri P. P. Suneer (2024-30) (2024-2030)","Elected MP","Installation of Solar Mini Mast Light at Chellankode -Edakkode-ST  Nagar Kurisu Kavala Ward-9 of Moopainad GP","07-Nov-2025","15-Jul-2026","300000","Physical Inspection"
"649","Normal/Others","WS/MP18329/2025-2026/255732-Lighting of public spaces","Kerala","KOLLAM(DISTRICT COLLECTOR KOLLAM_IDA)","Shri Haris Beeran (2024-30) (2024-2030)","Elected MP","Installation of Minimast Light in Thekkumbhagam Auditorium Jn","27-Dec-2025","27-Jan-2026","200000","Sanction"
"650","Normal/Others","WS/MP18329/2025-2026/255733-Lighting of public spaces","Kerala","KOLLAM(DISTRICT COLLECTOR KOLLAM_IDA)","Shri Haris Beeran (2024-30) (2024-2030)","Elected MP","Installation of Minimast Light Minimax Lights in  Thekkumbhagam Beach","27-Dec-2025","17-Jan-2026","200000","Sanction"
"651","Normal/Others","WS/MP18405/2025-2026/257567-Lighting of public spaces","Kerala","MALAPPURAM(DISTRICT COLLECTOR MALAPPURAM_IDA)","Shri P. P. Suneer (2024-30) (2024-2030)","Elected MP","Setting up of Solar Mini Mast light at ward -14 of Perumpadappu GP Ayroor Centre","16-Jan-2026","22-Jan-2026","293975","Physical Inspection"
"652","Normal/Others","WS/MP18405/2025-2026/257568-Lighting of public spaces","Kerala","MALAPPURAM(DISTRICT COLLECTOR MALAPPURAM_IDA)","Shri P. P. Suneer (2024-30) (2024-2030)","Elected MP","Installation of Solar Mini Mast Light at  Ward-15 of Ozhur GP of Tirur  Taluk(at Junction Near Thalakkattoor Issathul Islam Madrassa)","16-Jan-2026","30-Jan-2026","299838","Physical Inspection"
"653","Normal/Others","WS/MP18405/2026-2027/257572-Lighting of public spaces","Kerala","MALAPPURAM(DISTRICT COLLECTOR MALAPPURAM_IDA)","Shri P. P. Suneer (2024-30) (2024-2030)","Elected MP","Installation of Solar Mini Mast Light at Ward-23 of Malappuram Municipality Right Side Puzhakkadavu Road from Bypass -Palli Junction","16-Jan-2026","23-May-2026","300000","Sanction"
"654","Normal/Others","WS/MP102/2025-2026/258773-Lighting of public spaces","Kerala","ALAPPUZHA(DISTRICT COLLECTOR ALAPPUZHA_IDA)","Smt. Jebi Mather Hisham (2022-28) (2022-2028)","Elected MP","Installation of Mini Mast Light - Near Koyickal Sri Subrahmanya Temple","12-Jan-2026","05-Feb-2026","250000","Physical Inspection"
"655","Normal/Others","WS/MP095/2025-2026/261142-Lighting of public spaces","Kerala","THIRUVANANTHAPURAM(DISTRICT COLLECTOR THIRUVANANTHAPURAM_IDA)","Shri A. A. Rahim (2022-28) (2022-2028)","Elected MP","To provide Minimast Light at Vembayam Near Vembayam Juma Masjid ,Manikkal GP","23-Jan-2026","30-Jan-2026","260000","Sanction"
"656","Normal/Others","WS/MP095/2025-2026/261145-Lighting of public spaces","Kerala","THIRUVANANTHAPURAM(DISTRICT COLLECTOR THIRUVANANTHAPURAM_IDA)","Shri A. A. Rahim (2022-28) (2022-2028)","Elected MP","To provide minimast light in front of Attukal Temple,Attukal Ward,Thiruvananthapuram Corporation,TVPM District","23-Jan-2026","30-Jan-2026","235332","Physical Inspection"
"657","Normal/Others","WS/MP095/2025-2026/261146-Lighting of public spaces","Kerala","THIRUVANANTHAPURAM(DISTRICT COLLECTOR THIRUVANANTHAPURAM_IDA)","Shri A. A. Rahim (2022-28) (2022-2028)","Elected MP","To provide Minimast Light at Makkulam Junction ,KesavadasaPuram Ward, Thiruvannthapuram Corporation ,Thiruvannthapuram Dist.","23-Jan-2026","30-Jan-2026","260000","Sanction"
"658","Normal/Others","WS/MP095/2025-2026/261148-Lighting of public spaces","Kerala","THIRUVANANTHAPURAM(DISTRICT COLLECTOR THIRUVANANTHAPURAM_IDA)","Shri A. A. Rahim (2022-28) (2022-2028)","Elected MP","Installation of a Minimast Light Near Thennoor Devi Temple, Thennoor, Pirappancode Ward, Manickal Grama Panchayath","23-Jan-2026","30-Jan-2026","260000","Sanction"
"659","Normal/Others","WS/MP095/2025-2026/261155-Lighting of public spaces","Kerala","THIRUVANANTHAPURAM(DISTRICT COLLECTOR THIRUVANANTHAPURAM_IDA)","Shri A. A. Rahim (2022-28) (2022-2028)","Elected MP","Installation of a Minimast Light Near Velavoor Muslim Jemath, Velavoor ward, Manickal Grama Panchayath","23-Jan-2026","30-Jan-2026","260000","Sanction"
"660","Normal/Others","WS/MP18329/2026-2027/266771-Lighting of public spaces","Kerala","KOTTAYAM(DISTRICT COLLECTOR KOTTAYAM_IDA)","Shri Haris Beeran (2024-30) (2024-2030)","Elected MP","Installation of Mini mast mast light  kanjirapalli town, , Kanjirappally Petta Jn","08-Feb-2026","31-Aug-2026","200000","Sanction"
"661","Normal/Others","WS/MP096/2025-2026/269871-Lighting of public spaces","Kerala","MALAPPURAM(DISTRICT COLLECTOR MALAPPURAM_IDA)","Shri Abdul Wahab (2021-27) (2021-2027)","Elected MP","Installing of Medium mast light at Punchakunnu junction, Ward No. 07 Amarambalam Panchayat","20-Feb-2026","26-Feb-2026","318000","Sanction"
"662","Normal/Others","WS/MP096/2025-2026/272311-Lighting of public spaces","Kerala","KASARAGOD(DISTRICT COLLECTOR KASARAGOD_IDA)","Shri Abdul Wahab (2021-27) (2021-2027)","Elected MP","Setting up of Lowmast light at Bayikotta Accademy campus, Ward no.18, Paivalike Panchayat","04-Mar-2026","05-Mar-2026","200000","Sanction"
"663","Normal/Others","WS/MP096/2025-2026/272616-Lighting of public spaces","Kerala","KASARAGOD(DISTRICT COLLECTOR KASARAGOD_IDA)","Shri Abdul Wahab (2021-27) (2021-2027)","Elected MP","Setting up of Low mast light at Chuzhikkayam - Pallithatt, ward No. 17, West Eleri Panchayat","06-Mar-2026","12-Mar-2026","210000","Sanction"
"664","Normal/Others","WS/MP101/2026-2027/282437-Lighting of public spaces","Kerala","THIRUVANANTHAPURAM(DISTRICT COLLECTOR THIRUVANANTHAPURAM_IDA)","Shri Sandosh Kumar P (2022-28) (2022-2028)","Elected MP","Installation of Mini Mast Light at Keezhattuvila SC Colony In Maranalloor Grama Panchayath","20-May-2026","27-Jun-2026","255470","Physical Inspection"
"665","Normal/Others","WS/MP101/2026-2027/282438-Lighting of public spaces","Kerala","THIRUVANANTHAPURAM(DISTRICT COLLECTOR THIRUVANANTHAPURAM_IDA)","Shri Sandosh Kumar P (2022-28) (2022-2028)","Elected MP","Installation Of Mini Mast Light at KIllikkottukonam SC colony In Maranallor Grama Panchayath","20-May-2026","27-Jun-2026","255470","Physical Inspection"
"666","Normal/Others","WS/MP101/2026-2027/282439-Lighting of public spaces","Kerala","THIRUVANANTHAPURAM(DISTRICT COLLECTOR THIRUVANANTHAPURAM_IDA)","Shri Sandosh Kumar P (2022-28) (2022-2028)","Elected MP","Instalation Of Mini Mast Light at Paravila SC Colony  In Maranallor Grama Panchayath","20-May-2026","27-Jun-2026","255470","Physical Inspection"
"667","Normal/Others","WS/MP101/2026-2027/282440-Lighting of public spaces","Kerala","THIRUVANANTHAPURAM(DISTRICT COLLECTOR THIRUVANANTHAPURAM_IDA)","Shri Sandosh Kumar P (2022-28) (2022-2028)","Elected MP","Installation Of Mini Mast Light at Malavila SC Colony  In Maranallor Grama Panchayath","20-May-2026","04-Aug-2026","255470","Physical Inspection"
"668","Normal/Others","WS/MP18329/2026-2027/292520-Lighting of public spaces","Kerala","ERNAKULAM(DISTRICT COLLECTOR ERNAKULAM_IDA)","Shri Haris Beeran (2024-30) (2024-2030)","Elected MP","Installation of Mini Mast Light at Injippara Madrasa Padi","03-Aug-2026","20-Aug-2026","198500","Sanction"
"669","Normal/Others","WS/MP100/2025-2026/172418-Improvement of electricity distribution infrastructure","Kerala","KOTTAYAM(DISTRICT COLLECTOR KOTTAYAM_IDA)","Shri Jose K. Mani (2024-30) (2024-2030)","Elected MP","Installation of Street main at Koodalloor Vayala Road Kollappally Koshapally Road Kashamkutty Thalanilkkumtharappil Road KSEB Kidangoor Division","04-Feb-2025","13-May-2025","170000","Vendor Identification"
"670","Normal/Others","WS/MP100/2025-2026/172451-Improvement of electricity distribution infrastructure","Kerala","KOTTAYAM(DISTRICT COLLECTOR KOTTAYAM_IDA)","Shri Jose K. Mani (2024-30) (2024-2030)","Elected MP","Installation of street main at Karamkutty Thalanilkkumtharappil road Poovattinchira Uppamthozhukayil road Kulangarapady Chundalikattupady road Vettikulanga road KSEB Kuravilangad Division","04-Feb-2025","13-May-2025","420000","Work partially Completed"
"671","Normal/Others","WS/MP096/2026-2027/283453-Improvement of electricity distribution infrastructure","Kerala","MALAPPURAM(DISTRICT COLLECTOR MALAPPURAM_IDA)","Shri Abdul Wahab (2021-27) (2021-2027)","Elected MP","Drawing Street main line at Pattikkad West, Ward No.14, Keezhattoor Panchayat","24-May-2026","16-Jul-2026","653000","Vendor Identification"
"672","Trust and Society","WS/MP096/2025-2026/180743-Setting up public non-conventional energy plants","Kerala","MALAPPURAM(DISTRICT COLLECTOR MALAPPURAM_IDA)","Shri Abdul Wahab (2021-27) (2021-2027)","Elected MP","Installing of solar power plant at Sullamusalam Science College, Areekode, Areekode Panchayat","10-Mar-2025","03-Jul-2025","948100","Physical Inspection"
"673","Normal/Others","WS/MP099/2026-2027/140169-Street lights","Kerala","KANNUR(DISTRICT COLLECTOR KANNUR_IDA)","Dr. John Brittas (2021-27) (2021-2027)","Elected MP","Purchase and installation of one Mini Mast Light  at A.K.G Nagar, Nediyenga Village, Sreekandapuram Municipality, Kannur District","10-Sep-2024","13-May-2026","175000","Physical Inspection"
"674","Normal/Others","WS/MP099/2026-2027/150286-Street lights","Kerala","KANNUR(DISTRICT COLLECTOR KANNUR_IDA)","Dr. John Brittas (2021-27) (2021-2027)","Elected MP","Purchase and installation of one Mini Mast Light at a suitable location in front of St. Augustine’s    Church and St. Joseph’s U.P School, Ward No. X, Naduvil Grama Panchayat, Kannur District","01-Nov-2024","04-Aug-2026","175000","Sanction"
"675","Normal/Others","WS/MP099/2025-2026/152179-Street lights","Kerala","KANNUR(DISTRICT COLLECTOR KANNUR_IDA)","Dr. John Brittas (2021-27) (2021-2027)","Elected MP","Purchase and installation of one Mini Mast Light at Venkunnu Kavala, XI Ward, Naduvil Grama Panchayat, Kannur District","12-Nov-2024","01-Aug-2025","174208","Physical Inspection"
"676","Normal/Others","WS/MP099/2024-2025/152180-Street lights","Kerala","KANNUR(DISTRICT COLLECTOR KANNUR_IDA)","Dr. John Brittas (2021-27) (2021-2027)","Elected MP","Purchase and installation of one Mini Mast Light at Kunithala Mukku (A. S Nagar), XII Ward, Peravoor Grama Panchayat, Kannur District","12-Nov-2024","17-Mar-2025","174176","Physical Inspection"
"677","Normal/Others","WS/MP100/2025-2026/158015-Street lights","Kerala","KOTTAYAM(DISTRICT COLLECTOR KOTTAYAM_IDA)","Shri Jose K. Mani (2024-30) (2024-2030)","Elected MP","Installation of Street main at Neeralakkode –Thoppil area KSEB : Kaduthuruthy Section","11-Dec-2024","16-Jul-2025","620000","Vendor Identification"
"678","Normal/Others","WS/MP100/2026-2027/201970-Street lights","Kerala","THRISSUR(DISTRICT COLLECTOR THRISSUR_IDA)","Shri Jose K. Mani (2024-30) (2024-2030)","Elected MP","Supply and Installation of  Solar Street light at Muringoor Railway Bridge","21-May-2025","01-Jul-2026","600000","Sanction"
"679","Normal/Others","WS/MP100/2026-2027/202434-Street lights","Kerala","KOTTAYAM(DISTRICT COLLECTOR KOTTAYAM_IDA)","Shri Jose K. Mani (2024-30) (2024-2030)","Elected MP","Installation of Street main at Pandiyala  Parappuram Road Kuttikkal Jn KSEB  Marangattupilly","22-May-2025","15-May-2026","500000","Vendor Identification"
"680","Normal/Others","WS/MP099/2024-2025/90968-Purchase Books for Library","Kerala","THRISSUR(DISTRICT COLLECTOR THRISSUR_IDA)","Dr. John Brittas (2021-27) (2021-2027)","Elected MP","Purchase of Books for Don Bosco Higher Secondary School, Mullakkara, Mannuthy, Thrissur Municipal Corporation, Thrissur District – 680651","29-Jan-2024","05-Aug-2024","13720","Physical Inspection"
"681","Normal/Others","WS/MP099/2024-2025/133002-Purchase Books for Library","Kerala","KANNUR(DISTRICT COLLECTOR KANNUR_IDA)","Dr. John Brittas (2021-27) (2021-2027)","Elected MP","Purchase and distribution of books to the Kannur Central Jail Library at Central Prison & Corretional  Home, Kannur Municipal Corporation.","05-Jul-2024","07-Aug-2024","50000","Physical Inspection"
"682","Normal/Others","WS/MP096/2025-2026/238407-Purchase Books for Library","Kerala","MALAPPURAM(DISTRICT COLLECTOR MALAPPURAM_IDA)","Shri Abdul Wahab (2021-27) (2021-2027)","Elected MP","Purchasing of Books for Grama Malayalam Library and Reading room, Ward No. 05, Karulai Panchayat","27-Sep-2025","14-Jan-2026","50000","Physical Inspection"
"683","Normal/Others","WS/MP099/2024-2025/133008-Laptop/Computer","Kerala","KANNUR(DISTRICT COLLECTOR KANNUR_IDA)","Dr. John Brittas (2021-27) (2021-2027)","Elected MP","Purchase of Computers for Govt Higher Secondary School, Prapoyil","05-Jul-2024","07-Feb-2025","282256","Physical Inspection"
"684","Normal/Others","WS/MP099/2024-2025/133020-Laptop/Computer","Kerala","THRISSUR(DISTRICT COLLECTOR THRISSUR_IDA)","Dr. John Brittas (2021-27) (2021-2027)","Elected MP","Purchase of two Multimedia Projectors and Five Laptop Computers for Don Bosco Higher Secondary School, Mullakkara, Mannuthy, Thrissur Municipal Corporation, Thrissur District – 680651","05-Jul-2024","07-Dec-2024","238531","Physical Inspection"
"685","Normal/Others","WS/MP101/2026-2027/186008-Construction of roads, link roads, pathways or any other road with or without drainage system","Kerala","KANNUR(DISTRICT COLLECTOR KANNUR_IDA)","Shri Sandosh Kumar P (2022-28) (2022-2028)","Elected MP","Construction of Road at Cheriya Areekkamal Vellilam Thodika","24-Mar-2025","20-Jul-2026","2000000","Physical Inspection"
"686","Normal/Others","WS/MP101/2025-2026/186016-Construction of roads, link roads, pathways or any other road with or without drainage system","Kerala","KANNUR(DISTRICT COLLECTOR KANNUR_IDA)","Shri Sandosh Kumar P (2022-28) (2022-2028)","Elected MP","Construction of Peratta byepass road road","24-Mar-2025","29-Aug-2025","1000000","Physical Inspection"
"687","Normal/Others","WS/MP094/2025-2026/190554-Construction of roads, link roads, pathways or any other road with or without drainage system","Kerala","KANNUR(DISTRICT COLLECTOR KANNUR_IDA)","Dr. V. Sivadasan (2021-27) (2021-2027)","Elected MP","Chengome Stadium Puliyam Kavu Road Concreting (ward 6), Kanichar Panjayath","11-Apr-2025","09-Jan-2026","803077","Physical Inspection"
"688","Normal/Others","WS/MP094/2025-2026/190566-Construction of roads, link roads, pathways or any other road with or without drainage system","Kerala","KANNUR(DISTRICT COLLECTOR KANNUR_IDA)","Dr. V. Sivadasan (2021-27) (2021-2027)","Elected MP","Nellikkunnu Jawan Road Concreting (ward  6) kanichar GP","11-Apr-2025","09-Jan-2026","813754","Physical Inspection"
"689","Normal/Others","WS/MP096/2025-2026/190714-Construction of roads, link roads, pathways or any other road with or without drainage system","Kerala","MALAPPURAM(DISTRICT COLLECTOR MALAPPURAM_IDA)","Shri Abdul Wahab (2021-27) (2021-2027)","Elected MP","Construction of Churangara Tharayil peedika prakuzhi road to Thalakkattoor churangara road or pathway Ward no 15 Ozhur Panchayat","12-Apr-2025","14-Jan-2026","818329","Physical Inspection"
"690","Repair and Renovation","WS/MP096/2025-2026/190716-Construction of roads, link roads, pathways or any other road with or without drainage system","Kerala","MALAPPURAM(DISTRICT COLLECTOR MALAPPURAM_IDA)","Shri Abdul Wahab (2021-27) (2021-2027)","Elected MP","Construction of Mulepadam  Alakkal  Vijaya puram road or pathway ward no 14 Chaliyar Panchayat","12-Apr-2025","14-Jan-2026","2412739","Physical Inspection"
"691","Normal/Others","WS/MP096/2025-2026/190717-Construction of roads, link roads, pathways or any other road with or without drainage system","Kerala","MALAPPURAM(DISTRICT COLLECTOR MALAPPURAM_IDA)","Shri Abdul Wahab (2021-27) (2021-2027)","Elected MP","Construction of Ayanikkad Billoonikkunnu road or pathway ward no 38 Malappuram Municipality","12-Apr-2025","16-Jan-2026","3633700","Physical Inspection"
"692","Normal/Others","WS/MP096/2025-2026/190798-Construction of roads, link roads, pathways or any other road with or without drainage system","Kerala","MALAPPURAM(DISTRICT COLLECTOR MALAPPURAM_IDA)","Shri Abdul Wahab (2021-27) (2021-2027)","Elected MP","Construction of SNDP Vasudevanpadi road or pathway, Ward No.16, Edakkara Panchayat","12-Apr-2025","14-Jan-2026","384352","Physical Inspection"
"693","Normal/Others","WS/MP100/2026-2027/207574-Construction of roads, link roads, pathways or any other road with or without drainage system","Kerala","KOZHIKODE(DISTRICT COLLECTOR KOZHIKODE_IDA)","Shri Jose K. Mani (2024-30) (2024-2030)","Elected MP","Construction of Kayanna Govt U P School Nelloolithara Alorachalil Road","09-Jun-2025","11-Aug-2026","600000","Sanction"
"694","Normal/Others","WS/MP100/2025-2026/207575-Construction of roads, link roads, pathways or any other road with or without drainage system","Kerala","IDUKKI(DISTRICT COLLECTOR IDUKKI_IDA)","Shri Jose K. Mani (2024-30) (2024-2030)","Elected MP","Construction of Meppara Chekuthanmala Road","09-Jun-2025","31-Oct-2025","500000","Physical Inspection"
"695","Normal/Others","WS/MP101/2026-2027/207847-Construction of roads, link roads, pathways or any other road with or without drainage system","Kerala","KANNUR(DISTRICT COLLECTOR KANNUR_IDA)","Shri Sandosh Kumar P (2022-28) (2022-2028)","Elected MP","Construction of poothadi fire works -Mariyan Poyil Road","10-Jun-2025","04-Aug-2026","1000000","Sanction"
"696","Normal/Others","WS/MP101/2025-2026/207850-Construction of roads, link roads, pathways or any other road with or without drainage system","Kerala","ALAPPUZHA(DISTRICT COLLECTOR ALAPPUZHA_IDA)","Shri Sandosh Kumar P (2022-28) (2022-2028)","Elected MP","Vadakkekkatt colony Punnakkal Road Construction Ward No.18 Thuravoor GP","10-Jun-2025","08-Jul-2025","2000000","Sanction"
"697","Normal/Others","WS/MP096/2024-2025/117361-Construction of roads, link roads, pathways or any other road with or without drainage system","Kerala","IDUKKI(DISTRICT COLLECTOR IDUKKI_IDA)","Shri Abdul Wahab (2021-27) (2021-2027)","Elected MP","Marthoma M S Colony - Parekkandam Link road/Pathway, Ward No.11, Edavetty Panchayat","29-Feb-2024","05-Jul-2024","464853","Physical Inspection"
"698","Normal/Others","WS/MP18329/2025-2026/212527-Construction of roads, link roads, pathways or any other road with or without drainage system","Kerala","ERNAKULAM(DISTRICT COLLECTOR ERNAKULAM_IDA)","Shri Haris Beeran (2024-30) (2024-2030)","Elected MP","Construction of a concrete chappath and tile paving IAY Colony Road","10-Sep-2025","29-Sep-2025","500000","Sanction"
"699","Normal/Others","WS/MP18329/2025-2026/232403-Construction of roads, link roads, pathways or any other road with or without drainage system","Kerala","KANNUR(DISTRICT COLLECTOR KANNUR_IDA)","Shri Haris Beeran (2024-30) (2024-2030)","Elected MP","Tarring work  - Ramanthali Village Office Shmashanam - Pulukku Ara Road","10-Sep-2025","11-Nov-2025","1300000","Sanction"
"700","Normal/Others","WS/MP18329/2026-2027/232440-Construction of roads, link roads, pathways or any other road with or without drainage system","Kerala","KOLLAM(DISTRICT COLLECTOR KOLLAM_IDA)","Shri Haris Beeran (2024-30) (2024-2030)","Elected MP","Kaleelil Kizhakk Muttath Road Concrete","10-Sep-2025","24-Jun-2026","500000","Physical Inspection"
"701","Normal/Others","WS/MP18329/2025-2026/232558-Construction of roads, link roads, pathways or any other road with or without drainage system","Kerala","KOLLAM(DISTRICT COLLECTOR KOLLAM_IDA)","Shri Haris Beeran (2024-30) (2024-2030)","Elected MP","Construction of Cherupilakkal- KK Wire Cut Bricks Road","10-Sep-2025","10-Feb-2026","500000","Physical Inspection"
"702","Normal/Others","WS/MP18329/2025-2026/232561-Construction of roads, link roads, pathways or any other road with or without drainage system","Kerala","KOLLAM(DISTRICT COLLECTOR KOLLAM_IDA)","Shri Haris Beeran (2024-30) (2024-2030)","Elected MP","Construction of Punchiri Junction Road (Concrete Work)","10-Sep-2025","20-Feb-2026","500000","Sanction"
"703","Normal/Others","WS/MP18329/2025-2026/232563-Construction of roads, link roads, pathways or any other road with or without drainage system","Kerala","KOLLAM(DISTRICT COLLECTOR KOLLAM_IDA)","Shri Haris Beeran (2024-30) (2024-2030)","Elected MP","Construction of Mekkattu - Bhagam Kottappuram Bhagam Road- Concrete Work","10-Sep-2025","25-Feb-2026","500000","Work partially Completed"
"704","Normal/Others","WS/MP18329/2025-2026/232572-Construction of roads, link roads, pathways or any other road with or without drainage system","Kerala","KOLLAM(DISTRICT COLLECTOR KOLLAM_IDA)","Shri Haris Beeran (2024-30) (2024-2030)","Elected MP","Construction of Kolassery Junction - Perumana Junction Road (Concrete Work)","10-Sep-2025","10-Feb-2026","500000","Sanction"
"705","Normal/Others","WS/MP18329/2026-2027/232573-Construction of roads, link roads, pathways or any other road with or without drainage system","Kerala","KOLLAM(DISTRICT COLLECTOR KOLLAM_IDA)","Shri Haris Beeran (2024-30) (2024-2030)","Elected MP","Construction of Plavila-Mugaluvila Road (Concrete Work)","10-Sep-2025","15-Jul-2026","500000","Sanction"
"706","Normal/Others","WS/MP18329/2025-2026/232575-Construction of roads, link roads, pathways or any other road with or without drainage system","Kerala","IDUKKI(DISTRICT COLLECTOR IDUKKI_IDA)","Shri Haris Beeran (2024-30) (2024-2030)","Elected MP","Construction of river view road, Ward 4 Kanjar,Kudayathoor Panchayat,  Elamdesam Block, Idukki District.","10-Sep-2025","14-Jan-2026","500000","Sanction"
"707","Normal/Others","WS/MP096/2025-2026/237553-Construction of roads, link roads, pathways or any other road with or without drainage system","Kerala","MALAPPURAM(DISTRICT COLLECTOR MALAPPURAM_IDA)","Shri Abdul Wahab (2021-27) (2021-2027)","Elected MP","Construction of Muppini  Nanipadi road or pathway, Ward no.14, Edakkara Panchayat","25-Sep-2025","14-Jan-2026","500000","Sanction"
"708","Normal/Others","WS/MP096/2025-2026/237554-Construction of roads, link roads, pathways or any other road with or without drainage system","Kerala","MALAPPURAM(DISTRICT COLLECTOR MALAPPURAM_IDA)","Shri Abdul Wahab (2021-27) (2021-2027)","Elected MP","Construction of Valoringal Anganvadi road or pathway, Ward no.08, Thiruvali Panchayat","25-Sep-2025","09-Feb-2026","250000","Sanction"
"709","Repair and Renovation","WS/MP096/2026-2027/237558-Construction of roads, link roads, pathways or any other road with or without drainage system","Kerala","KOZHIKODE(DISTRICT COLLECTOR KOZHIKODE_IDA)","Shri Abdul Wahab (2021-27) (2021-2027)","Elected MP","Construction of Karukulathil thazhe Kannati LP School road or pathway, Ward no.11, Changaroth Panchayat","25-Sep-2025","10-Aug-2026","1000000","Sanction"
"710","Normal/Others","WS/MP096/2025-2026/237565-Construction of roads, link roads, pathways or any other road with or without drainage system","Kerala","MALAPPURAM(DISTRICT COLLECTOR MALAPPURAM_IDA)","Shri Abdul Wahab (2021-27) (2021-2027)","Elected MP","Construction of Kalathilpadi Durgadevi Kshethram road or pathway, Ward No.12, Muthuvallur Panchayat","25-Sep-2025","14-Jan-2026","708470","Physical Inspection"
"711","Normal/Others","WS/MP096/2025-2026/237569-Construction of roads, link roads, pathways or any other road with or without drainage system","Kerala","MALAPPURAM(DISTRICT COLLECTOR MALAPPURAM_IDA)","Shri Abdul Wahab (2021-27) (2021-2027)","Elected MP","Construction of Poosali road or pathway, Ward No.7, Nannammukku Panchayat","25-Sep-2025","14-Jan-2026","395174","Physical Inspection"
"712","Normal/Others","WS/MP096/2025-2026/237570-Construction of roads, link roads, pathways or any other road with or without drainage system","Kerala","MALAPPURAM(DISTRICT COLLECTOR MALAPPURAM_IDA)","Shri Abdul Wahab (2021-27) (2021-2027)","Elected MP","Construction of Kottarath road or pathway, Ward No.7, Nannammukku Panchayat","25-Sep-2025","14-Jan-2026","300000","Sanction"
"713","Normal/Others","WS/MP101/2026-2027/237715-Construction of roads, link roads, pathways or any other road with or without drainage system","Kerala","KANNUR(DISTRICT COLLECTOR KANNUR_IDA)","Shri Sandosh Kumar P (2022-28) (2022-2028)","Elected MP","Construction of panchayath  Mukku- Edadathil Thazhe  Manchal Siva Temple road","25-Sep-2025","10-Aug-2026","1000000","Sanction"
"714","Repair and Renovation","WS/MP096/2025-2026/238396-Construction of roads, link roads, pathways or any other road with or without drainage system","Kerala","MALAPPURAM(DISTRICT COLLECTOR MALAPPURAM_IDA)","Shri Abdul Wahab (2021-27) (2021-2027)","Elected MP","Construction of Kaliyeparamb  Cholakkal road  or pathway, Ward no.12, Pookkottur panchayat","27-Sep-2025","15-Jan-2026","473538","Physical Inspection"
"715","Normal/Others","WS/MP096/2025-2026/240461-Construction of roads, link roads, pathways or any other road with or without drainage system","Kerala","MALAPPURAM(DISTRICT COLLECTOR MALAPPURAM_IDA)","Shri Abdul Wahab (2021-27) (2021-2027)","Elected MP","Construction of Parakkapadam  Paramala road or pathway, Ward No.15, Amarambalam Panchayat","07-Oct-2025","14-Jan-2026","250000","Sanction"
"716","Normal/Others","WS/MP096/2025-2026/240462-Construction of roads, link roads, pathways or any other road with or without drainage system","Kerala","MALAPPURAM(DISTRICT COLLECTOR MALAPPURAM_IDA)","Shri Abdul Wahab (2021-27) (2021-2027)","Elected MP","Construction of Ellumparamb  Ponamkallu road or pathway, Ward No.06, Amarambalam Panchayat","07-Oct-2025","14-Jan-2026","250000","Sanction"
"717","Normal/Others","WS/MP096/2026-2027/240463-Construction of roads, link roads, pathways or any other road with or without drainage system","Kerala","MALAPPURAM(DISTRICT COLLECTOR MALAPPURAM_IDA)","Shri Abdul Wahab (2021-27) (2021-2027)","Elected MP","Construction of Shanipadi road or pathway, Ward No.13, Amarambalam Panchayat","07-Oct-2025","23-May-2026","200000","Sanction"
"718","Normal/Others","WS/MP096/2025-2026/240465-Construction of roads, link roads, pathways or any other road with or without drainage system","Kerala","MALAPPURAM(DISTRICT COLLECTOR MALAPPURAM_IDA)","Shri Abdul Wahab (2021-27) (2021-2027)","Elected MP","Construction of Muthukad Arjundas Smaraka road or pathway, Ward no.21, Nilambur Municipality","07-Oct-2025","23-Feb-2026","420000","Sanction"
"719","Normal/Others","WS/MP18329/2026-2027/243244-Construction of roads, link roads, pathways or any other road with or without drainage system","Kerala","KOTTAYAM(DISTRICT COLLECTOR KOTTAYAM_IDA)","Shri Haris Beeran (2024-30) (2024-2030)","Elected MP","Installation of a mini mast light in front of Erathuvadakara Jamat Masjid","28-Oct-2025","29-May-2026","200000","Sanction"
"720","Normal/Others","WS/MP095/2025-2026/243539-Construction of roads, link roads, pathways or any other road with or without drainage system","Kerala","ERNAKULAM(DISTRICT COLLECTOR ERNAKULAM_IDA)","Shri A. A. Rahim (2022-28) (2022-2028)","Elected MP","New Road Madhura Company Palam,Palluruthi Approach Road,Ward 14,Kochi Corporation ,EKM District","24-Oct-2025","03-Feb-2026","14000000","Work partially Completed"
"721","Normal/Others","WS/MP095/2025-2026/243540-Construction of roads, link roads, pathways or any other road with or without drainage system","Kerala","ERNAKULAM(DISTRICT COLLECTOR ERNAKULAM_IDA)","Shri A. A. Rahim (2022-28) (2022-2028)","Elected MP","Construction of New Road   Kuttampuzha-Pinavoorkudi Anandhankudi Road ,Kuttampuzha Grama Panchayath ,Ernakulam Dist.","24-Oct-2025","24-Oct-2025","3525075","Physical Inspection"
"722","Normal/Others","WS/MP100/2026-2027/245927-Construction of roads, link roads, pathways or any other road with or without drainage system","Kerala","KOTTAYAM(DISTRICT COLLECTOR KOTTAYAM_IDA)","Shri Jose K. Mani (2024-30) (2024-2030)","Elected MP","Construction of Pampackal pady - Koottumkal parambu Road","04-Nov-2025","15-May-2026","300000","Sanction"
"723","Normal/Others","WS/MP18405/2025-2026/246094-Construction of roads, link roads, pathways or any other road with or without drainage system","Kerala","THRISSUR(DISTRICT COLLECTOR THRISSUR_IDA)","Shri P. P. Suneer (2024-30) (2024-2030)","Elected MP","Kulamannil Road Construction Ward-9 Karalam GP","05-Nov-2025","12-Mar-2026","700000","Sanction"
"724","Normal/Others","WS/MP18405/2025-2026/246096-Construction of roads, link roads, pathways or any other road with or without drainage system","Kerala","THRISSUR(DISTRICT COLLECTOR THRISSUR_IDA)","Shri P. P. Suneer (2024-30) (2024-2030)","Elected MP","Construction of Karekkada Kesavan Road at Ward-9 Karalam GramaPanchayat","05-Nov-2025","12-Mar-2026","400000","Sanction"
"725","Normal/Others","WS/MP18405/2025-2026/228378-Construction of roads, link roads, pathways or any other road with or without drainage system","Kerala","MALAPPURAM(DISTRICT COLLECTOR MALAPPURAM_IDA)","Shri P. P. Suneer (2024-30) (2024-2030)","Elected MP","Concrete Work of Kunnath Velayudhan Road","23-Aug-2025","14-Jan-2026","827307","Physical Inspection"
"726","Normal/Others","WS/MP096/2026-2027/233087-Construction of roads, link roads, pathways or any other road with or without drainage system","Kerala","KOZHIKODE(DISTRICT COLLECTOR KOZHIKODE_IDA)","Shri Abdul Wahab (2021-27) (2021-2027)","Elected MP","Construction of Chuzhalikkara Puliyarakkal road or pathway, Ward No.17, Kizhakkoth Panchayat","12-Sep-2025","13-Jul-2026","500000","Physical Inspection"
"727","Normal/Others","WS/MP099/2026-2027/235406-Construction of roads, link roads, pathways or any other road with or without drainage system","Kerala","KANNUR(DISTRICT COLLECTOR KANNUR_IDA)","Dr. John Brittas (2021-27) (2021-2027)","Elected MP","Tarring of Kolerivayal Koottumukham Vayanasala Road, Sreekandapuram Municipality, Kannur District","15-Oct-2025","16-May-2026","500000","Sanction"
"728","Normal/Others","WS/MP096/2025-2026/257544-Construction of roads, link roads, pathways or any other road with or without drainage system","Kerala","MALAPPURAM(DISTRICT COLLECTOR MALAPPURAM_IDA)","Shri Abdul Wahab (2021-27) (2021-2027)","Elected MP","Construction of Side protection of Theatre road, ward no.02, Karulai Panchayat","06-Jan-2026","17-Mar-2026","750000","Sanction"
"729","Normal/Others","WS/MP102/2025-2026/258776-Construction of roads, link roads, pathways or any other road with or without drainage system","Kerala","ALAPPUZHA(DISTRICT COLLECTOR ALAPPUZHA_IDA)","Smt. Jebi Mather Hisham (2022-28) (2022-2028)","Elected MP","Construction of Thazhchayil Road (Concrete), Punnamada Ward, Alappuzha Municipality","12-Jan-2026","05-Feb-2026","200000","Sanction"
"730","Normal/Others","WS/MP18329/2025-2026/259893-Construction of roads, link roads, pathways or any other road with or without drainage system","Kerala","KOLLAM(DISTRICT COLLECTOR KOLLAM_IDA)","Shri Haris Beeran (2024-30) (2024-2030)","Elected MP","Cheenitharamukku-Valiyath GMLPS Road Middle Portion Concrete - Ward 03, Memana North, Oachira Panchayath","08-Feb-2026","25-Feb-2026","500000","Sanction"
"731","Normal/Others","WS/MP095/2025-2026/261157-Construction of roads, link roads, pathways or any other road with or without drainage system","Kerala","THIRUVANANTHAPURAM(DISTRICT COLLECTOR THIRUVANANTHAPURAM_IDA)","Shri A. A. Rahim (2022-28) (2022-2028)","Elected MP","Construction of a concrete road from Kuzhiyil Mukku to Kizhakkupuram, Panchamkulam, Ward 27 in Attingal Municipality","23-Jan-2026","04-Feb-2026","1500000","Sanction"
"732","Normal/Others","WS/MP101/2024-2025/158160-Construction of culverts and bridges","Kerala","KANNUR(DISTRICT COLLECTOR KANNUR_IDA)","Shri Sandosh Kumar P (2022-28) (2022-2028)","Elected MP","construction of culvert in the puthiyangadi kuruva colony road","12-Dec-2024","18-Dec-2024","3600000","Work partially Completed"
"733","Normal/Others","WS/MP096/2024-2025/181209-Construction of culverts and bridges","Kerala","IDUKKI(DISTRICT COLLECTOR IDUKKI_IDA)","Shri Abdul Wahab (2021-27) (2021-2027)","Elected MP","Construction of 12th Mile - Mezhukumchal Bridge, Ward No.18, Adimali Panchayat, Idukki District","12-Mar-2025","29-Mar-2025","2500000","Sanction"
"734","Normal/Others","WS/MP096/2025-2026/181241-Construction of culverts and bridges","Kerala","KOLLAM(DISTRICT COLLECTOR KOLLAM_IDA)","Shri Abdul Wahab (2021-27) (2021-2027)","Elected MP","Construction of Kulatharaman Foot bridge, Ward No. 20, Piravanthoor Panchayat,Kollam District","12-Mar-2025","22-Apr-2025","700000","Sanction"
"735","Normal/Others","WS/MP099/2025-2026/240732-Construction of culverts and bridges","Kerala","KANNUR(DISTRICT COLLECTOR KANNUR_IDA)","Dr. John Brittas (2021-27) (2021-2027)","Elected MP","Construction of Koottumukham Thazhe Bridge, Sreekandapuram Municipality, Kannur District","15-Oct-2025","13-Jan-2026","1518584","Physical Inspection"
"736","Normal/Others","WS/MP102/2024-2025/143949-Construction of foot over bridge (FOB)","Kerala","IDUKKI(DISTRICT COLLECTOR IDUKKI_IDA)","Smt. Jebi Mather Hisham (2022-28) (2022-2028)","Elected MP","Construction of Foot Bridge at Komalykkudy - 18 Acre across Upparthodu, Adimaly Block","27-Sep-2024","10-Dec-2024","1000000","Sanction"
"737","Normal/Others","WS/MP102/2026-2027/283773- Laying of synthetic turfs for hockey and football","Kerala","ERNAKULAM(DISTRICT COLLECTOR ERNAKULAM_IDA)","Smt. Jebi Mather Hisham (2022-28) (2022-2028)","Elected MP","Construction of Artificial Football Turf, Municipal Stadium Ground, Aluva - 2nd phase","26-May-2026","31-Jul-2026","5890000","Sanction"
"738","Normal/Others","WS/MP101/2025-2026/152124- Providing sports equipment, except consumable items","Kerala","KANNUR(DISTRICT COLLECTOR KANNUR_IDA)","Shri Sandosh Kumar P (2022-28) (2022-2028)","Elected MP","PROVIDING SPORTS EQUIPMENTS FOR GOVT. BRENNEN COLLAGE THALASSERY","12-Nov-2024","07-Jul-2025","98332","Physical Inspection"
"739","Normal/Others","WS/MP101/2025-2026/185997-Construction of buildings for sports facilities","Kerala","KANNUR(DISTRICT COLLECTOR KANNUR_IDA)","Shri Sandosh Kumar P (2022-28) (2022-2028)","Elected MP","Construction of Manjalampuram Mini Indoor Stadium","24-Mar-2025","11-Aug-2025","4000000","Work partially Completed"
"740","Normal/Others","WS/MP18405/2025-2026/168802-Construction of buildings for multi-gym","Kerala","ERNAKULAM(DISTRICT COLLECTOR ERNAKULAM_IDA)","Shri P. P. Suneer (2024-30) (2024-2030)","Elected MP","She space and Gym at ward-10 of Thuravur GramaPanchayat,Ernakulam Dist.(Maintenance Only)","25-Jan-2025","27-Aug-2025","221000","Physical Inspection"
"741","Normal/Others","WS/MP099/2026-2027/133003-Construction of stadiums","Kerala","KANNUR(DISTRICT COLLECTOR KANNUR_IDA)","Dr. John Brittas (2021-27) (2021-2027)","Elected MP","Construction of Boundary Walls, Installation of Gate, Ground leveling & other ancillary works thereto in Pullikurumba Mini Stadium in Naduvil Grama Panchayath.","05-Jul-2024","21-May-2026","500000","Physical Inspection"
"742","Normal/Others","WS/MP101/2026-2027/207839-Construction of stadiums","Kerala","KANNUR(DISTRICT COLLECTOR KANNUR_IDA)","Shri Sandosh Kumar P (2022-28) (2022-2028)","Elected MP","Construction of Mini Stadium in Ward No.6Chembilode Grama Panchayath","10-Jun-2025","04-Aug-2026","2200000","Sanction"
"743","Normal/Others","WS/MP18405/2025-2026/156773-Installation of multi-gym equipment","Kerala","ERNAKULAM(DISTRICT COLLECTOR ERNAKULAM_IDA)","Shri P. P. Suneer (2024-30) (2024-2030)","Elected MP","Purchase and Installation of Gym equipments for She space and Gym set up by Thuravur GramaPanchayat","05-Jan-2025","04-Jul-2025","257290","Physical Inspection"
"744","Normal/Others","WS/MP102/2025-2026/246656-Installation of multi-gym equipment","Kerala","MALAPPURAM(DISTRICT COLLECTOR MALAPPURAM_IDA)","Smt. Jebi Mather Hisham (2022-28) (2022-2028)","Elected MP","Construction of Open Gym at Areekode Panchayath Bappu Sahib Stadium","07-Nov-2025","14-Jan-2026","500000","Sanction"
"745","Normal/Others","WS/MP18405/2026-2027/168803-Installation of fixed garden gym equipment","Kerala","ERNAKULAM(DISTRICT COLLECTOR ERNAKULAM_IDA)","Shri P. P. Suneer (2024-30) (2024-2030)","Elected MP","Construction of Open Gym and Installation of Equipments at Chakkala Pongam area of ward-13,Thuravur GramaPanchayat(Infrastructure and Purchase)","25-Jan-2025","14-May-2026","500000","Sanction"
"746","Normal/Others","WS/MP101/2026-2027/90218-Development of playfields and sports grounds","Kerala","KANNUR(DISTRICT COLLECTOR KANNUR_IDA)","Shri Sandosh Kumar P (2022-28) (2022-2028)","Elected MP","Construction of Play Ground in Vietnam Colony, Ward 5 in Aralam Grama Panchayat","23-Sep-2024","10-Jul-2026","1500000","Physical Inspection"
"747","Normal/Others","WS/MP095/2024-2025/133331-Development of playfields and sports grounds","Kerala","THIRUVANANTHAPURAM(DISTRICT COLLECTOR THIRUVANANTHAPURAM_IDA)","Shri A. A. Rahim (2022-28) (2022-2028)","Elected MP","Construction of Turf in Manvila Stadium","12-Jul-2024","04-Oct-2024","4865261","Physical Inspection"
"748","Normal/Others","WS/MP102/2024-2025/143819-Development of playfields and sports grounds","Kerala","ERNAKULAM(DISTRICT COLLECTOR ERNAKULAM_IDA)","Smt. Jebi Mather Hisham (2022-28) (2022-2028)","Elected MP","Construction of Artificial Football turf, Municipal Stadium Ground, Aluva, Aluva Municipality","26-Sep-2024","10-Dec-2024","15380000","Sanction"
"749","Normal/Others","WS/MP102/2025-2026/223200-Development of playfields and sports grounds","Kerala","MALAPPURAM(DISTRICT COLLECTOR MALAPPURAM_IDA)","Smt. Jebi Mather Hisham (2022-28) (2022-2028)","Elected MP","Development of playfield at Urangattiri Panchayath Ground, Vadakkumuri, Urangattiri Grama Panchayath","29-Jul-2025","14-Jan-2026","702454","Physical Inspection"
"750","Normal/Others","WS/MP101/2025-2026/142057-Lighting of public spaces","Kerala","KANNUR(DISTRICT COLLECTOR KANNUR_IDA)","Shri Sandosh Kumar P (2022-28) (2022-2028)","Elected MP","Installation of High Mast Street Light (10 meters height, 150w*5 bulbs) Aralam GP Ward 6 in the premises of Hospital","23-Sep-2024","07-May-2025","382737","Work Completed"
"751","Normal/Others","WS/MP096/2024-2025/132536-Lighting of public spaces","Kerala","THRISSUR(DISTRICT COLLECTOR THRISSUR_IDA)","Shri Abdul Wahab (2021-27) (2021-2027)","Elected MP","Setting up of High Mast light at Potta Pattiyethukunnu Colony, Ward No.08, Pazhayannur  Panchayath (SC)","14-Jun-2024","10-Sep-2024","492987","Physical Inspection"
"752","Normal/Others","WS/MP096/2024-2025/132537-Lighting of public spaces","Kerala","THRISSUR(DISTRICT COLLECTOR THRISSUR_IDA)","Shri Abdul Wahab (2021-27) (2021-2027)","Elected MP","Setting up of High Mast light at Potta  Colony, Ward No.07, Pazhayannur  Panchayath (SC)","14-Jun-2024","10-Sep-2024","492987","Physical Inspection"
"753","Normal/Others","WS/MP096/2024-2025/132560-Lighting of public spaces","Kerala","KOZHIKODE(DISTRICT COLLECTOR KOZHIKODE_IDA)","Shri Abdul Wahab (2021-27) (2021-2027)","Elected MP","Setting up of low mast light at Kopprakkalli, Ward Mp.17, Kadalundi Panchayath","15-Jun-2024","22-Jun-2024","136886","Physical Inspection"
"754","Normal/Others","WS/MP096/2024-2025/132561-Lighting of public spaces","Kerala","KOZHIKODE(DISTRICT COLLECTOR KOZHIKODE_IDA)","Shri Abdul Wahab (2021-27) (2021-2027)","Elected MP","Setting up of low mast light at Marakkattil - Srambya road Junction, Ward No.17, Kadalundi Panchayath.","15-Jun-2024","06-Jul-2024","136886","Physical Inspection"
"755","Normal/Others","WS/MP095/2024-2025/133318-Lighting of public spaces","Kerala","THIRUVANANTHAPURAM(DISTRICT COLLECTOR THIRUVANANTHAPURAM_IDA)","Shri A. A. Rahim (2022-28) (2022-2028)","Elected MP","Minimast light at malamari Lekshamveedu colony,iqbal college  ward,","12-Jul-2024","02-Nov-2024","260000","Sanction"
"756","Normal/Others","WS/MP095/2024-2025/134580-Lighting of public spaces","Kerala","THIRUVANANTHAPURAM(DISTRICT COLLECTOR THIRUVANANTHAPURAM_IDA)","Shri A. A. Rahim (2022-28) (2022-2028)","Elected MP","Minimast Light at Chekkadi Junction,Poovar","24-Oct-2024","02-Nov-2024","260000","Sanction"
"757","Normal/Others","WS/MP095/2024-2025/134581-Lighting of public spaces","Kerala","THIRUVANANTHAPURAM(DISTRICT COLLECTOR THIRUVANANTHAPURAM_IDA)","Shri A. A. Rahim (2022-28) (2022-2028)","Elected MP","Minimast Light at Thycadu Junction","24-Oct-2024","02-Nov-2024","260000","Sanction"
"758","Normal/Others","WS/MP102/2024-2025/143508-Lighting of public spaces","Kerala","MALAPPURAM(DISTRICT COLLECTOR MALAPPURAM_IDA)","Smt. Jebi Mather Hisham (2022-28) (2022-2028)","Elected MP","Installation of High Mast Light Mundaparambu, Anakallingal Town, Kuzhimanna Grama Panchayath","25-Sep-2024","28-Nov-2024","350298","Physical Inspection"
"759","Normal/Others","WS/MP102/2024-2025/143511-Lighting of public spaces","Kerala","KOZHIKODE(DISTRICT COLLECTOR KOZHIKODE_IDA)","Smt. Jebi Mather Hisham (2022-28) (2022-2028)","Elected MP","Installation of High Mast Light Ettekra Road Junction Perumbally Town, Puthuppadi Grama Panchayath","25-Sep-2024","10-Dec-2024","435267","Physical Inspection"
"760","Normal/Others","WS/MP096/2024-2025/145599-Lighting of public spaces","Kerala","MALAPPURAM(DISTRICT COLLECTOR MALAPPURAM_IDA)","Shri Abdul Wahab (2021-27) (2021-2027)","Elected MP","Setting of Medium mast light at Muthanthandu colony, Venthodampadi, Ward No.03, Kalikavu Panchayat (SC)","05-Oct-2024","12-Dec-2024","318000","Sanction"
"761","Normal/Others","WS/MP102/2024-2025/147194-Lighting of public spaces","Kerala","KOZHIKODE(DISTRICT COLLECTOR KOZHIKODE_IDA)","Smt. Jebi Mather Hisham (2022-28) (2022-2028)","Elected MP","Installation of High Mast light at Odungakkad, Puthuppadi Panchayath","14-Oct-2024","05-Feb-2025","356703","Physical Inspection"
"762","Normal/Others","WS/MP102/2024-2025/147195-Lighting of public spaces","Kerala","KOZHIKODE(DISTRICT COLLECTOR KOZHIKODE_IDA)","Smt. Jebi Mather Hisham (2022-28) (2022-2028)","Elected MP","Installation of High Mast Light Near Mangalassery Ground, Mukkam Municipality","14-Oct-2024","05-Feb-2025","450000","Physical Inspection"
"763","Normal/Others","WS/MP102/2024-2025/147196-Lighting of public spaces","Kerala","KOZHIKODE(DISTRICT COLLECTOR KOZHIKODE_IDA)","Smt. Jebi Mather Hisham (2022-28) (2022-2028)","Elected MP","Installation of High Mast Light - Athippara Town, Thiruvambady","14-Oct-2024","05-Feb-2025","450000","Physical Inspection"
"764","Normal/Others","WS/MP096/2024-2025/149252-Lighting of public spaces","Kerala","KOZHIKODE(DISTRICT COLLECTOR KOZHIKODE_IDA)","Shri Abdul Wahab (2021-27) (2021-2027)","Elected MP","Setting up of High mast light at Vayalpeedika town, Ward no.02, Vanimal Panchayat","24-Oct-2024","07-Dec-2024","524000","Physical Inspection"
"765","Normal/Others","WS/MP101/2026-2027/269586-Construction of roads, link roads, pathways or any other road with or without drainage system","Kerala","KANNUR(DISTRICT COLLECTOR KANNUR_IDA)","Shri Sandosh Kumar P (2022-28) (2022-2028)","Elected MP","Construction of Kathuva Parambu- Pothankundu Kavu Road","19-Feb-2026","13-May-2026","989632","Physical Inspection"
"766","Normal/Others","WS/MP096/2026-2027/269600-Construction of roads, link roads, pathways or any other road with or without drainage system","Kerala","KASARAGOD(DISTRICT COLLECTOR KASARAGOD_IDA)","Shri Abdul Wahab (2021-27) (2021-2027)","Elected MP","Construction of Mookkampara - Bajathadukka SC Nagar road OR pathway, Ward No. 05, Badiadka Panchayat","19-Feb-2026","01-Aug-2026","1500000","Sanction"
"767","Normal/Others","WS/MP096/2026-2027/269601-Construction of roads, link roads, pathways or any other road with or without drainage system","Kerala","KASARAGOD(DISTRICT COLLECTOR KASARAGOD_IDA)","Shri Abdul Wahab (2021-27) (2021-2027)","Elected MP","Construction of Mahin Nagar First Cross road OR pathway, Ward No. 10, Madhur Panchayat","19-Feb-2026","17-Aug-2026","1000000","Sanction"
"768","Normal/Others","WS/MP096/2026-2027/269619-Construction of roads, link roads, pathways or any other road with or without drainage system","Kerala","KANNUR(DISTRICT COLLECTOR KANNUR_IDA)","Shri Abdul Wahab (2021-27) (2021-2027)","Elected MP","Construction of Illipuram - Mundayatt Kottam Nagar road OR pathway, Ward No.20, Pappinissery Panchayat","19-Feb-2026","19-Aug-2026","1500000","Sanction"
"769","Normal/Others","WS/MP096/2025-2026/269646-Construction of roads, link roads, pathways or any other road with or without drainage system","Kerala","MALAPPURAM(DISTRICT COLLECTOR MALAPPURAM_IDA)","Shri Abdul Wahab (2021-27) (2021-2027)","Elected MP","Construction of Plywood Palanthodi road or pathway, Ward No.5, Manjeri Municipality","19-Feb-2026","16-Mar-2026","500000","Sanction"
"770","Normal/Others","WS/MP096/2025-2026/271102-Construction of roads, link roads, pathways or any other road with or without drainage system","Kerala","THIRUVANANTHAPURAM(DISTRICT COLLECTOR THIRUVANANTHAPURAM_IDA)","Shri Abdul Wahab (2021-27) (2021-2027)","Elected MP","Construction 2nd reach of Meeranvetty  Onnam block road or pathway, Block No.06, Ward no.11, Peringammala Panchayat","26-Feb-2026","27-Feb-2026","485418","Physical Inspection"
"771","Normal/Others","WS/MP102/2026-2027/271435-Construction of roads, link roads, pathways or any other road with or without drainage system","Kerala","ALAPPUZHA(DISTRICT COLLECTOR ALAPPUZHA_IDA)","Smt. Jebi Mather Hisham (2022-28) (2022-2028)","Elected MP","Construction of Mannancheriveli-Yakshiyambalam Road, Ward 10, Mararikulam North Grama Panchayath","27-Feb-2026","24-Jun-2026","2000000","Physical Inspection"
"772","Normal/Others","WS/MP102/2026-2027/271438-Construction of roads, link roads, pathways or any other road with or without drainage system","Kerala","ALAPPUZHA(DISTRICT COLLECTOR ALAPPUZHA_IDA)","Smt. Jebi Mather Hisham (2022-28) (2022-2028)","Elected MP","Pitching of embankment and laying slab over the ditch near Madathil temple","27-Feb-2026","19-May-2026","1500000","Sanction"
"773","Normal/Others","WS/MP102/2025-2026/271703-Construction of roads, link roads, pathways or any other road with or without drainage system","Kerala","ALAPPUZHA(DISTRICT COLLECTOR ALAPPUZHA_IDA)","Smt. Jebi Mather Hisham (2022-28) (2022-2028)","Elected MP","Construction of Sadanam - Chongamthara Road","28-Feb-2026","09-Mar-2026","1700000","Sanction"
"774","Normal/Others","WS/MP102/2025-2026/271704-Construction of roads, link roads, pathways or any other road with or without drainage system","Kerala","ALAPPUZHA(DISTRICT COLLECTOR ALAPPUZHA_IDA)","Smt. Jebi Mather Hisham (2022-28) (2022-2028)","Elected MP","Construction of Hanuman Temple Vadakkepurakkal Road","28-Feb-2026","07-Mar-2026","1000000","Sanction"
"775","Repair and Renovation","WS/MP102/2026-2027/271720-Construction of roads, link roads, pathways or any other road with or without drainage system","Kerala","ALAPPUZHA(DISTRICT COLLECTOR ALAPPUZHA_IDA)","Smt. Jebi Mather Hisham (2022-28) (2022-2028)","Elected MP","Renovation of the road originating from the Mavelikara - Nangiarkulangara Road and leading to Mar Thoma Syrian Church, Parimanam, Muttom","28-Feb-2026","19-May-2026","603000","Sanction"
"776","Normal/Others","WS/MP096/2025-2026/273563-Construction of roads, link roads, pathways or any other road with or without drainage system","Kerala","THIRUVANANTHAPURAM(DISTRICT COLLECTOR THIRUVANANTHAPURAM_IDA)","Shri Abdul Wahab (2021-27) (2021-2027)","Elected MP","Construction 1st reach of Meeranvetty - Onnam block road or pathway, Block No.10, Ward no.11, Peringammala Panchayat","11-Mar-2026","11-Mar-2026","358810","Physical Inspection"
"777","Normal/Others","WS/MP099/2026-2027/273952-Construction of roads, link roads, pathways or any other road with or without drainage system","Kerala","KANNUR(DISTRICT COLLECTOR KANNUR_IDA)","Dr. John Brittas (2021-27) (2021-2027)","Elected MP","Construction of culvert and side protection works at Chettady - Pullikkallu-Thattiyad Road (Asset Code No. 211810050000000040) in Ward No. XV of Naduvil Grama Panchayat, Taliparamba Taluk, Kannur District (S.T)","18-May-2026","29-Aug-2026","1000000","Sanction"
"778","Normal/Others","WS/MP096/2025-2026/273965-Construction of roads, link roads, pathways or any other road with or without drainage system","Kerala","IDUKKI(DISTRICT COLLECTOR IDUKKI_IDA)","Shri Abdul Wahab (2021-27) (2021-2027)","Elected MP","Construction of Chenkulam Mangapara Ambazhachal road or pathway, Ward No. 03, Vellathooval Panchayat","12-Mar-2026","13-Mar-2026","1000000","Work Completed"
"779","Normal/Others","WS/MP102/2026-2027/274159-Construction of roads, link roads, pathways or any other road with or without drainage system","Kerala","MALAPPURAM(DISTRICT COLLECTOR MALAPPURAM_IDA)","Smt. Jebi Mather Hisham (2022-28) (2022-2028)","Elected MP","Construction of Muthukad School - Memana Road","13-Mar-2026","07-Jul-2026","500000","Sanction"
"780","Normal/Others","WS/MP102/2026-2027/274161-Construction of roads, link roads, pathways or any other road with or without drainage system","Kerala","MALAPPURAM(DISTRICT COLLECTOR MALAPPURAM_IDA)","Smt. Jebi Mather Hisham (2022-28) (2022-2028)","Elected MP","Construction of Thekkumpadam - Kolar Road","13-Mar-2026","07-Jul-2026","500000","Sanction"
"781","Normal/Others","WS/MP096/2026-2027/280880-Construction of roads, link roads, pathways or any other road with or without drainage system","Kerala","MALAPPURAM(DISTRICT COLLECTOR MALAPPURAM_IDA)","Shri Abdul Wahab (2021-27) (2021-2027)","Elected MP","Construction of Panichola chenan road or pathway, Ward no. 05, Karulai Panchayat","15-May-2026","16-May-2026","402537","Physical Inspection"
"782","Normal/Others","WS/MP102/2026-2027/285025-Construction of roads, link roads, pathways or any other road with or without drainage system","Kerala","KANNUR(DISTRICT COLLECTOR KANNUR_IDA)","Smt. Jebi Mather Hisham (2022-28) (2022-2028)","Elected MP","Concreting of Tholoor - Vellayithatt Road, Chengalayi Grama Panchayath","11-Jun-2026","29-Aug-2026","1500000","Sanction"
"783","Normal/Others","WS/MP101/2026-2027/299059-Construction of roads, link roads, pathways or any other road with or without drainage system","Kerala","WAYANAD(DISTRICT COLLECTOR WAYANAD_IDA)","Shri Sandosh Kumar P (2022-28) (2022-2028)","Elected MP","Construction of Vattachola Pump House Road in Muppainadu GP","27-Jul-2026","11-Aug-2026","1000000","Vendor Identification"
"784","Normal/Others","WS/MP101/2025-2026/142097-Construction of footpaths and pedestrian ways","Kerala","KANNUR(DISTRICT COLLECTOR KANNUR_IDA)","Shri Sandosh Kumar P (2022-28) (2022-2028)","Elected MP","Construction of Side Protection wall for foot path in the Nort East side of the Ghandi Gramam SC Colony in Ward 5, Kottiyoor Grama Panchayat","23-Sep-2024","16-Jan-2026","2000000","Sanction"
"785","Normal/Others","WS/MP099/2023-2024/101445-Construction of culverts and bridges","Kerala","KANNUR(DISTRICT COLLECTOR KANNUR_IDA)","Dr. John Brittas (2021-27) (2021-2027)","Elected MP","Construction of Culvert in Moolankode Bhaskaran Road – Valathode Palam Road and construction of approach Road, Ayyankunnu Grama Panchayat, Kannur District","12-Feb-2024","24-Feb-2024","3448021","Physical Inspection"
"786","Normal/Others","WS/MP095/2024-2025/133319-Construction of culverts and bridges","Kerala","THIRUVANANTHAPURAM(DISTRICT COLLECTOR THIRUVANANTHAPURAM_IDA)","Shri A. A. Rahim (2022-28) (2022-2028)","Elected MP","Bridge at Mottamoodu,Edamanpuram thodu, ST Category","12-Jul-2024","26-Oct-2024","4100000","Work partially Completed"
"787","Normal/Others","WS/MP842/2025-2026/152548-Construction of culverts and bridges","Kerala","KOZHIKODE(DISTRICT COLLECTOR KOZHIKODE_IDA)","Smt. P. T. Usha (2022-28) (2022-2028)","Nominated MP","Construction Culvert in Pudupanam Aravithagosh Road Kottiyad Side  in  ward No:32, Vatakara Municipality, Kozhikode (Dist)","14-Nov-2024","20-Jan-2026","300000","Work partially Completed"
"788","Normal/Others","WS/MP842/2024-2025/132554-Construction of footpaths and pedestrian ways","Kerala","PALAKKAD(DISTRICT COLLECTOR PALAKKAD_IDA)","Smt. P. T. Usha (2022-28) (2022-2028)","Nominated MP","Construction of Footpath Inside Bhoothivazhy OLH Colony  Road (Interlocking), Ward -8, Bhoothivazhy, Agali Grama Panchayat, Attappadi Block , Palakkad(Dist.), Kerala,  Pin: 678581 (Work: SC)","15-Jun-2024","10-Dec-2024","260770","Physical Inspection"
"789","Normal/Others","WS/MP842/2026-2027/285218-Construction of roads, link roads, pathways or any other road with or without drainage system","Kerala","KOZHIKODE(DISTRICT COLLECTOR KOZHIKODE_IDA)","Smt. P. T. Usha (2022-28) (2022-2028)","Nominated MP","Construction of Nangeri Mukku Nalladipoyil Road Concreting in Ward 03","12-Jun-2026","07-Aug-2026","800000","Sanction"
"790","Normal/Others","WS/MP842/2026-2027/287211-Construction of roads, link roads, pathways or any other road with or without drainage system","Kerala","MALAPPURAM(DISTRICT COLLECTOR MALAPPURAM_IDA)","Smt. P. T. Usha (2022-28) (2022-2028)","Nominated MP","Construction of Alsheri-Cholakkal  Road","19-Jun-2026","20-Jun-2026","599385","Physical Inspection"
"791","Normal/Others","WS/MP842/2026-2027/294551-Construction of roads, link roads, pathways or any other road with or without drainage system","Kerala","KANNUR(DISTRICT COLLECTOR KANNUR_IDA)","Smt. P. T. Usha (2022-28) (2022-2028)","Nominated MP","Construction of Elakkuzhi Paalam - Uravakkundu Road","13-Jul-2026","29-Aug-2026","1000000","Sanction"
"792","Normal/Others","WS/MP842/2026-2027/285016-Construction of roads, link roads, pathways or any other road with or without drainage system","Kerala","KOZHIKODE(DISTRICT COLLECTOR KOZHIKODE_IDA)","Smt. P. T. Usha (2022-28) (2022-2028)","Nominated MP","Construction of Ambalaparambath Arakulangara road  Nadakkuthazha distributary canal in Vatakara Municipality","11-Jun-2026","02-Jul-2026","2000000","Sanction"
"793","Normal/Others","WS/MP842/2025-2026/272890-Construction of roads, link roads, pathways or any other road with or without drainage system","Kerala","KOZHIKODE(DISTRICT COLLECTOR KOZHIKODE_IDA)","Smt. P. T. Usha (2022-28) (2022-2028)","Nominated MP","Construction of Karalam Poyil Mukku Maruthulla Poyil Road (Tharing)","07-Mar-2026","16-Mar-2026","978608","Physical Inspection"
"794","Normal/Others","WS/MP842/2025-2026/149258-Lighting of public spaces","Kerala","KOTTAYAM(DISTRICT COLLECTOR KOTTAYAM_IDA)","Smt. P. T. Usha (2022-28) (2022-2028)","Nominated MP","“Low mast light at the Kayyuri Pumb junction”, Near Sankara Narayana Moorthy temple. In Ward 9, Pallickathodu (GP)Pampady Block, Kottayam (Dist)","24-Oct-2024","22-May-2025","250000","Work partially Completed"
"795","Normal/Others","WS/MP842/2025-2026/149259-Lighting of public spaces","Kerala","KOTTAYAM(DISTRICT COLLECTOR KOTTAYAM_IDA)","Smt. P. T. Usha (2022-28) (2022-2028)","Nominated MP","“Low mast light in  Challoli junction”, Near Challoli Drinking Water Project Ward 8 , Pallickathodu (GP).Pampady Block, Kottayam(Dist)","24-Oct-2024","22-May-2025","250000","Work partially Completed"
"796","Normal/Others","WS/MP842/2025-2026/149260-Lighting of public spaces","Kerala","KOTTAYAM(DISTRICT COLLECTOR KOTTAYAM_IDA)","Smt. P. T. Usha (2022-28) (2022-2028)","Nominated MP","“Low mast light in Parathanam Junction”, Near SNDP Mandiram Ward 12, Pallickathodu (GP)“Low mast light in Parathanam Junction”, Near SNDP Mandiram Ward 12, Pallickathodu (GP)Pampady Block, Kottayam(Dist)","24-Oct-2024","16-May-2025","250000","Work partially Completed"
"797","Normal/Others","WS/MP842/2025-2026/149261-Lighting of public spaces","Kerala","KOTTAYAM(DISTRICT COLLECTOR KOTTAYAM_IDA)","Smt. P. T. Usha (2022-28) (2022-2028)","Nominated MP","“Low mast light in Chappath junction”, Near Chappath  Water Authority pumping Station in ward 10 Pallickathodu (GP).Pampady Block, Kottayam(Dist)","24-Oct-2024","20-May-2025","250000","Work partially Completed"
"798","Normal/Others","WS/MP842/2025-2026/149262-Lighting of public spaces","Kerala","KOTTAYAM(DISTRICT COLLECTOR KOTTAYAM_IDA)","Smt. P. T. Usha (2022-28) (2022-2028)","Nominated MP","Low mast light in  Kavungumpalam Junction”, Near Anickad church,Ward 4, Pallickathodu (GP),Pampady Block, Kottayam(Dist)","24-Oct-2024","16-May-2025","250000","Work partially Completed"
"799","Normal/Others","WS/MP842/2025-2026/149263-Lighting of public spaces","Kerala","KOTTAYAM(DISTRICT COLLECTOR KOTTAYAM_IDA)","Smt. P. T. Usha (2022-28) (2022-2028)","Nominated MP","“Low mast light in  Kurumkudi junction,” Near Kurumkudi Anganwadi&ARFSC Bank. Ward 10 , Pallickathodu (GP),Pampady Block, Kottayam(Dist)","24-Oct-2024","20-May-2025","250000","Work partially Completed"
"800","Normal/Others","WS/MP842/2026-2027/268876-Construction of roads, link roads, pathways or any other road with or without drainage system","Kerala","KANNUR(DISTRICT COLLECTOR KANNUR_IDA)","Smt. P. T. Usha (2022-28) (2022-2028)","Nominated MP","Construction of Paniyabrath Mukk Kuttippara Road in Vadakke Poyiloor Concreting","17-Feb-2026","17-Aug-2026","1000000","Sanction"
"801","Normal/Others","WS/MP842/2026-2027/235959-Construction of roads, link roads, pathways or any other road with or without drainage system","Kerala","KOZHIKODE(DISTRICT COLLECTOR KOZHIKODE_IDA)","Smt. P. T. Usha (2022-28) (2022-2028)","Nominated MP","Construction of  Gadhi Kurikkal Kav Pathway in Ward No. 17 (Concreting)","20-Sep-2025","07-Aug-2026","700000","Sanction"
"802","Normal/Others","WS/MP842/2025-2026/232198-Construction of roads, link roads, pathways or any other road with or without drainage system","Kerala","PALAKKAD(DISTRICT COLLECTOR PALAKKAD_IDA)","Smt. P. T. Usha (2022-28) (2022-2028)","Nominated MP","Construction of Thekkumpuram Branch Road Concreting in Ward 01 Kollamballam Elapulli GP Chittoor Block Panchayath","08-Sep-2025","10-Sep-2025","579870","Physical Inspection"
"803","Normal/Others","WS/MP18434/2026-2027/246133-Construction of roads, link roads, pathways or any other road with or without drainage system","Kerala","KANNUR(DISTRICT COLLECTOR KANNUR_IDA)","Shri C. Sadanandan Master (2025-31) (2025-2031)","Nominated MP","Construction of Chothara Thattuparamba Road in Kandamkunnu Village, Neerveli,05 Ward, in Mangattidom Grama Panchayath","06-Nov-2025","20-Jul-2026","500000","Sanction"
"804","Repair and Renovation","WS/MP18434/2026-2027/246448-Construction of roads, link roads, pathways or any other road with or without drainage system","Kerala","KANNUR(DISTRICT COLLECTOR KANNUR_IDA)","Shri C. Sadanandan Master (2025-31) (2025-2031)","Nominated MP","Repair and renovation of rayaroth road connecting cherichil road and pullambil road in Kunjanparamba ward, 15, Thalassery municipality","06-Nov-2025","07-Aug-2026","500000","Sanction"
"805","Normal/Others","WS/MP18434/2026-2027/246607-Construction of roads, link roads, pathways or any other road with or without drainage system","Kerala","KANNUR(DISTRICT COLLECTOR KANNUR_IDA)","Shri C. Sadanandan Master (2025-31) (2025-2031)","Nominated MP","Construction of PHC road in Cheleri central ward, 13","06-Nov-2025","19-Aug-2026","700000","Sanction"
"806","Normal/Others","WS/MP842/2026-2027/251111-Construction of roads, link roads, pathways or any other road with or without drainage system","Kerala","PALAKKAD(DISTRICT COLLECTOR PALAKKAD_IDA)","Smt. P. T. Usha (2022-28) (2022-2028)","Nominated MP","Construction of Nerangan Para Road (Concreting)in Ward No02, Keralassery Gramapanchayath, Palakkad Block Panchayat","28-Nov-2025","25-Jun-2026","1000000","Physical Inspection"
"807","Normal/Others","WS/MP842/2025-2026/251129-Construction of roads, link roads, pathways or any other road with or without drainage system","Kerala","PALAKKAD(DISTRICT COLLECTOR PALAKKAD_IDA)","Smt. P. T. Usha (2022-28) (2022-2028)","Nominated MP","Construction of Thekkumuri Thamizthara Road (Concrete) in ward no 15th, Marutharoad Gramapanchayath, Malampuzha Block panchayath","28-Nov-2025","14-Jan-2026","500000","Physical Inspection"
"808","Normal/Others","WS/MP842/2025-2026/251137-Construction of roads, link roads, pathways or any other road with or without drainage system","Kerala","PALAKKAD(DISTRICT COLLECTOR PALAKKAD_IDA)","Smt. P. T. Usha (2022-28) (2022-2028)","Nominated MP","Construction of Pullod Pazaya Panchayth Road in ward no 01 Parali GramaPanchayth,Palakkad block","28-Nov-2025","23-Dec-2025","672765","Physical Inspection"
"809","Normal/Others","WS/MP842/2025-2026/251139-Construction of roads, link roads, pathways or any other road with or without drainage system","Kerala","PALAKKAD(DISTRICT COLLECTOR PALAKKAD_IDA)","Smt. P. T. Usha (2022-28) (2022-2028)","Nominated MP","Construction of Kalladikode P H C Road in ward no 05 Karimba Gramapanchayth, Palakkad Dist, Work General Concreting","28-Nov-2025","20-Dec-2025","699020","Physical Inspection"
"810","Normal/Others","WS/MP18434/2026-2027/255856-Construction of roads, link roads, pathways or any other road with or without drainage system","Kerala","KANNUR(DISTRICT COLLECTOR KANNUR_IDA)","Shri C. Sadanandan Master (2025-31) (2025-2031)","Nominated MP","Construction (concreting) of Moonnampeedika Perincheri Ambalam Road in Devarkad(22) ward in Mattannur Municipality","01-Jan-2026","29-Aug-2026","1700000","Sanction"
"811","Normal/Others","WS/MP18434/2026-2027/243772-Construction of roads, link roads, pathways or any other road with or without drainage system","Kerala","KANNUR(DISTRICT COLLECTOR KANNUR_IDA)","Shri C. Sadanandan Master (2025-31) (2025-2031)","Nominated MP","Construction of Mottemmal Chambadantevida Road, ID 215910050000000209 in Puthur Village","24-Oct-2025","20-May-2026","800000","Sanction"
"812","Normal/Others","WS/MP18434/2026-2027/243773-Construction of roads, link roads, pathways or any other road with or without drainage system","Kerala","KANNUR(DISTRICT COLLECTOR KANNUR_IDA)","Shri C. Sadanandan Master (2025-31) (2025-2031)","Nominated MP","Construction of Vallil mukku Athirkuzhiyil road second span ID 215700101600000003","24-Oct-2025","20-Jul-2026","1000000","Sanction"
"813","Normal/Others","WS/MP18434/2026-2027/243774-Construction of roads, link roads, pathways or any other road with or without drainage system","Kerala","KANNUR(DISTRICT COLLECTOR KANNUR_IDA)","Shri C. Sadanandan Master (2025-31) (2025-2031)","Nominated MP","Construction of Pullayithodu Chandran Peedika Deenadayalji Road concrete road  ID 215710050000000301","24-Oct-2025","24-Jun-2026","1000000","Sanction"
"814","Normal/Others","WS/MP18434/2026-2027/243775-Construction of roads, link roads, pathways or any other road with or without drainage system","Kerala","KANNUR(DISTRICT COLLECTOR KANNUR_IDA)","Shri C. Sadanandan Master (2025-31) (2025-2031)","Nominated MP","construction of Kallayi road in kaivelikkal ,18, ward of kunnothuparamba panchayath preferably concrete road","24-Oct-2025","24-Jun-2026","500000","Sanction"
"815","Normal/Others","WS/MP18434/2026-2027/243776-Construction of roads, link roads, pathways or any other road with or without drainage system","Kerala","KANNUR(DISTRICT COLLECTOR KANNUR_IDA)","Shri C. Sadanandan Master (2025-31) (2025-2031)","Nominated MP","construction of Mukkil Peedika Vattapoyil road, ID, 21570102200000003","24-Oct-2025","24-Jun-2026","700000","Sanction"
"816","Repair and Renovation","WS/MP18434/2026-2027/243777-Construction of roads, link roads, pathways or any other road with or without drainage system","Kerala","KANNUR(DISTRICT COLLECTOR KANNUR_IDA)","Shri C. Sadanandan Master (2025-31) (2025-2031)","Nominated MP","Renovation of edathilambalam Nursing college road second span id 122110050000000665","24-Oct-2025","20-Jul-2026","700000","Sanction"
"817","Normal/Others","WS/MP18434/2025-2026/244018-Construction of roads, link roads, pathways or any other road with or without drainage system","Kerala","KANNUR(DISTRICT COLLECTOR KANNUR_IDA)","Shri C. Sadanandan Master (2025-31) (2025-2031)","Nominated MP","construction of Nethaji Vayanasala road ID 215410050000000156 concrete","01-Nov-2025","12-Mar-2026","1000000","Sanction"
"818","Normal/Others","WS/MP18434/2026-2027/244019-Construction of roads, link roads, pathways or any other road with or without drainage system","Kerala","KANNUR(DISTRICT COLLECTOR KANNUR_IDA)","Shri C. Sadanandan Master (2025-31) (2025-2031)","Nominated MP","development of concrete road of the kalladi mundaplakkal road in manathana village of Peravoor panchayath Ward No. 06","01-Nov-2025","24-Jun-2026","700000","Sanction"
"819","Normal/Others","WS/MP18434/2026-2027/244887-Construction of roads, link roads, pathways or any other road with or without drainage system","Kerala","KANNUR(DISTRICT COLLECTOR KANNUR_IDA)","Shri C. Sadanandan Master (2025-31) (2025-2031)","Nominated MP","Construction of Vayal Veed Kshethram Road (concreting in ward 29, town of mattannur municipality","01-Nov-2025","29-Aug-2026","560000","Sanction"
"820","Repair and Renovation","WS/MP18434/2025-2026/245251-Construction of roads, link roads, pathways or any other road with or without drainage system","Kerala","PALAKKAD(DISTRICT COLLECTOR PALAKKAD_IDA)","Shri C. Sadanandan Master (2025-31) (2025-2031)","Nominated MP","Renovation of Kallurutti Vallappuzha Road in Kannayam East ward ward no. 02 in Shoranur Municipality","01-Nov-2025","16-Mar-2026","1000000","Sanction"
"821","Normal/Others","WS/MP18434/2026-2027/245389-Construction of roads, link roads, pathways or any other road with or without drainage system","Kerala","KANNUR(DISTRICT COLLECTOR KANNUR_IDA)","Shri C. Sadanandan Master (2025-31) (2025-2031)","Nominated MP","construction(concreting of Kannavam unnathi Kulathinkara road in Cheruvanchery ward, 13, Pattiam Panchayath","01-Nov-2025","17-Aug-2026","1000000","Sanction"
"822","Normal/Others","WS/MP18434/2026-2027/245509-Construction of roads, link roads, pathways or any other road with or without drainage system","Kerala","KANNUR(DISTRICT COLLECTOR KANNUR_IDA)","Shri C. Sadanandan Master (2025-31) (2025-2031)","Nominated MP","Construction of Kanjirathara Kulakkattuvayal Narasimhamurthi Pattuvam GHSS road 2nd span in Muriyathod ward 05 in Pattuvam GramaPanchayath ID 210810050000000004","01-Nov-2025","29-Aug-2026","1500000","Sanction"
"823","Normal/Others","WS/MP18434/2026-2027/245914-Construction of roads, link roads, pathways or any other road with or without drainage system","Kerala","KANNUR(DISTRICT COLLECTOR KANNUR_IDA)","Shri C. Sadanandan Master (2025-31) (2025-2031)","Nominated MP","Construction of (concreting) of Avatty kallakkunnu Kayaloor Road in Iritty Municipality, Avatty Ward 25","06-Nov-2025","19-Aug-2026","500000","Sanction"
"824","Normal/Others","WS/MP842/2025-2026/240649-Construction of roads, link roads, pathways or any other road with or without drainage system","Kerala","PALAKKAD(DISTRICT COLLECTOR PALAKKAD_IDA)","Smt. P. T. Usha (2022-28) (2022-2028)","Nominated MP","Construction Culvert And Side Protection of Moothedam SC Unnathi Road in Ward No 11 Moothedam Mundoor Gramapanchayath","07-Oct-2025","13-Oct-2025","1241115","Physical Inspection"
"825","Normal/Others","WS/MP842/2025-2026/243149-Construction of roads, link roads, pathways or any other road with or without drainage system","Kerala","PALAKKAD(DISTRICT COLLECTOR PALAKKAD_IDA)","Smt. P. T. Usha (2022-28) (2022-2028)","Nominated MP","Construction of   Erachikkad  Jangamthara  Pallatheri road (Concrete) in ward 21 Thuvarakkad, At Elappully","21-Oct-2025","25-Oct-2025","783795","Physical Inspection"
"826","Normal/Others","WS/MP842/2025-2026/243154-Construction of roads, link roads, pathways or any other road with or without drainage system","Kerala","PALAKKAD(DISTRICT COLLECTOR PALAKKAD_IDA)","Smt. P. T. Usha (2022-28) (2022-2028)","Nominated MP","Construction of Sathram kavu  Panathottam Road in ward no 02 Velikkad, Mundur Grama Panchayath","21-Oct-2025","25-Oct-2025","364635","Physical Inspection"
"827","Repair and Renovation","WS/MP842/2025-2026/232936-Construction of roads, link roads, pathways or any other road with or without drainage system","Kerala","PALAKKAD(DISTRICT COLLECTOR PALAKKAD_IDA)","Smt. P. T. Usha (2022-28) (2022-2028)","Nominated MP","Renovation of Geetha Theatre road (Melmuri Road) in Ward No 05 (Re-tarring and concreting)","11-Sep-2025","29-Sep-2025","1848334","Physical Inspection"
"828","Normal/Others","WS/MP842/2025-2026/212775-Construction of roads, link roads, pathways or any other road with or without drainage system","Kerala","ALAPPUZHA(DISTRICT COLLECTOR ALAPPUZHA_IDA)","Smt. P. T. Usha (2022-28) (2022-2028)","Nominated MP","Construction of Vathikadu Irappuzha Road in Ward No 04 High School","27-Jun-2025","13-Mar-2026","1200000","Sanction"
"829","Normal/Others","WS/MP842/2023-2024/123541-Construction of roads, link roads, pathways or any other road with or without drainage system","Kerala","KOZHIKODE(DISTRICT COLLECTOR KOZHIKODE_IDA)","Smt. P. T. Usha (2022-28) (2022-2028)","Nominated MP","Construction of Kunnathchalil-Changaroth Thaze_ Naripatta Up School Road ( Concreting )  Ward 12,13,15 - Naripatta Grama Panchayath, Kozhikode (Dist) (Work Type: General)","08-Mar-2024","12-Mar-2024","1209710","Physical Inspection"
"830","Normal/Others","WS/MP842/2026-2027/209655-Construction of roads, link roads, pathways or any other road with or without drainage system","Kerala","KOZHIKODE(DISTRICT COLLECTOR KOZHIKODE_IDA)","Smt. P. T. Usha (2022-28) (2022-2028)","Nominated MP","Construction of Mittikulam Road in Ward No 02 (Concreteing),Anthatta Chengottukav GP, Panthalayani (BP)","17-Jun-2025","11-Aug-2026","1000000","Sanction"
"831","Normal/Others","WS/MP842/2026-2027/209657-Construction of roads, link roads, pathways or any other road with or without drainage system","Kerala","KOZHIKODE(DISTRICT COLLECTOR KOZHIKODE_IDA)","Smt. P. T. Usha (2022-28) (2022-2028)","Nominated MP","Construction of Keloth Mukku Punathum Kutti Road  (Concreting) in ward No 05 Elatteri North, Chengottukav, Panthalayani BP","17-Jun-2025","11-Aug-2026","1000000","Sanction"
"832","Normal/Others","WS/MP842/2025-2026/212436-Construction of roads, link roads, pathways or any other road with or without drainage system","Kerala","KANNUR(DISTRICT COLLECTOR KANNUR_IDA)","Smt. P. T. Usha (2022-28) (2022-2028)","Nominated MP","Construction of Alollamukku (KP Raghavan ) Cheriya Paloli Road (Concreting) in ward No  14 Ward Pathayakunnu Pattiam (GP)Koothuparamba (BP)","25-Jun-2025","21-Oct-2025","1000000","Sanction"
"833","Normal/Others","WS/MP842/2025-2026/194180-Construction of roads, link roads, pathways or any other road with or without drainage system","Kerala","THRISSUR(DISTRICT COLLECTOR THRISSUR_IDA)","Smt. P. T. Usha (2022-28) (2022-2028)","Nominated MP","Construction Lavapadhak Road Laying of Interlocking","24-Apr-2025","04-Jul-2025","999858","Physical Inspection"
"834","Repair and Renovation","WS/MP842/2025-2026/227397-Construction of roads, link roads, pathways or any other road with or without drainage system","Kerala","KANNUR(DISTRICT COLLECTOR KANNUR_IDA)","Smt. P. T. Usha (2022-28) (2022-2028)","Nominated MP","Renovation of Kuttikunnu Pullanjilode Road   Ward 4 Muzhakkunnu panchayath, Peravoor Block panchayth","16-Aug-2025","14-Jan-2026","2000000","Sanction"
"835","Normal/Others","WS/MP842/2025-2026/227398-Construction of roads, link roads, pathways or any other road with or without drainage system","Kerala","KOZHIKODE(DISTRICT COLLECTOR KOZHIKODE_IDA)","Smt. P. T. Usha (2022-28) (2022-2028)","Nominated MP","Construction of Kurikkilam Kandiyil- Thayyil Road   (Concreting) in ward 17","17-Aug-2025","16-Mar-2026","1000000","Sanction"
"836","Normal/Others","WS/MP842/2025-2026/227399-Construction of roads, link roads, pathways or any other road with or without drainage system","Kerala","KANNUR(DISTRICT COLLECTOR KANNUR_IDA)","Smt. P. T. Usha (2022-28) (2022-2028)","Nominated MP","Construction of Marunnam Poyil Puthoorkadu Road In Ward No 14 CentralPutthur Concreting","17-Aug-2025","21-Oct-2025","500000","Sanction"
"837","Normal/Others","WS/MP842/2025-2026/205635-Construction of roads, link roads, pathways or any other road with or without drainage system","Kerala","THIRUVANANTHAPURAM(DISTRICT COLLECTOR THIRUVANANTHAPURAM_IDA)","Smt. P. T. Usha (2022-28) (2022-2028)","Nominated MP","Construction of  Mannoorbhagam  Choorode road with Side  Protection Concrete interlocking","01-Jun-2025","12-Jan-2026","1800000","Sanction"
"838","Normal/Others","WS/MP842/2025-2026/205861-Construction of roads, link roads, pathways or any other road with or without drainage system","Kerala","PALAKKAD(DISTRICT COLLECTOR PALAKKAD_IDA)","Smt. P. T. Usha (2022-28) (2022-2028)","Nominated MP","Construction of Ezhakad Asharithaara Thattathara Road in Ward no 17","02-Jun-2025","05-Jun-2025","374600","Physical Inspection"
"839","Normal/Others","WS/MP842/2026-2027/206378-Construction of roads, link roads, pathways or any other road with or without drainage system","Kerala","KOLLAM(DISTRICT COLLECTOR KOLLAM_IDA)","Smt. P. T. Usha (2022-28) (2022-2028)","Nominated MP","Construction of Kalathivila -Kanjirakuttivila Canal Road concreting  in Ward 08","04-Jun-2025","09-Jul-2026","1000000","Physical Inspection"
"840","Normal/Others","WS/MP842/2025-2026/206384-Construction of roads, link roads, pathways or any other road with or without drainage system","Kerala","KOZHIKODE(DISTRICT COLLECTOR KOZHIKODE_IDA)","Smt. P. T. Usha (2022-28) (2022-2028)","Nominated MP","Construction of Vadakkayil Ambalam Ramachamveettil Vanikandi Road in Ward 05","04-Jun-2025","18-Mar-2026","1000000","Sanction"
"841","Normal/Others","WS/MP842/2025-2026/185089-Construction of roads, link roads, pathways or any other road with or without drainage system","Kerala","KANNUR(DISTRICT COLLECTOR KANNUR_IDA)","Smt. P. T. Usha (2022-28) (2022-2028)","Nominated MP","Construction of Kalarikkal Road Concreting in Ward No 29 Mattanur Municipality","21-Mar-2025","21-Oct-2025","1000000","Physical Inspection"
"842","Normal/Others","WS/MP842/2025-2026/204491-Construction of roads, link roads, pathways or any other road with or without drainage system","Kerala","PALAKKAD(DISTRICT COLLECTOR PALAKKAD_IDA)","Smt. P. T. Usha (2022-28) (2022-2028)","Nominated MP","Construction of Bhoothivazhy OLH Colony Muthal Bhoothivazhy Uuru Road Concreting ward 8 of Bhoothivazhy Agali Grama Panchayath","28-May-2025","02-Jun-2025","414534","Physical Inspection"
"843","Normal/Others","WS/MP842/2025-2026/204534-Construction of roads, link roads, pathways or any other road with or without drainage system","Kerala","PALAKKAD(DISTRICT COLLECTOR PALAKKAD_IDA)","Smt. P. T. Usha (2022-28) (2022-2028)","Nominated MP","Construction of  Nochikkattukalam Road Concrete 195mtr and Side Protection in ward20 Ennapadm, At Elappully Gramapanchayath","28-May-2025","02-Jun-2025","785918","Physical Inspection"
"844","Normal/Others","WS/MP842/2025-2026/178991-Construction of roads, link roads, pathways or any other road with or without drainage system","Kerala","KOZHIKODE(DISTRICT COLLECTOR KOZHIKODE_IDA)","Smt. P. T. Usha (2022-28) (2022-2028)","Nominated MP","Construction of Oravil Parambath Chettiyankandi Road in  Ward 05, Ulliyeri GP Balusheri Block Panchayth Kozhikode Concreting","04-Mar-2025","20-Jan-2026","600000","Physical Inspection"
"845","Normal/Others","WS/MP842/2024-2025/175817-Construction of roads, link roads, pathways or any other road with or without drainage system","Kerala","KOZHIKODE(DISTRICT COLLECTOR KOZHIKODE_IDA)","Smt. P. T. Usha (2022-28) (2022-2028)","Nominated MP","Construction of Thayyil Nadapatha Concreting in  ward No05 Thikkodi Grama Panchayath Melady Block Kozhikode Dist","15-Feb-2025","18-Feb-2025","651725","Physical Inspection"
"846","Normal/Others","WS/MP842/2026-2027/177108-Construction of roads, link roads, pathways or any other road with or without drainage system","Kerala","WAYANAD(DISTRICT COLLECTOR WAYANAD_IDA)","Smt. P. T. Usha (2022-28) (2022-2028)","Nominated MP","Construction of Koovana Kaliyarpadi Road Concreting   Ward No  7, Ward  Kokkadav  Vellamunda  GP  Mananthavady Block Panchayath  Wayanad","23-Feb-2025","23-May-2026","1000000","Physical Inspection"
"847","Normal/Others","WS/MP842/2025-2026/168937-Construction of roads, link roads, pathways or any other road with or without drainage system","Kerala","KOZHIKODE(DISTRICT COLLECTOR KOZHIKODE_IDA)","Smt. P. T. Usha (2022-28) (2022-2028)","Nominated MP","Construction of Vettekkeri Parambu Puthoorvattom Road (Concreting) With Side Protection, Panayi , Balussery(GP) Kozhikode","25-Jan-2025","07-Aug-2025","1000000","Sanction"
"848","Normal/Others","WS/MP842/2025-2026/168938-Construction of roads, link roads, pathways or any other road with or without drainage system","Kerala","KANNUR(DISTRICT COLLECTOR KANNUR_IDA)","Smt. P. T. Usha (2022-28) (2022-2028)","Nominated MP","Construction of Kuniyil  Mukku Mavilottu  Thodu Road Laying of interlocking Panoor Municipality Kannur","25-Jan-2025","14-Jan-2026","1500000","Sanction"
"849","Normal/Others","WS/MP842/2024-2025/165404-Construction of roads, link roads, pathways or any other road with or without drainage system","Kerala","KOZHIKODE(DISTRICT COLLECTOR KOZHIKODE_IDA)","Smt. P. T. Usha (2022-28) (2022-2028)","Nominated MP","Construction of Punathil Mukku Maruthiyat Road(Concreting)","14-Jan-2025","14-Jan-2025","417819","Physical Inspection"
"850","Normal/Others","WS/MP842/2024-2025/165408-Construction of roads, link roads, pathways or any other road with or without drainage system","Kerala","KOZHIKODE(DISTRICT COLLECTOR KOZHIKODE_IDA)","Smt. P. T. Usha (2022-28) (2022-2028)","Nominated MP","Construction of Karindhora Thenggin Chola Mukku Road","14-Jan-2025","01-Feb-2025","922888","Physical Inspection"
"851","Normal/Others","WS/MP842/2024-2025/165413-Construction of roads, link roads, pathways or any other road with or without drainage system","Kerala","KOZHIKODE(DISTRICT COLLECTOR KOZHIKODE_IDA)","Smt. P. T. Usha (2022-28) (2022-2028)","Nominated MP","Construction of Puthiyottum kandi Peringodu Mala ST Unnathi Samskarika Nilayam Road with side protection Tharing","14-Jan-2025","01-Feb-2025","2000000","Physical Inspection"
"852","Normal/Others","WS/MP842/2026-2027/165438-Construction of roads, link roads, pathways or any other road with or without drainage system","Kerala","KOZHIKODE(DISTRICT COLLECTOR KOZHIKODE_IDA)","Smt. P. T. Usha (2022-28) (2022-2028)","Nominated MP","Construction of  Varikolithazha  Laksham Veed  Road (Concreting) in Ward No 16 Thikkodi (GP)  Melady (BP) Kozhikode (SC)","14-Jan-2025","23-May-2026","1550000","Sanction"
"853","Normal/Others","WS/MP842/2026-2027/165446-Construction of roads, link roads, pathways or any other road with or without drainage system","Kerala","KOZHIKODE(DISTRICT COLLECTOR KOZHIKODE_IDA)","Smt. P. T. Usha (2022-28) (2022-2028)","Nominated MP","Construction of  High School Ground Road Thrikottur Road (Concreting) in Ward No 17 Thikkodi (GP) Melady (BP) Kozhikode","14-Jan-2025","21-May-2026","280000","Physical Inspection"
"854","Normal/Others","WS/MP842/2026-2027/165447-Construction of roads, link roads, pathways or any other road with or without drainage system","Kerala","KOZHIKODE(DISTRICT COLLECTOR KOZHIKODE_IDA)","Smt. P. T. Usha (2022-28) (2022-2028)","Nominated MP","Construction of  Thrikottur UP School Prasanthi Mukku Road (Concreting) in Ward No 17 Thikkodi (GP)  Melady (BP) Kozhikode","14-Jan-2025","23-May-2026","380000","Physical Inspection"
"855","Normal/Others","WS/MP842/2026-2027/165448-Construction of roads, link roads, pathways or any other road with or without drainage system","Kerala","KOZHIKODE(DISTRICT COLLECTOR KOZHIKODE_IDA)","Smt. P. T. Usha (2022-28) (2022-2028)","Nominated MP","Construction of  Thrikottur UP School Canal Mukku Road  (Concreting) in Ward No 17 Thikkodi (GP)  Melady (BP) Kozhikode","14-Jan-2025","21-May-2026","240000","Physical Inspection"
"856","Normal/Others","WS/MP842/2026-2027/165449-Construction of roads, link roads, pathways or any other road with or without drainage system","Kerala","KOZHIKODE(DISTRICT COLLECTOR KOZHIKODE_IDA)","Smt. P. T. Usha (2022-28) (2022-2028)","Nominated MP","Construction of  Kothayad Pathway  (Concreting) in Ward 17 Thikkodi (GP)  Melady (BP) Kozhikode","14-Jan-2025","23-May-2026","600000","Physical Inspection"
"857","Normal/Others","WS/MP842/2025-2026/157690-Construction of roads, link roads, pathways or any other road with or without drainage system","Kerala","KOZHIKODE(DISTRICT COLLECTOR KOZHIKODE_IDA)","Smt. P. T. Usha (2022-28) (2022-2028)","Nominated MP","“Construction of Avikkal Kuriyadi Beach Road ” (Concreting) in Ward -1 , Kuriyadi, Vadakara Muncipality, Kozhikode- (Work -G )","09-Dec-2024","20-Jan-2026","1000000","Sanction"
"858","Normal/Others","WS/MP842/2026-2027/157691-Construction of roads, link roads, pathways or any other road with or without drainage system","Kerala","KOZHIKODE(DISTRICT COLLECTOR KOZHIKODE_IDA)","Smt. P. T. Usha (2022-28) (2022-2028)","Nominated MP","Construction of Aniyari Siva Kshetram Road (Concreting), Villiappally (GP), Ward -11, Thodannur (BP), Kozhikode Dist (Work- G) Phase II","09-Dec-2024","23-May-2026","200000","Sanction"
"859","Normal/Others","WS/MP842/2024-2025/144163-Construction of roads, link roads, pathways or any other road with or without drainage system","Kerala","PALAKKAD(DISTRICT COLLECTOR PALAKKAD_IDA)","Smt. P. T. Usha (2022-28) (2022-2028)","Nominated MP","Construction of “Nireettil Road”(Concreting) in ward 14, Lakkidi Perur GP, Ottapalam Block Panchayath, Palakkad District, Pin-679301, (Work Type: General)","28-Sep-2024","15-Oct-2024","813794","Physical Inspection"
"860","Normal/Others","WS/MP842/2024-2025/144170-Construction of roads, link roads, pathways or any other road with or without drainage system","Kerala","KOZHIKODE(DISTRICT COLLECTOR KOZHIKODE_IDA)","Smt. P. T. Usha (2022-28) (2022-2028)","Nominated MP","“Construction of Aangankandy - Valiyaparamb- Perattumpoyil - Khadi.  Road ”  (Concreting) in Ward 07,Nanmanda (GP), Chelannur (Block), Kozhikode","28-Sep-2024","05-Dec-2024","1000000","Work Completed"
"861","Normal/Others","WS/MP842/2024-2025/144174-Construction of roads, link roads, pathways or any other road with or without drainage system","Kerala","KOZHIKODE(DISTRICT COLLECTOR KOZHIKODE_IDA)","Smt. P. T. Usha (2022-28) (2022-2028)","Nominated MP","“Construction Drainage in Mundakkapoyil Rajagiri Road  in Ward 04, Unnikulam (GP), (Balussery BLOCK), Kozhikode","28-Sep-2024","03-Dec-2024","1000000","Sanction"
"862","Normal/Others","WS/MP842/2024-2025/146117-Construction of roads, link roads, pathways or any other road with or without drainage system","Kerala","KOZHIKODE(DISTRICT COLLECTOR KOZHIKODE_IDA)","Smt. P. T. Usha (2022-28) (2022-2028)","Nominated MP","Construction of Chathoth Kandi Paremmal Mukku  Road  in Ward No:05 (Cocreating ), Onchiyam GP, Vatakara Block Kozhikode Dist, (Work: General)","08-Oct-2024","03-Dec-2024","300000","Sanction"
"863","Normal/Others","WS/MP842/2024-2025/142778-Construction of roads, link roads, pathways or any other road with or without drainage system","Kerala","PATHANAMTHITTA(DISTRICT COLLECTOR PATHANAMTHITTA_IDA)","Smt. P. T. Usha (2022-28) (2022-2028)","Nominated MP","Construction of Indanad Chuzhana Colony Road in Ezhumattoor Grama Panchayath, Koyipuram Block Panchayat, Pathanamthitta District (SC)","23-Sep-2024","11-Nov-2024","798708","Physical Inspection"
"864","Normal/Others","WS/MP842/2024-2025/132618-Construction of roads, link roads, pathways or any other road with or without drainage system","Kerala","PALAKKAD(DISTRICT COLLECTOR PALAKKAD_IDA)","Smt. P. T. Usha (2022-28) (2022-2028)","Nominated MP","Construction of “Railway Pump House Road in Ward No: 23, Shoranur Municipality, , Palakkad District, Pin-678641,  (Work Type: General , Asset Under Railway)","18-Jun-2024","17-Mar-2025","2000000","Vendor Identification"
"865","Normal/Others","WS/MP842/2024-2025/139086-Construction of roads, link roads, pathways or any other road with or without drainage system","Kerala","THRISSUR(DISTRICT COLLECTOR THRISSUR_IDA)","Smt. P. T. Usha (2022-28) (2022-2028)","Nominated MP","Construction of “Themalithara Paadam Link Road”(Tharing) in Velukkara GP, Ward-07 (Avittathur North), Vellangallur Block, Avittathur (PO) Thrissur Dist.Pin:680683 (Work- General)","05-Sep-2024","03-Feb-2025","992255","Physical Inspection"
"866","Normal/Others","WS/MP842/2024-2025/139092-Construction of roads, link roads, pathways or any other road with or without drainage system","Kerala","THRISSUR(DISTRICT COLLECTOR THRISSUR_IDA)","Smt. P. T. Usha (2022-28) (2022-2028)","Nominated MP","Side Protection of Arayamparambil Temple Thodu in Ward No:02, Valapad-Grama Panchayth, Thalikulam Block Panchayath, Thrissur (Dist), Pin: 680567 (Work- General)","05-Sep-2024","15-Jan-2025","979040","Physical Inspection"
"867","Normal/Others","WS/MP842/2024-2025/139169-Construction of roads, link roads, pathways or any other road with or without drainage system","Kerala","KOZHIKODE(DISTRICT COLLECTOR KOZHIKODE_IDA)","Smt. P. T. Usha (2022-28) (2022-2028)","Nominated MP","Construction of Kalangotu Para Pilakkumchal Road”  (Concreting) in Division:08, Mukkam Municipality, Kozhikode","05-Sep-2024","07-Dec-2024","1000000","Physical Inspection"
"868","Normal/Others","WS/MP842/2024-2025/139179-Construction of roads, link roads, pathways or any other road with or without drainage system","Kerala","KOZHIKODE(DISTRICT COLLECTOR KOZHIKODE_IDA)","Smt. P. T. Usha (2022-28) (2022-2028)","Nominated MP","Construction of Manappuram-Edakkuti Mukku  Road  (Concreting) in Ward 01, Thiruvallur GP, Thodannur Block, Kozhikode (Last Reach Ch:0/377 to 0/542)","05-Sep-2024","06-Dec-2024","850000","Sanction"
"869","Normal/Others","WS/MP842/2024-2025/139208-Construction of roads, link roads, pathways or any other road with or without drainage system","Kerala","KOZHIKODE(DISTRICT COLLECTOR KOZHIKODE_IDA)","Smt. P. T. Usha (2022-28) (2022-2028)","Nominated MP","Construction of Nelliparambu Iruppayimmal Road” (Concreting) in Ward 13, Unnikulam GP, Balussery Block, Kozhikode","05-Sep-2024","05-Dec-2024","1000000","Physical Inspection"
"870","Normal/Others","WS/MP842/2024-2025/139209-Construction of roads, link roads, pathways or any other road with or without drainage system","Kerala","KOZHIKODE(DISTRICT COLLECTOR KOZHIKODE_IDA)","Smt. P. T. Usha (2022-28) (2022-2028)","Nominated MP","Construction of Nadukkudi Mukk Paremmal Mukk Road”  (Concreting) in Ward 13, Azhiyoor (GP), Vadakara Block, Kozhikode","05-Sep-2024","06-Dec-2024","1000000","Sanction"
"871","Normal/Others","WS/MP842/2025-2026/135698-Construction of roads, link roads, pathways or any other road with or without drainage system","Kerala","KANNUR(DISTRICT COLLECTOR KANNUR_IDA)","Smt. P. T. Usha (2022-28) (2022-2028)","Nominated MP","Construction of Nalpadi Vasu Smaraka Mandiram Road (Concreting), Ward:25, Mattannur Municipality, Kannur (Dist), (WORK-GENERAL)","14-Aug-2024","21-Oct-2025","1200000","Physical Inspection"
"872","Normal/Others","WS/MP842/2024-2025/132553-Construction of roads, link roads, pathways or any other road with or without drainage system","Kerala","PALAKKAD(DISTRICT COLLECTOR PALAKKAD_IDA)","Smt. P. T. Usha (2022-28) (2022-2028)","Nominated MP","Side protection of  Puliyilakkuzhi Road (Concreting ), Ward 8. Keralassery Gramapanchayath Palakkad Block Panchayat,Palakkad District 678641 , (Work Type :SC)","15-Jun-2024","24-Mar-2025","3000000","Work partially Completed"
"873","Normal/Others","WS/MP842/2025-2026/251147-Construction of rooms and facilities for hospitals, FWC , PHC Centers and ANM centers","Kerala","PALAKKAD(DISTRICT COLLECTOR PALAKKAD_IDA)","Smt. P. T. Usha (2022-28) (2022-2028)","Nominated MP","Construction of LAB building In KOPPAM PHC, Ward 18 Palakkad","28-Nov-2025","17-Mar-2026","1500000","Sanction"
"874","Normal/Others","WS/MP842/2024-2025/113623-Construction of roads, link roads, pathways or any other road with or without drainage system","Kerala","KOZHIKODE(DISTRICT COLLECTOR KOZHIKODE_IDA)","Smt. P. T. Usha (2022-28) (2022-2028)","Nominated MP","Construction of Aniyari Siva Kshetram Road (Concreting), Villiappally Grama Panchayath, Ward -11, Thodannur Block,  (Kozhikode Dist.) Pin:673104 (Work- G)","24-Feb-2024","06-Nov-2024","1000000","Work Completed"
"875","Normal/Others","WS/MP842/2024-2025/113624-Construction of roads, link roads, pathways or any other road with or without drainage system","Kerala","KOZHIKODE(DISTRICT COLLECTOR KOZHIKODE_IDA)","Smt. P. T. Usha (2022-28) (2022-2028)","Nominated MP","Construction of Kalpalli Meethal Kunnari Road (Concrete 94 Meter) Ward No: 20 Vengeri Madam, Chathamangalam GP, Kunnamangalam Block, NIT Campus (Po),Pin: 673601(Work- G)","24-Feb-2024","07-Dec-2024","347611","Physical Inspection"
"876","Normal/Others","WS/MP842/2024-2025/139226-Providing drains and gutters for public drainage","Kerala","KOZHIKODE(DISTRICT COLLECTOR KOZHIKODE_IDA)","Smt. P. T. Usha (2022-28) (2022-2028)","Nominated MP","Construction Of Drain In Nellimukk Puthiya Kulathumkara Road, Ward 09-10, Valayam GP, Tuneri Block, Kozhikode","05-Sep-2024","04-Feb-2025","2000000","Sanction"
"877","Normal/Others","WS/MP842/2024-2025/144267-Construction of rooms and facilities for hospitals, FWC , PHC Centers and ANM centers","Kerala","WAYANAD(DISTRICT COLLECTOR WAYANAD_IDA)","Smt. P. T. Usha (2022-28) (2022-2028)","Nominated MP","“Installation of 58.5 KVA 3 Phase Generator And 100 KVA Transformer at FHC Noolpuzha, Wayanad (Dist) (Work  Type-ST )","28-Sep-2024","07-Mar-2025","3000000","Physical Inspection"
"878","Normal/Others","WS/MP842/2025-2026/226420-Purchase of vans and buses for educational institutions","Kerala","KANNUR(DISTRICT COLLECTOR KANNUR_IDA)","Smt. P. T. Usha (2022-28) (2022-2028)","Nominated MP","Purchase of School vehicle for the Government LPS Padikkachal School Code 14807 Sub District  Iritty.","12-Aug-2025","06-Jan-2026","1000000","Vendor Identification"
"879","Normal/Others","WS/MP842/2025-2026/168936-Purchase of vans and buses for educational institutions","Kerala","PALAKKAD(DISTRICT COLLECTOR PALAKKAD_IDA)","Smt. P. T. Usha (2022-28) (2022-2028)","Nominated MP","Purchase of school Bus for High School Katampazhipuram, Ottapalam Sub District, Palakkad Dist, School code 20038","25-Jan-2025","17-Jan-2026","2342968","Physical Inspection"
"880","Normal/Others","WS/MP842/2024-2025/125253-Purchase of vans and buses for educational institutions","Kerala","IDUKKI(DISTRICT COLLECTOR IDUKKI_IDA)","Smt. P. T. Usha (2022-28) (2022-2028)","Nominated MP","Purchase of School Bus for Dr.Rajendra Prasad Memorial L.P School, (SCHOOL CODE: 30543) Nedumkandam Edu.Sub Dist, Ward-3, Chottupara (PO), Karunapuram GP, Thookkupalam, , Idukki -685552","11-Mar-2024","04-Dec-2024","2343492","Physical Inspection"
"881","Normal/Others","WS/MP842/2025-2026/163350-Purchase of vans and buses for educational institutions","Kerala","THRISSUR(DISTRICT COLLECTOR THRISSUR_IDA)","Smt. P. T. Usha (2022-28) (2022-2028)","Nominated MP","Purchase of School Bus for Sree Durga Vilasam Higher Secondary School, Peramangalam Thrissur","03-Jan-2025","21-Apr-2025","2364055","Physical Inspection"
"882","Normal/Others","WS/MP842/2025-2026/144236-Purchase of vans and buses for educational institutions","Kerala","THIRUVANANTHAPURAM(DISTRICT COLLECTOR THIRUVANANTHAPURAM_IDA)","Smt. P. T. Usha (2022-28) (2022-2028)","Nominated MP","Purchase of battery operated Buggy For Transportation of Divyang Students inside Mar Ivanios College Campus","28-Sep-2024","17-Feb-2026","574000","Physical Inspection"
"883","Normal/Others","WS/MP842/2024-2025/135438-Purchase of vans and buses for educational institutions","Kerala","KANNUR(DISTRICT COLLECTOR KANNUR_IDA)","Smt. P. T. Usha (2022-28) (2022-2028)","Nominated MP","Purchase of School Bus (20+D) for Govt: U.P. School Thillenkeri, Thillenkeri (P.O) , Iritty Educational Sub District, Kannur- 670702. School Code:14857 (WORK-GENERAL)","12-Aug-2024","02-Nov-2024","1915444","Physical Inspection"
"884","Normal/Others","WS/MP842/2024-2025/139486-Setting up of kitchen and pantries","Kerala","KOZHIKODE(DISTRICT COLLECTOR KOZHIKODE_IDA)","Smt. P. T. Usha (2022-28) (2022-2028)","Nominated MP","Purchase of Furniture For Dinning Hall in Chevayoor  AUP SCHOOL, Kozhikode.( School code17457)","06-Sep-2024","27-Dec-2024","447580","Physical Inspection"
"885","Normal/Others","WS/MP842/2026-2027/251146-Construction of buildings for crèches and anganwadies","Kerala","PALAKKAD(DISTRICT COLLECTOR PALAKKAD_IDA)","Smt. P. T. Usha (2022-28) (2022-2028)","Nominated MP","Construction of Smart Anganwadi  in Ward 10 Mundakkunnu ,Kanjirapuzha Gramapanchayath","28-Nov-2025","15-Jul-2026","2500000","Sanction"
"886","Normal/Others","WS/MP842/2024-2025/142770-Construction of buildings for crèches and anganwadies","Kerala","PATHANAMTHITTA(DISTRICT COLLECTOR PATHANAMTHITTA_IDA)","Smt. P. T. Usha (2022-28) (2022-2028)","Nominated MP","Construction of Anganvadi Building and side protection wall in Kallooppara Grama Panchayat, ward 9 (Anganvadi No.23)","23-Sep-2024","11-Nov-2024","2100000","Physical Inspection"
"887","Normal/Others","WS/MP842/2025-2026/204512-Construction of buildings for crèches and anganwadies","Kerala","PALAKKAD(DISTRICT COLLECTOR PALAKKAD_IDA)","Smt. P. T. Usha (2022-28) (2022-2028)","Nominated MP","Construction of Madachippadam Anganwadi AW No 100  in Ward No 02 Elappulli GP Chittur Block Panchayath","28-May-2025","02-Jun-2025","1612233","Physical Inspection"
"888","Normal/Others","WS/MP842/2025-2026/205878-Construction of buildings for crèches and anganwadies","Kerala","PATHANAMTHITTA(DISTRICT COLLECTOR PATHANAMTHITTA_IDA)","Smt. P. T. Usha (2022-28) (2022-2028)","Nominated MP","Construction of Anganvadi Building (No. 134), ward No.12 in Koipuram Grama Panchayath","02-Jun-2025","29-Aug-2025","2000000","Sanction"
"889","Normal/Others","WS/MP842/2025-2026/212776-Construction of buildings for crèches and anganwadies","Kerala","KOLLAM(DISTRICT COLLECTOR KOLLAM_IDA)","Smt. P. T. Usha (2022-28) (2022-2028)","Nominated MP","Construction of No 103 Anganwadi in Ward 17 Boys High School","27-Jun-2025","10-Feb-2026","2000000","Sanction"
"890","Normal/Others","WS/MP842/2024-2025/113793-Construction of buildings for crèches and anganwadies","Kerala","PATHANAMTHITTA(DISTRICT COLLECTOR PATHANAMTHITTA_IDA)","Smt. P. T. Usha (2022-28) (2022-2028)","Nominated MP","Construction of Anganavadi building (Anganwadi No:67-Parayilpadi ) in Ward:02, Muttom Kizhakku, Thumpamon Gramapanchayth,  Pandalam Block, Pathanamthitta District,689502.","26-Feb-2024","19-Jun-2024","1557917","Physical Inspection"
"891","Normal/Others","WS/MP842/2025-2026/132825-Construction of buildings for crèches and anganwadies","Kerala","WAYANAD(DISTRICT COLLECTOR WAYANAD_IDA)","Smt. P. T. Usha (2022-28) (2022-2028)","Nominated MP","Construction of Compound wall and Inter locking in Anery first Anganwadi (No-46) ward5 Anery, Kottathara Grama Panchayath, Kalpetta Block Panchayath(ST)","04-Jul-2024","18-Jun-2025","305000","Physical Inspection"
"892","Normal/Others","WS/MP842/2025-2026/163352-Construction of rooms and halls in school and colleges","Kerala","WAYANAD(DISTRICT COLLECTOR WAYANAD_IDA)","Smt. P. T. Usha (2022-28) (2022-2028)","Nominated MP","Construction of Assembly Hall for Government L.P School Kariambadi,Wayanad","03-Jan-2025","14-Jan-2026","1000000","Sanction"
"893","Normal/Others","WS/MP842/2024-2025/142775-Development of playground","Kerala","PATHANAMTHITTA(DISTRICT COLLECTOR PATHANAMTHITTA_IDA)","Smt. P. T. Usha (2022-28) (2022-2028)","Nominated MP","Construction of playground at Kaviyoor Grama Panchayath Ward-13, Pathanamthitta (General)","23-Sep-2024","11-Nov-2024","1997018","Physical Inspection"
"Grand Total"," "," "," "," "," "," "," "," "," "," ","90,28,74,464"