"Sr. No.","Work category","Work","State","IDA","Hon'ble Members of Parliament","Elected/Nominated","Work description","Recommended date","Sanction Date","Sanction Amount ( ₹ )","Work Status"
"1","Normal/Others","WS/MP18334/2024-2025/155246-Construction of community centers and community halls","Andhra Pradesh","Annamayya(DISTRICT COLLECTOR ANNAMAYYA_IDA)","Shri Meda Raghunadha Reddy (2024-30) (2024-2030)","Elected MP","Providing amenities to Community Hall near Sri Shirdi Saibaba Temple at Valmikipuram","26-Nov-2024","03-Mar-2025","2444194","Physical Inspection"
"2","Normal/Others","WS/MP18319/2024-2025/158793-Construction of community centers and community halls","Andhra Pradesh","Sri Sathya Sai(DISTRICT COLLECTOR SRI SATHYA SAI_IDA)","Shri Golla Baburao (2024-30) (2024-2030)","Elected MP","Providing stair case Railings and other fittings for public utility building at Neelakantapuram village","15-Dec-2024","17-Jan-2025","500000","Sanction"
"3","Normal/Others","WS/MP18319/2024-2025/158794-Construction of community centers and community halls","Andhra Pradesh","Sri Sathya Sai(DISTRICT COLLECTOR SRI SATHYA SAI_IDA)","Shri Golla Baburao (2024-30) (2024-2030)","Elected MP","Providing head room and additional facility for public utility building at Neelakantapuram village","15-Dec-2024","17-Jan-2025","500000","Vendor Identification"
"4","Normal/Others","WS/MP18319/2024-2025/158795-Construction of community centers and community halls","Andhra Pradesh","Sri Sathya Sai(DISTRICT COLLECTOR SRI SATHYA SAI_IDA)","Shri Golla Baburao (2024-30) (2024-2030)","Elected MP","Providing additional amenities to second floor for public utility building at Neelakantapuram village","15-Dec-2024","17-Jan-2025","500000","Sanction"
"5","Normal/Others","WS/MP18319/2024-2025/158796-Construction of community centers and community halls","Andhra Pradesh","Sri Sathya Sai(DISTRICT COLLECTOR SRI SATHYA SAI_IDA)","Shri Golla Baburao (2024-30) (2024-2030)","Elected MP","Providing additional amenities to First floor for public utility building at Neelakantapuram village","15-Dec-2024","17-Jan-2025","500000","Time Estimation"
"6","Normal/Others","WS/MP18319/2024-2025/158797-Construction of community centers and community halls","Andhra Pradesh","Sri Sathya Sai(DISTRICT COLLECTOR SRI SATHYA SAI_IDA)","Shri Golla Baburao (2024-30) (2024-2030)","Elected MP","Providing additional amenities to Ground floor for public utility building at Neelakantapuram village","15-Dec-2024","17-Jan-2025","500000","Sanction"
"7","Normal/Others","WS/MP18373/2025-2026/165128-Construction of community centers and community halls","Andhra Pradesh","PRAKASAM(DISTRICT COLLECTOR PRAKASAM_IDA)","Shri Yerram Venkata Subba Reddy (2024-30) (2024-2030)","Elected MP","Construction of Community Hall in Chakirala Village of Kanigiri Mandal, Prakasam District","13-Jan-2025","13-Jun-2025","2000000","Work partially Completed"
"8","Repair and Renovation","WS/MP18319/2025-2026/172978-Construction of community centers and community halls","Andhra Pradesh","Visakhapatnam(DISTRICT COLLECTOR VISAKHAPATNAM_IDA)","Shri Golla Baburao (2024-30) (2024-2030)","Elected MP","Providing wood work, plastering, paintings and other amenities at first floor of the community hall.","05-Feb-2025","09-Sep-2025","1500000","Work partially Completed"
"9","Normal/Others","WS/MP18428/2025-2026/189442-Construction of community centers and community halls","Andhra Pradesh","Sri Potti Sriramulu Nellore(DISTRICT COLLECTOR NELLORE_IDA)","Shri Masthan Rao Yadav Beedha (2024-28) (2024-2028)","Elected MP","Construction of Community Hall at Nakkala Colony of Chemudugunta GP in Venkatachalam Mandal","04-Apr-2025","22-Apr-2025","2762691","Physical Inspection"
"10","Normal/Others","WS/MP18427/2025-2026/196451-Construction of community centers and community halls","Andhra Pradesh","GUNTUR(DISTRICT COLLECTOR GUNTUR_IDA)","Shri Ryaga Krishnaiah (2024-28) (2024-2028)","Elected MP","Construction of BC Community Hall in Garikapadu Village, Kakumanu Mandal, Guntur Dist.","29-May-2025","28-Oct-2025","3000000","Sanction"
"11","Normal/Others","WS/MP18373/2025-2026/199573-Construction of community centers and community halls","Andhra Pradesh","Kakinada(DISTRICT COLLECTOR KAKINADA_IDA)","Shri Yerram Venkata Subba Reddy (2024-30) (2024-2030)","Elected MP","Construction of Community Hall in Arundatipeta(SC Colony) of Pillanka (V) of Tallarevu mandal, Kakinada District.","14-May-2025","01-Jul-2025","1000000","Sanction"
"12","Normal/Others","WS/MP18427/2025-2026/204005-Construction of community centers and community halls","Andhra Pradesh","VIKARABAD(DISTRICT COLLECTOR VIKARABAD_2)","Shri Ryaga Krishnaiah (2024-28) (2024-2028)","Elected MP","Construction of Community hall at Rallagudepally Villagae, Mominpet Mandal, Vikarabad Dist","27-May-2025","21-Jun-2025","2500000","Sanction"
"13","Repair and Renovation","WS/MP18334/2025-2026/205238-Construction of community centers and community halls","Andhra Pradesh","Y.S.R. Kadapa(DISTRICT COLLECTOR CUDDAPAH_IDA)","Shri Meda Raghunadha Reddy (2024-30) (2024-2030)","Elected MP","Renovation of existing Urdu Ghar cum Shadi Khana Building at Vontimitta GP and Mandal","24-Jun-2025","11-Sep-2025","797804","Physical Inspection"
"14","Normal/Others","WS/MP18428/2025-2026/234748-Construction of community centers and community halls","Andhra Pradesh","Bapatla(DISTRICT COLLECTOR BAPATLA_IDA)","Shri Masthan Rao Yadav Beedha (2024-28) (2024-2028)","Elected MP","Construction of Community Hall in 11th ward in Repalle Municipality, Bapatla District","17-Sep-2025","25-Sep-2025","10000000","Sanction"
"15","Normal/Others","WS/MP18428/2025-2026/234783-Construction of community centers and community halls","Andhra Pradesh","Sri Potti Sriramulu Nellore(DISTRICT COLLECTOR NELLORE_IDA)","Shri Masthan Rao Yadav Beedha (2024-28) (2024-2028)","Elected MP","Construction of Community Hall at Pullanella Palli Habitation of Thurupalli GP in Chejerla Mandal, SPSR Nellore District","17-Sep-2025","28-Oct-2025","3000000","Sanction"
"16","Normal/Others","WS/MP18428/2025-2026/234791-Construction of community centers and community halls","Andhra Pradesh","VIZIANAGARAM(DISTRICT COLLECTOR VIZIANAGARAM_IDA)","Shri Masthan Rao Yadav Beedha (2024-28) (2024-2028)","Elected MP","Construction of Community Hall at Khasapeta, Lakkavarapukota Mandal, Vijayanagaram District","17-Sep-2025","14-Oct-2025","2500000","Time Estimation"
"17","Normal/Others","WS/MP18427/2025-2026/238941-Construction of community centers and community halls","Andhra Pradesh","Sri Potti Sriramulu Nellore(DISTRICT COLLECTOR NELLORE_IDA)","Shri Ryaga Krishnaiah (2024-28) (2024-2028)","Elected MP","Construction of three shelters in Juvvagu SC ST salt society in Iskapalli GP of Allur Mandal, SPSR Nellore District.","29-Sep-2025","27-Oct-2025","2250000","Sanction"
"18","Normal/Others","WS/MP18427/2025-2026/238942-Construction of community centers and community halls","Andhra Pradesh","Sri Potti Sriramulu Nellore(DISTRICT COLLECTOR NELLORE_IDA)","Shri Ryaga Krishnaiah (2024-28) (2024-2028)","Elected MP","Construction of three shelters in BC salt society in Iskapalli GP of Allur Mandal SPSR Nellore District","29-Sep-2025","27-Oct-2025","2250000","Sanction"
"19","Normal/Others","WS/MP18427/2025-2026/238943-Construction of community centers and community halls","Andhra Pradesh","Sri Potti Sriramulu Nellore(DISTRICT COLLECTOR NELLORE_IDA)","Shri Ryaga Krishnaiah (2024-28) (2024-2028)","Elected MP","Construction of Seven shelters in SC ST salt society in Iskapalli GP of Allur Mandal, SPSR Nellore District","29-Sep-2025","27-Oct-2025","5250000","Sanction"
"20","Normal/Others","WS/MP18428/2025-2026/241791-Construction of community centers and community halls","Andhra Pradesh","WEST GODAVARI(DISTRICT COLLECTOR WEST GODAVARI_IDA)","Shri Masthan Rao Yadav Beedha (2024-28) (2024-2028)","Elected MP","Construction of additional accommodation to BC Community hall in Unikili  village of Attili(M), West Godavari District","13-Oct-2025","22-Oct-2025","2000000","Sanction"
"21","Normal/Others","WS/MP18428/2025-2026/241792-Construction of community centers and community halls","Andhra Pradesh","Sri Potti Sriramulu Nellore(DISTRICT COLLECTOR NELLORE_IDA)","Shri Masthan Rao Yadav Beedha (2024-28) (2024-2028)","Elected MP","Construction of Community Hall at Kothur of Kovur GP and Kovur Mandal","13-Oct-2025","28-Oct-2025","1000000","Sanction"
"22","Normal/Others","WS/MP18427/2025-2026/244098-Construction of community centers and community halls","Andhra Pradesh","Tirupati(DISTRICT COLLECTOR TIRUPATI_IDA)","Shri Ryaga Krishnaiah (2024-28) (2024-2028)","Elected MP","Construction of Multi Purpose Community Hall at 19th ward, Tirupathi Town, Tirupathi Dist","20-Dec-2025","25-Feb-2026","1000000","Sanction"
"23","Normal/Others","WS/MP18427/2025-2026/207786-Construction of community centers and community halls","Andhra Pradesh","Dr. B.R. Ambedkar Konaseema(DISTRICT COLLECTOR Dr B R AMBEDKAR KONASEEMA_IDA)","Shri Ryaga Krishnaiah (2024-28) (2024-2028)","Elected MP","Construction of Multi Purpose Community Hall in Pinapalla Village, Alamuru Mandal, Dr B.R Ambedkar Konasema Dist","10-Jun-2025","10-Jul-2025","3000000","Physical Inspection"
"24","Normal/Others","WS/MP18427/2025-2026/208561-Construction of community centers and community halls","Andhra Pradesh","KURNOOL(DISTRICT COLLECTOR KURNOOL_IDA)","Shri Ryaga Krishnaiah (2024-28) (2024-2028)","Elected MP","Construction of Multi Purpose Community Hall Survey Number 70 2B1 and extent of 1.95 cent in Kallur Gram Panchayat of Kallur Mandal, Kurnool District","13-Jun-2025","01-Jan-2026","9000000","Sanction"
"25","Normal/Others","WS/MP18427/2025-2026/208791-Construction of community centers and community halls","Andhra Pradesh","Y.S.R. Kadapa(DISTRICT COLLECTOR CUDDAPAH_IDA)","Shri Ryaga Krishnaiah (2024-28) (2024-2028)","Elected MP","Construction of Community hall first floor in BC Colony Prakash Nagar 14th Ward Kadapa","13-Jun-2025","10-Sep-2025","1494846","Physical Inspection"
"26","Normal/Others","WS/MP18334/2025-2026/213182-Construction of community centers and community halls","Andhra Pradesh","Anakapalli(DISTRICT COLLECTOR ANAKAPALLI_IDA)","Shri Meda Raghunadha Reddy (2024-30) (2024-2030)","Elected MP","Construction of Community Hall in B.C. Colony in Narasayyapeta Village, Chodavaram Mandal","28-Jun-2025","30-Jul-2025","500000","Work partially Completed"
"27","Normal/Others","WS/MP18373/2025-2026/215496-Construction of community centers and community halls","Andhra Pradesh","PRAKASAM(DISTRICT COLLECTOR PRAKASAM_IDA)","Shri Yerram Venkata Subba Reddy (2024-30) (2024-2030)","Elected MP","Construction of Community Hall in Vedulla Cheruvu Village and Grama Panchayat, Veligandla Mandal, Prakasam District.","07-Jul-2025","07-Nov-2025","2000000","Work partially Completed"
"28","Normal/Others","WS/MP18373/2025-2026/217211-Construction of community centers and community halls","Andhra Pradesh","WEST GODAVARI(DISTRICT COLLECTOR WEST GODAVARI_IDA)","Shri Yerram Venkata Subba Reddy (2024-30) (2024-2030)","Elected MP","Construction of SC Community Hallin SC Colony Ward No 10, Neerrullipalem HO Valluru Village and GP, Achanta Mandal, West Godavari District.","11-Jul-2025","20-Aug-2025","2000000","Physical Inspection"
"29","Normal/Others","WS/MP18427/2025-2026/190859-Construction of community centers and community halls","Andhra Pradesh","Palnadu(District Collector Palnadu_IDA)","Shri Ryaga Krishnaiah (2024-28) (2024-2028)","Elected MP","Construction of Community Hall in Nadendla Village and Mandal, Palnadu Dist","12-Apr-2025","27-May-2025","2500000","Physical Inspection"
"30","Normal/Others","WS/MP18427/2025-2026/192210-Construction of community centers and community halls","Andhra Pradesh","Y.S.R. Kadapa(DISTRICT COLLECTOR CUDDAPAH_IDA)","Shri Ryaga Krishnaiah (2024-28) (2024-2028)","Elected MP","Construction of Incomplete Comnunity Hall at BC Colony Prakash Nagar 14th Division","25-Apr-2025","24-May-2025","2495271","Physical Inspection"
"31","Normal/Others","WS/MP18427/2025-2026/231130-Construction of community centers and community halls","Andhra Pradesh","KRISHNA(DISTRICT COLLECTOR KRISHNA_IDA)","Shri Ryaga Krishnaiah (2024-28) (2024-2028)","Elected MP","Construction of BC Community Hall at Majeru Village, Challapalli Mandal, Krishna","03-Sep-2025","16-Oct-2025","3000000","Sanction"
"32","Normal/Others","WS/MP18427/2025-2026/245256-Construction of community centers and community halls","Andhra Pradesh","Palnadu(District Collector Palnadu_IDA)","Shri Ryaga Krishnaiah (2024-28) (2024-2028)","Elected MP","Construction of Multi Pourpose community hall at Bogaram Village, Ilpur Mandal, Palnadu Dist","31-Oct-2025","19-Nov-2025","2495890","Physical Inspection"
"33","Normal/Others","WS/MP18319/2025-2026/252917-Construction of community centers and community halls","Andhra Pradesh","VIZIANAGARAM(DISTRICT COLLECTOR VIZIANAGARAM_IDA)","Shri Golla Baburao (2024-30) (2024-2030)","Elected MP","Construction of community hall in Sc colony at rompalle village","10-Dec-2025","18-Dec-2025","500000","Physical Inspection"
"34","Normal/Others","WS/MP18319/2025-2026/252918-Construction of community centers and community halls","Andhra Pradesh","VIZIANAGARAM(DISTRICT COLLECTOR VIZIANAGARAM_IDA)","Shri Golla Baburao (2024-30) (2024-2030)","Elected MP","Construction of community hall in Rellivedhi at rompalle village","10-Dec-2025","18-Dec-2025","500000","Sanction"
"35","Normal/Others","WS/MP18427/2025-2026/257768-Construction of community centers and community halls","Andhra Pradesh","SRIKAKULAM(District Collector Srikakulam_IDA)","Shri Ryaga Krishnaiah (2024-28) (2024-2028)","Elected MP","Construction to Community Hall at Chinna Veedhi, near Ramalayam Tank Rajapuram Village, Kaviti Mandal, Srikakulam Dist","07-Jan-2026","25-Mar-2026","2000000","Sanction"
"36","Normal/Others","WS/MP18428/2025-2026/272158-Construction of community centers and community halls","Andhra Pradesh","Sri Potti Sriramulu Nellore(DISTRICT COLLECTOR NELLORE_IDA)","Shri Masthan Rao Yadav Beedha (2024-28) (2024-2028)","Elected MP","Construction of Community Hall at Mahimalur village of Atmakur Mandal, SPSR Nellore District","02-Mar-2026","09-Mar-2026","2500000","Sanction"
"37","Normal/Others","WS/MP18428/2026-2027/272159-Construction of community centers and community halls","Andhra Pradesh","NTR(DISTRICT COLLECTOR NTR_IDA)","Shri Masthan Rao Yadav Beedha (2024-28) (2024-2028)","Elected MP","Construction of Community Hall at Pochavaram village of Vatsavai Mandal, NTR District","02-Mar-2026","18-Apr-2026","2500000","Sanction"
"38","Normal/Others","WS/MP18373/2025-2026/197981-Construction of public libraries and reading rooms","Andhra Pradesh","PRAKASAM(DISTRICT COLLECTOR PRAKASAM_IDA)","Shri Yerram Venkata Subba Reddy (2024-30) (2024-2030)","Elected MP","Construction of Library Building at Thallur Village, Thallur Mandal, Prakasam District","08-May-2025","07-Nov-2025","3500000","Sanction"
"39","Normal/Others","WS/MP18428/2025-2026/261893-Construction of public libraries and reading rooms","Andhra Pradesh","Sri Potti Sriramulu Nellore(DISTRICT COLLECTOR NELLORE_IDA)","Shri Masthan Rao Yadav Beedha (2024-28) (2024-2028)","Elected MP","Construction of Library building and Reading Room at Sarojini Nagar in 38 Division, Nellore Municipal Corporation in SPSR Nellore District","26-Jan-2026","06-Feb-2026","1700000","Work partially Completed"
"40","Normal/Others","WS/MP18427/2025-2026/266958-Construction of public libraries and reading rooms","Andhra Pradesh","Sri Sathya Sai(DISTRICT COLLECTOR SRI SATHYA SAI_IDA)","Shri Ryaga Krishnaiah (2024-28) (2024-2028)","Elected MP","Providing Electrical fittings and other facilities in Ground First floor of Public utility Building at Neelakantapuram Village, madakasira Mandal, Sri Sathya Sai Dist","07-Feb-2026","07-Mar-2026","3000000","Sanction"
"41","Normal/Others","WS/MP18427/2025-2026/266959-Purchase of books for public libraries/ digitization of library books","Andhra Pradesh","Sri Sathya Sai(DISTRICT COLLECTOR SRI SATHYA SAI_IDA)","Shri Ryaga Krishnaiah (2024-28) (2024-2028)","Elected MP","Provide Head room facilities and other amenities to public utility building at Neelakantapuram Village, madakasira Mandal, Sri Sathya Sai Dist","07-Feb-2026","07-Mar-2026","2500000","Sanction"
"42","Normal/Others","WS/MP18334/2024-2025/142917-Crematoriums/energy efficient crematoriums or structures on burial/cremation ground","Andhra Pradesh","Y.S.R. Kadapa(DISTRICT COLLECTOR CUDDAPAH_IDA)","Shri Meda Raghunadha Reddy (2024-30) (2024-2030)","Elected MP","Construction of Compound Wall for the Burial ground in Mantapampalli HW in Mantapampalli GP of Vontimitta Mandal","23-Sep-2024","15-Oct-2024","499400","Physical Inspection"
"43","Normal/Others","WS/MP18428/2025-2026/196785-Crematoriums/energy efficient crematoriums or structures on burial/cremation ground","Andhra Pradesh","KRISHNA(DISTRICT COLLECTOR KRISHNA_IDA)","Shri Masthan Rao Yadav Beedha (2024-28) (2024-2028)","Elected MP","Construction of Compound wall and levelling to Crematorium in Thadepalli Village of Ghantasala Mandal, Krishna District","05-May-2025","04-Jun-2025","1952403","Physical Inspection"
"44","Normal/Others","WS/MP18334/2025-2026/205191-Crematoriums/energy efficient crematoriums or structures on burial/cremation ground","Andhra Pradesh","Annamayya(DISTRICT COLLECTOR ANNAMAYYA_IDA)","Shri Meda Raghunadha Reddy (2024-30) (2024-2030)","Elected MP","Construction of room and barbed wire fencing for burial ground with gate and borewell at Edarapalli Village Nandalur M","23-Jun-2025","18-Nov-2025","900000","Sanction"
"45","Normal/Others","WS/MP18334/2025-2026/205204-Crematoriums/energy efficient crematoriums or structures on burial/cremation ground","Andhra Pradesh","Annamayya(DISTRICT COLLECTOR ANNAMAYYA_IDA)","Shri Meda Raghunadha Reddy (2024-30) (2024-2030)","Elected MP","Construction of Compound wall to SC Burial Ground at East and West side in Anjaneya Puram Village,  Madanagopalapuram GP of Rajampeta Mandal","23-Jun-2025","22-Jul-2025","500000","Physical Inspection"
"46","Normal/Others","WS/MP18334/2025-2026/205208-Crematoriums/energy efficient crematoriums or structures on burial/cremation ground","Andhra Pradesh","Annamayya(DISTRICT COLLECTOR ANNAMAYYA_IDA)","Shri Meda Raghunadha Reddy (2024-30) (2024-2030)","Elected MP","Construction Of Compound wall and Room Hindu Burril Ground at Est and south side in Pedda Karampalli Village and GP of Rajampet Mandal","23-Jun-2025","22-Jul-2025","2000000","Sanction"
"47","Normal/Others","WS/MP18334/2025-2026/205235-Crematoriums/energy efficient crematoriums or structures on burial/cremation ground","Andhra Pradesh","Y.S.R. Kadapa(DISTRICT COLLECTOR CUDDAPAH_IDA)","Shri Meda Raghunadha Reddy (2024-30) (2024-2030)","Elected MP","Construction of compound wall to the Burrial Grodend at Nadimpalli GP, Vontimitta GP and Mandal","24-Jun-2025","11-Sep-2025","498047","Physical Inspection"
"48","Normal/Others","WS/MP18334/2025-2026/211556-Crematoriums/energy efficient crematoriums or structures on burial/cremation ground","Andhra Pradesh","Y.S.R. Kadapa(DISTRICT COLLECTOR CUDDAPAH_IDA)","Shri Meda Raghunadha Reddy (2024-30) (2024-2030)","Elected MP","Construction of Ritual Utility Room at Hindu Burial Ground at Kondamachupalli Village and Vontimitta GP, Vontimitta Mandal","24-Jun-2025","11-Sep-2025","700000","Sanction"
"49","Normal/Others","WS/MP18428/2025-2026/229687-Crematoriums/energy efficient crematoriums or structures on burial/cremation ground","Andhra Pradesh","Sri Potti Sriramulu Nellore(DISTRICT COLLECTOR NELLORE_IDA)","Shri Masthan Rao Yadav Beedha (2024-28) (2024-2028)","Elected MP","Construction of Compound wall at Muslim Burrial ground at Ibrahim Peta Bit-1 in VNR Peta (GP) of Bogole","28-Aug-2025","26-Sep-2025","499798","Physical Inspection"
"50","Normal/Others","WS/MP18428/2025-2026/229688-Crematoriums/energy efficient crematoriums or structures on burial/cremation ground","Andhra Pradesh","Sri Potti Sriramulu Nellore(DISTRICT COLLECTOR NELLORE_IDA)","Shri Masthan Rao Yadav Beedha (2024-28) (2024-2028)","Elected MP","Construction of Compound wall at Muslim Burial ground at Ibrahim Peta Bit-2 in VNR Peta (GP) of Bogole","28-Aug-2025","26-Sep-2025","499146","Physical Inspection"
"51","Normal/Others","WS/MP18428/2025-2026/229692-Crematoriums/energy efficient crematoriums or structures on burial/cremation ground","Andhra Pradesh","Tirupati(DISTRICT COLLECTOR TIRUPATI_IDA)","Shri Masthan Rao Yadav Beedha (2024-28) (2024-2028)","Elected MP","Construction of Compound Wall Bit-1 for Burial Ground in Karrabalavolu GP of Ozili Mandal, Tirupati District","28-Aug-2025","27-Sep-2025","500000","Time Estimation"
"52","Normal/Others","WS/MP18428/2025-2026/229693-Crematoriums/energy efficient crematoriums or structures on burial/cremation ground","Andhra Pradesh","Tirupati(DISTRICT COLLECTOR TIRUPATI_IDA)","Shri Masthan Rao Yadav Beedha (2024-28) (2024-2028)","Elected MP","Construction of Compound Wall Bit-2 for Burial Ground in Karrabalavolu GP of Ozili Mandal, Tirupati District","28-Aug-2025","27-Sep-2025","500000","Time Estimation"
"53","Normal/Others","WS/MP18427/2025-2026/257913-Crematoriums/energy efficient crematoriums or structures on burial/cremation ground","Andhra Pradesh","Sri Sathya Sai(DISTRICT COLLECTOR SRI SATHYA SAI_IDA)","Shri Ryaga Krishnaiah (2024-28) (2024-2028)","Elected MP","Providing of Bore well and Motor set Burial ground in yerrayapalli village Bathhala palli mandal sathya sai District","27-Jan-2026","13-Feb-2026","492321","Physical Inspection"
"54","Normal/Others","WS/MP18427/2025-2026/257914-Crematoriums/energy efficient crematoriums or structures on burial/cremation ground","Andhra Pradesh","Sri Sathya Sai(DISTRICT COLLECTOR SRI SATHYA SAI_IDA)","Shri Ryaga Krishnaiah (2024-28) (2024-2028)","Elected MP","Providing of fencing with burial ground yerrayapalli village Bathhala palli mandal sathya sai District","27-Jan-2026","13-Feb-2026","499078","Physical Inspection"
"55","Normal/Others","WS/MP18428/2025-2026/261898-Crematoriums/energy efficient crematoriums or structures on burial/cremation ground","Andhra Pradesh","Sri Potti Sriramulu Nellore(DISTRICT COLLECTOR NELLORE_IDA)","Shri Masthan Rao Yadav Beedha (2024-28) (2024-2028)","Elected MP","Construction of Karma Krathuvula Sala at Koneru Gunta ( Funeral Ceremony) in East Gogulapalli of Allur Mandal, SPSR Nellore District","26-Jan-2026","06-Feb-2026","1900000","Sanction"
"56","Normal/Others","WS/MP18428/2025-2026/264678-Crematoriums/energy efficient crematoriums or structures on burial/cremation ground","Andhra Pradesh","Sri Potti Sriramulu Nellore(DISTRICT COLLECTOR NELLORE_IDA)","Shri Masthan Rao Yadav Beedha (2024-28) (2024-2028)","Elected MP","Construction of Shed in Burial Ground at Konda Bitragunta Main Village in Bitragunta GP of Bogole Mandal SPSR Nellore District","02-Feb-2026","28-Feb-2026","500000","Sanction"
"57","Normal/Others","WS/MP18428/2025-2026/264679-Crematoriums/energy efficient crematoriums or structures on burial/cremation ground","Andhra Pradesh","Sri Potti Sriramulu Nellore(DISTRICT COLLECTOR NELLORE_IDA)","Shri Masthan Rao Yadav Beedha (2024-28) (2024-2028)","Elected MP","Providing Water Supply in Burial Ground at Konda Bitragunta main village in Bitragunta GP, Bogole Mandal of SPSR Nellore Dsirtict","02-Feb-2026","28-Feb-2026","450000","Sanction"
"58","Normal/Others","WS/MP18428/2025-2026/272157-Crematoriums/energy efficient crematoriums or structures on burial/cremation ground","Andhra Pradesh","Palnadu(District Collector Palnadu_IDA)","Shri Masthan Rao Yadav Beedha (2024-28) (2024-2028)","Elected MP","Construction of Compound Wall, Cremation and Levelling to Hindu Burrial Ground in Annavaram Village of Rompicherla Mandal, Palnadu District","02-Mar-2026","05-Mar-2026","3000000","Sanction"
"59","Normal/Others","WS/MP18373/2026-2027/283043-Crematoriums/energy efficient crematoriums or structures on burial/cremation ground","Andhra Pradesh","Palnadu(District Collector Palnadu_IDA)","Shri Yerram Venkata Subba Reddy (2024-30) (2024-2030)","Elected MP","Construction of Crematorium to Burial Ground for BCs in Ipur Village and Mandal, Palnadu District.","22-May-2026","17-Jun-2026","500000","Sanction"
"60","Normal/Others","WS/MP18373/2026-2027/283044-Crematoriums/energy efficient crematoriums or structures on burial/cremation ground","Andhra Pradesh","Palnadu(District Collector Palnadu_IDA)","Shri Yerram Venkata Subba Reddy (2024-30) (2024-2030)","Elected MP","Construction of Dressing Room to Burial Ground for BCs in Ipur Village and Mandal, Palnadu District","22-May-2026","19-Jun-2026","500000","Sanction"
"61","Normal/Others","WS/MP18428/2026-2027/289375-Crematoriums/energy efficient crematoriums or structures on burial/cremation ground","Andhra Pradesh","WEST GODAVARI(DISTRICT COLLECTOR WEST GODAVARI_IDA)","Shri Masthan Rao Yadav Beedha (2024-28) (2024-2028)","Elected MP","Construction of Crematorium  and structure in Hindhu Smasanavatika of Panduvva Village in Undi Mandal, West Godavari District","27-Jun-2026","25-Aug-2026","1500000","Sanction"
"62","Normal/Others","WS/MP18428/2026-2027/289714-Crematoriums/energy efficient crematoriums or structures on burial/cremation ground","Andhra Pradesh","Sri Potti Sriramulu Nellore(DISTRICT COLLECTOR NELLORE_IDA)","Shri Masthan Rao Yadav Beedha (2024-28) (2024-2028)","Elected MP","Construction of shed at Burial ground at Konda bitragunta ST Colony in Bitragunta, Bogole Mandal, SPSR Nellore District","27-Jun-2026","27-Jul-2026","500000","Sanction"
"63","Normal/Others","WS/MP18428/2025-2026/200660-Construction of common work sheds/ common covered sitting area","Andhra Pradesh","Sri Potti Sriramulu Nellore(DISTRICT COLLECTOR NELLORE_IDA)","Shri Masthan Rao Yadav Beedha (2024-28) (2024-2028)","Elected MP","Construction of Community Pial at Mahalakshmamma Temple in Upputuru (V), Nellore Rural (M)","18-May-2025","20-Jun-2025","250000","Physical Inspection"
"64","Normal/Others","WS/MP18428/2025-2026/200666-Construction of common work sheds/ common covered sitting area","Andhra Pradesh","Sri Potti Sriramulu Nellore(DISTRICT COLLECTOR NELLORE_IDA)","Shri Masthan Rao Yadav Beedha (2024-28) (2024-2028)","Elected MP","Construction of Community Pial at ST Colony of Kandamuru (V), Nellore Rural (M)","18-May-2025","20-Jun-2025","395000","Physical Inspection"
"65","Normal/Others","WS/MP18334/2025-2026/205180-Construction of common work sheds/ common covered sitting area","Andhra Pradesh","Annamayya(DISTRICT COLLECTOR ANNAMAYYA_IDA)","Shri Meda Raghunadha Reddy (2024-30) (2024-2030)","Elected MP","Providing of Dhobi Ghat at Ananthaiahgaripalli Village and G.P of Pullampet Mandal","23-Jun-2025","22-Jul-2025","400000","Sanction"
"66","Normal/Others","WS/MP18428/2025-2026/261895-Construction of common work sheds/ common covered sitting area","Andhra Pradesh","Sri Potti Sriramulu Nellore(DISTRICT COLLECTOR NELLORE_IDA)","Shri Masthan Rao Yadav Beedha (2024-28) (2024-2028)","Elected MP","Construction of four shelters in samban salt Society in Iskapalli GP of Allur Mandal, SPSR Nellore District","26-Jan-2026","06-Feb-2026","3000000","Sanction"
"67","Repair and Renovation","WS/MP18334/2024-2025/147287-Construction of additional rooms and halls in the existing public and community building","Andhra Pradesh","Annamayya(DISTRICT COLLECTOR ANNAMAYYA_IDA)","Shri Meda Raghunadha Reddy (2024-30) (2024-2030)","Elected MP","Providing repairs to Anganwadi Building at Pulapathuru Village of Pulapathuru GP of Rajampet Mandal","15-Oct-2024","31-Dec-2024","200000","Sanction"
"68","Normal/Others","WS/MP18373/2025-2026/181151-Construction of additional rooms and halls in the existing public and community building","Andhra Pradesh","Visakhapatnam(DISTRICT COLLECTOR VISAKHAPATNAM_IDA)","Shri Yerram Venkata Subba Reddy (2024-30) (2024-2030)","Elected MP","Providing additional amenities to  Swarna Bharathi Nagar Community Hall at Swarna Bharati Nagar, Rushikonda in ward no 8 of zone 2, Visakhapatnam Municipal Corporation.","12-Mar-2025","30-Jan-2026","3000000","Sanction"
"69","Normal/Others","WS/MP18428/2025-2026/193146-Construction of additional rooms and halls in the existing public and community building","Andhra Pradesh","WEST GODAVARI(DISTRICT COLLECTOR WEST GODAVARI_IDA)","Shri Masthan Rao Yadav Beedha (2024-28) (2024-2028)","Elected MP","Additional Accommodation to Multipurpose Community Hall in Brodipeta, 2nd Ward of Palakollu Town","22-Apr-2025","02-Jun-2025","4000000","Sanction"
"70","Normal/Others","WS/MP18334/2025-2026/213555-Construction of additional rooms and halls in the existing public and community building","Andhra Pradesh","Palnadu(District Collector Palnadu_IDA)","Shri Meda Raghunadha Reddy (2024-30) (2024-2030)","Elected MP","Providing Additional Amenities to the Community Hall in Panditivaripalem Village, Piduguralla Mandal","30-Jun-2025","12-Aug-2025","1500000","Vendor Identification"
"71","Normal/Others","WS/MP18428/2025-2026/222855-Construction of additional rooms and halls in the existing public and community building","Andhra Pradesh","KURNOOL(DISTRICT COLLECTOR KURNOOL_IDA)","Shri Masthan Rao Yadav Beedha (2024-28) (2024-2028)","Elected MP","Construction of Kitchen Shed near Community Hall at Molagavalli village of Alur Mandal, Kurnool District","28-Jul-2025","12-Dec-2025","700000","Sanction"
"72","Normal/Others","WS/MP18373/2025-2026/232119-Construction of additional rooms and halls in the existing public and community building","Andhra Pradesh","PRAKASAM(DISTRICT COLLECTOR PRAKASAM_IDA)","Shri Yerram Venkata Subba Reddy (2024-30) (2024-2030)","Elected MP","Providing additional eminities to the Community Hall building in Batchalakurapadu Village and GP, Konakanamitla Mandal, Prakasam District.","08-Sep-2025","07-Nov-2025","500000","Work Completed"
"73","Normal/Others","WS/MP18428/2025-2026/234786-Construction of additional rooms and halls in the existing public and community building","Andhra Pradesh","EAST GODAVARI(DISTRICT COLLECTOR, EAST GODAVARI)","Shri Masthan Rao Yadav Beedha (2024-28) (2024-2028)","Elected MP","Construction of Rooms in Phule Bhavan located opposite P.V. Narasimha Rao Park on Godavari Bund, Rajamahendravaram, East Godavari District","17-Sep-2025","16-Mar-2026","2500000","Sanction"
"74","Repair and Renovation","WS/MP18319/2025-2026/236052-Construction of additional rooms and halls in the existing public and community building","Andhra Pradesh","Visakhapatnam(DISTRICT COLLECTOR VISAKHAPATNAM_IDA)","Shri Golla Baburao (2024-30) (2024-2030)","Elected MP","Renovation of community hall situated in SC colony ward 68","21-Sep-2025","05-Nov-2025","1000000","Work partially Completed"
"75","Normal/Others","WS/MP18430/2025-2026/247341-Construction of additional rooms and halls in the existing public and community building","Andhra Pradesh","WEST GODAVARI(DISTRICT COLLECTOR WEST GODAVARI_IDA)","Shri Paka Venkata Satyanarayana (2025-28) (2025-2028)","Elected MP","Construction of additional rooms and halls in the existing public and community building.","11-Nov-2025","30-Dec-2025","1500000","Sanction"
"76","Normal/Others","WS/MP18428/2025-2026/248678-Construction of additional rooms and halls in the existing public and community building","Andhra Pradesh","Palnadu(District Collector Palnadu_IDA)","Shri Masthan Rao Yadav Beedha (2024-28) (2024-2028)","Elected MP","Providing additional accomidation to Coomunity Hall in Inumella Village of Ipuru Mandal, Palnadu District","17-Nov-2025","06-Dec-2025","2500000","Sanction"
"77","Trust and Society","WS/MP18373/2026-2027/275867-Construction of additional rooms and halls in the existing public and community building","Andhra Pradesh","Annamayya(DISTRICT COLLECTOR ANNAMAYYA_IDA)","Shri Yerram Venkata Subba Reddy (2024-30) (2024-2030)","Elected MP","Providing additional amenities to Reddy Sangam Community Bhavan at Papireddypalle, Ankisettypalle Village, Madanapalle mandal","25-Mar-2026","17-Apr-2026","1000000","Sanction"
"78","Normal/Others","WS/MP18334/2026-2027/287151-Construction of additional rooms and halls in the existing public and community building","Andhra Pradesh","Annamayya(DISTRICT COLLECTOR ANNAMAYYA_IDA)","Shri Meda Raghunadha Reddy (2024-30) (2024-2030)","Elected MP","Providing Lady Advocates Rest Room and upgradations to Rajampet Bar Association Building, Rajampet","19-Jun-2026","24-Jul-2026","500000","Sanction"
"79","Normal/Others","WS/MP18373/2026-2027/297288-Construction of additional rooms and halls in the existing public and community building","Andhra Pradesh","Annamayya(DISTRICT COLLECTOR ANNAMAYYA_IDA)","Shri Yerram Venkata Subba Reddy (2024-30) (2024-2030)","Elected MP","Providing additional amenities to the Community Hall near Sri Shiridi Saibaba Temple at Valmikipuram Village and Mandal, Annamayya District.","24-Jul-2026","22-Aug-2026","2000000","Sanction"
"80","Normal/Others","WS/MP18373/2026-2027/297308-Construction of additional rooms and halls in the existing public and community building","Andhra Pradesh","Palnadu(District Collector Palnadu_IDA)","Shri Yerram Venkata Subba Reddy (2024-30) (2024-2030)","Elected MP","Providing additional amenities to Community hallin Bucchibapannapalem of Rompicherla Mandal, Palnadu District.","24-Jul-2026","03-Aug-2026","2500000","Sanction"
"81","Normal/Others","WS/MP18334/2024-2025/137937-Construction of boundary walls of existing public and community buildings","Andhra Pradesh","Annamayya(DISTRICT COLLECTOR ANNAMAYYA_IDA)","Shri Meda Raghunadha Reddy (2024-30) (2024-2030)","Elected MP","Construction of Compound wall to Muslim Burrial Ground at East and South side in P. Karampalli Village and GP of Rajampet Mandal","31-Aug-2024","18-Oct-2024","998472","Physical Inspection"
"82","Normal/Others","WS/MP18334/2024-2025/142924-Construction of boundary walls of existing public and community buildings","Andhra Pradesh","Y.S.R. Kadapa(DISTRICT COLLECTOR CUDDAPAH_IDA)","Shri Meda Raghunadha Reddy (2024-30) (2024-2030)","Elected MP","Construction of Compound Wall for the Grama Sachivalayam Complex in Gangaperuru GP of Vontimitta Mandal","23-Sep-2024","15-Oct-2024","497012","Physical Inspection"
"83","Normal/Others","WS/MP18334/2024-2025/145203-Construction of boundary walls of existing public and community buildings","Andhra Pradesh","Y.S.R. Kadapa(DISTRICT COLLECTOR CUDDAPAH_IDA)","Shri Meda Raghunadha Reddy (2024-30) (2024-2030)","Elected MP","Providing Compound Wall to Sachivalayam Jyothi G.P.","03-Oct-2024","19-Oct-2024","798819","Physical Inspection"
"84","Normal/Others","WS/MP18334/2024-2025/145216-Construction of boundary walls of existing public and community buildings","Andhra Pradesh","Y.S.R. Kadapa(DISTRICT COLLECTOR CUDDAPAH_IDA)","Shri Meda Raghunadha Reddy (2024-30) (2024-2030)","Elected MP","Providing Compound Wall to Sachivalayam of Madhavaram G.P.","03-Oct-2024","19-Oct-2024","998578","Physical Inspection"
"85","Normal/Others","WS/MP18334/2024-2025/147285-Construction of boundary walls of existing public and community buildings","Andhra Pradesh","Annamayya(DISTRICT COLLECTOR ANNAMAYYA_IDA)","Shri Meda Raghunadha Reddy (2024-30) (2024-2030)","Elected MP","Construction of Compound wall to Anganwadi Building at East and West side in Pulapathuru Village of Pulapathuru GP of Rajampet Mandal","15-Oct-2024","31-Dec-2024","500000","Sanction"
"86","Normal/Others","WS/MP18334/2024-2025/147288-Construction of boundary walls of existing public and community buildings","Andhra Pradesh","Annamayya(DISTRICT COLLECTOR ANNAMAYYA_IDA)","Shri Meda Raghunadha Reddy (2024-30) (2024-2030)","Elected MP","Construction of Compound wall to Anganwadi Building at North and South side in Pulapathuru village of Pulapathuru GP Rajampet Mandal","15-Oct-2024","31-Dec-2024","500000","Sanction"
"87","Normal/Others","WS/MP18373/2024-2025/165151-Construction of boundary walls of existing public and community buildings","Andhra Pradesh","Bapatla(DISTRICT COLLECTOR BAPATLA_IDA)","Shri Yerram Venkata Subba Reddy (2024-30) (2024-2030)","Elected MP","Construction of Compound Wall to Burialground and Open Room with Roof Slab in Burialground at Medarametla Village adjacent to the Medarametla to Korisapadu Donka Road in Korisapadu Mandal, Bapatla District","13-Jan-2025","11-Mar-2025","1375818","Physical Inspection"
"88","Normal/Others","WS/MP18427/2026-2027/279146-Construction of community centers and community halls","Andhra Pradesh","NTR(DISTRICT COLLECTOR NTR_IDA)","Shri Ryaga Krishnaiah (2024-28) (2024-2028)","Elected MP","Construction of Community Hall at Lingala Village, Vatsavai Mandal, NTR Dist","28-Apr-2026","25-May-2026","5000000","Sanction"
"89","Normal/Others","WS/MP18430/2026-2027/280768-Construction of community centers and community halls","Andhra Pradesh","WEST GODAVARI(DISTRICT COLLECTOR WEST GODAVARI_IDA)","Shri Paka Venkata Satyanarayana (2025-28) (2025-2028)","Elected MP","Construction of Community Hall in R.S.No.430-6,Adhivaram Bazar,Near MavullammaTemple, Bhimavaram","15-May-2026","08-Jul-2026","3000000","Sanction"
"90","Normal/Others","WS/MP18427/2026-2027/281262-Construction of community centers and community halls","Andhra Pradesh","Y.S.R. Kadapa(DISTRICT COLLECTOR CUDDAPAH_IDA)","Shri Ryaga Krishnaiah (2024-28) (2024-2028)","Elected MP","Formation of Gravel and wet mix Road from Door no 85 3-4 to Shivanandapuram Connectivity road Putlampalli in 15th Divison KMC Kadapa","16-May-2026","06-Jul-2026","2500000","Work partially Completed"
"91","Normal/Others","WS/MP18334/2026-2027/287229-Construction of community centers and community halls","Andhra Pradesh","NALGONDA(DISTRICT COLLECTOR NALGONDA)","Shri Meda Raghunadha Reddy (2024-30) (2024-2030)","Elected MP","Construction of SC Community Hall at Urumadla Village of Chityal Mandal, Nalgonda District","19-Jun-2026","20-Jun-2026","2000000","Sanction"
"92","Normal/Others","WS/MP18428/2026-2027/289693-Construction of community centers and community halls","Andhra Pradesh","Eluru(DISTRICT COLLECTOR ELURU_IDA)","Shri Masthan Rao Yadav Beedha (2024-28) (2024-2028)","Elected MP","Construction of Community Halla at BC Locality in Nekkalam Gollagudem Gram Panchayat, Agiripalli Mandal in Eluru District","27-Jun-2026","12-Jul-2026","3000000","Sanction"
"93","Repair and Renovation","WS/MP18319/2026-2027/291503-Construction of community centers and community halls","Andhra Pradesh","VIZIANAGARAM(DISTRICT COLLECTOR VIZIANAGARAM_IDA)","Shri Golla Baburao (2024-30) (2024-2030)","Elected MP","Completion of the incomplete construction of community hall at SC colony at Rompalli VIllage","03-Jul-2026","16-Jul-2026","500000","Sanction"
"94","Normal/Others","WS/MP18319/2026-2027/291509-Construction of community centers and community halls","Andhra Pradesh","VIZIANAGARAM(DISTRICT COLLECTOR VIZIANAGARAM_IDA)","Shri Golla Baburao (2024-30) (2024-2030)","Elected MP","Construction of stage and Ground levelling at ZP High School at Rompalle Village","03-Jul-2026","16-Jul-2026","500000","Sanction"
"95","Normal/Others","WS/MP18334/2025-2026/205213-Construction of boundary walls of existing public and community buildings","Andhra Pradesh","Annamayya(DISTRICT COLLECTOR ANNAMAYYA_IDA)","Shri Meda Raghunadha Reddy (2024-30) (2024-2030)","Elected MP","Providing compound wall near Lakshminarayana Temple in Gundluru village and GP, Rajampet Mandal","23-Jun-2025","22-Jul-2025","600000","Physical Inspection"
"96","Normal/Others","WS/MP18334/2025-2026/205228-Construction of boundary walls of existing public and community buildings","Andhra Pradesh","Annamayya(DISTRICT COLLECTOR ANNAMAYYA_IDA)","Shri Meda Raghunadha Reddy (2024-30) (2024-2030)","Elected MP","Construction of Compound wall to Anganwadi Building East and South at Odiveedu Kaspa of Odiveedu GP Veeraballe Mandal","23-Jun-2025","03-Sep-2025","500000","Physical Inspection"
"97","Normal/Others","WS/MP18334/2025-2026/205241-Construction of boundary walls of existing public and community buildings","Andhra Pradesh","Y.S.R. Kadapa(DISTRICT COLLECTOR CUDDAPAH_IDA)","Shri Meda Raghunadha Reddy (2024-30) (2024-2030)","Elected MP","Construction of compound wall to the Sachi Valayam of Salabad GP,  Vontimitta Mandal","24-Jun-2025","11-Sep-2025","498857","Physical Inspection"
"98","Normal/Others","WS/MP18334/2025-2026/205242-Construction of boundary walls of existing public and community buildings","Andhra Pradesh","Y.S.R. Kadapa(DISTRICT COLLECTOR CUDDAPAH_IDA)","Shri Meda Raghunadha Reddy (2024-30) (2024-2030)","Elected MP","Construction of Compound wall to the Sachi Valayam of Rachapalli GP, Vontimitta Mandal","24-Jun-2025","11-Sep-2025","499036","Physical Inspection"
"99","Normal/Others","WS/MP18334/2025-2026/211544-Construction of boundary walls of existing public and community buildings","Andhra Pradesh","Y.S.R. Kadapa(DISTRICT COLLECTOR CUDDAPAH_IDA)","Shri Meda Raghunadha Reddy (2024-30) (2024-2030)","Elected MP","Completion of incomplete compound wall for the Grama Sachivalayam Complex in Gangaperuru GP, Vontimitta Mandal","24-Jun-2025","11-Sep-2025","597200","Physical Inspection"
"100","Normal/Others","WS/MP18334/2025-2026/212588-Construction of boundary walls of existing public and community buildings","Andhra Pradesh","Y.S.R. Kadapa(DISTRICT COLLECTOR CUDDAPAH_IDA)","Shri Meda Raghunadha Reddy (2024-30) (2024-2030)","Elected MP","Providing Compound wall to School at Bogidivari Palli Village, Peddapalli G.P of Sidhout Mandal.","26-Jun-2025","11-Sep-2025","494301","Physical Inspection"
"101","Normal/Others","WS/MP18373/2025-2026/221050-Construction of boundary walls of existing public and community buildings","Andhra Pradesh","PRAKASAM(DISTRICT COLLECTOR PRAKASAM_IDA)","Shri Yerram Venkata Subba Reddy (2024-30) (2024-2030)","Elected MP","Providing of Compound Wall to PHC Centre at Hanumanthunipadu Village and Mandal, Prakasam District","22-Jul-2025","07-Nov-2025","300000","Sanction"
"102","Normal/Others","WS/MP18373/2025-2026/221051-Construction of boundary walls of existing public and community buildings","Andhra Pradesh","PRAKASAM(DISTRICT COLLECTOR PRAKASAM_IDA)","Shri Yerram Venkata Subba Reddy (2024-30) (2024-2030)","Elected MP","Providing of Compound Wall to Mandal Praja Parishad Office atHanumanthunipadu Village and Mandal, Prakasam District","22-Jul-2025","07-Nov-2025","500000","Sanction"
"103","Normal/Others","WS/MP18319/2025-2026/258834-Construction of boundary walls of existing public and community buildings","Andhra Pradesh","Palnadu(District Collector Palnadu_IDA)","Shri Golla Baburao (2024-30) (2024-2030)","Elected MP","Construction of compound wall, crematorium and dressing room to BC burial ground in Ipur GP of Ipur mandal, Vinukonda Constituency","20-Jan-2026","11-Feb-2026","1000000","Sanction"
"104","Normal/Others","WS/MP18334/2026-2027/286852-Construction of boundary walls of existing public and community buildings","Andhra Pradesh","CHITTOOR(DISTRICT COLLECTOR CHITTOOR_IDA)","Shri Meda Raghunadha Reddy (2024-30) (2024-2030)","Elected MP","Construction of Compound wall and Minor Repairs to Morampalle ST School at Kothuru ST Colony of Morampalle GP in Irala Mandal","19-Jun-2026","19-Aug-2026","499000","Sanction"
"105","Normal/Others","WS/MP18334/2026-2027/287110-Construction of boundary walls of existing public and community buildings","Andhra Pradesh","Annamayya(DISTRICT COLLECTOR ANNAMAYYA_IDA)","Shri Meda Raghunadha Reddy (2024-30) (2024-2030)","Elected MP","Construction of Compound Wall near Lakshmi Narashima Swamy Temple in Settipalli GP in Sambepalli Mandal","19-Jun-2026","15-Jul-2026","495000","Sanction"
"106","Normal/Others","WS/MP18428/2026-2027/289675-Construction of boundary walls of existing public and community buildings","Andhra Pradesh","Nandyal(DISTRICT COLLECTOR NANDYAL_IDA)","Shri Masthan Rao Yadav Beedha (2024-28) (2024-2028)","Elected MP","Construction of Compound wall at Left side of Community Health Center at Yallur village, Gospadu(M), Nandyala(D) Bit-1","27-Jun-2026","20-Jul-2026","500000","Sanction"
"107","Normal/Others","WS/MP18428/2026-2027/289676-Construction of boundary walls of existing public and community buildings","Andhra Pradesh","Nandyal(DISTRICT COLLECTOR NANDYAL_IDA)","Shri Masthan Rao Yadav Beedha (2024-28) (2024-2028)","Elected MP","Construction of Compound wall at Left side of Community Health Center at Yallur village, Gospadu(M), Nandyala(D) Bit-2","27-Jun-2026","20-Jul-2026","500000","Sanction"
"108","Normal/Others","WS/MP18428/2026-2027/289677-Construction of boundary walls of existing public and community buildings","Andhra Pradesh","Nandyal(DISTRICT COLLECTOR NANDYAL_IDA)","Shri Masthan Rao Yadav Beedha (2024-28) (2024-2028)","Elected MP","Construction of Compound wall at Back side of Community Health Center at Yallur village, Gospadu(M), Nandyala(D) Bit-1","27-Jun-2026","20-Jul-2026","500000","Sanction"
"109","Normal/Others","WS/MP18428/2026-2027/289678-Construction of boundary walls of existing public and community buildings","Andhra Pradesh","Nandyal(DISTRICT COLLECTOR NANDYAL_IDA)","Shri Masthan Rao Yadav Beedha (2024-28) (2024-2028)","Elected MP","Construction of Compound wall at Back side of Community Health Center at Yallur village, Gospadu(M), Nandyala(D) Bit-2","27-Jun-2026","20-Jul-2026","500000","Sanction"
"110","Normal/Others","WS/MP18428/2026-2027/289679-Construction of boundary walls of existing public and community buildings","Andhra Pradesh","Nandyal(DISTRICT COLLECTOR NANDYAL_IDA)","Shri Masthan Rao Yadav Beedha (2024-28) (2024-2028)","Elected MP","Construction of Compound wall at Right Side side of Community Health Center at Yallur village, Gospadu(M), Nandyala(D) Bit-1","27-Jun-2026","20-Jul-2026","500000","Sanction"
"111","Normal/Others","WS/MP18428/2026-2027/289680-Construction of boundary walls of existing public and community buildings","Andhra Pradesh","Nandyal(DISTRICT COLLECTOR NANDYAL_IDA)","Shri Masthan Rao Yadav Beedha (2024-28) (2024-2028)","Elected MP","Construction of Compound wall at Right Side side of Community Health Center at Yallur village, Gospadu(M), Nandyala(D) Bit-2","27-Jun-2026","20-Jul-2026","500000","Sanction"
"112","Normal/Others","WS/MP18428/2026-2027/289705-Construction of boundary walls of existing public and community buildings","Andhra Pradesh","Sri Potti Sriramulu Nellore(DISTRICT COLLECTOR NELLORE_IDA)","Shri Masthan Rao Yadav Beedha (2024-28) (2024-2028)","Elected MP","Construction of South - East Side compound wall to burial ground at Kurru Labbipalem Village of Iskapalli GP in Allur Mandal, SPSR Nellore District","27-Jun-2026","27-Jul-2026","1300000","Sanction"
"113","Normal/Others","WS/MP18428/2026-2027/289721-Construction of boundary walls of existing public and community buildings","Andhra Pradesh","Sri Potti Sriramulu Nellore(DISTRICT COLLECTOR NELLORE_IDA)","Shri Masthan Rao Yadav Beedha (2024-28) (2024-2028)","Elected MP","Construction of North side Compund wall to ZPHS at Baddevolu, Baddevolu GP of Manubolu Mandal, SPSR Nellore District","27-Jun-2026","27-Jul-2026","250000","Sanction"
"114","Normal/Others","WS/MP18428/2026-2027/292675-Construction of boundary walls of existing public and community buildings","Andhra Pradesh","Sri Potti Sriramulu Nellore(DISTRICT COLLECTOR NELLORE_IDA)","Shri Masthan Rao Yadav Beedha (2024-28) (2024-2028)","Elected MP","Compound wall to MPP School, PD Kandriga, Indukurpet Mandal, SPSR Nellore","06-Jul-2026","27-Jul-2026","1000000","Sanction"
"115","Normal/Others","WS/MP18334/2025-2026/195797-Construction of buildings for community cultural activities","Andhra Pradesh","Annamayya(DISTRICT COLLECTOR ANNAMAYYA_IDA)","Shri Meda Raghunadha Reddy (2024-30) (2024-2030)","Elected MP","Construction of New MPES Urdu School Building at Gollapalli of Nagireddipalli, Nandalur Mandal","01-May-2025","22-Jul-2025","1400000","Work partially Completed"
"116","Normal/Others","WS/MP18373/2025-2026/232114-Construction of buildings for community cultural activities","Andhra Pradesh","PRAKASAM(DISTRICT COLLECTOR PRAKASAM_IDA)","Shri Yerram Venkata Subba Reddy (2024-30) (2024-2030)","Elected MP","Construction of Open Auditorium in Bodduavaripalem Village, S.N.Padu Mandal of Prakasam District","08-Sep-2025","18-Dec-2025","600000","Sanction"
"117","Normal/Others","WS/MP18373/2025-2026/241569-Construction of buildings for community cultural activities","Andhra Pradesh","PRAKASAM(DISTRICT COLLECTOR PRAKASAM_IDA)","Shri Yerram Venkata Subba Reddy (2024-30) (2024-2030)","Elected MP","Construction of Cultural Building at Bandeldhodi Yanadi Sangham (ST Colony), Ethamukkala Village, Kothaptnam Mandal, Prakasam District.","11-Oct-2025","03-Feb-2026","500000","Sanction"
"118","Normal/Others","WS/MP18373/2025-2026/241571-Construction of buildings for community cultural activities","Andhra Pradesh","PRAKASAM(DISTRICT COLLECTOR PRAKASAM_IDA)","Shri Yerram Venkata Subba Reddy (2024-30) (2024-2030)","Elected MP","Construction of cultural and reading room at Ramalinga Reddy Yanadi Colony, Alluru Village of Kothapatnam Mandal, Prakasam District.","11-Oct-2025","03-Feb-2026","1000000","Sanction"
"119","Normal/Others","WS/MP18428/2026-2027/277360-Construction of buildings for community cultural activities","Andhra Pradesh","Sri Potti Sriramulu Nellore(DISTRICT COLLECTOR NELLORE_IDA)","Shri Masthan Rao Yadav Beedha (2024-28) (2024-2028)","Elected MP","Construction of Multi Purpose Hall near BC Girls Residential School at Allur Nagara Pachayat, SPSR Nellore District","04-Apr-2026","16-May-2026","5000000","Sanction"
"120","Repair and Renovation","WS/MP18428/2025-2026/254211-Construction of Government office buildings (Post office, Police station, Police chauki, etc.)","Andhra Pradesh","Sri Potti Sriramulu Nellore(DISTRICT COLLECTOR NELLORE_IDA)","Shri Masthan Rao Yadav Beedha (2024-28) (2024-2028)","Elected MP","Renovation of Coastal Police Station building at Iskapalli GP, Allur Mandal, SPSR Nellore District","15-Dec-2025","18-Mar-2026","1300000","Sanction"
"121","Normal/Others","WS/MP18373/2026-2027/297295-Providing CCTV camera system for security of public areas","Andhra Pradesh","NALGONDA(DISTRICT COLLECTOR NALGONDA)","Shri Yerram Venkata Subba Reddy (2024-30) (2024-2030)","Elected MP","Installation of CC Cameras at Santhi Nagar, Ward No.40, Miryalaguda Muncipality, Nalgonda District, Telangana State.","20-Jul-2026","18-Aug-2026","500000","Sanction"
"122","Normal/Others","WS/MP18373/2026-2027/297296-Providing CCTV camera system for security of public areas","Andhra Pradesh","NALGONDA(DISTRICT COLLECTOR NALGONDA)","Shri Yerram Venkata Subba Reddy (2024-30) (2024-2030)","Elected MP","Installation of CC Cameras at various places of Ward No.40 in Miryalaguda Muncipality, Nalgonda District, Telangana State.","20-Jul-2026","18-Aug-2026","500000","Sanction"
"123","Normal/Others","WS/MP18373/2026-2027/297297-Providing CCTV camera system for security of public areas","Andhra Pradesh","NALGONDA(DISTRICT COLLECTOR NALGONDA)","Shri Yerram Venkata Subba Reddy (2024-30) (2024-2030)","Elected MP","Installation of CC Cameras at various places in Ward No.31, Miryalaguda Muncipality, Nalgonda District, Telangana State.","20-Jul-2026","18-Aug-2026","500000","Sanction"
"124","Normal/Others","WS/MP032/2025-2026/190649-Construction of rooms and halls in school and colleges","Andhra Pradesh","Visakhapatnam(DISTRICT COLLECTOR VISAKHAPATNAM_IDA)","Shri S Niranjan Reddy (2022-28) (2022-2028)","Elected MP","Construction of new floor of the existing building of Netaji Subhash Chandra Bose Awasiya Vidyalayam, Bheemunipatnam.","11-Apr-2025","06-May-2025","8000000","Work partially Completed"
"125","Repair and Renovation","WS/MP032/2025-2026/190650-Construction of rooms and halls in school and colleges","Andhra Pradesh","Visakhapatnam(DISTRICT COLLECTOR VISAKHAPATNAM_IDA)","Shri S Niranjan Reddy (2022-28) (2022-2028)","Elected MP","Repairs of School classrooms of Mandal Parishad Primary School, RV Agarhal, Bheemunipatnam.","11-Apr-2025","06-May-2025","1500000","Work partially Completed"
"126","Repair and Renovation","WS/MP032/2025-2026/190683-Construction of rooms and halls in school and colleges","Andhra Pradesh","Visakhapatnam(DISTRICT COLLECTOR VISAKHAPATNAM_IDA)","Shri S Niranjan Reddy (2022-28) (2022-2028)","Elected MP","Repairs of School classrooms of Mandal Parishad Primary School, Somanpalle.","11-Apr-2025","06-May-2025","1500000","Work partially Completed"
"127","Repair and Renovation","WS/MP032/2025-2026/190685-Construction of rooms and halls in school and colleges","Andhra Pradesh","Visakhapatnam(DISTRICT COLLECTOR VISAKHAPATNAM_IDA)","Shri S Niranjan Reddy (2022-28) (2022-2028)","Elected MP","Construction and repairing of existing kitchen of Tribal Boys Hospitality Dormitory, Visakhapatnam.","11-Apr-2025","06-May-2025","2500000","Work partially Completed"
"128","Normal/Others","WS/MP18334/2025-2026/212694-Construction of rooms and halls in school and colleges","Andhra Pradesh","Y.S.R. Kadapa(DISTRICT COLLECTOR CUDDAPAH_IDA)","Shri Meda Raghunadha Reddy (2024-30) (2024-2030)","Elected MP","Providing Flooring With Granite Stone to First Floor Rear  Wing  Laboratary -1 to Govt. Polytechnic Collage, Kamalapuram","26-Jun-2025","09-Oct-2025","499528","Physical Inspection"
"129","Normal/Others","WS/MP18334/2025-2026/212695-Construction of rooms and halls in school and colleges","Andhra Pradesh","Y.S.R. Kadapa(DISTRICT COLLECTOR CUDDAPAH_IDA)","Shri Meda Raghunadha Reddy (2024-30) (2024-2030)","Elected MP","Providing Main Entrance Gate with Arch and Main Teak Wood Entrance With Granite flooring and other Civil Works in Ground Floor in  Govt. Polytechnic Collage, Kamalapuram","26-Jun-2025","09-Oct-2025","499829","Physical Inspection"
"130","Normal/Others","WS/MP18334/2025-2026/213185-Construction of rooms and halls in school and colleges","Andhra Pradesh","Annamayya(DISTRICT COLLECTOR ANNAMAYYA_IDA)","Shri Meda Raghunadha Reddy (2024-30) (2024-2030)","Elected MP","Providing repairs to the existing rooms and paintings at the ZPH School in Nallathimmayapalle Village, Nandalur Mandal","28-Jun-2025","03-Sep-2025","796980","Physical Inspection"
"131","Trust and Society","WS/MP18427/2025-2026/217136-Construction of rooms and halls in school and colleges","Andhra Pradesh","NTR(DISTRICT COLLECTOR NTR_IDA)","Shri Ryaga Krishnaiah (2024-28) (2024-2028)","Elected MP","Providing digital smart classrooms at Vidya Bharati Andhra Pradesh State, Kethanakonda, Vijayawada.","11-Jul-2025","17-Oct-2025","1000000","Time Estimation"
"132","Trust and Society","WS/MP18427/2025-2026/217140-Construction of rooms and halls in school and colleges","Andhra Pradesh","NTR(DISTRICT COLLECTOR NTR_IDA)","Shri Ryaga Krishnaiah (2024-28) (2024-2028)","Elected MP","Providing Library at Vidya Bharati Andhra Pradesh, Kethanakonda, Vijayawada","11-Jul-2025","17-Oct-2025","500000","Sanction"
"133","Normal/Others","WS/MP18428/2025-2026/229684-Construction of rooms and halls in school and colleges","Andhra Pradesh","Sri Potti Sriramulu Nellore(DISTRICT COLLECTOR NELLORE_IDA)","Shri Masthan Rao Yadav Beedha (2024-28) (2024-2028)","Elected MP","Construction of the Staff Room and Toilets in the Western side of MSM School in 13th Division of Nellore Municipal Corporation","28-Aug-2025","26-Sep-2025","1800000","Physical Inspection"
"134","Normal/Others","WS/MP032/2025-2026/250403-Purchase of hospital equipment","Andhra Pradesh","Visakhapatnam(DISTRICT COLLECTOR VISAKHAPATNAM_IDA)","Shri S Niranjan Reddy (2022-28) (2022-2028)","Elected MP","Anaesthesia work station (Machine), (Priority No. 2 of Letter)","25-Nov-2025","26-Dec-2025","1000000","Sanction"
"135","Normal/Others","WS/MP032/2025-2026/257305-Purchase of ambulances (Four, three and two wheelers)","Andhra Pradesh","Nirmal(DISTRICT COLLECTOR NIRMAL_3)","Shri S Niranjan Reddy (2022-28) (2022-2028)","Elected MP","ALS Ambulance with ICU Setup. Priority No. 2","05-Jan-2026","21-Jan-2026","2600000","Sanction"
"136","Normal/Others","WS/MP18334/2024-2025/142711-Installing tube-wells and borewells","Andhra Pradesh","Y.S.R. Kadapa(DISTRICT COLLECTOR CUDDAPAH_IDA)","Shri Meda Raghunadha Reddy (2024-30) (2024-2030)","Elected MP","Providing new Bore, SP Set to Ibrahimpeta H/o Gangaperuru GP of Votimitta Mandal","23-Sep-2024","15-Oct-2024","500000","Sanction"
"137","Normal/Others","WS/MP18334/2024-2025/145215-Installing tube-wells and borewells","Andhra Pradesh","Annamayya(DISTRICT COLLECTOR ANNAMAYYA_IDA)","Shri Meda Raghunadha Reddy (2024-30) (2024-2030)","Elected MP","Providing new Boare and Motor at SC Colony at Y.C Palli Village, Y.C Palli G.P., Nandalur Mandal, Annamayya District","03-Oct-2024","31-Dec-2024","163784","Physical Inspection"
"138","Normal/Others","WS/MP18334/2024-2025/145217-Installing tube-wells and borewells","Andhra Pradesh","Y.S.R. Kadapa(DISTRICT COLLECTOR CUDDAPAH_IDA)","Shri Meda Raghunadha Reddy (2024-30) (2024-2030)","Elected MP","Providing Bore and Motor at Meda Ramakrishna Reddy Chenetha Nagar Colony at Madhavaram G.P.","03-Oct-2024","19-Oct-2024","248547","Physical Inspection"
"139","Normal/Others","WS/MP18334/2024-2025/152231-Installing tube-wells and borewells","Andhra Pradesh","Annamayya(DISTRICT COLLECTOR ANNAMAYYA_IDA)","Shri Meda Raghunadha Reddy (2024-30) (2024-2030)","Elected MP","Providing New Filter Points, SP Set and Pumping Main to H Kothapalli Village and GP of Rajampet Mandal","13-Nov-2024","31-Dec-2024","2450000","Physical Inspection"
"140","Normal/Others","WS/MP18373/2025-2026/158775-Installing tube-wells and borewells","Andhra Pradesh","Anakapalli(DISTRICT COLLECTOR ANAKAPALLI_IDA)","Shri Yerram Venkata Subba Reddy (2024-30) (2024-2030)","Elected MP","Providing Bore Well at Addipalli Pentayya Pakalu in Kondapalem Agraharam Village of Butchayyapeta Mandal, Anakapalli District","15-Dec-2024","01-Apr-2025","97372","Physical Inspection"
"141","Normal/Others","WS/MP18373/2025-2026/158776-Installing tube-wells and borewells","Andhra Pradesh","Anakapalli(DISTRICT COLLECTOR ANAKAPALLI_IDA)","Shri Yerram Venkata Subba Reddy (2024-30) (2024-2030)","Elected MP","providing bore well at Devara Ramana Pakalu","15-Dec-2024","01-Apr-2025","92865","Physical Inspection"
"142","Normal/Others","WS/MP18373/2025-2026/158777-Installing tube-wells and borewells","Andhra Pradesh","Anakapalli(DISTRICT COLLECTOR ANAKAPALLI_IDA)","Shri Yerram Venkata Subba Reddy (2024-30) (2024-2030)","Elected MP","providing bore well at Gopisetti Srinua Pakalu","15-Dec-2024","01-Apr-2025","96938","Physical Inspection"
"143","Normal/Others","WS/MP18373/2025-2026/158778-Installing tube-wells and borewells","Andhra Pradesh","Anakapalli(DISTRICT COLLECTOR ANAKAPALLI_IDA)","Shri Yerram Venkata Subba Reddy (2024-30) (2024-2030)","Elected MP","providing bore well at Sunkara Appalakonda Pakalu","15-Dec-2024","01-Apr-2025","83771","Physical Inspection"
"144","Normal/Others","WS/MP18373/2025-2026/158779-Installing tube-wells and borewells","Andhra Pradesh","Anakapalli(DISTRICT COLLECTOR ANAKAPALLI_IDA)","Shri Yerram Venkata Subba Reddy (2024-30) (2024-2030)","Elected MP","providing bore well at pinapolu suribabu Pakalu","15-Dec-2024","01-Apr-2025","96120","Physical Inspection"
"145","Normal/Others","WS/MP18373/2025-2026/158780-Installing tube-wells and borewells","Andhra Pradesh","Anakapalli(DISTRICT COLLECTOR ANAKAPALLI_IDA)","Shri Yerram Venkata Subba Reddy (2024-30) (2024-2030)","Elected MP","providing bore well at Kasanasetti Vari Pakalu","15-Dec-2024","01-Apr-2025","94548","Physical Inspection"
"146","Normal/Others","WS/MP18373/2025-2026/158781-Installing tube-wells and borewells","Andhra Pradesh","Anakapalli(DISTRICT COLLECTOR ANAKAPALLI_IDA)","Shri Yerram Venkata Subba Reddy (2024-30) (2024-2030)","Elected MP","providing bore well at Gadi Srinu Pakalu","15-Dec-2024","01-Apr-2025","97145","Physical Inspection"
"147","Normal/Others","WS/MP18373/2025-2026/158782-Installing tube-wells and borewells","Andhra Pradesh","Anakapalli(DISTRICT COLLECTOR ANAKAPALLI_IDA)","Shri Yerram Venkata Subba Reddy (2024-30) (2024-2030)","Elected MP","providing bore well at smasana vatika","15-Dec-2024","01-Apr-2025","84337","Physical Inspection"
"148","Normal/Others","WS/MP18373/2025-2026/158783-Installing tube-wells and borewells","Andhra Pradesh","Anakapalli(DISTRICT COLLECTOR ANAKAPALLI_IDA)","Shri Yerram Venkata Subba Reddy (2024-30) (2024-2030)","Elected MP","providing bore well at Kovela Eswara Rao Pakalu","15-Dec-2024","01-Apr-2025","97669","Physical Inspection"
"149","Normal/Others","WS/MP18373/2025-2026/158784-Installing tube-wells and borewells","Andhra Pradesh","Anakapalli(DISTRICT COLLECTOR ANAKAPALLI_IDA)","Shri Yerram Venkata Subba Reddy (2024-30) (2024-2030)","Elected MP","providing bore well at Bantu Varu Kallalu","15-Dec-2024","01-Apr-2025","99039","Physical Inspection"
"150","Normal/Others","WS/MP18334/2025-2026/175658-Installing tube-wells and borewells","Andhra Pradesh","Annamayya(DISTRICT COLLECTOR ANNAMAYYA_IDA)","Shri Meda Raghunadha Reddy (2024-30) (2024-2030)","Elected MP","Drilling of borewell and providing pump set for water facility at Government Junior College of Veeraballi Village and Mandal","15-Feb-2025","10-Apr-2025","170000","Sanction"
"151","Normal/Others","WS/MP18373/2025-2026/200600-Installing tube-wells and borewells","Andhra Pradesh","PRAKASAM(DISTRICT COLLECTOR PRAKASAM_IDA)","Shri Yerram Venkata Subba Reddy (2024-30) (2024-2030)","Elected MP","Providing New Bore and Submersible Motor in ST Colony, Tirumalagiri Habitation of Yerragondapalem GP and Mandal, Prakasam District.","18-May-2025","07-Nov-2025","380000","Sanction"
"152","Normal/Others","WS/MP18373/2025-2026/200601-Installing tube-wells and borewells","Andhra Pradesh","PRAKASAM(DISTRICT COLLECTOR PRAKASAM_IDA)","Shri Yerram Venkata Subba Reddy (2024-30) (2024-2030)","Elected MP","Providing new Bore and Submersible Motor in SC Colony, Muraripalli Habitation of Yerragondapalem GP and Mandal, Prakasam District","18-May-2025","07-Nov-2025","380000","Sanction"
"153","Normal/Others","WS/MP18373/2025-2026/200602-Installing tube-wells and borewells","Andhra Pradesh","PRAKASAM(DISTRICT COLLECTOR PRAKASAM_IDA)","Shri Yerram Venkata Subba Reddy (2024-30) (2024-2030)","Elected MP","Providing New Bore well and Motor in SC Colony of Kundampalli village of Komarolu GP of Pullalacheruvu Mandal, Prakasam District","18-May-2025","07-Nov-2025","300000","Sanction"
"154","Normal/Others","WS/MP18373/2025-2026/200603-Installing tube-wells and borewells","Andhra Pradesh","PRAKASAM(DISTRICT COLLECTOR PRAKASAM_IDA)","Shri Yerram Venkata Subba Reddy (2024-30) (2024-2030)","Elected MP","Providing New Bore well and Motor in SC Colony of R.Ummadivaram Village of Rachakonda GP of Pullalacheruvu Mandal, Prakasam District","18-May-2025","07-Nov-2025","300000","Sanction"
"155","Normal/Others","WS/MP18373/2025-2026/200604-Installing tube-wells and borewells","Andhra Pradesh","PRAKASAM(DISTRICT COLLECTOR PRAKASAM_IDA)","Shri Yerram Venkata Subba Reddy (2024-30) (2024-2030)","Elected MP","Providing New Bore Well and Motor in SC Colony of Yandrapalli Village and GP of Pullalacheruvu Mandal, Prakasam District.","18-May-2025","07-Nov-2025","300000","Sanction"
"156","Normal/Others","WS/MP18373/2025-2026/200605-Installing tube-wells and borewells","Andhra Pradesh","PRAKASAM(DISTRICT COLLECTOR PRAKASAM_IDA)","Shri Yerram Venkata Subba Reddy (2024-30) (2024-2030)","Elected MP","Providing New bore well and Motor in SC Colony, Mallapalem Village and GP of Pullalacheruvu Mandal, Prakasam District.","18-May-2025","07-Nov-2025","400000","Sanction"
"157","Normal/Others","WS/MP18373/2025-2026/200606-Installing tube-wells and borewells","Andhra Pradesh","PRAKASAM(DISTRICT COLLECTOR PRAKASAM_IDA)","Shri Yerram Venkata Subba Reddy (2024-30) (2024-2030)","Elected MP","Providing Deep Bore with New Motor in SC Colony, Gantavanipalli GP of Dornala Mandal, Prakasam District.","18-May-2025","07-Nov-2025","400000","Sanction"
"158","Normal/Others","WS/MP18373/2025-2026/200607-Installing tube-wells and borewells","Andhra Pradesh","PRAKASAM(DISTRICT COLLECTOR PRAKASAM_IDA)","Shri Yerram Venkata Subba Reddy (2024-30) (2024-2030)","Elected MP","Providing deep borewell and motor and pumpset and other materials in K.Nagulavaram (V), Kalanuthala GP, Pedaraveedu mandal, Prakasam District.","18-May-2025","07-Nov-2025","500000","Sanction"
"159","Normal/Others","WS/MP18428/2025-2026/200663-Installing tube-wells and borewells","Andhra Pradesh","Sri Potti Sriramulu Nellore(DISTRICT COLLECTOR NELLORE_IDA)","Shri Masthan Rao Yadav Beedha (2024-28) (2024-2028)","Elected MP","Providing of a New Bore Well at Old Harijanawada of Penubarthi (V), Nellore Rural (M)","18-May-2025","20-Jun-2025","300000","Sanction"
"160","Normal/Others","WS/MP18373/2025-2026/201279-Installing tube-wells and borewells","Andhra Pradesh","PRAKASAM(DISTRICT COLLECTOR PRAKASAM_IDA)","Shri Yerram Venkata Subba Reddy (2024-30) (2024-2030)","Elected MP","Providing New Bore and Submersible Motor in Chennarayunipalli BC Colony of Kolukula GP of Yerragondapalem Mandal, Prakasam District","20-May-2025","07-Nov-2025","380000","Sanction"
"161","Normal/Others","WS/MP18373/2025-2026/201280-Installing tube-wells and borewells","Andhra Pradesh","PRAKASAM(DISTRICT COLLECTOR PRAKASAM_IDA)","Shri Yerram Venkata Subba Reddy (2024-30) (2024-2030)","Elected MP","Providing New Bore well and Motor in Vengayapalem Village of G.Ummadivaram GP of Tripuranthakam Mandal, Prakasam District.","20-May-2025","07-Nov-2025","400000","Sanction"
"162","Normal/Others","WS/MP18373/2025-2026/201281-Installing tube-wells and borewells","Andhra Pradesh","PRAKASAM(DISTRICT COLLECTOR PRAKASAM_IDA)","Shri Yerram Venkata Subba Reddy (2024-30) (2024-2030)","Elected MP","Providing New Bore well and Motor in Duvvali Village of Lellapalli GP of Tripuranthakam Mandal, Prakasam District.","20-May-2025","07-Nov-2025","400000","Sanction"
"163","Normal/Others","WS/MP18373/2025-2026/201282-Installing tube-wells and borewells","Andhra Pradesh","PRAKASAM(DISTRICT COLLECTOR PRAKASAM_IDA)","Shri Yerram Venkata Subba Reddy (2024-30) (2024-2030)","Elected MP","Providing New Borewell and Motor in Patha Annasamudram Village and GP of Yerragondapalem mandal, Prakasam District.","20-May-2025","07-Nov-2025","400000","Sanction"
"164","Normal/Others","WS/MP18373/2025-2026/201283-Installing tube-wells and borewells","Andhra Pradesh","PRAKASAM(DISTRICT COLLECTOR PRAKASAM_IDA)","Shri Yerram Venkata Subba Reddy (2024-30) (2024-2030)","Elected MP","Providing New Borewell and Motor in Nayudupalem Village and GP of Pullalacheruvu Mandal, Prakasam District.","20-May-2025","07-Nov-2025","400000","Sanction"
"165","Normal/Others","WS/MP18373/2025-2026/201284-Installing tube-wells and borewells","Andhra Pradesh","PRAKASAM(DISTRICT COLLECTOR PRAKASAM_IDA)","Shri Yerram Venkata Subba Reddy (2024-30) (2024-2030)","Elected MP","Providing New Bore well and Motor near BC colony of Pullalacheruvu village and GP of Pullalacheruvu Mandal, Prakasam District.","20-May-2025","07-Nov-2025","300000","Sanction"
"166","Normal/Others","WS/MP18373/2025-2026/201285-Installing tube-wells and borewells","Andhra Pradesh","PRAKASAM(DISTRICT COLLECTOR PRAKASAM_IDA)","Shri Yerram Venkata Subba Reddy (2024-30) (2024-2030)","Elected MP","Providing Deep Bore with New Motor, Katakanipalli GP of Dornala Mandal, Prakasam District.","20-May-2025","07-Nov-2025","400000","Sanction"
"167","Normal/Others","WS/MP18373/2025-2026/201286-Installing tube-wells and borewells","Andhra Pradesh","PRAKASAM(DISTRICT COLLECTOR PRAKASAM_IDA)","Shri Yerram Venkata Subba Reddy (2024-30) (2024-2030)","Elected MP","Providing deep Borewell and motor and pumpset and other materials in SC Colony, Yenuguladinnepadu (V), Boyamadugula (GP), Pedaraveedu mandal, Prakasam District.","20-May-2025","07-Nov-2025","500000","Sanction"
"168","Normal/Others","WS/MP18334/2025-2026/205211-Installing tube-wells and borewells","Andhra Pradesh","Annamayya(DISTRICT COLLECTOR ANNAMAYYA_IDA)","Shri Meda Raghunadha Reddy (2024-30) (2024-2030)","Elected MP","Providing New Bore well and S.P set Yallagada Village, P. Karampalli GP, Rajampet Mandal","23-Jun-2025","22-Jul-2025","300000","Physical Inspection"
"169","Normal/Others","WS/MP18334/2025-2026/205231-Installing tube-wells and borewells","Andhra Pradesh","Annamayya(DISTRICT COLLECTOR ANNAMAYYA_IDA)","Shri Meda Raghunadha Reddy (2024-30) (2024-2030)","Elected MP","Providing Borewell and Pump set in Lakshmi Nagar at Vongimalla GP, Veeraballe Mandal","23-Jun-2025","22-Jul-2025","300000","Sanction"
"170","Normal/Others","WS/MP18334/2025-2026/205239-Installing tube-wells and borewells","Andhra Pradesh","Y.S.R. Kadapa(DISTRICT COLLECTOR CUDDAPAH_IDA)","Shri Meda Raghunadha Reddy (2024-30) (2024-2030)","Elected MP","Providing New Bore well and S.P set and Later Tubs to Dhobi Ghat at Vontimitta GP and Mandal","24-Jun-2025","11-Sep-2025","398792","Physical Inspection"
"171","Normal/Others","WS/MP18334/2025-2026/211541-Installing tube-wells and borewells","Andhra Pradesh","Y.S.R. Kadapa(DISTRICT COLLECTOR CUDDAPAH_IDA)","Shri Meda Raghunadha Reddy (2024-30) (2024-2030)","Elected MP","Providing new Borewell and Submersible Pump to Kotikavaripalli, Chintarajupalle GP, Vontimitta Mandal","24-Jun-2025","11-Sep-2025","397194","Physical Inspection"
"172","Normal/Others","WS/MP18334/2025-2026/211555-Installing tube-wells and borewells","Andhra Pradesh","Y.S.R. Kadapa(DISTRICT COLLECTOR CUDDAPAH_IDA)","Shri Meda Raghunadha Reddy (2024-30) (2024-2030)","Elected MP","Providing Borewell and Submersible Pump set at Old SC Colony of Rachagudipalli Village and GP, Vontimitta Mandal","24-Jun-2025","11-Sep-2025","350000","Sanction"
"173","Normal/Others","WS/MP18428/2025-2026/217994-Installing tube-wells and borewells","Andhra Pradesh","Sri Potti Sriramulu Nellore(DISTRICT COLLECTOR NELLORE_IDA)","Shri Masthan Rao Yadav Beedha (2024-28) (2024-2028)","Elected MP","Providing Borewell with Pumping Machinery for Plant in KK Gunta Village and GP of Dagadarthi Mandal","14-Jul-2025","18-Aug-2025","250000","Sanction"
"174","Normal/Others","WS/MP18373/2025-2026/232097-Installing tube-wells and borewells","Andhra Pradesh","PRAKASAM(DISTRICT COLLECTOR PRAKASAM_IDA)","Shri Yerram Venkata Subba Reddy (2024-30) (2024-2030)","Elected MP","Providing Deep Bore Well at Ramapuram Village of Sudhanagunta GP, Podili Mandal, Prakasam District","08-Sep-2025","30-Dec-2025","500000","Sanction"
"175","Normal/Others","WS/MP18319/2025-2026/272050-Installing tube-wells and borewells","Andhra Pradesh","Sri Potti Sriramulu Nellore(DISTRICT COLLECTOR NELLORE_IDA)","Shri Golla Baburao (2024-30) (2024-2030)","Elected MP","Providing deep bore well, erection of submersible pump and pipe lines at NSR Girijana colony panchedu","03-Mar-2026","09-Mar-2026","250000","Sanction"
"176","Normal/Others","WS/MP18319/2025-2026/272052-Installing tube-wells and borewells","Andhra Pradesh","Sri Potti Sriramulu Nellore(DISTRICT COLLECTOR NELLORE_IDA)","Shri Golla Baburao (2024-30) (2024-2030)","Elected MP","Providing deep bore well, erection of submersible pump and pipe lines at uttara pallipalem of patur","03-Mar-2026","09-Mar-2026","250000","Sanction"
"177","Normal/Others","WS/MP18428/2025-2026/218002-Construction of water tanks","Andhra Pradesh","Tirupati(DISTRICT COLLECTOR TIRUPATI_IDA)","Shri Masthan Rao Yadav Beedha (2024-28) (2024-2028)","Elected MP","Construction of 40KL Sump at Vallamedu of Nidigurthy GP in Vakadu Mandal","14-Jul-2025","01-Aug-2025","498164","Physical Inspection"
"178","Normal/Others","WS/MP18428/2025-2026/218003-Construction of water tanks","Andhra Pradesh","Tirupati(DISTRICT COLLECTOR TIRUPATI_IDA)","Shri Masthan Rao Yadav Beedha (2024-28) (2024-2028)","Elected MP","Construction of 40KL Sump at Moolapadava GP in Vakadu Mandal","14-Jul-2025","01-Aug-2025","498113","Physical Inspection"
"179","Repair and Renovation","WS/MP18428/2025-2026/261892-Construction of rooms and halls in school and colleges","Andhra Pradesh","Sri Potti Sriramulu Nellore(DISTRICT COLLECTOR NELLORE_IDA)","Shri Masthan Rao Yadav Beedha (2024-28) (2024-2028)","Elected MP","Repairs to YVMC High School building at 6th division, Stone House pet, Nellore Municipal Corporation in SPSR Nellore District","26-Jan-2026","06-Feb-2026","2000000","Sanction"
"180","Normal/Others","WS/MP18428/2025-2026/261894-Construction of rooms and halls in school and colleges","Andhra Pradesh","Sri Potti Sriramulu Nellore(DISTRICT COLLECTOR NELLORE_IDA)","Shri Masthan Rao Yadav Beedha (2024-28) (2024-2028)","Elected MP","Construction of a Hall on the 1st Floor of the Zilla Praja Parishad High School at Iskapalli GP, Allur Mandal, SPSR Nellore","26-Jan-2026","06-Feb-2026","2500000","Sanction"
"181","Normal/Others","WS/MP18430/2026-2027/280782-Construction of rooms and halls in school and colleges","Andhra Pradesh","PRAKASAM(DISTRICT COLLECTOR PRAKASAM_IDA)","Shri Paka Venkata Satyanarayana (2025-28) (2025-2028)","Elected MP","Construction of Multipurpose Hall In ZP High School, Ammanabrolu Village","15-May-2026","17-Jul-2026","3000000","Sanction"
"182","Normal/Others","WS/MP18334/2026-2027/287091-Construction of rooms and halls in school and colleges","Andhra Pradesh","CHITTOOR(DISTRICT COLLECTOR CHITTOOR_IDA)","Shri Meda Raghunadha Reddy (2024-30) (2024-2030)","Elected MP","Upgradation to MPPS Reddyvaripalle at Polakala H/o. Polakala GP in Irala Mandal","19-Jun-2026","19-Aug-2026","490000","Sanction"
"183","Repair and Renovation","WS/MP032/2026-2027/305178-Construction of rooms and halls in school and colleges","Andhra Pradesh","VIZIANAGARAM(DISTRICT COLLECTOR VIZIANAGARAM_IDA)","Shri S Niranjan Reddy (2022-28) (2022-2028)","Elected MP","Renovation of the the class rooms in MPP School at Seetharamapuram Gram Panchayat, S Kota Mandal, Vizianagaram, AP - 535160","18-Aug-2026","29-Aug-2026","300000","Sanction"
"184","Normal/Others","WS/MP18428/2025-2026/189438-Purchase of IT systems, including hardware and software for educational purposes","Andhra Pradesh","Sri Potti Sriramulu Nellore(DISTRICT COLLECTOR NELLORE_IDA)","Shri Masthan Rao Yadav Beedha (2024-28) (2024-2028)","Elected MP","Setting up of Computer lab and installation of CC Cameras in ZPHS Iskapalli, Allur Mandal","04-Apr-2025","22-Apr-2025","2343626","Physical Inspection"
"185","Normal/Others","WS/MP18428/2025-2026/189439-Development of playground","Andhra Pradesh","Sri Potti Sriramulu Nellore(DISTRICT COLLECTOR NELLORE_IDA)","Shri Masthan Rao Yadav Beedha (2024-28) (2024-2028)","Elected MP","Levelling of High School play ground in Mallella Sanjeevaiah Memorial Municipal Corporation School, AC Nagar in Division 14.","04-Apr-2025","27-May-2025","1074287","Physical Inspection"
"186","Normal/Others","WS/MP032/2025-2026/200857-Construction of rooms and facilities for hospitals, FWC , PHC Centers and ANM centers","Andhra Pradesh","Visakhapatnam(DISTRICT COLLECTOR VISAKHAPATNAM_IDA)","Shri S Niranjan Reddy (2022-28) (2022-2028)","Elected MP","Renovation of Old Building of Rani Chandramani Devi Hospital. The Current Old Building of RCD Hospital is not in good condination. The above funds allocated to renovate the old building and Setting up new work statation.","19-May-2025","27-May-2025","10000000","Work partially Completed"
"187","Repair and Renovation","WS/MP032/2025-2026/250402-Construction of rooms and facilities for hospitals, FWC , PHC Centers and ANM centers","Andhra Pradesh","Visakhapatnam(DISTRICT COLLECTOR VISAKHAPATNAM_IDA)","Shri S Niranjan Reddy (2022-28) (2022-2028)","Elected MP","Construction of Minor OT  and Computers (Priority No.1 in Letter)","25-Nov-2025","26-Dec-2025","500000","Sanction"
"188","Trust and Society","WS/MP18319/2026-2027/287003-Construction of rooms and facilities for hospitals, FWC , PHC Centers and ANM centers","Andhra Pradesh","VIZIANAGARAM(DISTRICT COLLECTOR VIZIANAGARAM_IDA)","Shri Golla Baburao (2024-30) (2024-2030)","Elected MP","CSR funds for Divyangjan and down trodden prople to provide artifical limbs, callipers, wheel chairs, tricycles, hearing aids and blind sticks.","25-Jun-2026","09-Jul-2026","2500000","Vendor Identification"
"189","Normal/Others","WS/MP032/2023-2024/68127-Purchase of hospital equipment","Andhra Pradesh","Visakhapatnam(DISTRICT COLLECTOR VISAKHAPATNAM_IDA)","Shri S Niranjan Reddy (2022-28) (2022-2028)","Elected MP","Purchase of Hospital equipment  (i) Neonatal Ventilator Carefusion with humidifier.  (ii) GE Health care V Scan extend dual probe","22-Dec-2023","03-Feb-2024","1837500","Work partially Completed"
"190","Normal/Others","WS/MP18319/2024-2025/144121-Purchase of hospital equipment","Andhra Pradesh","Visakhapatnam(DISTRICT COLLECTOR VISAKHAPATNAM_IDA)","Shri Golla Baburao (2024-30) (2024-2030)","Elected MP","NA","27-Sep-2024","04-Feb-2025","1500000","Physical Inspection"
"191","Normal/Others","WS/MP18428/2025-2026/189443-Purchase of hospital equipment","Andhra Pradesh","Sri Potti Sriramulu Nellore(DISTRICT COLLECTOR NELLORE_IDA)","Shri Masthan Rao Yadav Beedha (2024-28) (2024-2028)","Elected MP","Purchase of Hospital Equipment for General Operation Theatre Regular OP Patient Instruments at Area Hospital, Kavali","04-Apr-2025","26-Sep-2025","2500000","Sanction"
"192","Normal/Others","WS/MP18428/2025-2026/189444-Purchase of hospital equipment","Andhra Pradesh","Sri Potti Sriramulu Nellore(DISTRICT COLLECTOR NELLORE_IDA)","Shri Masthan Rao Yadav Beedha (2024-28) (2024-2028)","Elected MP","Purchase of Orthopedic Surgeries Equipment at Area Hospital, Kavali","04-Apr-2025","26-Sep-2025","900000","Sanction"
"193","Normal/Others","WS/MP18428/2025-2026/189445-Purchase of hospital equipment","Andhra Pradesh","Sri Potti Sriramulu Nellore(DISTRICT COLLECTOR NELLORE_IDA)","Shri Masthan Rao Yadav Beedha (2024-28) (2024-2028)","Elected MP","Purchase of Exercise therapy and Electro therapy units at Area Hospital, Kavali","04-Apr-2025","26-Sep-2025","1000000","Sanction"
"194","Trust and Society","WS/MP18427/2025-2026/217137-Setting up of laboratories","Andhra Pradesh","NTR(DISTRICT COLLECTOR NTR_IDA)","Shri Ryaga Krishnaiah (2024-28) (2024-2028)","Elected MP","Providing English Lab 30 Seats Capacity at Vidya Bharati Andhra Pradeshs, Kethanakonda, Vijayawada.","11-Jul-2025","17-Oct-2025","1000000","Sanction"
"195","Trust and Society","WS/MP18427/2025-2026/217138-Setting up of laboratories","Andhra Pradesh","NTR(DISTRICT COLLECTOR NTR_IDA)","Shri Ryaga Krishnaiah (2024-28) (2024-2028)","Elected MP","Providing Artificial, Intelligence, Robotics Lab, Astronomy Lab at Vidyabharati Andhra Pradesh.","11-Jul-2025","17-Oct-2025","1000000","Sanction"
"196","Trust and Society","WS/MP18427/2025-2026/217139-Setting up of laboratories","Andhra Pradesh","NTR(DISTRICT COLLECTOR NTR_IDA)","Shri Ryaga Krishnaiah (2024-28) (2024-2028)","Elected MP","Providing Computer Lab 30 seats Capacity in Vidya Bharati Andhra Pradeshs, Kethanakonda,","11-Jul-2025","17-Oct-2025","1500000","Sanction"
"197","Normal/Others","WS/MP18430/2025-2026/244639-Setting up of laboratories","Andhra Pradesh","WEST GODAVARI(DISTRICT COLLECTOR WEST GODAVARI_IDA)","Shri Paka Venkata Satyanarayana (2025-28) (2025-2028)","Elected MP","Supply of Science Laboratory Kits to 50 Government managed High Schools of ZP and Municipal Schools catering to Classes 6 to 10 in West Godavari District.","30-Oct-2025","24-Jan-2026","10000000","Sanction"
"198","Normal/Others","WS/MP032/2023-2024/68119-Construction of rooms and facilities for hospitals, FWC , PHC Centers and ANM centers","Andhra Pradesh","Visakhapatnam(DISTRICT COLLECTOR VISAKHAPATNAM_IDA)","Shri S Niranjan Reddy (2022-28) (2022-2028)","Elected MP","Providing MS connecting corridor between Gynaec ward and Family Planning OT.","22-Dec-2023","22-Jan-2024","1473991","Physical Inspection"
"199","Repair and Renovation","WS/MP032/2023-2024/68125-Construction of rooms and facilities for hospitals, FWC , PHC Centers and ANM centers","Andhra Pradesh","Visakhapatnam(DISTRICT COLLECTOR VISAKHAPATNAM_IDA)","Shri S Niranjan Reddy (2022-28) (2022-2028)","Elected MP","Repairs and renovation of Cardiology block in KGH.","22-Dec-2023","22-Jan-2024","2190919","Physical Inspection"
"200","Normal/Others","WS/MP18373/2024-2025/158413-Construction of rooms and facilities for hospitals, FWC , PHC Centers and ANM centers","Andhra Pradesh","PRAKASAM(DISTRICT COLLECTOR PRAKASAM_IDA)","Shri Yerram Venkata Subba Reddy (2024-30) (2024-2030)","Elected MP","Establishment of 20 bedded dialysis ward in First floor over OT block of New Building at CHC kanigiri in prakasam district","13-Dec-2024","27-Feb-2025","4000000","Physical Inspection"
"201","Normal/Others","WS/MP18319/2025-2026/252919-Construction of water tanks","Andhra Pradesh","VIZIANAGARAM(DISTRICT COLLECTOR VIZIANAGARAM_IDA)","Shri Golla Baburao (2024-30) (2024-2030)","Elected MP","Providing drinking water facility at BC location at rompalle village","10-Dec-2025","18-Dec-2025","260000","Vendor Identification"
"202","Normal/Others","WS/MP18319/2025-2026/252920-Construction of water tanks","Andhra Pradesh","VIZIANAGARAM(DISTRICT COLLECTOR VIZIANAGARAM_IDA)","Shri Golla Baburao (2024-30) (2024-2030)","Elected MP","Providing drinking water facility to Gollavedhi at rompalle village","10-Dec-2025","18-Dec-2025","260000","Vendor Identification"
"203","Normal/Others","WS/MP18334/2024-2025/134420-Installing community drinking water plants","Andhra Pradesh","Annamayya(DISTRICT COLLECTOR ANNAMAYYA_IDA)","Shri Meda Raghunadha Reddy (2024-30) (2024-2030)","Elected MP","Providing New Filter Point, SP Set and Pumping Main at Tallapaka H/o. Tallapaka GP of Rajampeta Mandal","30-Jul-2024","12-Sep-2024","2416479","Physical Inspection"
"204","Normal/Others","WS/MP18334/2024-2025/134421-Installing community drinking water plants","Andhra Pradesh","Annamayya(DISTRICT COLLECTOR ANNAMAYYA_IDA)","Shri Meda Raghunadha Reddy (2024-30) (2024-2030)","Elected MP","Construction of Roof shed and supply and installation of Mineral Water Plant in Gowri Shanker Nagar of Patur GP of Nandalur Mandal","30-Jul-2024","12-Sep-2024","492811","Physical Inspection"
"205","Normal/Others","WS/MP18334/2024-2025/145205-Installing community drinking water plants","Andhra Pradesh","Y.S.R. Kadapa(DISTRICT COLLECTOR CUDDAPAH_IDA)","Shri Meda Raghunadha Reddy (2024-30) (2024-2030)","Elected MP","Providing new Mineral Water Plant at Vanthatipalli G.P.","03-Oct-2024","19-Oct-2024","649195","Physical Inspection"
"206","Normal/Others","WS/MP18334/2024-2025/145206-Installing community drinking water plants","Andhra Pradesh","Y.S.R. Kadapa(DISTRICT COLLECTOR CUDDAPAH_IDA)","Shri Meda Raghunadha Reddy (2024-30) (2024-2030)","Elected MP","Providing new Mineral Water Plant at Z.P. High School Sidout","03-Oct-2024","19-Oct-2024","648335","Physical Inspection"
"207","Normal/Others","WS/MP18334/2024-2025/145208-Installing community drinking water plants","Andhra Pradesh","Y.S.R. Kadapa(DISTRICT COLLECTOR CUDDAPAH_IDA)","Shri Meda Raghunadha Reddy (2024-30) (2024-2030)","Elected MP","Providing Mineral Water Plant at Nekanapuram Village","03-Oct-2024","19-Oct-2024","649805","Physical Inspection"
"208","Normal/Others","WS/MP18334/2024-2025/145218-Installing community drinking water plants","Andhra Pradesh","Y.S.R. Kadapa(DISTRICT COLLECTOR CUDDAPAH_IDA)","Shri Meda Raghunadha Reddy (2024-30) (2024-2030)","Elected MP","Providing new Mineral Water Plant Near Sachivalayam at Bogidivari Palli G.P. of Sidhout M","03-Oct-2024","19-Oct-2024","649741","Physical Inspection"
"209","Normal/Others","WS/MP18334/2025-2026/152223-Installing community drinking water plants","Andhra Pradesh","Y.S.R. Kadapa(DISTRICT COLLECTOR CUDDAPAH_IDA)","Shri Meda Raghunadha Reddy (2024-30) (2024-2030)","Elected MP","Providing R.O. Plant along with Shed at Narvakatpalli OC Colony in Narvakatpalli Village of Vontimitta Mandal","13-Nov-2024","11-Sep-2025","499495","Physical Inspection"
"210","Normal/Others","WS/MP18428/2025-2026/189440-Installing community drinking water plants","Andhra Pradesh","Sri Potti Sriramulu Nellore(DISTRICT COLLECTOR NELLORE_IDA)","Shri Masthan Rao Yadav Beedha (2024-28) (2024-2028)","Elected MP","Providing RO Plant machinery in SC and ST Colony of Nallagonda Village of Vinjamur Mandal","04-Apr-2025","09-May-2025","248759","Physical Inspection"
"211","Normal/Others","WS/MP18428/2025-2026/189441-Installing community drinking water plants","Andhra Pradesh","Sri Potti Sriramulu Nellore(DISTRICT COLLECTOR NELLORE_IDA)","Shri Masthan Rao Yadav Beedha (2024-28) (2024-2028)","Elected MP","Providing Bore well and Pump Set, RO Plant Shelter for RO Plant in SC and ST Colony of Nallagonda Village of Vinjamur Mandal","04-Apr-2025","09-May-2025","427961","Physical Inspection"
"212","Normal/Others","WS/MP18334/2025-2026/205178-Installing community drinking water plants","Andhra Pradesh","Annamayya(DISTRICT COLLECTOR ANNAMAYYA_IDA)","Shri Meda Raghunadha Reddy (2024-30) (2024-2030)","Elected MP","Providing R.O. Water Plant  in Rajugari Palli Village, Ananthaiahgari palli  G.P of Pullampet Mandal","23-Jun-2025","22-Jul-2025","500000","Physical Inspection"
"213","Normal/Others","WS/MP18428/2025-2026/212164-Installing community drinking water plants","Andhra Pradesh","Sri Potti Sriramulu Nellore(DISTRICT COLLECTOR NELLORE_IDA)","Shri Masthan Rao Yadav Beedha (2024-28) (2024-2028)","Elected MP","Providing R.O. Plant with Shelter in KK Gunta GP of  Dagadarthi Mandal","25-Jun-2025","18-Aug-2025","500000","Sanction"
"214","Normal/Others","WS/MP18334/2025-2026/212583-Installing community drinking water plants","Andhra Pradesh","Y.S.R. Kadapa(DISTRICT COLLECTOR CUDDAPAH_IDA)","Shri Meda Raghunadha Reddy (2024-30) (2024-2030)","Elected MP","Providing R.O. Water Plant  in Degalawandla Palli Village, Takkolu GP, Sidhout Mandal","26-Jun-2025","11-Sep-2025","598756","Physical Inspection"
"215","Normal/Others","WS/MP18373/2025-2026/215498-Installing community drinking water plants","Andhra Pradesh","Bapatla(DISTRICT COLLECTOR BAPATLA_IDA)","Shri Yerram Venkata Subba Reddy (2024-30) (2024-2030)","Elected MP","Providing RO Plant with Shed in SC Colony Ward No 7, Ravinuthala Village, Korisapadu Mandal, Bapatla Distict.","07-Jul-2025","29-Jul-2025","600000","Sanction"
"216","Normal/Others","WS/MP18373/2025-2026/215499-Installing community drinking water plants","Andhra Pradesh","Bapatla(DISTRICT COLLECTOR BAPATLA_IDA)","Shri Yerram Venkata Subba Reddy (2024-30) (2024-2030)","Elected MP","Providing RO Plant with Shed in SC Colony Ward No 8, Ravinuthala Village, Korisapadu Mandal, Bapatla Distict.","07-Jul-2025","29-Jul-2025","600000","Sanction"
"217","Normal/Others","WS/MP18373/2025-2026/239904-Installing community drinking water plants","Andhra Pradesh","Bapatla(DISTRICT COLLECTOR BAPATLA_IDA)","Shri Yerram Venkata Subba Reddy (2024-30) (2024-2030)","Elected MP","Providing RO plant with Storage Tanks in Medarametla Village and GP, Korisapadu Mandal, Bapatla District.","04-Oct-2025","15-Nov-2025","500000","Sanction"
"218","Normal/Others","WS/MP18428/2025-2026/241795-Installing community drinking water plants","Andhra Pradesh","Sri Potti Sriramulu Nellore(DISTRICT COLLECTOR NELLORE_IDA)","Shri Masthan Rao Yadav Beedha (2024-28) (2024-2028)","Elected MP","Providing RO Plant machinery in SC Colony of Thotala cheruvupalli Village and GP Of Varikuntapadu Mandal","13-Oct-2025","28-Oct-2025","275593","Physical Inspection"
"219","Normal/Others","WS/MP18428/2025-2026/241796-Installing community drinking water plants","Andhra Pradesh","Sri Potti Sriramulu Nellore(DISTRICT COLLECTOR NELLORE_IDA)","Shri Masthan Rao Yadav Beedha (2024-28) (2024-2028)","Elected MP","Providing Bore well and Pump Set, RO Plant Shelter for RO Plant in SC Colony of Thotala Cheruvupalli Village and GP Of Varikuntapadu Mandal","13-Oct-2025","28-Oct-2025","499071","Physical Inspection"
"220","Normal/Others","WS/MP18428/2025-2026/241797-Installing community drinking water plants","Andhra Pradesh","Sri Potti Sriramulu Nellore(DISTRICT COLLECTOR NELLORE_IDA)","Shri Masthan Rao Yadav Beedha (2024-28) (2024-2028)","Elected MP","Providing RO Plant machinery in Pamurupalli Village and GP Of Varikuntapadu Mandal","13-Oct-2025","28-Oct-2025","299169","Physical Inspection"
"221","Normal/Others","WS/MP18428/2025-2026/241798-Installing community drinking water plants","Andhra Pradesh","Sri Potti Sriramulu Nellore(DISTRICT COLLECTOR NELLORE_IDA)","Shri Masthan Rao Yadav Beedha (2024-28) (2024-2028)","Elected MP","Providing Bore well and Pump Set, RO Plant Shelter for RO Plant in Pamurupalli Village and GP Of Varikuntapadu Mandal","13-Oct-2025","28-Oct-2025","496400","Physical Inspection"
"222","Normal/Others","WS/MP18428/2025-2026/241799-Installing community drinking water plants","Andhra Pradesh","Sri Potti Sriramulu Nellore(DISTRICT COLLECTOR NELLORE_IDA)","Shri Masthan Rao Yadav Beedha (2024-28) (2024-2028)","Elected MP","Providing RO Plant machinery in Vengamambapuram Village in Vempadu GP Of Varikuntapadu Mandal","13-Oct-2025","28-Oct-2025","299960","Physical Inspection"
"223","Normal/Others","WS/MP18428/2025-2026/241800-Installing community drinking water plants","Andhra Pradesh","Sri Potti Sriramulu Nellore(DISTRICT COLLECTOR NELLORE_IDA)","Shri Masthan Rao Yadav Beedha (2024-28) (2024-2028)","Elected MP","Providing Bore well and Pump Set, RO Plant Shelter for RO Plant in Vengamambapuram Village in Vempadu GP Of Varikuntapadu Mandal","13-Oct-2025","28-Oct-2025","499981","Physical Inspection"
"224","Normal/Others","WS/MP18428/2025-2026/261899-Installing community drinking water plants","Andhra Pradesh","Sri Potti Sriramulu Nellore(DISTRICT COLLECTOR NELLORE_IDA)","Shri Masthan Rao Yadav Beedha (2024-28) (2024-2028)","Elected MP","Providing RO Plant machinery in Bhogyamvaripalle (V) in Vempadu (GP) of Varikuntapadu Mandal (M), SPSR Nellore District","26-Jan-2026","28-Feb-2026","300000","Sanction"
"225","Normal/Others","WS/MP18428/2025-2026/261900-Installing community drinking water plants","Andhra Pradesh","Sri Potti Sriramulu Nellore(DISTRICT COLLECTOR NELLORE_IDA)","Shri Masthan Rao Yadav Beedha (2024-28) (2024-2028)","Elected MP","Providing Bore well and Pump Set, RO Plant Shelter for RO Plant in Bhogyamvaripalle (V) in Vempadu (GP) of Varikuntapadu Mandal (M), SPSR Nellore District","26-Jan-2026","28-Feb-2026","500000","Sanction"
"226","Normal/Others","WS/MP18319/2025-2026/272049-Installing community drinking water plants","Andhra Pradesh","Sri Potti Sriramulu Nellore(DISTRICT COLLECTOR NELLORE_IDA)","Shri Golla Baburao (2024-30) (2024-2030)","Elected MP","Construction of RO water plant at NSR Girijana colony at panchedu","03-Mar-2026","09-Mar-2026","500000","Sanction"
"227","Normal/Others","WS/MP18319/2025-2026/272051-Installing community drinking water plants","Andhra Pradesh","Sri Potti Sriramulu Nellore(DISTRICT COLLECTOR NELLORE_IDA)","Shri Golla Baburao (2024-30) (2024-2030)","Elected MP","Construction of RO water plant at uttara pallipalem of patur","03-Mar-2026","09-Mar-2026","500000","Sanction"
"228","Normal/Others","WS/MP18428/2025-2026/272160-Installing community drinking water plants","Andhra Pradesh","Sri Potti Sriramulu Nellore(DISTRICT COLLECTOR NELLORE_IDA)","Shri Masthan Rao Yadav Beedha (2024-28) (2024-2028)","Elected MP","Providing Borewell, Submersible Motor Pumpset and RO Plant Shelter in SC Colony of Chinakraka GP of Jaladanki Mandal, SPSR Nellore District","02-Mar-2026","09-Mar-2026","500000","Sanction"
"229","Normal/Others","WS/MP18428/2025-2026/272161-Installing community drinking water plants","Andhra Pradesh","Sri Potti Sriramulu Nellore(DISTRICT COLLECTOR NELLORE_IDA)","Shri Masthan Rao Yadav Beedha (2024-28) (2024-2028)","Elected MP","Providing RO Plant Machinery in SC Colony of Chinakraka GP of Jaladanki Mandal, SPSR Nellore District","02-Mar-2026","09-Mar-2026","250000","Sanction"
"230","Normal/Others","WS/MP18334/2026-2027/288286-Installing community drinking water plants","Andhra Pradesh","Annamayya(DISTRICT COLLECTOR ANNAMAYYA_IDA)","Shri Meda Raghunadha Reddy (2024-30) (2024-2030)","Elected MP","Providing Drinking water facility at Muslim Burriel Ground of Patur GP in Nandalur Mandal","23-Jun-2026","15-Jul-2026","200000","Sanction"
"231","Normal/Others","WS/MP18428/2026-2027/289661-Installing community drinking water plants","Andhra Pradesh","Sri Potti Sriramulu Nellore(DISTRICT COLLECTOR NELLORE_IDA)","Shri Masthan Rao Yadav Beedha (2024-28) (2024-2028)","Elected MP","Providing RO Palnt Machinery in SC Colony Annavaram Village & GP of Jaladanki Mandal, SPSR Nellore District","27-Jun-2026","27-Jul-2026","300000","Sanction"
"232","Normal/Others","WS/MP18428/2026-2027/289662-Installing community drinking water plants","Andhra Pradesh","Sri Potti Sriramulu Nellore(DISTRICT COLLECTOR NELLORE_IDA)","Shri Masthan Rao Yadav Beedha (2024-28) (2024-2028)","Elected MP","Providing Bore well and Pump Set, RO Palnt Sheter for RO Plant SC Colony Annavaram Village & GP of Jaladanki Mandal, SPSR Nellore District","27-Jun-2026","27-Jul-2026","500000","Sanction"
"233","Normal/Others","WS/MP18428/2026-2027/289663-Installing community drinking water plants","Andhra Pradesh","Sri Potti Sriramulu Nellore(DISTRICT COLLECTOR NELLORE_IDA)","Shri Masthan Rao Yadav Beedha (2024-28) (2024-2028)","Elected MP","Providing RO Palnt Machinery in Kattakindapalli Village of Duttalur GP of Duttalur Mandal, SPSR Nellore District","27-Jun-2026","27-Jul-2026","300000","Sanction"
"234","Normal/Others","WS/MP18428/2026-2027/289664-Installing community drinking water plants","Andhra Pradesh","Sri Potti Sriramulu Nellore(DISTRICT COLLECTOR NELLORE_IDA)","Shri Masthan Rao Yadav Beedha (2024-28) (2024-2028)","Elected MP","Providing Bore well and Pump Set, RO Palnt Shelter in Kattakindapalli Village of Duttalur GP of Duttalur Mandal, SPSR Nellore District","27-Jun-2026","27-Jul-2026","500000","Sanction"
"235","Normal/Others","WS/MP18428/2026-2027/289665-Installing community drinking water plants","Andhra Pradesh","Sri Potti Sriramulu Nellore(DISTRICT COLLECTOR NELLORE_IDA)","Shri Masthan Rao Yadav Beedha (2024-28) (2024-2028)","Elected MP","Providing RO Palnt Machinery in ST Colony of Udayagiri GP of Udayagiri Mandal, SPSR Nellore District","27-Jun-2026","27-Jul-2026","300000","Sanction"
"236","Normal/Others","WS/MP18428/2026-2027/289666-Installing community drinking water plants","Andhra Pradesh","Sri Potti Sriramulu Nellore(DISTRICT COLLECTOR NELLORE_IDA)","Shri Masthan Rao Yadav Beedha (2024-28) (2024-2028)","Elected MP","Providing Bore well and Pump Set, RO Palnt Shelter in ST Colony of Udayagiri GP of Udayagiri Mandal, SPSR Nellore District","27-Jun-2026","27-Jul-2026","500000","Sanction"
"237","Normal/Others","WS/MP18428/2026-2027/289667-Installing community drinking water plants","Andhra Pradesh","Sri Potti Sriramulu Nellore(DISTRICT COLLECTOR NELLORE_IDA)","Shri Masthan Rao Yadav Beedha (2024-28) (2024-2028)","Elected MP","Providing RO Plant machinery in G.Kothapalli Village of G. Kondareddypalli GP of VK Padu Mandal","27-Jun-2026","27-Jul-2026","300000","Sanction"
"238","Normal/Others","WS/MP18428/2026-2027/289710-Installing community drinking water plants","Andhra Pradesh","Sri Potti Sriramulu Nellore(DISTRICT COLLECTOR NELLORE_IDA)","Shri Masthan Rao Yadav Beedha (2024-28) (2024-2028)","Elected MP","Providing RO Plant with Shelter in Annagaripalem village of Annagaripalem GP in Kavali Mandal, SPSR Nellore District","27-Jun-2026","27-Jul-2026","500000","Sanction"
"239","Normal/Others","WS/MP18428/2026-2027/289711-Installing community drinking water plants","Andhra Pradesh","Sri Potti Sriramulu Nellore(DISTRICT COLLECTOR NELLORE_IDA)","Shri Masthan Rao Yadav Beedha (2024-28) (2024-2028)","Elected MP","Providing Borewell with pumpset in Annagaripalem village of Annagaripalem GP in Kavali Mandal,SPSR Nellore District","27-Jun-2026","27-Jul-2026","250000","Sanction"
"240","Normal/Others","WS/MP18428/2026-2027/289712-Installing community drinking water plants","Andhra Pradesh","Sri Potti Sriramulu Nellore(DISTRICT COLLECTOR NELLORE_IDA)","Shri Masthan Rao Yadav Beedha (2024-28) (2024-2028)","Elected MP","Providing RO Plant with Shelter in Lakshmipuram village of Lakshmipuram GP in Kavali Mandal,SPSR Nellore District","27-Jun-2026","27-Jul-2026","500000","Sanction"
"241","Normal/Others","WS/MP18428/2026-2027/289713-Installing community drinking water plants","Andhra Pradesh","Sri Potti Sriramulu Nellore(DISTRICT COLLECTOR NELLORE_IDA)","Shri Masthan Rao Yadav Beedha (2024-28) (2024-2028)","Elected MP","Providing Borewell with pumpset in Lakshmipuram village of Lakshmipuram GP in Kavali Mandal,SPSR Nellore District","27-Jun-2026","27-Jul-2026","250000","Sanction"
"242","Normal/Others","WS/MP18334/2024-2025/154848-Purchase of mobile sanitation equipment","Andhra Pradesh","Annamayya(DISTRICT COLLECTOR ANNAMAYYA_IDA)","Shri Meda Raghunadha Reddy (2024-30) (2024-2030)","Elected MP","Purchase of Two (02) number of Tractors along with trailers for sanitary purpose to the Rajampet Municipality, Annamayya District","26-Nov-2024","31-Dec-2024","2000000","Physical Inspection"
"243","Normal/Others","WS/MP18334/2024-2025/145212-Providing supply pipelines for drinking water","Andhra Pradesh","Y.S.R. Kadapa(DISTRICT COLLECTOR CUDDAPAH_IDA)","Shri Meda Raghunadha Reddy (2024-30) (2024-2030)","Elected MP","Providing Water Pipe Line from Turupathaiah land to Mumadikunta Palli Harijanawada","03-Oct-2024","19-Oct-2024","398289","Physical Inspection"
"244","Normal/Others","WS/MP18334/2024-2025/145213-Providing supply pipelines for drinking water","Andhra Pradesh","Y.S.R. Kadapa(DISTRICT COLLECTOR CUDDAPAH_IDA)","Shri Meda Raghunadha Reddy (2024-30) (2024-2030)","Elected MP","Providing Water Pipe Line from Yerikala Reddy land to Mumadikunta Palli","03-Oct-2024","19-Oct-2024","298778","Physical Inspection"
"245","Normal/Others","WS/MP18334/2025-2026/176767-Providing supply pipelines for drinking water","Andhra Pradesh","Annamayya(DISTRICT COLLECTOR ANNAMAYYA_IDA)","Shri Meda Raghunadha Reddy (2024-30) (2024-2030)","Elected MP","Construction of Toilet and Providing water facility at the Junior College at Veeraballi GP of Veeraballi Mandal","20-Feb-2025","10-Apr-2025","400000","Sanction"
"246","Normal/Others","WS/MP18334/2025-2026/205192-Providing supply pipelines for drinking water","Andhra Pradesh","Annamayya(DISTRICT COLLECTOR ANNAMAYYA_IDA)","Shri Meda Raghunadha Reddy (2024-30) (2024-2030)","Elected MP","Providing Pipe line at Chennaiahagari Palli (V) From OHSR to internal street for river water of Yerracheruvupalli GP in Nandalur Mandal","23-Jun-2025","22-Jul-2025","2700000","Physical Inspection"
"247","Normal/Others","WS/MP18334/2025-2026/205210-Providing supply pipelines for drinking water","Andhra Pradesh","Annamayya(DISTRICT COLLECTOR ANNAMAYYA_IDA)","Shri Meda Raghunadha Reddy (2024-30) (2024-2030)","Elected MP","Extension of Pipeline from Rajsekar Raju Shop to OHSR near RO Plant at Thallapak V and GP of Rajampet Mandal","23-Jun-2025","22-Jul-2025","480000","Physical Inspection"
"248","Normal/Others","WS/MP18334/2025-2026/205212-Providing supply pipelines for drinking water","Andhra Pradesh","Annamayya(DISTRICT COLLECTOR ANNAMAYYA_IDA)","Shri Meda Raghunadha Reddy (2024-30) (2024-2030)","Elected MP","Providing ELSR and Distribution main at Yekinapalli Village, Pulaputthur GP of Rajampet Mandal","23-Jun-2025","22-Jul-2025","1000000","Physical Inspection"
"249","Normal/Others","WS/MP18334/2025-2026/212700-Providing supply pipelines for drinking water","Andhra Pradesh","Annamayya(DISTRICT COLLECTOR ANNAMAYYA_IDA)","Shri Meda Raghunadha Reddy (2024-30) (2024-2030)","Elected MP","Providing Pipe Line at Penagalur, A.W. Habitations of Penagalur GP and Mandal, Rly Kodur","26-Jun-2025","22-Jul-2025","200000","Sanction"
"250","Normal/Others","WS/MP18428/2025-2026/217999-Providing supply pipelines for drinking water","Andhra Pradesh","Tirupati(DISTRICT COLLECTOR TIRUPATI_IDA)","Shri Masthan Rao Yadav Beedha (2024-28) (2024-2028)","Elected MP","Providing MPWS Scheme to Thanakatta(Rayadoruvu) of Pudirayadoruvu GP in Vakadu Mandal","14-Jul-2025","01-Aug-2025","499791","Physical Inspection"
"251","Normal/Others","WS/MP18428/2025-2026/218000-Providing supply pipelines for drinking water","Andhra Pradesh","Tirupati(DISTRICT COLLECTOR TIRUPATI_IDA)","Shri Masthan Rao Yadav Beedha (2024-28) (2024-2028)","Elected MP","Augmentation of PWS Scheme to Andalamala of Konduru GP in Vakadu Mandal","14-Jul-2025","01-Aug-2025","500000","Physical Inspection"
"252","Normal/Others","WS/MP18428/2025-2026/218001-Providing supply pipelines for drinking water","Andhra Pradesh","Tirupati(DISTRICT COLLECTOR TIRUPATI_IDA)","Shri Masthan Rao Yadav Beedha (2024-28) (2024-2028)","Elected MP","Extension of Pipeline and providing new FHTCs to Andalamala of Konduru GP in Vakadu Mandal","14-Jul-2025","01-Aug-2025","500000","Physical Inspection"
"253","Normal/Others","WS/MP18373/2025-2026/232093-Providing supply pipelines for drinking water","Andhra Pradesh","Palnadu(District Collector Palnadu_IDA)","Shri Yerram Venkata Subba Reddy (2024-30) (2024-2030)","Elected MP","Augmentation of PWS Scheme in Pedamakkena Village, Sattenapalle Mandal, Palnadu District.","08-Sep-2025","10-Oct-2025","499896","Physical Inspection"
"254","Normal/Others","WS/MP18373/2025-2026/232094-Providing supply pipelines for drinking water","Andhra Pradesh","Palnadu(District Collector Palnadu_IDA)","Shri Yerram Venkata Subba Reddy (2024-30) (2024-2030)","Elected MP","Augmentation of PWS scheme in ST and Muslim Colonies in Pedamakkena Village Sattenapalle Mandal Palnadu Dt","08-Sep-2025","10-Oct-2025","498295","Physical Inspection"
"255","Normal/Others","WS/MP18373/2025-2026/232095-Providing supply pipelines for drinking water","Andhra Pradesh","PRAKASAM(DISTRICT COLLECTOR PRAKASAM_IDA)","Shri Yerram Venkata Subba Reddy (2024-30) (2024-2030)","Elected MP","Extension of Pipe Line in internal distribution in Ramapuram village of Sudhanagunta GP, Podili Mandal, Prakasam Dist.","08-Sep-2025","30-Dec-2025","500000","Sanction"
"256","Normal/Others","WS/MP18373/2025-2026/232096-Providing supply pipelines for drinking water","Andhra Pradesh","PRAKASAM(DISTRICT COLLECTOR PRAKASAM_IDA)","Shri Yerram Venkata Subba Reddy (2024-30) (2024-2030)","Elected MP","Extension of Pipe Line from Deep bore to Existing OHSR in Ramapuram Village of Sudhanagunta GP, Podili Mandal, Prakasam District","08-Sep-2025","30-Dec-2025","500000","Sanction"
"257","Normal/Others","WS/MP18373/2025-2026/274081-Providing supply pipelines for drinking water","Andhra Pradesh","NTR(DISTRICT COLLECTOR NTR_IDA)","Shri Yerram Venkata Subba Reddy (2024-30) (2024-2030)","Elected MP","Providing Pumping Main to PWS scheme of Kethaveerunipadu village in Nandigama Mandal","13-Mar-2026","30-Mar-2026","500000","Physical Inspection"
"258","Normal/Others","WS/MP18373/2025-2026/274082-Providing supply pipelines for drinking water","Andhra Pradesh","NTR(DISTRICT COLLECTOR NTR_IDA)","Shri Yerram Venkata Subba Reddy (2024-30) (2024-2030)","Elected MP","Replacement of Drininking Water Pipelines   of Kethaveerunipadu village in Nandigama Mandal","13-Mar-2026","30-Mar-2026","500000","Physical Inspection"
"259","Normal/Others","WS/MP18334/2026-2027/287147-Providing supply pipelines for drinking water","Andhra Pradesh","Annamayya(DISTRICT COLLECTOR ANNAMAYYA_IDA)","Shri Meda Raghunadha Reddy (2024-30) (2024-2030)","Elected MP","Providing GI materials for maintenance of water supply scheme of Rajampet Municipality","19-Jun-2026","24-Jul-2026","325000","Sanction"
"260","Normal/Others","WS/MP18334/2026-2027/287148-Providing supply pipelines for drinking water","Andhra Pradesh","Annamayya(DISTRICT COLLECTOR ANNAMAYYA_IDA)","Shri Meda Raghunadha Reddy (2024-30) (2024-2030)","Elected MP","Providing HDPE materials for maintenance of water supply scheme of Rajampet Municipality","19-Jun-2026","24-Jul-2026","410000","Sanction"
"261","Normal/Others","WS/MP18334/2026-2027/287149-Providing supply pipelines for drinking water","Andhra Pradesh","Annamayya(DISTRICT COLLECTOR ANNAMAYYA_IDA)","Shri Meda Raghunadha Reddy (2024-30) (2024-2030)","Elected MP","Providing Gate Valves and PVC materials for maintenance of water supply scheme of Rajampet Municipality","19-Jun-2026","24-Jul-2026","340000","Sanction"
"262","Normal/Others","WS/MP18334/2026-2027/287150-Providing supply pipelines for drinking water","Andhra Pradesh","Annamayya(DISTRICT COLLECTOR ANNAMAYYA_IDA)","Shri Meda Raghunadha Reddy (2024-30) (2024-2030)","Elected MP","Providing DI Valves for maintenance of water supply scheme to Rajampet Municipality","19-Jun-2026","24-Jul-2026","425000","Sanction"
"263","Normal/Others","WS/MP18428/2026-2027/289697-Providing supply pipelines for drinking water","Andhra Pradesh","Bapatla(DISTRICT COLLECTOR BAPATLA_IDA)","Shri Masthan Rao Yadav Beedha (2024-28) (2024-2028)","Elected MP","Addtional grant for Augumentation of PWS Scheme to Borravaripalem GP, Nijampatnam Mandal, Bapatla District","27-Jun-2026","20-Jul-2026","2000000","Sanction"
"264","Normal/Others","WS/MP18334/2024-2025/152225-Providing drains and gutters for public drainage","Andhra Pradesh","Annamayya(DISTRICT COLLECTOR ANNAMAYYA_IDA)","Shri Meda Raghunadha Reddy (2024-30) (2024-2030)","Elected MP","Providing drainage in Peddamadigapalli H/o in D.Racchapalli G.P of Veeraballi Mandal","13-Nov-2024","31-Dec-2024","490000","Work partially Completed"
"265","Normal/Others","WS/MP18334/2025-2026/195798-Providing drains and gutters for public drainage","Andhra Pradesh","Sri Potti Sriramulu Nellore(DISTRICT COLLECTOR NELLORE_IDA)","Shri Meda Raghunadha Reddy (2024-30) (2024-2030)","Elected MP","Construction of CC Drain from Vinayaka Temple to Vennapusa Vasantha Plot at Vengampalli South Village of Vengampalli GP of Anantha Sagaram Mandal","01-May-2025","08-Jul-2025","462159","Physical Inspection"
"266","Normal/Others","WS/MP18334/2025-2026/195799-Providing drains and gutters for public drainage","Andhra Pradesh","Sri Potti Sriramulu Nellore(DISTRICT COLLECTOR NELLORE_IDA)","Shri Meda Raghunadha Reddy (2024-30) (2024-2030)","Elected MP","Construction of CC Drain from Ramalayam to Sana Subbareddy House of Kothuru Village of Vengampalli GP of Anantha Sagaram Mandal","01-May-2025","08-Jul-2025","450990","Physical Inspection"
"267","Normal/Others","WS/MP18428/2025-2026/200661-Providing drains and gutters for public drainage","Andhra Pradesh","Sri Potti Sriramulu Nellore(DISTRICT COLLECTOR NELLORE_IDA)","Shri Masthan Rao Yadav Beedha (2024-28) (2024-2028)","Elected MP","Construction of Side Drains at Muslim Locality of Mulumudi (V), Nellore Rural (M).","18-May-2025","20-Jun-2025","490155","Physical Inspection"
"268","Normal/Others","WS/MP18428/2025-2026/200662-Providing drains and gutters for public drainage","Andhra Pradesh","Sri Potti Sriramulu Nellore(DISTRICT COLLECTOR NELLORE_IDA)","Shri Masthan Rao Yadav Beedha (2024-28) (2024-2028)","Elected MP","Construction of CC Drain in Muslimpalem of Madaraju Guduru (V), Nellore Rural (M).","18-May-2025","20-Jun-2025","324894","Physical Inspection"
"269","Normal/Others","WS/MP18428/2025-2026/200664-Providing drains and gutters for public drainage","Andhra Pradesh","Sri Potti Sriramulu Nellore(DISTRICT COLLECTOR NELLORE_IDA)","Shri Masthan Rao Yadav Beedha (2024-28) (2024-2028)","Elected MP","Construction of CC Drain near M.Praveen Kumar (H) to Gangamma Temple in Arundatiyawada and Construction of CC Drain near Kande Ashok (H) to Main Road in Sangam Locality of South Mopur (V), Nellore Rural (M).","18-May-2025","20-Jun-2025","329900","Physical Inspection"
"270","Normal/Others","WS/MP18428/2025-2026/200665-Providing drains and gutters for public drainage","Andhra Pradesh","Sri Potti Sriramulu Nellore(DISTRICT COLLECTOR NELLORE_IDA)","Shri Masthan Rao Yadav Beedha (2024-28) (2024-2028)","Elected MP","Construction of CC Drain near Vunta Sivaiah (H) to Main Road in Sangam Locality and Construction of Cover Slabs on Existing Drain in Devangulapalem of South Mopur (V), Nellore Rural (M)","18-May-2025","20-Jun-2025","389916","Physical Inspection"
"271","Normal/Others","WS/MP18334/2025-2026/205232-Providing drains and gutters for public drainage","Andhra Pradesh","Annamayya(DISTRICT COLLECTOR ANNAMAYYA_IDA)","Shri Meda Raghunadha Reddy (2024-30) (2024-2030)","Elected MP","Providing drinage from Subbaiah House to Sivalayam in Upparapalli at Vongimall GP Veeraballe Mandal","23-Jun-2025","03-Sep-2025","500000","Sanction"
"272","Normal/Others","WS/MP18428/2025-2026/238059-Providing drains and gutters for public drainage","Andhra Pradesh","Sri Potti Sriramulu Nellore(DISTRICT COLLECTOR NELLORE_IDA)","Shri Masthan Rao Yadav Beedha (2024-28) (2024-2028)","Elected MP","Construction of CC Open Drain at BC Colony (From Tirakala Venkamma house to Canal near Jana Gopalamma house) of Parlapalli GP in Vidavalur Mandal","26-Sep-2025","29-Oct-2025","495473","Physical Inspection"
"273","Normal/Others","WS/MP18430/2025-2026/247621-Providing drains and gutters for public drainage","Andhra Pradesh","WEST GODAVARI(DISTRICT COLLECTOR WEST GODAVARI_IDA)","Shri Paka Venkata Satyanarayana (2025-28) (2025-2028)","Elected MP","Providing CC Drains from Katari Hanumanthu House to Veeravalli Srinu House.","17-Nov-2025","21-Jan-2026","280000","Sanction"
"274","Normal/Others","WS/MP18430/2025-2026/247638-Providing drains and gutters for public drainage","Andhra Pradesh","WEST GODAVARI(DISTRICT COLLECTOR WEST GODAVARI_IDA)","Shri Paka Venkata Satyanarayana (2025-28) (2025-2028)","Elected MP","Providing CC Drains from Veeravalli Srinu House to Kudipudi Ramakrishna House.","17-Nov-2025","21-Jan-2026","500000","Sanction"
"275","Normal/Others","WS/MP18430/2026-2027/280772-Providing drains and gutters for public drainage","Andhra Pradesh","WEST GODAVARI(DISTRICT COLLECTOR WEST GODAVARI_IDA)","Shri Paka Venkata Satyanarayana (2025-28) (2025-2028)","Elected MP","Providing CC Drains from Indukula Kannayya House to Rammisetti Suri Babu Site in Dumpagadapa Village.","15-May-2026","11-Aug-2026","1000000","Sanction"
"276","Normal/Others","WS/MP18373/2026-2027/283038-Providing drains and gutters for public drainage","Andhra Pradesh","Anakapalli(DISTRICT COLLECTOR ANAKAPALLI_IDA)","Shri Yerram Venkata Subba Reddy (2024-30) (2024-2030)","Elected MP","Construction of CC Drain from Sri Appikonda Apparao House to Sri Appikonda Govinda in SC Colony of Kothakota Village, Vommavaram GP, Ravikamatham Mandal, Anakapalli District.","22-May-2026","19-Jun-2026","500000","Work partially Completed"
"277","Normal/Others","WS/MP18373/2026-2027/283039-Providing drains and gutters for public drainage","Andhra Pradesh","Anakapalli(DISTRICT COLLECTOR ANAKAPALLI_IDA)","Shri Yerram Venkata Subba Reddy (2024-30) (2024-2030)","Elected MP","Construction of CC drain from Masada Nookaraju House to Neetipalli Rajeswar Rao House, BC Colony at Kothakota, Village, Vommavaram GP, Ravikamatham Mandal, Anakapalli district.","22-May-2026","19-Jun-2026","500000","Work partially Completed"
"278","Normal/Others","WS/MP18373/2026-2027/283040-Providing drains and gutters for public drainage","Andhra Pradesh","Anakapalli(DISTRICT COLLECTOR ANAKAPALLI_IDA)","Shri Yerram Venkata Subba Reddy (2024-30) (2024-2030)","Elected MP","Construction of CC Drain from Sri Yelusuri Nookalathalli House to Sri Gummudu Appa Rao house in SC Colony, Kothakota Village, Vommavaram GP, Ravikamatham Mandal, Anakapalli district.","22-May-2026","19-Jun-2026","500000","Work partially Completed"
"279","Normal/Others","WS/MP18334/2025-2026/205240-Construction of public irrigation facilities","Andhra Pradesh","Y.S.R. Kadapa(DISTRICT COLLECTOR CUDDAPAH_IDA)","Shri Meda Raghunadha Reddy (2024-30) (2024-2030)","Elected MP","Construction of Tank Bund to Aswatha Narayana Cheruv of Konarajupalle GP, Vontimitta Mandal","24-Jun-2025","11-Sep-2025","1000000","Sanction"
"280","Normal/Others","WS/MP18428/2025-2026/241781-Construction of public irrigation facilities","Andhra Pradesh","Sri Potti Sriramulu Nellore(DISTRICT COLLECTOR NELLORE_IDA)","Shri Masthan Rao Yadav Beedha (2024-28) (2024-2028)","Elected MP","Construction of Pipe Culvert near ST Colony in Konda Bitragunta (V) in Bogole (M) SPSR Nellore.","13-Oct-2025","28-Oct-2025","500000","Physical Inspection"
"281","Normal/Others","WS/MP18428/2025-2026/241782-Construction of public irrigation facilities","Andhra Pradesh","Sri Potti Sriramulu Nellore(DISTRICT COLLECTOR NELLORE_IDA)","Shri Masthan Rao Yadav Beedha (2024-28) (2024-2028)","Elected MP","Construction of Pipe Culvert near Mulagunta Colony in Konda Bitragunta (V) in Bogole (M) SPSR Nellore.","13-Oct-2025","28-Oct-2025","500000","Physical Inspection"
"282","Normal/Others","WS/MP18428/2025-2026/241783-Construction of public irrigation facilities","Andhra Pradesh","Sri Potti Sriramulu Nellore(DISTRICT COLLECTOR NELLORE_IDA)","Shri Masthan Rao Yadav Beedha (2024-28) (2024-2028)","Elected MP","Construction of Shuttering arrangement to Sluice of Peddayagunta tank in Konda Bitragunta (V) in Bogole (M) SPSR Nellore.","13-Oct-2025","28-Oct-2025","500000","Physical Inspection"
"283","Normal/Others","WS/MP18428/2025-2026/241784-Construction of public irrigation facilities","Andhra Pradesh","Sri Potti Sriramulu Nellore(DISTRICT COLLECTOR NELLORE_IDA)","Shri Masthan Rao Yadav Beedha (2024-28) (2024-2028)","Elected MP","Construction of Shuttering arrangement to Sluice of Ayyappanaidu tank in Konda Bitragunta (V) in Bogole (M) SPSR Nellore.","13-Oct-2025","28-Oct-2025","500000","Physical Inspection"
"284","Normal/Others","WS/MP18334/2024-2025/147286-Construction of flood control embankments/ protection walls along riverbanks, hilltops, roadsides","Andhra Pradesh","Annamayya(DISTRICT COLLECTOR ANNAMAYYA_IDA)","Shri Meda Raghunadha Reddy (2024-30) (2024-2030)","Elected MP","Providing protection arrangements to safe guard the Banks of Budlakarikiti Kunta surplus course near Pulapathuru Village in Rajampet Mandal","15-Oct-2024","31-Dec-2024","500000","Physical Inspection"
"285","Normal/Others","WS/MP032/2023-2024/68103-Construction of roads, link roads, pathways or any other road with or without drainage system","Andhra Pradesh","Palnadu(District Collector Palnadu_IDA)","Shri S Niranjan Reddy (2022-28) (2022-2028)","Elected MP","(i) Providing of CC Road.  (ii) The work providing of CC Roads.","22-Dec-2023","20-Feb-2024","2000000","Work Completed"
"286","Normal/Others","WS/MP18334/2024-2025/134422-Construction of roads, link roads, pathways or any other road with or without drainage system","Andhra Pradesh","Annamayya(DISTRICT COLLECTOR ANNAMAYYA_IDA)","Shri Meda Raghunadha Reddy (2024-30) (2024-2030)","Elected MP","Providing Internal CC road from K Ganga Rao House to S Lakshmi Devi House in Gowri Shanker Colony of Patur GP of Nandalur Mandal","30-Jul-2024","12-Sep-2024","242465","Physical Inspection"
"287","Normal/Others","WS/MP18334/2024-2025/134423-Construction of roads, link roads, pathways or any other road with or without drainage system","Andhra Pradesh","Annamayya(DISTRICT COLLECTOR ANNAMAYYA_IDA)","Shri Meda Raghunadha Reddy (2024-30) (2024-2030)","Elected MP","Providing Internal CC road from Gangamma Temple to Y Nagaraju House in Gowri Shanker Colony of Patur GP of Nandalur Mandal","30-Jul-2024","12-Sep-2024","193740","Physical Inspection"
"288","Normal/Others","WS/MP18334/2024-2025/134424-Construction of roads, link roads, pathways or any other road with or without drainage system","Andhra Pradesh","Annamayya(DISTRICT COLLECTOR ANNAMAYYA_IDA)","Shri Meda Raghunadha Reddy (2024-30) (2024-2030)","Elected MP","Providing Internal CC road from Ummadi Hari Krishna House to Ummadi Chinna House in ST Colony of Patur GP of Nandalur Mandal","30-Jul-2024","12-Sep-2024","173343","Physical Inspection"
"289","Normal/Others","WS/MP18334/2024-2025/134425-Construction of roads, link roads, pathways or any other road with or without drainage system","Andhra Pradesh","Annamayya(DISTRICT COLLECTOR ANNAMAYYA_IDA)","Shri Meda Raghunadha Reddy (2024-30) (2024-2030)","Elected MP","Providing Internal CC road from E Venkata Subbaiah House to E Siva Kumar House in ST Colony of Patur GP of Nandalur Mandal","30-Jul-2024","12-Sep-2024","240549","Physical Inspection"
"290","Normal/Others","WS/MP18334/2024-2025/134426-Construction of roads, link roads, pathways or any other road with or without drainage system","Andhra Pradesh","Annamayya(DISTRICT COLLECTOR ANNAMAYYA_IDA)","Shri Meda Raghunadha Reddy (2024-30) (2024-2030)","Elected MP","Providing Internal CC road from J Mallewari House to N Subhashini House in ST Colony of Patur GP of Nandalur Mandal","30-Jul-2024","12-Sep-2024","137543","Physical Inspection"
"291","Normal/Others","WS/MP18334/2024-2025/134821-Construction of roads, link roads, pathways or any other road with or without drainage system","Andhra Pradesh","Annamayya(DISTRICT COLLECTOR ANNAMAYYA_IDA)","Shri Meda Raghunadha Reddy (2024-30) (2024-2030)","Elected MP","Providing CC Road from Isukapalli main road to Pratap Achari House at Siddulapalli Village of Tallapaka GP Rajampeta Mandal","06-Aug-2024","12-Sep-2024","448992","Physical Inspection"
"292","Normal/Others","WS/MP18334/2024-2025/134822-Construction of roads, link roads, pathways or any other road with or without drainage system","Andhra Pradesh","Annamayya(DISTRICT COLLECTOR ANNAMAYYA_IDA)","Shri Meda Raghunadha Reddy (2024-30) (2024-2030)","Elected MP","Providing CC Road from Pratap Achari House to Balaraju Naveena House at Siddulapalli Village Tallapaka GP Rajampeta Mandal","06-Aug-2024","12-Sep-2024","449814","Physical Inspection"
"293","Normal/Others","WS/MP18334/2024-2025/136407-Construction of roads, link roads, pathways or any other road with or without drainage system","Andhra Pradesh","Annamayya(DISTRICT COLLECTOR ANNAMAYYA_IDA)","Shri Meda Raghunadha Reddy (2024-30) (2024-2030)","Elected MP","Providing Gravel Road from Lebaka Vengamamba Puram to Naraya Nellore Road at Nallathimmayapalli GP Nandalur Mandal","19-Aug-2024","18-Oct-2024","1497736","Physical Inspection"
"294","Normal/Others","WS/MP18334/2024-2025/142710-Construction of roads, link roads, pathways or any other road with or without drainage system","Andhra Pradesh","Y.S.R. Kadapa(DISTRICT COLLECTOR CUDDAPAH_IDA)","Shri Meda Raghunadha Reddy (2024-30) (2024-2030)","Elected MP","Providing of CC Road from D.No. 43/176-1 to 43/180-2 (Shivalayam Temple) at Prakash Nagar 14th Division of KMC","23-Sep-2024","25-Oct-2024","2497334","Physical Inspection"
"295","Normal/Others","WS/MP18334/2024-2025/142916-Construction of roads, link roads, pathways or any other road with or without drainage system","Andhra Pradesh","Y.S.R. Kadapa(DISTRICT COLLECTOR CUDDAPAH_IDA)","Shri Meda Raghunadha Reddy (2024-30) (2024-2030)","Elected MP","Providing Internal CC Road from Budsu Lakshmana Babu House to Doddipalli Ramakrishna House site in Votimitta Village and GP of Vontimitta Mandal","23-Sep-2024","15-Oct-2024","498357","Physical Inspection"
"296","Normal/Others","WS/MP18334/2024-2025/142918-Construction of roads, link roads, pathways or any other road with or without drainage system","Andhra Pradesh","Y.S.R. Kadapa(DISTRICT COLLECTOR CUDDAPAH_IDA)","Shri Meda Raghunadha Reddy (2024-30) (2024-2030)","Elected MP","Providing CC Road from Obulesu Kona Temple to Venkatayapalli Village in Pennaperuru GP of Vontimitta Mandal","23-Sep-2024","15-Oct-2024","498394","Physical Inspection"
"297","Normal/Others","WS/MP18334/2024-2025/142919-Construction of roads, link roads, pathways or any other road with or without drainage system","Andhra Pradesh","Y.S.R. Kadapa(DISTRICT COLLECTOR CUDDAPAH_IDA)","Shri Meda Raghunadha Reddy (2024-30) (2024-2030)","Elected MP","Providing CC Road from Mummadi Subba Reddy House to Chenduvoy Subba Reddy House and other roads inb Salabad V & GP of Vontimitta Mandal","23-Sep-2024","15-Oct-2024","500000","Physical Inspection"
"298","Normal/Others","WS/MP18334/2024-2025/142920-Construction of roads, link roads, pathways or any other road with or without drainage system","Andhra Pradesh","Y.S.R. Kadapa(DISTRICT COLLECTOR CUDDAPAH_IDA)","Shri Meda Raghunadha Reddy (2024-30) (2024-2030)","Elected MP","Providing Internal CC Road from Main (R&B Road) Road to AVS Oriental School in Kotha Madhavaram GP of Vontimitta Mandal","23-Sep-2024","15-Oct-2024","499980","Physical Inspection"
"299","Normal/Others","WS/MP18334/2024-2025/142921-Construction of roads, link roads, pathways or any other road with or without drainage system","Andhra Pradesh","Y.S.R. Kadapa(DISTRICT COLLECTOR CUDDAPAH_IDA)","Shri Meda Raghunadha Reddy (2024-30) (2024-2030)","Elected MP","Providing CC Road from Pitchiguntla Colony to Ananthapuram Gangamma Temple and other roads in Rachagudipalli GP of Vontimitta Mandal","23-Sep-2024","15-Oct-2024","499588","Physical Inspection"
"300","Normal/Others","WS/MP18334/2024-2025/142922-Construction of roads, link roads, pathways or any other road with or without drainage system","Andhra Pradesh","Y.S.R. Kadapa(DISTRICT COLLECTOR CUDDAPAH_IDA)","Shri Meda Raghunadha Reddy (2024-30) (2024-2030)","Elected MP","Providing CC Road from Mantapampall-Lebaka Road to Sri Konda Malleswara Swamy Temple in Konarajupalli GP of Vontimitta Mandal","23-Sep-2024","15-Oct-2024","498478","Physical Inspection"
"301","Normal/Others","WS/MP18334/2024-2025/142923-Construction of roads, link roads, pathways or any other road with or without drainage system","Andhra Pradesh","Y.S.R. Kadapa(DISTRICT COLLECTOR CUDDAPAH_IDA)","Shri Meda Raghunadha Reddy (2024-30) (2024-2030)","Elected MP","Providing CC Road from Railway Station Arundhathi Colony to Railway Station Road and other roads in Narvakatipalli GP of Vontimitta Mandal","23-Sep-2024","15-Oct-2024","499926","Physical Inspection"
"302","Normal/Others","WS/MP18334/2024-2025/142925-Construction of roads, link roads, pathways or any other road with or without drainage system","Andhra Pradesh","Y.S.R. Kadapa(DISTRICT COLLECTOR CUDDAPAH_IDA)","Shri Meda Raghunadha Reddy (2024-30) (2024-2030)","Elected MP","Providing CC Road from C. Janardhan Reddy House to C.J. Venkata Reddy House and other roads in Cherlopalli Village of Nadimpalli GP of Vontimitta Mandal","23-Sep-2024","15-Oct-2024","497776","Physical Inspection"
"303","Normal/Others","WS/MP18334/2024-2025/145199-Construction of roads, link roads, pathways or any other road with or without drainage system","Andhra Pradesh","Y.S.R. Kadapa(DISTRICT COLLECTOR CUDDAPAH_IDA)","Shri Meda Raghunadha Reddy (2024-30) (2024-2030)","Elected MP","Construction of CC Road from Kumarikunta to Kadapaya Palli Jagananna Colony","03-Oct-2024","19-Oct-2024","494226","Physical Inspection"
"304","Normal/Others","WS/MP18334/2024-2025/145202-Construction of roads, link roads, pathways or any other road with or without drainage system","Andhra Pradesh","Y.S.R. Kadapa(DISTRICT COLLECTOR CUDDAPAH_IDA)","Shri Meda Raghunadha Reddy (2024-30) (2024-2030)","Elected MP","Providing CC Road From Nimmakayla Raghunath Reddy Polam to Smasanam, Nimakayela Savithramma House to Chirlu Gopalaiah","03-Oct-2024","19-Oct-2024","598587","Physical Inspection"
"305","Normal/Others","WS/MP18334/2024-2025/145204-Construction of roads, link roads, pathways or any other road with or without drainage system","Andhra Pradesh","Y.S.R. Kadapa(DISTRICT COLLECTOR CUDDAPAH_IDA)","Shri Meda Raghunadha Reddy (2024-30) (2024-2030)","Elected MP","Providing CC Roads from Water Tank to ST Colony Gyothi G.P.","03-Oct-2024","19-Oct-2024","299615","Physical Inspection"
"306","Normal/Others","WS/MP18334/2024-2025/145207-Construction of roads, link roads, pathways or any other road with or without drainage system","Andhra Pradesh","Y.S.R. Kadapa(DISTRICT COLLECTOR CUDDAPAH_IDA)","Shri Meda Raghunadha Reddy (2024-30) (2024-2030)","Elected MP","Providing internal CC Roads at Velugupalli Burrial Ground Velugupalli Village","03-Oct-2024","19-Oct-2024","498186","Physical Inspection"
"307","Normal/Others","WS/MP18334/2024-2025/145210-Construction of roads, link roads, pathways or any other road with or without drainage system","Andhra Pradesh","Y.S.R. Kadapa(DISTRICT COLLECTOR CUDDAPAH_IDA)","Shri Meda Raghunadha Reddy (2024-30) (2024-2030)","Elected MP","Providing internal CC Road from Kade Srinivas Naidu House to Ramana Reddy House at Peddapalli G.P.","03-Oct-2024","19-Oct-2024","399892","Physical Inspection"
"308","Normal/Others","WS/MP18334/2024-2025/145211-Construction of roads, link roads, pathways or any other road with or without drainage system","Andhra Pradesh","Y.S.R. Kadapa(DISTRICT COLLECTOR CUDDAPAH_IDA)","Shri Meda Raghunadha Reddy (2024-30) (2024-2030)","Elected MP","Providing internal CC Road from Mahankali House to Lakshmi Devi House in Peddapalle G.P.","03-Oct-2024","19-Oct-2024","395195","Physical Inspection"
"309","Normal/Others","WS/MP18334/2024-2025/145214-Construction of roads, link roads, pathways or any other road with or without drainage system","Andhra Pradesh","Y.S.R. Kadapa(DISTRICT COLLECTOR CUDDAPAH_IDA)","Shri Meda Raghunadha Reddy (2024-30) (2024-2030)","Elected MP","Providing CC Road from Venkatasubbaiah House to Ramalayam","03-Oct-2024","19-Oct-2024","199709","Physical Inspection"
"310","Normal/Others","WS/MP18334/2024-2025/145229-Construction of roads, link roads, pathways or any other road with or without drainage system","Andhra Pradesh","Y.S.R. Kadapa(DISTRICT COLLECTOR CUDDAPAH_IDA)","Shri Meda Raghunadha Reddy (2024-30) (2024-2030)","Elected MP","Providing CC Road from Donti Reddy Chinnapu Reddy House to Obul Reddy House in Machupalle G.P.","03-Oct-2024","19-Oct-2024","508647","Physical Inspection"
"311","Normal/Others","WS/MP18334/2024-2025/145230-Construction of roads, link roads, pathways or any other road with or without drainage system","Andhra Pradesh","Y.S.R. Kadapa(DISTRICT COLLECTOR CUDDAPAH_IDA)","Shri Meda Raghunadha Reddy (2024-30) (2024-2030)","Elected MP","Providing CC Road from B.C. Colony to Errachervu in Tokkolu G.P.","03-Oct-2024","19-Oct-2024","648077","Physical Inspection"
"312","Normal/Others","WS/MP18334/2024-2025/145231-Construction of roads, link roads, pathways or any other road with or without drainage system","Andhra Pradesh","Y.S.R. Kadapa(DISTRICT COLLECTOR CUDDAPAH_IDA)","Shri Meda Raghunadha Reddy (2024-30) (2024-2030)","Elected MP","Providing internal CC Road from Rammohan House to MP Elementary School in Mittapalli Village of Peddapalli G.P.","03-Oct-2024","19-Oct-2024","398852","Physical Inspection"
"313","Normal/Others","WS/MP18334/2024-2025/147289-Construction of roads, link roads, pathways or any other road with or without drainage system","Andhra Pradesh","Annamayya(DISTRICT COLLECTOR ANNAMAYYA_IDA)","Shri Meda Raghunadha Reddy (2024-30) (2024-2030)","Elected MP","Formation and CC Road SK Shavali Thota To SC Colany Tanguturu Village of Tanguturu GP","16-Oct-2024","31-Dec-2024","490000","Sanction"
"314","Normal/Others","WS/MP18334/2024-2025/147290-Construction of roads, link roads, pathways or any other road with or without drainage system","Andhra Pradesh","Annamayya(DISTRICT COLLECTOR ANNAMAYYA_IDA)","Shri Meda Raghunadha Reddy (2024-30) (2024-2030)","Elected MP","Providing internal CC Road From Balija vidi Alisetti Gangaiah House to SC & OC Burial Ground in Tanguturu Village of Tanguturu GP","16-Oct-2024","31-Dec-2024","490000","Sanction"
"315","Normal/Others","WS/MP18334/2024-2025/147291-Construction of roads, link roads, pathways or any other road with or without drainage system","Andhra Pradesh","Annamayya(DISTRICT COLLECTOR ANNAMAYYA_IDA)","Shri Meda Raghunadha Reddy (2024-30) (2024-2030)","Elected MP","Formation of Gravel and Metal Road from R&B road To Nagendra Fields in T.V. Puram Village of T.V. Puram GP, Nandalur Mandal.","16-Oct-2024","31-Dec-2024","480000","Sanction"
"316","Normal/Others","WS/MP18334/2024-2025/147292-Construction of roads, link roads, pathways or any other road with or without drainage system","Andhra Pradesh","Annamayya(DISTRICT COLLECTOR ANNAMAYYA_IDA)","Shri Meda Raghunadha Reddy (2024-30) (2024-2030)","Elected MP","Formation of Gravel and Metal Road from R&B Road  To Subbaiah Fields road in T.V. Puram Village of T.V. Puram GP, Nandalur Mandal.","16-Oct-2024","31-Dec-2024","480000","Sanction"
"317","Normal/Others","WS/MP18334/2024-2025/147293-Construction of roads, link roads, pathways or any other road with or without drainage system","Andhra Pradesh","Annamayya(DISTRICT COLLECTOR ANNAMAYYA_IDA)","Shri Meda Raghunadha Reddy (2024-30) (2024-2030)","Elected MP","Providing internal CC Road at Vijay sagar Nagar, Adapur village of Adapur GP, Nandalur Mandal.","16-Oct-2024","31-Dec-2024","300000","Physical Inspection"
"318","Normal/Others","WS/MP18334/2024-2025/147294-Construction of roads, link roads, pathways or any other road with or without drainage system","Andhra Pradesh","Annamayya(DISTRICT COLLECTOR ANNAMAYYA_IDA)","Shri Meda Raghunadha Reddy (2024-30) (2024-2030)","Elected MP","Formation of Gravel and Metal Road from Adapoor R&B road  To Subbaiah Fields in Adapur Village of Adapur GP, Nandalur Mandal","16-Oct-2024","31-Dec-2024","300000","Sanction"
"319","Normal/Others","WS/MP18334/2024-2025/147295-Construction of roads, link roads, pathways or any other road with or without drainage system","Andhra Pradesh","Annamayya(DISTRICT COLLECTOR ANNAMAYYA_IDA)","Shri Meda Raghunadha Reddy (2024-30) (2024-2030)","Elected MP","Providing CC Road from Arundathi Wada MPP School to Water Tank in Nandalur Village of Nandalur GP, Nandalur Mandal","16-Oct-2024","31-Dec-2024","490000","Physical Inspection"
"320","Normal/Others","WS/MP18334/2024-2025/147296-Construction of roads, link roads, pathways or any other road with or without drainage system","Andhra Pradesh","Annamayya(DISTRICT COLLECTOR ANNAMAYYA_IDA)","Shri Meda Raghunadha Reddy (2024-30) (2024-2030)","Elected MP","Providing CC Road fromn Kalesha Rooms To Palle Venkata Ramana House in Aravapalli Village, Nagireddipalle G.P, Nandalur Mandal.","16-Oct-2024","01-Jan-2025","490000","Physical Inspection"
"321","Normal/Others","WS/MP18334/2024-2025/147297-Construction of roads, link roads, pathways or any other road with or without drainage system","Andhra Pradesh","Annamayya(DISTRICT COLLECTOR ANNAMAYYA_IDA)","Shri Meda Raghunadha Reddy (2024-30) (2024-2030)","Elected MP","Providing CC Road from Nagamma House to Babu House of Aravapalli Village, Nagireddipalle, G.P, Nandalur Mandal","16-Oct-2024","31-Dec-2024","200000","Physical Inspection"
"322","Normal/Others","WS/MP18334/2024-2025/147298-Construction of roads, link roads, pathways or any other road with or without drainage system","Andhra Pradesh","Annamayya(DISTRICT COLLECTOR ANNAMAYYA_IDA)","Shri Meda Raghunadha Reddy (2024-30) (2024-2030)","Elected MP","Providing CC Road from R&B Road  to Cheruvu River in Patur village of Patur G.P, Nandaluru Mandal.","16-Oct-2024","31-Dec-2024","300000","Sanction"
"323","Normal/Others","WS/MP18334/2024-2025/147299-Construction of roads, link roads, pathways or any other road with or without drainage system","Andhra Pradesh","Annamayya(DISTRICT COLLECTOR ANNAMAYYA_IDA)","Shri Meda Raghunadha Reddy (2024-30) (2024-2030)","Elected MP","Providing CC Road From R&B Road to Chandra Shekar House in Patur village of Patur G.P, Nandaluru Mandal","16-Oct-2024","31-Dec-2024","278187","Physical Inspection"
"324","Normal/Others","WS/MP18334/2024-2025/147300-Construction of roads, link roads, pathways or any other road with or without drainage system","Andhra Pradesh","Annamayya(DISTRICT COLLECTOR ANNAMAYYA_IDA)","Shri Meda Raghunadha Reddy (2024-30) (2024-2030)","Elected MP","Providing CC Road from K.Ramohan House To K.Anjaneyulu House in Patur village of Patur G.P, Nandalur Mandal","16-Oct-2024","31-Dec-2024","247071","Physical Inspection"
"325","Normal/Others","WS/MP18334/2024-2025/152220-Construction of roads, link roads, pathways or any other road with or without drainage system","Andhra Pradesh","Annamayya(DISTRICT COLLECTOR ANNAMAYYA_IDA)","Shri Meda Raghunadha Reddy (2024-30) (2024-2030)","Elected MP","Providing internal CC Road from S.Santha mma House to M.Surya House at Mandaram Rachapalli of Mandaram GP, Rajampeta Mandal","13-Nov-2024","31-Dec-2024","371044","Physical Inspection"
"326","Normal/Others","WS/MP18334/2024-2025/152221-Construction of roads, link roads, pathways or any other road with or without drainage system","Andhra Pradesh","Annamayya(DISTRICT COLLECTOR ANNAMAYYA_IDA)","Shri Meda Raghunadha Reddy (2024-30) (2024-2030)","Elected MP","Providing internal CC Road from P.Balaram House to M.Suresh House at Mandaram AW if Mandaram GP, Rajampeta Mandal","13-Nov-2024","31-Dec-2024","432764","Physical Inspection"
"327","Normal/Others","WS/MP18334/2024-2025/152222-Construction of roads, link roads, pathways or any other road with or without drainage system","Andhra Pradesh","Annamayya(DISTRICT COLLECTOR ANNAMAYYA_IDA)","Shri Meda Raghunadha Reddy (2024-30) (2024-2030)","Elected MP","Providing CC Road from Subbarayu du House to Venkatesh Nayudu House in Peddakara mpalli GP of Rajampeta Mandal","13-Nov-2024","31-Dec-2024","499996","Physical Inspection"
"328","Normal/Others","WS/MP18334/2024-2025/152226-Construction of roads, link roads, pathways or any other road with or without drainage system","Andhra Pradesh","Annamayya(DISTRICT COLLECTOR ANNAMAYYA_IDA)","Shri Meda Raghunadha Reddy (2024-30) (2024-2030)","Elected MP","Providing internal CC Road from Jayachandra Reddy House to Venkata Krishna Reddy House & Other Streets at Madireddygaripalli H/o Gurrappagaripalli GP of Veeraballi Mandal","13-Nov-2024","31-Dec-2024","491418","Physical Inspection"
"329","Normal/Others","WS/MP18334/2024-2025/152227-Construction of roads, link roads, pathways or any other road with or without drainage system","Andhra Pradesh","Annamayya(DISTRICT COLLECTOR ANNAMAYYA_IDA)","Shri Meda Raghunadha Reddy (2024-30) (2024-2030)","Elected MP","Providing CC Road from Kothapalli to Rajampet R & B Road at Kothapalli H/o Thatiguntapalli GP of Veeraballi Mandal","13-Nov-2024","31-Dec-2024","489295","Physical Inspection"
"330","Normal/Others","WS/MP18334/2025-2026/152228-Construction of roads, link roads, pathways or any other road with or without drainage system","Andhra Pradesh","Y.S.R. Kadapa(DISTRICT COLLECTOR CUDDAPAH_IDA)","Shri Meda Raghunadha Reddy (2024-30) (2024-2030)","Elected MP","Formation of Road upto WBM Gr-II from Gundlakunta to Medidinne in GundlakuntaVillage, Peddamudium Mandal","13-Nov-2024","06-Sep-2025","488719","Physical Inspection"
"331","Normal/Others","WS/MP18334/2025-2026/152230-Construction of roads, link roads, pathways or any other road with or without drainage system","Andhra Pradesh","Y.S.R. Kadapa(DISTRICT COLLECTOR CUDDAPAH_IDA)","Shri Meda Raghunadha Reddy (2024-30) (2024-2030)","Elected MP","Formation of Road upto WBM Gr-II from Gundlakunta to Bodupalle in Gundlakunta Village, Peddamudium Mandal","13-Nov-2024","06-Sep-2025","488623","Physical Inspection"
"332","Normal/Others","WS/MP18334/2025-2026/195795-Construction of roads, link roads, pathways or any other road with or without drainage system","Andhra Pradesh","Annamayya(DISTRICT COLLECTOR ANNAMAYYA_IDA)","Shri Meda Raghunadha Reddy (2024-30) (2024-2030)","Elected MP","Providing internal CC Road from KM Palli Road  to P. Madhusudhan Reddy House at Veeraballi GP of Veeraballi Mandal","01-May-2025","02-Jun-2025","246556","Physical Inspection"
"333","Normal/Others","WS/MP18334/2025-2026/195796-Construction of roads, link roads, pathways or any other road with or without drainage system","Andhra Pradesh","Annamayya(DISTRICT COLLECTOR ANNAMAYYA_IDA)","Shri Meda Raghunadha Reddy (2024-30) (2024-2030)","Elected MP","Providing internal CC Road from R and B Road  to Basha House at Veeraballi GP of Veeraballi Mandal","01-May-2025","02-Jun-2025","342405","Physical Inspection"
"334","Normal/Others","WS/MP18427/2025-2026/196450-Construction of roads, link roads, pathways or any other road with or without drainage system","Andhra Pradesh","Y.S.R. Kadapa(DISTRICT COLLECTOR CUDDAPAH_IDA)","Shri Ryaga Krishnaiah (2024-28) (2024-2028)","Elected MP","Providing of CC Road and CC Drain PVC Pipeline S.Ismail house to Y S Gouse Room at Kottapalli GP of Proddatur  Mandal, Kadapa, YSR District.","12-May-2025","10-Sep-2025","1823646","Physical Inspection"
"335","Normal/Others","WS/MP18428/2025-2026/196755-Construction of roads, link roads, pathways or any other road with or without drainage system","Andhra Pradesh","Tirupati(DISTRICT COLLECTOR TIRUPATI_IDA)","Shri Masthan Rao Yadav Beedha (2024-28) (2024-2028)","Elected MP","Improvements to Ayacut road from Uppureddy tageti fields to Nemmepudi Surplus weir in Karaballavolu Village in Ozili Mandal of Tirupathi District","05-May-2025","03-Jul-2025","493748","Physical Inspection"
"336","Normal/Others","WS/MP18428/2025-2026/196756-Construction of roads, link roads, pathways or any other road with or without drainage system","Andhra Pradesh","Tirupati(DISTRICT COLLECTOR TIRUPATI_IDA)","Shri Masthan Rao Yadav Beedha (2024-28) (2024-2028)","Elected MP","Improvements to Ayacut road from Rajaiah fields to asany fields in Karaballavolu Village in Ozili Mandal of Tirupathi District","05-May-2025","03-Jul-2025","494183","Physical Inspection"
"337","Normal/Others","WS/MP18428/2025-2026/196757-Construction of roads, link roads, pathways or any other road with or without drainage system","Andhra Pradesh","Tirupati(DISTRICT COLLECTOR TIRUPATI_IDA)","Shri Masthan Rao Yadav Beedha (2024-28) (2024-2028)","Elected MP","Improvements to Ayacut road from Mukundar reddy fields to Dam sluice in Karaballavolu Village in Ozili Mandal of Tirupathi District","05-May-2025","03-Jul-2025","485099","Physical Inspection"
"338","Normal/Others","WS/MP18373/2025-2026/199580-Construction of roads, link roads, pathways or any other road with or without drainage system","Andhra Pradesh","Kakinada(DISTRICT COLLECTOR KAKINADA_IDA)","Shri Yerram Venkata Subba Reddy (2024-30) (2024-2030)","Elected MP","Construction of CC road from Kottakompalu bridge to ramalayam in Pillanka (V) of Tallarevu Mandal, Kakinada District","14-May-2025","31-Jul-2025","745000","Sanction"
"339","Normal/Others","WS/MP18373/2025-2026/199581-Construction of roads, link roads, pathways or any other road with or without drainage system","Andhra Pradesh","Kakinada(DISTRICT COLLECTOR KAKINADA_IDA)","Shri Yerram Venkata Subba Reddy (2024-30) (2024-2030)","Elected MP","Construction of CC road from Ramalayam to Matta Nageswara House in Kottakompalu of Pillanka (V) of Tallarevu Mandal, Kakinada District","14-May-2025","01-Jul-2025","500000","Work Completed"
"340","Normal/Others","WS/MP18373/2025-2026/199582-Construction of roads, link roads, pathways or any other road with or without drainage system","Andhra Pradesh","Kakinada(DISTRICT COLLECTOR KAKINADA_IDA)","Shri Yerram Venkata Subba Reddy (2024-30) (2024-2030)","Elected MP","Construction of CC Road 1) from PWD Canal to Ganja Sreeramulu House 2) from Pilli Rani House to Penke Srinu House and 3) from Penke Arjun House to Vasamsetti Kanthamma House in Kothakompalu of Pillanka Village, Tallarevu Mandal, Kakinada District","14-May-2025","01-Jul-2025","500000","Work Completed"
"341","Normal/Others","WS/MP18373/2025-2026/199600-Construction of roads, link roads, pathways or any other road with or without drainage system","Andhra Pradesh","NTR(DISTRICT COLLECTOR NTR_IDA)","Shri Yerram Venkata Subba Reddy (2024-30) (2024-2030)","Elected MP","Construction of Slab Culvert on the road from IT road to Kothagudem H.O of Pulluru (V) in Mylavaram (M), NTR District.","14-May-2025","24-Jun-2025","500000","Sanction"
"342","Normal/Others","WS/MP18373/2025-2026/199601-Construction of roads, link roads, pathways or any other road with or without drainage system","Andhra Pradesh","NTR(DISTRICT COLLECTOR NTR_IDA)","Shri Yerram Venkata Subba Reddy (2024-30) (2024-2030)","Elected MP","Construction of CC road from Yanduri Rambabu House to Janyavula Subba Rao House, Kothagudem H.O of Pulluru Village of Mylavaram Mandal, NTR District.","14-May-2025","24-Jun-2025","500000","Physical Inspection"
"343","Normal/Others","WS/MP18373/2025-2026/199602-Construction of roads, link roads, pathways or any other road with or without drainage system","Andhra Pradesh","NTR(DISTRICT COLLECTOR NTR_IDA)","Shri Yerram Venkata Subba Reddy (2024-30) (2024-2030)","Elected MP","Construction of CC road from Chilukurivarigudem R and B Road to Appidi Venkateswara Reddy House, Chilukurivarigudem H.O of Pulluru Village of Mylavaram Mandal, NTR District.","14-May-2025","24-Jun-2025","500000","Sanction"
"344","Normal/Others","WS/MP18373/2025-2026/199603-Construction of roads, link roads, pathways or any other road with or without drainage system","Andhra Pradesh","NTR(DISTRICT COLLECTOR NTR_IDA)","Shri Yerram Venkata Subba Reddy (2024-30) (2024-2030)","Elected MP","Construction of CC road from Battula Venkateswara Rao House to Vemula Vaddi Kasulu House and Battula Chinna Venkatamma House to Battula Kurma House Kothagudem H.O of Pulluru village of Mylavaram Mandal, NTR District.","14-May-2025","24-Jun-2025","500000","Physical Inspection"
"345","Normal/Others","WS/MP18373/2025-2026/199608-Construction of roads, link roads, pathways or any other road with or without drainage system","Andhra Pradesh","NTR(DISTRICT COLLECTOR NTR_IDA)","Shri Yerram Venkata Subba Reddy (2024-30) (2024-2030)","Elected MP","Construction of CC Road from Dasari Srinivasa Reddy House to Dasari venugopala Reddy house and Duggi Srinivasa Reddy house to Duggi Jamala Reddy house of Mutchinapalli Village, Reddygudem Mandal, NTR District.","14-May-2025","24-Jun-2025","385123","Physical Inspection"
"346","Normal/Others","WS/MP18373/2025-2026/199609-Construction of roads, link roads, pathways or any other road with or without drainage system","Andhra Pradesh","NTR(DISTRICT COLLECTOR NTR_IDA)","Shri Yerram Venkata Subba Reddy (2024-30) (2024-2030)","Elected MP","Construction of CC Road from Thotakura Sathyanarayana house to Thotakura Mallikarjuna Rao house, Dakarapu chanti house to Srikakulapu Srinu house and Guthi Srinu house to Guthi Prasad house of Kunaparajuparva Village, Reddygudem Mandal, NTR District.","14-May-2025","24-Jun-2025","476920","Physical Inspection"
"347","Normal/Others","WS/MP18373/2025-2026/199610-Construction of roads, link roads, pathways or any other road with or without drainage system","Andhra Pradesh","NTR(DISTRICT COLLECTOR NTR_IDA)","Shri Yerram Venkata Subba Reddy (2024-30) (2024-2030)","Elected MP","Construction of CC Road from Thotapala Ganesh house to Medari Krishna Rao house and Edara Nageswara Rao house to Dandepalli Papa Rao house and Konakala Veerababu house to Konakala Ammu house of Kunaparajuparva Village, Reddygudem Mandal, NTR District.","14-May-2025","24-Jun-2025","498974","Physical Inspection"
"348","Normal/Others","WS/MP18373/2025-2026/199611-Construction of roads, link roads, pathways or any other road with or without drainage system","Andhra Pradesh","NTR(DISTRICT COLLECTOR NTR_IDA)","Shri Yerram Venkata Subba Reddy (2024-30) (2024-2030)","Elected MP","Construction of CC Road from Kalangi Kotesu house to Kalangi Padma house and Kadimi Vaddikasulu house to Kadimi Srinivasa Rao House of Adivikothuru, H.O Maddulaparva Village of Reddygudem Mandal, NTR District.","14-May-2025","24-Jun-2025","465131","Physical Inspection"
"349","Normal/Others","WS/MP18334/2025-2026/200332-Construction of roads, link roads, pathways or any other road with or without drainage system","Andhra Pradesh","Annamayya(DISTRICT COLLECTOR ANNAMAYYA_IDA)","Shri Meda Raghunadha Reddy (2024-30) (2024-2030)","Elected MP","Providing CC Road from Odeti chinnaiah House to Ganapathi Subbaiah  House at Kumpinipuram Habitation via  Kumpinipuram of Nookinenipalli GP in Nandalur Mandal","16-May-2025","18-Jun-2025","490000","Physical Inspection"
"350","Normal/Others","WS/MP18334/2025-2026/200333-Construction of roads, link roads, pathways or any other road with or without drainage system","Andhra Pradesh","Annamayya(DISTRICT COLLECTOR ANNAMAYYA_IDA)","Shri Meda Raghunadha Reddy (2024-30) (2024-2030)","Elected MP","Providing CC Road from Ganapathi Subbaiah House to Ganapathi Narayana House at Kumpinipuram Habitation via  Kumpinipuram of Nookinenipalli GP in Nandalur Mandal","16-May-2025","18-Jun-2025","490000","Physical Inspection"
"351","Normal/Others","WS/MP18334/2025-2026/200334-Construction of roads, link roads, pathways or any other road with or without drainage system","Andhra Pradesh","Annamayya(DISTRICT COLLECTOR ANNAMAYYA_IDA)","Shri Meda Raghunadha Reddy (2024-30) (2024-2030)","Elected MP","Providing CC Road from Ganapathi Narayana House to MPUP School at Kumpinipuram Habitation via  Kumpinipuram of Nookinenipalli GP in Nandalur Mandal","16-May-2025","18-Jun-2025","490000","Physical Inspection"
"352","Normal/Others","WS/MP18428/2025-2026/204761-Construction of roads, link roads, pathways or any other road with or without drainage system","Andhra Pradesh","Sri Potti Sriramulu Nellore(DISTRICT COLLECTOR NELLORE_IDA)","Shri Masthan Rao Yadav Beedha (2024-28) (2024-2028)","Elected MP","Laying of CC Road from Social Welfare Hostel to Payyalapalem Road via Gadi Kayallu and Polathota upto Irrigation Bridge in Gandavaram GP(Bit-1) of Kodavalur Mandal","29-May-2025","14-Jul-2025","499022","Physical Inspection"
"353","Normal/Others","WS/MP18428/2025-2026/204762-Construction of roads, link roads, pathways or any other road with or without drainage system","Andhra Pradesh","Sri Potti Sriramulu Nellore(DISTRICT COLLECTOR NELLORE_IDA)","Shri Masthan Rao Yadav Beedha (2024-28) (2024-2028)","Elected MP","Laying of CC Road from Social Welfare Hostel to Payyalapalem Road via Gadi Kayallu and Polathota upto Irrigation Bridge in Gandavaram GP(Bit-2) of Kodavalur Mandal","29-May-2025","14-Jul-2025","498584","Physical Inspection"
"354","Normal/Others","WS/MP18334/2025-2026/205177-Construction of roads, link roads, pathways or any other road with or without drainage system","Andhra Pradesh","Annamayya(DISTRICT COLLECTOR ANNAMAYYA_IDA)","Shri Meda Raghunadha Reddy (2024-30) (2024-2030)","Elected MP","Providing Internal CC road fromHaritha House to Raja Reddy House in Ananthaiahgaripalli  G.P of Pullampet Mandal","23-Jun-2025","22-Jul-2025","500000","Physical Inspection"
"355","Normal/Others","WS/MP18334/2025-2026/205179-Construction of roads, link roads, pathways or any other road with or without drainage system","Andhra Pradesh","Annamayya(DISTRICT COLLECTOR ANNAMAYYA_IDA)","Shri Meda Raghunadha Reddy (2024-30) (2024-2030)","Elected MP","Providing Internal CC road from Yalla Reddy House to Malli Kondaiah House in Tirumalaiah Garipalli Village, Ananthaiahgaripalli  G.P of Pullampet Mandal","23-Jun-2025","22-Jul-2025","500000","Physical Inspection"
"356","Normal/Others","WS/MP18334/2025-2026/205181-Construction of roads, link roads, pathways or any other road with or without drainage system","Andhra Pradesh","Annamayya(DISTRICT COLLECTOR ANNAMAYYA_IDA)","Shri Meda Raghunadha Reddy (2024-30) (2024-2030)","Elected MP","Formation of road from Sankar Reddy Fields to Orsu Venkataiah fields  in Ananthasamudram GP of Pullampeta Mandal","23-Jun-2025","22-Jul-2025","400000","Physical Inspection"
"357","Normal/Others","WS/MP18334/2025-2026/205182-Construction of roads, link roads, pathways or any other road with or without drainage system","Andhra Pradesh","Annamayya(DISTRICT COLLECTOR ANNAMAYYA_IDA)","Shri Meda Raghunadha Reddy (2024-30) (2024-2030)","Elected MP","Formation of road from Dandlopalli to Dhonalamma temple via agriculture fields  in Dondlopalli GP of Pullampeta Mandal","23-Jun-2025","22-Jul-2025","400000","Physical Inspection"
"358","Normal/Others","WS/MP18334/2025-2026/205183-Construction of roads, link roads, pathways or any other road with or without drainage system","Andhra Pradesh","Annamayya(DISTRICT COLLECTOR ANNAMAYYA_IDA)","Shri Meda Raghunadha Reddy (2024-30) (2024-2030)","Elected MP","Formation of road from Narasimha reddy fields to Lakshmi reddy fields in garalamadugu GP of Pullampeta Mandal","23-Jun-2025","22-Jul-2025","400000","Physical Inspection"
"359","Normal/Others","WS/MP18334/2025-2026/205184-Construction of roads, link roads, pathways or any other road with or without drainage system","Andhra Pradesh","Annamayya(DISTRICT COLLECTOR ANNAMAYYA_IDA)","Shri Meda Raghunadha Reddy (2024-30) (2024-2030)","Elected MP","Providing internal CC Road from   Srinivasulu House to Bhavanarushi Temple in Pullampeta Village and GP of Pullampeta Mandal","23-Jun-2025","22-Jul-2025","400000","Sanction"
"360","Normal/Others","WS/MP18334/2025-2026/205189-Construction of roads, link roads, pathways or any other road with or without drainage system","Andhra Pradesh","Annamayya(DISTRICT COLLECTOR ANNAMAYYA_IDA)","Shri Meda Raghunadha Reddy (2024-30) (2024-2030)","Elected MP","Providing CC Road from Sai baba Temple to Anganwadi School, Gattumida Palli Village of Tanguturu GP, Nandalur Mandal","23-Jun-2025","22-Jul-2025","300000","Physical Inspection"
"361","Normal/Others","WS/MP18334/2025-2026/205190-Construction of roads, link roads, pathways or any other road with or without drainage system","Andhra Pradesh","Annamayya(DISTRICT COLLECTOR ANNAMAYYA_IDA)","Shri Meda Raghunadha Reddy (2024-30) (2024-2030)","Elected MP","Providing CC Road from Sri Laxminarasimha Swamy Temple at Kasulagutta to Veternary Hospital Of Yerripapayagaripalli Village, Patur GP, in Nandalur Mandal","23-Jun-2025","22-Jul-2025","1500000","Physical Inspection"
"362","Normal/Others","WS/MP18334/2025-2026/205205-Construction of roads, link roads, pathways or any other road with or without drainage system","Andhra Pradesh","Annamayya(DISTRICT COLLECTOR ANNAMAYYA_IDA)","Shri Meda Raghunadha Reddy (2024-30) (2024-2030)","Elected MP","Providing internal CC Road from Nukala Venkata Subbaiah House to Anji Student Mess Boyanapalli Village and GP of Rajampet Mandal","23-Jun-2025","22-Jul-2025","500000","Physical Inspection"
"363","Normal/Others","WS/MP18334/2025-2026/205206-Construction of roads, link roads, pathways or any other road with or without drainage system","Andhra Pradesh","Annamayya(DISTRICT COLLECTOR ANNAMAYYA_IDA)","Shri Meda Raghunadha Reddy (2024-30) (2024-2030)","Elected MP","Providing Formation Road from Mittamidapalli R and B road To Lakshmidevi Fields in Utukuru GP, Rajampet Mandal","23-Jun-2025","22-Jul-2025","500000","Sanction"
"364","Normal/Others","WS/MP18334/2025-2026/205207-Construction of roads, link roads, pathways or any other road with or without drainage system","Andhra Pradesh","Annamayya(DISTRICT COLLECTOR ANNAMAYYA_IDA)","Shri Meda Raghunadha Reddy (2024-30) (2024-2030)","Elected MP","Providing internal CC Road from Chapiddi Subbarayudu House to Varlla Raja House, SC Colony, Boyanapalli Village and GP of Rajampet Mandal","23-Jun-2025","22-Jul-2025","500000","Physical Inspection"
"365","Normal/Others","WS/MP18334/2025-2026/205209-Construction of roads, link roads, pathways or any other road with or without drainage system","Andhra Pradesh","Annamayya(DISTRICT COLLECTOR ANNAMAYYA_IDA)","Shri Meda Raghunadha Reddy (2024-30) (2024-2030)","Elected MP","onstruction of CC Road and Pipe Culverts to the internal road Thallapaka - isukapalli main road (Gramasachivalayam Samudayam) at Siddulapalli Village of Thallapaka GP of Rajampet Mandal.","23-Jun-2025","22-Jul-2025","460000","Physical Inspection"
"366","Normal/Others","WS/MP18334/2025-2026/205214-Construction of roads, link roads, pathways or any other road with or without drainage system","Andhra Pradesh","Annamayya(DISTRICT COLLECTOR ANNAMAYYA_IDA)","Shri Meda Raghunadha Reddy (2024-30) (2024-2030)","Elected MP","Providing CC Road from Shesambapuram R and B Road To Kummara Palli village, Shesambapuram GP, Rajampet Mandal","23-Jun-2025","22-Jul-2025","600000","Physical Inspection"
"367","Normal/Others","WS/MP18334/2025-2026/205215-Construction of roads, link roads, pathways or any other road with or without drainage system","Andhra Pradesh","Annamayya(DISTRICT COLLECTOR ANNAMAYYA_IDA)","Shri Meda Raghunadha Reddy (2024-30) (2024-2030)","Elected MP","Providing CC Road at Housing Colony, Naramraju Palli Village, Akepadu GP, Rajampet Mandal","23-Jun-2025","22-Jul-2025","700000","Physical Inspection"
"368","Normal/Others","WS/MP18334/2025-2026/205225-Construction of roads, link roads, pathways or any other road with or without drainage system","Andhra Pradesh","Annamayya(DISTRICT COLLECTOR ANNAMAYYA_IDA)","Shri Meda Raghunadha Reddy (2024-30) (2024-2030)","Elected MP","Providing CC road from S Kasim Sab house to S Hasan Basha house at Seethampeta of Thatiguntapalli Village Veeraballe Mandal","23-Jun-2025","22-Jul-2025","500000","Physical Inspection"
"369","Normal/Others","WS/MP18334/2025-2026/205227-Construction of roads, link roads, pathways or any other road with or without drainage system","Andhra Pradesh","Annamayya(DISTRICT COLLECTOR ANNAMAYYA_IDA)","Shri Meda Raghunadha Reddy (2024-30) (2024-2030)","Elected MP","Providing internal C C road from Ananda Raju House To Siva Senkar Raju House in Rachapalli Village Sanipaiah GB Veeraballi Mandal","23-Jun-2025","22-Jul-2025","400000","Sanction"
"370","Normal/Others","WS/MP18334/2025-2026/205229-Construction of roads, link roads, pathways or any other road with or without drainage system","Andhra Pradesh","Annamayya(DISTRICT COLLECTOR ANNAMAYYA_IDA)","Shri Meda Raghunadha Reddy (2024-30) (2024-2030)","Elected MP","Providing Metal road from Seethampeta to Upparapalli Vai Moravapalli, Thatigunta Palli GP, Veeraballi Mandal","23-Jun-2025","03-Sep-2025","1500000","Physical Inspection"
"371","Normal/Others","WS/MP18334/2025-2026/205230-Construction of roads, link roads, pathways or any other road with or without drainage system","Andhra Pradesh","Annamayya(DISTRICT COLLECTOR ANNAMAYYA_IDA)","Shri Meda Raghunadha Reddy (2024-30) (2024-2030)","Elected MP","Formation of road and pipe culvert from Maniraju fields to Sangam Vadlapalli Sivalayam Temple at CTK Thogatapalli, Gurappagaripalli GP Veeraballe Mandal","23-Jun-2025","22-Jul-2025","500000","Physical Inspection"
"372","Normal/Others","WS/MP18334/2025-2026/205233-Construction of roads, link roads, pathways or any other road with or without drainage system","Andhra Pradesh","Annamayya(DISTRICT COLLECTOR ANNAMAYYA_IDA)","Shri Meda Raghunadha Reddy (2024-30) (2024-2030)","Elected MP","Providing Culvert and Metal  Road From Kothavaddipalli Road to Achiraja Fields at Kothavaddipalli, Polimerapalli GP, T.Sundupalli Mandal","24-Jun-2025","03-Sep-2025","996911","Physical Inspection"
"373","Normal/Others","WS/MP18334/2025-2026/205237-Construction of roads, link roads, pathways or any other road with or without drainage system","Andhra Pradesh","Y.S.R. Kadapa(DISTRICT COLLECTOR CUDDAPAH_IDA)","Shri Meda Raghunadha Reddy (2024-30) (2024-2030)","Elected MP","Providing Metal Road From Pennaperu village to Narasannagaripalli Road,  Vontimitta GP and Mandal","24-Jun-2025","11-Sep-2025","498576","Physical Inspection"
"374","Normal/Others","WS/MP18334/2025-2026/205244-Construction of roads, link roads, pathways or any other road with or without drainage system","Andhra Pradesh","Y.S.R. Kadapa(DISTRICT COLLECTOR CUDDAPAH_IDA)","Shri Meda Raghunadha Reddy (2024-30) (2024-2030)","Elected MP","Providing Metal Road from Kotha Madhavaram village to the Burial Ground of Kotha Madavaram GP, Vontimitta Mandal","24-Jun-2025","11-Sep-2025","498410","Physical Inspection"
"375","Normal/Others","WS/MP18334/2025-2026/205245-Construction of roads, link roads, pathways or any other road with or without drainage system","Andhra Pradesh","Y.S.R. Kadapa(DISTRICT COLLECTOR CUDDAPAH_IDA)","Shri Meda Raghunadha Reddy (2024-30) (2024-2030)","Elected MP","Providing Internal CC road from Appala Mani House to  Burial Ground Road in Kodandaram Nagar, Vontimitta GP and Mandal","24-Jun-2025","11-Sep-2025","498782","Physical Inspection"
"376","Normal/Others","WS/MP18334/2025-2026/205246-Construction of roads, link roads, pathways or any other road with or without drainage system","Andhra Pradesh","Y.S.R. Kadapa(DISTRICT COLLECTOR CUDDAPAH_IDA)","Shri Meda Raghunadha Reddy (2024-30) (2024-2030)","Elected MP","Providing Internal CC road from Old Police Quarters to Burial Ground Road in Subbarao Street, Vontimitta GP and Mandal","24-Jun-2025","11-Sep-2025","498635","Physical Inspection"
"377","Normal/Others","WS/MP18334/2025-2026/211543-Construction of roads, link roads, pathways or any other road with or without drainage system","Andhra Pradesh","Y.S.R. Kadapa(DISTRICT COLLECTOR CUDDAPAH_IDA)","Shri Meda Raghunadha Reddy (2024-30) (2024-2030)","Elected MP","Formation of WBM road from Katikavaripalli to G. Subramanyam Reddy field, Chintarajupalle GP, Vontimitta Mandal","24-Jun-2025","11-Sep-2025","399188","Physical Inspection"
"378","Normal/Others","WS/MP18334/2025-2026/211545-Construction of roads, link roads, pathways or any other road with or without drainage system","Andhra Pradesh","Y.S.R. Kadapa(DISTRICT COLLECTOR CUDDAPAH_IDA)","Shri Meda Raghunadha Reddy (2024-30) (2024-2030)","Elected MP","Providing internal CC Road from Kundla Sesha Reddy house to ZP School road at Kotha Madhavaram GP, Vontimitta Mandal","24-Jun-2025","11-Sep-2025","498193","Physical Inspection"
"379","Normal/Others","WS/MP18334/2025-2026/211553-Construction of roads, link roads, pathways or any other road with or without drainage system","Andhra Pradesh","Y.S.R. Kadapa(DISTRICT COLLECTOR CUDDAPAH_IDA)","Shri Meda Raghunadha Reddy (2024-30) (2024-2030)","Elected MP","Providing internal CC Road from R and B road to Surender Reddy house at Malakatipalli Village, Salabad GP, Vontimitta Mandal","24-Jun-2025","11-Sep-2025","498251","Physical Inspection"
"380","Normal/Others","WS/MP18334/2025-2026/211557-Construction of roads, link roads, pathways or any other road with or without drainage system","Andhra Pradesh","Y.S.R. Kadapa(DISTRICT COLLECTOR CUDDAPAH_IDA)","Shri Meda Raghunadha Reddy (2024-30) (2024-2030)","Elected MP","Providing internal CC road in Darjipalli SC Colony of Gollapalli Village and GP, Vontimitta Mandal","24-Jun-2025","11-Sep-2025","497511","Physical Inspection"
"381","Normal/Others","WS/MP18334/2025-2026/162181-Construction of roads, link roads, pathways or any other road with or without drainage system","Andhra Pradesh","Annamayya(DISTRICT COLLECTOR ANNAMAYYA_IDA)","Shri Meda Raghunadha Reddy (2024-30) (2024-2030)","Elected MP","Providing CC Road from CRA road to Sivalayam in Gundluru G.P., Rajampet Mandal","29-Dec-2024","10-Apr-2025","500000","Physical Inspection"
"382","Normal/Others","WS/MP18334/2025-2026/162182-Construction of roads, link roads, pathways or any other road with or without drainage system","Andhra Pradesh","Annamayya(DISTRICT COLLECTOR ANNAMAYYA_IDA)","Shri Meda Raghunadha Reddy (2024-30) (2024-2030)","Elected MP","Providing urgent repairs in km.5/0 to 5/8 of Gundluru - Seshamambapuram (KDMD 329), Rajampeta Mandal","29-Dec-2024","02-Jun-2025","500000","Work Completed"
"383","Normal/Others","WS/MP18334/2025-2026/162183-Construction of roads, link roads, pathways or any other road with or without drainage system","Andhra Pradesh","Annamayya(DISTRICT COLLECTOR ANNAMAYYA_IDA)","Shri Meda Raghunadha Reddy (2024-30) (2024-2030)","Elected MP","Providing CC Road at BC Colony, Naramarajupalli Village, Rajampeta Mandal","29-Dec-2024","10-Apr-2025","600000","Physical Inspection"
"384","Normal/Others","WS/MP18373/2024-2025/165120-Construction of roads, link roads, pathways or any other road with or without drainage system","Andhra Pradesh","Bapatla(DISTRICT COLLECTOR BAPATLA_IDA)","Shri Yerram Venkata Subba Reddy (2024-30) (2024-2030)","Elected MP","Construction of CC Drain from Putchakayala Brahmanandam house to Shaik Miravali house in ward No 07 of Guntupalli Village and Grama Panchayat in Ballikurava Mandal, Bapatla District","13-Jan-2025","11-Mar-2025","500000","Sanction"
"385","Normal/Others","WS/MP18373/2024-2025/165122-Construction of roads, link roads, pathways or any other road with or without drainage system","Andhra Pradesh","PRAKASAM(DISTRICT COLLECTOR PRAKASAM_IDA)","Shri Yerram Venkata Subba Reddy (2024-30) (2024-2030)","Elected MP","Construction of CC Drain from Mettu Venkata Reddy Trends showroom to Viswanathapuram Current Office Road in 11th Ward of Podili NagaraPanchayat, Podili Mandal, Prakasam District","13-Jan-2025","27-Feb-2025","961275","Physical Inspection"
"386","Normal/Others","WS/MP18373/2024-2025/165124-Construction of roads, link roads, pathways or any other road with or without drainage system","Andhra Pradesh","Bapatla(DISTRICT COLLECTOR BAPATLA_IDA)","Shri Yerram Venkata Subba Reddy (2024-30) (2024-2030)","Elected MP","Construction of CC Road towards East Side near Ankammathalli temple in Anamanamuru Village,Korisapadu Mandal,Bapatla District","13-Jan-2025","11-Mar-2025","480986","Physical Inspection"
"387","Normal/Others","WS/MP18373/2024-2025/165125-Construction of roads, link roads, pathways or any other road with or without drainage system","Andhra Pradesh","Bapatla(DISTRICT COLLECTOR BAPATLA_IDA)","Shri Yerram Venkata Subba Reddy (2024-30) (2024-2030)","Elected MP","Construction of CC Road towards West Side near Ankammathalli temple in Anamanamuru Village,Korisapadu Mandal,Bapatla District","13-Jan-2025","11-Mar-2025","491876","Physical Inspection"
"388","Normal/Others","WS/MP18373/2024-2025/165126-Construction of roads, link roads, pathways or any other road with or without drainage system","Andhra Pradesh","Bapatla(DISTRICT COLLECTOR BAPATLA_IDA)","Shri Yerram Venkata Subba Reddy (2024-30) (2024-2030)","Elected MP","Construction of CC Road towards North Side near Ankammathalli temple in Anamanamuru Village,Korisapadu Mandal,Bapatla District","13-Jan-2025","11-Mar-2025","498483","Physical Inspection"
"389","Normal/Others","WS/MP18373/2024-2025/165127-Construction of roads, link roads, pathways or any other road with or without drainage system","Andhra Pradesh","Bapatla(DISTRICT COLLECTOR BAPATLA_IDA)","Shri Yerram Venkata Subba Reddy (2024-30) (2024-2030)","Elected MP","Construction of CC Road towards South Side near Ankammathalli temple in Anamanamuru Village,Korisapadu Mandal, Bapatla District","13-Jan-2025","11-Mar-2025","496407","Physical Inspection"
"390","Normal/Others","WS/MP18373/2024-2025/176571-Construction of roads, link roads, pathways or any other road with or without drainage system","Andhra Pradesh","Bapatla(DISTRICT COLLECTOR BAPATLA_IDA)","Shri Yerram Venkata Subba Reddy (2024-30) (2024-2030)","Elected MP","Construction of CC Drain from Putchakayala Venkateswarlu house to RandB Road in Ward No 01 of Guntupalli Village and Grama Panchayat in Ballikurava Mandal, Bapatla District","19-Feb-2025","11-Mar-2025","500000","Sanction"
"391","Normal/Others","WS/MP18334/2025-2026/176769-Construction of roads, link roads, pathways or any other road with or without drainage system","Andhra Pradesh","Annamayya(DISTRICT COLLECTOR ANNAMAYYA_IDA)","Shri Meda Raghunadha Reddy (2024-30) (2024-2030)","Elected MP","Providing drainage from G Rajsekhar house to K Hari babu house in veeraballi town Veeraballi GP of Veeraballi Mandal","20-Feb-2025","10-Apr-2025","500000","Sanction"
"392","Normal/Others","WS/MP18373/2025-2026/208583-Construction of roads, link roads, pathways or any other road with or without drainage system","Andhra Pradesh","PRAKASAM(DISTRICT COLLECTOR PRAKASAM_IDA)","Shri Yerram Venkata Subba Reddy (2024-30) (2024-2030)","Elected MP","Construction of CC Road from Gudipatipalli Village to Narasimha swamy Temple road in Gudipatipalli GP, Veligandla Mandal, Prakasam District.","13-Jun-2025","18-Dec-2025","991784","Physical Inspection"
"393","Normal/Others","WS/MP18373/2025-2026/211447-Construction of roads, link roads, pathways or any other road with or without drainage system","Andhra Pradesh","Sri Sathya Sai(DISTRICT COLLECTOR SRI SATHYA SAI_IDA)","Shri Yerram Venkata Subba Reddy (2024-30) (2024-2030)","Elected MP","Construction of CC Drain from Vijay Kumar house to Narayanappa house in Udugulapalli Village of Bevanahalli GP of Hindupuram Mandal, Sri Satya Sai District.","23-Jun-2025","24-Jul-2025","449401","Physical Inspection"
"394","Normal/Others","WS/MP18373/2025-2026/211448-Construction of roads, link roads, pathways or any other road with or without drainage system","Andhra Pradesh","Sri Sathya Sai(DISTRICT COLLECTOR SRI SATHYA SAI_IDA)","Shri Yerram Venkata Subba Reddy (2024-30) (2024-2030)","Elected MP","Construction of CC Drain from Venkataramappa house to Bylappa house in Udugulapalli Village of Bevanahalli GP of Hindupuram Mandal, Sri Satya Sai District.","23-Jun-2025","24-Jul-2025","449401","Physical Inspection"
"395","Normal/Others","WS/MP18373/2025-2026/211449-Construction of roads, link roads, pathways or any other road with or without drainage system","Andhra Pradesh","Sri Sathya Sai(DISTRICT COLLECTOR SRI SATHYA SAI_IDA)","Shri Yerram Venkata Subba Reddy (2024-30) (2024-2030)","Elected MP","Construction of CC Drain from Gangappa house to Narayanappa house in SC Colony, Bevanahalli GP of Hindupuram Mandal,  Sri Satya Sai District.","23-Jun-2025","24-Jul-2025","171776","Physical Inspection"
"396","Normal/Others","WS/MP18373/2025-2026/211450-Construction of roads, link roads, pathways or any other road with or without drainage system","Andhra Pradesh","Sri Sathya Sai(DISTRICT COLLECTOR SRI SATHYA SAI_IDA)","Shri Yerram Venkata Subba Reddy (2024-30) (2024-2030)","Elected MP","Construction of CC Drain from Gopalappa house to Somireddy house in Nakkalapalli Village of Bevanahalli GP of Hindupuram Mandal, Sri Satya Sai District.","23-Jun-2025","24-Jul-2025","198854","Physical Inspection"
"397","Normal/Others","WS/MP18373/2025-2026/211451-Construction of roads, link roads, pathways or any other road with or without drainage system","Andhra Pradesh","Sri Sathya Sai(DISTRICT COLLECTOR SRI SATHYA SAI_IDA)","Shri Yerram Venkata Subba Reddy (2024-30) (2024-2030)","Elected MP","Construction of CC Drain from Lakshminarayana house to Ramanjineyulu house in Bevanahalli GP of Hindupuram Mandal, Sri Satya Sai District.","23-Jun-2025","24-Jul-2025","179303","Physical Inspection"
"398","Normal/Others","WS/MP18428/2025-2026/212171-Construction of roads, link roads, pathways or any other road with or without drainage system","Andhra Pradesh","Sri Potti Sriramulu Nellore(DISTRICT COLLECTOR NELLORE_IDA)","Shri Masthan Rao Yadav Beedha (2024-28) (2024-2028)","Elected MP","Providing CC Road to Chavadi Road Bit-1 in Karatampadu GP of Atmakur mandal","25-Jun-2025","14-Jul-2025","499775","Physical Inspection"
"399","Normal/Others","WS/MP18428/2025-2026/212172-Construction of roads, link roads, pathways or any other road with or without drainage system","Andhra Pradesh","Sri Potti Sriramulu Nellore(DISTRICT COLLECTOR NELLORE_IDA)","Shri Masthan Rao Yadav Beedha (2024-28) (2024-2028)","Elected MP","Providing CC Road to Chavadi Road Bit-2 in Karatampadu GP of Atmakur mandal","25-Jun-2025","14-Jul-2025","499953","Physical Inspection"
"400","Normal/Others","WS/MP18334/2025-2026/212581-Construction of roads, link roads, pathways or any other road with or without drainage system","Andhra Pradesh","Y.S.R. Kadapa(DISTRICT COLLECTOR CUDDAPAH_IDA)","Shri Meda Raghunadha Reddy (2024-30) (2024-2030)","Elected MP","Providing WBM Road from Guduru Subbaiah Fields to Navaneswar Reddy Fields, Kadapayapalli Village and GP, Sidhout Mandal","26-Jun-2025","11-Sep-2025","493499","Physical Inspection"
"401","Normal/Others","WS/MP18334/2025-2026/212582-Construction of roads, link roads, pathways or any other road with or without drainage system","Andhra Pradesh","Y.S.R. Kadapa(DISTRICT COLLECTOR CUDDAPAH_IDA)","Shri Meda Raghunadha Reddy (2024-30) (2024-2030)","Elected MP","Providing WBM Road from Jagananna colony to Kumarikunta, Lingampalli Village and G.P, Sidhout Mandal","26-Jun-2025","11-Sep-2025","508959","Physical Inspection"
"402","Normal/Others","WS/MP18334/2025-2026/212584-Construction of roads, link roads, pathways or any other road with or without drainage system","Andhra Pradesh","Y.S.R. Kadapa(DISTRICT COLLECTOR CUDDAPAH_IDA)","Shri Meda Raghunadha Reddy (2024-30) (2024-2030)","Elected MP","Providing Internal CC road from Gajjala Yallareddy  House to S. Srinivasula Reddy House in Santhi Nagar Colony, Machupalli  G.P, Sidhout Mandal","26-Jun-2025","11-Sep-2025","506760","Physical Inspection"
"403","Normal/Others","WS/MP18334/2025-2026/212585-Construction of roads, link roads, pathways or any other road with or without drainage system","Andhra Pradesh","Y.S.R. Kadapa(DISTRICT COLLECTOR CUDDAPAH_IDA)","Shri Meda Raghunadha Reddy (2024-30) (2024-2030)","Elected MP","Providing internal CC Road From Sura Narasimha Reddy House to Bandi Rami Reddy House, Jyothi Village and  G.P, of Sidhout Mandal","26-Jun-2025","11-Sep-2025","495000","Vendor Identification"
"404","Normal/Others","WS/MP18334/2025-2026/212586-Construction of roads, link roads, pathways or any other road with or without drainage system","Andhra Pradesh","Y.S.R. Kadapa(DISTRICT COLLECTOR CUDDAPAH_IDA)","Shri Meda Raghunadha Reddy (2024-30) (2024-2030)","Elected MP","Providing WBM Road from Siddavatam swimming pool to Jagananna Colony,  Sidhout GP and Mandal","26-Jun-2025","11-Sep-2025","507843","Physical Inspection"
"405","Normal/Others","WS/MP18334/2025-2026/212587-Construction of roads, link roads, pathways or any other road with or without drainage system","Andhra Pradesh","Y.S.R. Kadapa(DISTRICT COLLECTOR CUDDAPAH_IDA)","Shri Meda Raghunadha Reddy (2024-30) (2024-2030)","Elected MP","Providing CC Road from R and B Main Road to Rythu Bharosa Kendram, Sidhout Devguva Peta, Sidout GP and Mandal","26-Jun-2025","11-Sep-2025","510000","Work partially Completed"
"406","Normal/Others","WS/MP18334/2025-2026/212589-Construction of roads, link roads, pathways or any other road with or without drainage system","Andhra Pradesh","Y.S.R. Kadapa(DISTRICT COLLECTOR CUDDAPAH_IDA)","Shri Meda Raghunadha Reddy (2024-30) (2024-2030)","Elected MP","Providing Internal CC road from Mittapalli to Devguva harijana wada, Bhakarapet Village, Peddapalli G.P, Sidhout Mandal","26-Jun-2025","11-Sep-2025","996642","Physical Inspection"
"407","Normal/Others","WS/MP18334/2025-2026/212590-Construction of roads, link roads, pathways or any other road with or without drainage system","Andhra Pradesh","Y.S.R. Kadapa(DISTRICT COLLECTOR CUDDAPAH_IDA)","Shri Meda Raghunadha Reddy (2024-30) (2024-2030)","Elected MP","Providing Internal CC road from Dandu Ram Mohan Reddy House to Kopolu  Srinivasula Reddy House in Madavaram 1, Village, Peddapalli G.P, Sidhout Mandal","26-Jun-2025","11-Sep-2025","298786","Physical Inspection"
"408","Normal/Others","WS/MP18334/2025-2026/212591-Construction of roads, link roads, pathways or any other road with or without drainage system","Andhra Pradesh","Y.S.R. Kadapa(DISTRICT COLLECTOR CUDDAPAH_IDA)","Shri Meda Raghunadha Reddy (2024-30) (2024-2030)","Elected MP","Providing WBM Road from Ali Nagar To Mahaboob Nagar Vai Barrial ground, Madavaram 1, Village, Peddapalli G.P, Sidhout Mandal","26-Jun-2025","11-Sep-2025","300000","Vendor Identification"
"409","Normal/Others","WS/MP18334/2025-2026/213181-Construction of roads, link roads, pathways or any other road with or without drainage system","Andhra Pradesh","Anakapalli(DISTRICT COLLECTOR ANAKAPALLI_IDA)","Shri Meda Raghunadha Reddy (2024-30) (2024-2030)","Elected MP","Providing CC Road from Adi Narayana Murthy House to Kumara Chinnamulu House in P. Kondempudi Village, Butchayyapeta Mandal","28-Jun-2025","30-Jul-2025","483621","Physical Inspection"
"410","Normal/Others","WS/MP18427/2025-2026/190355-Construction of roads, link roads, pathways or any other road with or without drainage system","Andhra Pradesh","Y.S.R. Kadapa(DISTRICT COLLECTOR CUDDAPAH_IDA)","Shri Ryaga Krishnaiah (2024-28) (2024-2028)","Elected MP","Providing CC Road and CC Drain Opp Vinayaka Swamy Temple road from H.No.8 257 1 1 , 43 259 3 4 2, 43 259 18 2 6 to Ravi House Industrial Estate at Prakash Nagar of 14th Division of KMC","09-Apr-2025","16-Apr-2025","1996464","Physical Inspection"
"411","Normal/Others","WS/MP18427/2025-2026/190356-Construction of roads, link roads, pathways or any other road with or without drainage system","Andhra Pradesh","Y.S.R. Kadapa(DISTRICT COLLECTOR CUDDAPAH_IDA)","Shri Ryaga Krishnaiah (2024-28) (2024-2028)","Elected MP","Providing CC Road from Door no 43 259 18 10 to 43 259 18 , Prakash Nagar at 14 th Division Kadapa","09-Apr-2025","24-May-2025","996222","Physical Inspection"
"412","Normal/Others","WS/MP18427/2025-2026/190357-Construction of roads, link roads, pathways or any other road with or without drainage system","Andhra Pradesh","Y.S.R. Kadapa(DISTRICT COLLECTOR CUDDAPAH_IDA)","Shri Ryaga Krishnaiah (2024-28) (2024-2028)","Elected MP","Providing CC Road from Door no 43 259 10 to Gokul Classic Apartments , Industrial estate, Prakash Nagar at 14 th Division Kadapa","09-Apr-2025","24-May-2025","996718","Physical Inspection"
"413","Normal/Others","WS/MP18427/2025-2026/190358-Construction of roads, link roads, pathways or any other road with or without drainage system","Andhra Pradesh","Y.S.R. Kadapa(DISTRICT COLLECTOR CUDDAPAH_IDA)","Shri Ryaga Krishnaiah (2024-28) (2024-2028)","Elected MP","Providing CC Road from Door no 43 259 7 to 43 259 4 , Industrial estate,Prakash Nagar at 14 th Division Kadapa","09-Apr-2025","24-May-2025","996120","Physical Inspection"
"414","Normal/Others","WS/MP18427/2025-2026/190359-Construction of roads, link roads, pathways or any other road with or without drainage system","Andhra Pradesh","Y.S.R. Kadapa(DISTRICT COLLECTOR CUDDAPAH_IDA)","Shri Ryaga Krishnaiah (2024-28) (2024-2028)","Elected MP","Providing CC Road from Door no 43 259 4 1 to 43 259 16 1 , Industrial estate, Prakash Nagar at 14 th Division Kadapa","09-Apr-2025","24-May-2025","996772","Physical Inspection"
"415","Normal/Others","WS/MP18427/2025-2026/190360-Construction of roads, link roads, pathways or any other road with or without drainage system","Andhra Pradesh","Y.S.R. Kadapa(DISTRICT COLLECTOR CUDDAPAH_IDA)","Shri Ryaga Krishnaiah (2024-28) (2024-2028)","Elected MP","Providing CC Road from Door no 43 259 4 3 to Vinayaka Swamy Temple , Industrial estate, Prakash Nagar at 14 th Division Kadapa","09-Apr-2025","24-May-2025","997369","Physical Inspection"
"416","Normal/Others","WS/MP18373/2025-2026/193679-Construction of roads, link roads, pathways or any other road with or without drainage system","Andhra Pradesh","WEST GODAVARI(DISTRICT COLLECTOR WEST GODAVARI_IDA)","Shri Yerram Venkata Subba Reddy (2024-30) (2024-2030)","Elected MP","Construction of CC Road from R and B Road  to Jaggabatla Tank in Rapaka Village of Iragavaram Mandal, West Godavari District","23-Apr-2025","29-May-2025","500000","Sanction"
"417","Normal/Others","WS/MP18373/2025-2026/193680-Construction of roads, link roads, pathways or any other road with or without drainage system","Andhra Pradesh","WEST GODAVARI(DISTRICT COLLECTOR WEST GODAVARI_IDA)","Shri Yerram Venkata Subba Reddy (2024-30) (2024-2030)","Elected MP","Construction of CC Road from Jaggabatla Tank bund to Culvert in Rapaka Village of Iragavaram Mandal, West Godavari District District","23-Apr-2025","29-May-2025","500000","Sanction"
"418","Normal/Others","WS/MP18373/2025-2026/193681-Construction of roads, link roads, pathways or any other road with or without drainage system","Andhra Pradesh","WEST GODAVARI(DISTRICT COLLECTOR WEST GODAVARI_IDA)","Shri Yerram Venkata Subba Reddy (2024-30) (2024-2030)","Elected MP","Construction of CC Road from Culvert to Jaggabatla TankBund in Rapaka Village of Iragavaram Mandal, West Godavari District District","23-Apr-2025","29-May-2025","500000","Sanction"
"419","Normal/Others","WS/MP18373/2025-2026/193682-Construction of roads, link roads, pathways or any other road with or without drainage system","Andhra Pradesh","WEST GODAVARI(DISTRICT COLLECTOR WEST GODAVARI_IDA)","Shri Yerram Venkata Subba Reddy (2024-30) (2024-2030)","Elected MP","Construction of CC Road from Culvert to Pump Motorshed in Rapaka Village of Iragavaram Mandal, West Godavari District","23-Apr-2025","29-May-2025","500000","Sanction"
"420","Normal/Others","WS/MP18373/2025-2026/193683-Construction of roads, link roads, pathways or any other road with or without drainage system","Andhra Pradesh","PRAKASAM(DISTRICT COLLECTOR PRAKASAM_IDA)","Shri Yerram Venkata Subba Reddy (2024-30) (2024-2030)","Elected MP","Construction of CC Road from Tella Bujji House to Anaparthy Yohan house in SC Colony Ward No 10 of Sivarampuram village of Tallur Mandal, Prakasam District","23-Apr-2025","10-Jun-2025","500000","Sanction"
"421","Normal/Others","WS/MP18373/2025-2026/193684-Construction of roads, link roads, pathways or any other road with or without drainage system","Andhra Pradesh","PRAKASAM(DISTRICT COLLECTOR PRAKASAM_IDA)","Shri Yerram Venkata Subba Reddy (2024-30) (2024-2030)","Elected MP","Construction of CC Road from Anaparthy Venkata Subbamma house to A. Deva Sahyam house in SC Colony Ward No 10 of Sivarampuram village of Tallur Mandal, Prakasam District","23-Apr-2025","10-Jun-2025","500000","Sanction"
"422","Normal/Others","WS/MP18373/2024-2025/158806-Construction of roads, link roads, pathways or any other road with or without drainage system","Andhra Pradesh","NTR(DISTRICT COLLECTOR NTR_IDA)","Shri Yerram Venkata Subba Reddy (2024-30) (2024-2030)","Elected MP","construction of CC Road from anjaneya swamy temple to Ravi Venkatachari house in Kothagudem Village HO Pulluru of mylavaram mandal","15-Dec-2024","10-Mar-2025","500000","Physical Inspection"
"423","Normal/Others","WS/MP18373/2024-2025/158807-Construction of roads, link roads, pathways or any other road with or without drainage system","Andhra Pradesh","NTR(DISTRICT COLLECTOR NTR_IDA)","Shri Yerram Venkata Subba Reddy (2024-30) (2024-2030)","Elected MP","Construction of CC Road from B.Narasimharao house to B.tirupati House and Y.Kotiah House to Y Venkateswararao house in Badava Village HO Pulluru of Mylavaram mandal, NTR District","15-Dec-2024","10-Mar-2025","500000","Physical Inspection"
"424","Normal/Others","WS/MP18373/2024-2025/158808-Construction of roads, link roads, pathways or any other road with or without drainage system","Andhra Pradesh","NTR(DISTRICT COLLECTOR NTR_IDA)","Shri Yerram Venkata Subba Reddy (2024-30) (2024-2030)","Elected MP","Construction of CC Roads from A.Venkateswwar Reddy House to Ch.Raja Reddy House in Ch.V.gudem HO Pulluru village of Mylavaram mandal, NTR District","15-Dec-2024","10-Mar-2025","500000","Physical Inspection"
"425","Normal/Others","WS/MP18373/2025-2026/215491-Construction of roads, link roads, pathways or any other road with or without drainage system","Andhra Pradesh","KRISHNA(DISTRICT COLLECTOR KRISHNA_IDA)","Shri Yerram Venkata Subba Reddy (2024-30) (2024-2030)","Elected MP","Construction of CC Road from Nagulapali Venkata krishnayya house To Potluri Saibabu house in Garikaparru Village, Thotlavalluru Mandal, Krishna District.","07-Jul-2025","28-Aug-2025","1000000","Physical Inspection"
"426","Normal/Others","WS/MP18427/2025-2026/224415-Construction of roads, link roads, pathways or any other road with or without drainage system","Andhra Pradesh","Y.S.R. Kadapa(DISTRICT COLLECTOR CUDDAPAH_IDA)","Shri Ryaga Krishnaiah (2024-28) (2024-2028)","Elected MP","Providing of CC Road from Anjaneya Swamy Temple OPP Road to Dastagiri kottalu 15 th Division Kadapa","09-Aug-2025","06-Sep-2025","998349","Physical Inspection"
"427","Normal/Others","WS/MP18427/2025-2026/224416-Construction of roads, link roads, pathways or any other road with or without drainage system","Andhra Pradesh","Y.S.R. Kadapa(DISTRICT COLLECTOR CUDDAPAH_IDA)","Shri Ryaga Krishnaiah (2024-28) (2024-2028)","Elected MP","Providing of CC Road from Door no 87 120, 87 111-1 to 87 114 Dastagiri kottalu in 15 th Division Kadapa","09-Aug-2025","06-Sep-2025","496204","Physical Inspection"
"428","Normal/Others","WS/MP18427/2025-2026/224417-Construction of roads, link roads, pathways or any other road with or without drainage system","Andhra Pradesh","Y.S.R. Kadapa(DISTRICT COLLECTOR CUDDAPAH_IDA)","Shri Ryaga Krishnaiah (2024-28) (2024-2028)","Elected MP","Providing of Gravel Road From Budda town Ship to Hindu Burial ground at Sivanadapuram in 15th Division Kadapa Est","09-Aug-2025","06-Sep-2025","992190","Physical Inspection"
"429","Normal/Others","WS/MP18427/2025-2026/229845-Construction of roads, link roads, pathways or any other road with or without drainage system","Andhra Pradesh","Y.S.R. Kadapa(DISTRICT COLLECTOR CUDDAPAH_IDA)","Shri Ryaga Krishnaiah (2024-28) (2024-2028)","Elected MP","Providing of C.C. Road, CC Drain Badiginchela Bala house to Mudiam Suresh house HB Colony compound at Opp R  B guest house Korrapadu road Prodduturu.","28-Aug-2025","13-Oct-2025","1496768","Physical Inspection"
"430","Normal/Others","WS/MP18373/2025-2026/232101-Construction of roads, link roads, pathways or any other road with or without drainage system","Andhra Pradesh","PRAKASAM(DISTRICT COLLECTOR PRAKASAM_IDA)","Shri Yerram Venkata Subba Reddy (2024-30) (2024-2030)","Elected MP","Construction of CC Road from Sachivalayam to R and B Road in Boyamadugula GP, C.S.Puram mandal, Prakasam District.","08-Sep-2025","18-Dec-2025","499884","Physical Inspection"
"431","Normal/Others","WS/MP18373/2025-2026/232102-Construction of roads, link roads, pathways or any other road with or without drainage system","Andhra Pradesh","PRAKASAM(DISTRICT COLLECTOR PRAKASAM_IDA)","Shri Yerram Venkata Subba Reddy (2024-30) (2024-2030)","Elected MP","Construction of CC Road in Boyamadugula GP, C.S.Puram Mandal, Prakasam District.","08-Sep-2025","18-Dec-2025","499884","Physical Inspection"
"432","Normal/Others","WS/MP18373/2025-2026/232123-Construction of roads, link roads, pathways or any other road with or without drainage system","Andhra Pradesh","PRAKASAM(DISTRICT COLLECTOR PRAKASAM_IDA)","Shri Yerram Venkata Subba Reddy (2024-30) (2024-2030)","Elected MP","Formation of WBM Metal Road from Kondepalli Village of Markapur Mandal to Sri Anjaneyaswamy Temple at Seethanagulavaram Village of Tarlupadu Mandal, Prakasam District.","08-Sep-2025","07-Nov-2025","1000000","Sanction"
"433","Normal/Others","WS/MP18428/2025-2026/234789-Construction of roads, link roads, pathways or any other road with or without drainage system","Andhra Pradesh","Tirupati(DISTRICT COLLECTOR TIRUPATI_IDA)","Shri Masthan Rao Yadav Beedha (2024-28) (2024-2028)","Elected MP","Construction of Internal CC Roads at Karijatha(Bit-1) of Karijatha GP in Tada Manadal","17-Sep-2025","27-Sep-2025","486236","Physical Inspection"
"434","Normal/Others","WS/MP18428/2025-2026/234790-Construction of roads, link roads, pathways or any other road with or without drainage system","Andhra Pradesh","Tirupati(DISTRICT COLLECTOR TIRUPATI_IDA)","Shri Masthan Rao Yadav Beedha (2024-28) (2024-2028)","Elected MP","Construction of Internal CC Roads at Karijatha(Bit-2) of Karijatha GP in Tada Manadal","17-Sep-2025","27-Sep-2025","495907","Physical Inspection"
"435","Repair and Renovation","WS/MP18319/2026-2027/236043-Construction of roads, link roads, pathways or any other road with or without drainage system","Andhra Pradesh","Y.S.R. Kadapa(DISTRICT COLLECTOR CUDDAPAH_IDA)","Shri Golla Baburao (2024-30) (2024-2030)","Elected MP","Laying of CC Roads and Restoration of damaged existing CC Roads  CSI Church opposite road and near ration dealer shop area beside Garudala Bridge of Yerragudipalli,At 14th and 15th wards of Pulivendula Municipality","21-Sep-2025","07-Jul-2026","2500000","Physical Inspection"
"436","Repair and Renovation","WS/MP18319/2026-2027/236044-Construction of roads, link roads, pathways or any other road with or without drainage system","Andhra Pradesh","Y.S.R. Kadapa(DISTRICT COLLECTOR CUDDAPAH_IDA)","Shri Golla Baburao (2024-30) (2024-2030)","Elected MP","Laying of CC Roads and Restoration of damaged existing CC Roads  CSI Church opposite road and near ration dealer shop area beside Garudala Bridge of Yerragudipalli,At 14th and 15th wards of Pulivendula Municipality","21-Sep-2025","07-Jul-2026","2500000","Physical Inspection"
"437","Normal/Others","WS/MP18319/2026-2027/236045-Construction of roads, link roads, pathways or any other road with or without drainage system","Andhra Pradesh","Y.S.R. Kadapa(DISTRICT COLLECTOR CUDDAPAH_IDA)","Shri Golla Baburao (2024-30) (2024-2030)","Elected MP","Laying of CC Road in YSR Colony beside NAC building at 31st ward of Pulivendula Municipality","21-Sep-2025","15-May-2026","5000000","Physical Inspection"
"438","Normal/Others","WS/MP18428/2025-2026/236790-Construction of roads, link roads, pathways or any other road with or without drainage system","Andhra Pradesh","WEST GODAVARI(DISTRICT COLLECTOR WEST GODAVARI_IDA)","Shri Masthan Rao Yadav Beedha (2024-28) (2024-2028)","Elected MP","Construction of GSB Road to Burial Ground via Yenamadurru drain lift irrigation at Pippara village of Ganapavaram Mandal, West Godavari District","23-Sep-2025","14-Oct-2025","3500000","Physical Inspection"
"439","Normal/Others","WS/MP18373/2026-2027/239891-Construction of roads, link roads, pathways or any other road with or without drainage system","Andhra Pradesh","GUNTUR(DISTRICT COLLECTOR GUNTUR_IDA)","Shri Yerram Venkata Subba Reddy (2024-30) (2024-2030)","Elected MP","Construction of CC Road cum Drain from Kancharla Srinivas House to Chikkala Ravibabu House in SC locality of Chukkapallivaripalem Village, Duggirala Mandal, Guntur District","04-Oct-2025","22-May-2026","500000","Sanction"
"440","Normal/Others","WS/MP18373/2026-2027/239892-Construction of roads, link roads, pathways or any other road with or without drainage system","Andhra Pradesh","GUNTUR(DISTRICT COLLECTOR GUNTUR_IDA)","Shri Yerram Venkata Subba Reddy (2024-30) (2024-2030)","Elected MP","Construction of CC Road cum Drain from Boddu Nageswara Rao House to M.Sunil Kumar House in SC locality of Chukkapallivaripalem Village, Duggirala Mandal, Guntur District.","04-Oct-2025","22-May-2026","500000","Sanction"
"441","Normal/Others","WS/MP18373/2025-2026/239893-Construction of roads, link roads, pathways or any other road with or without drainage system","Andhra Pradesh","NTR(DISTRICT COLLECTOR NTR_IDA)","Shri Yerram Venkata Subba Reddy (2024-30) (2024-2030)","Elected MP","Construction of CC Road from Medi Yohanu House to Dornala Dayakar House and Other internal roads in SC locality of Anigandlapadu Village, Penuganchiprolu Mandal, NTR District","04-Oct-2025","02-Dec-2025","500000","Sanction"
"442","Normal/Others","WS/MP18373/2025-2026/239894-Construction of roads, link roads, pathways or any other road with or without drainage system","Andhra Pradesh","NTR(DISTRICT COLLECTOR NTR_IDA)","Shri Yerram Venkata Subba Reddy (2024-30) (2024-2030)","Elected MP","Construction of CC Road from Markapudi Srinu House to Ilapogu Sundara Rao House and Other internal roads in SC locality of Anigandlapadu Village of Penuganchiprolu Mandal, NTR District","04-Oct-2025","02-Dec-2025","500000","Sanction"
"443","Normal/Others","WS/MP18373/2025-2026/239895-Construction of roads, link roads, pathways or any other road with or without drainage system","Andhra Pradesh","NTR(DISTRICT COLLECTOR NTR_IDA)","Shri Yerram Venkata Subba Reddy (2024-30) (2024-2030)","Elected MP","Construction of CC Roads from Kukkala Sridhar House to Yeshapogu Nagaratnam House in SC locality of Vatsavai Village and Mandal, NTR District.","04-Oct-2025","02-Dec-2025","500000","Sanction"
"444","Normal/Others","WS/MP18373/2025-2026/239896-Construction of roads, link roads, pathways or any other road with or without drainage system","Andhra Pradesh","NTR(DISTRICT COLLECTOR NTR_IDA)","Shri Yerram Venkata Subba Reddy (2024-30) (2024-2030)","Elected MP","Construction of CC Road from Yeshapogu Nagaratnam House to Kandula Kantharao House in SC Locality of Vatsavai Village and Mandal, NTR District.","04-Oct-2025","02-Dec-2025","500000","Sanction"
"445","Normal/Others","WS/MP18373/2025-2026/239899-Construction of roads, link roads, pathways or any other road with or without drainage system","Andhra Pradesh","PRAKASAM(DISTRICT COLLECTOR PRAKASAM_IDA)","Shri Yerram Venkata Subba Reddy (2024-30) (2024-2030)","Elected MP","Gravelling the Road from Health Center, Chatlamitla to MPP School, Rajampalli at 0.0 km to 0.8 km, Chatlamitla V and GP of Pedaraveedu mandal, Prakasam District.","04-Oct-2025","22-Dec-2025","500000","Sanction"
"446","Normal/Others","WS/MP18373/2025-2026/239900-Construction of roads, link roads, pathways or any other road with or without drainage system","Andhra Pradesh","PRAKASAM(DISTRICT COLLECTOR PRAKASAM_IDA)","Shri Yerram Venkata Subba Reddy (2024-30) (2024-2030)","Elected MP","Gravelling the Road from Health Center Chatlamitla to MPP School Rajampalli at 0.8 km to 0.16 km, Chatlamitla V and GP of Pedaraveedu Mandal, Prakasam District.","04-Oct-2025","22-Dec-2025","500000","Sanction"
"447","Normal/Others","WS/MP18373/2025-2026/241564-Construction of roads, link roads, pathways or any other road with or without drainage system","Andhra Pradesh","PRAKASAM(DISTRICT COLLECTOR PRAKASAM_IDA)","Shri Yerram Venkata Subba Reddy (2024-30) (2024-2030)","Elected MP","Construction of CC Road from Jwalamukhi Arugu to Lingareddy Koti Reddy House (Panchayati Road) in Ethamukkala Village, Kothapatnam Mandal, Praksam District.","11-Oct-2025","03-Feb-2026","500000","Work partially Completed"
"448","Normal/Others","WS/MP18373/2025-2026/241565-Construction of roads, link roads, pathways or any other road with or without drainage system","Andhra Pradesh","PRAKASAM(DISTRICT COLLECTOR PRAKASAM_IDA)","Shri Yerram Venkata Subba Reddy (2024-30) (2024-2030)","Elected MP","Construction of CC Road from Rachagarla Suresh Shed to Purimitla Raju House (Near PHC) in Ethamukkala Village, Kothapatnam Mandal, Prakasam District.","11-Oct-2025","03-Feb-2026","500000","Work partially Completed"
"449","Normal/Others","WS/MP18373/2025-2026/241566-Construction of roads, link roads, pathways or any other road with or without drainage system","Andhra Pradesh","PRAKASAM(DISTRICT COLLECTOR PRAKASAM_IDA)","Shri Yerram Venkata Subba Reddy (2024-30) (2024-2030)","Elected MP","Construction of CC Road from Chenchupapaipalem Road to Inampudi Venkateswarlu House in SC Colony, Ethamukkala Village, Kothapatnam Mandal, Prakasam District.","11-Oct-2025","03-Feb-2026","500000","Work partially Completed"
"450","Normal/Others","WS/MP18373/2025-2026/241567-Construction of roads, link roads, pathways or any other road with or without drainage system","Andhra Pradesh","PRAKASAM(DISTRICT COLLECTOR PRAKASAM_IDA)","Shri Yerram Venkata Subba Reddy (2024-30) (2024-2030)","Elected MP","Construction of CC Road from Amburi Prasad House to Mitnasala Ramulu House in SC Colony, Alluru Village, Kothapatnam Mandal, Prakasam District","11-Oct-2025","03-Feb-2026","500000","Sanction"
"451","Normal/Others","WS/MP18373/2025-2026/241568-Construction of roads, link roads, pathways or any other road with or without drainage system","Andhra Pradesh","PRAKASAM(DISTRICT COLLECTOR PRAKASAM_IDA)","Shri Yerram Venkata Subba Reddy (2024-30) (2024-2030)","Elected MP","Construction of CC Road from Ethamukkala Koteswara Rao House to Ethamukkala Kantha Rao House in SC Colony, Gadepalem Village of Kothapatnam mandal, Prakasam District.","11-Oct-2025","03-Feb-2026","500000","Work partially Completed"
"452","Normal/Others","WS/MP18373/2025-2026/241570-Construction of roads, link roads, pathways or any other road with or without drainage system","Andhra Pradesh","PRAKASAM(DISTRICT COLLECTOR PRAKASAM_IDA)","Shri Yerram Venkata Subba Reddy (2024-30) (2024-2030)","Elected MP","Construction of CC Road from Bapatla Ramalingam House to Ponnam Lakshmamma House in Prakasam Yanadi Colony (ST Colony), Ethamukkala Village, Kothapatnam Mandal, Prakasam District.","11-Oct-2025","03-Feb-2026","500000","Work partially Completed"
"453","Normal/Others","WS/MP18334/2025-2026/243348-Construction of roads, link roads, pathways or any other road with or without drainage system","Andhra Pradesh","Y.S.R. Kadapa(DISTRICT COLLECTOR CUDDAPAH_IDA)","Shri Meda Raghunadha Reddy (2024-30) (2024-2030)","Elected MP","Upgradation of Rural roads from Achampeta patha road to P Subba Reddy fields via Dhadilokona at Achampeta (v) Mantapampalli GP, Vontimitta (M)","23-Oct-2025","31-Jan-2026","599000","Work partially Completed"
"454","Normal/Others","WS/MP18427/2025-2026/244796-Construction of roads, link roads, pathways or any other road with or without drainage system","Andhra Pradesh","Y.S.R. Kadapa(DISTRICT COLLECTOR CUDDAPAH_IDA)","Shri Ryaga Krishnaiah (2024-28) (2024-2028)","Elected MP","Construction of CC Road at 7th Ward, Proddatur, Kadapa Dist","20-Dec-2025","31-Dec-2025","2415812","Physical Inspection"
"455","Normal/Others","WS/MP18427/2025-2026/257942-Construction of roads, link roads, pathways or any other road with or without drainage system","Andhra Pradesh","Y.S.R. Kadapa(DISTRICT COLLECTOR CUDDAPAH_IDA)","Shri Ryaga Krishnaiah (2024-28) (2024-2028)","Elected MP","Providing of CC Road from Door no 43 531 4 6 to 43 531 5 And Culverts Near Darga Niranjan Nagar colony in 15th Division Kadapa","27-Jan-2026","25-Feb-2026","2495106","Physical Inspection"
"456","Normal/Others","WS/MP18427/2025-2026/258559-Construction of roads, link roads, pathways or any other road with or without drainage system","Andhra Pradesh","Y.S.R. Kadapa(DISTRICT COLLECTOR CUDDAPAH_IDA)","Shri Ryaga Krishnaiah (2024-28) (2024-2028)","Elected MP","Providing of CC Road and CC Drain from Chintakunta Gopal House to Kesava Reddy House at Korrapadu road","27-Jan-2026","25-Feb-2026","2000500","Physical Inspection"
"457","Normal/Others","WS/MP18319/2025-2026/258830-Construction of roads, link roads, pathways or any other road with or without drainage system","Andhra Pradesh","Visakhapatnam(DISTRICT COLLECTOR VISAKHAPATNAM_IDA)","Shri Golla Baburao (2024-30) (2024-2030)","Elected MP","Construction of CC road from Marosu Srinivasarao house to Bhimavarapu Kumar House in Juthada of Valimeraka GP","20-Jan-2026","13-Feb-2026","500000","Work partially Completed"
"458","Normal/Others","WS/MP18319/2025-2026/258831-Construction of roads, link roads, pathways or any other road with or without drainage system","Andhra Pradesh","Visakhapatnam(DISTRICT COLLECTOR VISAKHAPATNAM_IDA)","Shri Golla Baburao (2024-30) (2024-2030)","Elected MP","Construction of CC road from Sachivalayam to Marosu Srinivasarao in Juthada of Valimeraka GP","20-Jan-2026","13-Feb-2026","500000","Work partially Completed"
"459","Normal/Others","WS/MP18319/2025-2026/258832-Construction of roads, link roads, pathways or any other road with or without drainage system","Andhra Pradesh","Visakhapatnam(DISTRICT COLLECTOR VISAKHAPATNAM_IDA)","Shri Golla Baburao (2024-30) (2024-2030)","Elected MP","Construction of CC road from Saripalli Ravi house to Surisetti Santosh House in Juthada of Valimeraka GP","20-Jan-2026","13-Feb-2026","500000","Work partially Completed"
"460","Normal/Others","WS/MP18319/2025-2026/258833-Construction of roads, link roads, pathways or any other road with or without drainage system","Andhra Pradesh","Visakhapatnam(DISTRICT COLLECTOR VISAKHAPATNAM_IDA)","Shri Golla Baburao (2024-30) (2024-2030)","Elected MP","Construction of CC road from Siyyadri Krishnaveni House to Manchupalli Sattibabu House in Housing colony of Valimeraka GP","20-Jan-2026","13-Feb-2026","500000","Work partially Completed"
"461","Normal/Others","WS/MP18319/2025-2026/258835-Construction of roads, link roads, pathways or any other road with or without drainage system","Andhra Pradesh","Visakhapatnam(DISTRICT COLLECTOR VISAKHAPATNAM_IDA)","Shri Golla Baburao (2024-30) (2024-2030)","Elected MP","Construction of RCC Slab culvert at Kalyanamandapam in Duvvupalem of Valimeraka GP","20-Jan-2026","13-Feb-2026","500000","Sanction"
"462","Normal/Others","WS/MP18319/2025-2026/258837-Construction of roads, link roads, pathways or any other road with or without drainage system","Andhra Pradesh","Visakhapatnam(DISTRICT COLLECTOR VISAKHAPATNAM_IDA)","Shri Golla Baburao (2024-30) (2024-2030)","Elected MP","Construction of CC road from Nagaraju Venkata Raju house to Hanumantharao House in Juthada of Valimeraka GP","20-Jan-2026","13-Feb-2026","500000","Vendor Identification"
"463","Normal/Others","WS/MP18319/2025-2026/258838-Construction of roads, link roads, pathways or any other road with or without drainage system","Andhra Pradesh","Visakhapatnam(DISTRICT COLLECTOR VISAKHAPATNAM_IDA)","Shri Golla Baburao (2024-30) (2024-2030)","Elected MP","Construction of CC road from Yamarani Appalanaidu Panshop to Uggina Chinnarao House in Duvvupalem of Valimeraka GP","20-Jan-2026","13-Feb-2026","500000","Sanction"
"464","Normal/Others","WS/MP18373/2025-2026/261348-Construction of roads, link roads, pathways or any other road with or without drainage system","Andhra Pradesh","Anakapalli(DISTRICT COLLECTOR ANAKAPALLI_IDA)","Shri Yerram Venkata Subba Reddy (2024-30) (2024-2030)","Elected MP","Construction of CC Road from GPY Road to near Pydithalli Ammavari temple, Mamidivada Village, Rambili Mandal","24-Jan-2026","02-Feb-2026","500000","Physical Inspection"
"465","Normal/Others","WS/MP18373/2026-2027/261352-Construction of roads, link roads, pathways or any other road with or without drainage system","Andhra Pradesh","PRAKASAM(DISTRICT COLLECTOR PRAKASAM_IDA)","Shri Yerram Venkata Subba Reddy (2024-30) (2024-2030)","Elected MP","Construction of CC Road from G Adivaiah house to D Tirupathaiah house in ST Colony, Phillipalli Village, Boyamadugula GP","24-Jan-2026","08-Apr-2026","500000","Work partially Completed"
"466","Normal/Others","WS/MP18427/2025-2026/263653-Construction of roads, link roads, pathways or any other road with or without drainage system","Andhra Pradesh","Y.S.R. Kadapa(DISTRICT COLLECTOR CUDDAPAH_IDA)","Shri Ryaga Krishnaiah (2024-28) (2024-2028)","Elected MP","Provide CC roads at Door No 43 299 to 43 314, 15th ard industrial estate kadapa","31-Jan-2026","25-Feb-2026","2800000","Physical Inspection"
"467","Normal/Others","WS/MP18427/2025-2026/264381-Construction of roads, link roads, pathways or any other road with or without drainage system","Andhra Pradesh","Y.S.R. Kadapa(DISTRICT COLLECTOR CUDDAPAH_IDA)","Shri Ryaga Krishnaiah (2024-28) (2024-2028)","Elected MP","Provide CC Roads at VSK Satyanarayana to Bhusetty Sekhar Hoouse, Near DAw OMEN S College, Proddutur","08-Feb-2026","25-Feb-2026","2000000","Work Completed"
"468","Normal/Others","WS/MP18428/2025-2026/264673-Construction of roads, link roads, pathways or any other road with or without drainage system","Andhra Pradesh","Sri Potti Sriramulu Nellore(DISTRICT COLLECTOR NELLORE_IDA)","Shri Masthan Rao Yadav Beedha (2024-28) (2024-2028)","Elected MP","Construction of Internal CC Road from Machavaram Sujatha House to Siniga Venkaiah House at Kadanuthala Village in Allimadugu GP of Bogole Mandal SPSR Nellore District","02-Feb-2026","28-Feb-2026","470000","Sanction"
"469","Normal/Others","WS/MP18428/2025-2026/264674-Construction of roads, link roads, pathways or any other road with or without drainage system","Andhra Pradesh","Sri Potti Sriramulu Nellore(DISTRICT COLLECTOR NELLORE_IDA)","Shri Masthan Rao Yadav Beedha (2024-28) (2024-2028)","Elected MP","Construction of Internal CC Road from Siniga Venkaiah House to Maruboina Prasad Shop at Kadanuthala Village in Allimadugu GP of Bogole Mandal SPSR Nellore District","02-Feb-2026","28-Feb-2026","470000","Sanction"
"470","Normal/Others","WS/MP18428/2025-2026/264675-Construction of roads, link roads, pathways or any other road with or without drainage system","Andhra Pradesh","Sri Potti Sriramulu Nellore(DISTRICT COLLECTOR NELLORE_IDA)","Shri Masthan Rao Yadav Beedha (2024-28) (2024-2028)","Elected MP","Construction of Internal CC Road from Kavali Subbaiah house to Siniga Venkaiah house at Kadanuthala Village in Allimadugu GP of Bogole Mandal SPSR Nellore District","02-Feb-2026","28-Feb-2026","320000","Sanction"
"471","Normal/Others","WS/MP18428/2025-2026/264676-Construction of roads, link roads, pathways or any other road with or without drainage system","Andhra Pradesh","Sri Potti Sriramulu Nellore(DISTRICT COLLECTOR NELLORE_IDA)","Shri Masthan Rao Yadav Beedha (2024-28) (2024-2028)","Elected MP","Providing RO Plant machinery in Kadanuthala Village in Allimadugu GP of Bogole Mandal SPSR Nellore District","02-Feb-2026","28-Feb-2026","300000","Sanction"
"472","Normal/Others","WS/MP18428/2025-2026/264677-Construction of roads, link roads, pathways or any other road with or without drainage system","Andhra Pradesh","Sri Potti Sriramulu Nellore(DISTRICT COLLECTOR NELLORE_IDA)","Shri Masthan Rao Yadav Beedha (2024-28) (2024-2028)","Elected MP","Providing Bore well and Pump Set RO Plant Shelter for RO Plant in Kadanuthala Village in Allimadugu GP of Bogole Mandal SPSR Nellore District","02-Feb-2026","28-Feb-2026","500000","Sanction"
"473","Normal/Others","WS/MP18427/2025-2026/267338-Construction of roads, link roads, pathways or any other road with or without drainage system","Andhra Pradesh","Sri Sathya Sai(DISTRICT COLLECTOR SRI SATHYA SAI_IDA)","Shri Ryaga Krishnaiah (2024-28) (2024-2028)","Elected MP","Contruction of CC road from Bevinahalli to to Pochanapalli 200 to 250  meters of Bevinahalli (V), Hindupur Mandal, Satyasai Dist","17-Feb-2026","04-Mar-2026","498000","Physical Inspection"
"474","Normal/Others","WS/MP18427/2025-2026/267339-Construction of roads, link roads, pathways or any other road with or without drainage system","Andhra Pradesh","Sri Sathya Sai(DISTRICT COLLECTOR SRI SATHYA SAI_IDA)","Shri Ryaga Krishnaiah (2024-28) (2024-2028)","Elected MP","Contruction of CC road from Bevinahalli to to Pochanapalli  0 to 50 meters of Bevinahalli (V), Hindupur Mandal, Satyasai Dist","17-Feb-2026","04-Mar-2026","497801","Physical Inspection"
"475","Normal/Others","WS/MP18427/2025-2026/267340-Construction of roads, link roads, pathways or any other road with or without drainage system","Andhra Pradesh","Sri Sathya Sai(DISTRICT COLLECTOR SRI SATHYA SAI_IDA)","Shri Ryaga Krishnaiah (2024-28) (2024-2028)","Elected MP","Contruction of CC road from Bevinahalli to to Pochanapall 100 to 150 meters  of Bevinahalli (V), Hindupur Mandal, Satyasai Dist","17-Feb-2026","04-Mar-2026","497955","Physical Inspection"
"476","Normal/Others","WS/MP18427/2025-2026/267341-Construction of roads, link roads, pathways or any other road with or without drainage system","Andhra Pradesh","Sri Sathya Sai(DISTRICT COLLECTOR SRI SATHYA SAI_IDA)","Shri Ryaga Krishnaiah (2024-28) (2024-2028)","Elected MP","Contruction of CC road from Bevinahalli to Pochanapalli 50 to 100 meters Bevinahalli (V), Hindupur Mandal, Satyasai Dist","17-Feb-2026","04-Mar-2026","497145","Physical Inspection"
"477","Normal/Others","WS/MP18427/2025-2026/267342-Construction of roads, link roads, pathways or any other road with or without drainage system","Andhra Pradesh","Sri Sathya Sai(DISTRICT COLLECTOR SRI SATHYA SAI_IDA)","Shri Ryaga Krishnaiah (2024-28) (2024-2028)","Elected MP","Contruction of CC road from Bevinahalli to to Pochanapalli   150 to 200 meters of Bevinahalli (V), Hindupur Mandal, Satyasai Dist","17-Feb-2026","04-Mar-2026","498000","Physical Inspection"
"478","Normal/Others","WS/MP18427/2025-2026/267359-Construction of roads, link roads, pathways or any other road with or without drainage system","Andhra Pradesh","Y.S.R. Kadapa(DISTRICT COLLECTOR CUDDAPAH_IDA)","Shri Ryaga Krishnaiah (2024-28) (2024-2028)","Elected MP","Formation of Gravel and wetmix Road from Buddha Town Ship to Putlampalli connectivity road in 15th Division KMC Kadapa","14-Feb-2026","18-Mar-2026","2500000","Work Completed"
"479","Normal/Others","WS/MP18373/2025-2026/267610-Construction of roads, link roads, pathways or any other road with or without drainage system","Andhra Pradesh","PRAKASAM(DISTRICT COLLECTOR PRAKASAM_IDA)","Shri Yerram Venkata Subba Reddy (2024-30) (2024-2030)","Elected MP","Construction of internal CC Road in Dosakayalapadu Village and GP, Thallur mandal, Prakasam District","11-Feb-2026","20-Mar-2026","500000","Sanction"
"480","Normal/Others","WS/MP18319/2026-2027/272047-Construction of roads, link roads, pathways or any other road with or without drainage system","Andhra Pradesh","Dr. B.R. Ambedkar Konaseema(DISTRICT COLLECTOR Dr B R AMBEDKAR KONASEEMA_IDA)","Shri Golla Baburao (2024-30) (2024-2030)","Elected MP","Providing CC road from badugu ramprasad house to chinnam ram babu house in kamanagaruvu village","03-Mar-2026","14-May-2026","500000","Sanction"
"481","Normal/Others","WS/MP18319/2026-2027/272048-Construction of roads, link roads, pathways or any other road with or without drainage system","Andhra Pradesh","Dr. B.R. Ambedkar Konaseema(DISTRICT COLLECTOR Dr B R AMBEDKAR KONASEEMA_IDA)","Shri Golla Baburao (2024-30) (2024-2030)","Elected MP","Providing CC road  from kamana srinivasa rao house to kamana sattiraju house in kamanagaruvu village","03-Mar-2026","14-May-2026","500000","Sanction"
"482","Normal/Others","WS/MP18427/2025-2026/245255-Construction of roads, link roads, pathways or any other road with or without drainage system","Andhra Pradesh","Y.S.R. Kadapa(DISTRICT COLLECTOR CUDDAPAH_IDA)","Shri Ryaga Krishnaiah (2024-28) (2024-2028)","Elected MP","Construction of CC Road SI Anjaneyulu house to Upendra Reddy House","31-Oct-2025","24-Dec-2025","2496189","Physical Inspection"
"483","Normal/Others","WS/MP18427/2025-2026/245769-Construction of roads, link roads, pathways or any other road with or without drainage system","Andhra Pradesh","NTR(DISTRICT COLLECTOR NTR_IDA)","Shri Ryaga Krishnaiah (2024-28) (2024-2028)","Elected MP","Construction of CC Road from Veesam Nagamani House to PWD pumping scheme in Ithavaram Village of Nandigama Mandal","03-Nov-2025","02-Dec-2025","4400000","Vendor Identification"
"484","Normal/Others","WS/MP18334/2025-2026/246274-Construction of roads, link roads, pathways or any other road with or without drainage system","Andhra Pradesh","Y.S.R. Kadapa(DISTRICT COLLECTOR CUDDAPAH_IDA)","Shri Meda Raghunadha Reddy (2024-30) (2024-2030)","Elected MP","Providing internal CC Road from MPP School to G. Obul Reddy House at Pennaperuru V, Vontimitta Mandal","05-Nov-2025","31-Dec-2025","400000","Work partially Completed"
"485","Normal/Others","WS/MP18334/2025-2026/246275-Construction of roads, link roads, pathways or any other road with or without drainage system","Andhra Pradesh","Y.S.R. Kadapa(DISTRICT COLLECTOR CUDDAPAH_IDA)","Shri Meda Raghunadha Reddy (2024-30) (2024-2030)","Elected MP","Providing internal CC Road from G. Narasa Reddy House to Narapu Reddy House at Pennaperuru V, Vontimitta Mandal","05-Nov-2025","31-Dec-2025","300000","Vendor Identification"
"486","Normal/Others","WS/MP18427/2025-2026/247488-Construction of roads, link roads, pathways or any other road with or without drainage system","Andhra Pradesh","Y.S.R. Kadapa(DISTRICT COLLECTOR CUDDAPAH_IDA)","Shri Ryaga Krishnaiah (2024-28) (2024-2028)","Elected MP","Providing of CC Road CC drains from Kamisetty Suresh House to Kachana Subash Reddy House at Korrapadu Main Road","20-Dec-2025","31-Dec-2025","1596748","Physical Inspection"
"487","Normal/Others","WS/MP18319/2025-2026/252921-Construction of roads, link roads, pathways or any other road with or without drainage system","Andhra Pradesh","VIZIANAGARAM(DISTRICT COLLECTOR VIZIANAGARAM_IDA)","Shri Golla Baburao (2024-30) (2024-2030)","Elected MP","Construction of CC road in BC locality at rompalle village","10-Dec-2025","18-Dec-2025","500000","Physical Inspection"
"488","Normal/Others","WS/MP18319/2025-2026/252922-Construction of roads, link roads, pathways or any other road with or without drainage system","Andhra Pradesh","VIZIANAGARAM(DISTRICT COLLECTOR VIZIANAGARAM_IDA)","Shri Golla Baburao (2024-30) (2024-2030)","Elected MP","Construction of CC road from Sivalayam road to Airtel Towers at paradhi village","10-Dec-2025","18-Dec-2025","498433","Physical Inspection"
"489","Normal/Others","WS/MP18428/2025-2026/254202-Construction of roads, link roads, pathways or any other road with or without drainage system","Andhra Pradesh","Palnadu(District Collector Palnadu_IDA)","Shri Masthan Rao Yadav Beedha (2024-28) (2024-2028)","Elected MP","Construction of CC Road from Mandadi Venkateswara Rao(H) to Mandadapu Sireesha(H) in Kattamuru(V) of Sattenapalli(M), Palnadu District","15-Dec-2025","03-Jan-2026","492900","Physical Inspection"
"490","Normal/Others","WS/MP18428/2025-2026/254203-Construction of roads, link roads, pathways or any other road with or without drainage system","Andhra Pradesh","Palnadu(District Collector Palnadu_IDA)","Shri Masthan Rao Yadav Beedha (2024-28) (2024-2028)","Elected MP","Construction of CC Road from Mandadi Saidulu (H) to SC Colony Road in Kattamuru(V) of Sattenapalli(M), Palnadu District","15-Dec-2025","03-Jan-2026","488743","Physical Inspection"
"491","Normal/Others","WS/MP18428/2025-2026/254207-Construction of roads, link roads, pathways or any other road with or without drainage system","Andhra Pradesh","Sri Potti Sriramulu Nellore(DISTRICT COLLECTOR NELLORE_IDA)","Shri Masthan Rao Yadav Beedha (2024-28) (2024-2028)","Elected MP","Laying of Internal CC road from Pudi Bhaskar (H) to ChinnapapaSrihari(H) of Ramatheertham village and GP in Vidavalur Mandal, SPSR Nellore District","15-Dec-2025","08-Jan-2026","499999","Physical Inspection"
"492","Normal/Others","WS/MP18427/2025-2026/257198-Construction of roads, link roads, pathways or any other road with or without drainage system","Andhra Pradesh","Y.S.R. Kadapa(DISTRICT COLLECTOR CUDDAPAH_IDA)","Shri Ryaga Krishnaiah (2024-28) (2024-2028)","Elected MP","Providing to CC Road from Viayaka Swamy temple to Main Road Prakash Nagar","07-Jan-2026","12-Jan-2026","3900000","Physical Inspection"
"493","Normal/Others","WS/MP18373/2026-2027/283041-Construction of roads, link roads, pathways or any other road with or without drainage system","Andhra Pradesh","Bapatla(DISTRICT COLLECTOR BAPATLA_IDA)","Shri Yerram Venkata Subba Reddy (2024-30) (2024-2030)","Elected MP","Construction of CC Road from Peravali James house to Peravali Abraham house in Perevalipalem (V), Vemuru Mandal, Bapatla District.","22-May-2026","15-Jul-2026","900000","Sanction"
"494","Normal/Others","WS/MP18373/2026-2027/283042-Construction of roads, link roads, pathways or any other road with or without drainage system","Andhra Pradesh","Bapatla(DISTRICT COLLECTOR BAPATLA_IDA)","Shri Yerram Venkata Subba Reddy (2024-30) (2024-2030)","Elected MP","Construction of CC Road from Peravali Charamma house to Donam Musalaiah house in Peravalipalem (V), Vemuru Mandal, Bapatla District","22-May-2026","16-Jul-2026","675000","Sanction"
"495","Normal/Others","WS/MP18373/2026-2027/283046-Construction of roads, link roads, pathways or any other road with or without drainage system","Andhra Pradesh","PRAKASAM(DISTRICT COLLECTOR PRAKASAM_IDA)","Shri Yerram Venkata Subba Reddy (2024-30) (2024-2030)","Elected MP","Formation and Gravelling the road from Ungarala Mahesh House to Chinna Malakondaiah fields in Balijapalem Village and GP, Pamur Mandal.","22-May-2026","25-Aug-2026","500000","Sanction"
"496","Normal/Others","WS/MP18373/2026-2027/283047-Construction of roads, link roads, pathways or any other road with or without drainage system","Andhra Pradesh","PRAKASAM(DISTRICT COLLECTOR PRAKASAM_IDA)","Shri Yerram Venkata Subba Reddy (2024-30) (2024-2030)","Elected MP","Formation and Gravelling the road from Chnna Malakondaiah fields to Garataiah Kunta in Balijapalem Village and GP, Pamur Mandal.","22-May-2026","25-Aug-2026","500000","Sanction"
"497","Normal/Others","WS/MP18427/2026-2027/284188-Construction of roads, link roads, pathways or any other road with or without drainage system","Andhra Pradesh","Y.S.R. Kadapa(DISTRICT COLLECTOR CUDDAPAH_IDA)","Shri Ryaga Krishnaiah (2024-28) (2024-2028)","Elected MP","Providing of CC Road, CC Drain S Sumanth Reddy house to Auditor Pavan Kumar reddy House, Poddutur","28-May-2026","27-Aug-2026","2000000","Vendor Identification"
"498","Normal/Others","WS/MP18373/2026-2027/285021-Construction of roads, link roads, pathways or any other road with or without drainage system","Andhra Pradesh","NALGONDA(DISTRICT COLLECTOR NALGONDA)","Shri Yerram Venkata Subba Reddy (2024-30) (2024-2030)","Elected MP","Laying of CC Road from M.Santhosh Reddy House to M.Indra Reddy farm land in Yelgalagudem Village, Munugode Mandal, Nalgonda District","11-Jun-2026","17-Jul-2026","500000","Sanction"
"499","Normal/Others","WS/MP18373/2026-2027/285022-Construction of roads, link roads, pathways or any other road with or without drainage system","Andhra Pradesh","NALGONDA(DISTRICT COLLECTOR NALGONDA)","Shri Yerram Venkata Subba Reddy (2024-30) (2024-2030)","Elected MP","Laying of CC Road from M.Indra Reddy farm land  to M.Lingareddy farm land in Yelgalagudem Village, Munugode Mandal, Nalgonda District","11-Jun-2026","17-Jul-2026","500000","Sanction"
"500","Normal/Others","WS/MP18373/2026-2027/285023-Construction of roads, link roads, pathways or any other road with or without drainage system","Andhra Pradesh","NALGONDA(DISTRICT COLLECTOR NALGONDA)","Shri Yerram Venkata Subba Reddy (2024-30) (2024-2030)","Elected MP","Laying of CC Road from M.Lingareddy farm land to E.Saidulu farm land in Yelgalagudem Village, Munugode Mandal, Nalgonda District","11-Jun-2026","17-Jul-2026","500000","Sanction"
"501","Normal/Others","WS/MP18373/2026-2027/285024-Construction of roads, link roads, pathways or any other road with or without drainage system","Andhra Pradesh","NALGONDA(DISTRICT COLLECTOR NALGONDA)","Shri Yerram Venkata Subba Reddy (2024-30) (2024-2030)","Elected MP","Laying of CC Road from E.Saidulu farm land to Goshala in Yelgalagudem Village, Munugode Mandal, Nalgonda District","11-Jun-2026","17-Jul-2026","500000","Sanction"
"502","Normal/Others","WS/MP18319/2026-2027/286806-Construction of roads, link roads, pathways or any other road with or without drainage system","Andhra Pradesh","Visakhapatnam(DISTRICT COLLECTOR VISAKHAPATNAM_IDA)","Shri Golla Baburao (2024-30) (2024-2030)","Elected MP","Construction of CC Road from Notla Paidamma House to Appikonda Varalakshmi House in Housing colony of Valimeraka GP","25-Jun-2026","24-Jul-2026","500000","Vendor Identification"
"503","Normal/Others","WS/MP18334/2026-2027/287093-Construction of roads, link roads, pathways or any other road with or without drainage system","Andhra Pradesh","Y.S.R. Kadapa(DISTRICT COLLECTOR CUDDAPAH_IDA)","Shri Meda Raghunadha Reddy (2024-30) (2024-2030)","Elected MP","Providing internal CC Road from D.No.55/90 to 55/201 and D.No.55/42 to 55/50 at Chowtapalli, Kadapa Municipal Corporation","19-Jun-2026","28-Jul-2026","730000","Sanction"
"504","Normal/Others","WS/MP18334/2026-2027/287109-Construction of roads, link roads, pathways or any other road with or without drainage system","Andhra Pradesh","Annamayya(DISTRICT COLLECTOR ANNAMAYYA_IDA)","Shri Meda Raghunadha Reddy (2024-30) (2024-2030)","Elected MP","Providing CC road from Sreeramulu Temple to Narashima Swamy Temple in Thimmakkagaripalli H/o Settipalli GP of Sambepalli Mandal","19-Jun-2026","15-Jul-2026","495000","Sanction"
"505","Normal/Others","WS/MP18334/2026-2027/287111-Construction of roads, link roads, pathways or any other road with or without drainage system","Andhra Pradesh","Annamayya(DISTRICT COLLECTOR ANNAMAYYA_IDA)","Shri Meda Raghunadha Reddy (2024-30) (2024-2030)","Elected MP","Providing CC Road from Kundanellor & Gattumeedapalli Main Road to Kumarunipalli Ramalayam, Kundanellor, Nandalur Mandal","19-Jun-2026","24-Jul-2026","490000","Sanction"
"506","Normal/Others","WS/MP18334/2026-2027/287112-Construction of roads, link roads, pathways or any other road with or without drainage system","Andhra Pradesh","Annamayya(DISTRICT COLLECTOR ANNAMAYYA_IDA)","Shri Meda Raghunadha Reddy (2024-30) (2024-2030)","Elected MP","Providing CC Road from T.V. Puram Kotha Colony Main Road to Thunti Krishnaiah House, T.V. Puram GP, Nandalur Mandal","19-Jun-2026","24-Jul-2026","400000","Sanction"
"507","Normal/Others","WS/MP18334/2026-2027/287113-Construction of roads, link roads, pathways or any other road with or without drainage system","Andhra Pradesh","Annamayya(DISTRICT COLLECTOR ANNAMAYYA_IDA)","Shri Meda Raghunadha Reddy (2024-30) (2024-2030)","Elected MP","Providing CC Road from Thunti Krishnaiah House to Gadana Santaiah House, T.V. Puram GP, Nandalur Mandal","19-Jun-2026","24-Jul-2026","305000","Sanction"
"508","Normal/Others","WS/MP18334/2026-2027/287114-Construction of roads, link roads, pathways or any other road with or without drainage system","Andhra Pradesh","Annamayya(DISTRICT COLLECTOR ANNAMAYYA_IDA)","Shri Meda Raghunadha Reddy (2024-30) (2024-2030)","Elected MP","Providing CC Road from Chintakayalapalli Sivalayam to Koneru, Madanamohanapuram Village, Tangutur GP, Nandalur Mandal","19-Jun-2026","24-Jul-2026","500000","Sanction"
"509","Normal/Others","WS/MP18334/2026-2027/287115-Construction of roads, link roads, pathways or any other road with or without drainage system","Andhra Pradesh","Annamayya(DISTRICT COLLECTOR ANNAMAYYA_IDA)","Shri Meda Raghunadha Reddy (2024-30) (2024-2030)","Elected MP","Providing CC Road from Chintakayalapalli SC Colony to Burial Ground, Madanamohanapuram Village, Tangutur GP, Nandalur Mandal","19-Jun-2026","24-Jul-2026","500000","Sanction"
"510","Normal/Others","WS/MP18334/2026-2027/287116-Construction of roads, link roads, pathways or any other road with or without drainage system","Andhra Pradesh","Annamayya(DISTRICT COLLECTOR ANNAMAYYA_IDA)","Shri Meda Raghunadha Reddy (2024-30) (2024-2030)","Elected MP","Laying internal CC Road at Isukapalli H/o Nagireddypalli GP, Nandalur Mandal","19-Jun-2026","24-Jul-2026","450000","Sanction"
"511","Normal/Others","WS/MP18334/2026-2027/287117-Construction of roads, link roads, pathways or any other road with or without drainage system","Andhra Pradesh","Annamayya(DISTRICT COLLECTOR ANNAMAYYA_IDA)","Shri Meda Raghunadha Reddy (2024-30) (2024-2030)","Elected MP","Providing CC Road from Ankireddygaripalli RO System to Anganwadi Centre, Guttapalli Village, Sambepalle Mandal","19-Jun-2026","15-Jul-2026","490000","Sanction"
"512","Normal/Others","WS/MP18334/2026-2027/287118-Construction of roads, link roads, pathways or any other road with or without drainage system","Andhra Pradesh","Annamayya(DISTRICT COLLECTOR ANNAMAYYA_IDA)","Shri Meda Raghunadha Reddy (2024-30) (2024-2030)","Elected MP","Providing CC Road from Ankireddygaripalli Gram Panchayat Office to RO System in front of Sri Kodandaramalayam, Guttapalli Village, Sambepalle Mandal","19-Jun-2026","15-Jul-2026","350000","Sanction"
"513","Normal/Others","WS/MP18334/2026-2027/287119-Construction of roads, link roads, pathways or any other road with or without drainage system","Andhra Pradesh","Annamayya(DISTRICT COLLECTOR ANNAMAYYA_IDA)","Shri Meda Raghunadha Reddy (2024-30) (2024-2030)","Elected MP","Providing CC Road from Bidiki Ankireddygaripalli Road to Sri Ankalamma Temple, Guttapalli Village, Sambepalle Mandal","19-Jun-2026","15-Jul-2026","500000","Sanction"
"514","Normal/Others","WS/MP18430/2026-2027/287765-Construction of roads, link roads, pathways or any other road with or without drainage system","Andhra Pradesh","WEST GODAVARI(DISTRICT COLLECTOR WEST GODAVARI_IDA)","Shri Paka Venkata Satyanarayana (2025-28) (2025-2028)","Elected MP","Construction of CC Road in 31st ward of Bhimavaram Town","23-Jun-2026","17-Jul-2026","3400000","Sanction"
"515","Normal/Others","WS/MP18334/2026-2027/288274-Construction of roads, link roads, pathways or any other road with or without drainage system","Andhra Pradesh","Annamayya(DISTRICT COLLECTOR ANNAMAYYA_IDA)","Shri Meda Raghunadha Reddy (2024-30) (2024-2030)","Elected MP","Providing CC Road From G. Sudhakar House to Nagineni Subbartnamma House & other streets in Yellagadda Habitaion of Peddakarampalli G.P of Rajampet Mandal","23-Jun-2026","15-Jul-2026","300000","Sanction"
"516","Normal/Others","WS/MP18334/2026-2027/288281-Construction of roads, link roads, pathways or any other road with or without drainage system","Andhra Pradesh","Annamayya(DISTRICT COLLECTOR ANNAMAYYA_IDA)","Shri Meda Raghunadha Reddy (2024-30) (2024-2030)","Elected MP","Providing Metal road from Edurapalli R&B Road to jaganana colony durgapuram ST colony burial Ground from 0/000 to 0/600 in Nagireddypalli Village, Nandalur Mandal","29-Jun-2026","24-Jul-2026","500000","Sanction"
"517","Normal/Others","WS/MP18334/2026-2027/288282-Construction of roads, link roads, pathways or any other road with or without drainage system","Andhra Pradesh","Annamayya(DISTRICT COLLECTOR ANNAMAYYA_IDA)","Shri Meda Raghunadha Reddy (2024-30) (2024-2030)","Elected MP","Providing CC Road from Sri Lakshminarasimha Swamy Temple to Kambalahgari Subbarayudu house at Bhuvanagiripalli of Utkur GP, Rajampet Mandal","23-Jun-2026","24-Jul-2026","1000000","Sanction"
"518","Normal/Others","WS/MP18334/2026-2027/288307-Construction of roads, link roads, pathways or any other road with or without drainage system","Andhra Pradesh","Annamayya(DISTRICT COLLECTOR ANNAMAYYA_IDA)","Shri Meda Raghunadha Reddy (2024-30) (2024-2030)","Elected MP","Providing CC road from Dheeraj kumar house to srinivasulu house in Annamaiah nagar of Rajampet Village Mandal","29-Jun-2026","24-Jul-2026","1000000","Sanction"
"519","Normal/Others","WS/MP18334/2026-2027/288327-Construction of roads, link roads, pathways or any other road with or without drainage system","Andhra Pradesh","Y.S.R. Kadapa(DISTRICT COLLECTOR CUDDAPAH_IDA)","Shri Meda Raghunadha Reddy (2024-30) (2024-2030)","Elected MP","Providing CC Road From V.B. Road to P Subba Reddy House in Malakatipallo Village, Salabad G.P, Vontimitta Mandal","29-Jun-2026","28-Jul-2026","500000","Sanction"
"520","Normal/Others","WS/MP18334/2026-2027/290423-Construction of roads, link roads, pathways or any other road with or without drainage system","Andhra Pradesh","Annamayya(DISTRICT COLLECTOR ANNAMAYYA_IDA)","Shri Meda Raghunadha Reddy (2024-30) (2024-2030)","Elected MP","Providing internal CC road from Chinnam Sheshaiah house to Panta Lakshumaiah House at Nookinenipalli Habitation of Nookinenipalli Village, Nandalur Mandal","30-Jun-2026","15-Jul-2026","490000","Sanction"
"521","Normal/Others","WS/MP18334/2026-2027/290424-Construction of roads, link roads, pathways or any other road with or without drainage system","Andhra Pradesh","Annamayya(DISTRICT COLLECTOR ANNAMAYYA_IDA)","Shri Meda Raghunadha Reddy (2024-30) (2024-2030)","Elected MP","Providing internal CC road from Siddam Narasimhulu house to Gudisela Yanadamma house at Nookinenipalli SC Colony of Nookinenipalli Village, Nandalur Mandal","30-Jun-2026","15-Jul-2026","200000","Sanction"
"522","Normal/Others","WS/MP18334/2026-2027/290425-Construction of roads, link roads, pathways or any other road with or without drainage system","Andhra Pradesh","Annamayya(DISTRICT COLLECTOR ANNAMAYYA_IDA)","Shri Meda Raghunadha Reddy (2024-30) (2024-2030)","Elected MP","Providing road to Nakkapalli Habitation to burial ground of Nookinenipalli Village, Nandalur Mandal","30-Jun-2026","15-Jul-2026","300000","Sanction"
"523","Normal/Others","WS/MP18334/2026-2027/290429-Construction of roads, link roads, pathways or any other road with or without drainage system","Andhra Pradesh","Y.S.R. Kadapa(DISTRICT COLLECTOR CUDDAPAH_IDA)","Shri Meda Raghunadha Reddy (2024-30) (2024-2030)","Elected MP","Providing CC Road from Police Quarters to Burial ground in Vontimitta Village, Vontimitta Mandal","30-Jun-2026","28-Jul-2026","500000","Sanction"
"524","Normal/Others","WS/MP18334/2026-2027/290430-Construction of roads, link roads, pathways or any other road with or without drainage system","Andhra Pradesh","Y.S.R. Kadapa(DISTRICT COLLECTOR CUDDAPAH_IDA)","Shri Meda Raghunadha Reddy (2024-30) (2024-2030)","Elected MP","Providing CC road from Anjaneyulu house to Marama Temple Vontimitta Village, Vontimitta Mandal","30-Jun-2026","28-Jul-2026","600000","Sanction"
"525","Normal/Others","WS/MP18319/2026-2027/291504-Construction of roads, link roads, pathways or any other road with or without drainage system","Andhra Pradesh","VIZIANAGARAM(DISTRICT COLLECTOR VIZIANAGARAM_IDA)","Shri Golla Baburao (2024-30) (2024-2030)","Elected MP","Laying of CC Road from R&B road to SC colony at Rompalli Village","03-Jul-2026","13-Aug-2026","500000","Sanction"
"526","Normal/Others","WS/MP18319/2026-2027/291505-Construction of roads, link roads, pathways or any other road with or without drainage system","Andhra Pradesh","VIZIANAGARAM(DISTRICT COLLECTOR VIZIANAGARAM_IDA)","Shri Golla Baburao (2024-30) (2024-2030)","Elected MP","Laying of CC Road from Chelikani Murali Prasad Palmolive thota to Ituku Batti Road at Rompalle Village","03-Jul-2026","16-Jul-2026","500000","Sanction"
"527","Normal/Others","WS/MP18319/2026-2027/291506-Construction of roads, link roads, pathways or any other road with or without drainage system","Andhra Pradesh","VIZIANAGARAM(DISTRICT COLLECTOR VIZIANAGARAM_IDA)","Shri Golla Baburao (2024-30) (2024-2030)","Elected MP","Laying of CC Road from Siddavallu thota to Burial Ground at Rompalle Village","03-Jul-2026","16-Jul-2026","200000","Sanction"
"528","Normal/Others","WS/MP18319/2026-2027/291507-Construction of roads, link roads, pathways or any other road with or without drainage system","Andhra Pradesh","VIZIANAGARAM(DISTRICT COLLECTOR VIZIANAGARAM_IDA)","Shri Golla Baburao (2024-30) (2024-2030)","Elected MP","Laying of CC Road from Pragada Cheruvu Road to Pasarla Eswar Rao House Road at Rompalle Village","03-Jul-2026","16-Jul-2026","300000","Sanction"
"529","Normal/Others","WS/MP18428/2026-2027/292673-Construction of roads, link roads, pathways or any other road with or without drainage system","Andhra Pradesh","Sri Potti Sriramulu Nellore(DISTRICT COLLECTOR NELLORE_IDA)","Shri Masthan Rao Yadav Beedha (2024-28) (2024-2028)","Elected MP","Providing Internal CC Roads in Vaddipalem of Iskapalem GP of Buchireddypalem, SPSR Nellore District","06-Jul-2026","27-Jul-2026","500000","Sanction"
"530","Normal/Others","WS/MP18428/2026-2027/292674-Construction of roads, link roads, pathways or any other road with or without drainage system","Andhra Pradesh","Sri Potti Sriramulu Nellore(DISTRICT COLLECTOR NELLORE_IDA)","Shri Masthan Rao Yadav Beedha (2024-28) (2024-2028)","Elected MP","Providing Internal CC Roads in Vaddipalem ST Colony of Iskapalem GP of Buchireddypalem, SPSR Nellore District","06-Jul-2026","27-Jul-2026","500000","Sanction"
"531","Normal/Others","WS/MP18427/2026-2027/295141-Construction of roads, link roads, pathways or any other road with or without drainage system","Andhra Pradesh","Y.S.R. Kadapa(DISTRICT COLLECTOR CUDDAPAH_IDA)","Shri Ryaga Krishnaiah (2024-28) (2024-2028)","Elected MP","Construction of the CC Road from G Srinivas House to Anyam Raja House in Narasaramaiah garu pally in 49 Division Kadapa Municipal Corporation","14-Jul-2026","27-Aug-2026","1900000","Sanction"
"532","Normal/Others","WS/MP18427/2026-2027/295142-Construction of roads, link roads, pathways or any other road with or without drainage system","Andhra Pradesh","Y.S.R. Kadapa(DISTRICT COLLECTOR CUDDAPAH_IDA)","Shri Ryaga Krishnaiah (2024-28) (2024-2028)","Elected MP","Providing of CC Road and CC Drain  from Badigincherla Bala house to Mudiam Suresh house 7th Ward in Proddutur Muncipality Kadapa District","14-Jul-2026","27-Aug-2026","1400000","Sanction"
"533","Normal/Others","WS/MP18427/2026-2027/295143-Construction of roads, link roads, pathways or any other road with or without drainage system","Andhra Pradesh","Y.S.R. Kadapa(DISTRICT COLLECTOR CUDDAPAH_IDA)","Shri Ryaga Krishnaiah (2024-28) (2024-2028)","Elected MP","Providing of Railing Steel Etc in Community hall and CC Road from Door no 43/259-15-3 to 43/259-15-6 industrial Estate 15th Divison KMC Kadapa","14-Jul-2026","27-Aug-2026","1900000","Work partially Completed"
"534","Normal/Others","WS/MP18427/2026-2027/302234-Construction of roads, link roads, pathways or any other road with or without drainage system","Andhra Pradesh","Y.S.R. Kadapa(DISTRICT COLLECTOR CUDDAPAH_IDA)","Shri Ryaga Krishnaiah (2024-28) (2024-2028)","Elected MP","Providing CC road from Ramulaswamy temple to SC colony sunkesula road khajipet Kadapa District","08-Aug-2026","27-Aug-2026","1000000","Sanction"
"535","Normal/Others","WS/MP18319/2026-2027/305615-Construction of roads, link roads, pathways or any other road with or without drainage system","Andhra Pradesh","VIZIANAGARAM(DISTRICT COLLECTOR VIZIANAGARAM_IDA)","Shri Golla Baburao (2024-30) (2024-2030)","Elected MP","Construction of R&B Road to SC colony Neelati Revu Rompalle GP.","20-Aug-2026","29-Aug-2026","500000","Sanction"
"536","Normal/Others","WS/MP18373/2025-2026/274077-Construction of roads, link roads, pathways or any other road with or without drainage system","Andhra Pradesh","NTR(DISTRICT COLLECTOR NTR_IDA)","Shri Yerram Venkata Subba Reddy (2024-30) (2024-2030)","Elected MP","Formation Of Metal road from NH 65 to Kethaveerunipadu of Nandigama Mandal","13-Mar-2026","30-Mar-2026","500000","Physical Inspection"
"537","Normal/Others","WS/MP18373/2026-2027/274114-Construction of roads, link roads, pathways or any other road with or without drainage system","Andhra Pradesh","Sri Potti Sriramulu Nellore(DISTRICT COLLECTOR NELLORE_IDA)","Shri Yerram Venkata Subba Reddy (2024-30) (2024-2030)","Elected MP","Construction of CC Road from Borewell to Veerareddy palem main road of Varini Village and Gramapanchayat, Vidavalur Mandal","31-Mar-2026","16-May-2026","500000","Sanction"
"538","Normal/Others","WS/MP18373/2025-2026/181153-Construction of roads, link roads, pathways or any other road with or without drainage system","Andhra Pradesh","Anakapalli(DISTRICT COLLECTOR ANAKAPALLI_IDA)","Shri Yerram Venkata Subba Reddy (2024-30) (2024-2030)","Elected MP","Construction of CC Drain from Sri Bikkavolu Nooka Raju house to Sri Nambaru Ramanaidu house and Yellusuri Venkayamma house to Masadha Trinadh house in SC Colony, Kothakota Revenue Village of Vommavaram Village and Panchayat, Ravikamatham Mandal, Anakapalli District.","12-Mar-2025","23-Apr-2025","484952","Physical Inspection"
"539","Normal/Others","WS/MP18373/2025-2026/181154-Construction of roads, link roads, pathways or any other road with or without drainage system","Andhra Pradesh","Anakapalli(DISTRICT COLLECTOR ANAKAPALLI_IDA)","Shri Yerram Venkata Subba Reddy (2024-30) (2024-2030)","Elected MP","Construction of CC Drain from Sri Galla Krishna House to Sri Anganwadi centre and Sri Madinna Pandurangarao house to Sri Appikonda Devudamma house in SC Colony, Kothakota Revenue Village of Vommavaram Village and Panchayat, Ravikamatham Mandal, Anakapalli District.","12-Mar-2025","23-Apr-2025","494858","Physical Inspection"
"540","Normal/Others","WS/MP18428/2025-2026/194496-Construction of culverts and bridges","Andhra Pradesh","Sri Potti Sriramulu Nellore(DISTRICT COLLECTOR NELLORE_IDA)","Shri Masthan Rao Yadav Beedha (2024-28) (2024-2028)","Elected MP","Construction of Bridge across Peter Canal near Kovur Village in Kovur Mandal of SPS Nellore District","26-Apr-2025","20-Jun-2025","4972404","Physical Inspection"
"541","Normal/Others","WS/MP18334/2025-2026/205226-Construction of culverts and bridges","Andhra Pradesh","Annamayya(DISTRICT COLLECTOR ANNAMAYYA_IDA)","Shri Meda Raghunadha Reddy (2024-30) (2024-2030)","Elected MP","Construction of Culvert across Chavatavanka near Chamarthivandlapalli of Gurrappagaripalli GP of Veeraballe Mandal","23-Jun-2025","22-Jul-2025","500000","Sanction"
"542","Normal/Others","WS/MP18334/2025-2026/215001-Construction of culverts and bridges","Andhra Pradesh","Annamayya(DISTRICT COLLECTOR ANNAMAYYA_IDA)","Shri Meda Raghunadha Reddy (2024-30) (2024-2030)","Elected MP","Urgent repairs to Causeway on upstream side near Mudampadu Village, T. Sundupalle Mandal","05-Jul-2025","03-Sep-2025","495000","Work Completed"
"543","Normal/Others","WS/MP18334/2025-2026/215002-Construction of culverts and bridges","Andhra Pradesh","Annamayya(DISTRICT COLLECTOR ANNAMAYYA_IDA)","Shri Meda Raghunadha Reddy (2024-30) (2024-2030)","Elected MP","Construction of Protection wall to protect culvert on upstream side near Mudampadu Village, T. Sundupalle Mandal","05-Jul-2025","03-Sep-2025","496000","Work Completed"
"544","Normal/Others","WS/MP18334/2025-2026/215003-Construction of culverts and bridges","Andhra Pradesh","Annamayya(DISTRICT COLLECTOR ANNAMAYYA_IDA)","Shri Meda Raghunadha Reddy (2024-30) (2024-2030)","Elected MP","Construction of Protection wall to protect culvert on downstream side near Mudampadu Village, T. Sundupalle Mandal","05-Jul-2025","03-Sep-2025","498000","Work Completed"
"545","Normal/Others","WS/MP18334/2025-2026/215005-Construction of culverts and bridges","Andhra Pradesh","Nandyal(DISTRICT COLLECTOR NANDYAL_IDA)","Shri Meda Raghunadha Reddy (2024-30) (2024-2030)","Elected MP","Construction of Slab Culvert across the Pagidi Vagu Vanka in Erragudidinne to Chandalur road of Erragudidinne Village, Rudravaram Mandal","25-Jul-2025","28-Aug-2025","1561000","Sanction"
"546","Normal/Others","WS/MP18373/2025-2026/261349-Construction of culverts and bridges","Andhra Pradesh","Anakapalli(DISTRICT COLLECTOR ANAKAPALLI_IDA)","Shri Yerram Venkata Subba Reddy (2024-30) (2024-2030)","Elected MP","Construction of CC Culvert at Mamidivada Village, Rambili Mandal","24-Jan-2026","02-Feb-2026","500000","Physical Inspection"
"547","Normal/Others","WS/MP18334/2025-2026/243309-Purchase of non-conventional energy system and devices for community use","Andhra Pradesh","Anakapalli(DISTRICT COLLECTOR ANAKAPALLI_IDA)","Shri Meda Raghunadha Reddy (2024-30) (2024-2030)","Elected MP","Providing 20 number of LED Based Solar Lighting System at Vaddadi Village of Butchyyapeta Mandal of Anakapalli District","22-Oct-2025","29-Nov-2025","477303","Physical Inspection"
"548","Normal/Others","WS/MP18373/2025-2026/274078-Construction of culverts and bridges","Andhra Pradesh","NTR(DISTRICT COLLECTOR NTR_IDA)","Shri Yerram Venkata Subba Reddy (2024-30) (2024-2030)","Elected MP","Construction of Culvert on Nallavaagu of Kethaveerunipadu village in Nandigama Mandal","13-Mar-2026","30-Mar-2026","500000","Physical Inspection"
"549","Normal/Others","WS/MP18373/2025-2026/274079-Construction of culverts and bridges","Andhra Pradesh","NTR(DISTRICT COLLECTOR NTR_IDA)","Shri Yerram Venkata Subba Reddy (2024-30) (2024-2030)","Elected MP","Construction of Culvert on Madugu Vaagu of Kethaveerunipadu village in Nandigama Mandal","13-Mar-2026","30-Mar-2026","500000","Physical Inspection"
"550","Normal/Others","WS/MP18373/2025-2026/274080-Construction of culverts and bridges","Andhra Pradesh","NTR(DISTRICT COLLECTOR NTR_IDA)","Shri Yerram Venkata Subba Reddy (2024-30) (2024-2030)","Elected MP","Construction of Causeway on Gandi Vaagu of Kethaveerunipadu Village in Nandigama Mandal.","13-Mar-2026","30-Mar-2026","500000","Physical Inspection"
"551","Normal/Others","WS/MP18334/2024-2025/134427-Construction of road under bridge","Andhra Pradesh","Annamayya(DISTRICT COLLECTOR ANNAMAYYA_IDA)","Shri Meda Raghunadha Reddy (2024-30) (2024-2030)","Elected MP","Providing Internal CC road from J Penchalaiah House to Yesu House in ST Colony of Patur GP of Nandalur Mandal","30-Jul-2024","12-Sep-2024","148368","Physical Inspection"
"552","Normal/Others","WS/MP032/2025-2026/257306-Construction of buildings for sports facilities","Andhra Pradesh","Nirmal(DISTRICT COLLECTOR NIRMAL_3)","Shri S Niranjan Reddy (2022-28) (2022-2028)","Elected MP","Construction of Sports areana (Box Cricket, Badminton Court, Pickle Ball Court etc, Priority No.1","05-Jan-2026","21-Jan-2026","2400000","Physical Inspection"
"553","Normal/Others","WS/MP18373/2025-2026/193678-Development of public parks","Andhra Pradesh","Alluri Sitharama Raju(DISTRICT COLLECTOR ALLURI SITHARAMARAJU_IDA)","Shri Yerram Venkata Subba Reddy (2024-30) (2024-2030)","Elected MP","Construction of View Point and other Amenities to Madagada Sun Rise Point in Arakuvalley Village and Mandal, Alluri Sitharama Raju District.","23-Apr-2025","30-Aug-2025","3000000","Sanction"
"554","Normal/Others","WS/MP18428/2025-2026/247269-Development of public parks","Andhra Pradesh","WEST GODAVARI(DISTRICT COLLECTOR WEST GODAVARI_IDA)","Shri Masthan Rao Yadav Beedha (2024-28) (2024-2028)","Elected MP","Beatification of NTR Kalaavanam in Pedamiram village in Kalla Mandal, West Godavari District","10-Nov-2025","30-Jan-2026","2500000","Sanction"
"555","Normal/Others","WS/MP18373/2025-2026/193677-Development of playfields and sports grounds","Andhra Pradesh","Alluri Sitharama Raju(DISTRICT COLLECTOR ALLURI SITHARAMARAJU_IDA)","Shri Yerram Venkata Subba Reddy (2024-30) (2024-2030)","Elected MP","Providing Additional facilities to Play Ground Area near Market Yard in Arakuvalley Village and Mandal, Alluri Sitharama Raju District.","23-Apr-2025","30-Aug-2025","3000000","Sanction"
"556","Normal/Others","WS/MP18428/2025-2026/204764-Lighting of public spaces","Andhra Pradesh","Anakapalli(DISTRICT COLLECTOR ANAKAPALLI_IDA)","Shri Masthan Rao Yadav Beedha (2024-28) (2024-2028)","Elected MP","Provide Pathway lights and mini high mast lights for Sri Alluri Seeta Ramaraju Memorial Park, Krishnadevipeta, Golugonda Mandal, Anakapalli District","29-May-2025","02-Jul-2025","997073","Physical Inspection"
"557","Normal/Others","WS/MP18428/2026-2027/289706-Lighting of public spaces","Andhra Pradesh","Sri Potti Sriramulu Nellore(DISTRICT COLLECTOR NELLORE_IDA)","Shri Masthan Rao Yadav Beedha (2024-28) (2024-2028)","Elected MP","Providing of illumination with 12 Mtrs Polygon High Mast with 200 watts LED flood lights at various places at Iskapalli GP of Allur Mandal, SPSR Nelllore District","27-Jun-2026","27-Jul-2026","1500000","Sanction"
"558","Normal/Others","WS/MP18430/2025-2026/244439-Improvement of electricity distribution infrastructure","Andhra Pradesh","Bapatla(DISTRICT COLLECTOR BAPATLA_IDA)","Shri Paka Venkata Satyanarayana (2025-28) (2025-2028)","Elected MP","Installation of new distribution transformers and allied electrical infrastructure to ensure uninterrupted power supply to existing community drinking water plants, for continuous provision of safe and clean drinking water to the residents.","29-Oct-2025","19-Dec-2025","1600000","Physical Inspection"
"559","Normal/Others","WS/MP18427/2025-2026/229179-Street lights","Andhra Pradesh","Tirupati(DISTRICT COLLECTOR TIRUPATI_IDA)","Shri Ryaga Krishnaiah (2024-28) (2024-2028)","Elected MP","Providing of 18W LED Street Lights at Singirikona to Narayanavanam, Via Nagileru, Narayanavanam Mandal, Tirupathi Dist","28-Aug-2025","13-Oct-2025","1500000","Sanction"
"560","Normal/Others","WS/MP18428/2025-2026/255644-Street lights","Andhra Pradesh","Sri Potti Sriramulu Nellore(DISTRICT COLLECTOR NELLORE_IDA)","Shri Masthan Rao Yadav Beedha (2024-28) (2024-2028)","Elected MP","Providing Street Lights in Iskapalli GP of Allur Mandal, SPSR Nellore District.","26-Dec-2025","08-Jan-2026","500000","Sanction"
"561","Normal/Others","WS/MP840/2026-2027/278955-Street lights","Andhra Pradesh","Narayanpet(DISTRICT COLLECTOR NARAYANPET_IDA)","Shri V. Vijayendra Prasad (2022-28) (2022-2028)","Nominated MP","Providing 10mt Octagonal Hi-mast LED Fllod Lightnear Sripada Chaya Ashramam in Panchadevpad","24-Apr-2026","18-Jun-2026","300000","Sanction"
"562","Normal/Others","WS/MP840/2026-2027/278967-Street lights","Andhra Pradesh","Narayanpet(DISTRICT COLLECTOR NARAYANPET_IDA)","Shri V. Vijayendra Prasad (2022-28) (2022-2028)","Nominated MP","Providing 10mt Octagonal Hi-mast LED Flood Light near Datta temple Community hall in Panchadevpad","24-Apr-2026","08-Jul-2026","300000","Sanction"
"563","Normal/Others","WS/MP840/2026-2027/278970-Street lights","Andhra Pradesh","Narayanpet(DISTRICT COLLECTOR NARAYANPET_IDA)","Shri V. Vijayendra Prasad (2022-28) (2022-2028)","Nominated MP","Providing 10mt Octagonal Hi-mast LED flood light west side near datta temple Community hall","24-Apr-2026","08-Jul-2026","300000","Sanction"
"564","Normal/Others","WS/MP840/2026-2027/287200-Street lights","Andhra Pradesh","Narayanpet(DISTRICT COLLECTOR NARAYANPET_IDA)","Shri V. Vijayendra Prasad (2022-28) (2022-2028)","Nominated MP","Providing of HI-mast light near Venkatappa H in panchadevpad","19-Jun-2026","24-Aug-2026","250000","Sanction"
"565","Normal/Others","WS/MP840/2026-2027/287208-Street lights","Andhra Pradesh","Narayanpet(DISTRICT COLLECTOR NARAYANPET_IDA)","Shri V. Vijayendra Prasad (2022-28) (2022-2028)","Nominated MP","Providing of hi-mast light near dasari venkatesh H in panchadevpad","19-Jun-2026","24-Aug-2026","250000","Sanction"
"566","Normal/Others","WS/MP840/2026-2027/287212-Street lights","Andhra Pradesh","Narayanpet(DISTRICT COLLECTOR NARAYANPET_IDA)","Shri V. Vijayendra Prasad (2022-28) (2022-2028)","Nominated MP","Providing  of Hi-mast light  near rafi H in panchdevpad","19-Jun-2026","24-Aug-2026","250000","Sanction"
"567","Normal/Others","WS/MP840/2026-2027/287267-Street lights","Andhra Pradesh","Narayanpet(DISTRICT COLLECTOR NARAYANPET_IDA)","Shri V. Vijayendra Prasad (2022-28) (2022-2028)","Nominated MP","Providing Hi-mast light near Sripada chaya ashramam in panchadevpad","19-Jun-2026","24-Aug-2026","250000","Sanction"
"568","Normal/Others","WS/MP840/2026-2027/287271-Street lights","Andhra Pradesh","Narayanpet(DISTRICT COLLECTOR NARAYANPET_IDA)","Shri V. Vijayendra Prasad (2022-28) (2022-2028)","Nominated MP","Providing of single LED street lights surronding of datta temple community hall in panchadevpad","19-Jun-2026","24-Aug-2026","500000","Sanction"
"569","Normal/Others","WS/MP840/2025-2026/189537-Purchase of non-conventional energy system and devices for community use","Andhra Pradesh","GUNTUR(DISTRICT COLLECTOR GUNTUR_IDA)","Shri V. Vijayendra Prasad (2022-28) (2022-2028)","Nominated MP","Solar Energy System installation at Sri Patibandla Sitaramaiah High School at Lakshmipuram Main road,Guntur District","07-Apr-2025","31-Oct-2025","5000000","Physical Inspection"
"570","Normal/Others","WS/MP840/2024-2025/109095-Street lights","Andhra Pradesh","NIZAMABAD(DISTRICT COLLECTOR NIZAMABAD_IDA)","Shri V. Vijayendra Prasad (2022-28) (2022-2028)","Nominated MP","Providing LED High Mast Lighting at the location given below:  GP/Village/Mandal : Mattaiah Faram Thanda/ Navipet; District : Nizamabad;","20-Feb-2024","10-Jul-2024","150000","Physical Inspection"
"571","Normal/Others","WS/MP840/2024-2025/109124-Street lights","Andhra Pradesh","NIZAMABAD(DISTRICT COLLECTOR NIZAMABAD_IDA)","Shri V. Vijayendra Prasad (2022-28) (2022-2028)","Nominated MP","Providing LED High Mast Lighting at the location given below:  GP/Village/Mandal : Abbapur Thanda/ Navipet; District : Nizamabad;","20-Feb-2024","10-Jul-2024","150000","Physical Inspection"
"572","Normal/Others","WS/MP840/2024-2025/109135-Street lights","Andhra Pradesh","NIZAMABAD(DISTRICT COLLECTOR NIZAMABAD_IDA)","Shri V. Vijayendra Prasad (2022-28) (2022-2028)","Nominated MP","Providing LED High Mast Lighting at the location given below:  GP/Village/Mandal : Maddepally Thanda 1/ Navipet; District : Nizamabad;","20-Feb-2024","10-Jul-2024","150000","Physical Inspection"
"573","Normal/Others","WS/MP840/2024-2025/109138-Street lights","Andhra Pradesh","NIZAMABAD(DISTRICT COLLECTOR NIZAMABAD_IDA)","Shri V. Vijayendra Prasad (2022-28) (2022-2028)","Nominated MP","Providing LED High Mast Lighting at the location given below:  GP/Village/Mandal : Dharyapur Thanda/ Navipet; District : Nizamabad;","20-Feb-2024","10-Jul-2024","150000","Physical Inspection"
"574","Normal/Others","WS/MP840/2024-2025/109140-Street lights","Andhra Pradesh","NIZAMABAD(DISTRICT COLLECTOR NIZAMABAD_IDA)","Shri V. Vijayendra Prasad (2022-28) (2022-2028)","Nominated MP","Providing LED High Mast Lighting at the location given below:  GP/Village/Mandal : Shiva Thanda/ Navipet; District : Nizamabad;","20-Feb-2024","10-Jul-2024","150000","Physical Inspection"
"575","Normal/Others","WS/MP840/2024-2025/109144-Street lights","Andhra Pradesh","NIZAMABAD(DISTRICT COLLECTOR NIZAMABAD_IDA)","Shri V. Vijayendra Prasad (2022-28) (2022-2028)","Nominated MP","Providing LED High Mast Lighting at the location given below:  GP/Village/Mandal : Malkapur Thanda/ Nizamabad Rural; District : Nizamabad;","20-Feb-2024","25-Jul-2024","150000","Physical Inspection"
"576","Normal/Others","WS/MP840/2024-2025/109148-Street lights","Andhra Pradesh","NIZAMABAD(DISTRICT COLLECTOR NIZAMABAD_IDA)","Shri V. Vijayendra Prasad (2022-28) (2022-2028)","Nominated MP","Providing LED High Mast Lighting at the location given below:  GP/Village/Mandal : Dharmaram Thanda/ Nizamabad Rural; District : Nizamabad;","20-Feb-2024","25-Jul-2024","150000","Physical Inspection"
"577","Normal/Others","WS/MP840/2024-2025/109187-Street lights","Andhra Pradesh","NIZAMABAD(DISTRICT COLLECTOR NIZAMABAD_IDA)","Shri V. Vijayendra Prasad (2022-28) (2022-2028)","Nominated MP","Providing LED High Mast Lighting at the location given below:  GP/Village/Mandal : Mudakpally Gudi Thanda/ Mugpal; District : Nizamabad;","20-Feb-2024","06-Jan-2025","150000","Physical Inspection"
"578","Normal/Others","WS/MP840/2024-2025/109190-Street lights","Andhra Pradesh","NIZAMABAD(DISTRICT COLLECTOR NIZAMABAD_IDA)","Shri V. Vijayendra Prasad (2022-28) (2022-2028)","Nominated MP","Providing LED High Mast Lighting at the location given below:  GP/Village/Mandal : Bhairapur Thanda/ Mugpal; District : Nizamabad;","20-Feb-2024","25-Jul-2024","150000","Physical Inspection"
"579","Normal/Others","WS/MP840/2024-2025/109197-Street lights","Andhra Pradesh","NIZAMABAD(DISTRICT COLLECTOR NIZAMABAD_IDA)","Shri V. Vijayendra Prasad (2022-28) (2022-2028)","Nominated MP","Providing LED High Mast Lighting at the location given below:  GP/Village/Mandal : Amrabad Thanda/ Mugpal;  District : Nizamabad","20-Feb-2024","25-Jul-2024","150000","Physical Inspection"
"580","Normal/Others","WS/MP840/2024-2025/109199-Street lights","Andhra Pradesh","NIZAMABAD(DISTRICT COLLECTOR NIZAMABAD_IDA)","Shri V. Vijayendra Prasad (2022-28) (2022-2028)","Nominated MP","Providing LED High Mast Lighting at the location given below:  GP/Village/Mandal : Sardar Thanda (Badsi)/ Mugpal; District : Nizamabad;","20-Feb-2024","25-Jul-2024","150000","Physical Inspection"
"581","Normal/Others","WS/MP840/2024-2025/109204-Street lights","Andhra Pradesh","NIZAMABAD(DISTRICT COLLECTOR NIZAMABAD_IDA)","Shri V. Vijayendra Prasad (2022-28) (2022-2028)","Nominated MP","Providing LED High Mast Lighting at the location given below:  GP/Village/Mandal : Yellammakunta Thanda/ Mugpal; District : Nizamabad;","20-Feb-2024","25-Jul-2024","150000","Physical Inspection"
"582","Normal/Others","WS/MP840/2024-2025/109221-Street lights","Andhra Pradesh","NIZAMABAD(DISTRICT COLLECTOR NIZAMABAD_IDA)","Shri V. Vijayendra Prasad (2022-28) (2022-2028)","Nominated MP","Providing LED High Mast Lighting at the location given below:  GP/Village/Mandal : Doosgaon Thanda/ Dichpally; District : Nizamabad;","20-Feb-2024","25-Jul-2024","150000","Physical Inspection"
"583","Normal/Others","WS/MP840/2024-2025/109225-Street lights","Andhra Pradesh","NIZAMABAD(DISTRICT COLLECTOR NIZAMABAD_IDA)","Shri V. Vijayendra Prasad (2022-28) (2022-2028)","Nominated MP","Providing LED High Mast Lighting at the location given below:  GP/Village/Mandal : Sampally Thanda/ Dichpally; District : Nizamabad;","20-Feb-2024","12-Sep-2024","150000","Physical Inspection"
"584","Normal/Others","WS/MP840/2024-2025/109227-Street lights","Andhra Pradesh","NIZAMABAD(DISTRICT COLLECTOR NIZAMABAD_IDA)","Shri V. Vijayendra Prasad (2022-28) (2022-2028)","Nominated MP","Providing LED High Mast Lighting at the location given below:  GP/Village/Mandal : Mittapally Thanda/ Dichpally; District : Nizamabad;","20-Feb-2024","25-Jul-2024","150000","Physical Inspection"
"585","Normal/Others","WS/MP840/2024-2025/109229-Street lights","Andhra Pradesh","NIZAMABAD(DISTRICT COLLECTOR NIZAMABAD_IDA)","Shri V. Vijayendra Prasad (2022-28) (2022-2028)","Nominated MP","Providing LED High Mast Lighting at the location given below:  GP/Village/Mandal : Vesli Nagar Thanda/ Dichpally; District : Nizamabad;","20-Feb-2024","25-Jul-2024","150000","Physical Inspection"
"586","Normal/Others","WS/MP840/2024-2025/109231-Street lights","Andhra Pradesh","NIZAMABAD(DISTRICT COLLECTOR NIZAMABAD_IDA)","Shri V. Vijayendra Prasad (2022-28) (2022-2028)","Nominated MP","Providing LED High Mast Lighting at the location given below:  GP/Village/Mandal : Bibipur Thanda/ Dichpally; District : Nizamabad;","20-Feb-2024","25-Jul-2024","150000","Physical Inspection"
"587","Normal/Others","WS/MP840/2024-2025/109232-Street lights","Andhra Pradesh","NIZAMABAD(DISTRICT COLLECTOR NIZAMABAD_IDA)","Shri V. Vijayendra Prasad (2022-28) (2022-2028)","Nominated MP","Providing LED High Mast Lighting at the location given below:  GP/Village/Mandal : Makloor Thanda/ Indalwai; District : Nizamabad;","20-Feb-2024","10-Jul-2024","150000","Physical Inspection"
"588","Normal/Others","WS/MP840/2024-2025/109234-Street lights","Andhra Pradesh","NIZAMABAD(DISTRICT COLLECTOR NIZAMABAD_IDA)","Shri V. Vijayendra Prasad (2022-28) (2022-2028)","Nominated MP","Providing LED High Mast Lighting at the location given below:  GP/Village/Mandal : Sirnapally Station Thanda/ Indalwai; District : Nizamabad;","20-Feb-2024","10-Jul-2024","150000","Physical Inspection"
"589","Normal/Others","WS/MP840/2024-2025/109236-Street lights","Andhra Pradesh","NIZAMABAD(DISTRICT COLLECTOR NIZAMABAD_IDA)","Shri V. Vijayendra Prasad (2022-28) (2022-2028)","Nominated MP","Providing LED High Mast Lighting at the location given below:  GP/Village/Mandal : Gannaram Attu Thanda/ Indalwai; District : Nizamabad;","20-Feb-2024","10-Jul-2024","150000","Physical Inspection"
"590","Normal/Others","WS/MP840/2024-2025/109260-Street lights","Andhra Pradesh","NIZAMABAD(DISTRICT COLLECTOR NIZAMABAD_IDA)","Shri V. Vijayendra Prasad (2022-28) (2022-2028)","Nominated MP","Providing LED High Mast Lighting at the location given below:  GP/Village/Mandal : Pati Thanda/ Indalwai; District : Nizamabad;","20-Feb-2024","10-Jul-2024","150000","Physical Inspection"
"591","Normal/Others","WS/MP840/2024-2025/109263-Street lights","Andhra Pradesh","NIZAMABAD(DISTRICT COLLECTOR NIZAMABAD_IDA)","Shri V. Vijayendra Prasad (2022-28) (2022-2028)","Nominated MP","Providing LED High Mast Lighting at the location given below:  GP/Village/Mandal : Megyanayak Thanda/ Indalwai; District : Nizamabad;","20-Feb-2024","10-Jul-2024","150000","Physical Inspection"
"592","Normal/Others","WS/MP840/2024-2025/109271-Street lights","Andhra Pradesh","NIZAMABAD(DISTRICT COLLECTOR NIZAMABAD_IDA)","Shri V. Vijayendra Prasad (2022-28) (2022-2028)","Nominated MP","Providing LED High Mast Lighting at the location given below:  GP/Village/Mandal : Chandmiyabhag Thanda/ Jakranpally; District : Nizamabad;","20-Feb-2024","10-Jul-2024","150000","Physical Inspection"
"593","Normal/Others","WS/MP840/2024-2025/109272-Street lights","Andhra Pradesh","NIZAMABAD(DISTRICT COLLECTOR NIZAMABAD_IDA)","Shri V. Vijayendra Prasad (2022-28) (2022-2028)","Nominated MP","Providing LED High Mast Lighting at the location given below:  GP/Village/Mandal : Munipally Nadmi Thanda/ Jakranpally; District : Nizamabad;","20-Feb-2024","10-Jul-2024","150000","Physical Inspection"
"594","Normal/Others","WS/MP840/2024-2025/109273-Street lights","Andhra Pradesh","NIZAMABAD(DISTRICT COLLECTOR NIZAMABAD_IDA)","Shri V. Vijayendra Prasad (2022-28) (2022-2028)","Nominated MP","Providing LED High Mast Lighting at the location given below:  GP/Village/Mandal : Maddul Thanda/ Dharpally; District : Nizamabad;","20-Feb-2024","05-Aug-2024","150000","Physical Inspection"
"595","Normal/Others","WS/MP840/2024-2025/109274-Street lights","Andhra Pradesh","NIZAMABAD(DISTRICT COLLECTOR NIZAMABAD_IDA)","Shri V. Vijayendra Prasad (2022-28) (2022-2028)","Nominated MP","Providing LED High Mast Lighting at the location given below:  GP/Village/Mandal : DB Thanda/ Dharpally; District : Nizamabad;","20-Feb-2024","10-Jul-2024","150000","Physical Inspection"
"596","Normal/Others","WS/MP840/2024-2025/109275-Street lights","Andhra Pradesh","NIZAMABAD(DISTRICT COLLECTOR NIZAMABAD_IDA)","Shri V. Vijayendra Prasad (2022-28) (2022-2028)","Nominated MP","Providing LED High Mast Lighting at the location given below:  GP/Village/Mandal : Salpa Thanda/ Dharpally; District : Nizamabad;","20-Feb-2024","10-Jul-2024","150000","Physical Inspection"
"597","Normal/Others","WS/MP840/2024-2025/109276-Street lights","Andhra Pradesh","NIZAMABAD(DISTRICT COLLECTOR NIZAMABAD_IDA)","Shri V. Vijayendra Prasad (2022-28) (2022-2028)","Nominated MP","Providing LED High Mast Lighting at the location given below:  GP/Village/Mandal : Musheer Nagar Thanda/ Sirkonda; District : Nizamabad;","20-Feb-2024","10-Jul-2024","150000","Physical Inspection"
"598","Normal/Others","WS/MP840/2024-2025/109277-Street lights","Andhra Pradesh","NIZAMABAD(DISTRICT COLLECTOR NIZAMABAD_IDA)","Shri V. Vijayendra Prasad (2022-28) (2022-2028)","Nominated MP","Providing LED High Mast Lighting at the location given below:  GP/Village/Mandal : Pakala/ Sirkonda; District : Nizamabad;","20-Feb-2024","10-Jul-2024","150000","Physical Inspection"
"599","Normal/Others","WS/MP840/2024-2025/109279-Street lights","Andhra Pradesh","NIZAMABAD(DISTRICT COLLECTOR NIZAMABAD_IDA)","Shri V. Vijayendra Prasad (2022-28) (2022-2028)","Nominated MP","Providing LED High Mast Lighting at the location given below:  GP/Village/Mandal : Sarpally Thanda/ Sirkonda; District : Nizamabad;","20-Feb-2024","10-Jul-2024","150000","Physical Inspection"
"600","Normal/Others","WS/MP840/2024-2025/109280-Street lights","Andhra Pradesh","NIZAMABAD(DISTRICT COLLECTOR NIZAMABAD_IDA)","Shri V. Vijayendra Prasad (2022-28) (2022-2028)","Nominated MP","Providing LED High Mast Lighting at the location given below:  GP/Village/Mandal : Manik Bhandar Thanda/ Makloor; District : Nizamabad;","20-Feb-2024","19-Jul-2024","150000","Physical Inspection"
"601","Normal/Others","WS/MP840/2024-2025/109281-Street lights","Andhra Pradesh","NIZAMABAD(DISTRICT COLLECTOR NIZAMABAD_IDA)","Shri V. Vijayendra Prasad (2022-28) (2022-2028)","Nominated MP","Providing LED High Mast Lighting at the location given below:  GP/Village/Mandal : Durga Nagar Kindi Thanda/ Makloor; District : Nizamabad;","20-Feb-2024","19-Jul-2024","150000","Physical Inspection"
"602","Normal/Others","WS/MP840/2024-2025/109288-Street lights","Andhra Pradesh","NIZAMABAD(DISTRICT COLLECTOR NIZAMABAD_IDA)","Shri V. Vijayendra Prasad (2022-28) (2022-2028)","Nominated MP","Providing LED High Mast Lighting at the location given below:  GP/Village/Mandal : Nadmi Thanda/ Makloor; District : Nizamabad;","20-Feb-2024","19-Jul-2024","150000","Physical Inspection"
"603","Normal/Others","WS/MP840/2024-2025/109289-Street lights","Andhra Pradesh","NIZAMABAD(DISTRICT COLLECTOR NIZAMABAD_IDA)","Shri V. Vijayendra Prasad (2022-28) (2022-2028)","Nominated MP","Providing LED High Mast Lighting at the location given below:  GP/Village/Mandal : Ramchandrapally Thanda/ Aloor; District : Nizamabad;","20-Feb-2024","19-Jul-2024","150000","Physical Inspection"
"604","Normal/Others","WS/MP840/2025-2026/210690-Street lights","Andhra Pradesh","MAHABUBNAGAR(DISTRICT COLLECTOR MAHABUBNAGAR_3)","Shri V. Vijayendra Prasad (2022-28) (2022-2028)","Nominated MP","Erection of High Mast with Led flood lights","20-Jun-2025","24-Jul-2025","250000","Sanction"
"605","Normal/Others","WS/MP840/2025-2026/211750-Street lights","Andhra Pradesh","MAHABUBNAGAR(DISTRICT COLLECTOR MAHABUBNAGAR_3)","Shri V. Vijayendra Prasad (2022-28) (2022-2028)","Nominated MP","Erection of High mast with LED Flood lights","24-Jun-2025","24-Jul-2025","250000","Physical Inspection"
"606","Normal/Others","WS/MP840/2025-2026/211753-Street lights","Andhra Pradesh","MAHABUBNAGAR(DISTRICT COLLECTOR MAHABUBNAGAR_3)","Shri V. Vijayendra Prasad (2022-28) (2022-2028)","Nominated MP","Erection of High mast with Led flood Lights","24-Jun-2025","24-Jul-2025","250000","Physical Inspection"
"607","Normal/Others","WS/MP840/2025-2026/211754-Street lights","Andhra Pradesh","MAHABUBNAGAR(DISTRICT COLLECTOR MAHABUBNAGAR_3)","Shri V. Vijayendra Prasad (2022-28) (2022-2028)","Nominated MP","Erection of High mast with Led flood lights","24-Jun-2025","24-Jul-2025","250000","Physical Inspection"
"608","Normal/Others","WS/MP840/2025-2026/211758-Street lights","Andhra Pradesh","MAHABUBNAGAR(DISTRICT COLLECTOR MAHABUBNAGAR_3)","Shri V. Vijayendra Prasad (2022-28) (2022-2028)","Nominated MP","Erection of High Mast with Led Flood lights","24-Jun-2025","24-Jul-2025","250000","Physical Inspection"
"609","Normal/Others","WS/MP840/2025-2026/273565-Construction of culverts and bridges","Andhra Pradesh","Kakinada(DISTRICT COLLECTOR KAKINADA_IDA)","Shri V. Vijayendra Prasad (2022-28) (2022-2028)","Nominated MP","Constructio CC Drain with cover slabs with culvert from saagi Subbaraju H to Saagi Bhaskaraju site","11-Mar-2026","16-Mar-2026","360000","Physical Inspection"
"610","Normal/Others","WS/MP840/2025-2026/273566-Construction of culverts and bridges","Andhra Pradesh","Kakinada(DISTRICT COLLECTOR KAKINADA_IDA)","Shri V. Vijayendra Prasad (2022-28) (2022-2028)","Nominated MP","Construction CC Drain with cover slabs from Saagi Ramanayaraju H to saagi Venkatasubbaraju","11-Mar-2026","16-Mar-2026","300000","Physical Inspection"
"611","Normal/Others","WS/MP840/2025-2026/206219-Construction of culverts and bridges","Andhra Pradesh","Narayanpet(DISTRICT COLLECTOR NARAYANPET_IDA)","Shri V. Vijayendra Prasad (2022-28) (2022-2028)","Nominated MP","Construction culvert near Nalagundlu or RF sangambanda to Madwar in Sangambanda village of Makthal mandal","03-Jun-2025","06-Nov-2025","500000","Work Completed"
"612","Normal/Others","WS/MP840/2025-2026/190262-Construction of roads, link roads, pathways or any other road with or without drainage system","Andhra Pradesh","WEST GODAVARI(DISTRICT COLLECTOR WEST GODAVARI_IDA)","Shri V. Vijayendra Prasad (2022-28) (2022-2028)","Nominated MP","Providing CC Planks to bund slope and gravel top on North side of Jaggabathula cheruvu at Rapaka","09-Apr-2025","26-Apr-2025","2400000","Work Completed"
"613","Normal/Others","WS/MP840/2026-2027/278945-Construction of roads, link roads, pathways or any other road with or without drainage system","Andhra Pradesh","Narayanpet(DISTRICT COLLECTOR NARAYANPET_IDA)","Shri V. Vijayendra Prasad (2022-28) (2022-2028)","Nominated MP","Laying of CC Road near East side of Sripada chaya Ashramam in Panchadevpad","24-Apr-2026","18-Jun-2026","500000","Sanction"
"614","Normal/Others","WS/MP840/2026-2027/278946-Construction of roads, link roads, pathways or any other road with or without drainage system","Andhra Pradesh","Narayanpet(DISTRICT COLLECTOR NARAYANPET_IDA)","Shri V. Vijayendra Prasad (2022-28) (2022-2028)","Nominated MP","Laying of CC Road near West side of Sripada Chaya Ashramam in Panchadevpad","24-Apr-2026","18-Jun-2026","500000","Sanction"
"615","Normal/Others","WS/MP840/2026-2027/278947-Construction of roads, link roads, pathways or any other road with or without drainage system","Andhra Pradesh","Narayanpet(DISTRICT COLLECTOR NARAYANPET_IDA)","Shri V. Vijayendra Prasad (2022-28) (2022-2028)","Nominated MP","Laying of CC Road near North side of Sripada chaya Ashramam in Panchadevpad","24-Apr-2026","18-Jun-2026","500000","Sanction"
"616","Normal/Others","WS/MP840/2026-2027/278948-Construction of roads, link roads, pathways or any other road with or without drainage system","Andhra Pradesh","Narayanpet(DISTRICT COLLECTOR NARAYANPET_IDA)","Shri V. Vijayendra Prasad (2022-28) (2022-2028)","Nominated MP","Construction of Shed East side near Sripadachaya Ashramam in Panchadevpad","24-Apr-2026","18-Jun-2026","500000","Sanction"
"617","Normal/Others","WS/MP840/2026-2027/278951-Construction of roads, link roads, pathways or any other road with or without drainage system","Andhra Pradesh","Narayanpet(DISTRICT COLLECTOR NARAYANPET_IDA)","Shri V. Vijayendra Prasad (2022-28) (2022-2028)","Nominated MP","Construction of Shed north side near sripada chaya Ashramam in panchadevpad","24-Apr-2026","18-Jun-2026","500000","Sanction"
"618","Normal/Others","WS/MP840/2026-2027/278953-Construction of roads, link roads, pathways or any other road with or without drainage system","Andhra Pradesh","Narayanpet(DISTRICT COLLECTOR NARAYANPET_IDA)","Shri V. Vijayendra Prasad (2022-28) (2022-2028)","Nominated MP","Providing Dadooing to Varandah near Datta temple Community hall in panchadevpad","24-Apr-2026","18-Jun-2026","500000","Sanction"
"619","Normal/Others","WS/MP840/2025-2026/209283-Construction of footpaths and pedestrian ways","Andhra Pradesh","PRAKASAM(DISTRICT COLLECTOR PRAKASAM_IDA)","Shri V. Vijayendra Prasad (2022-28) (2022-2028)","Nominated MP","Construction of Walking Track with Brick out line width 4m and length 400 m","16-Jun-2025","07-Nov-2025","500000","Sanction"
"620","Normal/Others","WS/MP840/2026-2027/287237-Construction of roads, link roads, pathways or any other road with or without drainage system","Andhra Pradesh","Narayanpet(DISTRICT COLLECTOR NARAYANPET_IDA)","Shri V. Vijayendra Prasad (2022-28) (2022-2028)","Nominated MP","Laying of cc road from r and b tonkaranam sindu house in panchadevpad","19-Jun-2026","24-Aug-2026","500000","Sanction"
"621","Normal/Others","WS/MP840/2026-2027/287249-Construction of roads, link roads, pathways or any other road with or without drainage system","Andhra Pradesh","Narayanpet(DISTRICT COLLECTOR NARAYANPET_IDA)","Shri V. Vijayendra Prasad (2022-28) (2022-2028)","Nominated MP","Laying of CC  road from sindhu house to R suvappa house in panchadevpad","19-Jun-2026","24-Aug-2026","200000","Sanction"
"622","Normal/Others","WS/MP840/2026-2027/287254-Construction of roads, link roads, pathways or any other road with or without drainage system","Andhra Pradesh","Narayanpet(DISTRICT COLLECTOR NARAYANPET_IDA)","Shri V. Vijayendra Prasad (2022-28) (2022-2028)","Nominated MP","Laying of CC road from Siddappa house to Chitamma house in panchadevpad","19-Jun-2026","24-Aug-2026","400000","Sanction"
"623","Normal/Others","WS/MP840/2026-2027/287255-Construction of roads, link roads, pathways or any other road with or without drainage system","Andhra Pradesh","Narayanpet(DISTRICT COLLECTOR NARAYANPET_IDA)","Shri V. Vijayendra Prasad (2022-28) (2022-2028)","Nominated MP","Laying of CC road from ramulu house to polamma temple in panchadevpad","19-Jun-2026","24-Aug-2026","400000","Sanction"
"624","Normal/Others","WS/MP840/2026-2027/287259-Construction of roads, link roads, pathways or any other road with or without drainage system","Andhra Pradesh","Narayanpet(DISTRICT COLLECTOR NARAYANPET_IDA)","Shri V. Vijayendra Prasad (2022-28) (2022-2028)","Nominated MP","Laying of cc road from R and B road to ramulu house  in panchadevpad","19-Jun-2026","24-Aug-2026","500000","Sanction"
"625","Normal/Others","WS/MP840/2025-2026/257646-Construction of roads, link roads, pathways or any other road with or without drainage system","Andhra Pradesh","Dr. B.R. Ambedkar Konaseema(DISTRICT COLLECTOR Dr B R AMBEDKAR KONASEEMA_IDA)","Shri V. Vijayendra Prasad (2022-28) (2022-2028)","Nominated MP","Construction of Community CC Road from Peruru Rambabu house to peruru Venkata Satyanarayana house","06-Jan-2026","19-Feb-2026","500000","Physical Inspection"
"626","Normal/Others","WS/MP840/2025-2026/257647-Construction of roads, link roads, pathways or any other road with or without drainage system","Andhra Pradesh","Dr. B.R. Ambedkar Konaseema(DISTRICT COLLECTOR Dr B R AMBEDKAR KONASEEMA_IDA)","Shri V. Vijayendra Prasad (2022-28) (2022-2028)","Nominated MP","Construction of Community CC Road from Peruru Venkata satyanarayana house to Indupalli Veera Venkata satayanarayana house","06-Jan-2026","19-Feb-2026","500000","Physical Inspection"
"627","Normal/Others","WS/MP840/2025-2026/257648-Construction of roads, link roads, pathways or any other road with or without drainage system","Andhra Pradesh","Dr. B.R. Ambedkar Konaseema(DISTRICT COLLECTOR Dr B R AMBEDKAR KONASEEMA_IDA)","Shri V. Vijayendra Prasad (2022-28) (2022-2028)","Nominated MP","Construction of Community CC road from Indupalli Veera Venkata Satyanarayana house to Peruru Rambabu field","06-Jan-2026","19-Feb-2026","500000","Physical Inspection"
"628","Normal/Others","WS/MP840/2025-2026/257649-Construction of roads, link roads, pathways or any other road with or without drainage system","Andhra Pradesh","Dr. B.R. Ambedkar Konaseema(DISTRICT COLLECTOR Dr B R AMBEDKAR KONASEEMA_IDA)","Shri V. Vijayendra Prasad (2022-28) (2022-2028)","Nominated MP","Construction Community CC Road from Peruru Rambabu field to Pasupuleti Maha Laxmi Rao house","06-Jan-2026","16-Mar-2026","500000","Physical Inspection"
"629","Normal/Others","WS/MP840/2025-2026/257650-Construction of roads, link roads, pathways or any other road with or without drainage system","Andhra Pradesh","Dr. B.R. Ambedkar Konaseema(DISTRICT COLLECTOR Dr B R AMBEDKAR KONASEEMA_IDA)","Shri V. Vijayendra Prasad (2022-28) (2022-2028)","Nominated MP","Construction of Community CC road from Pasupuleti Maha Laxmi rao house to Mamidisetti Nagaraju field","06-Jan-2026","19-Feb-2026","500000","Physical Inspection"
"630","Normal/Others","WS/MP840/2025-2026/273557-Construction of roads, link roads, pathways or any other road with or without drainage system","Andhra Pradesh","Kakinada(DISTRICT COLLECTOR KAKINADA_IDA)","Shri V. Vijayendra Prasad (2022-28) (2022-2028)","Nominated MP","Construction of CC Drain with cover slabs from saagi Chiranjeevi raju site to saagi satyaaaryaraju varma H","11-Mar-2026","16-Mar-2026","360000","Physical Inspection"
"631","Normal/Others","WS/MP840/2025-2026/273564-Construction of roads, link roads, pathways or any other road with or without drainage system","Andhra Pradesh","Kakinada(DISTRICT COLLECTOR KAKINADA_IDA)","Shri V. Vijayendra Prasad (2022-28) (2022-2028)","Nominated MP","Construction CC Drain with cover slabs with culvert from Datla satyanarayanamma  H to saagi lakshminarasimharaju site","11-Mar-2026","16-Mar-2026","340000","Physical Inspection"
"632","Normal/Others","WS/MP840/2025-2026/273570-Construction of roads, link roads, pathways or any other road with or without drainage system","Andhra Pradesh","Kakinada(DISTRICT COLLECTOR KAKINADA_IDA)","Shri V. Vijayendra Prasad (2022-28) (2022-2028)","Nominated MP","Construction  of CC roadfrom Saagi chiranjeeviraju site to Saagi satyanarayanaraju Varma H","11-Mar-2026","16-Mar-2026","450000","Sanction"
"633","Normal/Others","WS/MP840/2025-2026/273572-Construction of roads, link roads, pathways or any other road with or without drainage system","Andhra Pradesh","Kakinada(DISTRICT COLLECTOR KAKINADA_IDA)","Shri V. Vijayendra Prasad (2022-28) (2022-2028)","Nominated MP","Construction of CC Road from Saagi Ramanayya Raju H  to Saagi Venkata subbaraju H","11-Mar-2026","16-Mar-2026","280000","Sanction"
"634","Normal/Others","WS/MP840/2025-2026/273573-Construction of roads, link roads, pathways or any other road with or without drainage system","Andhra Pradesh","Kakinada(DISTRICT COLLECTOR KAKINADA_IDA)","Shri V. Vijayendra Prasad (2022-28) (2022-2028)","Nominated MP","Construction of Returning wall to bridge","11-Mar-2026","16-Mar-2026","210000","Sanction"
"635","Normal/Others","WS/MP840/2025-2026/244850-Construction of roads, link roads, pathways or any other road with or without drainage system","Andhra Pradesh","Narayanpet(DISTRICT COLLECTOR NARAYANPET_IDA)","Shri V. Vijayendra Prasad (2022-28) (2022-2028)","Nominated MP","Laying of CC road from Ushannagoud plot to Telugu Balaiah plot in katrevepally","30-Oct-2025","17-Jan-2026","500000","Sanction"
"636","Normal/Others","WS/MP840/2025-2026/244851-Construction of roads, link roads, pathways or any other road with or without drainage system","Andhra Pradesh","Narayanpet(DISTRICT COLLECTOR NARAYANPET_IDA)","Shri V. Vijayendra Prasad (2022-28) (2022-2028)","Nominated MP","Laying of CC road from Oora bavi to Ushannagoud plot in Katrevpally","30-Oct-2025","17-Jan-2026","500000","Sanction"
"637","Normal/Others","WS/MP840/2025-2026/215492-Construction of roads, link roads, pathways or any other road with or without drainage system","Andhra Pradesh","NALGONDA(DISTRICT COLLECTOR NALGONDA)","Shri V. Vijayendra Prasad (2022-28) (2022-2028)","Nominated MP","Metaling on road from eduluru to kurumarthy from 2km to 2.250 km","07-Jul-2025","31-Jul-2025","500000","Sanction"
"638","Normal/Others","WS/MP840/2025-2026/215495-Construction of roads, link roads, pathways or any other road with or without drainage system","Andhra Pradesh","NALGONDA(DISTRICT COLLECTOR NALGONDA)","Shri V. Vijayendra Prasad (2022-28) (2022-2028)","Nominated MP","Metaling on road from eduluru to kurumarthy from 2.250 to 2.500 km","07-Jul-2025","31-Jul-2025","500000","Sanction"
"639","Normal/Others","WS/MP840/2025-2026/215504-Construction of roads, link roads, pathways or any other road with or without drainage system","Andhra Pradesh","NALGONDA(DISTRICT COLLECTOR NALGONDA)","Shri V. Vijayendra Prasad (2022-28) (2022-2028)","Nominated MP","Metaling on road from Eduluru to karumarthy from 0 to 0.250 km","07-Jul-2025","31-Jul-2025","500000","Sanction"
"640","Normal/Others","WS/MP840/2025-2026/215506-Construction of roads, link roads, pathways or any other road with or without drainage system","Andhra Pradesh","NALGONDA(DISTRICT COLLECTOR NALGONDA)","Shri V. Vijayendra Prasad (2022-28) (2022-2028)","Nominated MP","Metaling on road from Eduluru to kurumarthy from 0.250 to 0.500","07-Jul-2025","31-Jul-2025","500000","Sanction"
"641","Normal/Others","WS/MP840/2024-2025/159540-Construction of roads, link roads, pathways or any other road with or without drainage system","Andhra Pradesh","Dr. B.R. Ambedkar Konaseema(DISTRICT COLLECTOR Dr B R AMBEDKAR KONASEEMA_IDA)","Shri V. Vijayendra Prasad (2022-28) (2022-2028)","Nominated MP","Construction of Roads and Drainage at SC peta main road from river bund ramp to toward panchayat office in vaddiparu","17-Dec-2024","27-Dec-2024","4463588","Physical Inspection"
"642","Normal/Others","WS/MP840/2025-2026/195439-Construction of roads, link roads, pathways or any other road with or without drainage system","Andhra Pradesh","KRISHNA(DISTRICT COLLECTOR KRISHNA_IDA)","Shri V. Vijayendra Prasad (2022-28) (2022-2028)","Nominated MP","CC road at ST colony Hindu Burial ground west copound wall of east gate of challapalli village","29-Apr-2025","04-Jun-2025","818442","Physical Inspection"
"643","Normal/Others","WS/MP840/2025-2026/195442-Construction of roads, link roads, pathways or any other road with or without drainage system","Andhra Pradesh","KRISHNA(DISTRICT COLLECTOR KRISHNA_IDA)","Shri V. Vijayendra Prasad (2022-28) (2022-2028)","Nominated MP","CC Road at ST  colont Hindu burial ground East gate to 6th canal of challapalli Village","29-Apr-2025","04-Jun-2025","555815","Physical Inspection"
"644","Normal/Others","WS/MP840/2025-2026/215455-Construction of roads, link roads, pathways or any other road with or without drainage system","Andhra Pradesh","NALGONDA(DISTRICT COLLECTOR NALGONDA)","Shri V. Vijayendra Prasad (2022-28) (2022-2028)","Nominated MP","Metaling on road from Eduluru to Kurumarthy from 0.500 to 0.750 km","07-Jul-2025","31-Jul-2025","500000","Sanction"
"645","Normal/Others","WS/MP840/2025-2026/215456-Construction of roads, link roads, pathways or any other road with or without drainage system","Andhra Pradesh","NALGONDA(DISTRICT COLLECTOR NALGONDA)","Shri V. Vijayendra Prasad (2022-28) (2022-2028)","Nominated MP","Metaling on road from eduluru to kurumarthy from 0.750 to 1 km","07-Jul-2025","31-Jul-2025","500000","Sanction"
"646","Normal/Others","WS/MP840/2025-2026/215457-Construction of roads, link roads, pathways or any other road with or without drainage system","Andhra Pradesh","NALGONDA(DISTRICT COLLECTOR NALGONDA)","Shri V. Vijayendra Prasad (2022-28) (2022-2028)","Nominated MP","Metaling on road from eduluru to kurumarthy from 1km to 1.250 km","07-Jul-2025","31-Jul-2025","500000","Sanction"
"647","Normal/Others","WS/MP840/2025-2026/215458-Construction of roads, link roads, pathways or any other road with or without drainage system","Andhra Pradesh","NALGONDA(DISTRICT COLLECTOR NALGONDA)","Shri V. Vijayendra Prasad (2022-28) (2022-2028)","Nominated MP","Metaling on road from eduluru to kurumarthy from 1.250 to 1.500 Km","07-Jul-2025","31-Jul-2025","500000","Sanction"
"648","Normal/Others","WS/MP840/2025-2026/215486-Construction of roads, link roads, pathways or any other road with or without drainage system","Andhra Pradesh","NALGONDA(DISTRICT COLLECTOR NALGONDA)","Shri V. Vijayendra Prasad (2022-28) (2022-2028)","Nominated MP","Metaling on road from eduluru to kurumurthy from 1.500 to 1.750 km","07-Jul-2025","31-Jul-2025","500000","Sanction"
"649","Normal/Others","WS/MP840/2025-2026/215490-Construction of roads, link roads, pathways or any other road with or without drainage system","Andhra Pradesh","NALGONDA(DISTRICT COLLECTOR NALGONDA)","Shri V. Vijayendra Prasad (2022-28) (2022-2028)","Nominated MP","Metaling on road from eduluru to kurumarthy from 1.750 to 2 km","07-Jul-2025","31-Jul-2025","500000","Sanction"
"650","Normal/Others","WS/MP840/2024-2025/180390-Construction of roads, link roads, pathways or any other road with or without drainage system","Andhra Pradesh","Dr. B.R. Ambedkar Konaseema(DISTRICT COLLECTOR Dr B R AMBEDKAR KONASEEMA_IDA)","Shri V. Vijayendra Prasad (2022-28) (2022-2028)","Nominated MP","Providing BT Road from Amalapuram Bobbarlanka road to vakalapudi Suribabu field at Vaddiparru V of Atreyapuram M","08-Mar-2025","29-Mar-2025","499263","Physical Inspection"
"651","Normal/Others","WS/MP840/2024-2025/180393-Construction of roads, link roads, pathways or any other road with or without drainage system","Andhra Pradesh","Dr. B.R. Ambedkar Konaseema(DISTRICT COLLECTOR Dr B R AMBEDKAR KONASEEMA_IDA)","Shri V. Vijayendra Prasad (2022-28) (2022-2028)","Nominated MP","Providing BT road from vakalapudi suribabu field to Ayinam Satyanarayana field at vaddipattu V of Atreyapuram M","08-Mar-2025","29-Mar-2025","499263","Physical Inspection"
"652","Normal/Others","WS/MP840/2024-2025/180398-Construction of roads, link roads, pathways or any other road with or without drainage system","Andhra Pradesh","Dr. B.R. Ambedkar Konaseema(DISTRICT COLLECTOR Dr B R AMBEDKAR KONASEEMA_IDA)","Shri V. Vijayendra Prasad (2022-28) (2022-2028)","Nominated MP","Providing BT road from Ayinam satyanarayana field to vakalapudi suribabu field at vaddiparru V of atreyapuram M","08-Mar-2025","29-Mar-2025","499263","Physical Inspection"
"653","Normal/Others","WS/MP840/2024-2025/180400-Construction of roads, link roads, pathways or any other road with or without drainage system","Andhra Pradesh","Dr. B.R. Ambedkar Konaseema(DISTRICT COLLECTOR Dr B R AMBEDKAR KONASEEMA_IDA)","Shri V. Vijayendra Prasad (2022-28) (2022-2028)","Nominated MP","Providing BT road from vakalapudi suribabu field to Jujjavarapu Umashankar ji field at vaddiparru V of Atreyapuram M","08-Mar-2025","29-Mar-2025","499264","Physical Inspection"
"654","Normal/Others","WS/MP840/2024-2025/180403-Construction of roads, link roads, pathways or any other road with or without drainage system","Andhra Pradesh","Dr. B.R. Ambedkar Konaseema(DISTRICT COLLECTOR Dr B R AMBEDKAR KONASEEMA_IDA)","Shri V. Vijayendra Prasad (2022-28) (2022-2028)","Nominated MP","Providing BT road from Jujjavarapu Umashankar ji field to vakalapudi janaki ramana field at vaddiparru V of Atreyapuram M","08-Mar-2025","29-Mar-2025","499263","Physical Inspection"
"655","Normal/Others","WS/MP840/2024-2025/180407-Construction of roads, link roads, pathways or any other road with or without drainage system","Andhra Pradesh","Dr. B.R. Ambedkar Konaseema(DISTRICT COLLECTOR Dr B R AMBEDKAR KONASEEMA_IDA)","Shri V. Vijayendra Prasad (2022-28) (2022-2028)","Nominated MP","Providing BT road from vakalapudi Janaki ramana field to Jujjavarapu Prakasam field at vaddiparru V of Atreyapuram M","08-Mar-2025","29-Mar-2025","499263","Physical Inspection"
"656","Normal/Others","WS/MP840/2024-2025/180411-Construction of roads, link roads, pathways or any other road with or without drainage system","Andhra Pradesh","Dr. B.R. Ambedkar Konaseema(DISTRICT COLLECTOR Dr B R AMBEDKAR KONASEEMA_IDA)","Shri V. Vijayendra Prasad (2022-28) (2022-2028)","Nominated MP","Providing BT road from Jujjavarapu prakasam field to Ane Satyanarayana field at vaddiparru V of Atreyapuram M","08-Mar-2025","29-Mar-2025","499263","Physical Inspection"
"657","Normal/Others","WS/MP840/2024-2025/180414-Construction of roads, link roads, pathways or any other road with or without drainage system","Andhra Pradesh","Dr. B.R. Ambedkar Konaseema(DISTRICT COLLECTOR Dr B R AMBEDKAR KONASEEMA_IDA)","Shri V. Vijayendra Prasad (2022-28) (2022-2028)","Nominated MP","Providing BT Road from Ane satyanarayana field to Prattipati Sattiyya field at vaddiparru V of Atreyapuram M","08-Mar-2025","29-Mar-2025","499263","Physical Inspection"
"658","Normal/Others","WS/MP840/2024-2025/180416-Construction of roads, link roads, pathways or any other road with or without drainage system","Andhra Pradesh","Dr. B.R. Ambedkar Konaseema(DISTRICT COLLECTOR Dr B R AMBEDKAR KONASEEMA_IDA)","Shri V. Vijayendra Prasad (2022-28) (2022-2028)","Nominated MP","Providing BT road from Prattipati Sattiyya field to Prattipati Satyanarayana field at Vaddiparru V of Atreyapuram M","08-Mar-2025","29-Mar-2025","499263","Physical Inspection"
"659","Normal/Others","WS/MP840/2024-2025/180417-Construction of roads, link roads, pathways or any other road with or without drainage system","Andhra Pradesh","Dr. B.R. Ambedkar Konaseema(DISTRICT COLLECTOR Dr B R AMBEDKAR KONASEEMA_IDA)","Shri V. Vijayendra Prasad (2022-28) (2022-2028)","Nominated MP","Providing BT road from Prattipati satyanaarayan field to Yetigattu in Rajakapeta at vaddiparru V of Atreyapuram M","08-Mar-2025","29-Mar-2025","499263","Physical Inspection"
"660","Normal/Others","WS/MP840/2025-2026/206146-Construction of roads, link roads, pathways or any other road with or without drainage system","Andhra Pradesh","Narayanpet(DISTRICT COLLECTOR NARAYANPET_IDA)","Shri V. Vijayendra Prasad (2022-28) (2022-2028)","Nominated MP","Construction of CC road from main road to community hall near Datta Temple in panchadevpad","03-Jun-2025","25-Jan-2026","1000000","Sanction"
"661","Normal/Others","WS/MP840/2025-2026/206149-Construction of roads, link roads, pathways or any other road with or without drainage system","Andhra Pradesh","Narayanpet(DISTRICT COLLECTOR NARAYANPET_IDA)","Shri V. Vijayendra Prasad (2022-28) (2022-2028)","Nominated MP","Construction of CC  road North side of community hall near Datta temple in Panchadevpad","03-Jun-2025","25-Jan-2026","1000000","Sanction"
"662","Normal/Others","WS/MP840/2025-2026/206151-Construction of roads, link roads, pathways or any other road with or without drainage system","Andhra Pradesh","Narayanpet(DISTRICT COLLECTOR NARAYANPET_IDA)","Shri V. Vijayendra Prasad (2022-28) (2022-2028)","Nominated MP","Construction of CC road East side of community hall near Datta temple in Panchadevpad","03-Jun-2025","25-Jan-2026","1000000","Sanction"
"663","Normal/Others","WS/MP840/2025-2026/206155-Construction of roads, link roads, pathways or any other road with or without drainage system","Andhra Pradesh","Narayanpet(DISTRICT COLLECTOR NARAYANPET_IDA)","Shri V. Vijayendra Prasad (2022-28) (2022-2028)","Nominated MP","Construction of CC road South side  of Community hall near Datta temple in panchadevpad","03-Jun-2025","25-Jan-2026","1000000","Sanction"
"664","Normal/Others","WS/MP840/2025-2026/206157-Construction of roads, link roads, pathways or any other road with or without drainage system","Andhra Pradesh","Narayanpet(DISTRICT COLLECTOR NARAYANPET_IDA)","Shri V. Vijayendra Prasad (2022-28) (2022-2028)","Nominated MP","Construction of CC road West side of community hall near Datta temple in Panchadevpad","03-Jun-2025","25-Jan-2026","1000000","Sanction"
"665","Normal/Others","WS/MP840/2025-2026/206217-Construction of roads, link roads, pathways or any other road with or without drainage system","Andhra Pradesh","Narayanpet(DISTRICT COLLECTOR NARAYANPET_IDA)","Shri V. Vijayendra Prasad (2022-28) (2022-2028)","Nominated MP","Construction of link road from Sangambanda to Madwar in sangambanda village of makthal mandal","03-Jun-2025","14-Nov-2025","500000","Work Completed"
"666","Normal/Others","WS/MP840/2024-2025/155332-Construction of roads, link roads, pathways or any other road with or without drainage system","Andhra Pradesh","Narayanpet(DISTRICT COLLECTOR NARAYANPET_IDA)","Shri V. Vijayendra Prasad (2022-28) (2022-2028)","Nominated MP","Laying of CC Roads, Construction of drains at Ward No.2 at Makthal Muncipality","27-Nov-2024","27-Dec-2024","1000000","Work Completed"
"667","Normal/Others","WS/MP840/2025-2026/155333-Construction of roads, link roads, pathways or any other road with or without drainage system","Andhra Pradesh","Narayanpet(DISTRICT COLLECTOR NARAYANPET_IDA)","Shri V. Vijayendra Prasad (2022-28) (2022-2028)","Nominated MP","Laying of CC Roads, Construction of drains at Ward No.8","27-Nov-2024","11-Apr-2025","1500000","Work Completed"
"668","Normal/Others","WS/MP840/2024-2025/155334-Construction of roads, link roads, pathways or any other road with or without drainage system","Andhra Pradesh","Narayanpet(DISTRICT COLLECTOR NARAYANPET_IDA)","Shri V. Vijayendra Prasad (2022-28) (2022-2028)","Nominated MP","Laying of CC Roads, Construction of drains at Ward No.13","27-Nov-2024","27-Dec-2024","1000000","Work Completed"
"669","Normal/Others","WS/MP840/2025-2026/273568-Construction of flood control embankments/ protection walls along riverbanks, hilltops, roadsides","Andhra Pradesh","Kakinada(DISTRICT COLLECTOR KAKINADA_IDA)","Shri V. Vijayendra Prasad (2022-28) (2022-2028)","Nominated MP","Construction RCC Cover slabs on existing drain in Various places","11-Mar-2026","16-Mar-2026","200000","Physical Inspection"
"670","Normal/Others","WS/MP840/2025-2026/206225-Construction of rainwater harvesting structures","Andhra Pradesh","Narayanpet(DISTRICT COLLECTOR NARAYANPET_IDA)","Shri V. Vijayendra Prasad (2022-28) (2022-2028)","Nominated MP","Construction of Underground drainage from Edigi Hanumanthu house to Telugu balaiah plot in katrevpalle village of Makthal mandal","03-Jun-2025","14-Nov-2025","500000","Work Completed"
"671","Normal/Others","WS/MP840/2026-2027/287266-Construction of rainwater harvesting structures","Andhra Pradesh","Narayanpet(DISTRICT COLLECTOR NARAYANPET_IDA)","Shri V. Vijayendra Prasad (2022-28) (2022-2028)","Nominated MP","Construction of underground drainage near sripada chaya ashramam in panchadevpad","19-Jun-2026","24-Aug-2026","500000","Sanction"
"672","Normal/Others","WS/MP840/2025-2026/206132-Providing supply pipelines for drinking water","Andhra Pradesh","Narayanpet(DISTRICT COLLECTOR NARAYANPET_IDA)","Shri V. Vijayendra Prasad (2022-28) (2022-2028)","Nominated MP","Providing Electrification  and sanitation to Datta temple community hall in panchadevpad","03-Jun-2025","06-Nov-2025","1000000","Work Completed"
"673","Normal/Others","WS/MP840/2026-2027/287185-Construction of water tanks","Andhra Pradesh","Narayanpet(DISTRICT COLLECTOR NARAYANPET_IDA)","Shri V. Vijayendra Prasad (2022-28) (2022-2028)","Nominated MP","Construction of water sump near Datta temple community hall in panchadevpad","19-Jun-2026","24-Aug-2026","1000000","Sanction"
"674","Normal/Others","WS/MP840/2024-2025/159541-Construction of rooms and facilities for hospitals, FWC , PHC Centers and ANM centers","Andhra Pradesh","VIZIANAGARAM(DISTRICT COLLECTOR VIZIANAGARAM_IDA)","Shri V. Vijayendra Prasad (2022-28) (2022-2028)","Nominated MP","Upgrade infrastructure in Gosha Hospital at Vizianagaram dist","17-Dec-2024","18-Jan-2025","5000000","Physical Inspection"
"675","Normal/Others","WS/MP840/2024-2025/163455-Construction of rooms and facilities for hospitals, FWC , PHC Centers and ANM centers","Andhra Pradesh","EAST GODAVARI(DISTRICT COLLECTOR, EAST GODAVARI)","Shri V. Vijayendra Prasad (2022-28) (2022-2028)","Nominated MP","The renovation of old Hospital Block and Construction of new Out patient Department block dining hall at community health center at Kovvur","03-Jan-2025","31-Mar-2025","5000000","Vendor Identification"
"676","Trust and Society","WS/MP840/2025-2026/157130-Construction of rooms and facilities for hospitals, FWC , PHC Centers and ANM centers","Andhra Pradesh","NTR(DISTRICT COLLECTOR NTR_IDA)","Shri V. Vijayendra Prasad (2022-28) (2022-2028)","Nominated MP","Implementation of Breast Cancer Screening (BCS) tools to provide accessible ,early stage cancer detection.","05-Dec-2024","21-Apr-2025","5000000","Physical Inspection"
"677","Normal/Others","WS/MP840/2025-2026/242710-Purchase of hospital equipment","Andhra Pradesh","EAST KHASI HILLS(Deputy Commissioner, East Khasi Hills District)","Shri V. Vijayendra Prasad (2022-28) (2022-2028)","Nominated MP","Procurement of a Dedicated Cancer Screening and Palliative Care Vehicle","17-Oct-2025","27-Jan-2026","2500000","Work Completed"
"678","Normal/Others","WS/MP840/2025-2026/209282-Development of playground","Andhra Pradesh","PRAKASAM(DISTRICT COLLECTOR PRAKASAM_IDA)","Shri V. Vijayendra Prasad (2022-28) (2022-2028)","Nominated MP","Surface leveling of Play Ground in ZP High School at M Nidamanur","16-Jun-2025","07-Nov-2025","500000","Sanction"
"679","Normal/Others","WS/MP840/2026-2027/209287-Development of playground","Andhra Pradesh","PRAKASAM(DISTRICT COLLECTOR PRAKASAM_IDA)","Shri V. Vijayendra Prasad (2022-28) (2022-2028)","Nominated MP","Construction of Box Cricket with length 70 and width 40 feets","16-Jun-2025","08-Apr-2026","500000","Sanction"
"680","Normal/Others","WS/MP840/2026-2027/209285-Purchase of sports equipment","Andhra Pradesh","PRAKASAM(DISTRICT COLLECTOR PRAKASAM_IDA)","Shri V. Vijayendra Prasad (2022-28) (2022-2028)","Nominated MP","Purchasing of Sports and Games Materials to ZP High school","16-Jun-2025","08-Apr-2026","500000","Work partially Completed"
"681","Normal/Others","WS/MP840/2025-2026/218097-Purchase of books and periodicals for libraries/digitization of library books","Andhra Pradesh","RANGA REDDY(DISTRICT COLLECTOR RANGAREDDY_IDA)","Shri V. Vijayendra Prasad (2022-28) (2022-2028)","Nominated MP","Fin fun program Digital  courses and Activity books at KGBV","14-Jul-2025","02-Sep-2025","200000","Sanction"
"682","Normal/Others","WS/MP840/2026-2027/278974-Construction of buildings for crèches and anganwadies","Andhra Pradesh","Narayanpet(DISTRICT COLLECTOR NARAYANPET_IDA)","Shri V. Vijayendra Prasad (2022-28) (2022-2028)","Nominated MP","Construction of UGD from Ushanna goud plot to Narasappa temple and providing gate to school in Katrevpally","24-Apr-2026","08-Jul-2026","200000","Sanction"
"683","Normal/Others","WS/MP840/2025-2026/209284-Construction of toilet blocks","Andhra Pradesh","PRAKASAM(DISTRICT COLLECTOR PRAKASAM_IDA)","Shri V. Vijayendra Prasad (2022-28) (2022-2028)","Nominated MP","Construction of Toilet rooms for Boys Girls with running water in Playground","16-Jun-2025","07-Nov-2025","500000","Sanction"
"684","Normal/Others","WS/MP840/2025-2026/244875-Construction of toilet blocks","Andhra Pradesh","NALGONDA(DISTRICT COLLECTOR NALGONDA)","Shri V. Vijayendra Prasad (2022-28) (2022-2028)","Nominated MP","Providing water facilities and Toilets to the Primary School building","30-Oct-2025","19-Nov-2025","500000","Sanction"
"685","Normal/Others","WS/MP840/2026-2027/275367-Construction of rooms and halls in school and colleges","Andhra Pradesh","NALGONDA(DISTRICT COLLECTOR NALGONDA)","Shri V. Vijayendra Prasad (2022-28) (2022-2028)","Nominated MP","Construction of Secondary high school new building class room 1","23-Mar-2026","15-Apr-2026","500000","Sanction"
"686","Normal/Others","WS/MP840/2026-2027/275368-Construction of rooms and halls in school and colleges","Andhra Pradesh","NALGONDA(DISTRICT COLLECTOR NALGONDA)","Shri V. Vijayendra Prasad (2022-28) (2022-2028)","Nominated MP","Construction of secondry high school new building class room 2","23-Mar-2026","15-Apr-2026","500000","Sanction"
"687","Normal/Others","WS/MP840/2026-2027/275369-Construction of rooms and halls in school and colleges","Andhra Pradesh","NALGONDA(DISTRICT COLLECTOR NALGONDA)","Shri V. Vijayendra Prasad (2022-28) (2022-2028)","Nominated MP","Laying Slab to secondary high school new building","23-Mar-2026","15-Apr-2026","500000","Sanction"
"688","Normal/Others","WS/MP840/2026-2027/275370-Construction of rooms and halls in school and colleges","Andhra Pradesh","NALGONDA(DISTRICT COLLECTOR NALGONDA)","Shri V. Vijayendra Prasad (2022-28) (2022-2028)","Nominated MP","Construction of secondary high school right side compound wall","23-Mar-2026","15-Apr-2026","500000","Sanction"
"689","Normal/Others","WS/MP840/2026-2027/275371-Construction of rooms and halls in school and colleges","Andhra Pradesh","NALGONDA(DISTRICT COLLECTOR NALGONDA)","Shri V. Vijayendra Prasad (2022-28) (2022-2028)","Nominated MP","Construction of secondary high school left side compound wall","23-Mar-2026","15-Apr-2026","500000","Sanction"
"690","Normal/Others","WS/MP840/2026-2027/275373-Construction of rooms and halls in school and colleges","Andhra Pradesh","NALGONDA(DISTRICT COLLECTOR NALGONDA)","Shri V. Vijayendra Prasad (2022-28) (2022-2028)","Nominated MP","Construction of secondary high school front side compound wall","23-Mar-2026","15-Apr-2026","500000","Sanction"
"691","Normal/Others","WS/MP840/2026-2027/275380-Construction of rooms and halls in school and colleges","Andhra Pradesh","NALGONDA(DISTRICT COLLECTOR NALGONDA)","Shri V. Vijayendra Prasad (2022-28) (2022-2028)","Nominated MP","Construction of secondary high school back side compound wall","23-Mar-2026","15-Apr-2026","500000","Sanction"
"692","Normal/Others","WS/MP840/2026-2027/275381-Construction of rooms and halls in school and colleges","Andhra Pradesh","NALGONDA(DISTRICT COLLECTOR NALGONDA)","Shri V. Vijayendra Prasad (2022-28) (2022-2028)","Nominated MP","Providing water facilities and Toilets to secondary high school Building","23-Mar-2026","15-Apr-2026","500000","Sanction"
"693","Normal/Others","WS/MP840/2026-2027/275387-Construction of rooms and halls in school and colleges","Andhra Pradesh","NALGONDA(DISTRICT COLLECTOR NALGONDA)","Shri V. Vijayendra Prasad (2022-28) (2022-2028)","Nominated MP","Providing Flooring to the secondary high school building","23-Mar-2026","15-Apr-2026","500000","Sanction"
"694","Normal/Others","WS/MP840/2025-2026/246262-Construction of water tanks","Andhra Pradesh","Sri Sathya Sai(DISTRICT COLLECTOR SRI SATHYA SAI_IDA)","Shri V. Vijayendra Prasad (2022-28) (2022-2028)","Nominated MP","Construction of RCC Water tank , Room and other Amenities to public utility building at Neelakantapuram Village of Govindapuram Grampanchayat","05-Nov-2025","23-Dec-2025","2500000","Sanction"
"695","Normal/Others","WS/MP840/2025-2026/244867-Construction of rooms and halls in school and colleges","Andhra Pradesh","NALGONDA(DISTRICT COLLECTOR NALGONDA)","Shri V. Vijayendra Prasad (2022-28) (2022-2028)","Nominated MP","Construction of Primary School new building class room 1","30-Oct-2025","19-Nov-2025","500000","Sanction"
"696","Normal/Others","WS/MP840/2025-2026/244868-Construction of rooms and halls in school and colleges","Andhra Pradesh","NALGONDA(DISTRICT COLLECTOR NALGONDA)","Shri V. Vijayendra Prasad (2022-28) (2022-2028)","Nominated MP","Construction of Primary School new building class room 2","30-Oct-2025","19-Nov-2025","500000","Sanction"
"697","Normal/Others","WS/MP840/2025-2026/244872-Construction of rooms and halls in school and colleges","Andhra Pradesh","NALGONDA(DISTRICT COLLECTOR NALGONDA)","Shri V. Vijayendra Prasad (2022-28) (2022-2028)","Nominated MP","Construction of Primary School Right and Left side Compound walls","30-Oct-2025","19-Nov-2025","500000","Sanction"
"698","Normal/Others","WS/MP840/2025-2026/244873-Construction of rooms and halls in school and colleges","Andhra Pradesh","NALGONDA(DISTRICT COLLECTOR NALGONDA)","Shri V. Vijayendra Prasad (2022-28) (2022-2028)","Nominated MP","Construction of Primary SchoolFront and Back side Compound wall","30-Oct-2025","19-Nov-2025","500000","Sanction"
"699","Normal/Others","WS/MP840/2025-2026/244874-Construction of rooms and halls in school and colleges","Andhra Pradesh","NALGONDA(DISTRICT COLLECTOR NALGONDA)","Shri V. Vijayendra Prasad (2022-28) (2022-2028)","Nominated MP","Construction Of Primary School Back cmpound wall 2 in Eduluru","30-Oct-2025","19-Nov-2025","500000","Sanction"
"700","Normal/Others","WS/MP840/2025-2026/244876-Construction of rooms and halls in school and colleges","Andhra Pradesh","NALGONDA(DISTRICT COLLECTOR NALGONDA)","Shri V. Vijayendra Prasad (2022-28) (2022-2028)","Nominated MP","Providing Flooring to the Primary School Building","30-Oct-2025","19-Nov-2025","500000","Sanction"
"701","Normal/Others","WS/MP840/2023-2024/87035-Construction of rooms and halls in school and colleges","Andhra Pradesh","Anakapalli(DISTRICT COLLECTOR ANAKAPALLI_IDA)","Shri V. Vijayendra Prasad (2022-28) (2022-2028)","Nominated MP","Construction of a dining hall at GOVERNMENT HIGH SCHOOL","23-Jan-2024","24-Feb-2024","2349768","Physical Inspection"
"702","Normal/Others","WS/MP840/2024-2025/134669-Construction of rooms and halls in school and colleges","Andhra Pradesh","GORAKHPUR(DISTRICT MAGISTRATE GORAKHPUR_IDA)","Shri V. Vijayendra Prasad (2022-28) (2022-2028)","Nominated MP","Construction of new classrooms ,science laboratories, washrooms and a computer lab","04-Aug-2024","28-Nov-2024","2496408","Physical Inspection"
"703","Normal/Others","WS/MP840/2024-2025/168247-Construction of rooms and halls in school and colleges","Andhra Pradesh","Palnadu(District Collector Palnadu_IDA)","Shri V. Vijayendra Prasad (2022-28) (2022-2028)","Nominated MP","Construction of RVSCV S High School building at Chilakaluripeta of Palnadu District","23-Jan-2025","11-Mar-2025","5000000","Work partially Completed"
"704","Normal/Others","WS/MP840/2025-2026/205837-Construction of boundary walls of existing public and community buildings","Andhra Pradesh","Narayanpet(DISTRICT COLLECTOR NARAYANPET_IDA)","Shri V. Vijayendra Prasad (2022-28) (2022-2028)","Nominated MP","Construction of compound wall north side of to community hall near Datta temple in panchadevpad","02-Jun-2025","26-Jan-2026","1000000","Sanction"
"705","Normal/Others","WS/MP840/2025-2026/205841-Construction of boundary walls of existing public and community buildings","Andhra Pradesh","Narayanpet(DISTRICT COLLECTOR NARAYANPET_IDA)","Shri V. Vijayendra Prasad (2022-28) (2022-2028)","Nominated MP","Construction of compound wall East side of to community hall near Datta temple in panchadevpad","02-Jun-2025","26-Jan-2026","1000000","Sanction"
"706","Normal/Others","WS/MP840/2024-2025/105499-Construction of public libraries and reading rooms","Andhra Pradesh","EAST GODAVARI(DISTRICT COLLECTOR, EAST GODAVARI)","Shri V. Vijayendra Prasad (2022-28) (2022-2028)","Nominated MP","Construction of Reference Section(Or Reading room) at  branch library, Kovvuru.","15-Feb-2024","27-Jul-2024","6500000","Work Completed"
"707","Normal/Others","WS/MP840/2026-2027/287166-Construction of community centers and community halls","Andhra Pradesh","Narayanpet(DISTRICT COLLECTOR NARAYANPET_IDA)","Shri V. Vijayendra Prasad (2022-28) (2022-2028)","Nominated MP","Providing lifts, ACs and other amenities to Community hall near Datta Temple in panchadevpad","19-Jun-2026","24-Aug-2026","5000000","Sanction"
"708","Normal/Others","WS/MP840/2026-2027/287169-Construction of community centers and community halls","Andhra Pradesh","Narayanpet(DISTRICT COLLECTOR NARAYANPET_IDA)","Shri V. Vijayendra Prasad (2022-28) (2022-2028)","Nominated MP","Construction of Compound wall west side near datta temple community hall in panchadevpad","19-Jun-2026","24-Aug-2026","1000000","Sanction"
"709","Normal/Others","WS/MP840/2026-2027/287171-Construction of community centers and community halls","Andhra Pradesh","Narayanpet(DISTRICT COLLECTOR NARAYANPET_IDA)","Shri V. Vijayendra Prasad (2022-28) (2022-2028)","Nominated MP","Construction of compound wall south side near Datta temple community hall in panchadevpad","19-Jun-2026","24-Aug-2026","1000000","Sanction"
"710","Normal/Others","WS/MP840/2026-2027/287178-Construction of community centers and community halls","Andhra Pradesh","Narayanpet(DISTRICT COLLECTOR NARAYANPET_IDA)","Shri V. Vijayendra Prasad (2022-28) (2022-2028)","Nominated MP","Construction of Underground Drainage from Datta temple community hallto sri pada chaya ashramam in panchadevpad","19-Jun-2026","24-Aug-2026","500000","Sanction"
"711","Normal/Others","WS/MP840/2026-2027/287182-Construction of community centers and community halls","Andhra Pradesh","Narayanpet(DISTRICT COLLECTOR NARAYANPET_IDA)","Shri V. Vijayendra Prasad (2022-28) (2022-2028)","Nominated MP","Construction of underground drainage from Sri pada chaya ashramam to sripathi polam in panchadevpad","19-Jun-2026","24-Aug-2026","500000","Sanction"
"712","Normal/Others","WS/MP840/2025-2026/195432-Construction of boundary walls of existing public and community buildings","Andhra Pradesh","KRISHNA(DISTRICT COLLECTOR KRISHNA_IDA)","Shri V. Vijayendra Prasad (2022-28) (2022-2028)","Nominated MP","Construction of compound wall at South side of dumping yard from Tharigopula Pranganam gate to summer BIT 1-BIT6","29-Apr-2025","04-Jun-2025","2274612","Physical Inspection"
"713","Normal/Others","WS/MP840/2026-2027/278972-Construction of common work sheds/ common covered sitting area","Andhra Pradesh","Narayanpet(DISTRICT COLLECTOR NARAYANPET_IDA)","Shri V. Vijayendra Prasad (2022-28) (2022-2028)","Nominated MP","Providing Roof top Shed near Datta temple community hall in Panchadevpad","24-Apr-2026","08-Jul-2026","1000000","Sanction"
"714","Normal/Others","WS/MP840/2026-2027/278973-Construction of community centers and community halls","Andhra Pradesh","Narayanpet(DISTRICT COLLECTOR NARAYANPET_IDA)","Shri V. Vijayendra Prasad (2022-28) (2022-2028)","Nominated MP","Providing Dadoing to varandah in 2nd floor near Datta temple Community hall in panchadevpad","24-Apr-2026","08-Jul-2026","500000","Sanction"
"715","Normal/Others","WS/MP840/2025-2026/231633-Construction of community centers and community halls","Andhra Pradesh","SIDDIPET(District Collector Siddipet_IDA)","Shri V. Vijayendra Prasad (2022-28) (2022-2028)","Nominated MP","Construction of Community hall Extension BIT 3","05-Sep-2025","28-Oct-2025","500000","Sanction"
"716","Normal/Others","WS/MP840/2025-2026/231634-Construction of community centers and community halls","Andhra Pradesh","SIDDIPET(District Collector Siddipet_IDA)","Shri V. Vijayendra Prasad (2022-28) (2022-2028)","Nominated MP","Construction of Community hall Extension BIT 4","05-Sep-2025","28-Oct-2025","500000","Sanction"
"717","Repair and Renovation","WS/MP840/2025-2026/195451-Construction of community centers and community halls","Andhra Pradesh","Narayanpet(DISTRICT COLLECTOR NARAYANPET_IDA)","Shri V. Vijayendra Prasad (2022-28) (2022-2028)","Nominated MP","Providing infrastructure facilities and Renovation to PR sub division at Makthal","29-Apr-2025","26-Jan-2026","500000","Work Completed"
"718","Normal/Others","WS/MP840/2025-2026/220711-Construction of community centers and community halls","Andhra Pradesh","SIDDIPET(District Collector Siddipet_IDA)","Shri V. Vijayendra Prasad (2022-28) (2022-2028)","Nominated MP","Construction of Community hall Bit 1 at Kazipur","21-Jul-2025","28-Oct-2025","500000","Work Completed"
"719","Normal/Others","WS/MP840/2025-2026/220713-Construction of community centers and community halls","Andhra Pradesh","SIDDIPET(District Collector Siddipet_IDA)","Shri V. Vijayendra Prasad (2022-28) (2022-2028)","Nominated MP","Construction of Community hall Bit 2 at Khazipur","21-Jul-2025","28-Oct-2025","500000","Work Completed"
"720","Normal/Others","WS/MP840/2025-2026/244689-Construction of community centers and community halls","Andhra Pradesh","Narayanpet(DISTRICT COLLECTOR NARAYANPET_IDA)","Shri V. Vijayendra Prasad (2022-28) (2022-2028)","Nominated MP","Providing balance work of Electrification to 1st and 2nd floor to Community hall near Datta temple in Panchadevpad","29-Oct-2025","17-Jan-2026","500000","Physical Inspection"
"721","Normal/Others","WS/MP840/2025-2026/244693-Construction of community centers and community halls","Andhra Pradesh","Narayanpet(DISTRICT COLLECTOR NARAYANPET_IDA)","Shri V. Vijayendra Prasad (2022-28) (2022-2028)","Nominated MP","Providing flooring from Room no 115 to 121 to 1st floor of Community hall near datta temple in panchadevpad","29-Oct-2025","17-Jan-2026","500000","Physical Inspection"
"722","Normal/Others","WS/MP840/2025-2026/244699-Construction of community centers and community halls","Andhra Pradesh","Narayanpet(DISTRICT COLLECTOR NARAYANPET_IDA)","Shri V. Vijayendra Prasad (2022-28) (2022-2028)","Nominated MP","Providing flooring to varanda in north and south sides in 1st floor of community hall near datta temple in panchadevpad","29-Oct-2025","17-Jan-2026","500000","Physical Inspection"
"723","Normal/Others","WS/MP840/2025-2026/244702-Construction of community centers and community halls","Andhra Pradesh","Narayanpet(DISTRICT COLLECTOR NARAYANPET_IDA)","Shri V. Vijayendra Prasad (2022-28) (2022-2028)","Nominated MP","Providing flooring to Varanda in East and West sides in 1st floor of Community hall near Datta temple in panchadevpad","29-Oct-2025","17-Jan-2026","500000","Physical Inspection"
"724","Normal/Others","WS/MP840/2025-2026/244828-Construction of community centers and community halls","Andhra Pradesh","Narayanpet(DISTRICT COLLECTOR NARAYANPET_IDA)","Shri V. Vijayendra Prasad (2022-28) (2022-2028)","Nominated MP","Providing Flooring to varanda in North and west sides in 2nd florr of community hall near Datta temple in Panchadevupd","30-Oct-2025","17-Jan-2026","500000","Physical Inspection"
"725","Normal/Others","WS/MP840/2025-2026/244832-Construction of community centers and community halls","Andhra Pradesh","Narayanpet(DISTRICT COLLECTOR NARAYANPET_IDA)","Shri V. Vijayendra Prasad (2022-28) (2022-2028)","Nominated MP","Providing flooring from room no 201 to 207 at 2nd floor of community hall near Datta temple in Panchadevupad","30-Oct-2025","17-Jan-2026","500000","Physical Inspection"
"726","Normal/Others","WS/MP840/2025-2026/244834-Construction of community centers and community halls","Andhra Pradesh","Narayanpet(DISTRICT COLLECTOR NARAYANPET_IDA)","Shri V. Vijayendra Prasad (2022-28) (2022-2028)","Nominated MP","Providing flooring from room no 208 to 214 to 2nd floor of community near Datta temple in Panchadevpad","30-Oct-2025","17-Jan-2026","500000","Physical Inspection"
"727","Normal/Others","WS/MP840/2025-2026/244837-Construction of community centers and community halls","Andhra Pradesh","Narayanpet(DISTRICT COLLECTOR NARAYANPET_IDA)","Shri V. Vijayendra Prasad (2022-28) (2022-2028)","Nominated MP","Providing flooring from room no 215 to 221 to 2nd floor of Community hall near Datta temple in panchadevupad","30-Oct-2025","17-Jan-2026","500000","Physical Inspection"
"728","Normal/Others","WS/MP840/2025-2026/244839-Construction of community centers and community halls","Andhra Pradesh","Narayanpet(DISTRICT COLLECTOR NARAYANPET_IDA)","Shri V. Vijayendra Prasad (2022-28) (2022-2028)","Nominated MP","Providing windows and Ventilators including granite frames to 1st floor of community hall at Datta temple in Panchadevpad","30-Oct-2025","17-Jan-2026","500000","Physical Inspection"
"729","Normal/Others","WS/MP840/2025-2026/244844-Construction of community centers and community halls","Andhra Pradesh","Narayanpet(DISTRICT COLLECTOR NARAYANPET_IDA)","Shri V. Vijayendra Prasad (2022-28) (2022-2028)","Nominated MP","Providing Doors shutters and granites frames to 1st floor of community hall near datta temple in Panchadevupad","30-Oct-2025","17-Jan-2026","500000","Physical Inspection"
"730","Normal/Others","WS/MP840/2025-2026/206212-Construction of community centers and community halls","Andhra Pradesh","Narayanpet(DISTRICT COLLECTOR NARAYANPET_IDA)","Shri V. Vijayendra Prasad (2022-28) (2022-2028)","Nominated MP","Providing painting to Datta temple community hall in panchadevpad","03-Jun-2025","06-Nov-2025","1000000","Work Completed"
"731","Normal/Others","WS/MP840/2025-2026/206216-Construction of community centers and community halls","Andhra Pradesh","Narayanpet(DISTRICT COLLECTOR NARAYANPET_IDA)","Shri V. Vijayendra Prasad (2022-28) (2022-2028)","Nominated MP","Providing Flooring to Datta temple community hall in panchadevpad","03-Jun-2025","06-Nov-2025","1000000","Work Completed"
"732","Normal/Others","WS/MP840/2025-2026/189897-Construction of community centers and community halls","Andhra Pradesh","EAST GODAVARI(DISTRICT COLLECTOR, EAST GODAVARI)","Shri V. Vijayendra Prasad (2022-28) (2022-2028)","Nominated MP","Construction of Multipurpose activity centre in SC area of Gopalapuram","07-Apr-2025","21-Jul-2025","2500000","Work partially Completed"
"733","Normal/Others","WS/MP840/2025-2026/189903-Construction of community centers and community halls","Andhra Pradesh","EAST GODAVARI(DISTRICT COLLECTOR, EAST GODAVARI)","Shri V. Vijayendra Prasad (2022-28) (2022-2028)","Nominated MP","Construction of Multipurpose Activity centre in the SC area of Prakasharaopalem","07-Apr-2025","21-Jul-2025","2500000","Sanction"
"734","Normal/Others","WS/MP840/2025-2026/164132-Construction of community centers and community halls","Andhra Pradesh","EAST GODAVARI(DISTRICT COLLECTOR, EAST GODAVARI)","Shri V. Vijayendra Prasad (2022-28) (2022-2028)","Nominated MP","Construction Of Multi purpose Hall at Kaldhari Village,Undrajavaram Mandal East Godavari District","08-Jan-2025","19-Jul-2025","5000000","Sanction"
"735","Normal/Others","WS/MP840/2024-2025/155328-Construction of community centers and community halls","Andhra Pradesh","Narayanpet(DISTRICT COLLECTOR NARAYANPET_IDA)","Shri V. Vijayendra Prasad (2022-28) (2022-2028)","Nominated MP","Construction of Community Hall 1st Floor balance work near Datta Temple at Panchadevupad(V) of Makthal(M) of Narayanpet District","27-Nov-2024","26-Dec-2024","3000000","Work Completed"
"736","Normal/Others","WS/MP840/2023-2024/87025-Construction of community centers and community halls","Andhra Pradesh","Narayanpet(DISTRICT COLLECTOR NARAYANPET_IDA)","Shri V. Vijayendra Prasad (2022-28) (2022-2028)","Nominated MP","Construction of 2nd floor of Community Hall at Datta Temple in Panchadevepad village, Makthal Mandal, Narayanpet District","23-Jan-2024","15-Mar-2024","5000000","Work Completed"
"737","Normal/Others","WS/MP840/2023-2024/87030-Construction of community centers and community halls","Andhra Pradesh","Narayanpet(DISTRICT COLLECTOR NARAYANPET_IDA)","Shri V. Vijayendra Prasad (2022-28) (2022-2028)","Nominated MP","Construction of balance work of 2nd floor of Community Hall at Datta Temple in Panchadevepad village, Makthal Mandal, Narayanpet District","23-Jan-2024","15-Mar-2024","5000000","Work Completed"
"Grand Total"," "," "," "," "," "," "," "," "," "," ","67,93,39,077"