"Sr. No.","Work category","Work","State","IDA","Hon'ble Members of Parliament","Elected/Nominated","Work description","Recommended date","Sanction Date","Sanction Amount ( ₹ )","Work Status"
"1","Normal/Others","WS/MP001/2023-2024/14279-Construction of community centers and community halls","Bihar","PATNA(DISTRICT PLANNING OFFICER PATNA_IDA)","Shri Shambhu Sharan Patel (2022-28) (2022-2028)","Elected MP","Construction Work of Community Hall Near Baba Chauharmal Temple Located in Ward No -03 in Village Dariyapur of Dariyapur Panchayat of Mokama Block, Mokama Assembly of Patna District (Estimated Amount 15 Lakhs)","29-Aug-2023","21-Feb-2024","1491483","Physical Inspection"
"2","Trust and Society","WS/MP18300/2026-2027/148907-Construction of community centers and community halls","Bihar","NAWADA(District Planning Officer NAWADA_IDA)","Dr. Bhim Singh (2024-30) (2024-2030)","Elected MP","Reconstruction of Chandel Bhawan 48 feet BY 24.50 feet","21-Oct-2024","13-Apr-2026","1499900","Sanction"
"3","Normal/Others","WS/MP001/2025-2026/196983-Construction of community centers and community halls","Bihar","SAMASTIPUR(DISTRICT PLANNING OFFICER SAMASTIPUR_IDA)","Shri Shambhu Sharan Patel (2022-28) (2022-2028)","Elected MP","Construction of Building.  Community  Hall Near Durga Mandir , Block  Mohiuddin Nagar , Panchyat Raspur  Pitasia , village Sultanpur, District  Samastipur","07-May-2025","15-Jul-2025","7499800","Sanction"
"4","Normal/Others","WS/MP18300/2025-2026/198846-Construction of community centers and community halls","Bihar","HAZARIBAGH(DEPUTY COMMISSIONER HAZARIBAGH_IDA)","Dr. Bhim Singh (2024-30) (2024-2030)","Elected MP","Construction of community centers","12-May-2025","10-Sep-2025","1000000","Work partially Completed"
"5","Normal/Others","WS/MP041/2025-2026/205815-Construction of community centers and community halls","Bihar","MADHUBANI(DISTRICT PLANNING OFFICER MADHUBANI_IDA)","Dr. Faiyaz Ahmad (2022-28) (2022-2028)","Elected MP","Rahika Prakhand ke Kakraul Uttari Panchayat ke Parsa Gown me Samudhayak Bhawan one Hall","02-Jun-2025","06-Oct-2025","982992","Physical Inspection"
"6","Normal/Others","WS/MP18341/2025-2026/217197-Construction of community centers and community halls","Bihar","MADHUBANI(DISTRICT PLANNING OFFICER MADHUBANI_IDA)","Shri Sanjay Kumar Jha (2024-30) (2024-2030)","Elected MP","Construction work of community building in ward no.-11 of Vill-Arariya under Arariya Sangram Panchayat.","11-Jul-2025","27-Sep-2025","990000","Vendor Identification"
"7","Normal/Others","WS/MP18332/2025-2026/217322-Construction of community centers and community halls","Bihar","MADHUBANI(DISTRICT PLANNING OFFICER MADHUBANI_IDA)","Dr. Dharmshila Gupta (2024-30) (2024-2030)","Elected MP","COMMUNITY HALL - MADHUBANI MADHEPUR PANCHAYAT  KARHARA, VILL- CHUNNI, ME DIHWAR ASTHAN KE BAGAL ME  CONSTRUCTION OF COMMUNITY HALL WITH BRICKS WORK.","12-Jul-2025","12-Aug-2025","1399900","Work Completed"
"8","Normal/Others","WS/MP052/2025-2026/221741-Construction of community centers and community halls","Bihar","PASHCHIM CHAMPARAN(DISTRICT PLANNING OFFICER WEST CHAMPARANBETTIAH_IDA)","Shri Satish Chandra Dubey (2022-28) (2022-2028)","Elected MP","Construction of Samudayik Bhawan","24-Jul-2025","11-Dec-2025","698600","Vendor Identification"
"9","Normal/Others","WS/MP052/2025-2026/221743-Construction of community centers and community halls","Bihar","PASHCHIM CHAMPARAN(DISTRICT PLANNING OFFICER WEST CHAMPARANBETTIAH_IDA)","Shri Satish Chandra Dubey (2022-28) (2022-2028)","Elected MP","Construction Sanskriti manch","24-Jul-2025","06-Oct-2025","499500","Vendor Identification"
"10","Repair and Renovation","WS/MP18407/2025-2026/223741-Construction of community centers and community halls","Bihar","PURBI CHAMPARAN(DISTRICT PLANNING OFFICER MOTHIHARI EAST CHAMPARAN_IDA)","Shri Manan Kumar Mishra (2024-28) (2024-2028)","Elected MP","Construction work of community building, toilets etc in place of the old demolished community hall of Suryapur Panchayat of Piprakothi block","31-Jul-2025","27-Aug-2025","1490559","Physical Inspection"
"11","Normal/Others","WS/MP18342/2025-2026/230645-Construction of community centers and community halls","Bihar","VAISHALI(DISTRICT PLANNING OFFICER VAISHALI_IDA)","Shri Sanjay Yadav (2024-30) (2024-2030)","Elected MP","Under the Raghopur block, the construction of a community building (large hall) with a hand pump, toilet, and two urinals for the use of disabled persons and the general public is planned on the available government land near the Raghopur connection ramp from the Kachhi-Dargah-Bidupur six lane.","02-Sep-2025","08-Jan-2026","1499000","Sanction"
"12","Normal/Others","WS/MP18342/2025-2026/230651-Construction of community centers and community halls","Bihar","VAISHALI(DISTRICT PLANNING OFFICER VAISHALI_IDA)","Shri Sanjay Yadav (2024-30) (2024-2030)","Elected MP","Construction of a community building (large hall) with a borewell hand pump, one toilet, and two urinals on the available government land in Rustampur Panchayat under Raghopur Block.","02-Sep-2025","08-Jan-2026","1499000","Sanction"
"13","Normal/Others","WS/MP18342/2025-2026/230652-Construction of community centers and community halls","Bihar","VAISHALI(DISTRICT PLANNING OFFICER VAISHALI_IDA)","Shri Sanjay Yadav (2024-30) (2024-2030)","Elected MP","Construction of a community building (large hall) with a borewell pump, one toilet, and two urinals on the government land available in the Malikpur Panchayat under the Raghopur block.","02-Sep-2025","14-Jan-2026","1499000","Sanction"
"14","Normal/Others","WS/MP18342/2025-2026/230653-Construction of community centers and community halls","Bihar","VAISHALI(DISTRICT PLANNING OFFICER VAISHALI_IDA)","Shri Sanjay Yadav (2024-30) (2024-2030)","Elected MP","Construction of a community building (large hall) with a borewell hand pump, one toilet, and two urinals on the available government land in Baharampur Panchayat under Raghopur Block.","02-Sep-2025","08-Jan-2026","1499000","Sanction"
"15","Normal/Others","WS/MP18342/2025-2026/230654-Construction of community centers and community halls","Bihar","VAISHALI(DISTRICT PLANNING OFFICER VAISHALI_IDA)","Shri Sanjay Yadav (2024-30) (2024-2030)","Elected MP","Construction of a community building (large hall) with a borewell hand pump, one toilet, and two urinals on the available government land in the Saidabad Panchayat under the Raghopur Block.","02-Sep-2025","08-Jan-2026","1499000","Sanction"
"16","Normal/Others","WS/MP18342/2025-2026/230656-Construction of community centers and community halls","Bihar","VAISHALI(DISTRICT PLANNING OFFICER VAISHALI_IDA)","Shri Sanjay Yadav (2024-30) (2024-2030)","Elected MP","Construction of a community building (large hall) including a borewell hand pump, one toilet, and two urinals on the available government land in the Ramapur Shyamchand panchayat under the Raghopur block.","02-Sep-2025","08-Jan-2026","1499000","Sanction"
"17","Normal/Others","WS/MP18342/2026-2027/230657-Construction of community centers and community halls","Bihar","VAISHALI(DISTRICT PLANNING OFFICER VAISHALI_IDA)","Shri Sanjay Yadav (2024-30) (2024-2030)","Elected MP","Construction of a community building (large hall) with a borewell hand pump, one toilet, and two urinals on the government land available in Fatehpur Panchayat under Raghopur Block.","02-Sep-2025","15-May-2026","1499000","Sanction"
"18","Normal/Others","WS/MP18342/2026-2027/230658-Construction of community centers and community halls","Bihar","VAISHALI(DISTRICT PLANNING OFFICER VAISHALI_IDA)","Shri Sanjay Yadav (2024-30) (2024-2030)","Elected MP","Construction of a community building (large hall) with a borewell pump, one toilet, and two urinals on the available government land in Chandpura Panchayat under Raghopur Block.","02-Sep-2025","17-Jul-2026","1499000","Sanction"
"19","Normal/Others","WS/MP18342/2025-2026/230659-Construction of community centers and community halls","Bihar","VAISHALI(DISTRICT PLANNING OFFICER VAISHALI_IDA)","Shri Sanjay Yadav (2024-30) (2024-2030)","Elected MP","Construction of a community building (large hall) with a borewell pump, one toilet, and two urinals on the available government land in the Pahadpur pashchimi Panchayat under the Raghopur Block.","02-Sep-2025","07-Jan-2026","1499000","Sanction"
"20","Normal/Others","WS/MP18342/2025-2026/230660-Construction of community centers and community halls","Bihar","VAISHALI(DISTRICT PLANNING OFFICER VAISHALI_IDA)","Shri Sanjay Yadav (2024-30) (2024-2030)","Elected MP","Construction of a borewell hand pump, one toilet, two urinals, and a community building (large hall) on the available government land in the Paharpur purvi Panchayat under the Raghopur block.","02-Sep-2025","07-Jan-2026","1499000","Sanction"
"21","Normal/Others","WS/MP18342/2025-2026/230663-Construction of community centers and community halls","Bihar","VAISHALI(DISTRICT PLANNING OFFICER VAISHALI_IDA)","Shri Sanjay Yadav (2024-30) (2024-2030)","Elected MP","Construction of a community building (large hall) along with a borewell, a toilet, and two urinals on the available government land in the Judabanpur Karari Panchayat under the Raghopur block.","02-Sep-2025","07-Jan-2026","1499000","Sanction"
"22","Normal/Others","WS/MP18342/2025-2026/230664-Construction of community centers and community halls","Bihar","VAISHALI(DISTRICT PLANNING OFFICER VAISHALI_IDA)","Shri Sanjay Yadav (2024-30) (2024-2030)","Elected MP","Construction of a community building (large hall) along with a borewell, a toilet, and two urinals on the available government land in Judabanpur Barari Panchayat under the Raghopur block.","02-Sep-2025","07-Jan-2026","1499000","Sanction"
"23","Normal/Others","WS/MP18342/2025-2026/230665-Construction of community centers and community halls","Bihar","VAISHALI(DISTRICT PLANNING OFFICER VAISHALI_IDA)","Shri Sanjay Yadav (2024-30) (2024-2030)","Elected MP","Construction of a community building (large hall) with a borewell pump, one toilet, and two urinals on the available government land in Chaksinghar Panchayat under Raghopur Block.","02-Sep-2025","07-Jan-2026","1499000","Sanction"
"24","Normal/Others","WS/MP044/2025-2026/232456-Construction of community centers and community halls","Bihar","ARWAL(District Planning Officer Arwal_IDA)","Shri Akhilesh Prasad Singh (2024-30) (2024-2030)","Elected MP","construction of Community building near Jhunathi Mahadev temple in Nagwan Panchayat of Karpi Balok Arwal district","09-Sep-2025","20-Dec-2025","996971","Physical Inspection"
"25","Normal/Others","WS/MP18342/2025-2026/238628-Construction of community centers and community halls","Bihar","VAISHALI(DISTRICT PLANNING OFFICER VAISHALI_IDA)","Shri Sanjay Yadav (2024-30) (2024-2030)","Elected MP","Construction of a community building on the available land in Kanchanpur Panchayat under Bidupur block, including one borewell with hand pump, one toilet, two urinals, one room (12 x 10), and one large hall.","27-Sep-2025","10-Feb-2026","1499000","Sanction"
"26","Normal/Others","WS/MP18342/2025-2026/238630-Construction of community centers and community halls","Bihar","VAISHALI(DISTRICT PLANNING OFFICER VAISHALI_IDA)","Shri Sanjay Yadav (2024-30) (2024-2030)","Elected MP","Construction of a community building on the available land in Mayil Panchayat under Bidupur block, including one borewell with hand pump, one toilet, two urinals, one room (12 x 10), and one large hall.","27-Sep-2025","06-Feb-2026","1499000","Sanction"
"27","Normal/Others","WS/MP18342/2025-2026/238631-Construction of community centers and community halls","Bihar","VAISHALI(DISTRICT PLANNING OFFICER VAISHALI_IDA)","Shri Sanjay Yadav (2024-30) (2024-2030)","Elected MP","Construction of a community building on the available land in Daudnagar Panchayat under Bidupur block, including one borewell with hand pump, one toilet, two urinals, one room (12 x 10), and one large hall.","27-Sep-2025","10-Feb-2026","1499000","Sanction"
"28","Normal/Others","WS/MP052/2026-2027/282211-Construction of community centers and community halls","Bihar","PASHCHIM CHAMPARAN(DISTRICT PLANNING OFFICER WEST CHAMPARANBETTIAH_IDA)","Shri Satish Chandra Dubey (2022-28) (2022-2028)","Elected MP","Construction of Community Hall in Nagarparishad narkatiyaganj, ward no-19, west champaran bihar","20-May-2026","10-Jul-2026","1499000","Sanction"
"29","Normal/Others","WS/MP18459/2026-2027/294419-Construction of community centers and community halls","Bihar","BANKA(DISTRICT PLANNING OFFICER BANKA_IDA)","Shri Ram Nath Thakur (2026-32) (2026-2032)","Elected MP","Construction of a community hall in Village Gadichak Assi (Singhiya Tola), Ward No. 15, Batsar Panchayat, Dhoraiya Block","12-Jul-2026","10-Aug-2026","1499300","Sanction"
"30","Normal/Others","WS/MP18459/2026-2027/294421-Construction of community centers and community halls","Bihar","BUXAR(DISTRICT PLANNING OFFICER BUXAR_IDA)","Shri Ram Nath Thakur (2026-32) (2026-2032)","Elected MP","Construction of a community hall in Village Kachainiya, Ward No. 15, Koran Saray Panchayat, near Ravidas Ashram.","12-Jul-2026","19-Aug-2026","1492000","Sanction"
"31","Normal/Others","WS/MP18459/2026-2027/294423-Construction of community centers and community halls","Bihar","ROHTAS(District Planning Officer Rohtas_IDA)","Shri Ram Nath Thakur (2026-32) (2026-2032)","Elected MP","Construction of a community hall near the Kali Temple in Village Srinagar Tola (under Rotwa Panchayat)","12-Jul-2026","10-Aug-2026","1500000","Sanction"
"32","Normal/Others","WS/MP18341/2025-2026/217018-Construction of public libraries and reading rooms","Bihar","MADHUBANI(DISTRICT PLANNING OFFICER MADHUBANI_IDA)","Shri Sanjay Kumar Jha (2024-30) (2024-2030)","Elected MP","Constrution work of new library building in ward no. 13 of Deep Paschim Panchayat.","10-Jul-2025","22-Sep-2025","999900","Work Completed"
"33","Normal/Others","WS/MP053/2025-2026/229769-Construction of public libraries and reading rooms","Bihar","NAWADA(District Planning Officer NAWADA_IDA)","Shri Khiru Mahto (2022-28) (2022-2028)","Elected MP","Construction of a Library in Ward no. 7 in village Apsand.","28-Aug-2025","27-Sep-2025","2211000","Work partially Completed"
"34","Normal/Others","WS/MP18332/2025-2026/217319-Crematoriums/energy efficient crematoriums or structures on burial/cremation ground","Bihar","DARBHANGA(DISTRICT PLANNING OFFICER DARBANGA_IDA)","Dr. Dharmshila Gupta (2024-30) (2024-2030)","Elected MP","BOUNDARY WALL- DARBHANGA, BAHADURPUR, WARD NO 48 PANDASARAI ME BHUTNATH SHAMSHAN KE BOUNDARY WALL WITH BRICKS WORK.","12-Jul-2025","17-Jul-2025","1399600","Physical Inspection"
"35","Normal/Others","WS/MP052/2024-2025/93005-Construction of common work sheds/ common covered sitting area","Bihar","PASHCHIM CHAMPARAN(DISTRICT PLANNING OFFICER WEST CHAMPARANBETTIAH_IDA)","Shri Satish Chandra Dubey (2022-28) (2022-2028)","Elected MP","Construction of a shed platform next to the Chhathi Mai ghat in village Kanchanpur of village Panchayat Jamunia of block Gaunaha. Estimated Amount Rs. - 6 lakh","01-Feb-2024","15-Oct-2024","593863","Physical Inspection"
"36","Normal/Others","WS/MP18300/2024-2025/134480-Construction of common work sheds/ common covered sitting area","Bihar","PATNA(DISTRICT PLANNING OFFICER PATNA_IDA)","Dr. Bhim Singh (2024-30) (2024-2030)","Elected MP","Construction work of 20 feet × 15 feet covered community chaupal.","05-Aug-2024","04-Jan-2025","526439","Physical Inspection"
"37","Normal/Others","WS/MP18300/2024-2025/134482-Construction of common work sheds/ common covered sitting area","Bihar","PATNA(DISTRICT PLANNING OFFICER PATNA_IDA)","Dr. Bhim Singh (2024-30) (2024-2030)","Elected MP","Construction work of 20 feet × 15 feet covered community chaupal.","05-Aug-2024","16-Dec-2024","529451","Physical Inspection"
"38","Normal/Others","WS/MP18300/2024-2025/134483-Construction of common work sheds/ common covered sitting area","Bihar","PATNA(DISTRICT PLANNING OFFICER PATNA_IDA)","Dr. Bhim Singh (2024-30) (2024-2030)","Elected MP","Construction work of 20 feet × 15 feet covered  community chaupal.","05-Aug-2024","17-Jan-2025","527755","Physical Inspection"
"39","Normal/Others","WS/MP18300/2024-2025/134540-Construction of common work sheds/ common covered sitting area","Bihar","NALANDA(DISTRICT PLANNING OFFICER NALANDA_IDA)","Dr. Bhim Singh (2024-30) (2024-2030)","Elected MP","Construction work of 20 feet x 15 feet covered Community Chaupal","05-Aug-2024","22-Oct-2024","442475","Physical Inspection"
"40","Normal/Others","WS/MP18300/2024-2025/134634-Construction of common work sheds/ common covered sitting area","Bihar","MADHUBANI(DISTRICT PLANNING OFFICER MADHUBANI_IDA)","Dr. Bhim Singh (2024-30) (2024-2030)","Elected MP","Construction work of 20 feet× 15 feet covered  Community Chaupal","05-Aug-2024","18-Dec-2024","529800","Vendor Identification"
"41","Normal/Others","WS/MP18300/2024-2025/134635-Construction of common work sheds/ common covered sitting area","Bihar","MADHUBANI(DISTRICT PLANNING OFFICER MADHUBANI_IDA)","Dr. Bhim Singh (2024-30) (2024-2030)","Elected MP","Construction work of 20 feet× 15 feet covered Community Chaupal","05-Aug-2024","18-Dec-2024","529800","Vendor Identification"
"42","Normal/Others","WS/MP18300/2024-2025/134637-Construction of common work sheds/ common covered sitting area","Bihar","PATNA(DISTRICT PLANNING OFFICER PATNA_IDA)","Dr. Bhim Singh (2024-30) (2024-2030)","Elected MP","Construction work of 20 feet x 15 feet covered  Community Chaupal","05-Aug-2024","04-Jan-2025","520774","Physical Inspection"
"43","Normal/Others","WS/MP18300/2025-2026/134641-Construction of common work sheds/ common covered sitting area","Bihar","JAMUI(DISTRICT PLANNING OFFICER JAMUI_IDA)","Dr. Bhim Singh (2024-30) (2024-2030)","Elected MP","Construction work of 20 feet x 15 feet covered Community Chaupal","05-Aug-2024","12-Jul-2025","530000","Work partially Completed"
"44","Normal/Others","WS/MP18300/2025-2026/134642-Construction of common work sheds/ common covered sitting area","Bihar","JAMUI(DISTRICT PLANNING OFFICER JAMUI_IDA)","Dr. Bhim Singh (2024-30) (2024-2030)","Elected MP","Construction work of 20 feet x 15 feet covered  Community Chaupal","05-Aug-2024","25-Jun-2025","516349","Physical Inspection"
"45","Normal/Others","WS/MP18300/2025-2026/134643-Construction of common work sheds/ common covered sitting area","Bihar","JAMUI(DISTRICT PLANNING OFFICER JAMUI_IDA)","Dr. Bhim Singh (2024-30) (2024-2030)","Elected MP","Construction work of 20 feet x 15 feet covered Community Chaupal","05-Aug-2024","12-Jul-2025","522430","Physical Inspection"
"46","Normal/Others","WS/MP18300/2025-2026/134650-Construction of common work sheds/ common covered sitting area","Bihar","VAISHALI(DISTRICT PLANNING OFFICER VAISHALI_IDA)","Dr. Bhim Singh (2024-30) (2024-2030)","Elected MP","Construction work of 20 feet x 15 feet covered Community Chaupal Rural","05-Aug-2024","17-May-2025","530000","Physical Inspection"
"47","Normal/Others","WS/MP18300/2025-2026/134654-Construction of common work sheds/ common covered sitting area","Bihar","GAYA(DISTRICT PLANNING OFFICER GAYA_IDA)","Dr. Bhim Singh (2024-30) (2024-2030)","Elected MP","Construction work of 20 feet x 15 feet covered Community Chaupal Rural","05-Aug-2024","11-Jul-2025","519536","Physical Inspection"
"48","Normal/Others","WS/MP18300/2024-2025/134656-Construction of common work sheds/ common covered sitting area","Bihar","ARWAL(District Planning Officer Arwal_IDA)","Dr. Bhim Singh (2024-30) (2024-2030)","Elected MP","Construction work of 20 feet x 15 feet covered Community Chaupal Rural","05-Aug-2024","20-Nov-2024","508791","Physical Inspection"
"49","Normal/Others","WS/MP18300/2025-2026/134657-Construction of common work sheds/ common covered sitting area","Bihar","ARWAL(District Planning Officer Arwal_IDA)","Dr. Bhim Singh (2024-30) (2024-2030)","Elected MP","Construction work of 20 feet x 15 feet covered Community Chaupal Rural","05-Aug-2024","28-Apr-2025","522080","Physical Inspection"
"50","Normal/Others","WS/MP18300/2024-2025/134659-Construction of common work sheds/ common covered sitting area","Bihar","KHAGARIA(DISTRICT PLANNING OFFICER KHAGARIA_IDA)","Dr. Bhim Singh (2024-30) (2024-2030)","Elected MP","Construction work of 20 feet x 15 feet covered  Community Chaupal Rural","05-Aug-2024","05-Mar-2025","530000","Vendor Identification"
"51","Normal/Others","WS/MP18300/2025-2026/134662-Construction of common work sheds/ common covered sitting area","Bihar","JEHANABAD(DISTRICT PLANNING OFFICER JEHANABAD_IDA)","Dr. Bhim Singh (2024-30) (2024-2030)","Elected MP","Construction work of 20 feet x 15 feet covered  Community Chaupal","05-Aug-2024","26-Dec-2025","530000","Sanction"
"52","Normal/Others","WS/MP18300/2024-2025/134663-Construction of common work sheds/ common covered sitting area","Bihar","JEHANABAD(DISTRICT PLANNING OFFICER JEHANABAD_IDA)","Dr. Bhim Singh (2024-30) (2024-2030)","Elected MP","Construction work of 20 feet x 15 feet covered Community Chaupal","05-Aug-2024","19-Mar-2025","530000","Work partially Completed"
"53","Normal/Others","WS/MP18300/2024-2025/134664-Construction of common work sheds/ common covered sitting area","Bihar","JEHANABAD(DISTRICT PLANNING OFFICER JEHANABAD_IDA)","Dr. Bhim Singh (2024-30) (2024-2030)","Elected MP","Construction work of 20 feet x 15 feet covered  Community Chaupal","05-Aug-2024","19-Mar-2025","530000","Work partially Completed"
"54","Normal/Others","WS/MP18300/2024-2025/135850-Construction of common work sheds/ common covered sitting area","Bihar","PATNA(DISTRICT PLANNING OFFICER PATNA_IDA)","Dr. Bhim Singh (2024-30) (2024-2030)","Elected MP","Construction work of 20 feet x 15 feet covered Community Chaupal","16-Aug-2024","26-Oct-2024","643136","Physical Inspection"
"55","Normal/Others","WS/MP18300/2025-2026/136531-Construction of common work sheds/ common covered sitting area","Bihar","PATNA(DISTRICT PLANNING OFFICER PATNA_IDA)","Dr. Bhim Singh (2024-30) (2024-2030)","Elected MP","Construction work of 20 feet x 15 feet covered Community Chaupal Rural","20-Aug-2024","20-Jun-2025","530000","Vendor Identification"
"56","Normal/Others","WS/MP18300/2024-2025/139497-Construction of common work sheds/ common covered sitting area","Bihar","JEHANABAD(DISTRICT PLANNING OFFICER JEHANABAD_IDA)","Dr. Bhim Singh (2024-30) (2024-2030)","Elected MP","Construction work of 20 feet x 15 feet covered Community Chaupal","06-Sep-2024","19-Mar-2025","530000","Work Completed"
"57","Normal/Others","WS/MP18300/2024-2025/145389-Construction of common work sheds/ common covered sitting area","Bihar","KAIMUR (BHABUA)(DISTRICT PLANNING OFFICER KAIMUR BHABUA_IDA)","Dr. Bhim Singh (2024-30) (2024-2030)","Elected MP","Construction work of 20 feet x 15 feet covered Community Chaupal","04-Oct-2024","27-Jan-2025","479427","Physical Inspection"
"58","Normal/Others","WS/MP18300/2024-2025/149665-Construction of common work sheds/ common covered sitting area","Bihar","PATNA(DISTRICT PLANNING OFFICER PATNA_IDA)","Dr. Bhim Singh (2024-30) (2024-2030)","Elected MP","Installing a big hand pump (india mark II) at a public place near the house of Mukesh Kumar s/o Late Shyamababu Rai  in village Saidpur (Saidpur Tola) of Ward No.05  of Hidayatpur Saidpur Panchayat.","28-Oct-2024","22-Nov-2024","81920","Physical Inspection"
"59","Normal/Others","WS/MP18300/2025-2026/150064-Construction of common work sheds/ common covered sitting area","Bihar","NALANDA(DISTRICT PLANNING OFFICER NALANDA_IDA)","Dr. Bhim Singh (2024-30) (2024-2030)","Elected MP","Construction work of 20 feet × 15 feet covered community chaupal.","30-Oct-2024","25-Apr-2025","529180","Physical Inspection"
"60","Normal/Others","WS/MP18300/2024-2025/151075-Construction of common work sheds/ common covered sitting area","Bihar","PATNA(DISTRICT PLANNING OFFICER PATNA_IDA)","Dr. Bhim Singh (2024-30) (2024-2030)","Elected MP","Construction work of 20 feet × 15 feet covered community chaupal.","06-Nov-2024","04-Jan-2025","526439","Physical Inspection"
"61","Normal/Others","WS/MP18300/2025-2026/153065-Construction of common work sheds/ common covered sitting area","Bihar","SHEIKHPURA(DISTRICT PLANNING OFFICER SHEIKHPURA_IDA)","Dr. Bhim Singh (2024-30) (2024-2030)","Elected MP","Construction work of 20 feet ×15 feet covered community Chaupal","18-Nov-2024","10-Jun-2025","530000","Physical Inspection"
"62","Normal/Others","WS/MP18300/2025-2026/157543-Construction of common work sheds/ common covered sitting area","Bihar","NALANDA(DISTRICT PLANNING OFFICER NALANDA_IDA)","Dr. Bhim Singh (2024-30) (2024-2030)","Elected MP","Construction work of 20 feet x 15 feet covered Community Chaupal","09-Dec-2024","25-Apr-2025","527564","Physical Inspection"
"63","Normal/Others","WS/MP18300/2025-2026/157544-Construction of common work sheds/ common covered sitting area","Bihar","NALANDA(DISTRICT PLANNING OFFICER NALANDA_IDA)","Dr. Bhim Singh (2024-30) (2024-2030)","Elected MP","Construction work of 20 feet x 15 feet covered Community Chaupal","09-Dec-2024","27-May-2025","529465","Physical Inspection"
"64","Normal/Others","WS/MP18300/2025-2026/157546-Construction of common work sheds/ common covered sitting area","Bihar","NALANDA(DISTRICT PLANNING OFFICER NALANDA_IDA)","Dr. Bhim Singh (2024-30) (2024-2030)","Elected MP","Construction work of 20 feet x 15 feet covered Community Chaupal","09-Dec-2024","25-Apr-2025","529465","Physical Inspection"
"65","Normal/Others","WS/MP18300/2024-2025/165183-Construction of common work sheds/ common covered sitting area","Bihar","PATNA(DISTRICT PLANNING OFFICER PATNA_IDA)","Dr. Bhim Singh (2024-30) (2024-2030)","Elected MP","Construction work of 20 feet x 15 feet covered community Chaupal","13-Jan-2025","11-Mar-2025","530000","Sanction"
"66","Normal/Others","WS/MP18300/2025-2026/172320-Construction of common work sheds/ common covered sitting area","Bihar","BANKA(DISTRICT PLANNING OFFICER BANKA_IDA)","Dr. Bhim Singh (2024-30) (2024-2030)","Elected MP","Construction work of 20 feet x 15 feet covered community Chaupal","04-Feb-2025","04-Apr-2025","529900","Work partially Completed"
"67","Normal/Others","WS/MP18300/2025-2026/172323-Construction of common work sheds/ common covered sitting area","Bihar","AURANGABAD(DISTRICT PLANNING OFFICER AURANGABAD_IDA)","Dr. Bhim Singh (2024-30) (2024-2030)","Elected MP","Construction work of 20 feet x 15 feet covered community Chaupal","04-Feb-2025","24-Jun-2025","524531","Physical Inspection"
"68","Normal/Others","WS/MP18300/2025-2026/202614-Construction of common work sheds/ common covered sitting area","Bihar","JEHANABAD(DISTRICT PLANNING OFFICER JEHANABAD_IDA)","Dr. Bhim Singh (2024-30) (2024-2030)","Elected MP","Construction work of 20 x feet 15 feet covered community Chaupal","22-May-2025","19-Jul-2025","530000","Sanction"
"69","Normal/Others","WS/MP18300/2025-2026/207459-Construction of common work sheds/ common covered sitting area","Bihar","NAWADA(District Planning Officer NAWADA_IDA)","Dr. Bhim Singh (2024-30) (2024-2030)","Elected MP","Construction work of 20 x feet 15 feet covered community Chaupal","09-Jun-2025","26-Aug-2025","534600","Physical Inspection"
"70","Normal/Others","WS/MP18300/2025-2026/220439-Construction of common work sheds/ common covered sitting area","Bihar","LAKHISARAI(District Planning Officer Lakhisarai_IDA)","Dr. Bhim Singh (2024-30) (2024-2030)","Elected MP","Construction work of 20 x feet 15 feet covered community Chaupal","20-Jul-2025","16-Sep-2025","529200","Sanction"
"71","Normal/Others","WS/MP18407/2025-2026/223753-Construction of common work sheds/ common covered sitting area","Bihar","PURBI CHAMPARAN(DISTRICT PLANNING OFFICER MOTHIHARI EAST CHAMPARAN_IDA)","Shri Manan Kumar Mishra (2024-28) (2024-2028)","Elected MP","Construction work of a platform with a shed at Vishunpur Math of Rupaulia Panchayat","31-Jul-2025","05-Dec-2025","700000","Sanction"
"72","Normal/Others","WS/MP18342/2026-2027/230667-Construction of common work sheds/ common covered sitting area","Bihar","VAISHALI(DISTRICT PLANNING OFFICER VAISHALI_IDA)","Shri Sanjay Yadav (2024-30) (2024-2030)","Elected MP","Construction of a twelve-foot high roofed platform with a hand pump on the available government land in the Terasiya Panchayat under the Raghopur block.","02-Sep-2025","17-Jul-2026","1499000","Sanction"
"73","Normal/Others","WS/MP18342/2025-2026/230843-Construction of common work sheds/ common covered sitting area","Bihar","VAISHALI(DISTRICT PLANNING OFFICER VAISHALI_IDA)","Shri Sanjay Yadav (2024-30) (2024-2030)","Elected MP","Construction of a twelve-foot high roofed platform with a hand pump on the available government land in Rustampur Panchayat under Raghopur Block.","02-Sep-2025","08-Jan-2026","1499000","Sanction"
"74","Normal/Others","WS/MP18342/2025-2026/230844-Construction of common work sheds/ common covered sitting area","Bihar","VAISHALI(DISTRICT PLANNING OFFICER VAISHALI_IDA)","Shri Sanjay Yadav (2024-30) (2024-2030)","Elected MP","Construction of a twelve feet high roofed platform with a hand pump on the available government land in the Malikpur Panchayat under the Raghopur Block.","02-Sep-2025","14-Jan-2026","1499000","Sanction"
"75","Normal/Others","WS/MP18342/2025-2026/230845-Construction of common work sheds/ common covered sitting area","Bihar","VAISHALI(DISTRICT PLANNING OFFICER VAISHALI_IDA)","Shri Sanjay Yadav (2024-30) (2024-2030)","Elected MP","Construction of a twelve-foot high roofed platform with a hand pump on the available government land in Baharampur Panchayat under Raghopur Block.","02-Sep-2025","08-Jan-2026","1499000","Sanction"
"76","Normal/Others","WS/MP18342/2025-2026/230846-Construction of common work sheds/ common covered sitting area","Bihar","VAISHALI(DISTRICT PLANNING OFFICER VAISHALI_IDA)","Shri Sanjay Yadav (2024-30) (2024-2030)","Elected MP","Construction of a twelve-foot high roofed platform with a hand pump on the available government land in Saidabad Panchayat under Raghopur Block.","02-Sep-2025","08-Jan-2026","1499000","Sanction"
"77","Normal/Others","WS/MP18342/2025-2026/230848-Construction of common work sheds/ common covered sitting area","Bihar","VAISHALI(DISTRICT PLANNING OFFICER VAISHALI_IDA)","Shri Sanjay Yadav (2024-30) (2024-2030)","Elected MP","Construction of a twelve-foot high roofed platform with a hand pump on the available government land in Rampur Shyamchand Panchayat under Raghopur Block.","02-Sep-2025","08-Jan-2026","1499000","Sanction"
"78","Normal/Others","WS/MP18342/2026-2027/230850-Construction of common work sheds/ common covered sitting area","Bihar","VAISHALI(DISTRICT PLANNING OFFICER VAISHALI_IDA)","Shri Sanjay Yadav (2024-30) (2024-2030)","Elected MP","Construction of a twelve feet high roofed platform with a hand pump on the available government land in Chandpura Panchayat under Raghopur Block.","02-Sep-2025","17-Jul-2026","1499000","Sanction"
"79","Normal/Others","WS/MP18342/2025-2026/230855-Construction of common work sheds/ common covered sitting area","Bihar","VAISHALI(DISTRICT PLANNING OFFICER VAISHALI_IDA)","Shri Sanjay Yadav (2024-30) (2024-2030)","Elected MP","Construction of a 12-foot high roofed platform with a hand pump on the available government land in the Judabanpur Karari Panchayat under the Raghopur block.","02-Sep-2025","07-Jan-2026","1499000","Sanction"
"80","Normal/Others","WS/MP18342/2025-2026/230856-Construction of common work sheds/ common covered sitting area","Bihar","VAISHALI(DISTRICT PLANNING OFFICER VAISHALI_IDA)","Shri Sanjay Yadav (2024-30) (2024-2030)","Elected MP","Construction of a 12-foot high roofed platform with a hand pump on the available government land in the Judabanpur Barari Panchayat under the Raghopur block.","02-Sep-2025","07-Jan-2026","1499000","Sanction"
"81","Normal/Others","WS/MP18342/2025-2026/230857-Construction of common work sheds/ common covered sitting area","Bihar","VAISHALI(DISTRICT PLANNING OFFICER VAISHALI_IDA)","Shri Sanjay Yadav (2024-30) (2024-2030)","Elected MP","Construction of a twelve feet high roofed platform with a hand pump on the available government land in Chaksingar Panchayat under Raghopur Block.","02-Sep-2025","07-Jan-2026","1499000","Sanction"
"82","Normal/Others","WS/MP18300/2026-2027/251287-Construction of common work sheds/ common covered sitting area","Bihar","NAWADA(District Planning Officer NAWADA_IDA)","Dr. Bhim Singh (2024-30) (2024-2030)","Elected MP","Construction work of 20 feet X 15 feet covered community chaupal","29-Nov-2025","27-Jul-2026","530000","Sanction"
"83","Normal/Others","WS/MP18300/2025-2026/251293-Construction of common work sheds/ common covered sitting area","Bihar","VAISHALI(DISTRICT PLANNING OFFICER VAISHALI_IDA)","Dr. Bhim Singh (2024-30) (2024-2030)","Elected MP","Construction work of 20 feet X 15 feet covered community chaupal","29-Nov-2025","13-Jan-2026","530000","Sanction"
"84","Normal/Others","WS/MP052/2025-2026/256435-Construction of common work sheds/ common covered sitting area","Bihar","PASHCHIM CHAMPARAN(DISTRICT PLANNING OFFICER WEST CHAMPARANBETTIAH_IDA)","Shri Satish Chandra Dubey (2022-28) (2022-2028)","Elected MP","Construction of Shed in Village Lal Sariya","31-Dec-2025","03-Feb-2026","299700","Vendor Identification"
"85","Normal/Others","WS/MP18300/2025-2026/258973-Construction of common work sheds/ common covered sitting area","Bihar","MADHUBANI(DISTRICT PLANNING OFFICER MADHUBANI_IDA)","Dr. Bhim Singh (2024-30) (2024-2030)","Elected MP","Construction work of 20 x feet 15 feet covered community Chaupal","13-Jan-2026","14-Jan-2026","521730","Physical Inspection"
"86","Normal/Others","WS/MP042/2026-2027/281357-Construction of common work sheds/ common covered sitting area","Bihar","SAHARSA(DISTRICT PLANNING OFFICER SAHARSA_IDA)","Prof. Manoj Kumar Jha (2024-30) (2024-2030)","Elected MP","Construction of a Cycle Shed at the State-Sponsored High School, Nauhatta, under the Nauhatta Nagar Panchayat in Saharsa District","17-May-2026","23-Jul-2026","1499500","Sanction"
"87","Normal/Others","WS/MP042/2026-2027/283337-Construction of common work sheds/ common covered sitting area","Bihar","SAHARSA(DISTRICT PLANNING OFFICER SAHARSA_IDA)","Prof. Manoj Kumar Jha (2024-30) (2024-2030)","Elected MP","Construction of Cycle Shed at Banbari Singh High School Rampur Located in Saroja Panchayat under Simri Bakhtiyarpur block.","23-May-2026","23-Jul-2026","1498500","Sanction"
"88","Normal/Others","WS/MP042/2026-2027/283341-Construction of common work sheds/ common covered sitting area","Bihar","SAHARSA(DISTRICT PLANNING OFFICER SAHARSA_IDA)","Prof. Manoj Kumar Jha (2024-30) (2024-2030)","Elected MP","Construction of Cycle shed at Annpurna higher secondary School barahi High School Located in Hati Panchayat under Nowhatta.","23-May-2026","23-Jul-2026","1498500","Sanction"
"89","Normal/Others","WS/MP18332/2026-2027/286128-Construction of common work sheds/ common covered sitting area","Bihar","PATNA(DISTRICT PLANNING OFFICER PATNA_IDA)","Dr. Dharmshila Gupta (2024-30) (2024-2030)","Elected MP","PCC CHABUTRA- PATNA, BADH, VILL PANCHYAT - PURBI BEDNA, VILL- SOIMA ME VISHNU MANDIR KE NIKAR SARVJANIK ASTHAL PAR CHABUTRA KA NIRMAN.","23-Jun-2026","07-Jul-2026","350000","Sanction"
"90","Normal/Others","WS/MP18332/2026-2027/288064-Construction of common work sheds/ common covered sitting area","Bihar","DARBHANGA(DISTRICT PLANNING OFFICER DARBANGA_IDA)","Dr. Dharmshila Gupta (2024-30) (2024-2030)","Elected MP","DARBHANGA, PRAKHAND- BIRAUL, PANCHYAT- ETWA SHIVNAGAR , VILL SHIVNAGAR ME DIHABAAR BABA ASTHAN ME CHHATDAR CHABUTRA KA NIRMAN.","23-Jun-2026","20-Aug-2026","999900","Sanction"
"91","Normal/Others","WS/MP18300/2025-2026/204944-Construction of additional rooms and halls in the existing public and community building","Bihar","SARAN(DISTRICT PLANNING OFFICE SARAN CHAPRA_IDA)","Dr. Bhim Singh (2024-30) (2024-2030)","Elected MP","one Room with staircase","29-May-2025","18-Sep-2025","498000","Vendor Identification"
"92","Normal/Others","WS/MP18300/2025-2026/233634-Construction of additional rooms and halls in the existing public and community building","Bihar","AURANGABAD(DISTRICT PLANNING OFFICER AURANGABAD_IDA)","Dr. Bhim Singh (2024-30) (2024-2030)","Elected MP","Construction of one room and staircase on the third floor of the already constructed Community Hall","13-Sep-2025","08-Jan-2026","290000","Sanction"
"93","Normal/Others","WS/MP052/2024-2025/19523-Construction of boundary walls of existing public and community buildings","Bihar","PASHCHIM CHAMPARAN(DISTRICT PLANNING OFFICER WEST CHAMPARANBETTIAH_IDA)","Shri Satish Chandra Dubey (2022-28) (2022-2028)","Elected MP","Construction work of boundary wall and shed of the cremation ground next to Haisi drain located in village Mushari ward number 02 of Gram Panchayat Raj Dhurmi Dharampur of Lauria block of West Champaran district. Established Amount Rs. 800000/-.","13-Sep-2023","10-Jun-2024","792961","Physical Inspection"
"94","Normal/Others","WS/MP052/2023-2024/92271-Construction of boundary walls of existing public and community buildings","Bihar","PASHCHIM CHAMPARAN(DISTRICT PLANNING OFFICER WEST CHAMPARANBETTIAH_IDA)","Shri Satish Chandra Dubey (2022-28) (2022-2028)","Elected MP","Construction work of damaged boundary wall and contact road in Sahu Jain sports ground of Lauria block. Estimated Amount Rs. 7 lakh","30-Jan-2024","12-Mar-2024","690131","Physical Inspection"
"95","Normal/Others","WS/MP044/2025-2026/232580-Construction of boundary walls of existing public and community buildings","Bihar","ARWAL(District Planning Officer Arwal_IDA)","Shri Akhilesh Prasad Singh (2024-30) (2024-2030)","Elected MP","Construction of a room and boundary wall next to the Nimik community building near Sachai Devi place in the village of Kurtha block of Arwal district","10-Sep-2025","26-Feb-2026","1398700","Vendor Identification"
"96","Normal/Others","WS/MP053/2023-2024/43923-Construction of buildings for community cultural activities","Bihar","MUNGER(DISTRICT PLANNING OFFICER MUNGER_IDA)","Shri Khiru Mahto (2022-28) (2022-2028)","Elected MP","CONSTRUCTION OF SIRHI AND BEAUTIFICATION IN TALAB BEHIND NAUGARHI HIGH SCHOOL","02-Nov-2023","21-Feb-2024","448396","Physical Inspection"
"97","Normal/Others","WS/MP053/2023-2024/43934-Construction of buildings for community cultural activities","Bihar","MUNGER(DISTRICT PLANNING OFFICER MUNGER_IDA)","Shri Khiru Mahto (2022-28) (2022-2028)","Elected MP","CONSTRUCTION OF SIRHI GHAT BEHIND C B L COLLEGE IN PARIA PANCHAYAT","02-Nov-2023","30-Jan-2024","448217","Physical Inspection"
"98","Normal/Others","WS/MP053/2023-2024/43936-Construction of buildings for community cultural activities","Bihar","MUNGER(DISTRICT PLANNING OFFICER MUNGER_IDA)","Shri Khiru Mahto (2022-28) (2022-2028)","Elected MP","CONSTRUCTION OF CHABUTRA NEAR PRASHANT KUMAR MISHRA AND JAI RAM JEE HOUSE IN WARD 05 HARINMAR PANCHAYAT","02-Nov-2023","03-Feb-2024","339551","Physical Inspection"
"99","Normal/Others","WS/MP041/2025-2026/205771-Construction of buildings for community cultural activities","Bihar","MADHUBANI(DISTRICT PLANNING OFFICER MADHUBANI_IDA)","Dr. Faiyaz Ahmad (2022-28) (2022-2028)","Elected MP","Bisfi Prakhand ke Jafra Panchayat ke Belaunja gown me Baikunth Dham Mandir ke nikat kala Manch ka nirman","02-Jun-2025","25-Sep-2025","861400","Physical Inspection"
"100","Normal/Others","WS/MP041/2026-2027/205824-Construction of buildings for community cultural activities","Bihar","MADHUBANI(DISTRICT PLANNING OFFICER MADHUBANI_IDA)","Dr. Faiyaz Ahmad (2022-28) (2022-2028)","Elected MP","Bisfi Prakhand ke Bhoj Pandol Panchaayat ke chakala gaon mein Raamachandr Yaadav ke ghar se Indradev Yaadav ke ghar tak PCC sadak nirmaan.","02-Jun-2025","18-Jun-2026","699000","Physical Inspection"
"101","Normal/Others","WS/MP18407/2025-2026/223744-Construction of buildings for community cultural activities","Bihar","PURBI CHAMPARAN(DISTRICT PLANNING OFFICER MOTHIHARI EAST CHAMPARAN_IDA)","Shri Manan Kumar Mishra (2024-28) (2024-2028)","Elected MP","Construction work of stairs and ghat of pond of Piprakothi Shiva temple","31-Jul-2025","27-Aug-2025","1494129","Physical Inspection"
"102","Normal/Others","WS/MP18407/2025-2026/223745-Construction of buildings for community cultural activities","Bihar","PURBI CHAMPARAN(DISTRICT PLANNING OFFICER MOTHIHARI EAST CHAMPARAN_IDA)","Shri Manan Kumar Mishra (2024-28) (2024-2028)","Elected MP","Construction work of stairs and ghat of pond of Dhekha Bazar Motihari block","31-Jul-2025","27-Aug-2025","996038","Physical Inspection"
"103","Normal/Others","WS/MP18407/2025-2026/223750-Construction of buildings for community cultural activities","Bihar","PURBI CHAMPARAN(DISTRICT PLANNING OFFICER MOTHIHARI EAST CHAMPARAN_IDA)","Shri Manan Kumar Mishra (2024-28) (2024-2028)","Elected MP","Construction work of staircase ghat in Sahani Tola Hardiya village of Talimpur Panchayat","31-Jul-2025","26-Aug-2025","987975","Physical Inspection"
"104","Normal/Others","WS/MP18407/2025-2026/230582-Construction of buildings for community cultural activities","Bihar","GOPALGANJ(DISTRICT PLANNING OFFICER GOPALGANJ_IDA)","Shri Manan Kumar Mishra (2024-28) (2024-2028)","Elected MP","Construction work of ghats and stairs of Tiwari Khareya Pokhara","31-Aug-2025","23-Dec-2025","1497000","Physical Inspection"
"105","Normal/Others","WS/MP18407/2025-2026/232213-Construction of buildings for community cultural activities","Bihar","GOPALGANJ(DISTRICT PLANNING OFFICER GOPALGANJ_IDA)","Shri Manan Kumar Mishra (2024-28) (2024-2028)","Elected MP","Construction work of Chhath Ghat on the east side of Rautaniya Pokhara of Block Bhore","08-Sep-2025","23-Dec-2025","1488000","Vendor Identification"
"106","Normal/Others","WS/MP18407/2025-2026/232215-Construction of buildings for community cultural activities","Bihar","GOPALGANJ(DISTRICT PLANNING OFFICER GOPALGANJ_IDA)","Shri Manan Kumar Mishra (2024-28) (2024-2028)","Elected MP","Construction work of Chhat Ghat on the pond of village Belwa Thakurai of Panchayat Raj Chakarvankhas of Block Bhore","08-Sep-2025","23-Dec-2025","1497000","Sanction"
"107","Normal/Others","WS/MP052/2025-2026/229924-Construction of bus-sheds or bus-stops","Bihar","ROHTAS(District Planning Officer Rohtas_IDA)","Shri Satish Chandra Dubey (2022-28) (2022-2028)","Elected MP","Construction of Yatri shed in rohtas","28-Aug-2025","14-Jan-2026","790580","Physical Inspection"
"108","Normal/Others","WS/MP044/2025-2026/232534-Construction of bus-sheds or bus-stops","Bihar","ARWAL(District Planning Officer Arwal_IDA)","Shri Akhilesh Prasad Singh (2024-30) (2024-2030)","Elected MP","construction of general passenger shed at Suryapur Banshi Blocks Kharasin Panchayats Mali to Akaronja main road","10-Sep-2025","12-Mar-2026","500000","Physical Inspection"
"109","N/A","WS/MP052/2023-2024/19503-Construction of rooms and halls in school and colleges","Bihar","Kushinagar(DISTRICT MAGISTRATE KUSHINAGAR PADRAUNA_IDA)","Shri Satish Chandra Dubey (2022-28) (2022-2028)","Elected MP","Construction work of class room of Shree Chhatthu prasad uchtar madhyamik school, Jarar Kinnar Patti in Kushinagar, Padrauna district of Uttar Pradesh.","04-Sep-2023","06-Mar-2024","950000","Vendor Identification"
"110","N/A","WS/MP052/2023-2024/19504-Construction of rooms and halls in school and colleges","Bihar","Kushinagar(DISTRICT MAGISTRATE KUSHINAGAR PADRAUNA_IDA)","Shri Satish Chandra Dubey (2022-28) (2022-2028)","Elected MP","Construction work of class room of Gulaichi Devi Primary School, Jarar Kinnar Patti in Kushinagar, Padrauna district of Uttar Pradesh.","04-Sep-2023","06-Mar-2024","950000","Vendor Identification"
"111","Normal/Others","WS/MP052/2023-2024/35262-Construction of rooms and halls in school and colleges","Bihar","JEHANABAD(DISTRICT PLANNING OFFICER JEHANABAD_IDA)","Shri Satish Chandra Dubey (2022-28) (2022-2028)","Elected MP","Construction of class room on 2nd floor of Kamta Prasad Sharma Graduate College in village Utimpur of Hulasganj block of district Jehanabad. Estimated Amount Rs. 10 lacs.","10-Oct-2023","28-Feb-2024","1000000","Physical Inspection"
"112","Normal/Others","WS/MP042/2025-2026/150373-Construction of rooms and halls in school and colleges","Bihar","SARAN(DISTRICT PLANNING OFFICE SARAN CHAPRA_IDA)","Prof. Manoj Kumar Jha (2024-30) (2024-2030)","Elected MP","Construction work of ten additional rooms and two toilets (including hand pump) in Lalu Prasad Yadav High School located in Block-Sonpur, Panchayat-Sabalpur East under Saran district","02-Nov-2024","27-May-2025","5990899","Sanction"
"113","Normal/Others","WS/MP042/2025-2026/197762-Construction of rooms and halls in school and colleges","Bihar","SAHARSA(DISTRICT PLANNING OFFICER SAHARSA_IDA)","Prof. Manoj Kumar Jha (2024-30) (2024-2030)","Elected MP","Construction of Meeting Hall At PG Center, Saharsa Ward No 31 under Saharsa District","08-May-2025","17-Sep-2025","1065877","Physical Inspection"
"114","Trust and Society","WS/MP052/2025-2026/200065-Construction of rooms and halls in school and colleges","Bihar","Kushinagar(DISTRICT MAGISTRATE KUSHINAGAR PADRAUNA_IDA)","Shri Satish Chandra Dubey (2022-28) (2022-2028)","Elected MP","Construction of School building or Class room","15-May-2025","26-Sep-2025","999000","Vendor Identification"
"115","Trust and Society","WS/MP044/2025-2026/211418-Construction of rooms and halls in school and colleges","Bihar","VARANASI(DISTRICT MAGISTRAE VARANASI_IDA)","Shri Akhilesh Prasad Singh (2024-30) (2024-2030)","Elected MP","Construction of computer class room colleges","23-Jun-2025","08-Sep-2025","1495000","Work partially Completed"
"116","Normal/Others","WS/MP18407/2025-2026/223752-Construction of rooms and halls in school and colleges","Bihar","PURBI CHAMPARAN(DISTRICT PLANNING OFFICER MOTHIHARI EAST CHAMPARAN_IDA)","Shri Manan Kumar Mishra (2024-28) (2024-2028)","Elected MP","Construction work of two rooms with veranda and toilet in Marpa High School of Mankerwa Panchayat","31-Jul-2025","27-Aug-2025","1300000","Sanction"
"117","Repair and Renovation","WS/MP18407/2025-2026/232205-Construction of rooms and halls in school and colleges","Bihar","GOPALGANJ(DISTRICT PLANNING OFFICER GOPALGANJ_IDA)","Shri Manan Kumar Mishra (2024-28) (2024-2028)","Elected MP","Bricking soiling and repair work of the courtyard of the upgraded middle school Sanah Madho located in Haata Mathia village of Panchayat Raj Rampur Khareya","08-Sep-2025","17-Feb-2026","1499000","Sanction"
"118","Normal/Others","WS/MP044/2026-2027/276633-Construction of rooms and halls in school and colleges","Bihar","PURBI CHAMPARAN(DISTRICT PLANNING OFFICER MOTHIHARI EAST CHAMPARAN_IDA)","Shri Akhilesh Prasad Singh (2024-30) (2024-2030)","Elected MP","Development work of Government Primary School in Belwa Rai Tola Barwa","30-Mar-2026","10-Apr-2026","1495000","Physical Inspection"
"119","Normal/Others","WS/MP052/2025-2026/221703-Construction of toilet blocks","Bihar","PASHCHIM CHAMPARAN(DISTRICT PLANNING OFFICER WEST CHAMPARANBETTIAH_IDA)","Shri Satish Chandra Dubey (2022-28) (2022-2028)","Elected MP","Construction of Toilet in School","24-Jul-2025","12-Feb-2026","500000","Sanction"
"120","Normal/Others","WS/MP052/2026-2027/274786-Purchase of books and periodicals for libraries/digitization of library books","Bihar","MUZAFFARPUR(DISTRICT PLANNING OFFICER MUZAFFARPUR_IDA)","Shri Satish Chandra Dubey (2022-28) (2022-2028)","Elected MP","The procurement and supply of books for libraries in various schools located across the blocks of Muzaffarpur The List of School is attached","17-Mar-2026","11-Apr-2026","3000000","Physical Inspection"
"121","Normal/Others","WS/MP18300/2026-2027/283570-Setting up of laboratories","Bihar","MADHUBANI(DISTRICT PLANNING OFFICER MADHUBANI_IDA)","Dr. Bhim Singh (2024-30) (2024-2030)","Elected MP","Supply of equipment and materials","25-May-2026","04-Jul-2026","1205000","Physical Inspection"
"122","Normal/Others","WS/MP18300/2026-2027/284398-Setting up of laboratories","Bihar","MADHUBANI(DISTRICT PLANNING OFFICER MADHUBANI_IDA)","Dr. Bhim Singh (2024-30) (2024-2030)","Elected MP","Supply of equipment and materials","29-May-2026","04-Jul-2026","1205000","Physical Inspection"
"123","Normal/Others","WS/MP18300/2026-2027/284405-Setting up of laboratories","Bihar","MADHUBANI(DISTRICT PLANNING OFFICER MADHUBANI_IDA)","Dr. Bhim Singh (2024-30) (2024-2030)","Elected MP","Supply of equipment and materials","29-May-2026","04-Jul-2026","1205000","Physical Inspection"
"124","Normal/Others","WS/MP18300/2026-2027/284409-Setting up of laboratories","Bihar","MADHUBANI(DISTRICT PLANNING OFFICER MADHUBANI_IDA)","Dr. Bhim Singh (2024-30) (2024-2030)","Elected MP","Supply of equipment and materials","29-May-2026","04-Jul-2026","1205000","Physical Inspection"
"125","Normal/Others","WS/MP001/2025-2026/166104-Purchase of furniture and fixtures for educational purposes","Bihar","MADHUBANI(DISTRICT PLANNING OFFICER MADHUBANI_IDA)","Shri Shambhu Sharan Patel (2022-28) (2022-2028)","Elected MP","2 S.K. High School, Pandaul, Block- Pandaul, Dist.- Madhubani,","16-Jan-2025","20-Jun-2025","176000","Physical Inspection"
"126","Normal/Others","WS/MP001/2025-2026/166105-Purchase of furniture and fixtures for educational purposes","Bihar","MADHUBANI(DISTRICT PLANNING OFFICER MADHUBANI_IDA)","Shri Shambhu Sharan Patel (2022-28) (2022-2028)","Elected MP","A.P.G 2 High School, Brahmottra, Block Pandaul, Distt.- Madhubani","16-Jan-2025","20-Jun-2025","176000","Physical Inspection"
"127","Normal/Others","WS/MP001/2025-2026/166106-Purchase of furniture and fixtures for educational purposes","Bihar","MADHUBANI(DISTRICT PLANNING OFFICER MADHUBANI_IDA)","Shri Shambhu Sharan Patel (2022-28) (2022-2028)","Elected MP","3   Rajkiyakrit High Sridhar Secondary School, Sahpur, Block -Pandaul, Madhubani","16-Jan-2025","20-Jun-2025","176000","Physical Inspection"
"128","Normal/Others","WS/MP001/2025-2026/166107-Purchase of furniture and fixtures for educational purposes","Bihar","MADHUBANI(DISTRICT PLANNING OFFICER MADHUBANI_IDA)","Shri Shambhu Sharan Patel (2022-28) (2022-2028)","Elected MP","Shivganga 2 High School Madhuabani","16-Jan-2025","20-Jun-2025","88000","Physical Inspection"
"129","Normal/Others","WS/MP001/2025-2026/188649-Purchase of furniture and fixtures for educational purposes","Bihar","MADHUBANI(DISTRICT PLANNING OFFICER MADHUBANI_IDA)","Shri Shambhu Sharan Patel (2022-28) (2022-2028)","Elected MP","Rajkiyakrit Middle School, Rajnagar, Block- Rajnagar, Dist.- Madhubani Qty. 4 Nos.","02-Apr-2025","20-Jun-2025","176000","Physical Inspection"
"130","Normal/Others","WS/MP001/2025-2026/188650-Purchase of furniture and fixtures for educational purposes","Bihar","MADHUBANI(DISTRICT PLANNING OFFICER MADHUBANI_IDA)","Shri Shambhu Sharan Patel (2022-28) (2022-2028)","Elected MP","2 Anant High School, Koithahi, Rajnagar, Madhubani Qty. 4 Nos","02-Apr-2025","20-Jun-2025","176000","Physical Inspection"
"131","Normal/Others","WS/MP001/2025-2026/188651-Purchase of furniture and fixtures for educational purposes","Bihar","MADHUBANI(DISTRICT PLANNING OFFICER MADHUBANI_IDA)","Shri Shambhu Sharan Patel (2022-28) (2022-2028)","Elected MP","Shiv Ganga 2 High School, Madhubani. Qty. 2 Nos.","02-Apr-2025","20-Jun-2025","88000","Physical Inspection"
"132","Normal/Others","WS/MP001/2026-2027/271787-Purchase of furniture and fixtures for educational purposes","Bihar","MADHUBANI(DISTRICT PLANNING OFFICER MADHUBANI_IDA)","Shri Shambhu Sharan Patel (2022-28) (2022-2028)","Elected MP","2 Janta High School Belhwar , Block- Rajnagar, Dist.- Madhubani, Qty. 4 Nos","28-Feb-2026","22-Apr-2026","176000","Physical Inspection"
"133","Normal/Others","WS/MP001/2026-2027/271788-Purchase of furniture and fixtures for educational purposes","Bihar","MADHUBANI(DISTRICT PLANNING OFFICER MADHUBANI_IDA)","Shri Shambhu Sharan Patel (2022-28) (2022-2028)","Elected MP","Ram Prasad Dutt Janta 2 HS Jitwarpur,BlockRajnagar,Dist.Madhubani, Qty. 4 Nos","28-Feb-2026","22-Apr-2026","176000","Physical Inspection"
"134","Normal/Others","WS/MP001/2026-2027/271789-Purchase of furniture and fixtures for educational purposes","Bihar","MADHUBANI(DISTRICT PLANNING OFFICER MADHUBANI_IDA)","Shri Shambhu Sharan Patel (2022-28) (2022-2028)","Elected MP","Dr. Bhimrao Ambedkar Awasiya Vidyalaya, Ramnagar, Block-Rahika, Dist.- MadhubaiQty. 4 Nos","28-Feb-2026","22-Apr-2026","176000","Physical Inspection"
"135","Normal/Others","WS/MP001/2026-2027/271790-Purchase of furniture and fixtures for educational purposes","Bihar","MADHUBANI(DISTRICT PLANNING OFFICER MADHUBANI_IDA)","Shri Shambhu Sharan Patel (2022-28) (2022-2028)","Elected MP","Dr. Bhimrao Ambedkar Awasiya Vidyalaya, Balirajpur, Block-Rahika, Dist.- Madhubani  Qty. 4 Nos","28-Feb-2026","22-Apr-2026","176000","Physical Inspection"
"136","Normal/Others","WS/MP001/2026-2027/271791-Purchase of furniture and fixtures for educational purposes","Bihar","MADHUBANI(DISTRICT PLANNING OFFICER MADHUBANI_IDA)","Shri Shambhu Sharan Patel (2022-28) (2022-2028)","Elected MP","Dr. Bhimrao Ambedkar Awasiya Vidyalaya, Block-Rahika, Dist.Madhubai Qty. 4 Nos.","28-Feb-2026","22-Apr-2026","176000","Physical Inspection"
"137","Normal/Others","WS/MP001/2026-2027/271792-Purchase of furniture and fixtures for educational purposes","Bihar","MADHUBANI(DISTRICT PLANNING OFFICER MADHUBANI_IDA)","Shri Shambhu Sharan Patel (2022-28) (2022-2028)","Elected MP","Rajkiyakrit Teknath 2 High SchoolKapileshwarAsthan,BlockRahika,Dist.MadhubaniQty. 4 Nos.","28-Feb-2026","22-Apr-2026","176000","Physical Inspection"
"138","Normal/Others","WS/MP001/2026-2027/271793-Purchase of furniture and fixtures for educational purposes","Bihar","MADHUBANI(DISTRICT PLANNING OFFICER MADHUBANI_IDA)","Shri Shambhu Sharan Patel (2022-28) (2022-2028)","Elected MP","2 S.S. School Rahika, Block- Rahika, Dist.- Madhubani   Qty. 4 Nos","28-Feb-2026","22-Apr-2026","176000","Physical Inspection"
"139","Normal/Others","WS/MP001/2026-2027/271794-Purchase of furniture and fixtures for educational purposes","Bihar","MADHUBANI(DISTRICT PLANNING OFFICER MADHUBANI_IDA)","Shri Shambhu Sharan Patel (2022-28) (2022-2028)","Elected MP","2 Sarvoday High School Sahpur, Block- Bennipatti, Dist.-Madhubani  Qty. 4 Nos","28-Feb-2026","22-Apr-2026","176000","Physical Inspection"
"140","Normal/Others","WS/MP001/2026-2027/271795-Purchase of furniture and fixtures for educational purposes","Bihar","MADHUBANI(DISTRICT PLANNING OFFICER MADHUBANI_IDA)","Shri Shambhu Sharan Patel (2022-28) (2022-2028)","Elected MP","Saryug Anant High School Jafra, Block- Bisfi, Dist.- Madhubani    Qty. 4 Nos","28-Feb-2026","22-Apr-2026","176000","Physical Inspection"
"141","Normal/Others","WS/MP001/2026-2027/271796-Purchase of furniture and fixtures for educational purposes","Bihar","MADHUBANI(DISTRICT PLANNING OFFICER MADHUBANI_IDA)","Shri Shambhu Sharan Patel (2022-28) (2022-2028)","Elected MP","Sri Bachcha Jha Janta 2 School, Arer,BlockBenipatti,Dist.MadhubaniQty. 4 Nos.","28-Feb-2026","22-Apr-2026","176000","Physical Inspection"
"142","Normal/Others","WS/MP001/2026-2027/271797-Purchase of furniture and fixtures for educational purposes","Bihar","MADHUBANI(DISTRICT PLANNING OFFICER MADHUBANI_IDA)","Shri Shambhu Sharan Patel (2022-28) (2022-2028)","Elected MP","SonelalMunilal2HighSchool,Gandhi Nagar, Simari, Block- Bisfi, Dist.- Madhubani Qty. 4 Nos.","28-Feb-2026","22-Apr-2026","176000","Physical Inspection"
"143","Normal/Others","WS/MP001/2026-2027/271798-Purchase of furniture and fixtures for educational purposes","Bihar","MADHUBANI(DISTRICT PLANNING OFFICER MADHUBANI_IDA)","Shri Shambhu Sharan Patel (2022-28) (2022-2028)","Elected MP","UtkramitUchchMadhyamikVidyalayDullipatti,BlockRajnagar,Dist.Madhubani.Qty. 4 Nos","28-Feb-2026","22-Apr-2026","176000","Physical Inspection"
"144","Normal/Others","WS/MP001/2026-2027/271799-Purchase of furniture and fixtures for educational purposes","Bihar","MADHUBANI(DISTRICT PLANNING OFFICER MADHUBANI_IDA)","Shri Shambhu Sharan Patel (2022-28) (2022-2028)","Elected MP","Uchch Madhyamik Vidyalay, Lakshmipur, Block- Rahika, Dist.- MadhubaniQty. 4 Nos.","28-Feb-2026","22-Apr-2026","176000","Physical Inspection"
"145","Normal/Others","WS/MP001/2026-2027/271800-Purchase of furniture and fixtures for educational purposes","Bihar","MADHUBANI(DISTRICT PLANNING OFFICER MADHUBANI_IDA)","Shri Shambhu Sharan Patel (2022-28) (2022-2028)","Elected MP",". Uchch Madhyamik Vidyalay, Parsauni North, Block- Bisfi, Dist.- Madhubni  Qty. 4 Nos","28-Feb-2026","22-Apr-2026","176000","Physical Inspection"
"146","Normal/Others","WS/MP001/2026-2027/271801-Purchase of furniture and fixtures for educational purposes","Bihar","MADHUBANI(DISTRICT PLANNING OFFICER MADHUBANI_IDA)","Shri Shambhu Sharan Patel (2022-28) (2022-2028)","Elected MP","Uchch Madhyamik Vidyalay, Raghepura, Block- Bisfi, Dist.- MadhubaniQty. 4 Nos.","28-Feb-2026","22-Apr-2026","176000","Physical Inspection"
"147","Normal/Others","WS/MP001/2026-2027/271802-Purchase of furniture and fixtures for educational purposes","Bihar","MADHUBANI(DISTRICT PLANNING OFFICER MADHUBANI_IDA)","Shri Shambhu Sharan Patel (2022-28) (2022-2028)","Elected MP","Uchch Madhyamik Vidyalay Sohans, Block- Bisfi, Dist.- MadhubaniQty. 4 Nos","28-Feb-2026","22-Apr-2026","176000","Physical Inspection"
"148","Normal/Others","WS/MP001/2026-2027/271803-Purchase of furniture and fixtures for educational purposes","Bihar","MADHUBANI(DISTRICT PLANNING OFFICER MADHUBANI_IDA)","Shri Shambhu Sharan Patel (2022-28) (2022-2028)","Elected MP","Dr. N.C. College, BlockBenniaptti, Dist.- Madhubani Qty. 4 Nos.","28-Feb-2026","22-Apr-2026","176000","Physical Inspection"
"149","Normal/Others","WS/MP001/2026-2027/271804-Purchase of furniture and fixtures for educational purposes","Bihar","MADHUBANI(DISTRICT PLANNING OFFICER MADHUBANI_IDA)","Shri Shambhu Sharan Patel (2022-28) (2022-2028)","Elected MP","S.C. Mahila College, BlockBenipatti,Dist.MadhubaniQty. 4 Nos.","28-Feb-2026","22-Apr-2026","176000","Physical Inspection"
"150","Normal/Others","WS/MP001/2026-2027/271805-Purchase of furniture and fixtures for educational purposes","Bihar","MADHUBANI(DISTRICT PLANNING OFFICER MADHUBANI_IDA)","Shri Shambhu Sharan Patel (2022-28) (2022-2028)","Elected MP","Govt. Utkramit Middle School Ganguli, Block- Benipatti, Dist.- Madhubani  Qty. 4 Nos","28-Feb-2026","22-Apr-2026","176000","Physical Inspection"
"151","Normal/Others","WS/MP001/2026-2027/271806-Purchase of furniture and fixtures for educational purposes","Bihar","MADHUBANI(DISTRICT PLANNING OFFICER MADHUBANI_IDA)","Shri Shambhu Sharan Patel (2022-28) (2022-2028)","Elected MP","S.M. High School Basaith, Block- Benipatti, Dist.- Madhubani Qty. 4 Nos.","28-Feb-2026","22-Apr-2026","176000","Physical Inspection"
"152","Normal/Others","WS/MP001/2026-2027/271807-Purchase of furniture and fixtures for educational purposes","Bihar","MADHUBANI(DISTRICT PLANNING OFFICER MADHUBANI_IDA)","Shri Shambhu Sharan Patel (2022-28) (2022-2028)","Elected MP","HighschoolMangrautiUttari,BlockRajnagar,Dist.MadhubaniQty.4 Nos","28-Feb-2026","22-Apr-2026","176000","Physical Inspection"
"153","Normal/Others","WS/MP001/2026-2027/271808-Purchase of furniture and fixtures for educational purposes","Bihar","MADHUBANI(DISTRICT PLANNING OFFICER MADHUBANI_IDA)","Shri Shambhu Sharan Patel (2022-28) (2022-2028)","Elected MP","Project Balika S.S. School, Block- Benipatti, Dist.- MadhubaniQty. 4 Nos.","28-Feb-2026","22-Apr-2026","176000","Physical Inspection"
"154","Normal/Others","WS/MP001/2026-2027/271809-Purchase of furniture and fixtures for educational purposes","Bihar","MADHUBANI(DISTRICT PLANNING OFFICER MADHUBANI_IDA)","Shri Shambhu Sharan Patel (2022-28) (2022-2028)","Elected MP","Mahanth Yugal Narayan 2 High School,Shambhuaad BlockRahika Distt- Madhubani . 4 Nos.","28-Feb-2026","22-Apr-2026","176000","Physical Inspection"
"155","Normal/Others","WS/MP001/2026-2027/271810-Purchase of furniture and fixtures for educational purposes","Bihar","MADHUBANI(DISTRICT PLANNING OFFICER MADHUBANI_IDA)","Shri Shambhu Sharan Patel (2022-28) (2022-2028)","Elected MP","Utkramit Uchch Madhyamik Vidyalaya Bankatta, Block-Bennipatti, Dist.- Madhubani Qty. 4 Nos","28-Feb-2026","22-Apr-2026","176000","Physical Inspection"
"156","Normal/Others","WS/MP001/2026-2027/271811-Purchase of furniture and fixtures for educational purposes","Bihar","MADHUBANI(DISTRICT PLANNING OFFICER MADHUBANI_IDA)","Shri Shambhu Sharan Patel (2022-28) (2022-2028)","Elected MP","Utkramit Uchch Madhyamik Vidyalaya Behta, Block-Bennipatti, Dist.- Madhubani Qty. 4 Nos.","28-Feb-2026","22-Apr-2026","176000","Physical Inspection"
"157","Normal/Others","WS/MP001/2026-2027/271812-Purchase of furniture and fixtures for educational purposes","Bihar","MADHUBANI(DISTRICT PLANNING OFFICER MADHUBANI_IDA)","Shri Shambhu Sharan Patel (2022-28) (2022-2028)","Elected MP",". Utkramit Uchch Madhyamik Vidyalaya Manpaur, Block-Bennipatti, Dist.- Madhubani  Qty. 4 Nos.","28-Feb-2026","22-Apr-2026","176000","Physical Inspection"
"158","Normal/Others","WS/MP001/2026-2027/271813-Purchase of furniture and fixtures for educational purposes","Bihar","MADHUBANI(DISTRICT PLANNING OFFICER MADHUBANI_IDA)","Shri Shambhu Sharan Patel (2022-28) (2022-2028)","Elected MP","Vidyapati 2 High school Block-Bisfi, Dist.- MadhubaniQty. 4 Nos.","28-Feb-2026","22-Apr-2026","176000","Physical Inspection"
"159","Normal/Others","WS/MP001/2026-2027/271814-Purchase of furniture and fixtures for educational purposes","Bihar","MADHUBANI(DISTRICT PLANNING OFFICER MADHUBANI_IDA)","Shri Shambhu Sharan Patel (2022-28) (2022-2028)","Elected MP","Rajkiya Madh Vidyalaya Navatol, Block- Jhanjharpur, Dist.- MadhubaniQty. 4 Nos.","28-Feb-2026","22-Apr-2026","176000","Physical Inspection"
"160","Normal/Others","WS/MP18300/2025-2026/134639-Installing hand pumps","Bihar","NAWADA(District Planning Officer NAWADA_IDA)","Dr. Bhim Singh (2024-30) (2024-2030)","Elected MP","Installing hand pump","05-Aug-2024","26-Aug-2025","98600","Physical Inspection"
"161","Normal/Others","WS/MP18300/2024-2025/137267-Installing hand pumps","Bihar","PATNA(DISTRICT PLANNING OFFICER PATNA_IDA)","Dr. Bhim Singh (2024-30) (2024-2030)","Elected MP","Installing a big hand pump (india mark II)  at a public place near the house of Sonu Chandravanshi, S/o  Umesh Chandravanshi in village Devnarayanpur of Ward No. 1 of Bahadurpur Panchayat.","28-Aug-2024","05-Oct-2024","81843","Physical Inspection"
"162","Normal/Others","WS/MP18300/2024-2025/137268-Installing hand pumps","Bihar","PATNA(DISTRICT PLANNING OFFICER PATNA_IDA)","Dr. Bhim Singh (2024-30) (2024-2030)","Elected MP","Installing a big hand pump (india mark II) at a public place near the house of Shekhar Chandravanshi S/0 Nathun Ram in village Devnarayanpur of Ward No. 1 of Bahadurpur Panchayat","28-Aug-2024","05-Oct-2024","81843","Physical Inspection"
"163","Normal/Others","WS/MP18300/2024-2025/137270-Installing hand pumps","Bihar","PATNA(DISTRICT PLANNING OFFICER PATNA_IDA)","Dr. Bhim Singh (2024-30) (2024-2030)","Elected MP","Installing a big hand pump (india mark II)  at a public place near the house of Kishori Ram S/0 Ramphal Ram in village Devnarayanpur of Ward No. 1 of Bahadurpur Panchayat","28-Aug-2024","05-Oct-2024","81843","Physical Inspection"
"164","Normal/Others","WS/MP18300/2024-2025/137273-Installing hand pumps","Bihar","PATNA(DISTRICT PLANNING OFFICER PATNA_IDA)","Dr. Bhim Singh (2024-30) (2024-2030)","Elected MP","Installing a big hand pump (india mark II)  at a public place near the house of Vijay Ram S/0 Yogendra Ram in village Devnarayanpur of Ward No. 1 of Bahadurpur Panchayat.","28-Aug-2024","07-Oct-2024","81843","Physical Inspection"
"165","Normal/Others","WS/MP18300/2024-2025/137274-Installing hand pumps","Bihar","PATNA(DISTRICT PLANNING OFFICER PATNA_IDA)","Dr. Bhim Singh (2024-30) (2024-2030)","Elected MP","Installing a big hand pump (india mark II)  at a public place near the house of Munna Chandravanshi S/o Naresh Ram in village Devnarayanpur of Ward No. 1 of Bahadurpur Panchayat.","28-Aug-2024","07-Oct-2024","81843","Physical Inspection"
"166","Normal/Others","WS/MP18300/2024-2025/137297-Installing hand pumps","Bihar","PATNA(DISTRICT PLANNING OFFICER PATNA_IDA)","Dr. Bhim Singh (2024-30) (2024-2030)","Elected MP","Installing a big hand pump (india mark II) at a public place near the house of Ganesh Kumar S/o Ramwali Rai in Village Bharosi Tola , of Ward No. 1 of Bahadurpur Panchayat.","28-Aug-2024","07-Oct-2024","81843","Physical Inspection"
"167","Normal/Others","WS/MP18300/2024-2025/137298-Installing hand pumps","Bihar","PATNA(DISTRICT PLANNING OFFICER PATNA_IDA)","Dr. Bhim Singh (2024-30) (2024-2030)","Elected MP","Installing a big hand pump (india mark II)  at a public place near the house of Dhananjay Kumar S/o Dr. Chalittar Rai in Village Bharosi Tola , Ward No. 1 of Bahadurpur Panchayat.","28-Aug-2024","07-Oct-2024","81843","Physical Inspection"
"168","Normal/Others","WS/MP18300/2024-2025/137300-Installing hand pumps","Bihar","PATNA(DISTRICT PLANNING OFFICER PATNA_IDA)","Dr. Bhim Singh (2024-30) (2024-2030)","Elected MP","Installing a big hand pump (india mark II)  at a public place near the house of Arun Kumar S/0 Furkun Das in Ward no. 6, village kamrapar of Bahadurpur Panchayat.","28-Aug-2024","07-Oct-2024","81843","Physical Inspection"
"169","Normal/Others","WS/MP18300/2024-2025/137302-Installing hand pumps","Bihar","PATNA(DISTRICT PLANNING OFFICER PATNA_IDA)","Dr. Bhim Singh (2024-30) (2024-2030)","Elected MP","Installing a big hand pump (india mark II)  at a public place near the house of  Dharm Veer Kumar S/0 Lagan Dev Prasad in Ward no. 6, village kamrapar of Bahadurpur Panchayat.","28-Aug-2024","07-Oct-2024","81843","Physical Inspection"
"170","Normal/Others","WS/MP18300/2024-2025/137304-Installing hand pumps","Bihar","PATNA(DISTRICT PLANNING OFFICER PATNA_IDA)","Dr. Bhim Singh (2024-30) (2024-2030)","Elected MP","Installing a big hand pump (india mark II) at a public place near the house of  Vijay Thakur S/0 Ramchandar Thakur in Ward no. 8  village Bahadurpur","28-Aug-2024","07-Oct-2024","81843","Physical Inspection"
"171","Normal/Others","WS/MP18300/2024-2025/137305-Installing hand pumps","Bihar","PATNA(DISTRICT PLANNING OFFICER PATNA_IDA)","Dr. Bhim Singh (2024-30) (2024-2030)","Elected MP","Installing a big hand pump (india mark II)  at a public place near the house of  Rajesh Chandravanshi S/0 Umesh Chandravanshi  in Ward no. 8  village Bahadurpur","28-Aug-2024","07-Oct-2024","81843","Physical Inspection"
"172","Normal/Others","WS/MP18300/2024-2025/137306-Installing hand pumps","Bihar","PATNA(DISTRICT PLANNING OFFICER PATNA_IDA)","Dr. Bhim Singh (2024-30) (2024-2030)","Elected MP","Installing a big hand pump (india mark II)  at a public place near the house of  Mantu Kumar S/0 Rambabu in ward no. 10 village Dakshini Chak of Bahadurpur panchayat","28-Aug-2024","07-Oct-2024","81843","Physical Inspection"
"173","Normal/Others","WS/MP18300/2024-2025/137309-Installing hand pumps","Bihar","PATNA(DISTRICT PLANNING OFFICER PATNA_IDA)","Dr. Bhim Singh (2024-30) (2024-2030)","Elected MP","Installing a big hand pump (india mark II)  at a public place near the house of Chhote Kumar S/0 Bam Bam Prasad in ward no. 10 village Dakshini Chak of Bahadurpur panchayat","28-Aug-2024","07-Oct-2024","81843","Physical Inspection"
"174","Normal/Others","WS/MP18300/2024-2025/137313-Installing hand pumps","Bihar","PATNA(DISTRICT PLANNING OFFICER PATNA_IDA)","Dr. Bhim Singh (2024-30) (2024-2030)","Elected MP","Installing a big hand pump (india mark II)  at a public place near the house of Brijesh Kumar S/0 Naval Singh in ward no. 10 village Dakshini Chak of Bahadurpur panchayat","28-Aug-2024","05-Oct-2024","81843","Physical Inspection"
"175","Normal/Others","WS/MP18300/2024-2025/137314-Installing hand pumps","Bihar","PATNA(DISTRICT PLANNING OFFICER PATNA_IDA)","Dr. Bhim Singh (2024-30) (2024-2030)","Elected MP","Installing a big hand pump (india mark II)  at a public place near the house of Chunnu Kumar S/0 Vinod Singh in ward no. 9 village Jamalpur of Bahadurpur panchayat","28-Aug-2024","05-Oct-2024","81843","Physical Inspection"
"176","Normal/Others","WS/MP18300/2024-2025/137317-Installing hand pumps","Bihar","PATNA(DISTRICT PLANNING OFFICER PATNA_IDA)","Dr. Bhim Singh (2024-30) (2024-2030)","Elected MP","Installing a big hand pump (india mark II)  at a public place near the house of  Kundan Kumar S/0 Shivaji Singh in ward no. 8 village Jamalpur of Kalyanpur panchayat","28-Aug-2024","05-Oct-2024","81843","Physical Inspection"
"177","Normal/Others","WS/MP18300/2024-2025/137328-Installing hand pumps","Bihar","PATNA(DISTRICT PLANNING OFFICER PATNA_IDA)","Dr. Bhim Singh (2024-30) (2024-2030)","Elected MP","Installing a big hand pump (india mark II)  at a public place near the house of  Virendra Chandravanshi S/0 Shri Ram Chandravanshi in Ward no. 1 Shahari of Shahri Panchayat","28-Aug-2024","05-Oct-2024","81885","Physical Inspection"
"178","Normal/Others","WS/MP18300/2024-2025/137334-Installing hand pumps","Bihar","PATNA(DISTRICT PLANNING OFFICER PATNA_IDA)","Dr. Bhim Singh (2024-30) (2024-2030)","Elected MP","Installing a big hand pump (india mark II)  at a public place near the house of  Sarwan Chandravanshi S/0 Shivu Chandravanshi.  in village Achuara, ward no.  13 of Rahimapur Rupas Panchayat.","28-Aug-2024","05-Oct-2024","81885","Physical Inspection"
"179","Normal/Others","WS/MP18300/2024-2025/137336-Installing hand pumps","Bihar","PATNA(DISTRICT PLANNING OFFICER PATNA_IDA)","Dr. Bhim Singh (2024-30) (2024-2030)","Elected MP","Installing a big hand pump (india mark II)  at a public place near the house of  Tauli Chandravanshi S/0 Dudhnath Chandravanshi  in village Ekdanga, ward no. Ward No.9 of Ekdanga Panchayat.","28-Aug-2024","05-Oct-2024","81885","Physical Inspection"
"180","Normal/Others","WS/MP18300/2024-2025/137337-Installing hand pumps","Bihar","PATNA(DISTRICT PLANNING OFFICER PATNA_IDA)","Dr. Bhim Singh (2024-30) (2024-2030)","Elected MP","Installing a big hand pump (india mark II)  at a public place near the house of  Chandan Chandravanshi S/0 Shivkumar Chandravanshi  in village Bhargaon, ward no. Ward No. of Bhargaon Panchayat.","28-Aug-2024","05-Oct-2024","81885","Physical Inspection"
"181","Normal/Others","WS/MP18300/2024-2025/137340-Installing hand pumps","Bihar","PATNA(DISTRICT PLANNING OFFICER PATNA_IDA)","Dr. Bhim Singh (2024-30) (2024-2030)","Elected MP","Installing a big hand pump (india mark II)  at a public place near the house of  Shiru Chandravanshi S/0 Nawal Ram  in village Ekdanga , Ward No. 1 of Ekdanga Panchayat.","28-Aug-2024","05-Oct-2024","81885","Physical Inspection"
"182","Normal/Others","WS/MP18300/2024-2025/137342-Installing hand pumps","Bihar","PATNA(DISTRICT PLANNING OFFICER PATNA_IDA)","Dr. Bhim Singh (2024-30) (2024-2030)","Elected MP","Installing a big hand pump (india mark II)  at a public place near the house of  Rajan Chandravanshi S/0 Harkhit Ram  in village Pothampar , Ward No. 7 of East Bedna Panchayat","28-Aug-2024","05-Oct-2024","81885","Physical Inspection"
"183","Normal/Others","WS/MP18300/2024-2025/137345-Installing hand pumps","Bihar","PATNA(DISTRICT PLANNING OFFICER PATNA_IDA)","Dr. Bhim Singh (2024-30) (2024-2030)","Elected MP","Installing a big hand pump (india mark II)  at a public place near the house of Shyamsundar Chandravanshi S/0 Chander Ram  in village Pothampar , Ward No. 7 of East Bedna Panchayat","28-Aug-2024","05-Oct-2024","81885","Physical Inspection"
"184","Normal/Others","WS/MP18300/2024-2025/137351-Installing hand pumps","Bihar","PATNA(DISTRICT PLANNING OFFICER PATNA_IDA)","Dr. Bhim Singh (2024-30) (2024-2030)","Elected MP","Installing a big hand pump (india mark II)  at a public place near the house of Shyamanand Mahato S/0 Krishnanand Mahato  in village Gwar Dharampur , Ward No. 3 of Nadawan Panchayat","28-Aug-2024","05-Oct-2024","81885","Physical Inspection"
"185","Normal/Others","WS/MP18300/2024-2025/137352-Installing hand pumps","Bihar","PATNA(DISTRICT PLANNING OFFICER PATNA_IDA)","Dr. Bhim Singh (2024-30) (2024-2030)","Elected MP","IInstalling a big hand pump (india mark II) at a public place near the house of Sadanand Chandvanshi S/0 Sumender Ram  in village Wajitpur  , Ward No. 10 of Dhanama Mubarakpur Panchayat","28-Aug-2024","07-Oct-2024","81885","Physical Inspection"
"186","Normal/Others","WS/MP18300/2024-2025/137354-Installing hand pumps","Bihar","PATNA(DISTRICT PLANNING OFFICER PATNA_IDA)","Dr. Bhim Singh (2024-30) (2024-2030)","Elected MP","Installing a big hand pump (india mark II) at a public place near the house of Yogendra Ram S/o Chanak Ram in village Budhwachak , Ward No. 11 of Karajan Panchayat","28-Aug-2024","05-Oct-2024","81843","Physical Inspection"
"187","Normal/Others","WS/MP18300/2024-2025/137355-Installing hand pumps","Bihar","PATNA(DISTRICT PLANNING OFFICER PATNA_IDA)","Dr. Bhim Singh (2024-30) (2024-2030)","Elected MP","Installing a big hand pump (india mark II) at a public place near the house of Mangal Chandravanshi s/o Ramji Chandravanshi  in village Mankaura , Ward No. 4 of Fatehpur Panchayat","28-Aug-2024","05-Oct-2024","81860","Physical Inspection"
"188","Normal/Others","WS/MP18300/2024-2025/137356-Installing hand pumps","Bihar","PATNA(DISTRICT PLANNING OFFICER PATNA_IDA)","Dr. Bhim Singh (2024-30) (2024-2030)","Elected MP","Installing a big hand pump (india mark II) at a public place near the house of Devvalak Chandravanshi s/0 Karu Chandravanshi in village Mankaura , Ward No.5 of Fatehpur Panchayat","28-Aug-2024","05-Oct-2024","81860","Physical Inspection"
"189","Normal/Others","WS/MP18300/2024-2025/137357-Installing hand pumps","Bihar","PATNA(DISTRICT PLANNING OFFICER PATNA_IDA)","Dr. Bhim Singh (2024-30) (2024-2030)","Elected MP","Installing a big hand pump (india mark II) at a public place near the house of Jagtar Chandravanshi s/0 Ganesh Ram in village Baddopur , Ward No.6 of Kondi Panchayat","28-Aug-2024","05-Oct-2024","81927","Physical Inspection"
"190","Normal/Others","WS/MP18300/2024-2025/137358-Installing hand pumps","Bihar","PATNA(DISTRICT PLANNING OFFICER PATNA_IDA)","Dr. Bhim Singh (2024-30) (2024-2030)","Elected MP","Installing a big hand pump (india mark II) at a public place near the house of Arun Chandravanshi s/0 Ashok Chandravanshi  in village Baddopur , Ward No.5 of Kondi Panchayat","28-Aug-2024","05-Oct-2024","81927","Physical Inspection"
"191","Normal/Others","WS/MP18300/2024-2025/137360-Installing hand pumps","Bihar","PATNA(DISTRICT PLANNING OFFICER PATNA_IDA)","Dr. Bhim Singh (2024-30) (2024-2030)","Elected MP","Installing a big hand pump (india mark II) at a public place near the house of Janardan Chandravanshi s/0 Naresh Ram  in village Sahri , Ward No.1 of Sahri Panchayat","28-Aug-2024","05-Oct-2024","81885","Physical Inspection"
"192","Normal/Others","WS/MP18300/2024-2025/137361-Installing hand pumps","Bihar","PATNA(DISTRICT PLANNING OFFICER PATNA_IDA)","Dr. Bhim Singh (2024-30) (2024-2030)","Elected MP","Installing a big hand pump (india mark II) at a public place near the house of Awadhesh Chandravanshi s/0 Kishori Ram  in village Dhekwahchak , Ward No.14 of Sahri Panchayat","28-Aug-2024","05-Oct-2024","81885","Physical Inspection"
"193","Normal/Others","WS/MP18300/2024-2025/144726-Installing hand pumps","Bihar","PATNA(DISTRICT PLANNING OFFICER PATNA_IDA)","Dr. Bhim Singh (2024-30) (2024-2030)","Elected MP","Installing a big hand pump (india mark II) at a public place near the On the side of the road in front of Ramdhani's house  in village Baghakol, Ward No.1 of Naghar Baghakol Panchayat","30-Sep-2024","17-Dec-2024","82196","Physical Inspection"
"194","Normal/Others","WS/MP18300/2024-2025/144727-Installing hand pumps","Bihar","PATNA(DISTRICT PLANNING OFFICER PATNA_IDA)","Dr. Bhim Singh (2024-30) (2024-2030)","Elected MP","Installing a big hand pump (india mark II) at a public place near the house of Nand kishor Chandravanshi  in village pakandha , Ward No.1 of Patut Panchayat","30-Sep-2024","17-Dec-2024","82196","Physical Inspection"
"195","Normal/Others","WS/MP18300/2024-2025/144728-Installing hand pumps","Bihar","PATNA(DISTRICT PLANNING OFFICER PATNA_IDA)","Dr. Bhim Singh (2024-30) (2024-2030)","Elected MP","Installing a big hand pump (india mark II) at Village-Raghopur, Police Station No. 45. Bihta, Patna Ward No. 16-(Municipal Council Bihta) Near Community Hall","30-Sep-2024","08-Jan-2025","82016","Physical Inspection"
"196","Normal/Others","WS/MP18300/2024-2025/145807-Installing hand pumps","Bihar","PATNA(DISTRICT PLANNING OFFICER PATNA_IDA)","Dr. Bhim Singh (2024-30) (2024-2030)","Elected MP","Installing a big hand pump (india mark II) at a public place near the house of  Bablu Chandravanshi, S/o Rambabu Prashad  in village Mahamadpur of Ward No. 5 of Karanauti Panchayat.","07-Oct-2024","26-Oct-2024","81812","Physical Inspection"
"197","Normal/Others","WS/MP18300/2024-2025/145808-Installing hand pumps","Bihar","PATNA(DISTRICT PLANNING OFFICER PATNA_IDA)","Dr. Bhim Singh (2024-30) (2024-2030)","Elected MP","Installing a big hand pump (india mark II) at a public place near the house of Raj Abhishek, S/o  late Rajballabh Prashad in  village Madhopur of Ward No. 21","07-Oct-2024","26-Oct-2024","81427","Physical Inspection"
"198","Normal/Others","WS/MP18300/2024-2025/145809-Installing hand pumps","Bihar","PATNA(DISTRICT PLANNING OFFICER PATNA_IDA)","Dr. Bhim Singh (2024-30) (2024-2030)","Elected MP","Installing a big hand pump (india mark II) at a public place near the house of Rajkishor Prashad , S/o late Chandeshwar Prashad  in village Velthan of Ward No. 19","07-Oct-2024","26-Oct-2024","81755","Physical Inspection"
"199","Normal/Others","WS/MP18300/2024-2025/145810-Installing hand pumps","Bihar","PATNA(DISTRICT PLANNING OFFICER PATNA_IDA)","Dr. Bhim Singh (2024-30) (2024-2030)","Elected MP","Installing a big hand pump (india mark II) at a public place near the house of Devender Chandravanshi, S/o Vishvnath Ram  in village Bhadaur of Ward No. 07 of Darwe Bhadaur Panchayat.","07-Oct-2024","26-Oct-2024","81928","Physical Inspection"
"200","Normal/Others","WS/MP18300/2024-2025/145811-Installing hand pumps","Bihar","PATNA(DISTRICT PLANNING OFFICER PATNA_IDA)","Dr. Bhim Singh (2024-30) (2024-2030)","Elected MP","Installing a big hand pump (india mark II) at a public place near the house of Ganouri Chandravanshi, S/o late Lalan Ram in village Saistapur of Ward No. 12 of Karjan Panchayat.","07-Oct-2024","26-Oct-2024","81843","Physical Inspection"
"201","Normal/Others","WS/MP18300/2024-2025/145812-Installing hand pumps","Bihar","PATNA(DISTRICT PLANNING OFFICER PATNA_IDA)","Dr. Bhim Singh (2024-30) (2024-2030)","Elected MP","Installing a big hand pump (india mark II) at a public place near the house of Tripurari Chandravanshi , S/o Bhojender Kumar  in village Saistapur of Ward No. 13 of Karjan Panchayat.","07-Oct-2024","26-Oct-2024","81843","Physical Inspection"
"202","Normal/Others","WS/MP18300/2024-2025/145813-Installing hand pumps","Bihar","PATNA(DISTRICT PLANNING OFFICER PATNA_IDA)","Dr. Bhim Singh (2024-30) (2024-2030)","Elected MP","Installing a big hand pump (india mark II) at a public place near the house of Kundan Chandravanshi, S/o Ravinder Chandravanshi in village Ranisrai of Ward No. 02 of Karanauti Panchayat.","07-Oct-2024","26-Oct-2024","81771","Physical Inspection"
"203","Normal/Others","WS/MP18300/2024-2025/145814-Installing hand pumps","Bihar","PATNA(DISTRICT PLANNING OFFICER PATNA_IDA)","Dr. Bhim Singh (2024-30) (2024-2030)","Elected MP","nstalling a big hand pump (india mark II) at a public place near the house of Deepak Kumar , S/o Mosan Prasad in village Bahadurpur of Ward No. 09 of Bahadurpur Panchayat.","07-Oct-2024","26-Oct-2024","81843","Physical Inspection"
"204","Normal/Others","WS/MP18300/2024-2025/145815-Installing hand pumps","Bihar","PATNA(DISTRICT PLANNING OFFICER PATNA_IDA)","Dr. Bhim Singh (2024-30) (2024-2030)","Elected MP","Installing a big hand pump (india mark II) at a public place near the house of Ravi Kumar , S/o late Kanhaiya Lal in village Kalyanpur of Ward No. 06 of Kalyanpur Panchayat.","07-Oct-2024","26-Oct-2024","81843","Physical Inspection"
"205","Normal/Others","WS/MP18300/2024-2025/145816-Installing hand pumps","Bihar","PATNA(DISTRICT PLANNING OFFICER PATNA_IDA)","Dr. Bhim Singh (2024-30) (2024-2030)","Elected MP","Installing a big hand pump (india mark II) at a public place near the house of Naval ram, S/o Saryug ram in village Ghansurpur of Ward No. 02 of Doma Panchayat.","07-Oct-2024","26-Oct-2024","81699","Physical Inspection"
"206","Normal/Others","WS/MP18300/2024-2025/145818-Installing hand pumps","Bihar","PATNA(DISTRICT PLANNING OFFICER PATNA_IDA)","Dr. Bhim Singh (2024-30) (2024-2030)","Elected MP","Installing a big hand pump (india mark II) at a public place near the house of Balram Prasad, S/o late Ragho Prasad in village Sabnima of Ward No. 02 of Sabnima Panchayat.","07-Oct-2024","26-Oct-2024","81843","Physical Inspection"
"207","Normal/Others","WS/MP18300/2024-2025/145819-Installing hand pumps","Bihar","PATNA(DISTRICT PLANNING OFFICER PATNA_IDA)","Dr. Bhim Singh (2024-30) (2024-2030)","Elected MP","Installing a big hand pump (india mark II) at a public place near the house of Chanchu Chandravanshi, S/o Matku ram  in village Ranisarai of Ward No. 04 of Karanauti Panchayat.","07-Oct-2024","26-Oct-2024","81860","Physical Inspection"
"208","Normal/Others","WS/MP18300/2024-2025/145820-Installing hand pumps","Bihar","PATNA(DISTRICT PLANNING OFFICER PATNA_IDA)","Dr. Bhim Singh (2024-30) (2024-2030)","Elected MP","Installing a big hand pump (india mark II) at a public place near the house of Sadan Ram , S/o Valeshwer Ram  in village Masatthu of Ward No. 03 of Ekdanga Panchayat.","07-Oct-2024","26-Oct-2024","81860","Physical Inspection"
"209","Normal/Others","WS/MP18300/2024-2025/145821-Installing hand pumps","Bihar","PATNA(DISTRICT PLANNING OFFICER PATNA_IDA)","Dr. Bhim Singh (2024-30) (2024-2030)","Elected MP","Installing a big hand pump (india mark II) at a public place near the house of Yoga Ram, S/o Jayjay Ram in village Naya bigha of Ward No. 08 of Fatehpur Panchayat.","07-Oct-2024","26-Oct-2024","81860","Physical Inspection"
"210","Normal/Others","WS/MP18300/2024-2025/148908-Installing hand pumps","Bihar","NAWADA(District Planning Officer NAWADA_IDA)","Dr. Bhim Singh (2024-30) (2024-2030)","Elected MP","Installing a big hand pump (india mark II) at a public place near the Bajrang Bali Temple in village  Adal bigha of Ward No. 10 of Bahadurpur Panchayat.","21-Oct-2024","26-Mar-2025","76020","Physical Inspection"
"211","Normal/Others","WS/MP18300/2024-2025/148909-Installing hand pumps","Bihar","SARAN(DISTRICT PLANNING OFFICE SARAN CHAPRA_IDA)","Dr. Bhim Singh (2024-30) (2024-2030)","Elected MP","Installing a big hand pump (india mark II) at a public place near the house of Jitendra Singh Chandravanshi in village Rasulpur of Ward No. 1 of Rasulpur Panchayat.","21-Oct-2024","18-Mar-2025","81461","Physical Inspection"
"212","Normal/Others","WS/MP18300/2024-2025/148910-Installing hand pumps","Bihar","SARAN(DISTRICT PLANNING OFFICE SARAN CHAPRA_IDA)","Dr. Bhim Singh (2024-30) (2024-2030)","Elected MP","Installing a big hand pump (india mark II) at a public place near the house of Umesh Singh Chandravanshi in village Rasulpur of Ward No. 7 of Rasulpur Panchayat.","21-Oct-2024","18-Mar-2025","81461","Physical Inspection"
"213","Normal/Others","WS/MP18300/2026-2027/148913-Installing hand pumps","Bihar","JEHANABAD(DISTRICT PLANNING OFFICER JEHANABAD_IDA)","Dr. Bhim Singh (2024-30) (2024-2030)","Elected MP","Installing a big hand pump (india mark II)","21-Oct-2024","11-Aug-2026","83000","Sanction"
"214","Normal/Others","WS/MP18300/2024-2025/149331-Installing hand pumps","Bihar","MUNGER(DISTRICT PLANNING OFFICER MUNGER_IDA)","Dr. Bhim Singh (2024-30) (2024-2030)","Elected MP","Installing a big hand pump (india mark II) at a public place near the  sarobagh Halt ( bajrangbali Mandir ke paas)  in village Matadih  Ward No. 8 of Dharhara Panchayat.","25-Oct-2024","04-Dec-2024","82887","Physical Inspection"
"215","Normal/Others","WS/MP18300/2024-2025/149661-Installing hand pumps","Bihar","PATNA(DISTRICT PLANNING OFFICER PATNA_IDA)","Dr. Bhim Singh (2024-30) (2024-2030)","Elected MP","Installing a big hand pump (india mark II) at a public place near the house of Somnath ji s/o Umesh Rai  in Parishad Ramkripal Tola, Ward No. 1 of Fatuhan Block","28-Oct-2024","01-Jan-2025","82004","Physical Inspection"
"216","Normal/Others","WS/MP18300/2024-2025/149662-Installing hand pumps","Bihar","PATNA(DISTRICT PLANNING OFFICER PATNA_IDA)","Dr. Bhim Singh (2024-30) (2024-2030)","Elected MP","Installing a big hand pump (india mark II) at a public place near the house of Saurabh Kumar s/o Navalkishore Prasad in village Saidpur of Ward No. 12  of Hidayatpur Saidpur Panchayat.","28-Oct-2024","22-Nov-2024","81800","Physical Inspection"
"217","Normal/Others","WS/MP18300/2024-2025/149663-Installing hand pumps","Bihar","PATNA(DISTRICT PLANNING OFFICER PATNA_IDA)","Dr. Bhim Singh (2024-30) (2024-2030)","Elected MP","Installing a big hand pump (india mark II) at a public place near the house of Masudan Mahato s/o late Shivnandan Mahato  in village Saidpur of Ward No.11  of Hidayatpur Saidpur Panchayat.","28-Oct-2024","22-Nov-2024","81846","Physical Inspection"
"218","Normal/Others","WS/MP18300/2024-2025/149664-Installing hand pumps","Bihar","PATNA(DISTRICT PLANNING OFFICER PATNA_IDA)","Dr. Bhim Singh (2024-30) (2024-2030)","Elected MP","Installing a big hand pump (india mark II) at a public place near the house of Sujit Kumar s/o late Khaderan Rai in village Saidpur (Saidpur Tola) of Ward No. 09 of Hidayatpur Saidpur Panchayat.","28-Oct-2024","22-Nov-2024","81902","Physical Inspection"
"219","Normal/Others","WS/MP18300/2024-2025/150704-Installing hand pumps","Bihar","NALANDA(DISTRICT PLANNING OFFICER NALANDA_IDA)","Dr. Bhim Singh (2024-30) (2024-2030)","Elected MP","Installing a big hand pump (india mark II) at a public place near the house of Tripurari Tiwari,Village-badhiya, pashchim tola, Ward No. 03, of Barhia Panchayat ( under nagar parishad Sarmera)","06-Nov-2024","11-Feb-2025","82920","Physical Inspection"
"220","Normal/Others","WS/MP18300/2024-2025/150705-Installing hand pumps","Bihar","PATNA(DISTRICT PLANNING OFFICER PATNA_IDA)","Dr. Bhim Singh (2024-30) (2024-2030)","Elected MP","Installing a big hand pump (India Mark III) at a public place near the house of Kundan Mistry Prasad in village  Tiskhora , ward no.06 of Nawhi Panchayat.","06-Nov-2024","08-Jan-2025","82500","Physical Inspection"
"221","Normal/Others","WS/MP001/2024-2025/151557-Installing hand pumps","Bihar","BHAGALPUR(DISTRICT PLANNING OFFICER BHAGALPUR_IDA)","Shri Shambhu Sharan Patel (2022-28) (2022-2028)","Elected MP","1.Installation of a Hand Pump at a public place near Maharani Sthan located in Kajraili Bazar of Kajraili Panchayat under Nathnagar block of Nathnagar assembly constituency. 85,000/- (Eighty Five thousand only)","09-Nov-2024","13-Dec-2024","84709","Physical Inspection"
"222","Normal/Others","WS/MP18300/2025-2026/192257-Installing hand pumps","Bihar","PATNA(DISTRICT PLANNING OFFICER PATNA_IDA)","Dr. Bhim Singh (2024-30) (2024-2030)","Elected MP","Installing a big hand pump (India Mark III) at a public place","19-Apr-2025","31-May-2025","81782","Physical Inspection"
"223","Normal/Others","WS/MP18300/2025-2026/192258-Installing hand pumps","Bihar","PATNA(DISTRICT PLANNING OFFICER PATNA_IDA)","Dr. Bhim Singh (2024-30) (2024-2030)","Elected MP","Installing a big hand pump (India Mark III) at a public place","19-Apr-2025","29-May-2025","81757","Physical Inspection"
"224","Normal/Others","WS/MP18300/2025-2026/192259-Installing hand pumps","Bihar","PATNA(DISTRICT PLANNING OFFICER PATNA_IDA)","Dr. Bhim Singh (2024-30) (2024-2030)","Elected MP","Installing a big hand pump (India Mark III) at a public place","19-Apr-2025","29-May-2025","81757","Physical Inspection"
"225","Normal/Others","WS/MP18300/2025-2026/192260-Installing hand pumps","Bihar","PATNA(DISTRICT PLANNING OFFICER PATNA_IDA)","Dr. Bhim Singh (2024-30) (2024-2030)","Elected MP","Installing a big hand pump (India Mark III) at a public place","19-Apr-2025","29-May-2025","81782","Physical Inspection"
"226","Normal/Others","WS/MP18300/2025-2026/192261-Installing hand pumps","Bihar","PATNA(DISTRICT PLANNING OFFICER PATNA_IDA)","Dr. Bhim Singh (2024-30) (2024-2030)","Elected MP","Installing a big hand pump (India Mark III) at a public place","19-Apr-2025","29-May-2025","81782","Physical Inspection"
"227","Normal/Others","WS/MP18300/2025-2026/192262-Installing hand pumps","Bihar","PATNA(DISTRICT PLANNING OFFICER PATNA_IDA)","Dr. Bhim Singh (2024-30) (2024-2030)","Elected MP","Installing a big hand pump (India Mark III) at a public place","19-Apr-2025","31-May-2025","81782","Physical Inspection"
"228","Normal/Others","WS/MP18300/2025-2026/192263-Installing hand pumps","Bihar","PATNA(DISTRICT PLANNING OFFICER PATNA_IDA)","Dr. Bhim Singh (2024-30) (2024-2030)","Elected MP","Installing a big hand pump (India Mark III) at a public place","19-Apr-2025","29-May-2025","81782","Physical Inspection"
"229","Normal/Others","WS/MP18300/2025-2026/192264-Installing hand pumps","Bihar","PATNA(DISTRICT PLANNING OFFICER PATNA_IDA)","Dr. Bhim Singh (2024-30) (2024-2030)","Elected MP","Installing a big hand pump (India Mark III) at a public place","19-Apr-2025","30-May-2025","81782","Physical Inspection"
"230","Normal/Others","WS/MP18300/2025-2026/192265-Installing hand pumps","Bihar","PATNA(DISTRICT PLANNING OFFICER PATNA_IDA)","Dr. Bhim Singh (2024-30) (2024-2030)","Elected MP","Installing a big hand pump (India Mark III) at a public place","19-Apr-2025","29-May-2025","81782","Physical Inspection"
"231","Normal/Others","WS/MP18300/2025-2026/192266-Installing hand pumps","Bihar","PATNA(DISTRICT PLANNING OFFICER PATNA_IDA)","Dr. Bhim Singh (2024-30) (2024-2030)","Elected MP","Installing a big hand pump (India Mark III) at a public place","19-Apr-2025","29-May-2025","81782","Physical Inspection"
"232","Normal/Others","WS/MP18300/2025-2026/192274-Installing hand pumps","Bihar","PATNA(DISTRICT PLANNING OFFICER PATNA_IDA)","Dr. Bhim Singh (2024-30) (2024-2030)","Elected MP","Installing a big hand pump (India Mark III) at a public place","19-Apr-2025","29-May-2025","81782","Physical Inspection"
"233","Normal/Others","WS/MP18300/2025-2026/192275-Installing hand pumps","Bihar","PATNA(DISTRICT PLANNING OFFICER PATNA_IDA)","Dr. Bhim Singh (2024-30) (2024-2030)","Elected MP","Installing a big hand pump (India Mark III) at a public place","19-Apr-2025","31-May-2025","81782","Physical Inspection"
"234","Normal/Others","WS/MP18300/2025-2026/192276-Installing hand pumps","Bihar","PATNA(DISTRICT PLANNING OFFICER PATNA_IDA)","Dr. Bhim Singh (2024-30) (2024-2030)","Elected MP","Installing a big hand pump (India Mark III) at a public place","19-Apr-2025","29-May-2025","81782","Physical Inspection"
"235","Normal/Others","WS/MP18300/2025-2026/192277-Installing hand pumps","Bihar","PATNA(DISTRICT PLANNING OFFICER PATNA_IDA)","Dr. Bhim Singh (2024-30) (2024-2030)","Elected MP","Installing a big hand pump (India Mark III) at a public place","19-Apr-2025","31-May-2025","81822","Physical Inspection"
"236","Normal/Others","WS/MP18300/2025-2026/192278-Installing hand pumps","Bihar","PATNA(DISTRICT PLANNING OFFICER PATNA_IDA)","Dr. Bhim Singh (2024-30) (2024-2030)","Elected MP","Installing a big hand pump (India Mark III) at a public place","19-Apr-2025","29-May-2025","81782","Physical Inspection"
"237","Normal/Others","WS/MP18300/2025-2026/192279-Installing hand pumps","Bihar","PATNA(DISTRICT PLANNING OFFICER PATNA_IDA)","Dr. Bhim Singh (2024-30) (2024-2030)","Elected MP","Installing a big hand pump (India Mark III) at a public place","19-Apr-2025","31-May-2025","81822","Physical Inspection"
"238","Normal/Others","WS/MP18300/2025-2026/192280-Installing hand pumps","Bihar","PATNA(DISTRICT PLANNING OFFICER PATNA_IDA)","Dr. Bhim Singh (2024-30) (2024-2030)","Elected MP","Installing a big hand pump (India Mark III) at a public place","19-Apr-2025","31-May-2025","81822","Physical Inspection"
"239","Normal/Others","WS/MP18300/2025-2026/192281-Installing hand pumps","Bihar","PATNA(DISTRICT PLANNING OFFICER PATNA_IDA)","Dr. Bhim Singh (2024-30) (2024-2030)","Elected MP","Installing a big hand pump (India Mark III) at a public place","19-Apr-2025","31-May-2025","81822","Physical Inspection"
"240","Normal/Others","WS/MP18300/2025-2026/192282-Installing hand pumps","Bihar","PATNA(DISTRICT PLANNING OFFICER PATNA_IDA)","Dr. Bhim Singh (2024-30) (2024-2030)","Elected MP","Installing a big hand pump (India Mark III) at a public place","19-Apr-2025","31-May-2025","81822","Physical Inspection"
"241","Normal/Others","WS/MP18300/2025-2026/192283-Installing hand pumps","Bihar","PATNA(DISTRICT PLANNING OFFICER PATNA_IDA)","Dr. Bhim Singh (2024-30) (2024-2030)","Elected MP","Installing a big hand pump (India Mark III) at a public place","19-Apr-2025","02-Jul-2025","81822","Physical Inspection"
"242","Normal/Others","WS/MP18300/2025-2026/192287-Installing hand pumps","Bihar","PATNA(DISTRICT PLANNING OFFICER PATNA_IDA)","Dr. Bhim Singh (2024-30) (2024-2030)","Elected MP","Installing a big hand pump (India Mark III) at a public place","19-Apr-2025","27-Jun-2025","81822","Physical Inspection"
"243","Normal/Others","WS/MP18300/2025-2026/192288-Installing hand pumps","Bihar","PATNA(DISTRICT PLANNING OFFICER PATNA_IDA)","Dr. Bhim Singh (2024-30) (2024-2030)","Elected MP","Installing a big hand pump (India Mark III) at a public place","19-Apr-2025","27-Jun-2025","81822","Physical Inspection"
"244","Normal/Others","WS/MP18300/2025-2026/192289-Installing hand pumps","Bihar","PATNA(DISTRICT PLANNING OFFICER PATNA_IDA)","Dr. Bhim Singh (2024-30) (2024-2030)","Elected MP","Installing a big hand pump (India Mark III) at a public place","19-Apr-2025","27-Jun-2025","81757","Physical Inspection"
"245","Normal/Others","WS/MP18300/2025-2026/192290-Installing hand pumps","Bihar","PATNA(DISTRICT PLANNING OFFICER PATNA_IDA)","Dr. Bhim Singh (2024-30) (2024-2030)","Elected MP","Installing a big hand pump (India Mark III) at a public place","19-Apr-2025","27-Jun-2025","81757","Physical Inspection"
"246","Normal/Others","WS/MP18300/2025-2026/192291-Installing hand pumps","Bihar","PATNA(DISTRICT PLANNING OFFICER PATNA_IDA)","Dr. Bhim Singh (2024-30) (2024-2030)","Elected MP","Installing a big hand pump (India Mark III) at a public place","19-Apr-2025","27-Jun-2025","81757","Physical Inspection"
"247","Normal/Others","WS/MP18300/2025-2026/192292-Installing hand pumps","Bihar","PATNA(DISTRICT PLANNING OFFICER PATNA_IDA)","Dr. Bhim Singh (2024-30) (2024-2030)","Elected MP","Installing a big hand pump (India Mark III) at a public place","19-Apr-2025","27-Jun-2025","81741","Physical Inspection"
"248","Normal/Others","WS/MP18300/2025-2026/192293-Installing hand pumps","Bihar","PATNA(DISTRICT PLANNING OFFICER PATNA_IDA)","Dr. Bhim Singh (2024-30) (2024-2030)","Elected MP","Installing a big hand pump (India Mark III) at a public place","19-Apr-2025","27-Jun-2025","81741","Physical Inspection"
"249","Normal/Others","WS/MP18300/2025-2026/192294-Installing hand pumps","Bihar","PATNA(DISTRICT PLANNING OFFICER PATNA_IDA)","Dr. Bhim Singh (2024-30) (2024-2030)","Elected MP","Installing a big hand pump (India Mark III) at a public place","19-Apr-2025","27-Jun-2025","81741","Physical Inspection"
"250","Normal/Others","WS/MP18300/2025-2026/192295-Installing hand pumps","Bihar","PATNA(DISTRICT PLANNING OFFICER PATNA_IDA)","Dr. Bhim Singh (2024-30) (2024-2030)","Elected MP","Installing a big hand pump (India Mark III) at a public place","19-Apr-2025","27-Jun-2025","81782","Physical Inspection"
"251","Normal/Others","WS/MP18300/2025-2026/192296-Installing hand pumps","Bihar","PATNA(DISTRICT PLANNING OFFICER PATNA_IDA)","Dr. Bhim Singh (2024-30) (2024-2030)","Elected MP","Installing a big hand pump (India Mark III) at a public place","19-Apr-2025","27-Jun-2025","81782","Physical Inspection"
"252","Normal/Others","WS/MP18300/2025-2026/194574-Installing hand pumps","Bihar","PATNA(DISTRICT PLANNING OFFICER PATNA_IDA)","Dr. Bhim Singh (2024-30) (2024-2030)","Elected MP","Installing a big hand pump (India Mark III) at a public place","26-Apr-2025","17-Jul-2025","79193","Physical Inspection"
"253","Normal/Others","WS/MP18300/2025-2026/194575-Installing hand pumps","Bihar","PATNA(DISTRICT PLANNING OFFICER PATNA_IDA)","Dr. Bhim Singh (2024-30) (2024-2030)","Elected MP","Installing a big hand pump (India Mark III) at a public place","26-Apr-2025","17-Jul-2025","79193","Physical Inspection"
"254","Normal/Others","WS/MP18300/2025-2026/194576-Installing hand pumps","Bihar","PATNA(DISTRICT PLANNING OFFICER PATNA_IDA)","Dr. Bhim Singh (2024-30) (2024-2030)","Elected MP","Installing a big hand pump (India Mark III) at a public place","26-Apr-2025","17-Jul-2025","79193","Physical Inspection"
"255","Normal/Others","WS/MP18300/2025-2026/194577-Installing hand pumps","Bihar","PATNA(DISTRICT PLANNING OFFICER PATNA_IDA)","Dr. Bhim Singh (2024-30) (2024-2030)","Elected MP","Installing a big hand pump (India Mark III) at a public place","26-Apr-2025","17-Jul-2025","79193","Physical Inspection"
"256","Normal/Others","WS/MP18300/2025-2026/194578-Installing hand pumps","Bihar","PATNA(DISTRICT PLANNING OFFICER PATNA_IDA)","Dr. Bhim Singh (2024-30) (2024-2030)","Elected MP","Installing a big hand pump (India Mark III) at a public place","26-Apr-2025","17-Jul-2025","79193","Physical Inspection"
"257","Normal/Others","WS/MP18300/2025-2026/194579-Installing hand pumps","Bihar","PATNA(DISTRICT PLANNING OFFICER PATNA_IDA)","Dr. Bhim Singh (2024-30) (2024-2030)","Elected MP","Installing a big hand pump (India Mark III) at a public place","26-Apr-2025","17-Jul-2025","79193","Physical Inspection"
"258","Normal/Others","WS/MP18300/2025-2026/194580-Installing hand pumps","Bihar","PATNA(DISTRICT PLANNING OFFICER PATNA_IDA)","Dr. Bhim Singh (2024-30) (2024-2030)","Elected MP","Installing a big hand pump (India Mark III) at a public place","26-Apr-2025","02-Jul-2025","81741","Physical Inspection"
"259","Normal/Others","WS/MP18300/2025-2026/194581-Installing hand pumps","Bihar","PATNA(DISTRICT PLANNING OFFICER PATNA_IDA)","Dr. Bhim Singh (2024-30) (2024-2030)","Elected MP","Installing a big hand pump (India Mark III) at a public place","26-Apr-2025","29-May-2025","81741","Physical Inspection"
"260","Normal/Others","WS/MP18300/2025-2026/194582-Installing hand pumps","Bihar","PATNA(DISTRICT PLANNING OFFICER PATNA_IDA)","Dr. Bhim Singh (2024-30) (2024-2030)","Elected MP","Installing a big hand pump (India Mark III) at a public place","26-Apr-2025","17-Jul-2025","79193","Physical Inspection"
"261","Normal/Others","WS/MP18300/2025-2026/194583-Installing hand pumps","Bihar","PATNA(DISTRICT PLANNING OFFICER PATNA_IDA)","Dr. Bhim Singh (2024-30) (2024-2030)","Elected MP","Installing a big hand pump (India Mark III) at a public place","26-Apr-2025","31-May-2025","79193","Physical Inspection"
"262","Normal/Others","WS/MP18300/2025-2026/194604-Installing hand pumps","Bihar","PATNA(DISTRICT PLANNING OFFICER PATNA_IDA)","Dr. Bhim Singh (2024-30) (2024-2030)","Elected MP","Installing a big hand pump (India Mark III) at a public place","26-Apr-2025","31-May-2025","81741","Physical Inspection"
"263","Normal/Others","WS/MP18300/2025-2026/194605-Installing hand pumps","Bihar","PATNA(DISTRICT PLANNING OFFICER PATNA_IDA)","Dr. Bhim Singh (2024-30) (2024-2030)","Elected MP","Installing a big hand pump (India Mark III) at a public place","26-Apr-2025","29-May-2025","81741","Physical Inspection"
"264","Normal/Others","WS/MP18300/2025-2026/194606-Installing hand pumps","Bihar","PATNA(DISTRICT PLANNING OFFICER PATNA_IDA)","Dr. Bhim Singh (2024-30) (2024-2030)","Elected MP","Installing a big hand pump (India Mark III) at a public place","26-Apr-2025","31-May-2025","81741","Physical Inspection"
"265","Normal/Others","WS/MP18300/2025-2026/194607-Installing hand pumps","Bihar","PATNA(DISTRICT PLANNING OFFICER PATNA_IDA)","Dr. Bhim Singh (2024-30) (2024-2030)","Elected MP","Installing a big hand pump (India Mark III) at a public place","26-Apr-2025","31-May-2025","81741","Physical Inspection"
"266","Normal/Others","WS/MP18300/2025-2026/194608-Installing hand pumps","Bihar","PATNA(DISTRICT PLANNING OFFICER PATNA_IDA)","Dr. Bhim Singh (2024-30) (2024-2030)","Elected MP","Installing a big hand pump (India Mark III) at a public place","26-Apr-2025","29-May-2025","81741","Physical Inspection"
"267","Normal/Others","WS/MP18300/2025-2026/194609-Installing hand pumps","Bihar","PATNA(DISTRICT PLANNING OFFICER PATNA_IDA)","Dr. Bhim Singh (2024-30) (2024-2030)","Elected MP","Installing a big hand pump (India Mark III) at a public place","26-Apr-2025","31-May-2025","81741","Physical Inspection"
"268","Normal/Others","WS/MP18300/2025-2026/194610-Installing hand pumps","Bihar","PATNA(DISTRICT PLANNING OFFICER PATNA_IDA)","Dr. Bhim Singh (2024-30) (2024-2030)","Elected MP","Installing a big hand pump (India Mark III) at a public place","26-Apr-2025","29-May-2025","81741","Physical Inspection"
"269","Normal/Others","WS/MP18300/2025-2026/194611-Installing hand pumps","Bihar","PATNA(DISTRICT PLANNING OFFICER PATNA_IDA)","Dr. Bhim Singh (2024-30) (2024-2030)","Elected MP","Installing a big hand pump (India Mark III) at a public place","26-Apr-2025","29-May-2025","81757","Physical Inspection"
"270","Normal/Others","WS/MP18300/2025-2026/194612-Installing hand pumps","Bihar","PATNA(DISTRICT PLANNING OFFICER PATNA_IDA)","Dr. Bhim Singh (2024-30) (2024-2030)","Elected MP","Installing a big hand pump (India Mark III) at a public place","26-Apr-2025","29-May-2025","81782","Physical Inspection"
"271","Normal/Others","WS/MP18300/2025-2026/194613-Installing hand pumps","Bihar","PATNA(DISTRICT PLANNING OFFICER PATNA_IDA)","Dr. Bhim Singh (2024-30) (2024-2030)","Elected MP","Installing a big hand pump (India Mark III) at a public place","26-Apr-2025","29-May-2025","81782","Physical Inspection"
"272","Normal/Others","WS/MP18300/2025-2026/194628-Installing hand pumps","Bihar","PATNA(DISTRICT PLANNING OFFICER PATNA_IDA)","Dr. Bhim Singh (2024-30) (2024-2030)","Elected MP","Installing a big hand pump (India Mark III) at a public place","26-Apr-2025","29-May-2025","81782","Physical Inspection"
"273","Normal/Others","WS/MP18300/2025-2026/194629-Installing hand pumps","Bihar","PATNA(DISTRICT PLANNING OFFICER PATNA_IDA)","Dr. Bhim Singh (2024-30) (2024-2030)","Elected MP","Installing a big hand pump (India Mark III) at a public place","26-Apr-2025","29-May-2025","81782","Physical Inspection"
"274","Normal/Others","WS/MP18300/2025-2026/194630-Installing hand pumps","Bihar","PATNA(DISTRICT PLANNING OFFICER PATNA_IDA)","Dr. Bhim Singh (2024-30) (2024-2030)","Elected MP","Installing a big hand pump (India Mark III) at a public place","26-Apr-2025","29-May-2025","81782","Physical Inspection"
"275","Normal/Others","WS/MP18300/2025-2026/194631-Installing hand pumps","Bihar","PATNA(DISTRICT PLANNING OFFICER PATNA_IDA)","Dr. Bhim Singh (2024-30) (2024-2030)","Elected MP","Installing a big hand pump (India Mark III) at a public place","26-Apr-2025","29-May-2025","81782","Physical Inspection"
"276","Normal/Others","WS/MP18300/2025-2026/194632-Installing hand pumps","Bihar","PATNA(DISTRICT PLANNING OFFICER PATNA_IDA)","Dr. Bhim Singh (2024-30) (2024-2030)","Elected MP","Installing a big hand pump (India Mark III) at a public place","26-Apr-2025","29-May-2025","81782","Physical Inspection"
"277","Normal/Others","WS/MP18300/2025-2026/194633-Installing hand pumps","Bihar","PATNA(DISTRICT PLANNING OFFICER PATNA_IDA)","Dr. Bhim Singh (2024-30) (2024-2030)","Elected MP","Installing a big hand pump (India Mark III) at a public place","26-Apr-2025","17-Jul-2025","79193","Physical Inspection"
"278","Normal/Others","WS/MP18300/2025-2026/194634-Installing hand pumps","Bihar","PATNA(DISTRICT PLANNING OFFICER PATNA_IDA)","Dr. Bhim Singh (2024-30) (2024-2030)","Elected MP","Installing a big hand pump (India Mark III) at a public place","26-Apr-2025","31-May-2025","81822","Physical Inspection"
"279","Normal/Others","WS/MP18300/2025-2026/194635-Installing hand pumps","Bihar","PATNA(DISTRICT PLANNING OFFICER PATNA_IDA)","Dr. Bhim Singh (2024-30) (2024-2030)","Elected MP","Installing a big hand pump (India Mark III) at a public place","26-Apr-2025","29-May-2025","81782","Physical Inspection"
"280","Normal/Others","WS/MP18300/2025-2026/194636-Installing hand pumps","Bihar","PATNA(DISTRICT PLANNING OFFICER PATNA_IDA)","Dr. Bhim Singh (2024-30) (2024-2030)","Elected MP","Installing a big hand pump (India Mark III) at a public place","26-Apr-2025","31-May-2025","81822","Physical Inspection"
"281","Normal/Others","WS/MP18300/2025-2026/194637-Installing hand pumps","Bihar","PATNA(DISTRICT PLANNING OFFICER PATNA_IDA)","Dr. Bhim Singh (2024-30) (2024-2030)","Elected MP","Installing a big hand pump (India Mark III) at a public place","26-Apr-2025","31-May-2025","81822","Physical Inspection"
"282","Normal/Others","WS/MP001/2025-2026/196255-Installing hand pumps","Bihar","PATNA(DISTRICT PLANNING OFFICER PATNA_IDA)","Shri Shambhu Sharan Patel (2022-28) (2022-2028)","Elected MP","1Near Raghuvir Prasad House (in PublicPlace).BlockGhoshwariPanchayat Samyagarh,Village Kevtti  District Patna","04-May-2025","12-Jun-2025","79090","Physical Inspection"
"283","Normal/Others","WS/MP001/2025-2026/196256-Installing hand pumps","Bihar","PATNA(DISTRICT PLANNING OFFICER PATNA_IDA)","Shri Shambhu Sharan Patel (2022-28) (2022-2028)","Elected MP","2Near  Sanjay Mahto Vinay Mahto House (in Public Place). Block Ghoshwari , Panchayat Samyagarh, Village Kevtti  District Patna.","04-May-2025","12-Jun-2025","79090","Physical Inspection"
"284","Normal/Others","WS/MP001/2025-2026/196257-Installing hand pumps","Bihar","PATNA(DISTRICT PLANNING OFFICER PATNA_IDA)","Shri Shambhu Sharan Patel (2022-28) (2022-2028)","Elected MP","3Near Chaksamya Kevti Brij. Block Ghoshwari , Panchayat Samyagarh, Village Kevtti  District Patna.","04-May-2025","12-Jun-2025","79090","Physical Inspection"
"285","Normal/Others","WS/MP001/2025-2026/196258-Installing hand pumps","Bihar","PATNA(DISTRICT PLANNING OFFICER PATNA_IDA)","Shri Shambhu Sharan Patel (2022-28) (2022-2028)","Elected MP","4Near Ganga Prasad House( in Public Place) Block Ghoswari, Panchayat Paijana, Village Paijana ,District Patna.","04-May-2025","12-Jun-2025","79090","Physical Inspection"
"286","Normal/Others","WS/MP001/2025-2026/196259-Installing hand pumps","Bihar","PATNA(DISTRICT PLANNING OFFICER PATNA_IDA)","Shri Shambhu Sharan Patel (2022-28) (2022-2028)","Elected MP","5Near Suresh Mahto House( in Public Place). Block Ghoswari, Panchayat Samyagarh , Village Milki, District Patna","04-May-2025","12-Jun-2025","79090","Physical Inspection"
"287","Normal/Others","WS/MP001/2025-2026/196545-Installing hand pumps","Bihar","PATNA(DISTRICT PLANNING OFFICER PATNA_IDA)","Shri Shambhu Sharan Patel (2022-28) (2022-2028)","Elected MP","1Near Chandan, Uday, Rajni Devi House (in Public Place) Block Ghoshwari, Panchayat Tartar, Village kadara District Patna","04-May-2025","12-Jun-2025","79090","Physical Inspection"
"288","Normal/Others","WS/MP001/2025-2026/196546-Installing hand pumps","Bihar","PATNA(DISTRICT PLANNING OFFICER PATNA_IDA)","Shri Shambhu Sharan Patel (2022-28) (2022-2028)","Elected MP","2Near Ganpat Patel House( in Public Place ), Block Pandarak, Panchayat baruane sabathoi Village Pitaunjiya ,District Patna","04-May-2025","07-Aug-2025","79090","Physical Inspection"
"289","Normal/Others","WS/MP001/2025-2026/196547-Installing hand pumps","Bihar","PATNA(DISTRICT PLANNING OFFICER PATNA_IDA)","Shri Shambhu Sharan Patel (2022-28) (2022-2028)","Elected MP","Near Naval Rai House (In Public Place) Block Ghoswari, Village Paijuna,Panchyat Paijuna,District Patna","04-May-2025","10-Sep-2025","84093","Physical Inspection"
"290","Normal/Others","WS/MP001/2025-2026/196548-Installing hand pumps","Bihar","PATNA(DISTRICT PLANNING OFFICER PATNA_IDA)","Shri Shambhu Sharan Patel (2022-28) (2022-2028)","Elected MP","4Near Umesh Mahto House (in Public Place), Block Pandarak, Panchyat Kondi, Village Kondi,DistrictPatna.","04-May-2025","07-Aug-2025","79090","Physical Inspection"
"291","Normal/Others","WS/MP001/2025-2026/196549-Installing hand pumps","Bihar","PATNA(DISTRICT PLANNING OFFICER PATNA_IDA)","Shri Shambhu Sharan Patel (2022-28) (2022-2028)","Elected MP","5Near Ram Kripal Mahto House (in Public Place). Block Ghoshwari, Panchyat Ghoshwari, Village Dhankandove, District Patna","04-May-2025","12-Jun-2025","79090","Physical Inspection"
"292","Normal/Others","WS/MP001/2025-2026/196554-Installing hand pumps","Bihar","PATNA(DISTRICT PLANNING OFFICER PATNA_IDA)","Shri Shambhu Sharan Patel (2022-28) (2022-2028)","Elected MP","1Near Mantu Mahto SO Late  Kari Mahto House( In PublicPlaceWard no4 Block  Mokama , Panchyat Dariyapur , District Patna","04-May-2025","12-Jun-2025","79090","Physical Inspection"
"293","Normal/Others","WS/MP001/2025-2026/196555-Installing hand pumps","Bihar","PATNA(DISTRICT PLANNING OFFICER PATNA_IDA)","Shri Shambhu Sharan Patel (2022-28) (2022-2028)","Elected MP","2Near Chandan Mahto So Late Om Prakash MahtoHouse(inPublic Place) Ward no5, Block  Mokama  Panchyat Dariyapur DistrictPatna","04-May-2025","12-Jun-2025","79090","Physical Inspection"
"294","Normal/Others","WS/MP001/2025-2026/196556-Installing hand pumps","Bihar","PATNA(DISTRICT PLANNING OFFICER PATNA_IDA)","Shri Shambhu Sharan Patel (2022-28) (2022-2028)","Elected MP","3Near Sindheswar Mahto House( in Public Place) Ward no-3, Block  Mokama , Panchyat Dariyapur , District Patna.","04-May-2025","12-Jun-2025","79090","Physical Inspection"
"295","Normal/Others","WS/MP001/2025-2026/196557-Installing hand pumps","Bihar","PATNA(DISTRICT PLANNING OFFICER PATNA_IDA)","Shri Shambhu Sharan Patel (2022-28) (2022-2028)","Elected MP","4Near Ganita Devi House ( in Public Place)  Ward no-9, Block  Mokama , Panchyat Dariyapur , District Patna","04-May-2025","12-Jun-2025","79090","Physical Inspection"
"296","Normal/Others","WS/MP001/2025-2026/196558-Installing hand pumps","Bihar","PATNA(DISTRICT PLANNING OFFICER PATNA_IDA)","Shri Shambhu Sharan Patel (2022-28) (2022-2028)","Elected MP","5Near Shila High School and Office. Block- Mokama, Panchayat Auta, Dariyapur , District Patna","04-May-2025","12-Jun-2025","79090","Physical Inspection"
"297","Normal/Others","WS/MP001/2025-2026/196559-Installing hand pumps","Bihar","PATNA(DISTRICT PLANNING OFFICER PATNA_IDA)","Shri Shambhu Sharan Patel (2022-28) (2022-2028)","Elected MP","6Near Badal Mukhiya House( in Public Place). Block Ghoswari, Panchyat Kurmichak, Village Prahladpur, District Patna","04-May-2025","12-Jun-2025","79090","Physical Inspection"
"298","Normal/Others","WS/MP001/2025-2026/196560-Installing hand pumps","Bihar","PATNA(DISTRICT PLANNING OFFICER PATNA_IDA)","Shri Shambhu Sharan Patel (2022-28) (2022-2028)","Elected MP","7Near Poonam Devi House( in Public Place). Ward no-10, Barh, District Patna.","04-May-2025","07-Aug-2025","81782","Physical Inspection"
"299","Normal/Others","WS/MP18300/2025-2026/198605-Installing hand pumps","Bihar","PATNA(DISTRICT PLANNING OFFICER PATNA_IDA)","Dr. Bhim Singh (2024-30) (2024-2030)","Elected MP","Installing a big hand pump (India Mark III) at a public place","11-May-2025","29-May-2025","81741","Physical Inspection"
"300","Normal/Others","WS/MP18300/2025-2026/198606-Installing hand pumps","Bihar","PATNA(DISTRICT PLANNING OFFICER PATNA_IDA)","Dr. Bhim Singh (2024-30) (2024-2030)","Elected MP","Installing a big hand pump (India Mark III) at a public place","11-May-2025","29-May-2025","81741","Physical Inspection"
"301","Normal/Others","WS/MP18300/2025-2026/198607-Installing hand pumps","Bihar","PATNA(DISTRICT PLANNING OFFICER PATNA_IDA)","Dr. Bhim Singh (2024-30) (2024-2030)","Elected MP","Installing a big hand pump (India Mark III) at a public place","11-May-2025","29-May-2025","81741","Physical Inspection"
"302","Normal/Others","WS/MP18300/2025-2026/198608-Installing hand pumps","Bihar","PATNA(DISTRICT PLANNING OFFICER PATNA_IDA)","Dr. Bhim Singh (2024-30) (2024-2030)","Elected MP","Installing a big hand pump (India Mark III) at a public place","11-May-2025","29-May-2025","81782","Physical Inspection"
"303","Normal/Others","WS/MP18300/2025-2026/198609-Installing hand pumps","Bihar","PATNA(DISTRICT PLANNING OFFICER PATNA_IDA)","Dr. Bhim Singh (2024-30) (2024-2030)","Elected MP","Installing a big hand pump (India Mark III) at a public place","11-May-2025","29-May-2025","81741","Physical Inspection"
"304","Normal/Others","WS/MP18300/2025-2026/198632-Installing hand pumps","Bihar","PATNA(DISTRICT PLANNING OFFICER PATNA_IDA)","Dr. Bhim Singh (2024-30) (2024-2030)","Elected MP","Installing a big hand pump (India Mark III) at a public place","11-May-2025","31-May-2025","81741","Physical Inspection"
"305","Normal/Others","WS/MP18300/2025-2026/198633-Installing hand pumps","Bihar","PATNA(DISTRICT PLANNING OFFICER PATNA_IDA)","Dr. Bhim Singh (2024-30) (2024-2030)","Elected MP","Installing a big hand pump (India Mark III) at a public place","11-May-2025","31-May-2025","81741","Physical Inspection"
"306","Normal/Others","WS/MP18300/2025-2026/198634-Installing hand pumps","Bihar","PATNA(DISTRICT PLANNING OFFICER PATNA_IDA)","Dr. Bhim Singh (2024-30) (2024-2030)","Elected MP","Installing a big hand pump (India Mark III) at a public place","11-May-2025","31-May-2025","81741","Physical Inspection"
"307","Normal/Others","WS/MP18300/2025-2026/198645-Installing hand pumps","Bihar","PATNA(DISTRICT PLANNING OFFICER PATNA_IDA)","Dr. Bhim Singh (2024-30) (2024-2030)","Elected MP","Installing a big hand pump (India Mark III) at a public place","11-May-2025","31-May-2025","81822","Physical Inspection"
"308","Normal/Others","WS/MP18300/2025-2026/198635-Installing hand pumps","Bihar","PATNA(DISTRICT PLANNING OFFICER PATNA_IDA)","Dr. Bhim Singh (2024-30) (2024-2030)","Elected MP","Installing a big hand pump (India Mark III) at a public place","11-May-2025","31-May-2025","81822","Physical Inspection"
"309","Normal/Others","WS/MP18300/2025-2026/198636-Installing hand pumps","Bihar","PATNA(DISTRICT PLANNING OFFICER PATNA_IDA)","Dr. Bhim Singh (2024-30) (2024-2030)","Elected MP","Installing a big hand pump (India Mark III) at a public place","11-May-2025","31-May-2025","81822","Physical Inspection"
"310","Normal/Others","WS/MP18300/2025-2026/198637-Installing hand pumps","Bihar","PATNA(DISTRICT PLANNING OFFICER PATNA_IDA)","Dr. Bhim Singh (2024-30) (2024-2030)","Elected MP","Installing a big hand pump (India Mark III) at a public place","11-May-2025","31-May-2025","81782","Physical Inspection"
"311","Normal/Others","WS/MP18300/2025-2026/198638-Installing hand pumps","Bihar","PATNA(DISTRICT PLANNING OFFICER PATNA_IDA)","Dr. Bhim Singh (2024-30) (2024-2030)","Elected MP","Installing a big hand pump (India Mark III) at a public place","11-May-2025","31-May-2025","81782","Physical Inspection"
"312","Normal/Others","WS/MP18300/2025-2026/198639-Installing hand pumps","Bihar","PATNA(DISTRICT PLANNING OFFICER PATNA_IDA)","Dr. Bhim Singh (2024-30) (2024-2030)","Elected MP","Installing a big hand pump (India Mark III) at a public place","11-May-2025","31-May-2025","81782","Physical Inspection"
"313","Normal/Others","WS/MP18300/2025-2026/198640-Installing hand pumps","Bihar","PATNA(DISTRICT PLANNING OFFICER PATNA_IDA)","Dr. Bhim Singh (2024-30) (2024-2030)","Elected MP","Installing a big hand pump (India Mark III) at a public place","11-May-2025","31-May-2025","81757","Physical Inspection"
"314","Normal/Others","WS/MP18300/2025-2026/198641-Installing hand pumps","Bihar","PATNA(DISTRICT PLANNING OFFICER PATNA_IDA)","Dr. Bhim Singh (2024-30) (2024-2030)","Elected MP","Installing a big hand pump (India Mark III) at a public place","11-May-2025","31-May-2025","81757","Physical Inspection"
"315","Normal/Others","WS/MP18300/2025-2026/198642-Installing hand pumps","Bihar","PATNA(DISTRICT PLANNING OFFICER PATNA_IDA)","Dr. Bhim Singh (2024-30) (2024-2030)","Elected MP","Installing a big hand pump (India Mark III) at a public place","11-May-2025","31-May-2025","81758","Physical Inspection"
"316","Normal/Others","WS/MP18300/2025-2026/198643-Installing hand pumps","Bihar","PATNA(DISTRICT PLANNING OFFICER PATNA_IDA)","Dr. Bhim Singh (2024-30) (2024-2030)","Elected MP","Installing a big hand pump (India Mark III) at a public place","11-May-2025","12-Sep-2025","79193","Physical Inspection"
"317","Normal/Others","WS/MP18300/2025-2026/198644-Installing hand pumps","Bihar","PATNA(DISTRICT PLANNING OFFICER PATNA_IDA)","Dr. Bhim Singh (2024-30) (2024-2030)","Elected MP","Installing a big hand pump (India Mark III) at a public place","11-May-2025","31-May-2025","81782","Physical Inspection"
"318","Normal/Others","WS/MP18300/2025-2026/198646-Installing hand pumps","Bihar","PATNA(DISTRICT PLANNING OFFICER PATNA_IDA)","Dr. Bhim Singh (2024-30) (2024-2030)","Elected MP","Installing a big hand pump (India Mark III) at a public place","11-May-2025","19-Sep-2025","81956","Physical Inspection"
"319","Normal/Others","WS/MP18300/2025-2026/214377-Installing hand pumps","Bihar","GAYA(DISTRICT PLANNING OFFICER GAYA_IDA)","Dr. Bhim Singh (2024-30) (2024-2030)","Elected MP","Installing a big hand pump (India Mark III) at a public place","03-Jul-2025","17-Sep-2025","82130","Physical Inspection"
"320","Normal/Others","WS/MP18300/2025-2026/216118-Installing hand pumps","Bihar","GAYA(DISTRICT PLANNING OFFICER GAYA_IDA)","Dr. Bhim Singh (2024-30) (2024-2030)","Elected MP","Installing a big hand pump (India Mark III) at a public place","08-Jul-2025","17-Sep-2025","82130","Physical Inspection"
"321","Normal/Others","WS/MP18300/2025-2026/216901-Installing hand pumps","Bihar","AURANGABAD(DISTRICT PLANNING OFFICER AURANGABAD_IDA)","Dr. Bhim Singh (2024-30) (2024-2030)","Elected MP","Installing a big hand pump (India Mark III) at a public place","10-Jul-2025","27-Aug-2025","84714","Physical Inspection"
"322","Normal/Others","WS/MP18300/2025-2026/216902-Installing hand pumps","Bihar","AURANGABAD(DISTRICT PLANNING OFFICER AURANGABAD_IDA)","Dr. Bhim Singh (2024-30) (2024-2030)","Elected MP","Installing a big hand pump (India Mark III) at a public place","10-Jul-2025","27-Aug-2025","84714","Physical Inspection"
"323","Normal/Others","WS/MP18300/2025-2026/216903-Installing hand pumps","Bihar","AURANGABAD(DISTRICT PLANNING OFFICER AURANGABAD_IDA)","Dr. Bhim Singh (2024-30) (2024-2030)","Elected MP","Installing a big hand pump (India Mark III) at a public place","10-Jul-2025","27-Aug-2025","84714","Physical Inspection"
"324","Normal/Others","WS/MP18300/2025-2026/216904-Installing hand pumps","Bihar","AURANGABAD(DISTRICT PLANNING OFFICER AURANGABAD_IDA)","Dr. Bhim Singh (2024-30) (2024-2030)","Elected MP","Installing a big hand pump (India Mark III) at a public place","10-Jul-2025","27-Aug-2025","84714","Physical Inspection"
"325","Normal/Others","WS/MP18300/2025-2026/216905-Installing hand pumps","Bihar","AURANGABAD(DISTRICT PLANNING OFFICER AURANGABAD_IDA)","Dr. Bhim Singh (2024-30) (2024-2030)","Elected MP","Installing a big hand pump (India Mark III) at a public place","10-Jul-2025","27-Aug-2025","85000","Sanction"
"326","Normal/Others","WS/MP18300/2025-2026/216906-Installing hand pumps","Bihar","AURANGABAD(DISTRICT PLANNING OFFICER AURANGABAD_IDA)","Dr. Bhim Singh (2024-30) (2024-2030)","Elected MP","Installing a big hand pump (India Mark III) at a public place","10-Jul-2025","27-Aug-2025","84714","Physical Inspection"
"327","Normal/Others","WS/MP18300/2025-2026/216907-Installing hand pumps","Bihar","AURANGABAD(DISTRICT PLANNING OFFICER AURANGABAD_IDA)","Dr. Bhim Singh (2024-30) (2024-2030)","Elected MP","Installing a big hand pump (India Mark III) at a public place","10-Jul-2025","27-Aug-2025","85000","Vendor Identification"
"328","Normal/Others","WS/MP18300/2025-2026/216908-Installing hand pumps","Bihar","AURANGABAD(DISTRICT PLANNING OFFICER AURANGABAD_IDA)","Dr. Bhim Singh (2024-30) (2024-2030)","Elected MP","Installing a big hand pump (India Mark III) at a public place","10-Jul-2025","27-Aug-2025","84714","Physical Inspection"
"329","Normal/Others","WS/MP18300/2025-2026/216909-Installing hand pumps","Bihar","AURANGABAD(DISTRICT PLANNING OFFICER AURANGABAD_IDA)","Dr. Bhim Singh (2024-30) (2024-2030)","Elected MP","Installing a big hand pump (India Mark III) at a public place","10-Jul-2025","27-Aug-2025","84714","Physical Inspection"
"330","Normal/Others","WS/MP18300/2025-2026/216910-Installing hand pumps","Bihar","AURANGABAD(DISTRICT PLANNING OFFICER AURANGABAD_IDA)","Dr. Bhim Singh (2024-30) (2024-2030)","Elected MP","Installing a big hand pump (India Mark III) at a public place","10-Jul-2025","27-Aug-2025","84714","Physical Inspection"
"331","Normal/Others","WS/MP18300/2025-2026/216911-Installing hand pumps","Bihar","AURANGABAD(DISTRICT PLANNING OFFICER AURANGABAD_IDA)","Dr. Bhim Singh (2024-30) (2024-2030)","Elected MP","Installing a big hand pump (India Mark III) at a public place","10-Jul-2025","08-Jan-2026","85000","Sanction"
"332","Normal/Others","WS/MP18300/2025-2026/216922-Installing hand pumps","Bihar","AURANGABAD(DISTRICT PLANNING OFFICER AURANGABAD_IDA)","Dr. Bhim Singh (2024-30) (2024-2030)","Elected MP","Installing a big hand pump (India Mark III) at a public place","10-Jul-2025","27-Aug-2025","85000","Sanction"
"333","Normal/Others","WS/MP18300/2025-2026/216923-Installing hand pumps","Bihar","AURANGABAD(DISTRICT PLANNING OFFICER AURANGABAD_IDA)","Dr. Bhim Singh (2024-30) (2024-2030)","Elected MP","Installing a big hand pump (India Mark III) at a public place","10-Jul-2025","27-Aug-2025","84714","Physical Inspection"
"334","Normal/Others","WS/MP18300/2025-2026/216924-Installing hand pumps","Bihar","AURANGABAD(DISTRICT PLANNING OFFICER AURANGABAD_IDA)","Dr. Bhim Singh (2024-30) (2024-2030)","Elected MP","Installing a big hand pump (India Mark III) at a public place","10-Jul-2025","27-Aug-2025","84714","Physical Inspection"
"335","Normal/Others","WS/MP18300/2025-2026/216925-Installing hand pumps","Bihar","AURANGABAD(DISTRICT PLANNING OFFICER AURANGABAD_IDA)","Dr. Bhim Singh (2024-30) (2024-2030)","Elected MP","Installing a big hand pump (India Mark III) at a public place","10-Jul-2025","27-Aug-2025","84714","Physical Inspection"
"336","Normal/Others","WS/MP18300/2026-2027/255353-Installing hand pumps","Bihar","JEHANABAD(DISTRICT PLANNING OFFICER JEHANABAD_IDA)","Dr. Bhim Singh (2024-30) (2024-2030)","Elected MP","Installing a big hand pump (India Mark III) at a public place","24-Dec-2025","22-Jun-2026","85000","Sanction"
"337","Normal/Others","WS/MP001/2026-2027/278800-Installing hand pumps","Bihar","PATNA(DISTRICT PLANNING OFFICER PATNA_IDA)","Shri Shambhu Sharan Patel (2022-28) (2022-2028)","Elected MP","1Maharani House  (in Public Place). Block Ghoshwari , Panchayat Samyagarh, Village Kevtti  District Patna.","22-Apr-2026","13-May-2026","85000","Work partially Completed"
"338","Normal/Others","WS/MP001/2026-2027/278801-Installing hand pumps","Bihar","PATNA(DISTRICT PLANNING OFFICER PATNA_IDA)","Shri Shambhu Sharan Patel (2022-28) (2022-2028)","Elected MP","2Near  Mintu Mahot House (in Public Place). Block Ghoshwari , Panchayat Samyagarh, Village Kevtti  District Patna.","22-Apr-2026","13-May-2026","85000","Work partially Completed"
"339","Normal/Others","WS/MP001/2026-2027/278802-Installing hand pumps","Bihar","PATNA(DISTRICT PLANNING OFFICER PATNA_IDA)","Shri Shambhu Sharan Patel (2022-28) (2022-2028)","Elected MP","3Near Vijay Mahto. Block Ghoshwari , Panchayat Samyagarh, Village Milki  District Patna.","22-Apr-2026","13-May-2026","85000","Work partially Completed"
"340","Normal/Others","WS/MP001/2026-2027/278803-Installing hand pumps","Bihar","PATNA(DISTRICT PLANNING OFFICER PATNA_IDA)","Shri Shambhu Sharan Patel (2022-28) (2022-2028)","Elected MP","4Near Ram Prasad Mahto House( in Public Place) Block Ghoswari, Panchayat , Samyagarh Village Kevtti ,District Patna","22-Apr-2026","13-May-2026","85000","Work partially Completed"
"341","Normal/Others","WS/MP001/2026-2027/278804-Installing hand pumps","Bihar","PATNA(DISTRICT PLANNING OFFICER PATNA_IDA)","Shri Shambhu Sharan Patel (2022-28) (2022-2028)","Elected MP","5Shivnandan Mahto House( in Public Place). Block Ghoswari, Panchayat Samyagarh , Village Milki, District Patna","22-Apr-2026","13-May-2026","85000","Sanction"
"342","Normal/Others","WS/MP001/2026-2027/278805-Installing hand pumps","Bihar","PATNA(DISTRICT PLANNING OFFICER PATNA_IDA)","Shri Shambhu Sharan Patel (2022-28) (2022-2028)","Elected MP","6Near Lakshmi House( in Public Place) Block Pandarak, Panchayat ,Baruane Bathoi Village Pitaunjiya ,District Patna","22-Apr-2026","13-May-2026","85000","Sanction"
"343","Normal/Others","WS/MP001/2026-2027/278806-Installing hand pumps","Bihar","PATNA(DISTRICT PLANNING OFFICER PATNA_IDA)","Shri Shambhu Sharan Patel (2022-28) (2022-2028)","Elected MP","7Near  Virendra Mahto House( in Public Place) Block Pandarak, Panchayat , Baruane Bathoi Village  Pitaunjiya ,District Patna","22-Apr-2026","13-May-2026","85000","Sanction"
"344","Normal/Others","WS/MP001/2026-2027/278807-Installing hand pumps","Bihar","PATNA(DISTRICT PLANNING OFFICER PATNA_IDA)","Shri Shambhu Sharan Patel (2022-28) (2022-2028)","Elected MP","8Near Tuntun Mahto House( in Public Place) Block Pandarak, Panchayat , Baruane Bathoi Village  Pitaunjiya ,District Patna","22-Apr-2026","13-May-2026","85000","Sanction"
"345","Normal/Others","WS/MP001/2026-2027/278808-Installing hand pumps","Bihar","PATNA(DISTRICT PLANNING OFFICER PATNA_IDA)","Shri Shambhu Sharan Patel (2022-28) (2022-2028)","Elected MP","9Near Rajesh Prasad  House( in Public Place) Block Pandarak, Panchayat , Darwe Bhadaur  Village  Bhadaur ,District Patna","22-Apr-2026","13-May-2026","85000","Sanction"
"346","Normal/Others","WS/MP001/2026-2027/278809-Installing hand pumps","Bihar","PATNA(DISTRICT PLANNING OFFICER PATNA_IDA)","Shri Shambhu Sharan Patel (2022-28) (2022-2028)","Elected MP","10Near Rupesh  Mahto  House( in Public Place) Block Pandarak, Panchayat , Kondi  Village  Kondi ,District Patna","22-Apr-2026","13-May-2026","85000","Sanction"
"347","Normal/Others","WS/MP18300/2026-2027/279235-Installing hand pumps","Bihar","GAYA(DISTRICT PLANNING OFFICER GAYA_IDA)","Dr. Bhim Singh (2024-30) (2024-2030)","Elected MP","Installing a big hand pump (India Mark III)","29-Apr-2026","03-Jul-2026","83000","Work partially Completed"
"348","Normal/Others","WS/MP18300/2026-2027/280265-Installing hand pumps","Bihar","JEHANABAD(DISTRICT PLANNING OFFICER JEHANABAD_IDA)","Dr. Bhim Singh (2024-30) (2024-2030)","Elected MP","Installing a big hand pump (India Mark III)","12-May-2026","10-Aug-2026","83000","Sanction"
"349","Normal/Others","WS/MP001/2026-2027/294557-Installing hand pumps","Bihar","PATNA(DISTRICT PLANNING OFFICER PATNA_IDA)","Shri Shambhu Sharan Patel (2022-28) (2022-2028)","Elected MP","1Bhusan Singh House   (in Public Place). Block Pandarak , Panchayat Kondi, Village Saidpur,  District Patna","13-Jul-2026","12-Aug-2026","85000","Sanction"
"350","Normal/Others","WS/MP001/2026-2027/294558-Installing hand pumps","Bihar","PATNA(DISTRICT PLANNING OFFICER PATNA_IDA)","Shri Shambhu Sharan Patel (2022-28) (2022-2028)","Elected MP","2Pappu Singh House   (in Public Place). Block Pandarak , Panchayat Kondi, Village Saidpur,  District Patna","13-Jul-2026","12-Aug-2026","85000","Sanction"
"351","Normal/Others","WS/MP001/2026-2027/294559-Installing hand pumps","Bihar","PATNA(DISTRICT PLANNING OFFICER PATNA_IDA)","Shri Shambhu Sharan Patel (2022-28) (2022-2028)","Elected MP","3Nawal Singh  House & Gausala  (in Public Place). Block Pandarak , Panchayat Kondi, Village Saidpur,  District Patna","13-Jul-2026","12-Aug-2026","85000","Sanction"
"352","Normal/Others","WS/MP001/2026-2027/294560-Installing hand pumps","Bihar","PATNA(DISTRICT PLANNING OFFICER PATNA_IDA)","Shri Shambhu Sharan Patel (2022-28) (2022-2028)","Elected MP","4Subham Singh House  (in Public Place). Block Pandarak , Panchayat Kondi, Village Saidpur,  District Patna.","13-Jul-2026","12-Aug-2026","85000","Sanction"
"353","Normal/Others","WS/MP001/2026-2027/294561-Installing hand pumps","Bihar","PATNA(DISTRICT PLANNING OFFICER PATNA_IDA)","Shri Shambhu Sharan Patel (2022-28) (2022-2028)","Elected MP","5Ram Pravesh House  (in Public Place). Block Pandarak , Panchayat Kondi, Village Kondi,  District Patna","13-Jul-2026","12-Aug-2026","85000","Sanction"
"354","Normal/Others","WS/MP001/2026-2027/294562-Installing hand pumps","Bihar","PATNA(DISTRICT PLANNING OFFICER PATNA_IDA)","Shri Shambhu Sharan Patel (2022-28) (2022-2028)","Elected MP","6Pappu Mistri House  (in Public Place). Block Pandarak , Panchayat Kondi, Village Manikpur,  District Patna.","13-Jul-2026","12-Aug-2026","85000","Sanction"
"355","Normal/Others","WS/MP001/2026-2027/294563-Installing hand pumps","Bihar","PATNA(DISTRICT PLANNING OFFICER PATNA_IDA)","Shri Shambhu Sharan Patel (2022-28) (2022-2028)","Elected MP","7Shri Thakur House  (in Public Place). Block Pandarak , Panchayat Kondi, Village Manikpur,  District Patna","13-Jul-2026","12-Aug-2026","85000","Sanction"
"356","Normal/Others","WS/MP001/2026-2027/294564-Installing hand pumps","Bihar","PATNA(DISTRICT PLANNING OFFICER PATNA_IDA)","Shri Shambhu Sharan Patel (2022-28) (2022-2028)","Elected MP","8Pappu Singh House  (in Public Place). Block Pandarak , Panchayat Kondi, Village Manikpur,  District Patna","13-Jul-2026","12-Aug-2026","85000","Sanction"
"357","Normal/Others","WS/MP001/2026-2027/294565-Installing hand pumps","Bihar","PATNA(DISTRICT PLANNING OFFICER PATNA_IDA)","Shri Shambhu Sharan Patel (2022-28) (2022-2028)","Elected MP","9Sunil Singh House  (in Public Place). Block Pandarak , Panchayat Darwe Bhadaur, Village Darwe ,  District Patna","13-Jul-2026","13-Aug-2026","85000","Sanction"
"358","Normal/Others","WS/MP001/2026-2027/294566-Installing hand pumps","Bihar","PATNA(DISTRICT PLANNING OFFICER PATNA_IDA)","Shri Shambhu Sharan Patel (2022-28) (2022-2028)","Elected MP","10Pintu JI House  (in Public Place). Block Pandarak , Panchayat Darwe Bhadaur, Village Darwe ,  District Patna","13-Jul-2026","13-Aug-2026","85000","Sanction"
"359","Normal/Others","WS/MP001/2026-2027/294567-Installing hand pumps","Bihar","PATNA(DISTRICT PLANNING OFFICER PATNA_IDA)","Shri Shambhu Sharan Patel (2022-28) (2022-2028)","Elected MP","11Bel Bhadar Singh House (in Public Place). Block Pandarak , Panchayat Darwe Bhadaur, Village Darwe ,  District Patna","13-Jul-2026","13-Aug-2026","85000","Sanction"
"360","Normal/Others","WS/MP001/2026-2027/294568-Installing hand pumps","Bihar","PATNA(DISTRICT PLANNING OFFICER PATNA_IDA)","Shri Shambhu Sharan Patel (2022-28) (2022-2028)","Elected MP","12Ashok Singh House (in Public Place). Block Pandarak , Panchayat Darwe Bhadaur, Village Darwe ,  District Patna","13-Jul-2026","13-Aug-2026","85000","Sanction"
"361","Normal/Others","WS/MP001/2026-2027/294569-Installing hand pumps","Bihar","PATNA(DISTRICT PLANNING OFFICER PATNA_IDA)","Shri Shambhu Sharan Patel (2022-28) (2022-2028)","Elected MP","13Bipin Singh  House (in Public Place). Block Pandarak , Panchayat Ajgara, Village Ajgara ,  District Patna","13-Jul-2026","13-Aug-2026","85000","Sanction"
"362","Normal/Others","WS/MP001/2026-2027/294570-Installing hand pumps","Bihar","PATNA(DISTRICT PLANNING OFFICER PATNA_IDA)","Shri Shambhu Sharan Patel (2022-28) (2022-2028)","Elected MP","14Akhlesh Babu  House (in Public Place). Block Pandarak , Panchayat Ajgara, Village Ajgara ,  District Patna","13-Jul-2026","13-Aug-2026","85000","Sanction"
"363","Normal/Others","WS/MP001/2026-2027/294571-Installing hand pumps","Bihar","PATNA(DISTRICT PLANNING OFFICER PATNA_IDA)","Shri Shambhu Sharan Patel (2022-28) (2022-2028)","Elected MP","15Sanjay Singh House (in Public Place). Block Pandarak , Panchayat Ajgara, Village Ajgara , District Patna.","13-Jul-2026","13-Aug-2026","85000","Sanction"
"364","Normal/Others","WS/MP001/2026-2027/294572-Installing hand pumps","Bihar","PATNA(DISTRICT PLANNING OFFICER PATNA_IDA)","Shri Shambhu Sharan Patel (2022-28) (2022-2028)","Elected MP","16Chandra Shekhar Singh House (in Public Place). Block Pandarak , Panchayat Ajgara, Village Ajgara , District Patna","13-Jul-2026","13-Aug-2026","85000","Sanction"
"365","Normal/Others","WS/MP001/2026-2027/294573-Installing hand pumps","Bihar","PATNA(DISTRICT PLANNING OFFICER PATNA_IDA)","Shri Shambhu Sharan Patel (2022-28) (2022-2028)","Elected MP","17Samudayak Bhawan in Public Place). Block Pandarak , Panchayat Dabovh, Village Murgiya Chak , District Patna","13-Jul-2026","13-Aug-2026","85000","Sanction"
"366","Normal/Others","WS/MP001/2026-2027/294574-Installing hand pumps","Bihar","PATNA(DISTRICT PLANNING OFFICER PATNA_IDA)","Shri Shambhu Sharan Patel (2022-28) (2022-2028)","Elected MP","18Prabhakar Tati in Public Place). Block Pandarak , Panchayat Chaklathan, Village Naki Chak , District Patna.","13-Jul-2026","13-Aug-2026","85000","Sanction"
"367","Normal/Others","WS/MP001/2026-2027/294575-Installing hand pumps","Bihar","PATNA(DISTRICT PLANNING OFFICER PATNA_IDA)","Shri Shambhu Sharan Patel (2022-28) (2022-2028)","Elected MP","19Anuj Singh House  in Public Place). Block Pandarak , Panchayat Chaklathan,Village Sikandarpur, District Patna","13-Jul-2026","13-Aug-2026","85000","Sanction"
"368","Normal/Others","WS/MP001/2026-2027/294576-Installing hand pumps","Bihar","PATNA(DISTRICT PLANNING OFFICER PATNA_IDA)","Shri Shambhu Sharan Patel (2022-28) (2022-2028)","Elected MP","20Ravan Shap House  in Public Place). Block Pandarak , Panchayat Dabovh, Village Bhuapur , District Patna","13-Jul-2026","13-Aug-2026","85000","Sanction"
"369","Normal/Others","WS/MP001/2026-2027/294577-Installing hand pumps","Bihar","PATNA(DISTRICT PLANNING OFFICER PATNA_IDA)","Shri Shambhu Sharan Patel (2022-28) (2022-2028)","Elected MP","21Prem Chand Chauhan House in Public Place). Block Pandarak , Panchayat Dabovh, Village Bhuapur , District Patna","13-Jul-2026","13-Aug-2026","85000","Sanction"
"370","Normal/Others","WS/MP001/2026-2027/294578-Installing hand pumps","Bihar","PATNA(DISTRICT PLANNING OFFICER PATNA_IDA)","Shri Shambhu Sharan Patel (2022-28) (2022-2028)","Elected MP","22Rekhu Singh House in Public Place). Block Pandarak , Panchayat Kondi, Village Barepur , District Patna","13-Jul-2026","12-Aug-2026","85000","Sanction"
"371","Normal/Others","WS/MP001/2026-2027/294579-Installing hand pumps","Bihar","PATNA(DISTRICT PLANNING OFFICER PATNA_IDA)","Shri Shambhu Sharan Patel (2022-28) (2022-2028)","Elected MP","23Satrudhan Mahto House in Public Place). Block Pandarak , Panchayat  Darew Bhadaur , Village Dumariya , District Patna","13-Jul-2026","12-Aug-2026","85000","Sanction"
"372","Normal/Others","WS/MP001/2026-2027/294580-Installing hand pumps","Bihar","PATNA(DISTRICT PLANNING OFFICER PATNA_IDA)","Shri Shambhu Sharan Patel (2022-28) (2022-2028)","Elected MP","24Deelip Mahto in Public Place). Block Pandarak , Panchayat Darwe Bhadaur, Village Dumariya, District Patna","13-Jul-2026","12-Aug-2026","85000","Sanction"
"373","Normal/Others","WS/MP001/2026-2027/294581-Installing hand pumps","Bihar","PATNA(DISTRICT PLANNING OFFICER PATNA_IDA)","Shri Shambhu Sharan Patel (2022-28) (2022-2028)","Elected MP","25Dinesh Mahto in Public Place). Block Pandarak , Panchayat Darwe Bhadaur, Village Dumariya, District Patna","13-Jul-2026","12-Aug-2026","85000","Sanction"
"374","Normal/Others","WS/MP18300/2026-2027/297523-Installing hand pumps","Bihar","AURANGABAD(DISTRICT PLANNING OFFICER AURANGABAD_IDA)","Dr. Bhim Singh (2024-30) (2024-2030)","Elected MP","Installing a big hand pump (India Mark III)","21-Jul-2026","14-Aug-2026","85000","Sanction"
"375","Normal/Others","WS/MP001/2023-2024/33338-Providing drains and gutters for public drainage","Bihar","PURBI CHAMPARAN(DISTRICT PLANNING OFFICER MOTHIHARI EAST CHAMPARAN_IDA)","Shri Shambhu Sharan Patel (2022-28) (2022-2028)","Elected MP","Construction work of a Concrete Drain towards the canal from the house of Paras Thakur in Shrikhandi village of Bagahi Panchayat under Sugauli block of East Champaran district (Estimated Amount up to  Seven lakhs).","06-Oct-2023","31-Jan-2024","696091","Physical Inspection"
"376","Normal/Others","WS/MP052/2023-2024/60513-Providing drains and gutters for public drainage","Bihar","PASHCHIM CHAMPARAN(DISTRICT PLANNING OFFICER WEST CHAMPARANBETTIAH_IDA)","Shri Satish Chandra Dubey (2022-28) (2022-2028)","Elected MP","Construction work of drain from Shri Madan Prasad ji's house to the main road in front of Shri Kailash Yadav ji in Ward No. 28 Banuchhapar of Municipal Corporation Bettiah. Estimated amount rs. 900000.","12-Dec-2023","15-Mar-2024","892859","Physical Inspection"
"377","Normal/Others","WS/MP052/2024-2025/93007-Providing drains and gutters for public drainage","Bihar","PASHCHIM CHAMPARAN(DISTRICT PLANNING OFFICER WEST CHAMPARANBETTIAH_IDA)","Shri Satish Chandra Dubey (2022-28) (2022-2028)","Elected MP","Construction of drain from Santosh Mishra's house to Abdul Khair's house in village Maghiya of village Panchayat Parsauni of block Sikta. Estimated Amount Rs. 300000","01-Feb-2024","10-Jun-2024","298650","Physical Inspection"
"378","Normal/Others","WS/MP052/2025-2026/150768-Providing drains and gutters for public drainage","Bihar","PASHCHIM CHAMPARAN(DISTRICT PLANNING OFFICER WEST CHAMPARANBETTIAH_IDA)","Shri Satish Chandra Dubey (2022-28) (2022-2028)","Elected MP","Construction of Drain work from Shri Ramji mishra's bamboo to pool near main road in village purainiya, village council - purainiya harsari, ward no. - 09, Block - narkatiyaganj , west champaran bihar. Estimated cost - 600000.","05-Nov-2024","25-Apr-2025","586528","Physical Inspection"
"379","Normal/Others","WS/MP18341/2025-2026/217019-Providing drains and gutters for public drainage","Bihar","MADHUBANI(DISTRICT PLANNING OFFICER MADHUBANI_IDA)","Shri Sanjay Kumar Jha (2024-30) (2024-2030)","Elected MP","Construction of about 400 feet drain on government land beside to the cemetry of ward no.-03 in vill-Sangram of panchayat Sangram under Jhanjharpur block.","10-Jul-2025","04-Oct-2025","999400","Work Completed"
"380","Normal/Others","WS/MP052/2025-2026/234342-Providing drains and gutters for public drainage","Bihar","PASHCHIM CHAMPARAN(DISTRICT PLANNING OFFICER WEST CHAMPARANBETTIAH_IDA)","Shri Satish Chandra Dubey (2022-28) (2022-2028)","Elected MP","Construction of Drainage System","15-Sep-2025","06-Oct-2025","399763","Physical Inspection"
"381","Normal/Others","WS/MP052/2025-2026/234344-Providing drains and gutters for public drainage","Bihar","PASHCHIM CHAMPARAN(DISTRICT PLANNING OFFICER WEST CHAMPARANBETTIAH_IDA)","Shri Satish Chandra Dubey (2022-28) (2022-2028)","Elected MP","Construction of R.C.C. Drainage work","15-Sep-2025","26-Sep-2025","298276","Physical Inspection"
"382","Normal/Others","WS/MP052/2026-2027/266320-Providing drains and gutters for public drainage","Bihar","PASHCHIM CHAMPARAN(DISTRICT PLANNING OFFICER WEST CHAMPARANBETTIAH_IDA)","Shri Satish Chandra Dubey (2022-28) (2022-2028)","Elected MP","Construction of Drainage in vill-Baswariya, ward no. - 12, Bagaha-1","05-Feb-2026","18-May-2026","1400000","Sanction"
"383","Normal/Others","WS/MP052/2023-2024/15959-Construction of public toilets and bathrooms","Bihar","PURBI CHAMPARAN(DISTRICT PLANNING OFFICER MOTHIHARI EAST CHAMPARAN_IDA)","Shri Satish Chandra Dubey (2022-28) (2022-2028)","Elected MP","Construction work of deluxe toilet in the premises of Rashma Devi High School of Block Ramgarhwa. Estimated amount Rs.1450400.","04-Sep-2023","29-Sep-2023","1447498","Physical Inspection"
"384","Normal/Others","WS/MP052/2024-2025/93013-Construction of public toilets and bathrooms","Bihar","PASHCHIM CHAMPARAN(DISTRICT PLANNING OFFICER WEST CHAMPARANBETTIAH_IDA)","Shri Satish Chandra Dubey (2022-28) (2022-2028)","Elected MP","Construction of toilet on public land near Bairagi place in village Bairagi of village Bairagi Sonvarsha of Block Bagaha 2. Estimated Amount Rs.- 352000","01-Feb-2024","15-Oct-2024","341392","Physical Inspection"
"385","Normal/Others","WS/MP052/2025-2026/187957-Construction of public toilets and bathrooms","Bihar","PURBI CHAMPARAN(DISTRICT PLANNING OFFICER MOTHIHARI EAST CHAMPARAN_IDA)","Shri Satish Chandra Dubey (2022-28) (2022-2028)","Elected MP","Construction of Bathroom","30-Mar-2025","28-May-2025","992296","Physical Inspection"
"386","Normal/Others","WS/MP052/2025-2026/235152-Construction of public toilets and bathrooms","Bihar","PURBI CHAMPARAN(DISTRICT PLANNING OFFICER MOTHIHARI EAST CHAMPARAN_IDA)","Shri Satish Chandra Dubey (2022-28) (2022-2028)","Elected MP","Construction of Toilet and Bathroom","18-Sep-2025","27-Sep-2025","798684","Physical Inspection"
"387","Normal/Others","WS/MP052/2025-2026/208264-Construction of public irrigation facilities","Bihar","PASHCHIM CHAMPARAN(DISTRICT PLANNING OFFICER WEST CHAMPARANBETTIAH_IDA)","Shri Satish Chandra Dubey (2022-28) (2022-2028)","Elected MP","construction of Culvert","12-Jun-2025","04-Jul-2025","1372000","Work partially Completed"
"388","Normal/Others","WS/MP052/2025-2026/208266-Construction of public irrigation facilities","Bihar","PASHCHIM CHAMPARAN(DISTRICT PLANNING OFFICER WEST CHAMPARANBETTIAH_IDA)","Shri Satish Chandra Dubey (2022-28) (2022-2028)","Elected MP","Construction Of Culvert","12-Jun-2025","14-Jul-2025","1372000","Physical Inspection"
"389","Normal/Others","WS/MP044/2026-2027/276631-Construction of flood control embankments/ protection walls along riverbanks, hilltops, roadsides","Bihar","PURBI CHAMPARAN(DISTRICT PLANNING OFFICER MOTHIHARI EAST CHAMPARAN_IDA)","Shri Akhilesh Prasad Singh (2024-30) (2024-2030)","Elected MP","Construction of step ghat at Belwa Pokhara","30-Mar-2026","10-Apr-2026","1495000","Physical Inspection"
"390","Normal/Others","WS/MP001/2024-2025/33365-Construction of building for veterinary aid centers","Bihar","SITAMARHI(DISTRICT PLANNING OFFICER SITAMARHI_IDA)","Shri Shambhu Sharan Patel (2022-28) (2022-2028)","Elected MP","1	Construction Work of Community Building in Chupal Bhawan, Village Kamaldah (ward no-10), Block Bathnaha  of Sitamarhi district. .  (Estimated Amount 15,00,000/-(Fifteen Lakhs Only)","06-Oct-2023","18-Sep-2024","1461246","Physical Inspection"
"391","Normal/Others","WS/MP001/2023-2024/1215-Construction of roads, link roads, pathways or any other road with or without drainage system","Bihar","PATNA(DISTRICT PLANNING OFFICER PATNA_IDA)","Shri Shambhu Sharan Patel (2022-28) (2022-2028)","Elected MP","P.C.C ??? ?? ???????","14-Jun-2023","12-Aug-2023","1484933","Work Completed"
"392","Normal/Others","WS/MP001/2023-2024/1216-Construction of roads, link roads, pathways or any other road with or without drainage system","Bihar","PATNA(DISTRICT PLANNING OFFICER PATNA_IDA)","Shri Shambhu Sharan Patel (2022-28) (2022-2028)","Elected MP","P.C.C ??? ?? ???????","14-Jun-2023","12-Aug-2023","1486089","Work Completed"
"393","Normal/Others","WS/MP001/2023-2024/1217-Construction of roads, link roads, pathways or any other road with or without drainage system","Bihar","PATNA(DISTRICT PLANNING OFFICER PATNA_IDA)","Shri Shambhu Sharan Patel (2022-28) (2022-2028)","Elected MP","P.C.C ??? ?? ???????","14-Jun-2023","12-Aug-2023","1484550","Work Completed"
"394","Normal/Others","WS/MP001/2023-2024/1218-Construction of roads, link roads, pathways or any other road with or without drainage system","Bihar","PATNA(DISTRICT PLANNING OFFICER PATNA_IDA)","Shri Shambhu Sharan Patel (2022-28) (2022-2028)","Elected MP","P.C.C ??? ?? ???????","14-Jun-2023","12-Aug-2023","1484940","Physical Inspection"
"395","Normal/Others","WS/MP001/2023-2024/1411-Construction of roads, link roads, pathways or any other road with or without drainage system","Bihar","PATNA(DISTRICT PLANNING OFFICER PATNA_IDA)","Shri Shambhu Sharan Patel (2022-28) (2022-2028)","Elected MP","???? ????? ??? ?? ???????  ???? ??? ???? ????? ??? ???? ??? ????? ????? ?? ?? ?? ??. ???  ??? ???? ?? ?? ?? ?? ???? ???? ???? ??? ??? ???? ???? ??? ??? ??? ?? ???????","21-Jun-2023","15-Sep-2023","1484100","Physical Inspection"
"396","Normal/Others","WS/MP001/2023-2024/1487-Construction of roads, link roads, pathways or any other road with or without drainage system","Bihar","PATNA(DISTRICT PLANNING OFFICER PATNA_IDA)","Shri Shambhu Sharan Patel (2022-28) (2022-2028)","Elected MP","?????? ???? ????, ??? ?????? ??? ??0??0??0 ??? ?? ??????? ????? ?","23-Jun-2023","26-Oct-2023","1385546","Physical Inspection"
"397","Normal/Others","WS/MP001/2023-2024/1488-Construction of roads, link roads, pathways or any other road with or without drainage system","Bihar","PATNA(DISTRICT PLANNING OFFICER PATNA_IDA)","Shri Shambhu Sharan Patel (2022-28) (2022-2028)","Elected MP","??0??0??0 ??? ?? ??????? ?????","23-Jun-2023","26-Oct-2023","1486150","Physical Inspection"
"398","Normal/Others","WS/MP001/2023-2024/1489-Construction of roads, link roads, pathways or any other road with or without drainage system","Bihar","PATNA(DISTRICT PLANNING OFFICER PATNA_IDA)","Shri Shambhu Sharan Patel (2022-28) (2022-2028)","Elected MP","??0??0??0 ??? ?? ???????","23-Jun-2023","26-Oct-2023","1198135","Physical Inspection"
"399","Normal/Others","WS/MP001/2023-2024/1490-Construction of roads, link roads, pathways or any other road with or without drainage system","Bihar","PATNA(DISTRICT PLANNING OFFICER PATNA_IDA)","Shri Shambhu Sharan Patel (2022-28) (2022-2028)","Elected MP","??0??0??0 ??? ?? ??????? ?????","23-Jun-2023","26-Oct-2023","897400","Physical Inspection"
"400","Normal/Others","WS/MP001/2023-2024/1493-Construction of roads, link roads, pathways or any other road with or without drainage system","Bihar","PATNA(DISTRICT PLANNING OFFICER PATNA_IDA)","Shri Shambhu Sharan Patel (2022-28) (2022-2028)","Elected MP","??0??0??0 ??? ??????? ?????","23-Jun-2023","05-Sep-2023","1484800","Physical Inspection"
"401","Normal/Others","WS/MP001/2023-2024/1494-Construction of roads, link roads, pathways or any other road with or without drainage system","Bihar","PATNA(DISTRICT PLANNING OFFICER PATNA_IDA)","Shri Shambhu Sharan Patel (2022-28) (2022-2028)","Elected MP","??? ??????? ?????","23-Jun-2023","12-Aug-2023","989898","Physical Inspection"
"402","Normal/Others","WS/MP001/2023-2024/1495-Construction of roads, link roads, pathways or any other road with or without drainage system","Bihar","PATNA(DISTRICT PLANNING OFFICER PATNA_IDA)","Shri Shambhu Sharan Patel (2022-28) (2022-2028)","Elected MP","??? ??????? ?????","23-Jun-2023","12-Aug-2023","989710","Physical Inspection"
"403","Normal/Others","WS/MP001/2023-2024/12725-Construction of roads, link roads, pathways or any other road with or without drainage system","Bihar","SHEIKHPURA(DISTRICT PLANNING OFFICER SHEIKHPURA_IDA)","Shri Shambhu Sharan Patel (2022-28) (2022-2028)","Elected MP","??????? ???? ??  ?????? ????? ??? ??????? ???? ?????? ?? ???? ????? ??? ????? ???? ?? ??? (??????) ?? ?????? ?????? ?? ?? ?? ???? ?? ??? ??? ??? ??? ???? ?? ????? 10,00,000 (?? ??? ????? ?? )","24-Aug-2023","06-Oct-2023","999553","Physical Inspection"
"404","Normal/Others","WS/MP001/2023-2024/12726-Construction of roads, link roads, pathways or any other road with or without drainage system","Bihar","SHEIKHPURA(DISTRICT PLANNING OFFICER SHEIKHPURA_IDA)","Shri Shambhu Sharan Patel (2022-28) (2022-2028)","Elected MP","??????? ???? ?? ?????? ????? ??? ??????? ???? ?????? ?? ????? ??? ?????? ??? ??????  ?? ???? ??????? ??????  ?? ???? ??? ???? ?????? ?? ?? ??  ??? ??? ??? ??? ???? ?? ????? 8,00,000(??  ??? ?? )","24-Aug-2023","06-Oct-2023","799941","Physical Inspection"
"405","Normal/Others","WS/MP001/2023-2024/12727-Construction of roads, link roads, pathways or any other road with or without drainage system","Bihar","SHEIKHPURA(DISTRICT PLANNING OFFICER SHEIKHPURA_IDA)","Shri Shambhu Sharan Patel (2022-28) (2022-2028)","Elected MP","??????? ???? ?? ?????? ????? ??? ??????? ???? ?????? ?? ????? ???????  ??? ????? ?????? ?? ????? ?? ?????? ????? ?? ??? ?? ??? ??? ??? ??? ???? ?? ????? 6,00,000 (?? ??? ?? )","24-Aug-2023","06-Oct-2023","599962","Physical Inspection"
"406","Normal/Others","WS/MP001/2023-2024/12794-Construction of roads, link roads, pathways or any other road with or without drainage system","Bihar","PATNA(DISTRICT PLANNING OFFICER PATNA_IDA)","Shri Shambhu Sharan Patel (2022-28) (2022-2028)","Elected MP","??? ????? ??? ??????? ??????? ???????? ????? ?? ????????? ?????? ?? ????? ????? ??? ????? ??????  ??  ???? ?????? ?? ???? ??  ??? ??? ??? ??? ??????? ????? | ???? - 15,00,000 (??????  ??? ?????  )","24-Aug-2023","12-Sep-2023","1484400","Physical Inspection"
"407","Normal/Others","WS/MP001/2023-2024/12795-Construction of roads, link roads, pathways or any other road with or without drainage system","Bihar","PATNA(DISTRICT PLANNING OFFICER PATNA_IDA)","Shri Shambhu Sharan Patel (2022-28) (2022-2028)","Elected MP","??? ????? ??? ??????? ??????? ???????? ????? ?? ????????? ?????? ?? ????? ????? ??? ?????? ??? ?? ???? ?? ???? ???  ?? ???? ??  ??? ??? ??? ??? ??????? ????? | ???? - 15,00,000 (??????  ??? ????? )","24-Aug-2023","12-Sep-2023","1484894","Physical Inspection"
"408","Normal/Others","WS/MP001/2023-2024/12796-Construction of roads, link roads, pathways or any other road with or without drainage system","Bihar","PATNA(DISTRICT PLANNING OFFICER PATNA_IDA)","Shri Shambhu Sharan Patel (2022-28) (2022-2028)","Elected MP","??? ????? ??? ??????? ??????? ???????? ????? ?? ?????? ?????? ?? ???? ????? ??? ??????? ??? ?? ??????? ?? ?? ????? ??  ??? ??? ??? ??? ??????? ????? | ???? - 15,00,000 (??????  ??? ????? )","24-Aug-2023","12-Sep-2023","1484974","Physical Inspection"
"409","Normal/Others","WS/MP001/2023-2024/12797-Construction of roads, link roads, pathways or any other road with or without drainage system","Bihar","PATNA(DISTRICT PLANNING OFFICER PATNA_IDA)","Shri Shambhu Sharan Patel (2022-28) (2022-2028)","Elected MP","??? ????? ??? ??????? ??????? ???????? ????? ?? ?????? ?????? ?? ???? ????? ??? ???? ?? ?? ???? ?? ?????  ??  ?? ???? ???? ?? ??? ??? ??? ??? ??? ??????? ????? | ???? - 15,00,000 (??????  ??? ????? )","24-Aug-2023","12-Sep-2023","1484900","Physical Inspection"
"410","Normal/Others","WS/MP001/2023-2024/14253-Construction of roads, link roads, pathways or any other road with or without drainage system","Bihar","PURBI CHAMPARAN(DISTRICT PLANNING OFFICER MOTHIHARI EAST CHAMPARAN_IDA)","Shri Shambhu Sharan Patel (2022-28) (2022-2028)","Elected MP","Construction Work of  P.C.C Road From Reo Road to Bhola Patel Gowas(Bathani) in village Nayak Tola of Harpur Panchayat of Adapur Block,Raxual Assembly of East Champaran District (Estimated Amount 15 Lakhs)","29-Aug-2023","07-Oct-2023","1484150","Physical Inspection"
"411","Normal/Others","WS/MP052/2023-2024/14791-Construction of roads, link roads, pathways or any other road with or without drainage system","Bihar","PASHCHIM CHAMPARAN(DISTRICT PLANNING OFFICER WEST CHAMPARANBETTIAH_IDA)","Shri Satish Chandra Dubey (2022-28) (2022-2028)","Elected MP","?????? ?????????? ?? ????? ?????? ??? ??????? ?? ????? ?????? ????? ?????? 01 ??? ???? ??? ????? ????? ?? ???? ????? ?????? ?? ?? ???? ???? ?? ??? ?????? ??? ??????? ????? ????????? ???? 1199700? ??? ???? ???? ????? ?????? ???? ????","01-Sep-2023","15-Sep-2023","1181541","Physical Inspection"
"412","Normal/Others","WS/MP052/2023-2024/15242-Construction of roads, link roads, pathways or any other road with or without drainage system","Bihar","PASHCHIM CHAMPARAN(DISTRICT PLANNING OFFICER WEST CHAMPARANBETTIAH_IDA)","Shri Satish Chandra Dubey (2022-28) (2022-2028)","Elected MP","P.C.C. Road construction work on the road from Mangar Musahar's house in village Zabka Tempu Tola Musahar Basti of Gram Panchayat Raj Saphi of Block Ramnagar to Madhubani Harijan Basti via the fields of Shri Suresh Dealer.","02-Sep-2023","13-Mar-2024","685383","Physical Inspection"
"413","Normal/Others","WS/MP052/2024-2025/15901-Construction of roads, link roads, pathways or any other road with or without drainage system","Bihar","PASHCHIM CHAMPARAN(DISTRICT PLANNING OFFICER WEST CHAMPARANBETTIAH_IDA)","Shri Satish Chandra Dubey (2022-28) (2022-2028)","Elected MP","PCC road construction work in the path leading from Champaran embankment to Munna Yadav's house in village Chandrapur Reta ward number 02 of Gram Panchayat Raj Chandrapur Ratwal of Block Bagaha 01 of District West Champaran. Estimated amount 10 lacs.","04-Sep-2023","10-Jun-2024","997210","Physical Inspection"
"414","Normal/Others","WS/MP052/2024-2025/15907-Construction of roads, link roads, pathways or any other road with or without drainage system","Bihar","PASHCHIM CHAMPARAN(DISTRICT PLANNING OFFICER WEST CHAMPARANBETTIAH_IDA)","Shri Satish Chandra Dubey (2022-28) (2022-2028)","Elected MP","Road construction work in the path leading from Mudrika Yadav's house to Shri Raghunath Sharma's house in Bagaha Municipal Council Ward No. 21 of Block. Bagaha 01.","04-Sep-2023","10-Jun-2024","598629","Physical Inspection"
"415","Normal/Others","WS/MP052/2023-2024/15925-Construction of roads, link roads, pathways or any other road with or without drainage system","Bihar","PURBI CHAMPARAN(DISTRICT PLANNING OFFICER MOTHIHARI EAST CHAMPARAN_IDA)","Shri Satish Chandra Dubey (2022-28) (2022-2028)","Elected MP","PCC road construction work in the road leading from village Ahirwalia main road of Panchayat Ahirwalia of district East Champaran towards Bandhua Barwa West tola. Estimated amount Rs. 749400.","04-Sep-2023","29-Sep-2023","741536","Physical Inspection"
"416","Normal/Others","WS/MP052/2023-2024/15929-Construction of roads, link roads, pathways or any other road with or without drainage system","Bihar","PURBI CHAMPARAN(DISTRICT PLANNING OFFICER MOTHIHARI EAST CHAMPARAN_IDA)","Shri Satish Chandra Dubey (2022-28) (2022-2028)","Elected MP","PCC road construction work in the road leading from village Sihorwa of Panchayat Sihorwa of district East Champaran towards Bela Road. Estimated amount Rs. 749400.","04-Sep-2023","29-Sep-2023","741672","Physical Inspection"
"417","Normal/Others","WS/MP052/2023-2024/15989-Construction of roads, link roads, pathways or any other road with or without drainage system","Bihar","PURBI CHAMPARAN(DISTRICT PLANNING OFFICER MOTHIHARI EAST CHAMPARAN_IDA)","Shri Satish Chandra Dubey (2022-28) (2022-2028)","Elected MP","PCC road construction work in the path leading to Mr. Kanhaiya Sah's house from the canal bridge in Rambagh locality of Panchayat Bhelwa of Block Chowadanan, passing through Mr. Yogendra Thakur's house. Estimated amount Rs. 1499900/-","04-Sep-2023","03-Nov-2023","1496003","Physical Inspection"
"418","Normal/Others","WS/MP052/2023-2024/16012-Construction of roads, link roads, pathways or any other road with or without drainage system","Bihar","PURBI CHAMPARAN(DISTRICT PLANNING OFFICER MOTHIHARI EAST CHAMPARAN_IDA)","Shri Satish Chandra Dubey (2022-28) (2022-2028)","Elected MP","PCC road construction work on the path going from Akhtar Hussain's farm to Virendra Mishra's farm via GK Memorial on the road going from Village Panchayat Raj Bhargawa of Block Sugauli to N.H. Estimated amount Rs.1499600/-","04-Sep-2023","29-Sep-2023","1483696","Physical Inspection"
"419","Normal/Others","WS/MP052/2023-2024/16014-Construction of roads, link roads, pathways or any other road with or without drainage system","Bihar","PURBI CHAMPARAN(DISTRICT PLANNING OFFICER MOTHIHARI EAST CHAMPARAN_IDA)","Shri Satish Chandra Dubey (2022-28) (2022-2028)","Elected MP","PCC road construction work in the path leading from R. W. D. Road to G. K. Memorial School, near Bhargawa Canal of Panchayat Bhargawa, Block Sugauli. Estimated amount Rs. 1499800/-","04-Sep-2023","29-Sep-2023","1483991","Physical Inspection"
"420","Normal/Others","WS/MP052/2023-2024/16017-Construction of roads, link roads, pathways or any other road with or without drainage system","Bihar","PURBI CHAMPARAN(DISTRICT PLANNING OFFICER MOTHIHARI EAST CHAMPARAN_IDA)","Shri Satish Chandra Dubey (2022-28) (2022-2028)","Elected MP","PCC road construction work on the road leading from R. W. D. Road to the house of Shri Bindeshwari Singh in village Chikanota of Panchayat Chapra Bahas of Block Sugauli. Estimated amount Rs. 1499300/-","04-Sep-2023","29-Sep-2023","1483816","Physical Inspection"
"421","Normal/Others","WS/MP052/2023-2024/16045-Construction of roads, link roads, pathways or any other road with or without drainage system","Bihar","PASHCHIM CHAMPARAN(DISTRICT PLANNING OFFICER WEST CHAMPARANBETTIAH_IDA)","Shri Satish Chandra Dubey (2022-28) (2022-2028)","Elected MP","PCC road construction work in the path leading from Ram Badhai Yadav's house to Dheba Yadav's house in Gram Panchayat Raj Bankat Puraina Ahir Toli Ward No. 4 of Block Chanpatia. Estimated Amount Rs. 1499000/-","04-Sep-2023","19-Sep-2023","1487135","Physical Inspection"
"422","Normal/Others","WS/MP052/2023-2024/16052-Construction of roads, link roads, pathways or any other road with or without drainage system","Bihar","PASHCHIM CHAMPARAN(DISTRICT PLANNING OFFICER WEST CHAMPARANBETTIAH_IDA)","Shri Satish Chandra Dubey (2022-28) (2022-2028)","Elected MP","PCC road construction work in the path leading from village Mestar Toli ward number 03 to ward number 05 towards Panchayat building of Gram Panchayat Raj Bankat Puraina of block Chanpatia. Estimated Amount Rs. 1497000.","04-Sep-2023","19-Sep-2023","1483564","Physical Inspection"
"423","Normal/Others","WS/MP052/2023-2024/16058-Construction of roads, link roads, pathways or any other road with or without drainage system","Bihar","PASHCHIM CHAMPARAN(DISTRICT PLANNING OFFICER WEST CHAMPARANBETTIAH_IDA)","Shri Satish Chandra Dubey (2022-28) (2022-2028)","Elected MP","PCC road construction work on the path from Rambalak Yadav's house to primary school Tikulia in ward number 13 of Nagar Panchayat Chanpatia. Estimated Amount Rs. 1499999.","04-Sep-2023","19-Sep-2023","1491583","Physical Inspection"
"424","Normal/Others","WS/MP052/2023-2024/16060-Construction of roads, link roads, pathways or any other road with or without drainage system","Bihar","PASHCHIM CHAMPARAN(DISTRICT PLANNING OFFICER WEST CHAMPARANBETTIAH_IDA)","Shri Satish Chandra Dubey (2022-28) (2022-2028)","Elected MP","PCC road construction work in the path leading from Mukhtar Mia's house to Bhupnarayan's house in Ward No. 02 of village Bairiya of Panchayat Gram Raj Bhasurari of Narkatiaganj. Estimated amount Rs. 999700/- Only.","04-Sep-2023","15-Sep-2023","990847","Physical Inspection"
"425","Normal/Others","WS/MP052/2023-2024/18582-Construction of roads, link roads, pathways or any other road with or without drainage system","Bihar","PASHCHIM CHAMPARAN(DISTRICT PLANNING OFFICER WEST CHAMPARANBETTIAH_IDA)","Shri Satish Chandra Dubey (2022-28) (2022-2028)","Elected MP","PCC road construction work in the path going from the hut of Shri Bawan Dash to the barn of Shri Ravindra Sah in village Somgarh of village Panchayat Raj Somgarh of block Narkatiaganj. Established Amount Rs. 9 lacs","11-Sep-2023","12-Mar-2024","997095","Physical Inspection"
"426","Normal/Others","WS/MP052/2023-2024/18586-Construction of roads, link roads, pathways or any other road with or without drainage system","Bihar","PASHCHIM CHAMPARAN(DISTRICT PLANNING OFFICER WEST CHAMPARANBETTIAH_IDA)","Shri Satish Chandra Dubey (2022-28) (2022-2028)","Elected MP","PCC road construction work in the road connecting Siswa main road to Vijbaniya main road of Village Panchayat Raj Puraniya Harsari of Block Narkatiaganj.Estimated Rs. 9 lacs.","11-Sep-2023","31-Jan-2024","891123","Physical Inspection"
"427","Normal/Others","WS/MP052/2023-2024/18588-Construction of roads, link roads, pathways or any other road with or without drainage system","Bihar","PASHCHIM CHAMPARAN(DISTRICT PLANNING OFFICER WEST CHAMPARANBETTIAH_IDA)","Shri Satish Chandra Dubey (2022-28) (2022-2028)","Elected MP","PCC road construction work from Shri Ambika Thakur's house in Ward No. 25 of Pipra Diulia of Narkatiaganj Municipal Council Narkatiaganj via Shri Suraj Srivastava's house to P. W.D Road Narkatiaganj. Estimated Amount Rs. 10 lacs.","11-Sep-2023","23-Nov-2023","984916","Physical Inspection"
"428","Normal/Others","WS/MP001/2023-2024/19312-Construction of roads, link roads, pathways or any other road with or without drainage system","Bihar","SAMASTIPUR(DISTRICT PLANNING OFFICER SAMASTIPUR_IDA)","Shri Shambhu Sharan Patel (2022-28) (2022-2028)","Elected MP","Construction Work of PCC road in the road going from Vivek Vihar Private School to Vibhutinagar Road(Upto Musapur Chowk) in Chakpahar Village of Chakpahar Panchayat of  Morwa Assembly of Samastipur District(Estimated Cost 15 Lakhs)","12-Sep-2023","17-Oct-2023","1491746","Physical Inspection"
"429","Normal/Others","WS/MP001/2023-2024/19313-Construction of roads, link roads, pathways or any other road with or without drainage system","Bihar","SAMASTIPUR(DISTRICT PLANNING OFFICER SAMASTIPUR_IDA)","Shri Shambhu Sharan Patel (2022-28) (2022-2028)","Elected MP","Construction Work of PCC Road  from Anganwadi Center to Cremation Ground in Kamtaul in Ward No.2 of Chakpahar Village of Chakpahar Panchayat of Morwa Block of Morwa Assembly of Samastipur District (Estimated Cost 15 Lakhs)","12-Sep-2023","17-Oct-2023","1491175","Physical Inspection"
"430","Normal/Others","WS/MP052/2023-2024/19505-Construction of roads, link roads, pathways or any other road with or without drainage system","Bihar","PATNA(DISTRICT PLANNING OFFICER PATNA_IDA)","Shri Satish Chandra Dubey (2022-28) (2022-2028)","Elected MP","PCC road construction work in village Lachuchak of village Panchayat Raj Saksohra West of Block Belakshi, via Sadhu Baba's house on NH 30, till Banaras Mahato, Kamlesh Prasad's house, till Kuwa. Estimated Amount Rs. 1450000.","13-Sep-2023","25-Oct-2023","1435329","Physical Inspection"
"431","Normal/Others","WS/MP052/2023-2024/20465-Construction of roads, link roads, pathways or any other road with or without drainage system","Bihar","PASHCHIM CHAMPARAN(DISTRICT PLANNING OFFICER WEST CHAMPARANBETTIAH_IDA)","Shri Satish Chandra Dubey (2022-28) (2022-2028)","Elected MP","PCC road construction work in the path leading to the house of Shri Ajay Dubey from near Pakdi tree in the main road in Ward No. 12 of Village Harsari of Gram Panchayat Raj Puraniya Harsari of Block Narkatiaganj. Estimated Amount 10 lacs.","15-Sep-2023","01-Mar-2024","981168","Physical Inspection"
"432","Normal/Others","WS/MP052/2023-2024/20488-Construction of roads, link roads, pathways or any other road with or without drainage system","Bihar","PASHCHIM CHAMPARAN(DISTRICT PLANNING OFFICER WEST CHAMPARANBETTIAH_IDA)","Shri Satish Chandra Dubey (2022-28) (2022-2028)","Elected MP","PCC road construction work on the path leading from village Peedadi main road of Village Panchayat Raj Sithi of Block Gaunaha towards Hira Mukhiya's house via Anganwadi Centre. Estimated Amount 10 lacs.","15-Sep-2023","08-Nov-2023","998119","Physical Inspection"
"433","Normal/Others","WS/MP001/2023-2024/28834-Construction of roads, link roads, pathways or any other road with or without drainage system","Bihar","SITAMARHI(DISTRICT PLANNING OFFICER SITAMARHI_IDA)","Shri Shambhu Sharan Patel (2022-28) (2022-2028)","Elected MP","Construction work of pcc road from Budhwa pokhar to Dhunia tola main road in village shrirampur(ward no-7) of nagar utri panchyat of block parihar , distric-sitamarhi","29-Sep-2023","15-Feb-2024","1482172","Physical Inspection"
"434","Normal/Others","WS/MP001/2023-2024/33285-Construction of roads, link roads, pathways or any other road with or without drainage system","Bihar","PURBI CHAMPARAN(DISTRICT PLANNING OFFICER MOTHIHARI EAST CHAMPARAN_IDA)","Shri Shambhu Sharan Patel (2022-28) (2022-2028)","Elected MP","Construction Work of PCC road in the path going from Anil ji (Teacher) House towards Mahendra Shah ji House in Inarva Village of Shiv Nagar Panchayat of Ramgarhwa block of East Champaran district (Amount up to Ten Lakh).","06-Oct-2023","21-Dec-2023","989749","Physical Inspection"
"435","Normal/Others","WS/MP001/2023-2024/33300-Construction of roads, link roads, pathways or any other road with or without drainage system","Bihar","PURBI CHAMPARAN(DISTRICT PLANNING OFFICER MOTHIHARI EAST CHAMPARAN_IDA)","Shri Shambhu Sharan Patel (2022-28) (2022-2028)","Elected MP","Construction work of PCC road from the House of Santosh Pandey to the Land of Taponath Ojha in Ramgarhwa village of Ramgarhwa Panchayat of Ramgarhwa block of East Champaran district (Estimated Amount up to Ten Lakhs).","06-Oct-2023","28-Nov-2023","989529","Physical Inspection"
"436","Normal/Others","WS/MP001/2023-2024/33332-Construction of roads, link roads, pathways or any other road with or without drainage system","Bihar","PURBI CHAMPARAN(DISTRICT PLANNING OFFICER MOTHIHARI EAST CHAMPARAN_IDA)","Shri Shambhu Sharan Patel (2022-28) (2022-2028)","Elected MP","Construction work of PCC road from Ramgarhwa Reshma Devi Girls High School to the North in front of Rajendra Prasad under Ramgarhwa block of East Champaran district (Estimated Amount  up to Ten Lakh)","06-Oct-2023","29-Dec-2023","994307","Physical Inspection"
"437","Normal/Others","WS/MP001/2023-2024/37287-Construction of roads, link roads, pathways or any other road with or without drainage system","Bihar","PATNA(DISTRICT PLANNING OFFICER PATNA_IDA)","Shri Shambhu Sharan Patel (2022-28) (2022-2028)","Elected MP","Construction work of PCC road from Ratan Paswan house to Mithlesh Mahato house via Ambika Mahato house in Village Salalpur of Dhanwa Mubarakpur, Panchayat under Barh Assembly Constituency. (estimated amount up to Rs15 lakh).","16-Oct-2023","25-Oct-2023","1484500","Physical Inspection"
"438","Normal/Others","WS/MP001/2023-2024/37288-Construction of roads, link roads, pathways or any other road with or without drainage system","Bihar","PATNA(DISTRICT PLANNING OFFICER PATNA_IDA)","Shri Shambhu Sharan Patel (2022-28) (2022-2028)","Elected MP","Construction work of PCC road from Bathani of Nunnu Lal Mahato to Durga Temple via water tank in village Salalpur of Dhanwa Mubarakpur Panchauat unde Barh Assembly Constituency.                          (estimated amount up to Rs15 lakh).","16-Oct-2023","25-Oct-2023","1484810","Physical Inspection"
"439","Normal/Others","WS/MP053/2023-2024/43855-Construction of roads, link roads, pathways or any other road with or without drainage system","Bihar","MUNGER(DISTRICT PLANNING OFFICER MUNGER_IDA)","Shri Khiru Mahto (2022-28) (2022-2028)","Elected MP","CONSTRUCTION OF PCC ROAD FROM IMLI GAACH VIA RANJAN YADAV HOUSE TO FOUR LANE IN WARD 1 PATAM WEST, DHARHARA","02-Nov-2023","28-Dec-2023","490269","Physical Inspection"
"440","Normal/Others","WS/MP053/2023-2024/43856-Construction of roads, link roads, pathways or any other road with or without drainage system","Bihar","MUNGER(DISTRICT PLANNING OFFICER MUNGER_IDA)","Shri Khiru Mahto (2022-28) (2022-2028)","Elected MP","CONSTRUCTION OF PCC ROAD FROM GUHIYA POKHAR TO JOGI YADAV HOUSE KHAS PATAM IN PATAM EAST PANCHAYAT DHARAHARA","02-Nov-2023","19-Dec-2023","489671","Physical Inspection"
"441","Normal/Others","WS/MP053/2023-2024/43857-Construction of roads, link roads, pathways or any other road with or without drainage system","Bihar","MUNGER(DISTRICT PLANNING OFFICER MUNGER_IDA)","Shri Khiru Mahto (2022-28) (2022-2028)","Elected MP","CONSTRUCTION OF PCC ROAD FROM MD. ALAM HOUSE TO MURGI FARM VIA SHAMSHER HOUSE IN MUKARCHAK IN BAANK PANCHAYAT","02-Nov-2023","16-Feb-2024","489680","Physical Inspection"
"442","Normal/Others","WS/MP053/2023-2024/43858-Construction of roads, link roads, pathways or any other road with or without drainage system","Bihar","MUNGER(DISTRICT PLANNING OFFICER MUNGER_IDA)","Shri Khiru Mahto (2022-28) (2022-2028)","Elected MP","CONSTRUCTION OF PCC ROAD FROM RAJENDRA YADAV HOUSE TO NISHO YADAV IN ORA BAGICHA DHARAHARA","02-Nov-2023","07-Feb-2024","494293","Physical Inspection"
"443","Normal/Others","WS/MP053/2023-2024/43859-Construction of roads, link roads, pathways or any other road with or without drainage system","Bihar","MUNGER(DISTRICT PLANNING OFFICER MUNGER_IDA)","Shri Khiru Mahto (2022-28) (2022-2028)","Elected MP","CONSTRUCTION OF PCC ROAD FROM BIPIN MODI HOUSE TO PANKAJ MANDAL HOUSE VIA DEEPAK RAJAK HOUSE IN SOUTH OF DHARHARA BLOCK","02-Nov-2023","18-Dec-2023","396106","Physical Inspection"
"444","Normal/Others","WS/MP053/2023-2024/43869-Construction of roads, link roads, pathways or any other road with or without drainage system","Bihar","MUNGER(DISTRICT PLANNING OFFICER MUNGER_IDA)","Shri Khiru Mahto (2022-28) (2022-2028)","Elected MP","CONSTRUCTION OF PCC ROAD FROM JAGDISH SAH HOUSE NEAR RATAN SAW TO MANOHAR TANTI HOUSE IN WARD 4 DHARHARA DAKCHIN PANCHAYAT","02-Nov-2023","18-Dec-2023","396071","Physical Inspection"
"445","Normal/Others","WS/MP053/2023-2024/43870-Construction of roads, link roads, pathways or any other road with or without drainage system","Bihar","MUNGER(DISTRICT PLANNING OFFICER MUNGER_IDA)","Shri Khiru Mahto (2022-28) (2022-2028)","Elected MP","CONSTRUCTION OF PCC ROAD IN VILLAGE SABAIYA ST TOLA IN BANGALWA PANCHAYAT FROM RAJESH MARANDI HOUSE TO SUBODH MARANDI HOUSE","02-Nov-2023","18-Dec-2023","395662","Physical Inspection"
"446","Normal/Others","WS/MP053/2023-2024/43871-Construction of roads, link roads, pathways or any other road with or without drainage system","Bihar","MUNGER(DISTRICT PLANNING OFFICER MUNGER_IDA)","Shri Khiru Mahto (2022-28) (2022-2028)","Elected MP","CONSTRUCTION OF PCC ROAD WITH NALA FROM ORTHO ROAD VIA PRAMOD YADAV HOUSE TO DAHI YADAV HOUSE IN MANGARH MAHARNNA PANCHAYAT","02-Nov-2023","18-Dec-2023","395118","Physical Inspection"
"447","Normal/Others","WS/MP053/2023-2024/43872-Construction of roads, link roads, pathways or any other road with or without drainage system","Bihar","MUNGER(DISTRICT PLANNING OFFICER MUNGER_IDA)","Shri Khiru Mahto (2022-28) (2022-2028)","Elected MP","CONSTRUCTION OF PCC ROAD FROM MD. KASIM HOUSE TO MD. FIROJ HOUSE IN WARD 19 CHURAMBBA","02-Nov-2023","03-Feb-2024","398981","Physical Inspection"
"448","Normal/Others","WS/MP053/2023-2024/43873-Construction of roads, link roads, pathways or any other road with or without drainage system","Bihar","MUNGER(DISTRICT PLANNING OFFICER MUNGER_IDA)","Shri Khiru Mahto (2022-28) (2022-2028)","Elected MP","CONSTRUCTION OF PCC ROAD FROM SAGAR JEE HOUSE TO AFTAB ALAM HOUSE AND CONSTRUCTION OF PIYAU NEAR KAHAR TOLI ASTHAN IN WARD 25","02-Nov-2023","18-Dec-2023","392528","Physical Inspection"
"449","Normal/Others","WS/MP053/2023-2024/43874-Construction of roads, link roads, pathways or any other road with or without drainage system","Bihar","MUNGER(DISTRICT PLANNING OFFICER MUNGER_IDA)","Shri Khiru Mahto (2022-28) (2022-2028)","Elected MP","CONSTRUCTION OF PCC ROAD FROM SANJAY KUMAR HOUSE TO MANISH KUMAR HOUSE IN WARD 45","02-Nov-2023","19-Dec-2023","396663","Physical Inspection"
"450","Normal/Others","WS/MP053/2023-2024/43875-Construction of roads, link roads, pathways or any other road with or without drainage system","Bihar","MUNGER(DISTRICT PLANNING OFFICER MUNGER_IDA)","Shri Khiru Mahto (2022-28) (2022-2028)","Elected MP","CONSTRUCTION OF PCC ROAD FROM ADVOCATE VISHWNATH SINGH HOUSE TO FR MALLIK HOUSE VIA KABRISTAN IN WARD 30","02-Nov-2023","19-Dec-2023","397482","Physical Inspection"
"451","Normal/Others","WS/MP053/2023-2024/43876-Construction of roads, link roads, pathways or any other road with or without drainage system","Bihar","MUNGER(DISTRICT PLANNING OFFICER MUNGER_IDA)","Shri Khiru Mahto (2022-28) (2022-2028)","Elected MP","CONSTRUCTION OF PCC ROAD FROM BHARI MIRJAPUR MASJID TO MD. HAFIJ HOUSE IN WARD 36","02-Nov-2023","06-Jan-2024","397224","Physical Inspection"
"452","Normal/Others","WS/MP053/2023-2024/43877-Construction of roads, link roads, pathways or any other road with or without drainage system","Bihar","MUNGER(DISTRICT PLANNING OFFICER MUNGER_IDA)","Shri Khiru Mahto (2022-28) (2022-2028)","Elected MP","CONSTRUCTION OF PCC ROAD IN WARD 7 FROM MUNNA YADAV HOUSE TO SURESH YADAV HOUSE","02-Nov-2023","18-Dec-2023","398663","Physical Inspection"
"453","Normal/Others","WS/MP053/2023-2024/43878-Construction of roads, link roads, pathways or any other road with or without drainage system","Bihar","MUNGER(DISTRICT PLANNING OFFICER MUNGER_IDA)","Shri Khiru Mahto (2022-28) (2022-2028)","Elected MP","CONSTRUCTION OF PCC ROAD WITH NALA IN WARD 37 FROM BAM POLICE ROAD IN BARI MIRJAPUR TO SUMAN YADAV HOUSE","02-Nov-2023","19-Dec-2023","393594","Physical Inspection"
"454","Normal/Others","WS/MP053/2023-2024/43889-Construction of roads, link roads, pathways or any other road with or without drainage system","Bihar","MUNGER(DISTRICT PLANNING OFFICER MUNGER_IDA)","Shri Khiru Mahto (2022-28) (2022-2028)","Elected MP","CONSTRUCTION OF PCC ROAD FROM LAL DARWAJA DURGA ASTHAN JAI RAM YADAV TO BIRJU YADAV IN WARD NO. 2","02-Nov-2023","28-Dec-2023","151469","Physical Inspection"
"455","Normal/Others","WS/MP053/2023-2024/43891-Construction of roads, link roads, pathways or any other road with or without drainage system","Bihar","MUNGER(DISTRICT PLANNING OFFICER MUNGER_IDA)","Shri Khiru Mahto (2022-28) (2022-2028)","Elected MP","CONSTRUCTION OF PCC ROAD FROM SANJEEV KUMAR SAHA HOUSE TO MAIN ROAD AKHARA GALI IN CHANDAN BAG WARD 39","02-Nov-2023","03-Feb-2024","397246","Physical Inspection"
"456","Normal/Others","WS/MP053/2023-2024/43892-Construction of roads, link roads, pathways or any other road with or without drainage system","Bihar","MUNGER(DISTRICT PLANNING OFFICER MUNGER_IDA)","Shri Khiru Mahto (2022-28) (2022-2028)","Elected MP","CONSTRUCTION OF PCC ROAD FROM SAKET KUMAR HOUSE CHANDAN KUMAR HOUSE IN WARD 45","02-Nov-2023","03-Feb-2024","392375","Physical Inspection"
"457","Normal/Others","WS/MP053/2023-2024/43893-Construction of roads, link roads, pathways or any other road with or without drainage system","Bihar","MUNGER(DISTRICT PLANNING OFFICER MUNGER_IDA)","Shri Khiru Mahto (2022-28) (2022-2028)","Elected MP","CONSTRUCTION OF PCC ROAD FROM HERU DIARA BANDH TO JAHURI YADAV HOUSE IN WARD 43","02-Nov-2023","18-Jan-2024","400000","Sanction"
"458","Normal/Others","WS/MP053/2023-2024/43894-Construction of roads, link roads, pathways or any other road with or without drainage system","Bihar","MUNGER(DISTRICT PLANNING OFFICER MUNGER_IDA)","Shri Khiru Mahto (2022-28) (2022-2028)","Elected MP","CONSTRUCTION OF PCC ROAD FROM MAIN ROAD TO ASARFI JHA HOUSE IN WARD 30","02-Nov-2023","18-Dec-2023","398714","Physical Inspection"
"459","Normal/Others","WS/MP053/2023-2024/43900-Construction of roads, link roads, pathways or any other road with or without drainage system","Bihar","MUNGER(DISTRICT PLANNING OFFICER MUNGER_IDA)","Shri Khiru Mahto (2022-28) (2022-2028)","Elected MP","CONSTRUCTION OF PCC ROAD FROM DHARMENDRA MANDAL SELFI RESTORENT TO KAMLESH SHARMA HOUSE IN WARD 27","02-Nov-2023","18-Dec-2023","397628","Physical Inspection"
"460","Normal/Others","WS/MP053/2023-2024/43901-Construction of roads, link roads, pathways or any other road with or without drainage system","Bihar","MUNGER(DISTRICT PLANNING OFFICER MUNGER_IDA)","Shri Khiru Mahto (2022-28) (2022-2028)","Elected MP","CONSTRUCTION OF PCC ROAD FROM BISHNUDEV YADAV HOUSE TO SUNIL YADAV HOUSE IN WARD 43","02-Nov-2023","28-Dec-2023","398449","Physical Inspection"
"461","Normal/Others","WS/MP053/2023-2024/43902-Construction of roads, link roads, pathways or any other road with or without drainage system","Bihar","MUNGER(DISTRICT PLANNING OFFICER MUNGER_IDA)","Shri Khiru Mahto (2022-28) (2022-2028)","Elected MP","CONSTRUCTION OF PCC ROAD IN NEW GANGA NAGAR TINKU YADAV HOUSE TO ROSHAN YADAV HOUSE IN WARD NO. 1","02-Nov-2023","18-Dec-2023","397190","Physical Inspection"
"462","Normal/Others","WS/MP053/2023-2024/43903-Construction of roads, link roads, pathways or any other road with or without drainage system","Bihar","MUNGER(DISTRICT PLANNING OFFICER MUNGER_IDA)","Shri Khiru Mahto (2022-28) (2022-2028)","Elected MP","CONSTRUCTION OF BRICK SOLING AND BEAUTIFICATION IN HASANGANJ NEAR KALI ASTHAN IN WARD 44","02-Nov-2023","30-Jan-2024","348058","Physical Inspection"
"463","Normal/Others","WS/MP053/2023-2024/43904-Construction of roads, link roads, pathways or any other road with or without drainage system","Bihar","MUNGER(DISTRICT PLANNING OFFICER MUNGER_IDA)","Shri Khiru Mahto (2022-28) (2022-2028)","Elected MP","CONSTRUCTION OF PCC ROAD FROM RANJEET HALDAR HOUSE TO ANIMESH MISHRA HOUSE IN WARD 15","02-Nov-2023","28-Dec-2023","397542","Physical Inspection"
"464","Normal/Others","WS/MP053/2023-2024/43910-Construction of roads, link roads, pathways or any other road with or without drainage system","Bihar","MUNGER(DISTRICT PLANNING OFFICER MUNGER_IDA)","Shri Khiru Mahto (2022-28) (2022-2028)","Elected MP","CONSTRUCTION OF PCC ROAD FROM GULAB MANDAL HOUSE TO PRIMARY SCHOOL IN WARD 05","02-Nov-2023","18-Dec-2023","398180","Physical Inspection"
"465","Normal/Others","WS/MP053/2023-2024/43911-Construction of roads, link roads, pathways or any other road with or without drainage system","Bihar","MUNGER(DISTRICT PLANNING OFFICER MUNGER_IDA)","Shri Khiru Mahto (2022-28) (2022-2028)","Elected MP","CONSTRUCTION OF PCC ROAD FROM MUKESH MANDAL HOUSE TO RAJARAM GUPTA HOUSE IN WARD 14 ITAHRI PANCHAYAT","02-Nov-2023","03-Feb-2024","387537","Physical Inspection"
"466","Normal/Others","WS/MP053/2023-2024/43912-Construction of roads, link roads, pathways or any other road with or without drainage system","Bihar","MUNGER(DISTRICT PLANNING OFFICER MUNGER_IDA)","Shri Khiru Mahto (2022-28) (2022-2028)","Elected MP","CONSTRUCTION OF PCC ROAD FROM SCHOOL NEAR ANWAR MISTRI HOUSE TO TASLEEM HOUSE IN BAKARPUR KATORIYA PANCHAYAT","02-Nov-2023","18-Dec-2023","396802","Physical Inspection"
"467","Normal/Others","WS/MP053/2023-2024/43913-Construction of roads, link roads, pathways or any other road with or without drainage system","Bihar","MUNGER(DISTRICT PLANNING OFFICER MUNGER_IDA)","Shri Khiru Mahto (2022-28) (2022-2028)","Elected MP","CONSTRUCTION OF PCC ROAD WITH COVERED NALA FROM MAIN ROAD ANAND YADAV HOUSE TOI DEVAN YADAV HOUSE IN MAHULI PANCHAYAT","02-Nov-2023","05-Feb-2024","394865","Physical Inspection"
"468","Normal/Others","WS/MP053/2023-2024/43914-Construction of roads, link roads, pathways or any other road with or without drainage system","Bihar","MUNGER(DISTRICT PLANNING OFFICER MUNGER_IDA)","Shri Khiru Mahto (2022-28) (2022-2028)","Elected MP","CONSTRUCTION OF PCC ROAD FROM BOKU YADAV TO KAPIL YADAV GODOWN IN SHANKARPUR PANCHAYAT","02-Nov-2023","07-Feb-2024","346702","Physical Inspection"
"469","Normal/Others","WS/MP053/2023-2024/43916-Construction of roads, link roads, pathways or any other road with or without drainage system","Bihar","MUNGER(DISTRICT PLANNING OFFICER MUNGER_IDA)","Shri Khiru Mahto (2022-28) (2022-2028)","Elected MP","CONSTRUCTION OF PCC ROAD FROM SANJAY SHARMA HOUSE TO MRITUNJAY SHARMA HOUSE IN WARD 12 NAUAGARHI NORTH PANCHAYAT","02-Nov-2023","18-Dec-2023","398435","Physical Inspection"
"470","Normal/Others","WS/MP053/2023-2024/43917-Construction of roads, link roads, pathways or any other road with or without drainage system","Bihar","MUNGER(DISTRICT PLANNING OFFICER MUNGER_IDA)","Shri Khiru Mahto (2022-28) (2022-2028)","Elected MP","CONSTRUCTI0N OF PCC ROAD FROM BHAGWATI ASTHAN TO DAS TOLA IN KUTLUPUR PANCHAYAT","02-Nov-2023","04-Mar-2024","400000","Sanction"
"471","Normal/Others","WS/MP053/2023-2024/43918-Construction of roads, link roads, pathways or any other road with or without drainage system","Bihar","MUNGER(DISTRICT PLANNING OFFICER MUNGER_IDA)","Shri Khiru Mahto (2022-28) (2022-2028)","Elected MP","CONSTRUCTION OF PCC ROAD FROM GANGA YADAV HOUSE TO MASUDAN PUR IN KUTLUPUR PANCHAYAT","02-Nov-2023","22-Jan-2024","399417","Physical Inspection"
"472","Normal/Others","WS/MP053/2023-2024/43919-Construction of roads, link roads, pathways or any other road with or without drainage system","Bihar","MUNGER(DISTRICT PLANNING OFFICER MUNGER_IDA)","Shri Khiru Mahto (2022-28) (2022-2028)","Elected MP","CONSTRUCTION OF PCC ROAD FROM MAIN ROAD TO JHAKO YADAV HOUSE  IN JAFARNAGAR PANCHAYAT","02-Nov-2023","18-Dec-2023","397332","Physical Inspection"
"473","Normal/Others","WS/MP053/2023-2024/43920-Construction of roads, link roads, pathways or any other road with or without drainage system","Bihar","MUNGER(DISTRICT PLANNING OFFICER MUNGER_IDA)","Shri Khiru Mahto (2022-28) (2022-2028)","Elected MP","CONSTRUCTION OF PCC ROAD WITH NALA AND PULIA FROM SITAKUND MINI MALL TO SIBLEE HOUSE","02-Nov-2023","03-Feb-2024","348337","Physical Inspection"
"474","Normal/Others","WS/MP053/2023-2024/43921-Construction of roads, link roads, pathways or any other road with or without drainage system","Bihar","MUNGER(DISTRICT PLANNING OFFICER MUNGER_IDA)","Shri Khiru Mahto (2022-28) (2022-2028)","Elected MP","CONSTRUCTION OF PCC ROAD FROM SITAKUND PATH TO SAHROOL HOUSE VIA MASJID AND CONSTRUCTION OF NALA WITH COVER IN SITAKUND HARCHAND","02-Nov-2023","21-Feb-2024","394938","Physical Inspection"
"475","Normal/Others","WS/MP053/2023-2024/43922-Construction of roads, link roads, pathways or any other road with or without drainage system","Bihar","MUNGER(DISTRICT PLANNING OFFICER MUNGER_IDA)","Shri Khiru Mahto (2022-28) (2022-2028)","Elected MP","CONSTRUCTION OF PCC ROAD FROM ANIL YADAV HOUSE TO RAMSAWROOP HOUSE IN SHANKARPUR PANCHAYAT","02-Nov-2023","18-Dec-2023","397202","Physical Inspection"
"476","Normal/Others","WS/MP053/2023-2024/43925-Construction of roads, link roads, pathways or any other road with or without drainage system","Bihar","MUNGER(DISTRICT PLANNING OFFICER MUNGER_IDA)","Shri Khiru Mahto (2022-28) (2022-2028)","Elected MP","CONSTRUCTION OF PCC ROAD FROM DELESWAR YADAV GODOWN TO TULU YADAV HOUSE IN SHANKARPUR PANCHAYAT","02-Nov-2023","18-Dec-2023","397199","Physical Inspection"
"477","Normal/Others","WS/MP053/2023-2024/43926-Construction of roads, link roads, pathways or any other road with or without drainage system","Bihar","MUNGER(DISTRICT PLANNING OFFICER MUNGER_IDA)","Shri Khiru Mahto (2022-28) (2022-2028)","Elected MP","CONSTRUCTION OF PCC ROAD WITH NALA FROM RAJENDRA CHOUDHARY TO SURENDRA YADAV HOUSE IN TARAPUR DIARA PANCHAYAT","02-Nov-2023","18-Dec-2023","394877","Physical Inspection"
"478","Normal/Others","WS/MP053/2023-2024/43927-Construction of roads, link roads, pathways or any other road with or without drainage system","Bihar","MUNGER(DISTRICT PLANNING OFFICER MUNGER_IDA)","Shri Khiru Mahto (2022-28) (2022-2028)","Elected MP","CONSTRUCTION OF PCC ROAD FROM RAMBILASH MANDAL HOUSE TO COMMUNITY HALL IN MAI PANCHAYAT","02-Nov-2023","18-Dec-2023","397529","Physical Inspection"
"479","Normal/Others","WS/MP053/2023-2024/43928-Construction of roads, link roads, pathways or any other road with or without drainage system","Bihar","MUNGER(DISTRICT PLANNING OFFICER MUNGER_IDA)","Shri Khiru Mahto (2022-28) (2022-2028)","Elected MP","CONSTRUCTION OF PCC ROAD FROM SANTOSH PANDIT HOUSE TO PARSURAM YADAV HOUSE IN JANKINAGAR PANCHAYAT","02-Nov-2023","21-Feb-2024","344989","Physical Inspection"
"480","Normal/Others","WS/MP053/2023-2024/43929-Construction of roads, link roads, pathways or any other road with or without drainage system","Bihar","MUNGER(DISTRICT PLANNING OFFICER MUNGER_IDA)","Shri Khiru Mahto (2022-28) (2022-2028)","Elected MP","CONSTRUCTION OF PCC ROAD FROM SUBODH SAH HOUSE TO KUNO YADAV HOUSE IN TIKARAMPUR PANCHAYAT","02-Nov-2023","12-Feb-2024","393753","Physical Inspection"
"481","Normal/Others","WS/MP053/2023-2024/43930-Construction of roads, link roads, pathways or any other road with or without drainage system","Bihar","MUNGER(DISTRICT PLANNING OFFICER MUNGER_IDA)","Shri Khiru Mahto (2022-28) (2022-2028)","Elected MP","CONSTRUCTION OF PCC ROAD FROM AJAY YADAV HOUSE TO PANKAJ YADAV HOUSE IN TIKARAMPUR PANCHAYAT","02-Nov-2023","12-Feb-2024","389926","Physical Inspection"
"482","Normal/Others","WS/MP053/2023-2024/43931-Construction of roads, link roads, pathways or any other road with or without drainage system","Bihar","MUNGER(DISTRICT PLANNING OFFICER MUNGER_IDA)","Shri Khiru Mahto (2022-28) (2022-2028)","Elected MP","CONSTRUCTION OF PCC ROAD FROM WAKEEL PASWAN HOUSE TO BRAJESH SHARMA HOUSE IN NAUGARHI NORTH PANCHAYAT","02-Nov-2023","18-Dec-2023","347950","Physical Inspection"
"483","Normal/Others","WS/MP053/2023-2024/43932-Construction of roads, link roads, pathways or any other road with or without drainage system","Bihar","MUNGER(DISTRICT PLANNING OFFICER MUNGER_IDA)","Shri Khiru Mahto (2022-28) (2022-2028)","Elected MP","CONSTRUCTION OF PCC ROAD WITH NALA FROM PANI TANKI RAJENDRA CHOUDHARY HOUSE TO SURENDRA YADAV HOUSE IN WARD 4 RATANPUR","02-Nov-2023","07-Feb-2024","394957","Physical Inspection"
"484","Normal/Others","WS/MP053/2023-2024/43933-Construction of roads, link roads, pathways or any other road with or without drainage system","Bihar","MUNGER(DISTRICT PLANNING OFFICER MUNGER_IDA)","Shri Khiru Mahto (2022-28) (2022-2028)","Elected MP","CONSTRUCTION OF PCC ROAD FROM SAHDEV MANDAL HOUSE TO RURAL ROAD PANKAJ KUMAR HOUSE IN KALYAN TOLA WARD 4 BIND DIARA","02-Nov-2023","18-Jan-2024","395106","Physical Inspection"
"485","Normal/Others","WS/MP053/2023-2024/43935-Construction of roads, link roads, pathways or any other road with or without drainage system","Bihar","MUNGER(DISTRICT PLANNING OFFICER MUNGER_IDA)","Shri Khiru Mahto (2022-28) (2022-2028)","Elected MP","CONSTRUCTION OF PCC ROAD FROM BISWARI SAH HOUSE TO BANO YADAV HOUSE VIA MURARI YADAV AND GUDDU YADAV HOUSE IN BARIYARPUR","02-Nov-2023","13-Feb-2024","399656","Physical Inspection"
"486","Normal/Others","WS/MP053/2023-2024/43937-Construction of roads, link roads, pathways or any other road with or without drainage system","Bihar","MUNGER(DISTRICT PLANNING OFFICER MUNGER_IDA)","Shri Khiru Mahto (2022-28) (2022-2028)","Elected MP","CONSTRUCTION OF PCC ROAD FROM DILIP PASWAN TO SEVO PASWAN HOUSE IN PASWAN TOLA KARHARIYA PURBI PANCHAYAT","02-Nov-2023","03-Feb-2024","386933","Physical Inspection"
"487","Normal/Others","WS/MP053/2023-2024/43938-Construction of roads, link roads, pathways or any other road with or without drainage system","Bihar","MUNGER(DISTRICT PLANNING OFFICER MUNGER_IDA)","Shri Khiru Mahto (2022-28) (2022-2028)","Elected MP","CONSTRUCTION OF PCC ROAD FROM NH-80 TO RING BANDH GANGA RIVER IN BANGALEE TOLA KARHARIYA PASCHIM PANCHAYAT","02-Nov-2023","18-Jan-2024","394738","Physical Inspection"
"488","Normal/Others","WS/MP053/2023-2024/43939-Construction of roads, link roads, pathways or any other road with or without drainage system","Bihar","MUNGER(DISTRICT PLANNING OFFICER MUNGER_IDA)","Shri Khiru Mahto (2022-28) (2022-2028)","Elected MP","CONSTRUCTION OF PCC ROAD FROM NAL JAL TANKI TO ANIL DUBE HOUSE IN WARD 04 KARHARIYA PASCHIM PANCHAYAT","02-Nov-2023","03-Feb-2024","380712","Physical Inspection"
"489","Normal/Others","WS/MP053/2023-2024/43940-Construction of roads, link roads, pathways or any other road with or without drainage system","Bihar","MUNGER(DISTRICT PLANNING OFFICER MUNGER_IDA)","Shri Khiru Mahto (2022-28) (2022-2028)","Elected MP","CONSTRUCTION OF PCC ROAD FROM GAFFAR ALI HOUSE TO ASHOK CHOUDHARY HOUSE IN KARHARIA PASCHIM PANCHAYAT","02-Nov-2023","22-Jan-2024","347127","Physical Inspection"
"490","Normal/Others","WS/MP053/2023-2024/43941-Construction of roads, link roads, pathways or any other road with or without drainage system","Bihar","MUNGER(DISTRICT PLANNING OFFICER MUNGER_IDA)","Shri Khiru Mahto (2022-28) (2022-2028)","Elected MP","CONSTRUCTION OF PCC ROAD FROM PINTU SINGH HOUSE TO KEDAR MANDAL HOUSE VIA AWDESH SINGH HOUSE IN WARD 08 KARHRIA SOUTH KHARIA","02-Nov-2023","22-Jan-2024","394859","Physical Inspection"
"491","Normal/Others","WS/MP053/2023-2024/43942-Construction of roads, link roads, pathways or any other road with or without drainage system","Bihar","MUNGER(DISTRICT PLANNING OFFICER MUNGER_IDA)","Shri Khiru Mahto (2022-28) (2022-2028)","Elected MP","CONSTRUCTION OF PCC ROAD FROM  NH-31 TO HALDHAR SHARMA HOUSE VIA TRIVENI BHAGAT HOUSE IN BARIYARPUR NAYA CHAWNI VILLAGE IN NIRPUR PANCHAYAT","02-Nov-2023","12-Feb-2024","392558","Physical Inspection"
"492","Normal/Others","WS/MP053/2023-2024/43943-Construction of roads, link roads, pathways or any other road with or without drainage system","Bihar","MUNGER(DISTRICT PLANNING OFFICER MUNGER_IDA)","Shri Khiru Mahto (2022-28) (2022-2028)","Elected MP","CONSTRUCTION OF PCC ROAD FROM JAGO MANDAL HOUSE TO HARDEV MANDAL HOUSE IN JHAUA BAHIYAR PANCHAYAT","02-Nov-2023","23-Feb-2024","385542","Physical Inspection"
"493","Normal/Others","WS/MP001/2023-2024/49366-Construction of roads, link roads, pathways or any other road with or without drainage system","Bihar","PATNA(DISTRICT PLANNING OFFICER PATNA_IDA)","Shri Shambhu Sharan Patel (2022-28) (2022-2028)","Elected MP","Construction work of pcc road on the path going south from Bhim Rai house inBudhara village of Usmanpur panchayat of Athmalgola block of Barh Assembly of patna District.","14-Nov-2023","01-Dec-2023","870958","Physical Inspection"
"494","Normal/Others","WS/MP053/2023-2024/50996-Construction of roads, link roads, pathways or any other road with or without drainage system","Bihar","MUNGER(DISTRICT PLANNING OFFICER MUNGER_IDA)","Shri Khiru Mahto (2022-28) (2022-2028)","Elected MP","construction of PCC road from bridge in ward no.2 of karhariya East panchayat to the house of Babua jee","21-Nov-2023","20-Jan-2024","395710","Physical Inspection"
"495","Normal/Others","WS/MP053/2023-2024/50997-Construction of roads, link roads, pathways or any other road with or without drainage system","Bihar","MUNGER(DISTRICT PLANNING OFFICER MUNGER_IDA)","Shri Khiru Mahto (2022-28) (2022-2028)","Elected MP","construction of PCC road from the house of Niranjan jee to the Railway Bridge in karhariya East Panchayat","21-Nov-2023","20-Jan-2024","390226","Physical Inspection"
"496","Normal/Others","WS/MP041/2023-2024/59030-Construction of roads, link roads, pathways or any other road with or without drainage system","Bihar","PATNA(DISTRICT PLANNING OFFICER PATNA_IDA)","Dr. Faiyaz Ahmad (2022-28) (2022-2028)","Elected MP","PCC road construction work from Dr. Arvind Kumar Sharma towards Kamal Khushboo Kunj in Ward No. 56 under Patna Sahib Assembly.","08-Dec-2023","03-Jan-2024","1187600","Physical Inspection"
"497","Normal/Others","WS/MP041/2023-2024/59031-Construction of roads, link roads, pathways or any other road with or without drainage system","Bihar","PATNA(DISTRICT PLANNING OFFICER PATNA_IDA)","Dr. Faiyaz Ahmad (2022-28) (2022-2028)","Elected MP","PCC road construction work from Rajendra Pasad ji's house towards Panna ji's house in Ward No. 56 under Patna Sahib Assembly.","08-Dec-2023","03-Jan-2024","1300000","Physical Inspection"
"498","Normal/Others","WS/MP041/2023-2024/59032-Construction of roads, link roads, pathways or any other road with or without drainage system","Bihar","PATNA(DISTRICT PLANNING OFFICER PATNA_IDA)","Dr. Faiyaz Ahmad (2022-28) (2022-2028)","Elected MP","PCC road construction work from Manoj Kumar's house to Suraj Raj Niwas in Ward No. 56 under Patna Sahib Assembly.","08-Dec-2023","03-Jan-2024","1384800","Physical Inspection"
"499","Normal/Others","WS/MP041/2023-2024/59033-Construction of roads, link roads, pathways or any other road with or without drainage system","Bihar","PATNA(DISTRICT PLANNING OFFICER PATNA_IDA)","Dr. Faiyaz Ahmad (2022-28) (2022-2028)","Elected MP","PCC road construction work from Rampravesh Singh's house towards Renu Niwas in Ward No. 56 under Patna Sahib Assembly.","08-Dec-2023","03-Jan-2024","1285700","Physical Inspection"
"500","Normal/Others","WS/MP041/2023-2024/59034-Construction of roads, link roads, pathways or any other road with or without drainage system","Bihar","PATNA(DISTRICT PLANNING OFFICER PATNA_IDA)","Dr. Faiyaz Ahmad (2022-28) (2022-2028)","Elected MP","PCC road construction work from Renu Niwas towards Gauri Sadan in Ward No. 56 under Patna Sahib Assembly.","08-Dec-2023","03-Jan-2024","1286800","Physical Inspection"
"501","Normal/Others","WS/MP041/2023-2024/59035-Construction of roads, link roads, pathways or any other road with or without drainage system","Bihar","PATNA(DISTRICT PLANNING OFFICER PATNA_IDA)","Dr. Faiyaz Ahmad (2022-28) (2022-2028)","Elected MP","PCC road construction work from Gauri Sadan towards Rahul Kumar's house in Ward No. 56 under Patna Sahib Assembly.","08-Dec-2023","03-Jan-2024","1286100","Physical Inspection"
"502","Normal/Others","WS/MP041/2023-2024/59036-Construction of roads, link roads, pathways or any other road with or without drainage system","Bihar","PATNA(DISTRICT PLANNING OFFICER PATNA_IDA)","Dr. Faiyaz Ahmad (2022-28) (2022-2028)","Elected MP","PCC road construction work from Vardhan House towards Veeru Kumar in Ward No. 56 under Patna Sahib Assembly.","08-Dec-2023","03-Jan-2024","1385500","Physical Inspection"
"503","Normal/Others","WS/MP041/2023-2024/59037-Construction of roads, link roads, pathways or any other road with or without drainage system","Bihar","PATNA(DISTRICT PLANNING OFFICER PATNA_IDA)","Dr. Faiyaz Ahmad (2022-28) (2022-2028)","Elected MP","PCC construction work from Kumari Divya's house to Satranjan's house in Ward No. 46 of Kumhrar Assembly.","08-Dec-2023","03-Jan-2024","1392700","Physical Inspection"
"504","Normal/Others","WS/MP041/2023-2024/59038-Construction of roads, link roads, pathways or any other road with or without drainage system","Bihar","PATNA(DISTRICT PLANNING OFFICER PATNA_IDA)","Dr. Faiyaz Ahmad (2022-28) (2022-2028)","Elected MP","PCC road construction work from Ranjan ji's house to Sushil Kumar's house in Ward No. 46 of Kumhrar Assembly.","08-Dec-2023","03-Jan-2024","1394500","Physical Inspection"
"505","Normal/Others","WS/MP041/2023-2024/59039-Construction of roads, link roads, pathways or any other road with or without drainage system","Bihar","PATNA(DISTRICT PLANNING OFFICER PATNA_IDA)","Dr. Faiyaz Ahmad (2022-28) (2022-2028)","Elected MP","PCC road construction work from Gayatri Jewelers to Mangalam Bhawan in Ward No. 46 of Kumhrar Assembly.","08-Dec-2023","03-Jan-2024","1295100","Physical Inspection"
"506","Normal/Others","WS/MP041/2023-2024/59040-Construction of roads, link roads, pathways or any other road with or without drainage system","Bihar","PATNA(DISTRICT PLANNING OFFICER PATNA_IDA)","Dr. Faiyaz Ahmad (2022-28) (2022-2028)","Elected MP","PCC road construction work from Tej Narayan Complex towards Suresh Bhawan in Ward No. 46 of Kumhrar Assembly.","08-Dec-2023","03-Jan-2024","1393000","Physical Inspection"
"507","Normal/Others","WS/MP041/2023-2024/59041-Construction of roads, link roads, pathways or any other road with or without drainage system","Bihar","PATNA(DISTRICT PLANNING OFFICER PATNA_IDA)","Dr. Faiyaz Ahmad (2022-28) (2022-2028)","Elected MP","PCC road construction work from 8L/47 to 8L/36 in Ward No. 46 of Kumhrar Assembly.","08-Dec-2023","03-Jan-2024","1293500","Physical Inspection"
"508","Normal/Others","WS/MP041/2023-2024/59042-Construction of roads, link roads, pathways or any other road with or without drainage system","Bihar","PATNA(DISTRICT PLANNING OFFICER PATNA_IDA)","Dr. Faiyaz Ahmad (2022-28) (2022-2028)","Elected MP","PCC road construction work from 8L/34 towards the park in Ward No. 46 of Kumhrar Assembly.","08-Dec-2023","03-Jan-2024","1295000","Physical Inspection"
"509","Normal/Others","WS/MP041/2023-2024/59043-Construction of roads, link roads, pathways or any other road with or without drainage system","Bihar","PATNA(DISTRICT PLANNING OFFICER PATNA_IDA)","Dr. Faiyaz Ahmad (2022-28) (2022-2028)","Elected MP","Construction of 20 feet wide PCC road in the T point road north from the house of Shri Bablu Singh in Ward No. 32 Ayodhya Nagar New Mithila Colony under Danapur Municipal Council of Patna district.","08-Dec-2023","31-Jan-2024","1336000","Physical Inspection"
"510","Normal/Others","WS/MP041/2023-2024/59044-Construction of roads, link roads, pathways or any other road with or without drainage system","Bihar","PATNA(DISTRICT PLANNING OFFICER PATNA_IDA)","Dr. Faiyaz Ahmad (2022-28) (2022-2028)","Elected MP","Construction of 220 feet drain and PCC road from Ward No. 32 Ayodhyanagari main road under Danapur Municipal Council of Patna district to the house of Late Gajendra Singh via Mundarika Babu's house.","08-Dec-2023","31-Jan-2024","1336000","Physical Inspection"
"511","Normal/Others","WS/MP052/2023-2024/71825-Construction of roads, link roads, pathways or any other road with or without drainage system","Bihar","PASHCHIM CHAMPARAN(DISTRICT PLANNING OFFICER WEST CHAMPARANBETTIAH_IDA)","Shri Satish Chandra Dubey (2022-28) (2022-2028)","Elected MP","Construction work of p.c.c. road in banuchhapar bettiah ward no. 27 from hazma tola devi nagar board to Shitla mata mandir","30-Dec-2023","23-Feb-2024","992160","Physical Inspection"
"512","Normal/Others","WS/MP052/2024-2025/81406-Construction of roads, link roads, pathways or any other road with or without drainage system","Bihar","PASHCHIM CHAMPARAN(DISTRICT PLANNING OFFICER WEST CHAMPARANBETTIAH_IDA)","Shri Satish Chandra Dubey (2022-28) (2022-2028)","Elected MP","Construction work of P. C. C. Road from Mohan wasi das house to Narayan vaypari's house in sanichari bangali colony Ward No.2  of yogapatti block west champaran bihar. Estimated amount rs. 600000.","13-Jan-2024","09-Oct-2024","596968","Physical Inspection"
"513","Normal/Others","WS/MP052/2023-2024/81477-Construction of roads, link roads, pathways or any other road with or without drainage system","Bihar","PASHCHIM CHAMPARAN(DISTRICT PLANNING OFFICER WEST CHAMPARANBETTIAH_IDA)","Shri Satish Chandra Dubey (2022-28) (2022-2028)","Elected MP","Construction work of P. C. C. Road from vaiju yadav's house to nareah's yadav house in dakshin teluhwa, vill- Naurahi Ward No.15  of  Nautan block west champaran bihar. Estimated amount rs. 1000000.","13-Jan-2024","01-Mar-2024","995385","Physical Inspection"
"514","Normal/Others","WS/MP052/2024-2025/81491-Construction of roads, link roads, pathways or any other road with or without drainage system","Bihar","PURBI CHAMPARAN(DISTRICT PLANNING OFFICER MOTHIHARI EAST CHAMPARAN_IDA)","Shri Satish Chandra Dubey (2022-28) (2022-2028)","Elected MP","Construction work of P. C. C. Road from rajdev paswan's house to uday ojha's house in Badhadwa Kala Purvi of Kotwa block east champaran bihar. Estimated amount rs. 1000000.","13-Jan-2024","11-Jul-2024","989459","Physical Inspection"
"515","Normal/Others","WS/MP001/2023-2024/82731-Construction of roads, link roads, pathways or any other road with or without drainage system","Bihar","PATNA(DISTRICT PLANNING OFFICER PATNA_IDA)","Shri Shambhu Sharan Patel (2022-28) (2022-2028)","Elected MP","Construction work of PCC Road in the path Going North from Bathani of Sunil ji House in Chanda Village of Sabnima Panchayat of Athmalgola Block under Barh Assembly Constituency of Patna District (Total Amount Rs.6,00,000/- Six Lakh Only)","16-Jan-2024","30-Jan-2024","574168","Physical Inspection"
"516","Normal/Others","WS/MP001/2023-2024/82807-Construction of roads, link roads, pathways or any other road with or without drainage system","Bihar","LAKHISARAI(District Planning Officer Lakhisarai_IDA)","Shri Shambhu Sharan Patel (2022-28) (2022-2028)","Elected MP","Construction work of PCC road from Rural Main Road to Satyanarayan Mandal House via Ashok Mandal House to Anant Mandal House in Khagaur village of Khagaur Panchayat under Lakhisarai Block of Lakhisarai District.(Total Amount Rs.4,00,000/- Four Lakh Only)","16-Jan-2024","12-Mar-2024","396136","Physical Inspection"
"517","Normal/Others","WS/MP052/2023-2024/90233-Construction of roads, link roads, pathways or any other road with or without drainage system","Bihar","PASHCHIM CHAMPARAN(DISTRICT PLANNING OFFICER WEST CHAMPARANBETTIAH_IDA)","Shri Satish Chandra Dubey (2022-28) (2022-2028)","Elected MP","Construction work of P. C. C. Road from main road to going on sree Ram Janaki mandir in vill- harsari ward no. 11, narkatiyaganj block west champaran bihar. Estimated amount rs. 300000/-","27-Jan-2024","12-Mar-2024","292471","Physical Inspection"
"518","Normal/Others","WS/MP052/2023-2024/92273-Construction of roads, link roads, pathways or any other road with or without drainage system","Bihar","PASHCHIM CHAMPARAN(DISTRICT PLANNING OFFICER WEST CHAMPARANBETTIAH_IDA)","Shri Satish Chandra Dubey (2022-28) (2022-2028)","Elected MP","PCC road construction work in the road leading to Shri Ramjanaki temple from Senuri main road, village Semri, ward number 8 of Gram Panchayat Rajya Semri, block Narkatiaganj. Estimated Amount Rs. 5 lakh","30-Jan-2024","12-Mar-2024","498538","Physical Inspection"
"519","Normal/Others","WS/MP052/2024-2025/93006-Construction of roads, link roads, pathways or any other road with or without drainage system","Bihar","PASHCHIM CHAMPARAN(DISTRICT PLANNING OFFICER WEST CHAMPARANBETTIAH_IDA)","Shri Satish Chandra Dubey (2022-28) (2022-2028)","Elected MP","Construction of PCC road from Gorakh Bin's house to Ramagya Bin's house in Village Chapainiya of Village Panchayat Suryapur of Block Sikta. Estimated Amount Rs. 500000","01-Feb-2024","10-Jun-2024","498426","Physical Inspection"
"520","Normal/Others","WS/MP052/2024-2025/93010-Construction of roads, link roads, pathways or any other road with or without drainage system","Bihar","PASHCHIM CHAMPARAN(DISTRICT PLANNING OFFICER WEST CHAMPARANBETTIAH_IDA)","Shri Satish Chandra Dubey (2022-28) (2022-2028)","Elected MP","Construction of PCC road in the path leading from PWD road to the house of Shri Shambhu Gosai in Village Nyatola Bilwari Patti of Village Panchayat Jagiraha of Block Thakraha. Estimated Amount Rs. 510300","01-Feb-2024","09-Jan-2025","265067","Physical Inspection"
"521","Normal/Others","WS/MP053/2023-2024/118850-Construction of roads, link roads, pathways or any other road with or without drainage system","Bihar","PATNA(DISTRICT PLANNING OFFICER PATNA_IDA)","Shri Khiru Mahto (2022-28) (2022-2028)","Elected MP","CONSTRUCTION OF PCC ROAD IN ROAD No.1 TO THE HOUSE OF SHAILESH SINGH.","02-Mar-2024","11-Mar-2024","1459268","Physical Inspection"
"522","Normal/Others","WS/MP053/2023-2024/118851-Construction of roads, link roads, pathways or any other road with or without drainage system","Bihar","PATNA(DISTRICT PLANNING OFFICER PATNA_IDA)","Shri Khiru Mahto (2022-28) (2022-2028)","Elected MP","CONSTRUCTION OF PCC ROAD FROM THE HOUSE OF BHAGAT JEE TO THE HOUSE OF RAVINDRA JEE","02-Mar-2024","11-Mar-2024","1373500","Physical Inspection"
"523","Normal/Others","WS/MP053/2023-2024/118852-Construction of roads, link roads, pathways or any other road with or without drainage system","Bihar","PATNA(DISTRICT PLANNING OFFICER PATNA_IDA)","Shri Khiru Mahto (2022-28) (2022-2028)","Elected MP","CONSTRUCTION OF PCC ROAD FROM THE HOUSE OF REKHA DEVI TO THE HOUSE OF CHANDRAVANSHI JEE","02-Mar-2024","11-Mar-2024","1446500","Physical Inspection"
"524","Normal/Others","WS/MP053/2023-2024/118853-Construction of roads, link roads, pathways or any other road with or without drainage system","Bihar","PATNA(DISTRICT PLANNING OFFICER PATNA_IDA)","Shri Khiru Mahto (2022-28) (2022-2028)","Elected MP","CONSTRUCTION OF PCC ROAD TO THE HOUSE OF AKANSHA SINHA","02-Mar-2024","11-Mar-2024","1454031","Physical Inspection"
"525","Normal/Others","WS/MP053/2023-2024/118854-Construction of roads, link roads, pathways or any other road with or without drainage system","Bihar","PATNA(DISTRICT PLANNING OFFICER PATNA_IDA)","Shri Khiru Mahto (2022-28) (2022-2028)","Elected MP","CONSTRUCTION OF PCC ROAD FROM THE HOUSE OF SANTOSH SINGH TO THE HOUSE OF S P GUPTA","02-Mar-2024","11-Mar-2024","1366245","Physical Inspection"
"526","Normal/Others","WS/MP053/2023-2024/118860-Construction of roads, link roads, pathways or any other road with or without drainage system","Bihar","PATNA(DISTRICT PLANNING OFFICER PATNA_IDA)","Shri Khiru Mahto (2022-28) (2022-2028)","Elected MP","CONSTRUCTION OF PCC FROM THE HOUSE OF VIRU JEE TO THE HOUSE OF MANOJ MEHTA","02-Mar-2024","11-Mar-2024","1351113","Physical Inspection"
"527","Normal/Others","WS/MP053/2023-2024/118861-Construction of roads, link roads, pathways or any other road with or without drainage system","Bihar","PATNA(DISTRICT PLANNING OFFICER PATNA_IDA)","Shri Khiru Mahto (2022-28) (2022-2028)","Elected MP","CONSTRUCTION OF PCC ROAD FROM THE HOUSE OF SURENDRA PRASAD TO THE HOUSE OF KUNDAN JEE","02-Mar-2024","11-Mar-2024","1383100","Physical Inspection"
"528","Normal/Others","WS/MP053/2023-2024/118862-Construction of roads, link roads, pathways or any other road with or without drainage system","Bihar","PATNA(DISTRICT PLANNING OFFICER PATNA_IDA)","Shri Khiru Mahto (2022-28) (2022-2028)","Elected MP","CONSTRUCTION OF PCC ROAD FROM THE HOUSE OF ANKIT KUMAR TO THE HOUSE OF KANHAIYA KUMAR","02-Mar-2024","11-Mar-2024","1384893","Physical Inspection"
"529","Normal/Others","WS/MP053/2023-2024/118863-Construction of roads, link roads, pathways or any other road with or without drainage system","Bihar","PATNA(DISTRICT PLANNING OFFICER PATNA_IDA)","Shri Khiru Mahto (2022-28) (2022-2028)","Elected MP","CONSTRUCTION OF PCC ROAD FROM MAIN ROAD ASHOK RAJ PATH TO THE HOUSE OF RAJIV JEE","02-Mar-2024","11-Mar-2024","1433500","Physical Inspection"
"530","Normal/Others","WS/MP053/2023-2024/120073-Construction of roads, link roads, pathways or any other road with or without drainage system","Bihar","PATNA(DISTRICT PLANNING OFFICER PATNA_IDA)","Shri Khiru Mahto (2022-28) (2022-2028)","Elected MP","CONSTRUCTION OF PCC ROAD FROM THE HOUSE OF RAGHVENDRA NARAYAN PRASAD TO THE HOUSE OF RAMESHWAR SHARMA","04-Mar-2024","14-Mar-2024","1493591","Physical Inspection"
"531","Normal/Others","WS/MP053/2023-2024/120074-Construction of roads, link roads, pathways or any other road with or without drainage system","Bihar","PATNA(DISTRICT PLANNING OFFICER PATNA_IDA)","Shri Khiru Mahto (2022-28) (2022-2028)","Elected MP","CONSTRUCTION OF PCC ROAD FROM THE HOUSE OF CHANDAN BABA TO THE HOUSE OF PAPPU JEE","04-Mar-2024","14-Mar-2024","1494463","Physical Inspection"
"532","Normal/Others","WS/MP053/2023-2024/120075-Construction of roads, link roads, pathways or any other road with or without drainage system","Bihar","PATNA(DISTRICT PLANNING OFFICER PATNA_IDA)","Shri Khiru Mahto (2022-28) (2022-2028)","Elected MP","CONSTRUCTION OF PCC ROAD FROM THE HOUSE OF PRAMOD JEE TO THE HOUSE OF PAPPU JEE","04-Mar-2024","14-Mar-2024","1491901","Physical Inspection"
"533","Normal/Others","WS/MP053/2023-2024/120076-Construction of roads, link roads, pathways or any other road with or without drainage system","Bihar","PATNA(DISTRICT PLANNING OFFICER PATNA_IDA)","Shri Khiru Mahto (2022-28) (2022-2028)","Elected MP","CONSTRUCTION OF PCC ROAD FROM THE HOUSE OF DHIRENDRA KUMAR TO THE HOUSE OF RAVISHANKAR JEE","04-Mar-2024","14-Mar-2024","1479000","Physical Inspection"
"534","Normal/Others","WS/MP053/2023-2024/120096-Construction of roads, link roads, pathways or any other road with or without drainage system","Bihar","PATNA(DISTRICT PLANNING OFFICER PATNA_IDA)","Shri Khiru Mahto (2022-28) (2022-2028)","Elected MP","CONSTRUCTION OF PCC ROAD FROM THE HOUSE OF BIRENDRA SINGH TO THE SHYAM STORE","04-Mar-2024","11-Mar-2024","1286742","Physical Inspection"
"535","Normal/Others","WS/MP053/2023-2024/120097-Construction of roads, link roads, pathways or any other road with or without drainage system","Bihar","PATNA(DISTRICT PLANNING OFFICER PATNA_IDA)","Shri Khiru Mahto (2022-28) (2022-2028)","Elected MP","CONSTRUCTION OF PCC FROM THE HOUSE OF TARKESHWAR SHAH TO THE ATTA CHAKKI","04-Mar-2024","11-Mar-2024","1287500","Physical Inspection"
"536","Normal/Others","WS/MP053/2023-2024/120098-Construction of roads, link roads, pathways or any other road with or without drainage system","Bihar","PATNA(DISTRICT PLANNING OFFICER PATNA_IDA)","Shri Khiru Mahto (2022-28) (2022-2028)","Elected MP","CONSTRUCTION OF PCC ROAD FROM BHARTI BHAWAN TO THE HOUSE OF MANOJ PASWAN","04-Mar-2024","11-Mar-2024","1288341","Physical Inspection"
"537","Normal/Others","WS/MP053/2023-2024/120099-Construction of roads, link roads, pathways or any other road with or without drainage system","Bihar","PATNA(DISTRICT PLANNING OFFICER PATNA_IDA)","Shri Khiru Mahto (2022-28) (2022-2028)","Elected MP","CONSTRUCTION OF PCC ROAD FROM THE HOUSE OF GOPAL JEE TO THE HOUSE OF Dr. ASHOK JEE","04-Mar-2024","12-Mar-2024","1287273","Physical Inspection"
"538","Normal/Others","WS/MP001/2023-2024/121691-Construction of roads, link roads, pathways or any other road with or without drainage system","Bihar","PATNA(DISTRICT PLANNING OFFICER PATNA_IDA)","Shri Shambhu Sharan Patel (2022-28) (2022-2028)","Elected MP","Construction work of underground drain and PCC road from Krishna Rai's house to Udresh Sharma's house on May Flower School Road No. 26 in Digha in Ward No. 1 of Digha Legislative Assembly constituency of Patna district.","06-Mar-2024","15-Mar-2024","460800","Physical Inspection"
"539","Normal/Others","WS/MP041/2024-2025/128352-Construction of roads, link roads, pathways or any other road with or without drainage system","Bihar","MADHUBANI(DISTRICT PLANNING OFFICER MADHUBANI_IDA)","Dr. Faiyaz Ahmad (2022-28) (2022-2028)","Elected MP","Bisfi prakhand ke rathaus panchayat ke gram sibaul me sunil ke ghar se paschim wali nadi me puliya ka nirman","14-Mar-2024","04-Jul-2024","1399959","Physical Inspection"
"540","Normal/Others","WS/MP041/2024-2025/128353-Construction of roads, link roads, pathways or any other road with or without drainage system","Bihar","MADHUBANI(DISTRICT PLANNING OFFICER MADHUBANI_IDA)","Dr. Faiyaz Ahmad (2022-28) (2022-2028)","Elected MP","Bisfi prakhand ke simri me madarsa akhlakiya me 2 room ke bhawan ka nirman","14-Mar-2024","07-Oct-2024","1304487","Physical Inspection"
"541","Normal/Others","WS/MP041/2024-2025/128354-Construction of roads, link roads, pathways or any other road with or without drainage system","Bihar","MADHUBANI(DISTRICT PLANNING OFFICER MADHUBANI_IDA)","Dr. Faiyaz Ahmad (2022-28) (2022-2028)","Elected MP","Bisfi prakhand ke gram parsauni dakshin me madarsa reyatul uloom me 2 room ke bhawan ka nirman","14-Mar-2024","07-Oct-2024","1313692","Physical Inspection"
"542","Normal/Others","WS/MP041/2024-2025/128355-Construction of roads, link roads, pathways or any other road with or without drainage system","Bihar","MADHUBANI(DISTRICT PLANNING OFFICER MADHUBANI_IDA)","Dr. Faiyaz Ahmad (2022-28) (2022-2028)","Elected MP","Bisfi prakhand ke gram Osauthu Dih me madarsa darul falah kanijiya me 2 room ke bhawan ka nirman","14-Mar-2024","07-Oct-2024","1255411","Physical Inspection"
"543","Normal/Others","WS/MP041/2024-2025/128356-Construction of roads, link roads, pathways or any other road with or without drainage system","Bihar","MADHUBANI(DISTRICT PLANNING OFFICER MADHUBANI_IDA)","Dr. Faiyaz Ahmad (2022-28) (2022-2028)","Elected MP","Madhubani jila ke bisfi prakhand ke gram Aunsi bichla tola madarsa mohammadiya ka boundary gherabandi ka nirman","14-Mar-2024","07-Oct-2024","1295366","Physical Inspection"
"544","Normal/Others","WS/MP041/2025-2026/128357-Construction of roads, link roads, pathways or any other road with or without drainage system","Bihar","MADHUBANI(DISTRICT PLANNING OFFICER MADHUBANI_IDA)","Dr. Faiyaz Ahmad (2022-28) (2022-2028)","Elected MP","Madhubani jila ke bisfi prakhand ke parsauni dakshni me md asmatullah and abul hasan secretary ke talab me dakshin-paschim kona ke samne masjid ke pichhe hokar abbas ke ghar tak boundary wall ka nirman","14-Mar-2024","07-Aug-2025","1278656","Physical Inspection"
"545","Normal/Others","WS/MP041/2024-2025/128358-Construction of roads, link roads, pathways or any other road with or without drainage system","Bihar","MADHUBANI(DISTRICT PLANNING OFFICER MADHUBANI_IDA)","Dr. Faiyaz Ahmad (2022-28) (2022-2028)","Elected MP","Madhubani jila ke bisfi prakhand ke madarsa nure rahman bengra banhi Dih me 2 room ke bhawan ka nirman","14-Mar-2024","07-Oct-2024","1299800","Physical Inspection"
"546","Normal/Others","WS/MP041/2024-2025/128359-Construction of roads, link roads, pathways or any other road with or without drainage system","Bihar","MADHUBANI(DISTRICT PLANNING OFFICER MADHUBANI_IDA)","Dr. Faiyaz Ahmad (2022-28) (2022-2028)","Elected MP","Madhubani jila ke bisfi prakhand ke madarsa mazharul uloom madarsa no-128  islampur chhachhuwa me pustakalaya  bhawan ka nirman","14-Mar-2024","07-Oct-2024","1261808","Physical Inspection"
"547","Normal/Others","WS/MP041/2023-2024/128361-Construction of roads, link roads, pathways or any other road with or without drainage system","Bihar","MADHUBANI(DISTRICT PLANNING OFFICER MADHUBANI_IDA)","Dr. Faiyaz Ahmad (2022-28) (2022-2028)","Elected MP","Jaldhari chowk se ranti chowk jane wali pradhanmantri sarak ke kinare rupan das ke ghar ke bagal se rajkumar yadav ke ghar tak ward no-21 new chakdah me P.C.C sarak and nala nirman","14-Mar-2024","16-Mar-2024","1050558","Physical Inspection"
"548","Normal/Others","WS/MP041/2024-2025/128362-Construction of roads, link roads, pathways or any other road with or without drainage system","Bihar","MADHUBANI(DISTRICT PLANNING OFFICER MADHUBANI_IDA)","Dr. Faiyaz Ahmad (2022-28) (2022-2028)","Elected MP","Rahika prakhand ke kakraul dakshni panchayat gram kharauwa me Jay Jay Ram Yadav ke ghar se Ram Sahay Yadav ke ghar hote hue pratmik vidyalay kharauwa tak P.C.C and nala ka nirman","14-Mar-2024","06-Jul-2024","996691","Physical Inspection"
"549","Normal/Others","WS/MP001/2024-2025/133051-Construction of roads, link roads, pathways or any other road with or without drainage system","Bihar","PATNA(DISTRICT PLANNING OFFICER PATNA_IDA)","Shri Shambhu Sharan Patel (2022-28) (2022-2028)","Elected MP","Construction work of PCC Road From 1 Mevindeshwar rai house to Yogendra rai house, Gram Hinduni Panchayat Nohasa, Block Phulwari of Patna District","05-Jul-2024","09-Aug-2024","1493330","Physical Inspection"
"550","Normal/Others","WS/MP001/2024-2025/133052-Construction of roads, link roads, pathways or any other road with or without drainage system","Bihar","PATNA(DISTRICT PLANNING OFFICER PATNA_IDA)","Shri Shambhu Sharan Patel (2022-28) (2022-2028)","Elected MP","Construction work of PCC Road From 2	Vinod singh house to Upendra singh house, Gram Hinduni , Panchayat Nohasa, Block Phulwari of Patna District  (","05-Jul-2024","09-Aug-2024","1494100","Physical Inspection"
"551","Normal/Others","WS/MP001/2024-2025/133053-Construction of roads, link roads, pathways or any other road with or without drainage system","Bihar","PATNA(DISTRICT PLANNING OFFICER PATNA_IDA)","Shri Shambhu Sharan Patel (2022-28) (2022-2028)","Elected MP","Construction work of PCC Road From 3	Police colony road vedha road to Prem rai  house , Gram Kurkuri ,Panchyat Kurkuri,  Phulwari Patna of District","05-Jul-2024","09-Aug-2024","1004780","Physical Inspection"
"552","Normal/Others","WS/MP001/2024-2025/133073-Construction of roads, link roads, pathways or any other road with or without drainage system","Bihar","PATNA(DISTRICT PLANNING OFFICER PATNA_IDA)","Shri Shambhu Sharan Patel (2022-28) (2022-2028)","Elected MP","Construction work of PCC Road From 3	Ashok rai Farm to vindo Singh Farm, Gram Hinduni , Panchayat Nohasa, Block Phulwari of Patna District","06-Jul-2024","09-Aug-2024","1494080","Physical Inspection"
"553","Normal/Others","WS/MP001/2024-2025/133074-Construction of roads, link roads, pathways or any other road with or without drainage system","Bihar","PATNA(DISTRICT PLANNING OFFICER PATNA_IDA)","Shri Shambhu Sharan Patel (2022-28) (2022-2028)","Elected MP","Construction work of PCC Road From 4	Ravi rai Farm to Rituraj singh school Gram Hinduni , Panchayat Nohasa, Block Phulwari of Patna District","06-Jul-2024","09-Aug-2024","1495150","Physical Inspection"
"554","Normal/Others","WS/MP001/2024-2025/133637-Construction of roads, link roads, pathways or any other road with or without drainage system","Bihar","PATNA(DISTRICT PLANNING OFFICER PATNA_IDA)","Shri Shambhu Sharan Patel (2022-28) (2022-2028)","Elected MP","Construction work of PCC Road  2Abhay kumar house to Suryakant’s Plot in Phulwari Municipaol ward no-28 under Phulwarisarif of Patna District","17-Jul-2024","09-Aug-2024","1494650","Physical Inspection"
"555","Normal/Others","WS/MP001/2024-2025/133638-Construction of roads, link roads, pathways or any other road with or without drainage system","Bihar","PATNA(DISTRICT PLANNING OFFICER PATNA_IDA)","Shri Shambhu Sharan Patel (2022-28) (2022-2028)","Elected MP","Construction work of PCC Road  3Ravindranath thakur house to Lalji chaudary house in Vrindavan colony Road no-1 Under Phulwarisarif of  Patna District","17-Jul-2024","09-Aug-2024","1495100","Physical Inspection"
"556","Normal/Others","WS/MP001/2024-2025/133639-Construction of roads, link roads, pathways or any other road with or without drainage system","Bihar","PATNA(DISTRICT PLANNING OFFICER PATNA_IDA)","Shri Shambhu Sharan Patel (2022-28) (2022-2028)","Elected MP","Construction work of PCC Road  4	Main Gate to The canteen in the premises of Gangadevi Mahila College in wardno-35 Under Kumhrar of Patna District","17-Jul-2024","23-Aug-2024","1498259","Physical Inspection"
"557","Normal/Others","WS/MP001/2024-2025/133640-Construction of roads, link roads, pathways or any other road with or without drainage system","Bihar","PATNA(DISTRICT PLANNING OFFICER PATNA_IDA)","Shri Shambhu Sharan Patel (2022-28) (2022-2028)","Elected MP","Construction work of PCC Road  5The Canteen in the Premises of Gangadevi Mahila College in ward no-35 Under Kumhrar of Patna District","17-Jul-2024","23-Aug-2024","1497989","Physical Inspection"
"558","Normal/Others","WS/MP001/2024-2025/133642-Construction of roads, link roads, pathways or any other road with or without drainage system","Bihar","PATNA(DISTRICT PLANNING OFFICER PATNA_IDA)","Shri Shambhu Sharan Patel (2022-28) (2022-2028)","Elected MP","Construction work of PCC Road  1 T.O.P Police both to shivnandan Girls hostel in the premises of Gangadevi Mahila College in ward no-35 Under Kumhrar  of Patna Distict","17-Jul-2024","23-Aug-2024","1497809","Physical Inspection"
"559","Normal/Others","WS/MP001/2024-2025/133643-Construction of roads, link roads, pathways or any other road with or without drainage system","Bihar","PATNA(DISTRICT PLANNING OFFICER PATNA_IDA)","Shri Shambhu Sharan Patel (2022-28) (2022-2028)","Elected MP","Construction work of PCC Road  2Hostel to Vigyan bhawan in the premises of Gangadevi Mahila College in ward no-35 under Kumhrar  of Patna District","17-Jul-2024","23-Aug-2024","1498379","Physical Inspection"
"560","Normal/Others","WS/MP001/2024-2025/133644-Construction of roads, link roads, pathways or any other road with or without drainage system","Bihar","PATNA(DISTRICT PLANNING OFFICER PATNA_IDA)","Shri Shambhu Sharan Patel (2022-28) (2022-2028)","Elected MP","Construction work of PCC Road 3 Vigyan Bhawan to Examination Hall in  the Premises of Gangadevi Mahila College  in ward no-35 under Kumhrar of Patna  District","17-Jul-2024","23-Aug-2024","1498187","Physical Inspection"
"561","Normal/Others","WS/MP001/2024-2025/133645-Construction of roads, link roads, pathways or any other road with or without drainage system","Bihar","PATNA(DISTRICT PLANNING OFFICER PATNA_IDA)","Shri Shambhu Sharan Patel (2022-28) (2022-2028)","Elected MP","Construction work of PCC Road  4 Sudhansu Bhushan House to the main road via PNB Bank in sector 4 in ramnagari under digha of Patna District","17-Jul-2024","05-Sep-2024","990400","Physical Inspection"
"562","Normal/Others","WS/MP001/2024-2025/133727-Construction of roads, link roads, pathways or any other road with or without drainage system","Bihar","PATNA(DISTRICT PLANNING OFFICER PATNA_IDA)","Shri Shambhu Sharan Patel (2022-28) (2022-2028)","Elected MP","1Mahendra Prasad House to Lalan bihari house in Phulwari Municipal ward no-28 under Phulwarisarif  of Patna District  (Estimated Amount 14,99,500/-(Fourteen Lakhs ninty nine thousand five hundred only","19-Jul-2024","09-Aug-2024","1493349","Physical Inspection"
"563","Normal/Others","WS/MP001/2024-2025/133792-Construction of roads, link roads, pathways or any other road with or without drainage system","Bihar","PATNA(DISTRICT PLANNING OFFICER PATNA_IDA)","Shri Shambhu Sharan Patel (2022-28) (2022-2028)","Elected MP","3 Suresh Mahto House to Dinesh Mahto house by Dev Raj Prasad House. Block Pandarak, Gram Panchyat Raily, Bind Toli, under Mokama Lagislative Assembly Constituency,(Estimated Amount 15,00,000/- ( Fifteen Lakhs only)","20-Jul-2024","01-Aug-2024","1484806","Physical Inspection"
"564","Normal/Others","WS/MP001/2024-2025/133793-Construction of roads, link roads, pathways or any other road with or without drainage system","Bihar","PATNA(DISTRICT PLANNING OFFICER PATNA_IDA)","Shri Shambhu Sharan Patel (2022-28) (2022-2028)","Elected MP","2Sena Mahto House to Moli Mahto house by Sravan ji House , Blcok Pandarak, Gram Panchayat Raily, Gram Raily English,Under  Mokama Lagislative Assembly Constituency. (Estimated Amount 15,00,000/- Fifteen Laksh only)","20-Jul-2024","01-Aug-2024","1481756","Physical Inspection"
"565","Normal/Others","WS/MP001/2024-2025/133794-Construction of roads, link roads, pathways or any other road with or without drainage system","Bihar","PATNA(DISTRICT PLANNING OFFICER PATNA_IDA)","Shri Shambhu Sharan Patel (2022-28) (2022-2028)","Elected MP","4Kali Mandir to Suresh house Block Pandarak, Gram Panchyat Raily, Gram Raily English,Undrer Mokam Lagislative Assembly Constituency(Estimated Amount 15,00,000/- (Fifteen Lakhs only)","20-Jul-2024","01-Aug-2024","1486100","Physical Inspection"
"566","Normal/Others","WS/MP001/2024-2025/133795-Construction of roads, link roads, pathways or any other road with or without drainage system","Bihar","PATNA(DISTRICT PLANNING OFFICER PATNA_IDA)","Shri Shambhu Sharan Patel (2022-28) (2022-2028)","Elected MP","1 Bablu ji house to  Raj dev ji house by Yogendra saw house Block Pandarak, Gram Panchayat Raily ,Gram Raily Under Mokama Lagislative Assembly Constituency.  (Estimated Amount 15,00,000/-(Fifteen Lakhs Only)","20-Jul-2024","01-Aug-2024","1484127","Physical Inspection"
"567","Normal/Others","WS/MP041/2024-2025/135718-Construction of roads, link roads, pathways or any other road with or without drainage system","Bihar","PATNA(DISTRICT PLANNING OFFICER PATNA_IDA)","Dr. Faiyaz Ahmad (2022-28) (2022-2028)","Elected MP","Patna Sahib Vidhansabha antargat ward no-61 me Vijay Sahni ke ghar se Shankar Pandit ke ghar tak P.C.C. Sadak nirman karya","14-Aug-2024","28-Sep-2024","1419300","Physical Inspection"
"568","Normal/Others","WS/MP041/2024-2025/135719-Construction of roads, link roads, pathways or any other road with or without drainage system","Bihar","PATNA(DISTRICT PLANNING OFFICER PATNA_IDA)","Dr. Faiyaz Ahmad (2022-28) (2022-2028)","Elected MP","Patna Sahib Vidhansabha antargat ward no-61 me Saurabh Mishra ke ghar se Vijay Sahni ke ghar tak P.C.C. Sadak nirman karya","14-Aug-2024","28-Sep-2024","1434800","Physical Inspection"
"569","Normal/Others","WS/MP041/2024-2025/135720-Construction of roads, link roads, pathways or any other road with or without drainage system","Bihar","PATNA(DISTRICT PLANNING OFFICER PATNA_IDA)","Dr. Faiyaz Ahmad (2022-28) (2022-2028)","Elected MP","Patna Sahib Vidhansabha antargat ward no-61 me Manoj kumar ke ghar se Surendra Kumar ke ghar tak P.C.C. Sadak nirman karya","14-Aug-2024","28-Sep-2024","1376500","Physical Inspection"
"570","Normal/Others","WS/MP041/2024-2025/135721-Construction of roads, link roads, pathways or any other road with or without drainage system","Bihar","PATNA(DISTRICT PLANNING OFFICER PATNA_IDA)","Dr. Faiyaz Ahmad (2022-28) (2022-2028)","Elected MP","Patna Sahib Vidhansabha antargat ward no-61 me Suraj Kumar ke ghar se Mohan Kumar ke ghar tak P.C.C. Sadak nirman karya","14-Aug-2024","28-Sep-2024","1453400","Physical Inspection"
"571","Normal/Others","WS/MP041/2024-2025/135722-Construction of roads, link roads, pathways or any other road with or without drainage system","Bihar","PATNA(DISTRICT PLANNING OFFICER PATNA_IDA)","Dr. Faiyaz Ahmad (2022-28) (2022-2028)","Elected MP","Patna Sahib Vidhansabha antargat ward no-56 me Phool Kumari Devi ke makan se Vijay ji ke makan ki ore P.C.C. Sadak nirman karya","14-Aug-2024","28-Sep-2024","1445100","Physical Inspection"
"572","Normal/Others","WS/MP041/2024-2025/135723-Construction of roads, link roads, pathways or any other road with or without drainage system","Bihar","PATNA(DISTRICT PLANNING OFFICER PATNA_IDA)","Dr. Faiyaz Ahmad (2022-28) (2022-2028)","Elected MP","Patna Sahib Vidhansabha antargat ward no-56 me Ravi ji ke makan se Ritu ji ke makan ki ore P.C.C. Sadak nirman karya","14-Aug-2024","28-Sep-2024","1337000","Physical Inspection"
"573","Normal/Others","WS/MP041/2024-2025/135724-Construction of roads, link roads, pathways or any other road with or without drainage system","Bihar","PATNA(DISTRICT PLANNING OFFICER PATNA_IDA)","Dr. Faiyaz Ahmad (2022-28) (2022-2028)","Elected MP","Patna Sahib Vidhansabha antargat ward no-56 me Pankaj Kumar ke makan se Rahul ji ki ore P.C.C. Sadak nirman karya","14-Aug-2024","28-Sep-2024","1406800","Physical Inspection"
"574","Normal/Others","WS/MP041/2024-2025/135725-Construction of roads, link roads, pathways or any other road with or without drainage system","Bihar","PATNA(DISTRICT PLANNING OFFICER PATNA_IDA)","Dr. Faiyaz Ahmad (2022-28) (2022-2028)","Elected MP","Patna Sahib Vidhansabha antargat ward no-56 me Suraj Kumar ke makan se Manoj Mahto ke makan ki ore P.C.C. Sadak nirman karya","14-Aug-2024","28-Sep-2024","1385800","Physical Inspection"
"575","Normal/Others","WS/MP041/2024-2025/135726-Construction of roads, link roads, pathways or any other road with or without drainage system","Bihar","PATNA(DISTRICT PLANNING OFFICER PATNA_IDA)","Dr. Faiyaz Ahmad (2022-28) (2022-2028)","Elected MP","Patna Sahib Vidhansabha antargat ward no-56 me Baiju Mahto ke makan se Lalit ji ke makan ki ore  P.C.C. Sadak nirman karya","14-Aug-2024","28-Sep-2024","1375900","Physical Inspection"
"576","Normal/Others","WS/MP041/2024-2025/135727-Construction of roads, link roads, pathways or any other road with or without drainage system","Bihar","PATNA(DISTRICT PLANNING OFFICER PATNA_IDA)","Dr. Faiyaz Ahmad (2022-28) (2022-2028)","Elected MP","Patna Sahib Vidhansabha antargat ward no-56 me Shashi ji (master sahab ) ke makan se Gautam ji k makan ki ore P.C.C. Sadak nirman karya","14-Aug-2024","28-Sep-2024","1268100","Physical Inspection"
"577","Normal/Others","WS/MP041/2024-2025/135741-Construction of roads, link roads, pathways or any other road with or without drainage system","Bihar","PATNA(DISTRICT PLANNING OFFICER PATNA_IDA)","Dr. Faiyaz Ahmad (2022-28) (2022-2028)","Elected MP","Patna Sahib Vidhansabha antargat ward no-56 me Gayatri devi ke makan se Gopal ji ke makan ki ore P.C.C. Sadak nirman karya","14-Aug-2024","28-Sep-2024","1384800","Physical Inspection"
"578","Normal/Others","WS/MP041/2024-2025/135742-Construction of roads, link roads, pathways or any other road with or without drainage system","Bihar","PATNA(DISTRICT PLANNING OFFICER PATNA_IDA)","Dr. Faiyaz Ahmad (2022-28) (2022-2028)","Elected MP","Patna Sahib Vidhansabha antargat ward no-56 me Late.Ramakant ji  ke makan se Bablu kumar ke makan ki ore P.C.C. Sadak nirman karya","14-Aug-2024","28-Sep-2024","1415800","Physical Inspection"
"579","Normal/Others","WS/MP041/2024-2025/135743-Construction of roads, link roads, pathways or any other road with or without drainage system","Bihar","PATNA(DISTRICT PLANNING OFFICER PATNA_IDA)","Dr. Faiyaz Ahmad (2022-28) (2022-2028)","Elected MP","Patna Sahib Vidhansabha antargat ward no-56 me Rajendra Mahto ke makan se Arvind mahto ke makan ki ore P.C.C. Sadak nirman karya","14-Aug-2024","28-Sep-2024","1367100","Physical Inspection"
"580","Normal/Others","WS/MP041/2024-2025/135744-Construction of roads, link roads, pathways or any other road with or without drainage system","Bihar","PATNA(DISTRICT PLANNING OFFICER PATNA_IDA)","Dr. Faiyaz Ahmad (2022-28) (2022-2028)","Elected MP","Patna Sahib Vidhansabha antargat ward no-56 me Manohar ji  ke makan se Raju kuswaha ke makan ki ore P.C.C. Sadak nirman karya","14-Aug-2024","28-Sep-2024","1465200","Physical Inspection"
"581","Normal/Others","WS/MP041/2024-2025/135745-Construction of roads, link roads, pathways or any other road with or without drainage system","Bihar","PATNA(DISTRICT PLANNING OFFICER PATNA_IDA)","Dr. Faiyaz Ahmad (2022-28) (2022-2028)","Elected MP","Patna Sahib Vidhansabha antargat ward no-56 me Viru kumar ke makan se Kiran Kumari ke makan ki ore P.C.C. Sadak nirman karya","14-Aug-2024","28-Sep-2024","1434800","Physical Inspection"
"582","Normal/Others","WS/MP041/2024-2025/135746-Construction of roads, link roads, pathways or any other road with or without drainage system","Bihar","PATNA(DISTRICT PLANNING OFFICER PATNA_IDA)","Dr. Faiyaz Ahmad (2022-28) (2022-2028)","Elected MP","Patna Sahib Vidhansabha antargat ward no-56 me Kapil Kumar ke makan se Surendra Singh ke makan ki ore P.C.C. Sadak nirman karya","14-Aug-2024","28-Sep-2024","1387700","Physical Inspection"
"583","Normal/Others","WS/MP041/2024-2025/135747-Construction of roads, link roads, pathways or any other road with or without drainage system","Bihar","PATNA(DISTRICT PLANNING OFFICER PATNA_IDA)","Dr. Faiyaz Ahmad (2022-28) (2022-2028)","Elected MP","Patna Sahib Vidhansabha antargat ward no-56 me Ganesh Mahto ke makan se Sohan Mahto ke makan ki ore P.C.C. Sadak nirman karya","14-Aug-2024","28-Sep-2024","1462500","Physical Inspection"
"584","Normal/Others","WS/MP041/2024-2025/135748-Construction of roads, link roads, pathways or any other road with or without drainage system","Bihar","PATNA(DISTRICT PLANNING OFFICER PATNA_IDA)","Dr. Faiyaz Ahmad (2022-28) (2022-2028)","Elected MP","Patna Sahib Vidhansabha antargat ward no-56 me Balli ji ke ghar se Kallu ji  ke ghar ki ore P.C.C. Sadak nirman karya","14-Aug-2024","28-Sep-2024","928200","Physical Inspection"
"585","Normal/Others","WS/MP18300/2024-2025/136514-Construction of roads, link roads, pathways or any other road with or without drainage system","Bihar","PATNA(DISTRICT PLANNING OFFICER PATNA_IDA)","Dr. Bhim Singh (2024-30) (2024-2030)","Elected MP","PCC Road and drain construction work from East Murari's house to Kameshwar Chaupal's house in Mahavir Colony Ward No. 11","20-Aug-2024","12-Nov-2024","1495961","Physical Inspection"
"586","Normal/Others","WS/MP18300/2024-2025/136515-Construction of roads, link roads, pathways or any other road with or without drainage system","Bihar","PATNA(DISTRICT PLANNING OFFICER PATNA_IDA)","Dr. Bhim Singh (2024-30) (2024-2030)","Elected MP","PCC road and drain construction work from Dilip ji's house to the main road in Mahavir Colony Ward No. 11, Beur of Phulwari Sharif block","20-Aug-2024","12-Nov-2024","1046264","Physical Inspection"
"587","Normal/Others","WS/MP18300/2024-2025/136516-Construction of roads, link roads, pathways or any other road with or without drainage system","Bihar","PATNA(DISTRICT PLANNING OFFICER PATNA_IDA)","Dr. Bhim Singh (2024-30) (2024-2030)","Elected MP","Construction work of PCC road and drain from Ramanand Prasad's house to Bhola Singh's house in Ward No. 11, Kurthaul of Phulwari Sharif block","20-Aug-2024","12-Nov-2024","1395452","Physical Inspection"
"588","Normal/Others","WS/MP18300/2024-2025/136517-Construction of roads, link roads, pathways or any other road with or without drainage system","Bihar","PATNA(DISTRICT PLANNING OFFICER PATNA_IDA)","Dr. Bhim Singh (2024-30) (2024-2030)","Elected MP","PCC road and drain construction work from marriage hall to main road in Ward No. 11, Kurthaul of Phulwari Sharif block","20-Aug-2024","12-Nov-2024","838484","Physical Inspection"
"589","Normal/Others","WS/MP18300/2024-2025/136518-Construction of roads, link roads, pathways or any other road with or without drainage system","Bihar","PATNA(DISTRICT PLANNING OFFICER PATNA_IDA)","Dr. Bhim Singh (2024-30) (2024-2030)","Elected MP","PCC road and drain construction work of the road from Pramod Kumar's house to Rupa Rai's house on Betaura Road in Mahavir Colony Ward No. 11, Beur of Phulwari Sharif block","20-Aug-2024","16-Dec-2024","721354","Physical Inspection"
"590","Normal/Others","WS/MP18300/2024-2025/136519-Construction of roads, link roads, pathways or any other road with or without drainage system","Bihar","PATNA(DISTRICT PLANNING OFFICER PATNA_IDA)","Dr. Bhim Singh (2024-30) (2024-2030)","Elected MP","Construction of PCC road  from Shri Prabhakar Tiwari's house to Shri Anil Prasad's house. Ward no-2, village- Digha","20-Aug-2024","05-Oct-2024","1479800","Physical Inspection"
"591","Normal/Others","WS/MP18300/2024-2025/136523-Construction of roads, link roads, pathways or any other road with or without drainage system","Bihar","PATNA(DISTRICT PLANNING OFFICER PATNA_IDA)","Dr. Bhim Singh (2024-30) (2024-2030)","Elected MP","PCC road and drain construction work of the road from Beur Betoura main road to Krishna Keshari's house in Beur Mahabir Colony Ward No. 11 under Phulwari block","20-Aug-2024","12-Nov-2024","1495213","Physical Inspection"
"592","Normal/Others","WS/MP18300/2024-2025/136524-Construction of roads, link roads, pathways or any other road with or without drainage system","Bihar","PATNA(DISTRICT PLANNING OFFICER PATNA_IDA)","Dr. Bhim Singh (2024-30) (2024-2030)","Elected MP","PCC road and drain construction work of the road from Kameshwar Chaupal's house to Ram Prakash Singh's house in Beur Mahabir Colony Ward No. 11","20-Aug-2024","12-Nov-2024","1494892","Physical Inspection"
"593","Normal/Others","WS/MP18300/2024-2025/136525-Construction of roads, link roads, pathways or any other road with or without drainage system","Bihar","PATNA(DISTRICT PLANNING OFFICER PATNA_IDA)","Dr. Bhim Singh (2024-30) (2024-2030)","Elected MP","PCC road and drain construction work of the road from Arvind Singh's house to Umesh Kumar's house in Beur Mahabir Colony Ward No. 11 under Phulwari block","20-Aug-2024","12-Nov-2024","1495059","Physical Inspection"
"594","Normal/Others","WS/MP18300/2024-2025/136526-Construction of roads, link roads, pathways or any other road with or without drainage system","Bihar","PATNA(DISTRICT PLANNING OFFICER PATNA_IDA)","Dr. Bhim Singh (2024-30) (2024-2030)","Elected MP","PCC road and drain construction work from the main road to Harendra Singh's house in Ward No. 11 in Kurthaur  under Phulwari block","20-Aug-2024","25-Nov-2024","996604","Physical Inspection"
"595","Normal/Others","WS/MP18300/2024-2025/136527-Construction of roads, link roads, pathways or any other road with or without drainage system","Bihar","PATNA(DISTRICT PLANNING OFFICER PATNA_IDA)","Dr. Bhim Singh (2024-30) (2024-2030)","Elected MP","PCC road and drain construction work of the road from Ajay Singh's house to Harendra Singh's house in Ward No. 11 in Kurthaul under Phulwari block","20-Aug-2024","25-Nov-2024","770450","Physical Inspection"
"596","Normal/Others","WS/MP001/2024-2025/136541-Construction of roads, link roads, pathways or any other road with or without drainage system","Bihar","PATNA(DISTRICT PLANNING OFFICER PATNA_IDA)","Shri Shambhu Sharan Patel (2022-28) (2022-2028)","Elected MP","Construction work of PCC Road  From 2	RWD Road to Manikpur Village and Road in Block Pandarak,Panchyat Kondi, Tarapur,  Mokama Lagislative Assembly Constituency. (Estimated Amount 15,00,000/- Fifteen Laksh only)","20-Aug-2024","01-Oct-2024","1484930","Physical Inspection"
"597","Normal/Others","WS/MP001/2024-2025/136542-Construction of roads, link roads, pathways or any other road with or without drainage system","Bihar","PATNA(DISTRICT PLANNING OFFICER PATNA_IDA)","Shri Shambhu Sharan Patel (2022-28) (2022-2028)","Elected MP","Construction work of PCC Road  From 1RWD Road to School and Mazar Road in  Block Pandarak, Panchyat  Kondi, Badhopur Chandravanshi Tola, Mokama Lagislative Assembly Constituency.  (Estimated Amount 15,00,000/-(Fifteen Lakhs Only)","20-Aug-2024","01-Oct-2024","1484683","Physical Inspection"
"598","Normal/Others","WS/MP001/2024-2025/136886-Construction of roads, link roads, pathways or any other road with or without drainage system","Bihar","PATNA(DISTRICT PLANNING OFFICER PATNA_IDA)","Shri Shambhu Sharan Patel (2022-28) (2022-2028)","Elected MP","Construction work of PCC Road  From 1Durga Mandir to North Road and School Road. In  Block Barh, Panchyat Dhanwa Mubarakpur , Village Selarpur, Barh Lagislative Assembly Constituency.  (Estimated Amount 15,00,000/-(Fifteen Lakhs Only)","24-Aug-2024","22-Oct-2024","1484751","Physical Inspection"
"599","Normal/Others","WS/MP041/2024-2025/138592-Construction of roads, link roads, pathways or any other road with or without drainage system","Bihar","MADHUBANI(DISTRICT PLANNING OFFICER MADHUBANI_IDA)","Dr. Faiyaz Ahmad (2022-28) (2022-2028)","Elected MP","Rahika Prakhand ke Gram Chandar Senpur me Mohammad Nuruddin Sb ke Ghar se Haat   Gachhi Jane wali Sadak me P.C.C  Sadak ka nirman.","03-Sep-2024","07-Oct-2024","904088","Physical Inspection"
"600","Normal/Others","WS/MP041/2024-2025/138594-Construction of roads, link roads, pathways or any other road with or without drainage system","Bihar","DARBHANGA(DISTRICT PLANNING OFFICER DARBANGA_IDA)","Dr. Faiyaz Ahmad (2022-28) (2022-2028)","Elected MP","Keoti Prakhand ke Panchayat Lalganj ke gram Badh Samaila me mali tola chowk se Doctor Firoz Sb ke Ghar hote huye Suleman Sb Urf Shallu Sb ke Ghar tak P.C.C. Sadak Sah Nala ka nirman","03-Sep-2024","22-Nov-2024","1478259","Physical Inspection"
"601","Normal/Others","WS/MP041/2025-2026/138595-Construction of roads, link roads, pathways or any other road with or without drainage system","Bihar","MADHUBANI(DISTRICT PLANNING OFFICER MADHUBANI_IDA)","Dr. Faiyaz Ahmad (2022-28) (2022-2028)","Elected MP","Bisfi Prakhand ke Gram Raghopura me Madarsa Islamia me 2 room ke bhawan ka nirman","03-Sep-2024","16-May-2025","1453594","Physical Inspection"
"602","Normal/Others","WS/MP18332/2024-2025/138759-Construction of roads, link roads, pathways or any other road with or without drainage system","Bihar","PATNA(DISTRICT PLANNING OFFICER PATNA_IDA)","Dr. Dharmshila Gupta (2024-30) (2024-2030)","Elected MP","PCC road Ward no 56 ke Sonalika Nagar me Rahul Kumar ke Ghar se Nagendra Mishra ke ghar tak","04-Sep-2024","05-Oct-2024","1487100","Physical Inspection"
"603","Normal/Others","WS/MP18332/2024-2025/138761-Construction of roads, link roads, pathways or any other road with or without drainage system","Bihar","PATNA(DISTRICT PLANNING OFFICER PATNA_IDA)","Dr. Dharmshila Gupta (2024-30) (2024-2030)","Elected MP","PCC Road Ward NO 11 Phulwari Sharif Bharmsthan Kuchaul ke Najdik Sanjay Singh ke Ghar se Rajiv Raushan ke Ghar Tak Nirman.","04-Sep-2024","20-Nov-2024","1493594","Physical Inspection"
"604","Normal/Others","WS/MP18332/2024-2025/138762-Construction of roads, link roads, pathways or any other road with or without drainage system","Bihar","PATNA(DISTRICT PLANNING OFFICER PATNA_IDA)","Dr. Dharmshila Gupta (2024-30) (2024-2030)","Elected MP","PCC Road, Patna Sahib Vidhan Sabha ke Ward NO 56 Sonalika Nagar me Ashok Singh ke Ghar Se Tarun Mishra tak Sadak Ka Nirman.","04-Sep-2024","01-Oct-2024","1482900","Physical Inspection"
"605","Normal/Others","WS/MP18332/2024-2025/138763-Construction of roads, link roads, pathways or any other road with or without drainage system","Bihar","PATNA(DISTRICT PLANNING OFFICER PATNA_IDA)","Dr. Dharmshila Gupta (2024-30) (2024-2030)","Elected MP","PCC Road, Patna Sahib Vidhan Sabha ke Ward NO 56 Sonalika Nagar me Manoj Mishra ke Ghar Se Mahendra Ram ke Ghar Tak Road Nirman.","04-Sep-2024","01-Oct-2024","1484900","Physical Inspection"
"606","Normal/Others","WS/MP18332/2024-2025/138764-Construction of roads, link roads, pathways or any other road with or without drainage system","Bihar","PATNA(DISTRICT PLANNING OFFICER PATNA_IDA)","Dr. Dharmshila Gupta (2024-30) (2024-2030)","Elected MP","PCC Road, Patna Sahib Vidhan Sabha ke Ward NO 56 Sonalika Nagar me Sonu Singh ke Ghar Se Jitendra Singh ke Ghar tak Road Nirman.","04-Sep-2024","01-Oct-2024","1483500","Physical Inspection"
"607","Normal/Others","WS/MP18332/2024-2025/138765-Construction of roads, link roads, pathways or any other road with or without drainage system","Bihar","PATNA(DISTRICT PLANNING OFFICER PATNA_IDA)","Dr. Dharmshila Gupta (2024-30) (2024-2030)","Elected MP","PCC Road, Patna Sahib Vidhan Sabha ke Ward NO 56 Sonalika Nagar me Rajnish Singh ke Ghar se Lallu Singh ke Ghar Tak, Road Nirman.","04-Sep-2024","01-Oct-2024","1483300","Physical Inspection"
"608","Normal/Others","WS/MP18332/2024-2025/138766-Construction of roads, link roads, pathways or any other road with or without drainage system","Bihar","PATNA(DISTRICT PLANNING OFFICER PATNA_IDA)","Dr. Dharmshila Gupta (2024-30) (2024-2030)","Elected MP","PCC Road, Patna Sahib Vidhan Sabha ke Ward NO 56 Sonalika Nagar me Pawan Tiwari ke Ghar Se Harendra Sinha ke Ghar tak Road Nirman.","04-Sep-2024","31-Oct-2024","998600","Physical Inspection"
"609","Normal/Others","WS/MP18332/2024-2025/138770-Construction of roads, link roads, pathways or any other road with or without drainage system","Bihar","PATNA(DISTRICT PLANNING OFFICER PATNA_IDA)","Dr. Dharmshila Gupta (2024-30) (2024-2030)","Elected MP","PCC ROAD- DIGHA VIDHAN SABHA WARD NO 5 SEIKHPURA ME Sai Mandir Ke pass main road se Mohammad Nizamuddin Homeopathic Clinic tak Road Nirman.","04-Sep-2024","04-Oct-2024","1482500","Physical Inspection"
"610","Normal/Others","WS/MP18332/2024-2025/138771-Construction of roads, link roads, pathways or any other road with or without drainage system","Bihar","PATNA(DISTRICT PLANNING OFFICER PATNA_IDA)","Dr. Dharmshila Gupta (2024-30) (2024-2030)","Elected MP","PCC ROAD- DIGHA VIDHAN SABHA WARD NO 5 SEIKHPURA ME VINAY VERMA (GAURI KUNJ) SE SAI NATH MILL TAK ROAD NIRMAN","04-Sep-2024","04-Oct-2024","1468500","Physical Inspection"
"611","Normal/Others","WS/MP18332/2024-2025/138773-Construction of roads, link roads, pathways or any other road with or without drainage system","Bihar","PATNA(DISTRICT PLANNING OFFICER PATNA_IDA)","Dr. Dharmshila Gupta (2024-30) (2024-2030)","Elected MP","PCC ROAD- DIGHA VIDHAN SABHA WARD NO 5 SEIKHPURA ME SHANKAR JI GENERAL STORE SE ONLINE SEVA KENDRA TAK ROAD NIRMAN.","04-Sep-2024","04-Oct-2024","1477800","Physical Inspection"
"612","Normal/Others","WS/MP18332/2024-2025/138774-Construction of roads, link roads, pathways or any other road with or without drainage system","Bihar","PATNA(DISTRICT PLANNING OFFICER PATNA_IDA)","Dr. Dharmshila Gupta (2024-30) (2024-2030)","Elected MP","PCC ROAD- DIGHA VIDHAN SABHA WARD NO 5 ME SEIKHPURA ME URMILA COMPLEX SE PLAY HOUSE SCHOOL TAK ROAD NIRMAN.","04-Sep-2024","04-Oct-2024","1476100","Physical Inspection"
"613","Normal/Others","WS/MP18332/2024-2025/138776-Construction of roads, link roads, pathways or any other road with or without drainage system","Bihar","PATNA(DISTRICT PLANNING OFFICER PATNA_IDA)","Dr. Dharmshila Gupta (2024-30) (2024-2030)","Elected MP","PCC ROAD- DIGHA VIDHAN SABHA, WARD NO 5 SEIKHPURA me Anjali Sinha Civil Judge se Bageshwari Vidhya Mandir TAK ROAD NIRMAN.","04-Sep-2024","04-Oct-2024","1472100","Physical Inspection"
"614","Normal/Others","WS/MP18332/2024-2025/138777-Construction of roads, link roads, pathways or any other road with or without drainage system","Bihar","PATNA(DISTRICT PLANNING OFFICER PATNA_IDA)","Dr. Dharmshila Gupta (2024-30) (2024-2030)","Elected MP","PCC ROAD- DIGHA VIDHAN SABHA SEIKHPURA me Rambha Kirana General Store se Visheshwar Mahadev Mandir Tak Road Nirman.","04-Sep-2024","04-Oct-2024","1466800","Physical Inspection"
"615","Normal/Others","WS/MP18332/2024-2025/138778-Construction of roads, link roads, pathways or any other road with or without drainage system","Bihar","PATNA(DISTRICT PLANNING OFFICER PATNA_IDA)","Dr. Dharmshila Gupta (2024-30) (2024-2030)","Elected MP","PCC ROAD - DIGHA VIDHAN SABHA, SEIKHPUR WARDN NO-5 me Devlok Grossary King dukan se Laddu Singh ke Ghar Tak, Road Nirman.","04-Sep-2024","04-Oct-2024","1052800","Physical Inspection"
"616","Normal/Others","WS/MP18332/2024-2025/138803-Construction of roads, link roads, pathways or any other road with or without drainage system","Bihar","PATNA(DISTRICT PLANNING OFFICER PATNA_IDA)","Dr. Dharmshila Gupta (2024-30) (2024-2030)","Elected MP","PCC ROAD- DANAPUR VIDHAN SABHA NAGAR PRISHAS WARD NO 35 ME MAIN ROAD SE VIRENDRA KUMAR SINGH KE GHAR TAK ROAD NIRMAN","04-Sep-2024","01-Nov-2024","1113100","Physical Inspection"
"617","Normal/Others","WS/MP18332/2024-2025/138807-Construction of roads, link roads, pathways or any other road with or without drainage system","Bihar","PATNA(DISTRICT PLANNING OFFICER PATNA_IDA)","Dr. Dharmshila Gupta (2024-30) (2024-2030)","Elected MP","PCC ROAD- DANAPUR NAGAR PARISHAD WARD NO 35 ME AVINASH KUMAR KE GHAR SE RAMANARAYAN SINGH KE GHAR TAK ROAD NIRMAN","04-Sep-2024","01-Nov-2024","1113500","Physical Inspection"
"618","Normal/Others","WS/MP18332/2024-2025/138815-Construction of roads, link roads, pathways or any other road with or without drainage system","Bihar","SAMASTIPUR(DISTRICT PLANNING OFFICER SAMASTIPUR_IDA)","Dr. Dharmshila Gupta (2024-30) (2024-2030)","Elected MP","PCC ROAD- PUSA CHAKLA WAINI , waini village, Ward No-9 me Sulatan ke ghar se Mohammad Suhail ke Ghar Tak Road Nirman.","04-Sep-2024","25-Oct-2024","1394469","Physical Inspection"
"619","Normal/Others","WS/MP18332/2024-2025/138816-Construction of roads, link roads, pathways or any other road with or without drainage system","Bihar","SAMASTIPUR(DISTRICT PLANNING OFFICER SAMASTIPUR_IDA)","Dr. Dharmshila Gupta (2024-30) (2024-2030)","Elected MP","PCC ROAD - PUSA Ke Mahamadpur Kuori Panchyat ke Diganbara Vill WARD NO-1 me Tatma Tola Se Aara Mill tak Road Nirman.","04-Sep-2024","25-Oct-2024","1394793","Physical Inspection"
"620","Normal/Others","WS/MP18332/2024-2025/138818-Construction of roads, link roads, pathways or any other road with or without drainage system","Bihar","PATNA(DISTRICT PLANNING OFFICER PATNA_IDA)","Dr. Dharmshila Gupta (2024-30) (2024-2030)","Elected MP","PCC ROAD- Kumhrara Vidhan Sabha, Kankarbagh Patliputra Stadium ke pass ward no 34 me Sanjay Kirana Store se House No-59 tak Road Nirman.","04-Sep-2024","04-Oct-2024","1397594","Physical Inspection"
"621","Normal/Others","WS/MP18332/2024-2025/138829-Construction of roads, link roads, pathways or any other road with or without drainage system","Bihar","PATNA(DISTRICT PLANNING OFFICER PATNA_IDA)","Dr. Dharmshila Gupta (2024-30) (2024-2030)","Elected MP","PCC ROAD- Kumhrar Vidhansabha me Kankar Bagh Patrliputar Stdium ke pass Ward no-34 me Anil Prasad ke Ghar Se House no -54 tak Road Nirman.","04-Sep-2024","04-Oct-2024","1397958","Physical Inspection"
"622","Normal/Others","WS/MP18332/2024-2025/138830-Construction of roads, link roads, pathways or any other road with or without drainage system","Bihar","PATNA(DISTRICT PLANNING OFFICER PATNA_IDA)","Dr. Dharmshila Gupta (2024-30) (2024-2030)","Elected MP","PCC ROAD AND UNDER GROUND DRAINAGE- PATNA Danapur, Ward No- 32 Vinod Prasad Ke Ghar Se East in New Mithila colony Road and Drainage Nirman.","04-Sep-2024","28-Sep-2024","1385100","Physical Inspection"
"623","Normal/Others","WS/MP18332/2024-2025/139558-Construction of roads, link roads, pathways or any other road with or without drainage system","Bihar","PURBI CHAMPARAN(DISTRICT PLANNING OFFICER MOTHIHARI EAST CHAMPARAN_IDA)","Dr. Dharmshila Gupta (2024-30) (2024-2030)","Elected MP","PCC ROAD- EAST CHAMPARAN, MEHSI PRAKHAND JHITKAHIYA, MATHIYA WARD NO 2 BHUTTA BHAGAT KE GHAR SE DILIP KUMAR KE GHAR TAK PCC ROAD.","07-Sep-2024","03-Oct-2024","1483521","Physical Inspection"
"624","Normal/Others","WS/MP18332/2024-2025/139559-Construction of roads, link roads, pathways or any other road with or without drainage system","Bihar","PURBI CHAMPARAN(DISTRICT PLANNING OFFICER MOTHIHARI EAST CHAMPARAN_IDA)","Dr. Dharmshila Gupta (2024-30) (2024-2030)","Elected MP","EAST CHAMPARAN, MEHSI PRAKHAND RAJEPUR PANCHAYA, BISHUNPUR BARA WARD NO 8 ME DURGA ASTHAN SE PRIMARY SCHOOL PCC ROAD.","07-Sep-2024","03-Oct-2024","1483479","Physical Inspection"
"625","Normal/Others","WS/MP18332/2024-2025/139561-Construction of roads, link roads, pathways or any other road with or without drainage system","Bihar","PURBI CHAMPARAN(DISTRICT PLANNING OFFICER MOTHIHARI EAST CHAMPARAN_IDA)","Dr. Dharmshila Gupta (2024-30) (2024-2030)","Elected MP","PCC ROAD- EAST CHAMPARAN, MEHSI, RAJEPUR PANCHYAT, VILL VISHUNPUR BARA, WARD NO-8, DINESH BAITHA KE GHAR SE RAMBABU JHA KE GHAR TAK PCC ROAD.","07-Sep-2024","03-Oct-2024","988427","Physical Inspection"
"626","Normal/Others","WS/MP18300/2024-2025/140170-Construction of roads, link roads, pathways or any other road with or without drainage system","Bihar","PATNA(DISTRICT PLANNING OFFICER PATNA_IDA)","Dr. Bhim Singh (2024-30) (2024-2030)","Elected MP","PCC road construction work from gallery room to commerce department in Ram Lakhan Singh College","10-Sep-2024","20-Sep-2024","1495979","Physical Inspection"
"627","Normal/Others","WS/MP18300/2024-2025/140171-Construction of roads, link roads, pathways or any other road with or without drainage system","Bihar","PATNA(DISTRICT PLANNING OFFICER PATNA_IDA)","Dr. Bhim Singh (2024-30) (2024-2030)","Elected MP","PCC road construction work from Physics Lab to Chemistry Department in Ram Lakhan Singh College","10-Sep-2024","20-Sep-2024","1495000","Physical Inspection"
"628","Normal/Others","WS/MP18332/2024-2025/141540-Construction of roads, link roads, pathways or any other road with or without drainage system","Bihar","PURBI CHAMPARAN(DISTRICT PLANNING OFFICER MOTHIHARI EAST CHAMPARAN_IDA)","Dr. Dharmshila Gupta (2024-30) (2024-2030)","Elected MP","PCC ROAD- PRAKHAND SUGAULI KE CHHAPRA BHASA VILL KE WARD NO-5 ME BHOLA MAHTO KE KHET SE JHINGA RAY KE JAMIN TAK ROAD.","18-Sep-2024","08-Oct-2024","996370","Physical Inspection"
"629","Normal/Others","WS/MP18332/2024-2025/141548-Construction of roads, link roads, pathways or any other road with or without drainage system","Bihar","PURBI CHAMPARAN(DISTRICT PLANNING OFFICER MOTHIHARI EAST CHAMPARAN_IDA)","Dr. Dharmshila Gupta (2024-30) (2024-2030)","Elected MP","PCC ROAD- PRAKHAND SUGAULI KE CHHAPRA BHASA VILL KE WARD NO-5 ME RAZZAK MIYAN KE KHET SE RAJA RAM MAHTO KE KHET TAK ROAD.","18-Sep-2024","08-Oct-2024","1493082","Physical Inspection"
"630","Normal/Others","WS/MP18332/2024-2025/141550-Construction of roads, link roads, pathways or any other road with or without drainage system","Bihar","PURBI CHAMPARAN(DISTRICT PLANNING OFFICER MOTHIHARI EAST CHAMPARAN_IDA)","Dr. Dharmshila Gupta (2024-30) (2024-2030)","Elected MP","PCC ROAD- PRAKHAND SUGAULI KE CHHAPRA BHASA VILL KE WARD NO-5 ME DARPAN SAH KE KHET SE VRIKSHA RAY KE KHET TAK ROAD.","18-Sep-2024","08-Oct-2024","995934","Physical Inspection"
"631","Normal/Others","WS/MP18332/2024-2025/141552-Construction of roads, link roads, pathways or any other road with or without drainage system","Bihar","PURBI CHAMPARAN(DISTRICT PLANNING OFFICER MOTHIHARI EAST CHAMPARAN_IDA)","Dr. Dharmshila Gupta (2024-30) (2024-2030)","Elected MP","PCC ROAD- PRAKHAND SUGAULI KE CHHAPRA BHASA VILL KE WARD NO-5 ME MATHURA TIWAR KE KHET SE VIRA RAY KE KHET TAK TAK ROAD.","18-Sep-2024","08-Oct-2024","1494638","Physical Inspection"
"632","Normal/Others","WS/MP18332/2024-2025/141553-Construction of roads, link roads, pathways or any other road with or without drainage system","Bihar","PURBI CHAMPARAN(DISTRICT PLANNING OFFICER MOTHIHARI EAST CHAMPARAN_IDA)","Dr. Dharmshila Gupta (2024-30) (2024-2030)","Elected MP","PCC ROAD- PRAKHAND SUGAULI KE CHHAPRA BHASA VILL KE WARD NO-5 ME RAGHAV SINGH KE KHET SE DUBE JI KE KHET TAK ROAD.","18-Sep-2024","08-Oct-2024","996417","Physical Inspection"
"633","Normal/Others","WS/MP18332/2024-2025/141554-Construction of roads, link roads, pathways or any other road with or without drainage system","Bihar","PURBI CHAMPARAN(DISTRICT PLANNING OFFICER MOTHIHARI EAST CHAMPARAN_IDA)","Dr. Dharmshila Gupta (2024-30) (2024-2030)","Elected MP","PCC ROAD- PRAKHAND SUGAULI KE CHHAPRA BHASA VILL KE WARD NO-5 ME RAGHAV SINGH KE KHET SE AJAY RAM KE KHET TAK ROAD.","18-Sep-2024","08-Oct-2024","495922","Physical Inspection"
"634","Normal/Others","WS/MP18332/2024-2025/141558-Construction of roads, link roads, pathways or any other road with or without drainage system","Bihar","PURBI CHAMPARAN(DISTRICT PLANNING OFFICER MOTHIHARI EAST CHAMPARAN_IDA)","Dr. Dharmshila Gupta (2024-30) (2024-2030)","Elected MP","ROAD- PRAKHAND SUGAULI , CHHAPRA BAHAS KE WARD NO 5 ME NH 28 B SE DUNA MAHTO KE GHAR TAK PCC ROAD","18-Sep-2024","08-Oct-2024","1494695","Physical Inspection"
"635","Normal/Others","WS/MP18332/2024-2025/143969-Construction of roads, link roads, pathways or any other road with or without drainage system","Bihar","PATNA(DISTRICT PLANNING OFFICER PATNA_IDA)","Dr. Dharmshila Gupta (2024-30) (2024-2030)","Elected MP","PCC WORK- WARD NO 56 SONALIKA NAGAR, ANIL G KE GHAR SE AMIT G KE GHAR TAK PCC ROAD CONSTRUCTION","27-Sep-2024","31-Oct-2024","1484600","Physical Inspection"
"636","Normal/Others","WS/MP053/2024-2025/146925-Construction of roads, link roads, pathways or any other road with or without drainage system","Bihar","PATNA(DISTRICT PLANNING OFFICER PATNA_IDA)","Shri Khiru Mahto (2022-28) (2022-2028)","Elected MP","Construction of PCC Road from Kamal Path to the house of Surendra Mahto in Rajendra Colony","12-Oct-2024","31-Oct-2024","1387358","Physical Inspection"
"637","Normal/Others","WS/MP053/2024-2025/146926-Construction of roads, link roads, pathways or any other road with or without drainage system","Bihar","PATNA(DISTRICT PLANNING OFFICER PATNA_IDA)","Shri Khiru Mahto (2022-28) (2022-2028)","Elected MP","Construction of PCC Road from the house of Pankaj jee to the house of Rakesh jee in Rajendra Colony","12-Oct-2024","31-Oct-2024","1455867","Physical Inspection"
"638","Normal/Others","WS/MP053/2024-2025/146927-Construction of roads, link roads, pathways or any other road with or without drainage system","Bihar","PATNA(DISTRICT PLANNING OFFICER PATNA_IDA)","Shri Khiru Mahto (2022-28) (2022-2028)","Elected MP","CONSTRUCTION OF PCC ROAD FROM THE HOUSE OF SUBODH SINGH TO THE HOUSE OF ASHOK JEE IN RAJENDRA COLONY","12-Oct-2024","31-Oct-2024","1453347","Physical Inspection"
"639","Normal/Others","WS/MP053/2024-2025/146928-Construction of roads, link roads, pathways or any other road with or without drainage system","Bihar","PATNA(DISTRICT PLANNING OFFICER PATNA_IDA)","Shri Khiru Mahto (2022-28) (2022-2028)","Elected MP","CONSTRUCTION OF PCC ROAD FROM THE HOUSE OF WAKIL SAHAB TO THE HOUSE OF DR. ARVIND JEE","12-Oct-2024","31-Oct-2024","1454459","Physical Inspection"
"640","Normal/Others","WS/MP053/2024-2025/146929-Construction of roads, link roads, pathways or any other road with or without drainage system","Bihar","PATNA(DISTRICT PLANNING OFFICER PATNA_IDA)","Shri Khiru Mahto (2022-28) (2022-2028)","Elected MP","CONSTRUCTION OF PCC ROAD AND DRAINAGE SYSTEM FROM GURUGOVIND SINGH MAIN ROAD TO THE BOUNDARY WALL OF SUNIL SINGH IN SHRI RAM COLONY","12-Oct-2024","31-Oct-2024","1464352","Physical Inspection"
"641","Normal/Others","WS/MP053/2024-2025/146930-Construction of roads, link roads, pathways or any other road with or without drainage system","Bihar","PATNA(DISTRICT PLANNING OFFICER PATNA_IDA)","Shri Khiru Mahto (2022-28) (2022-2028)","Elected MP","CONSTRUCTION OF PCC ROAD FRORANIPUR CHAKIYA MAIN ROAD TO THE LAND OF RADHE MAHTO","12-Oct-2024","31-Oct-2024","969582","Physical Inspection"
"642","Normal/Others","WS/MP053/2024-2025/146972-Construction of roads, link roads, pathways or any other road with or without drainage system","Bihar","PATNA(DISTRICT PLANNING OFFICER PATNA_IDA)","Shri Khiru Mahto (2022-28) (2022-2028)","Elected MP","CONSTRUCTION OF PCC ROAD FROM THE HOUSE OF SURAJ JEE TO THE HOUSE OF MANISH KUMAR JEE ON RANIPUR CHAKIA ROAD","12-Oct-2024","31-Oct-2024","969783","Physical Inspection"
"643","Normal/Others","WS/MP18300/2024-2025/147135-Construction of roads, link roads, pathways or any other road with or without drainage system","Bihar","PATNA(DISTRICT PLANNING OFFICER PATNA_IDA)","Dr. Bhim Singh (2024-30) (2024-2030)","Elected MP","PCC road construction work from  Playground to The Main gate in Ram Lakhan Singh College","14-Oct-2024","21-Oct-2024","1495416","Physical Inspection"
"644","Normal/Others","WS/MP18300/2024-2025/147136-Construction of roads, link roads, pathways or any other road with or without drainage system","Bihar","PATNA(DISTRICT PLANNING OFFICER PATNA_IDA)","Dr. Bhim Singh (2024-30) (2024-2030)","Elected MP","PCC Road construction work from Accounts Department to Playground in Ram Lakhan Singh College","14-Oct-2024","21-Oct-2024","1495321","Physical Inspection"
"645","Normal/Others","WS/MP052/2024-2025/148014-Construction of roads, link roads, pathways or any other road with or without drainage system","Bihar","PASHCHIM CHAMPARAN(DISTRICT PLANNING OFFICER WEST CHAMPARANBETTIAH_IDA)","Shri Satish Chandra Dubey (2022-28) (2022-2028)","Elected MP","Construction of P. C. C. Road From near the bamboo of Israfil Miya in village Patkhauli of village Panchayat Raj Majharia of block Gaunaha of district West Champaran to Dhangad Toli on the main road. Estimated cost Rs. 1150000","17-Oct-2024","06-Mar-2025","1135793","Physical Inspection"
"646","Normal/Others","WS/MP052/2024-2025/148020-Construction of roads, link roads, pathways or any other road with or without drainage system","Bihar","PURBI CHAMPARAN(DISTRICT PLANNING OFFICER MOTHIHARI EAST CHAMPARAN_IDA)","Shri Satish Chandra Dubey (2022-28) (2022-2028)","Elected MP","Construction Of P. C. C road  from the main road leading to Hanuman Mandir till Virju Sah's house in the  village Badharwa Lakhan Sen of Village council of Badharwa Lakhan Sen, dhaka block in Motihari district. Estimated cost Rs. 1400000","17-Oct-2024","02-Nov-2024","1397071","Physical Inspection"
"647","Normal/Others","WS/MP052/2024-2025/148021-Construction of roads, link roads, pathways or any other road with or without drainage system","Bihar","PURBI CHAMPARAN(DISTRICT PLANNING OFFICER MOTHIHARI EAST CHAMPARAN_IDA)","Shri Satish Chandra Dubey (2022-28) (2022-2028)","Elected MP","Construction Of P. C. C road  from Alha Sah's house leading to P. H. C in the  village Badharwa Lakhan Sen of Village council of Badharwa Lakhan Sen, dhaka block in Motihari district. Estimated cost Rs. 600000","17-Oct-2024","02-Nov-2024","597895","Physical Inspection"
"648","Normal/Others","WS/MP052/2024-2025/148493-Construction of roads, link roads, pathways or any other road with or without drainage system","Bihar","PASHCHIM CHAMPARAN(DISTRICT PLANNING OFFICER WEST CHAMPARANBETTIAH_IDA)","Shri Satish Chandra Dubey (2022-28) (2022-2028)","Elected MP","Construction Of P. C. C road  from the main road leading to belwa sathi nahar in the  village Village council of Madhopur ward no. 7 , gaunaha block in west champaran district. Estimated cost Rs. 600000","19-Oct-2024","06-Mar-2025","598811","Physical Inspection"
"649","Normal/Others","WS/MP052/2024-2025/148517-Construction of roads, link roads, pathways or any other road with or without drainage system","Bihar","PASHCHIM CHAMPARAN(DISTRICT PLANNING OFFICER WEST CHAMPARANBETTIAH_IDA)","Shri Satish Chandra Dubey (2022-28) (2022-2028)","Elected MP","Construction of P. C. C. Road  work in the road leading from Motilal Sah's farm towards Gonauli in village Varwa of Gram Panchayat Raj Siswaniya of block Lauria of district West Champaran. Estimated Amount Rs. 1000000","19-Oct-2024","15-Feb-2025","995979","Physical Inspection"
"650","Normal/Others","WS/MP052/2024-2025/148518-Construction of roads, link roads, pathways or any other road with or without drainage system","Bihar","PASHCHIM CHAMPARAN(DISTRICT PLANNING OFFICER WEST CHAMPARANBETTIAH_IDA)","Shri Satish Chandra Dubey (2022-28) (2022-2028)","Elected MP","Construction of P. C. C. Road  work in the road leading from Dr. Madhavkant Rao's clinic towards Devi sthan in village council of mathiya in village parsa of block Lauria of district West Champaran. Estimated Amount Rs. 1000000","19-Oct-2024","15-Feb-2025","995745","Physical Inspection"
"651","Normal/Others","WS/MP052/2024-2025/148530-Construction of roads, link roads, pathways or any other road with or without drainage system","Bihar","PASHCHIM CHAMPARAN(DISTRICT PLANNING OFFICER WEST CHAMPARANBETTIAH_IDA)","Shri Satish Chandra Dubey (2022-28) (2022-2028)","Elected MP","Construction of P. C. C. Road  work in the inarwa main road leading from Paras mukhiya's farms to Umesh and Hira sah's farms  in village council of tola chapariya, village  rampurwa, block Maintanr of district West Champaran. Estimated Amount Rs. 1499000","19-Oct-2024","14-Dec-2024","1481607","Physical Inspection"
"652","Normal/Others","WS/MP052/2024-2025/148542-Construction of roads, link roads, pathways or any other road with or without drainage system","Bihar","PASHCHIM CHAMPARAN(DISTRICT PLANNING OFFICER WEST CHAMPARANBETTIAH_IDA)","Shri Satish Chandra Dubey (2022-28) (2022-2028)","Elected MP","Construction of P. C. C. Road and stream work from kanhaiya sah's house to road leading to M. P. Pandey's house via  bandhan bank in nagar nigam bettiah, ward no. - 4,  district West Champaran. Estimated Amount Rs. 1499000","19-Oct-2024","21-Nov-2024","1490958","Physical Inspection"
"653","Normal/Others","WS/MP052/2024-2025/148544-Construction of roads, link roads, pathways or any other road with or without drainage system","Bihar","PASHCHIM CHAMPARAN(DISTRICT PLANNING OFFICER WEST CHAMPARANBETTIAH_IDA)","Shri Satish Chandra Dubey (2022-28) (2022-2028)","Elected MP","P. C. C road construction work from Arman Mia's house to Banaras Mahato farm on the road going from village Pipra of village Pipra of Raj Sugauli of block Narkatiaganj of district West Champaran. Estimated Amount Rs. 600000","19-Oct-2024","16-Jan-2025","595983","Physical Inspection"
"654","Normal/Others","WS/MP052/2024-2025/148574-Construction of roads, link roads, pathways or any other road with or without drainage system","Bihar","PASHCHIM CHAMPARAN(DISTRICT PLANNING OFFICER WEST CHAMPARANBETTIAH_IDA)","Shri Satish Chandra Dubey (2022-28) (2022-2028)","Elected MP","construction of P. C. C. Road  work from Shri Sitaram Patel J's house to Shri Vipin Pandey's house in village Virti Tola Ward No. 06 of Gram Panchayat Raj Rajpur Tumkadia of Block Narkatiaganj. Estimated Amount Rs. 600000","19-Oct-2024","24-Dec-2024","600000","Sanction"
"655","Normal/Others","WS/MP052/2024-2025/148726-Construction of roads, link roads, pathways or any other road with or without drainage system","Bihar","PASHCHIM CHAMPARAN(DISTRICT PLANNING OFFICER WEST CHAMPARANBETTIAH_IDA)","Shri Satish Chandra Dubey (2022-28) (2022-2028)","Elected MP","Construction of P. C. C. Road  work path leading from pakadiya tola to Bhediharwa in village bhediharwa, village council bhediharwa,  Block   Narkatiyaganj West champaran bihar. Estimated Amount Rs. 600000","20-Oct-2024","09-Dec-2024","596582","Physical Inspection"
"656","Normal/Others","WS/MP052/2024-2025/148727-Construction of roads, link roads, pathways or any other road with or without drainage system","Bihar","PASHCHIM CHAMPARAN(DISTRICT PLANNING OFFICER WEST CHAMPARANBETTIAH_IDA)","Shri Satish Chandra Dubey (2022-28) (2022-2028)","Elected MP","Construction of bricks soling and P. C. C. Road  work jaymanglapur main road to brahm sthan in village jaymanglapur, Ward No.- 08, village council Dhumnagar, Block   Narkatiyaganj West champaran bihar. Estimated Amount Rs. 600000","20-Oct-2024","24-Dec-2024","600000","Sanction"
"657","Normal/Others","WS/MP052/2024-2025/148728-Construction of roads, link roads, pathways or any other road with or without drainage system","Bihar","PASHCHIM CHAMPARAN(DISTRICT PLANNING OFFICER WEST CHAMPARANBETTIAH_IDA)","Shri Satish Chandra Dubey (2022-28) (2022-2028)","Elected MP","Construction of P. C. C. Road  work path leading from PWD road to sree Vinod ram via Punnu shrivastava's house in Pipra diuliya, municipal council Narkatiyaganj, Ward No. 25,  Block   Narkatiyaganj West champaran bihar. Estimated Amount Rs. 600000","20-Oct-2024","09-Dec-2024","597223","Physical Inspection"
"658","Normal/Others","WS/MP052/2024-2025/148729-Construction of roads, link roads, pathways or any other road with or without drainage system","Bihar","PASHCHIM CHAMPARAN(DISTRICT PLANNING OFFICER WEST CHAMPARANBETTIAH_IDA)","Shri Satish Chandra Dubey (2022-28) (2022-2028)","Elected MP","ward no. 23","20-Oct-2024","04-Mar-2025","589705","Physical Inspection"
"659","Normal/Others","WS/MP052/2024-2025/148730-Construction of roads, link roads, pathways or any other road with or without drainage system","Bihar","PASHCHIM CHAMPARAN(DISTRICT PLANNING OFFICER WEST CHAMPARANBETTIAH_IDA)","Shri Satish Chandra Dubey (2022-28) (2022-2028)","Elected MP","Construction of P. C. C. Road  work from Manir khan's house to chhath ghat  in village Jaminiya, Ward No. 13, of Gram Panchayat Raj Dhumnagar,  Block   Narkatiyaganj West champaran bihar. Estimated Amount Rs. 600000","20-Oct-2024","21-Mar-2025","590782","Physical Inspection"
"660","Normal/Others","WS/MP052/2024-2025/148731-Construction of roads, link roads, pathways or any other road with or without drainage system","Bihar","PASHCHIM CHAMPARAN(DISTRICT PLANNING OFFICER WEST CHAMPARANBETTIAH_IDA)","Shri Satish Chandra Dubey (2022-28) (2022-2028)","Elected MP","Construction of Bricks soling and P. C. C. Road  work from sree Vindresh tiwari's house to sree satyanarayan pandey's house in village Ankhwan Jaminiya, Ward No. 14, of Gram Panchayat Raj Dhumnagar,  Block   Narkatiyaganj West champaran bihar. Estimated Amount Rs. 600000","20-Oct-2024","09-Dec-2024","595873","Physical Inspection"
"661","Normal/Others","WS/MP052/2024-2025/148732-Construction of roads, link roads, pathways or any other road with or without drainage system","Bihar","PASHCHIM CHAMPARAN(DISTRICT PLANNING OFFICER WEST CHAMPARANBETTIAH_IDA)","Shri Satish Chandra Dubey (2022-28) (2022-2028)","Elected MP","construction of P. C. C. Road  work from main road to Bambam gupta's hiuse in village Jaminiya, Ward No. 13, of Gram Panchayat Raj Dhumnagar,  Block   Narkatiyaganj West champaran bihar. Estimated Amount Rs. 600000","20-Oct-2024","24-Dec-2024","596398","Physical Inspection"
"662","Normal/Others","WS/MP052/2024-2025/148733-Construction of roads, link roads, pathways or any other road with or without drainage system","Bihar","PASHCHIM CHAMPARAN(DISTRICT PLANNING OFFICER WEST CHAMPARANBETTIAH_IDA)","Shri Satish Chandra Dubey (2022-28) (2022-2028)","Elected MP","Construction of P. C. C. Road  work from Shri sree kali mai sthan to sree Manikant upadhya's hiuse village Bakwa, Ward No. 04, of Gram Panchayat Raj chandarpur ratwal,  Block Block Bagha-1 West champaran bihar. Estimated Amount Rs. 600000","20-Oct-2024","23-Dec-2024","597473","Physical Inspection"
"663","Normal/Others","WS/MP052/2024-2025/148739-Construction of roads, link roads, pathways or any other road with or without drainage system","Bihar","PASHCHIM CHAMPARAN(DISTRICT PLANNING OFFICER WEST CHAMPARANBETTIAH_IDA)","Shri Satish Chandra Dubey (2022-28) (2022-2028)","Elected MP","Construction of P. C. C. Road  work path leading from mahjan miya's house to Ramadhawat Padit's house in village Sirisiya, Ward no. 05, village council Sirisiya ,  Block   Sikta West champaran bihar. Estimated Amount Rs. 600000","20-Oct-2024","18-Mar-2025","592470","Physical Inspection"
"664","Normal/Others","WS/MP052/2024-2025/148740-Construction of roads, link roads, pathways or any other road with or without drainage system","Bihar","PASHCHIM CHAMPARAN(DISTRICT PLANNING OFFICER WEST CHAMPARANBETTIAH_IDA)","Shri Satish Chandra Dubey (2022-28) (2022-2028)","Elected MP","Construction of P. C. C. Road  work path leading from main road via Bhikhari yadav's house to Sukhal paswan's house in village Sherwa bhuski, ward no. - 9, village council Dangraul,  Block   Narkatiyaganj West champaran bihar. Estimated Amount Rs. 600000","20-Oct-2024","24-Dec-2024","598942","Physical Inspection"
"665","Normal/Others","WS/MP18300/2024-2025/149654-Construction of roads, link roads, pathways or any other road with or without drainage system","Bihar","PATNA(DISTRICT PLANNING OFFICER PATNA_IDA)","Dr. Bhim Singh (2024-30) (2024-2030)","Elected MP","PCC road construction work from Anubhuti ji's house to Sharan ji's house via Sunil ji's house in Mitra Mandal Colony of Municipal Council of Ward No. 11 of Phulwari  Block under Phulwari Legislative Assembly","28-Oct-2024","18-Nov-2024","1496415","Physical Inspection"
"666","Normal/Others","WS/MP18300/2024-2025/149655-Construction of roads, link roads, pathways or any other road with or without drainage system","Bihar","PATNA(DISTRICT PLANNING OFFICER PATNA_IDA)","Dr. Bhim Singh (2024-30) (2024-2030)","Elected MP","PCC road construction work from the house of Dinanath Yadav towards the house of RB Mahato in D sector in Mitra Mandal Colony of Municipal Corporation in Ward No. 11 of Phulwari  Block under Phulwari Legislative Assembly","28-Oct-2024","18-Nov-2024","1493951","Physical Inspection"
"667","Normal/Others","WS/MP18332/2025-2026/149799-Construction of roads, link roads, pathways or any other road with or without drainage system","Bihar","DARBHANGA(DISTRICT PLANNING OFFICER DARBANGA_IDA)","Dr. Dharmshila Gupta (2024-30) (2024-2030)","Elected MP","PCC ROAD- BAHADURPUR PANCHYAT TARALAHI WARD NO 6 ME RAM CHANDRA BHAGAT KE GHAR SE ASHARFI BHAGAT KE PAN BAGAN TAK ROAD CONSTRUCTION","29-Oct-2024","18-Sep-2025","799800","Work partially Completed"
"668","Normal/Others","WS/MP052/2024-2025/150004-Construction of roads, link roads, pathways or any other road with or without drainage system","Bihar","PURBI CHAMPARAN(DISTRICT PLANNING OFFICER MOTHIHARI EAST CHAMPARAN_IDA)","Shri Satish Chandra Dubey (2022-28) (2022-2028)","Elected MP","Construction of P. C. C. Road  work path leading from Bhikhari Sahani's house via Munni Shani's house to middle school tola kuvra in village kubra, ward no. - 17, village council Harsiddhi pakadiya,  Block   harsidhi east champaran bihar. Estimated Amount 1499900","29-Oct-2024","15-Nov-2024","1489103","Physical Inspection"
"669","Normal/Others","WS/MP052/2024-2025/150005-Construction of roads, link roads, pathways or any other road with or without drainage system","Bihar","PURBI CHAMPARAN(DISTRICT PLANNING OFFICER MOTHIHARI EAST CHAMPARAN_IDA)","Shri Satish Chandra Dubey (2022-28) (2022-2028)","Elected MP","Construction of P. C. C. Road  work path leading from Yogi Sahani's house to sarpabch sree Sahani's house in village sonvarsha, ward no. - 05, village council sonvarsha,  Block   harsidhi east champaran bihar. Estimated Amount 1499900","29-Oct-2024","15-Nov-2024","1488973","Physical Inspection"
"670","Normal/Others","WS/MP052/2024-2025/150006-Construction of roads, link roads, pathways or any other road with or without drainage system","Bihar","PURBI CHAMPARAN(DISTRICT PLANNING OFFICER MOTHIHARI EAST CHAMPARAN_IDA)","Shri Satish Chandra Dubey (2022-28) (2022-2028)","Elected MP","Construction of bricks soling and P. C. C. Road  work path leading from s. H. 54 Oxford coaching center to Hridyanand pandey's house in, ward no. - 29, Town council motihari ,  Block   turkauliya east champaran bihar. Estimated Amount 1499900","29-Oct-2024","05-Dec-2024","1488584","Physical Inspection"
"671","Normal/Others","WS/MP052/2024-2025/150007-Construction of roads, link roads, pathways or any other road with or without drainage system","Bihar","PURBI CHAMPARAN(DISTRICT PLANNING OFFICER MOTHIHARI EAST CHAMPARAN_IDA)","Shri Satish Chandra Dubey (2022-28) (2022-2028)","Elected MP","Construction of bricks soling and P. C. C. Road  work in path leading from R. W. D. Road to Shiv mandir  in, ward no. 9, village council bedivan madhuban, Block - chakiya, east champaran bihar. Estimated Amount 1499900","29-Oct-2024","16-Dec-2024","1484381","Physical Inspection"
"672","Normal/Others","WS/MP052/2024-2025/150008-Construction of roads, link roads, pathways or any other road with or without drainage system","Bihar","PURBI CHAMPARAN(DISTRICT PLANNING OFFICER MOTHIHARI EAST CHAMPARAN_IDA)","Shri Satish Chandra Dubey (2022-28) (2022-2028)","Elected MP","Construction of bricks soling and P. C. C. Road  work in path leading from R. W. D. Road to pandey tola in ward no. 11, village council bedivan madhuban, Block - chakiya, east champaran bihar. Estimated Amount 1499900","29-Oct-2024","16-Dec-2024","1484397","Physical Inspection"
"673","Normal/Others","WS/MP052/2024-2025/150009-Construction of roads, link roads, pathways or any other road with or without drainage system","Bihar","PASHCHIM CHAMPARAN(DISTRICT PLANNING OFFICER WEST CHAMPARANBETTIAH_IDA)","Shri Satish Chandra Dubey (2022-28) (2022-2028)","Elected MP","Construction of  Contact Road (Sampark path)  work in path leading from shri Kedarnath tiwari's house via shri Arvind upadhya's house to J. P. Yadav's house in ward no. 27, town council Bettiah, west champaran bihar. Estimated Amount 1400000.","29-Oct-2024","09-Dec-2024","1389901","Physical Inspection"
"674","Normal/Others","WS/MP052/2024-2025/150010-Construction of roads, link roads, pathways or any other road with or without drainage system","Bihar","PASHCHIM CHAMPARAN(DISTRICT PLANNING OFFICER WEST CHAMPARANBETTIAH_IDA)","Shri Satish Chandra Dubey (2022-28) (2022-2028)","Elected MP","Construction of Contact Road (Sampark Path work in path leading from shri Amresh kumar's house via shri Nand kishore's hous, Raj kishore's house and Anil thakur's house to Daptauwa mai in ward no. 27, town council Bettiah, west champaran bihar. Estimated Amount 1499900","29-Oct-2024","09-Dec-2024","1490971","Physical Inspection"
"675","Normal/Others","WS/MP052/2024-2025/150011-Construction of roads, link roads, pathways or any other road with or without drainage system","Bihar","PASHCHIM CHAMPARAN(DISTRICT PLANNING OFFICER WEST CHAMPARANBETTIAH_IDA)","Shri Satish Chandra Dubey (2022-28) (2022-2028)","Elected MP","Construction of  P. C. C. Road  work in path leading from shri Pintu dubey's house to shri Chandrabhushan dubey's house in village - Harsari, ward no. 12, village council Purainiya Harsari, Block - Narkatiyaganj, west champaran bihar. Estimated Amount Rs. 700000","29-Oct-2024","24-Dec-2024","597802","Physical Inspection"
"676","Normal/Others","WS/MP052/2024-2025/150012-Construction of roads, link roads, pathways or any other road with or without drainage system","Bihar","PASHCHIM CHAMPARAN(DISTRICT PLANNING OFFICER WEST CHAMPARANBETTIAH_IDA)","Shri Satish Chandra Dubey (2022-28) (2022-2028)","Elected MP","Construction of bricks soling and P. C. C. Road  work in path leading from Uttam prasad's house to Main road in ward no. 5, village - bhariyani, village council valmikinagar, Block - bagha-2, west champaran bihar. Estimated Amount 600000","29-Oct-2024","25-Feb-2025","598210","Physical Inspection"
"677","Normal/Others","WS/MP18300/2024-2025/150049-Construction of roads, link roads, pathways or any other road with or without drainage system","Bihar","PATNA(DISTRICT PLANNING OFFICER PATNA_IDA)","Dr. Bhim Singh (2024-30) (2024-2030)","Elected MP","Construction work of underground drain and P.C.C from Rakesh Kumar's house to Kalavati ji's house in Vrindavan Colony under Ward No. 13.","30-Oct-2024","22-Nov-2024","1484050","Physical Inspection"
"678","Normal/Others","WS/MP18300/2024-2025/150050-Construction of roads, link roads, pathways or any other road with or without drainage system","Bihar","PATNA(DISTRICT PLANNING OFFICER PATNA_IDA)","Dr. Bhim Singh (2024-30) (2024-2030)","Elected MP","Construction work of underground drain and P.C.C from Ratneshwar ji's house to Ramdulari ji's house in Vrindavan Colony under Ward No. 13.","30-Oct-2024","22-Nov-2024","1481500","Physical Inspection"
"679","Normal/Others","WS/MP18300/2025-2026/150088-Construction of roads, link roads, pathways or any other road with or without drainage system","Bihar","NAWADA(District Planning Officer NAWADA_IDA)","Dr. Bhim Singh (2024-30) (2024-2030)","Elected MP","Construction work of drain, PCC and side wall from the newly created school Surya Mandir to slum in Mohalla-Mirzapur  ward number 13","30-Oct-2024","26-May-2025","1494400","Physical Inspection"
"680","Normal/Others","WS/MP18332/2024-2025/150749-Construction of roads, link roads, pathways or any other road with or without drainage system","Bihar","SAMASTIPUR(DISTRICT PLANNING OFFICER SAMASTIPUR_IDA)","Dr. Dharmshila Gupta (2024-30) (2024-2030)","Elected MP","PCC ROAD- PUSA MORSAND, WARD NO -9 ME AMRENDRA MISHRA KE GHAR SE SHARIKHAN CHOWK KI ORE JANE WALI SADAK, PCC ROAD CONSTRUCITON","05-Nov-2024","03-Dec-2024","1393634","Physical Inspection"
"681","Normal/Others","WS/MP18332/2024-2025/150750-Construction of roads, link roads, pathways or any other road with or without drainage system","Bihar","PURBI CHAMPARAN(DISTRICT PLANNING OFFICER MOTHIHARI EAST CHAMPARAN_IDA)","Dr. Dharmshila Gupta (2024-30) (2024-2030)","Elected MP","PCC ROAD- MOTIHARI EAST, KALYANPUR PRAKHAND, SITALPUR , WARD NO -14 ME SHAMBHU RAM KE GHAR SE SHIV MANDIR TAK SADAK, PCC ROAD CONSTRUCITON","05-Nov-2024","30-Nov-2024","1483437","Physical Inspection"
"682","Normal/Others","WS/MP18332/2024-2025/150751-Construction of roads, link roads, pathways or any other road with or without drainage system","Bihar","PURBI CHAMPARAN(DISTRICT PLANNING OFFICER MOTHIHARI EAST CHAMPARAN_IDA)","Dr. Dharmshila Gupta (2024-30) (2024-2030)","Elected MP","PCC ROAD- MOTIHARI EAST, KALYANPUR PRAKHAND, BHUAN CHHAPRA ,WARD NO -14 ME TOWER KE NAJKIS SE BANGALI BAITHA KE GHAR TAK SADAK, PCC ROAD CONSTRUCITON","05-Nov-2024","30-Nov-2024","989445","Physical Inspection"
"683","Normal/Others","WS/MP18332/2024-2025/150752-Construction of roads, link roads, pathways or any other road with or without drainage system","Bihar","PURBI CHAMPARAN(DISTRICT PLANNING OFFICER MOTHIHARI EAST CHAMPARAN_IDA)","Dr. Dharmshila Gupta (2024-30) (2024-2030)","Elected MP","PCC ROAD- MOTIHARI EAST, KALYANPUR PRAKHAND, BHUAN CHHAPRA ,WARD NO -11 ME RAM JAS MAHTO KE GHAR SE NARESH MAHTO KE GHAR TAK SADAK, PCC ROAD CONSTRUCITON","05-Nov-2024","30-Nov-2024","486574","Physical Inspection"
"684","Normal/Others","WS/MP18332/2024-2025/150753-Construction of roads, link roads, pathways or any other road with or without drainage system","Bihar","PURBI CHAMPARAN(DISTRICT PLANNING OFFICER MOTHIHARI EAST CHAMPARAN_IDA)","Dr. Dharmshila Gupta (2024-30) (2024-2030)","Elected MP","PCC ROAD- MOTIHARI EAST, TURKAULIA PRAKHAND, BLWA RAY TOLA ,WARD NO -8 ME JORIA PUL SE DARSHAN BARI TAK SADAK, PCC ROAD CONSTRUCITON","05-Nov-2024","14-Jan-2025","1488800","Physical Inspection"
"685","Normal/Others","WS/MP18332/2024-2025/150755-Construction of roads, link roads, pathways or any other road with or without drainage system","Bihar","PURBI CHAMPARAN(DISTRICT PLANNING OFFICER MOTHIHARI EAST CHAMPARAN_IDA)","Dr. Dharmshila Gupta (2024-30) (2024-2030)","Elected MP","PCC ROAD- MOTIHARI EAST, MEHSI PRAKHAND, BARKURWA ,WARD NO -5 ME REO ROAD SE BAKHRI ROAD TAK SADAK, PCC ROAD CONSTRUCITON","05-Nov-2024","11-Dec-2024","1483353","Physical Inspection"
"686","Normal/Others","WS/MP18332/2024-2025/150756-Construction of roads, link roads, pathways or any other road with or without drainage system","Bihar","PURBI CHAMPARAN(DISTRICT PLANNING OFFICER MOTHIHARI EAST CHAMPARAN_IDA)","Dr. Dharmshila Gupta (2024-30) (2024-2030)","Elected MP","PCC ROAD- MOTIHARI EAST, DHAKA PRAKHAND, BARHARWA LAKHANSEN,WARD NO -1 ME MAIN ROAD SE VINOD SAH KE GHAR TAK SADAK, PCC ROAD CONSTRUCITON","05-Nov-2024","31-Dec-2024","988674","Physical Inspection"
"687","Normal/Others","WS/MP052/2024-2025/150757-Construction of roads, link roads, pathways or any other road with or without drainage system","Bihar","PURBI CHAMPARAN(DISTRICT PLANNING OFFICER MOTHIHARI EAST CHAMPARAN_IDA)","Shri Satish Chandra Dubey (2022-28) (2022-2028)","Elected MP","Construction of  P. C. C. Road  work in path leading from semra pandey tola to ahead in village - Semra pandey tola, village council semra, Block - banjariya, east champaran bihar. Estimated cost - 1000000","05-Nov-2024","30-Nov-2024","997690","Physical Inspection"
"688","Normal/Others","WS/MP052/2024-2025/150758-Construction of roads, link roads, pathways or any other road with or without drainage system","Bihar","PURBI CHAMPARAN(DISTRICT PLANNING OFFICER MOTHIHARI EAST CHAMPARAN_IDA)","Shri Satish Chandra Dubey (2022-28) (2022-2028)","Elected MP","Construction of  Bricks soling  work in path leading from virtiya village to ahead in village - Viratiya, village council semra, Block - banjariya, east champaran bihar. Estimated cost - 1499900.","05-Nov-2024","30-Nov-2024","1496691","Physical Inspection"
"689","Normal/Others","WS/MP052/2024-2025/150760-Construction of roads, link roads, pathways or any other road with or without drainage system","Bihar","PURBI CHAMPARAN(DISTRICT PLANNING OFFICER MOTHIHARI EAST CHAMPARAN_IDA)","Shri Satish Chandra Dubey (2022-28) (2022-2028)","Elected MP","Construction of  P.C.C. work in path leading ahead Semra Bazar in village - Semra, village council semra, Block - banjariya, east champaran bihar. Estimated cost - 1000000","05-Nov-2024","30-Nov-2024","996618","Physical Inspection"
"690","Normal/Others","WS/MP001/2024-2025/151555-Construction of roads, link roads, pathways or any other road with or without drainage system","Bihar","PATNA(DISTRICT PLANNING OFFICER PATNA_IDA)","Shri Shambhu Sharan Patel (2022-28) (2022-2028)","Elected MP","2. PCC construction work in the road leading from house number L-1/8 to house number L- 1/22 in Ward No. 21 Shri Krishnapuri under Bankipur Assembly. Estimated Amount 15,00,000/-( Fifteen Lakh only)","09-Nov-2024","20-Nov-2024","1461589","Physical Inspection"
"691","Normal/Others","WS/MP001/2024-2025/151556-Construction of roads, link roads, pathways or any other road with or without drainage system","Bihar","PATNA(DISTRICT PLANNING OFFICER PATNA_IDA)","Shri Shambhu Sharan Patel (2022-28) (2022-2028)","Elected MP","Hatim Manzil to the house of Shri Arvind Kumar Singh  in house No-L-1/6 Ward No. 21 Shri Krishnapuri under Bankipur Assembly.","09-Nov-2024","20-Nov-2024","1461722","Physical Inspection"
"692","Normal/Others","WS/MP044/2024-2025/153110-Construction of roads, link roads, pathways or any other road with or without drainage system","Bihar","PATNA(DISTRICT PLANNING OFFICER PATNA_IDA)","Shri Akhilesh Prasad Singh (2024-30) (2024-2030)","Elected MP","Construction of PCC raod in danapur assembly from venus paradise towards ayush electrical sales & service","19-Nov-2024","11-Dec-2024","1484000","Physical Inspection"
"693","Normal/Others","WS/MP044/2024-2025/153111-Construction of roads, link roads, pathways or any other road with or without drainage system","Bihar","PATNA(DISTRICT PLANNING OFFICER PATNA_IDA)","Shri Akhilesh Prasad Singh (2024-30) (2024-2030)","Elected MP","Construction of PCC raod in Danapur assembly from kaushalaya general store to tinmuhan","19-Nov-2024","11-Dec-2024","1484000","Physical Inspection"
"694","Normal/Others","WS/MP044/2024-2025/153115-Construction of roads, link roads, pathways or any other road with or without drainage system","Bihar","PATNA(DISTRICT PLANNING OFFICER PATNA_IDA)","Shri Akhilesh Prasad Singh (2024-30) (2024-2030)","Elected MP","Construction of PCC raod in danapur assembly from tinmuhan to singh complex","19-Nov-2024","11-Dec-2024","1480000","Physical Inspection"
"695","Normal/Others","WS/MP044/2024-2025/153116-Construction of roads, link roads, pathways or any other road with or without drainage system","Bihar","PATNA(DISTRICT PLANNING OFFICER PATNA_IDA)","Shri Akhilesh Prasad Singh (2024-30) (2024-2030)","Elected MP","Construction of PCC raod in danapur assembly form singh complex towards lifeline jim","19-Nov-2024","11-Dec-2024","1481200","Physical Inspection"
"696","Normal/Others","WS/MP044/2024-2025/153117-Construction of roads, link roads, pathways or any other road with or without drainage system","Bihar","PATNA(DISTRICT PLANNING OFFICER PATNA_IDA)","Shri Akhilesh Prasad Singh (2024-30) (2024-2030)","Elected MP","Construction of PCC raod in danapur assembly from kritika enterprises towards holy mission school approach raod","19-Nov-2024","11-Dec-2024","1483100","Physical Inspection"
"697","Normal/Others","WS/MP044/2024-2025/153125-Construction of roads, link roads, pathways or any other road with or without drainage system","Bihar","PATNA(DISTRICT PLANNING OFFICER PATNA_IDA)","Shri Akhilesh Prasad Singh (2024-30) (2024-2030)","Elected MP","Construction of PCC raod in danapur Assembly from Raja ram Singh towards Govinda International School","19-Nov-2024","11-Dec-2024","1470000","Physical Inspection"
"698","Normal/Others","WS/MP044/2024-2025/153141-Construction of roads, link roads, pathways or any other road with or without drainage system","Bihar","PATNA(DISTRICT PLANNING OFFICER PATNA_IDA)","Shri Akhilesh Prasad Singh (2024-30) (2024-2030)","Elected MP","Construction of PCC raod in Danapur Assembly from Bhola Singh Boundry towards Raja ram singh","19-Nov-2024","11-Dec-2024","1465500","Physical Inspection"
"699","Normal/Others","WS/MP052/2024-2025/156046-Construction of roads, link roads, pathways or any other road with or without drainage system","Bihar","PASHCHIM CHAMPARAN(DISTRICT PLANNING OFFICER WEST CHAMPARANBETTIAH_IDA)","Shri Satish Chandra Dubey (2022-28) (2022-2028)","Elected MP","Construction of P. C. C. Road  work path leading from Sri Shambunath Tiwari's house to Sri Munna tiwari's house in village - sugauli, ward no.-  7, po- sugauli west champaran bihar. Estimated Amount Rs. 750000","30-Nov-2024","07-Feb-2025","744572","Physical Inspection"
"700","Normal/Others","WS/MP052/2024-2025/156048-Construction of roads, link roads, pathways or any other road with or without drainage system","Bihar","PASHCHIM CHAMPARAN(DISTRICT PLANNING OFFICER WEST CHAMPARANBETTIAH_IDA)","Shri Satish Chandra Dubey (2022-28) (2022-2028)","Elected MP","Construction of P. C. C. Road  work path leading from Belwa sathi kanal west dam  to Sri Ravindra mishra's house in Nagar parishad ward no.-  19, west champaran bihar. Estimated Amount Rs. 700000","30-Nov-2024","26-Mar-2025","694205","Physical Inspection"
"701","Normal/Others","WS/MP052/2024-2025/156051-Construction of roads, link roads, pathways or any other road with or without drainage system","Bihar","PURBI CHAMPARAN(DISTRICT PLANNING OFFICER MOTHIHARI EAST CHAMPARAN_IDA)","Shri Satish Chandra Dubey (2022-28) (2022-2028)","Elected MP","Construction of P. C. C. Road  work path leading from turhatoli chwok to Sri Ramlochan padit's house via Yogi yadav's house  in village - council nagdaha, block - areraj,  east champaran bihar. Estimated Amount Rs. 1000000","30-Nov-2024","14-Jan-2025","989000","Physical Inspection"
"702","Normal/Others","WS/MP052/2024-2025/156052-Construction of roads, link roads, pathways or any other road with or without drainage system","Bihar","PASHCHIM CHAMPARAN(DISTRICT PLANNING OFFICER WEST CHAMPARANBETTIAH_IDA)","Shri Satish Chandra Dubey (2022-28) (2022-2028)","Elected MP","Construction of P. C. C. Road  work path leading from Lalbabu sah's house to chhath ghat  in village - lachhnauta, ward no. - 09, village  council lachhnauta, block - gaunaha,  west champaran bihar. Estimated Amount Rs. 1000000","30-Nov-2024","24-Dec-2024","998348","Physical Inspection"
"703","Normal/Others","WS/MP052/2024-2025/156054-Construction of roads, link roads, pathways or any other road with or without drainage system","Bihar","PASHCHIM CHAMPARAN(DISTRICT PLANNING OFFICER WEST CHAMPARANBETTIAH_IDA)","Shri Satish Chandra Dubey (2022-28) (2022-2028)","Elected MP","Construction of P. C. C. Road  work path leading from machharganwan vishrampur main road  to Sri Kanahiya chaubey's house  in village - vishrampur, ward no. - 05, village  council darwaliya, yogapatti,  west champaran bihar. Estimated Amount Rs. 600000.","30-Nov-2024","26-Mar-2025","598900","Work partially Completed"
"704","Normal/Others","WS/MP041/2024-2025/156328-Construction of roads, link roads, pathways or any other road with or without drainage system","Bihar","MADHUBANI(DISTRICT PLANNING OFFICER MADHUBANI_IDA)","Dr. Faiyaz Ahmad (2022-28) (2022-2028)","Elected MP","Bisfi Prakhand ke Sohans panchayat me mushari dalan se barkan chowk tak PCC Sadak Nirman","01-Dec-2024","28-Mar-2025","1074198","Physical Inspection"
"705","Normal/Others","WS/MP041/2025-2026/156329-Construction of roads, link roads, pathways or any other road with or without drainage system","Bihar","MADHUBANI(DISTRICT PLANNING OFFICER MADHUBANI_IDA)","Dr. Faiyaz Ahmad (2022-28) (2022-2028)","Elected MP","Bisfi prakhand ke balha ward no-06 and 07 Mahesh sahni ke ghar se chhedi sahni ke ghar tak PCC Sadak Nirman Karye","01-Dec-2024","30-May-2025","946330","Physical Inspection"
"706","Normal/Others","WS/MP041/2025-2026/156330-Construction of roads, link roads, pathways or any other road with or without drainage system","Bihar","MADHUBANI(DISTRICT PLANNING OFFICER MADHUBANI_IDA)","Dr. Faiyaz Ahmad (2022-28) (2022-2028)","Elected MP","Bisfi prakhand ke ghat bhatra singhiya purvi me harijan samudayak bhawan ka  nimarn","01-Dec-2024","17-Apr-2025","1358119","Physical Inspection"
"707","Normal/Others","WS/MP041/2024-2025/156332-Construction of roads, link roads, pathways or any other road with or without drainage system","Bihar","MADHUBANI(DISTRICT PLANNING OFFICER MADHUBANI_IDA)","Dr. Faiyaz Ahmad (2022-28) (2022-2028)","Elected MP","Bisfi prakhand ke hanuman nagar satyanarayan ke ghar se bouye lal ke ghar tak sadak 300 fit PCC","01-Dec-2024","01-Mar-2025","594460","Physical Inspection"
"708","Normal/Others","WS/MP041/2025-2026/156333-Construction of roads, link roads, pathways or any other road with or without drainage system","Bihar","MADHUBANI(DISTRICT PLANNING OFFICER MADHUBANI_IDA)","Dr. Faiyaz Ahmad (2022-28) (2022-2028)","Elected MP","Rahika prakhand ke malangiya ward no 22 baiju mahto ke ghar se mahadalit  tol tak PCC sadak nirman","01-Dec-2024","05-Jun-2025","779959","Physical Inspection"
"709","Normal/Others","WS/MP041/2025-2026/156334-Construction of roads, link roads, pathways or any other road with or without drainage system","Bihar","MADHUBANI(DISTRICT PLANNING OFFICER MADHUBANI_IDA)","Dr. Faiyaz Ahmad (2022-28) (2022-2028)","Elected MP","Bisfi prakhand ke motnaje ward no-10 Hukum Dev ke ghar se Vijay Yadav ke ghar tak PCC nirman","01-Dec-2024","17-Apr-2025","879617","Physical Inspection"
"710","Normal/Others","WS/MP041/2025-2026/156335-Construction of roads, link roads, pathways or any other road with or without drainage system","Bihar","MADHUBANI(DISTRICT PLANNING OFFICER MADHUBANI_IDA)","Dr. Faiyaz Ahmad (2022-28) (2022-2028)","Elected MP","Bisfi prakhand ke bisfi hat hafijul dr ke ghar se new masjid tak mittikaran aur PCC","01-Dec-2024","17-Apr-2025","1134083","Physical Inspection"
"711","Normal/Others","WS/MP041/2024-2025/156336-Construction of roads, link roads, pathways or any other road with or without drainage system","Bihar","MADHUBANI(DISTRICT PLANNING OFFICER MADHUBANI_IDA)","Dr. Faiyaz Ahmad (2022-28) (2022-2028)","Elected MP","Bisfi prakhand antargat aunsi babhangama ke  Dakshini panchayat me madrsa darul hadish ke pass do kamre ka samudayak bhawan ka nirman","01-Dec-2024","06-Mar-2025","1342864","Physical Inspection"
"712","Normal/Others","WS/MP041/2025-2026/156337-Construction of roads, link roads, pathways or any other road with or without drainage system","Bihar","MADHUBANI(DISTRICT PLANNING OFFICER MADHUBANI_IDA)","Dr. Faiyaz Ahmad (2022-28) (2022-2028)","Elected MP","Prkhand Bisfi panchayat  Raghepura ward no  6 Mohan Ram ke darbaja se Baso yadav ke ghar tak  PCC sadak nirman karya","01-Dec-2024","13-Jun-2025","985155","Physical Inspection"
"713","Normal/Others","WS/MP041/2025-2026/156338-Construction of roads, link roads, pathways or any other road with or without drainage system","Bihar","MADHUBANI(DISTRICT PLANNING OFFICER MADHUBANI_IDA)","Dr. Faiyaz Ahmad (2022-28) (2022-2028)","Elected MP","Bisfi prakhand ke  Bherva panchayat ke gram damala me chote ke jamin se Asura jane wali sadak me PCC nirman","01-Dec-2024","09-May-2025","986064","Physical Inspection"
"714","Normal/Others","WS/MP041/2024-2025/156340-Construction of roads, link roads, pathways or any other road with or without drainage system","Bihar","MADHUBANI(DISTRICT PLANNING OFFICER MADHUBANI_IDA)","Dr. Faiyaz Ahmad (2022-28) (2022-2028)","Elected MP","Rahika prakhand ke sathlakha panchayat me gram chandrasenpur me Tanvir ke khet se najil ke dukan tak and master Rahullah ke ghar se bazar jane wali sadak ka PCC nirman","01-Dec-2024","09-Jan-2025","1495000","Physical Inspection"
"715","Normal/Others","WS/MP041/2024-2025/156342-Construction of roads, link roads, pathways or any other road with or without drainage system","Bihar","MADHUBANI(DISTRICT PLANNING OFFICER MADHUBANI_IDA)","Dr. Faiyaz Ahmad (2022-28) (2022-2028)","Elected MP","Rahika prakhand ke hussainpur me kanya vidhalay hussainpur ke pas wali pokhar me ghat ka nirman","01-Dec-2024","29-Jan-2025","800000","Physical Inspection"
"716","Normal/Others","WS/MP041/2025-2026/156343-Construction of roads, link roads, pathways or any other road with or without drainage system","Bihar","MADHUBANI(DISTRICT PLANNING OFFICER MADHUBANI_IDA)","Dr. Faiyaz Ahmad (2022-28) (2022-2028)","Elected MP","Rahika prakhand ke Madhubani nagar nigam ke ward no 21 me jaldhari chowk se ranthi chowk jane wali Pradhan mantri sadak ke kinare Rupan das ke ghar ke bagal se Raj kumar Yadav ke ghar tak jane wali sadak ke avshesh bhag me sadak and nala ka nirman","01-Dec-2024","02-May-2025","620632","Physical Inspection"
"717","Normal/Others","WS/MP041/2025-2026/156344-Construction of roads, link roads, pathways or any other road with or without drainage system","Bihar","MADHUBANI(DISTRICT PLANNING OFFICER MADHUBANI_IDA)","Dr. Faiyaz Ahmad (2022-28) (2022-2028)","Elected MP","Rahika prakhand ke Madhubani nagar nigam R.K college ke pass Baidhnath Prasad ke ghar se Mahruliya  devi ke ghar (delhi sweet) tak nala ka nirman","01-Dec-2024","20-May-2025","1366548","Physical Inspection"
"718","Normal/Others","WS/MP041/2025-2026/156345-Construction of roads, link roads, pathways or any other road with or without drainage system","Bihar","MADHUBANI(DISTRICT PLANNING OFFICER MADHUBANI_IDA)","Dr. Faiyaz Ahmad (2022-28) (2022-2028)","Elected MP","Bisfi prakhand ke Rathos panchayat ke gram shivol me mohammad wakeel Ansari ke ghar se mister ke khet tak PCC sadak ka nirman","01-Dec-2024","02-May-2025","969235","Physical Inspection"
"719","Normal/Others","WS/MP041/2025-2026/156346-Construction of roads, link roads, pathways or any other road with or without drainage system","Bihar","MADHUBANI(DISTRICT PLANNING OFFICER MADHUBANI_IDA)","Dr. Faiyaz Ahmad (2022-28) (2022-2028)","Elected MP","Bisfi prakhand ke shighasho me Pyare Yadav ke ghar se pachchim nadi me puliya nirman","01-Dec-2024","19-Jan-2026","1497300","Work partially Completed"
"720","Normal/Others","WS/MP041/2024-2025/156347-Construction of roads, link roads, pathways or any other road with or without drainage system","Bihar","MADHUBANI(DISTRICT PLANNING OFFICER MADHUBANI_IDA)","Dr. Faiyaz Ahmad (2022-28) (2022-2028)","Elected MP","Bisfi prakhand persauni Dakshin panchayat ke gram persauni Zubair shah ke ghar se prathamik vidhayal hote hue mandir tak PCC sadak nirman","01-Dec-2024","06-Mar-2025","1475143","Physical Inspection"
"721","Normal/Others","WS/MP053/2024-2025/156956-Construction of roads, link roads, pathways or any other road with or without drainage system","Bihar","PATNA(DISTRICT PLANNING OFFICER PATNA_IDA)","Shri Khiru Mahto (2022-28) (2022-2028)","Elected MP","construction of PCC Road from the house of Subodh Jee to the House of Shekhar Paswan in Ward No.1","05-Dec-2024","31-Dec-2024","1486637","Physical Inspection"
"722","Normal/Others","WS/MP053/2024-2025/156957-Construction of roads, link roads, pathways or any other road with or without drainage system","Bihar","PATNA(DISTRICT PLANNING OFFICER PATNA_IDA)","Shri Khiru Mahto (2022-28) (2022-2028)","Elected MP","Construction of PCC Road from the house of VIjay Shankar jee to the house of Ravindra Pandey in ward No.1","05-Dec-2024","31-Dec-2024","1489938","Physical Inspection"
"723","Normal/Others","WS/MP053/2024-2025/156958-Construction of roads, link roads, pathways or any other road with or without drainage system","Bihar","PATNA(DISTRICT PLANNING OFFICER PATNA_IDA)","Shri Khiru Mahto (2022-28) (2022-2028)","Elected MP","Construction of PCC Road from the house of Vishwanath jee to the house of Baijnath jee towards south in ward no.1","05-Dec-2024","31-Dec-2024","1390866","Physical Inspection"
"724","Normal/Others","WS/MP053/2024-2025/156959-Construction of roads, link roads, pathways or any other road with or without drainage system","Bihar","PATNA(DISTRICT PLANNING OFFICER PATNA_IDA)","Shri Khiru Mahto (2022-28) (2022-2028)","Elected MP","Construction of PCC road from the house of Arvind jee towards house of Rajeev Kumar in ward no.1","05-Dec-2024","31-Dec-2024","1295000","Vendor Identification"
"725","Normal/Others","WS/MP053/2024-2025/156960-Construction of roads, link roads, pathways or any other road with or without drainage system","Bihar","PATNA(DISTRICT PLANNING OFFICER PATNA_IDA)","Shri Khiru Mahto (2022-28) (2022-2028)","Elected MP","Construction of PCC road in babhanpura village from Shiv Mandir towards the house of Pujan jee in ward no.15","05-Dec-2024","31-Dec-2024","1492700","Physical Inspection"
"726","Normal/Others","WS/MP053/2024-2025/156961-Construction of roads, link roads, pathways or any other road with or without drainage system","Bihar","PATNA(DISTRICT PLANNING OFFICER PATNA_IDA)","Shri Khiru Mahto (2022-28) (2022-2028)","Elected MP","Construction of PCC Road  in ward no.15 babhanpura village from the house of Bharat jee towards house of Birendra Prasad Jee","05-Dec-2024","31-Dec-2024","1492793","Physical Inspection"
"727","Normal/Others","WS/MP053/2024-2025/156962-Construction of roads, link roads, pathways or any other road with or without drainage system","Bihar","PATNA(DISTRICT PLANNING OFFICER PATNA_IDA)","Shri Khiru Mahto (2022-28) (2022-2028)","Elected MP","Construction of PCC road in Babahnpura village of ward no.15 from the house of Kunal Kumar jee towards the house of Sudama Sharma jee","05-Dec-2024","31-Dec-2024","1493102","Physical Inspection"
"728","Normal/Others","WS/MP053/2024-2025/156987-Construction of roads, link roads, pathways or any other road with or without drainage system","Bihar","PATNA(DISTRICT PLANNING OFFICER PATNA_IDA)","Shri Khiru Mahto (2022-28) (2022-2028)","Elected MP","Construction of PCC Road in Babhanpura in ward no.15 from the house of Ajay jee towards the house of Gopal Singh jee","05-Dec-2024","31-Dec-2024","1493131","Physical Inspection"
"729","Normal/Others","WS/MP053/2024-2025/156988-Construction of roads, link roads, pathways or any other road with or without drainage system","Bihar","PATNA(DISTRICT PLANNING OFFICER PATNA_IDA)","Shri Khiru Mahto (2022-28) (2022-2028)","Elected MP","Construction of PCC road from the house of Avinash jee towards main road in RPS colony","05-Dec-2024","31-Dec-2024","1202000","Physical Inspection"
"730","Normal/Others","WS/MP053/2024-2025/156989-Construction of roads, link roads, pathways or any other road with or without drainage system","Bihar","PATNA(DISTRICT PLANNING OFFICER PATNA_IDA)","Shri Khiru Mahto (2022-28) (2022-2028)","Elected MP","Construction of PCC Road in kothwan from the house of Murari jee towards the house of Ashok Kumar jee","05-Dec-2024","31-Dec-2024","1250000","Vendor Identification"
"731","Normal/Others","WS/MP053/2024-2025/156990-Construction of roads, link roads, pathways or any other road with or without drainage system","Bihar","PATNA(DISTRICT PLANNING OFFICER PATNA_IDA)","Shri Khiru Mahto (2022-28) (2022-2028)","Elected MP","Construction of PCC road in Kothwan from the house of Bharat jee towards the house of Rita Devi","05-Dec-2024","31-Dec-2024","1178500","Physical Inspection"
"732","Normal/Others","WS/MP053/2024-2025/156991-Construction of roads, link roads, pathways or any other road with or without drainage system","Bihar","PATNA(DISTRICT PLANNING OFFICER PATNA_IDA)","Shri Khiru Mahto (2022-28) (2022-2028)","Elected MP","Construction of PCC Road towards south from Sahu Complex in Indrapuri West","05-Dec-2024","31-Dec-2024","1481800","Physical Inspection"
"733","Normal/Others","WS/MP053/2024-2025/156992-Construction of roads, link roads, pathways or any other road with or without drainage system","Bihar","PATNA(DISTRICT PLANNING OFFICER PATNA_IDA)","Shri Khiru Mahto (2022-28) (2022-2028)","Elected MP","Construction of PCC Road from Kanti Bhavan to Mother Teresa School","05-Dec-2024","31-Dec-2024","1479600","Physical Inspection"
"734","Normal/Others","WS/MP053/2024-2025/161176-Construction of roads, link roads, pathways or any other road with or without drainage system","Bihar","PATNA(DISTRICT PLANNING OFFICER PATNA_IDA)","Shri Khiru Mahto (2022-28) (2022-2028)","Elected MP","Construction of PCC road in Indrapuri  from Ashirvad house to the plot of Sanjay Singh","24-Dec-2024","31-Dec-2024","1482700","Physical Inspection"
"735","Normal/Others","WS/MP053/2024-2025/161177-Construction of roads, link roads, pathways or any other road with or without drainage system","Bihar","PATNA(DISTRICT PLANNING OFFICER PATNA_IDA)","Shri Khiru Mahto (2022-28) (2022-2028)","Elected MP","Construction of PCC road from Janak Dwar to Saroj Kunj.","24-Dec-2024","31-Dec-2024","1481100","Physical Inspection"
"736","Normal/Others","WS/MP053/2024-2025/161178-Construction of roads, link roads, pathways or any other road with or without drainage system","Bihar","PATNA(DISTRICT PLANNING OFFICER PATNA_IDA)","Shri Khiru Mahto (2022-28) (2022-2028)","Elected MP","Construction of PCC road from the house of Ravi jee to the house of Dhananjay jee in Buddhjivi colony","24-Dec-2024","31-Dec-2024","1009204","Physical Inspection"
"737","Normal/Others","WS/MP052/2025-2026/161629-Construction of roads, link roads, pathways or any other road with or without drainage system","Bihar","PASHCHIM CHAMPARAN(DISTRICT PLANNING OFFICER WEST CHAMPARANBETTIAH_IDA)","Shri Satish Chandra Dubey (2022-28) (2022-2028)","Elected MP","P.C.C. Road construction work in the road going from the Plot of Shri Amit Jaiswal to the main road in village Bhariyani, ward no. 5, village panchayat  valmikinagar under block bagaha 2,  west champaran Bihar. Estimated cost 10 lakh","26-Dec-2024","24-Apr-2025","999498","Physical Inspection"
"738","Normal/Others","WS/MP053/2024-2025/163090-Construction of roads, link roads, pathways or any other road with or without drainage system","Bihar","PATNA(DISTRICT PLANNING OFFICER PATNA_IDA)","Shri Khiru Mahto (2022-28) (2022-2028)","Elected MP","Construction of road with drainage system from Icon school to the house of Pankaj jee in Buddhijivi colony Road no.1","02-Jan-2025","16-Jan-2025","1475019","Physical Inspection"
"739","Normal/Others","WS/MP053/2024-2025/163091-Construction of roads, link roads, pathways or any other road with or without drainage system","Bihar","PATNA(DISTRICT PLANNING OFFICER PATNA_IDA)","Shri Khiru Mahto (2022-28) (2022-2028)","Elected MP","construction of PCC road with drainage system from the house of Rajesh kumar to the house of Birju jee in Buddhjivi Colony Road no.1","02-Jan-2025","16-Jan-2025","1474247","Physical Inspection"
"740","Normal/Others","WS/MP053/2024-2025/163092-Construction of roads, link roads, pathways or any other road with or without drainage system","Bihar","PATNA(DISTRICT PLANNING OFFICER PATNA_IDA)","Shri Khiru Mahto (2022-28) (2022-2028)","Elected MP","construction of PCC road from the main road of Buddhijivi colony to the house of Suraj Kumar.","02-Jan-2025","16-Jan-2025","1476134","Physical Inspection"
"741","Normal/Others","WS/MP052/2024-2025/163525-Construction of roads, link roads, pathways or any other road with or without drainage system","Bihar","PRATAPGARH(DISTRICT MAGISTRAE PRATAPGARH_IDA)","Shri Satish Chandra Dubey (2022-28) (2022-2028)","Elected MP","NA","03-Jan-2025","12-Mar-2025","1478607","Physical Inspection"
"742","Repair and Renovation","WS/MP18332/2024-2025/170529-Construction of roads, link roads, pathways or any other road with or without drainage system","Bihar","PATNA(DISTRICT PLANNING OFFICER PATNA_IDA)","Dr. Dharmshila Gupta (2024-30) (2024-2030)","Elected MP","PCC ROAD- PATNA , DIGHA VIDHAN SABHA WARD NO 5 KE AG COLONY ME BRIJNANDAN JI KE MAKAN SE HOTE HUE PANKAJ JI KE GHAR KI ORE- PCC ROAD","30-Jan-2025","01-Mar-2025","703500","Physical Inspection"
"743","Normal/Others","WS/MP052/2025-2026/171243-Construction of roads, link roads, pathways or any other road with or without drainage system","Bihar","PASHCHIM CHAMPARAN(DISTRICT PLANNING OFFICER WEST CHAMPARANBETTIAH_IDA)","Shri Satish Chandra Dubey (2022-28) (2022-2028)","Elected MP","NA","31-Jan-2025","09-May-2025","1083195","Physical Inspection"
"744","Normal/Others","WS/MP18332/2024-2025/177494-Construction of roads, link roads, pathways or any other road with or without drainage system","Bihar","PATNA(DISTRICT PLANNING OFFICER PATNA_IDA)","Dr. Dharmshila Gupta (2024-30) (2024-2030)","Elected MP","PCC ROAD - PATNA SADAR WARD NO 25 ST. PAL SCHOOL KE PAS SE MAKAN NO -1 TAK. PCC ROAD CONSTUCTION.","25-Feb-2025","18-Mar-2025","1479000","Physical Inspection"
"745","Normal/Others","WS/MP18332/2024-2025/177496-Construction of roads, link roads, pathways or any other road with or without drainage system","Bihar","PATNA(DISTRICT PLANNING OFFICER PATNA_IDA)","Dr. Dharmshila Gupta (2024-30) (2024-2030)","Elected MP","PCC ROAD - PATNA SADAR WARD NO 25 MAKAN NO -72 SE BADA PANI TANKI TAK. PCC ROAD CONSTUCTION.","25-Feb-2025","18-Mar-2025","1478984","Physical Inspection"
"746","Normal/Others","WS/MP052/2024-2025/178857-Construction of roads, link roads, pathways or any other road with or without drainage system","Bihar","PURBI CHAMPARAN(DISTRICT PLANNING OFFICER MOTHIHARI EAST CHAMPARAN_IDA)","Shri Satish Chandra Dubey (2022-28) (2022-2028)","Elected MP","Bricks soling works in Block Banjaria, vill- viritiya.","04-Mar-2025","29-Mar-2025","1497882","Physical Inspection"
"747","Normal/Others","WS/MP052/2024-2025/178858-Construction of roads, link roads, pathways or any other road with or without drainage system","Bihar","PURBI CHAMPARAN(DISTRICT PLANNING OFFICER MOTHIHARI EAST CHAMPARAN_IDA)","Shri Satish Chandra Dubey (2022-28) (2022-2028)","Elected MP","Construction of P.C.C Road in Block - Bajnaria, Vill- Bhela Bhhapra,.","04-Mar-2025","21-Mar-2025","999046","Physical Inspection"
"748","Normal/Others","WS/MP053/2025-2026/179152-Construction of roads, link roads, pathways or any other road with or without drainage system","Bihar","PURBI CHAMPARAN(DISTRICT PLANNING OFFICER MOTHIHARI EAST CHAMPARAN_IDA)","Shri Khiru Mahto (2022-28) (2022-2028)","Elected MP","Construction of PCC Road from the RWD road in ward 12 of Tajiyapur to the field of VIjay singh jee","05-Mar-2025","03-Apr-2025","1483008","Physical Inspection"
"749","Normal/Others","WS/MP053/2025-2026/179153-Construction of roads, link roads, pathways or any other road with or without drainage system","Bihar","PURBI CHAMPARAN(DISTRICT PLANNING OFFICER MOTHIHARI EAST CHAMPARAN_IDA)","Shri Khiru Mahto (2022-28) (2022-2028)","Elected MP","Construction of PCC road from the REO road to the house of Nandkishor Shah in in ward no.12 in Madhuvan vedivan","05-Mar-2025","03-Apr-2025","1483556","Physical Inspection"
"750","Normal/Others","WS/MP053/2024-2025/179155-Construction of roads, link roads, pathways or any other road with or without drainage system","Bihar","PURBI CHAMPARAN(DISTRICT PLANNING OFFICER MOTHIHARI EAST CHAMPARAN_IDA)","Shri Khiru Mahto (2022-28) (2022-2028)","Elected MP","Construction of PCC road from the house  of Devki Baitha to the house of Manish Pandey and from the land of Ishwar jee to the Akash bhavan","05-Mar-2025","29-Mar-2025","1480654","Physical Inspection"
"751","Normal/Others","WS/MP18300/2025-2026/185303-Construction of roads, link roads, pathways or any other road with or without drainage system","Bihar","PATNA(DISTRICT PLANNING OFFICER PATNA_IDA)","Dr. Bhim Singh (2024-30) (2024-2030)","Elected MP","construction of pcc road with underground drain","21-Mar-2025","12-Apr-2025","1494313","Physical Inspection"
"752","Normal/Others","WS/MP18300/2025-2026/185304-Construction of roads, link roads, pathways or any other road with or without drainage system","Bihar","PATNA(DISTRICT PLANNING OFFICER PATNA_IDA)","Dr. Bhim Singh (2024-30) (2024-2030)","Elected MP","construction of pcc road with underground drain","21-Mar-2025","12-Apr-2025","1494700","Physical Inspection"
"753","Normal/Others","WS/MP18300/2025-2026/185305-Construction of roads, link roads, pathways or any other road with or without drainage system","Bihar","PATNA(DISTRICT PLANNING OFFICER PATNA_IDA)","Dr. Bhim Singh (2024-30) (2024-2030)","Elected MP","construction of pcc road with underground drain","21-Mar-2025","12-Apr-2025","397600","Physical Inspection"
"754","Normal/Others","WS/MP18300/2025-2026/185306-Construction of roads, link roads, pathways or any other road with or without drainage system","Bihar","PATNA(DISTRICT PLANNING OFFICER PATNA_IDA)","Dr. Bhim Singh (2024-30) (2024-2030)","Elected MP","construction of pcc road with underground drain","21-Mar-2025","12-Apr-2025","1190505","Physical Inspection"
"755","Normal/Others","WS/MP18300/2025-2026/185307-Construction of roads, link roads, pathways or any other road with or without drainage system","Bihar","PATNA(DISTRICT PLANNING OFFICER PATNA_IDA)","Dr. Bhim Singh (2024-30) (2024-2030)","Elected MP","construction of pcc road with underground drain","21-Mar-2025","12-Apr-2025","1400906","Physical Inspection"
"756","Normal/Others","WS/MP052/2025-2026/185823-Construction of roads, link roads, pathways or any other road with or without drainage system","Bihar","PASHCHIM CHAMPARAN(DISTRICT PLANNING OFFICER WEST CHAMPARANBETTIAH_IDA)","Shri Satish Chandra Dubey (2022-28) (2022-2028)","Elected MP","Construction of PCC Road From Shri Krishna Mohah Dubey to path leading form Brham Sthan Vill- Harsari, wardn No. 12, West Champaran Bihar","24-Mar-2025","17-May-2025","346969","Physical Inspection"
"757","Normal/Others","WS/MP052/2025-2026/186660-Construction of roads, link roads, pathways or any other road with or without drainage system","Bihar","PASHCHIM CHAMPARAN(DISTRICT PLANNING OFFICER WEST CHAMPARANBETTIAH_IDA)","Shri Satish Chandra Dubey (2022-28) (2022-2028)","Elected MP","Construction of P.C.C. Road Work in Narkatiaganj Nagar praishad ward no 7","26-Mar-2025","20-Jun-2025","728381","Physical Inspection"
"758","Normal/Others","WS/MP052/2025-2026/187953-Construction of roads, link roads, pathways or any other road with or without drainage system","Bihar","PASHCHIM CHAMPARAN(DISTRICT PLANNING OFFICER WEST CHAMPARANBETTIAH_IDA)","Shri Satish Chandra Dubey (2022-28) (2022-2028)","Elected MP","Construction of pcc road in Ankhwan, ward no. 14","30-Mar-2025","13-May-2025","598826","Physical Inspection"
"759","Normal/Others","WS/MP052/2025-2026/187955-Construction of roads, link roads, pathways or any other road with or without drainage system","Bihar","PASHCHIM CHAMPARAN(DISTRICT PLANNING OFFICER WEST CHAMPARANBETTIAH_IDA)","Shri Satish Chandra Dubey (2022-28) (2022-2028)","Elected MP","PCC Road work from Budhuwa pur to path goring to Kathari tola in vill Gauchari ward no 11 west champaran bihar","30-Mar-2025","17-Jun-2025","988588","Physical Inspection"
"760","Normal/Others","WS/MP052/2025-2026/187960-Construction of roads, link roads, pathways or any other road with or without drainage system","Bihar","PURBI CHAMPARAN(DISTRICT PLANNING OFFICER MOTHIHARI EAST CHAMPARAN_IDA)","Shri Satish Chandra Dubey (2022-28) (2022-2028)","Elected MP","PCC Road Construction","30-Mar-2025","28-May-2025","1488459","Physical Inspection"
"761","Normal/Others","WS/MP18300/2025-2026/189193-Construction of roads, link roads, pathways or any other road with or without drainage system","Bihar","PATNA(DISTRICT PLANNING OFFICER PATNA_IDA)","Dr. Bhim Singh (2024-30) (2024-2030)","Elected MP","CONSTRUCTION OF PCC ROAD AND UNDERGROUND DRAIN","03-Apr-2025","29-Apr-2025","1118000","Physical Inspection"
"762","Normal/Others","WS/MP18300/2025-2026/189194-Construction of roads, link roads, pathways or any other road with or without drainage system","Bihar","PATNA(DISTRICT PLANNING OFFICER PATNA_IDA)","Dr. Bhim Singh (2024-30) (2024-2030)","Elected MP","CONSTRUCTION OF PCC ROAD AND UNDERGROUND DRAIN","03-Apr-2025","29-Apr-2025","989500","Physical Inspection"
"763","Normal/Others","WS/MP18300/2025-2026/189196-Construction of roads, link roads, pathways or any other road with or without drainage system","Bihar","PATNA(DISTRICT PLANNING OFFICER PATNA_IDA)","Dr. Bhim Singh (2024-30) (2024-2030)","Elected MP","CONSTRUCTION OF PCC ROAD AND UNDERGROUND DRAIN","03-Apr-2025","29-Apr-2025","1493290","Physical Inspection"
"764","Normal/Others","WS/MP18300/2025-2026/189197-Construction of roads, link roads, pathways or any other road with or without drainage system","Bihar","PATNA(DISTRICT PLANNING OFFICER PATNA_IDA)","Dr. Bhim Singh (2024-30) (2024-2030)","Elected MP","CONSTRUCTION OF PCC ROAD AND UNDERGROUND DRAIN","03-Apr-2025","29-Apr-2025","1494288","Physical Inspection"
"765","Normal/Others","WS/MP18300/2025-2026/189198-Construction of roads, link roads, pathways or any other road with or without drainage system","Bihar","PATNA(DISTRICT PLANNING OFFICER PATNA_IDA)","Dr. Bhim Singh (2024-30) (2024-2030)","Elected MP","CONSTRUCTION OF PCC ROAD AND UNDERGROUND DRAIN","03-Apr-2025","29-Apr-2025","1490500","Physical Inspection"
"766","Normal/Others","WS/MP18300/2025-2026/189199-Construction of roads, link roads, pathways or any other road with or without drainage system","Bihar","PATNA(DISTRICT PLANNING OFFICER PATNA_IDA)","Dr. Bhim Singh (2024-30) (2024-2030)","Elected MP","CONSTRUCTION OF PCC ROAD AND UNDERGROUND DRAIN","03-Apr-2025","29-Apr-2025","1490110","Physical Inspection"
"767","Normal/Others","WS/MP18300/2025-2026/189200-Construction of roads, link roads, pathways or any other road with or without drainage system","Bihar","PATNA(DISTRICT PLANNING OFFICER PATNA_IDA)","Dr. Bhim Singh (2024-30) (2024-2030)","Elected MP","CONSTRUCTION OF PCC ROAD AND UNDERGROUND DRAIN","03-Apr-2025","29-Apr-2025","997143","Physical Inspection"
"768","Normal/Others","WS/MP18300/2025-2026/189201-Construction of roads, link roads, pathways or any other road with or without drainage system","Bihar","PATNA(DISTRICT PLANNING OFFICER PATNA_IDA)","Dr. Bhim Singh (2024-30) (2024-2030)","Elected MP","CONSTRUCTION OF PCC ROAD AND UNDERGROUND DRAIN","03-Apr-2025","29-Apr-2025","997119","Physical Inspection"
"769","Normal/Others","WS/MP18300/2025-2026/189202-Construction of roads, link roads, pathways or any other road with or without drainage system","Bihar","PATNA(DISTRICT PLANNING OFFICER PATNA_IDA)","Dr. Bhim Singh (2024-30) (2024-2030)","Elected MP","CONSTRUCTION OF PCC ROAD AND UNDERGROUND DRAIN","03-Apr-2025","29-Apr-2025","1250696","Physical Inspection"
"770","Normal/Others","WS/MP18300/2025-2026/189203-Construction of roads, link roads, pathways or any other road with or without drainage system","Bihar","PATNA(DISTRICT PLANNING OFFICER PATNA_IDA)","Dr. Bhim Singh (2024-30) (2024-2030)","Elected MP","CONSTRUCTION OF PCC ROAD AND UNDERGROUND DRAIN","03-Apr-2025","29-Apr-2025","1489990","Physical Inspection"
"771","Normal/Others","WS/MP053/2025-2026/191075-Construction of roads, link roads, pathways or any other road with or without drainage system","Bihar","PATNA(DISTRICT PLANNING OFFICER PATNA_IDA)","Shri Khiru Mahto (2022-28) (2022-2028)","Elected MP","Construction of PCC road with drainage system from the house of Birju jee to  Triveni Nivas in Buddhjivi colony.","13-Apr-2025","16-May-2025","1482800","Physical Inspection"
"772","Normal/Others","WS/MP053/2025-2026/191076-Construction of roads, link roads, pathways or any other road with or without drainage system","Bihar","PATNA(DISTRICT PLANNING OFFICER PATNA_IDA)","Shri Khiru Mahto (2022-28) (2022-2028)","Elected MP","Construction of PCC road from the house of Vimla Kumari to the house of Arun Ojha jee in Laxminagar East.","13-Apr-2025","16-May-2025","1480034","Physical Inspection"
"773","Normal/Others","WS/MP053/2025-2026/191077-Construction of roads, link roads, pathways or any other road with or without drainage system","Bihar","PATNA(DISTRICT PLANNING OFFICER PATNA_IDA)","Shri Khiru Mahto (2022-28) (2022-2028)","Elected MP","Construction of PCC road from the house of Kamlesh Kumar to the house of Shailesh Mistri  in Laxminagar East.","13-Apr-2025","16-May-2025","494823","Physical Inspection"
"774","Normal/Others","WS/MP041/2025-2026/191495-Construction of roads, link roads, pathways or any other road with or without drainage system","Bihar","PATNA(DISTRICT PLANNING OFFICER PATNA_IDA)","Dr. Faiyaz Ahmad (2022-28) (2022-2028)","Elected MP","Patna Jila ke Ward no. 34 me Sangam Vihar Colony, Mithila Nagar, Biscuit factory road (Danapur) Winsome Empire Apartment ke samne Anant path se Sanjay Chaudhary ke makan tak 20 fit chaura and 600 fit lamba PCC Sadak ka nirman Karye.","15-Apr-2025","15-Sep-2025","1483000","Physical Inspection"
"775","Normal/Others","WS/MP041/2025-2026/191496-Construction of roads, link roads, pathways or any other road with or without drainage system","Bihar","PATNA(DISTRICT PLANNING OFFICER PATNA_IDA)","Dr. Faiyaz Ahmad (2022-28) (2022-2028)","Elected MP","Patna Jila ke Ward no. 34 me Sangam Vihar Colony, Mithila Nagar, Biscuit factory road (Danapur)  me Sanjay Chaudhary ke makan se Winsome Empire Apartment Mukhye Nala tak RCC Nala ka nirman Karye.","15-Apr-2025","15-Sep-2025","1483800","Physical Inspection"
"776","Normal/Others","WS/MP001/2025-2026/191959-Construction of roads, link roads, pathways or any other road with or without drainage system","Bihar","PATNA(DISTRICT PLANNING OFFICER PATNA_IDA)","Shri Shambhu Sharan Patel (2022-28) (2022-2028)","Elected MP","P.C.C.Roadconstructionworkfrom Uday Kumar Singh houseDr Ravi Vikramsingh,136DGyandevSinghshouse.DrRaviVikaramsingh.WardNo.21ShriKrishnapuri under BankipurAssemblyDistrict Patna","17-Apr-2025","22-May-2025","1485400","Physical Inspection"
"777","Normal/Others","WS/MP001/2025-2026/191960-Construction of roads, link roads, pathways or any other road with or without drainage system","Bihar","PATNA(DISTRICT PLANNING OFFICER PATNA_IDA)","Shri Shambhu Sharan Patel (2022-28) (2022-2028)","Elected MP","4P.C.C. Road construction work fromRamtabmayaSinghHousetoArjun SharmaHouse  andRadhika House to Rajbalam Singh House. BlockMasaurhi,BhimpurPnachayat Noora, District Patna","17-Apr-2025","03-Jun-2025","1488591","Physical Inspection"
"778","Normal/Others","WS/MP001/2025-2026/191961-Construction of roads, link roads, pathways or any other road with or without drainage system","Bihar","PATNA(DISTRICT PLANNING OFFICER PATNA_IDA)","Shri Shambhu Sharan Patel (2022-28) (2022-2028)","Elected MP","1P.C.C. Road construction MainroadtoArwindKumarshouse. House no L116 ward no21Shri KrishnapuriunderBankipurAssembly District patna","17-Apr-2025","22-May-2025","1489100","Physical Inspection"
"779","Normal/Others","WS/MP001/2025-2026/191962-Construction of roads, link roads, pathways or any other road with or without drainage system","Bihar","PATNA(DISTRICT PLANNING OFFICER PATNA_IDA)","Shri Shambhu Sharan Patel (2022-28) (2022-2028)","Elected MP","3P.C.CRoadconstructionworkfromBasantMaltiKunjtoRadhamohanNiwas.WardNo.21ShriKrishnapuriunderBankipurAssembly,DistrictPatna","17-Apr-2025","22-May-2025","1491600","Physical Inspection"
"780","Normal/Others","WS/MP001/2025-2026/191993-Construction of roads, link roads, pathways or any other road with or without drainage system","Bihar","PATNA(DISTRICT PLANNING OFFICER PATNA_IDA)","Shri Shambhu Sharan Patel (2022-28) (2022-2028)","Elected MP","P.C.CRoadconstructionworkwith drainage fromShCheekuSharmas house to Late Vinod Kumar Jhas house inRohininagarJakariyapur UnderPatnaSahibAssembly,District Patna","17-Apr-2025","26-May-2025","1245100","Physical Inspection"
"781","Normal/Others","WS/MP001/2025-2026/191994-Construction of roads, link roads, pathways or any other road with or without drainage system","Bihar","PATNA(DISTRICT PLANNING OFFICER PATNA_IDA)","Shri Shambhu Sharan Patel (2022-28) (2022-2028)","Elected MP","P.C.C Road construction workwith drainage from  Late Vinod Kumar JhashousetoShNagendrKumarshouse in Rohini nagar Jakariyapur ,Under Patna  Sahib Assembly, District Patna","17-Apr-2025","26-May-2025","1244600","Physical Inspection"
"782","Normal/Others","WS/MP001/2025-2026/191995-Construction of roads, link roads, pathways or any other road with or without drainage system","Bihar","PATNA(DISTRICT PLANNING OFFICER PATNA_IDA)","Shri Shambhu Sharan Patel (2022-28) (2022-2028)","Elected MP","PCC road construction work towards Mahendra Narayan Singhs house from Er. Sunil Kumar Sinhas House in Ward noPanchayatKurkuri,BlockPhulwari,UnderPhulwariAssembly,District Patna.","17-Apr-2025","03-Jun-2025","1494400","Physical Inspection"
"783","Normal/Others","WS/MP18332/2025-2026/192540-Construction of roads, link roads, pathways or any other road with or without drainage system","Bihar","PATNA(DISTRICT PLANNING OFFICER PATNA_IDA)","Dr. Dharmshila Gupta (2024-30) (2024-2030)","Elected MP","RCC DRAIN- PATNA, DANAPUR NAGAR PARISHAD PANCHYAT - LAKHANI BIGHA WARD NO-8 DWARIKAPURI COLONY ROAD NO 5B  me  Dhruv Narayan Prasad ke ghar se Surya Nikunjam ki taram Nala Nirman.","19-Apr-2025","09-Jun-2025","1484615","Physical Inspection"
"784","Normal/Others","WS/MP18332/2025-2026/192542-Construction of roads, link roads, pathways or any other road with or without drainage system","Bihar","PATNA(DISTRICT PLANNING OFFICER PATNA_IDA)","Dr. Dharmshila Gupta (2024-30) (2024-2030)","Elected MP","RCC DRAIN- PATNA, DANAPUR NAGAR PARISHAD PANCHYAT - LAKHANI BIGHA WARD NO-8 DWARIKAPURI COLONY ROAD NO 5B  me  Sukhchandra ke Bhawan Se Surendra Ray ke Ghar ki ore RCC Nala Nirman.","19-Apr-2025","09-Jun-2025","1482274","Physical Inspection"
"785","Normal/Others","WS/MP18332/2025-2026/192543-Construction of roads, link roads, pathways or any other road with or without drainage system","Bihar","PATNA(DISTRICT PLANNING OFFICER PATNA_IDA)","Dr. Dharmshila Gupta (2024-30) (2024-2030)","Elected MP","PCC ROAD- PATNA SADAR WARD NO 5 NAGESHWAR COLONY ME BSNL OFFICE SE JHOPRI TAK PCC ROAD.","19-Apr-2025","16-May-2025","990500","Physical Inspection"
"786","Normal/Others","WS/MP18332/2025-2026/192545-Construction of roads, link roads, pathways or any other road with or without drainage system","Bihar","PATNA(DISTRICT PLANNING OFFICER PATNA_IDA)","Dr. Dharmshila Gupta (2024-30) (2024-2030)","Elected MP","PCC ROAD- PATNA SADAR WARD NO 25 RAMDULARI SINHA MORE SE PINTU JI KE GHAR TAK PCC ROAD.","19-Apr-2025","16-May-2025","990100","Physical Inspection"
"787","Normal/Others","WS/MP18332/2025-2026/192563-Construction of roads, link roads, pathways or any other road with or without drainage system","Bihar","PATNA(DISTRICT PLANNING OFFICER PATNA_IDA)","Dr. Dharmshila Gupta (2024-30) (2024-2030)","Elected MP","PCC ROAD- PATNA PHULWARI SHARIF WARD NO-10 me Ram Lakhan Singh College main gate se Play Ground Tak PCC road Nirman.","19-Apr-2025","16-May-2025","1495101","Physical Inspection"
"788","Normal/Others","WS/MP18332/2025-2026/192564-Construction of roads, link roads, pathways or any other road with or without drainage system","Bihar","PATNA(DISTRICT PLANNING OFFICER PATNA_IDA)","Dr. Dharmshila Gupta (2024-30) (2024-2030)","Elected MP","PCC ROAD- PATNA PHULWARI SHARIF WARD NO-11 me Krishna  Vihar Colony ke Lalan Babu Ke Ghar Se Ashok  Singh ke ghar tak PCC road Nirman.","19-Apr-2025","16-May-2025","1494909","Physical Inspection"
"789","Normal/Others","WS/MP18332/2025-2026/192568-Construction of roads, link roads, pathways or any other road with or without drainage system","Bihar","PATNA(DISTRICT PLANNING OFFICER PATNA_IDA)","Dr. Dharmshila Gupta (2024-30) (2024-2030)","Elected MP","PCC ROAD- PATNA PHULWARI SHARIF WARD NO-11 me Krishna Vihar Colony me Devi Market se Lakshmi Prasad Ke Makan Tak PCC road Nirman.","19-Apr-2025","16-May-2025","1493302","Physical Inspection"
"790","Normal/Others","WS/MP18332/2025-2026/192570-Construction of roads, link roads, pathways or any other road with or without drainage system","Bihar","PATNA(DISTRICT PLANNING OFFICER PATNA_IDA)","Dr. Dharmshila Gupta (2024-30) (2024-2030)","Elected MP","PCC ROAD- PATNA PHULWARI SHARIF WARD NO-11 me Kishan Colony Phase 2  me Vijay Kumar ke Ghar Se Brijesh Kumar ke Ghar Tak PCC road Nirman.","19-Apr-2025","16-May-2025","1493908","Physical Inspection"
"791","Normal/Others","WS/MP18332/2025-2026/192589-Construction of roads, link roads, pathways or any other road with or without drainage system","Bihar","PATNA(DISTRICT PLANNING OFFICER PATNA_IDA)","Dr. Dharmshila Gupta (2024-30) (2024-2030)","Elected MP","phulwari sharif- pcc road ward no 11 Krishna  vihar colony me ajit jee ke ghar se mahindra jee ke ghar tak","19-Apr-2025","05-Jun-2025","1491100","Physical Inspection"
"792","Normal/Others","WS/MP18300/2025-2026/192590-Construction of roads, link roads, pathways or any other road with or without drainage system","Bihar","PATNA(DISTRICT PLANNING OFFICER PATNA_IDA)","Dr. Bhim Singh (2024-30) (2024-2030)","Elected MP","Construction of PCC road from the house of Nilesh Paswan to the house of Khakhnu Ji in East Bhikhachak, Ward No. 13,","19-Apr-2025","23-May-2025","731100","Physical Inspection"
"793","Normal/Others","WS/MP18300/2025-2026/192592-Construction of roads, link roads, pathways or any other road with or without drainage system","Bihar","PATNA(DISTRICT PLANNING OFFICER PATNA_IDA)","Dr. Bhim Singh (2024-30) (2024-2030)","Elected MP","Construction of PCC road and drainage from the house of Ranjan Gupta to DPS Public School in East Tejpratap Nagar, ward no 13","19-Apr-2025","23-May-2025","905100","Physical Inspection"
"794","Normal/Others","WS/MP18300/2025-2026/192595-Construction of roads, link roads, pathways or any other road with or without drainage system","Bihar","PATNA(DISTRICT PLANNING OFFICER PATNA_IDA)","Dr. Bhim Singh (2024-30) (2024-2030)","Elected MP","Construction of PCC road and drainage","19-Apr-2025","23-May-2025","1479200","Physical Inspection"
"795","Normal/Others","WS/MP18300/2025-2026/192597-Construction of roads, link roads, pathways or any other road with or without drainage system","Bihar","PATNA(DISTRICT PLANNING OFFICER PATNA_IDA)","Dr. Bhim Singh (2024-30) (2024-2030)","Elected MP","Construction of PCC road and drainage","19-Apr-2025","23-May-2025","1478100","Physical Inspection"
"796","Normal/Others","WS/MP18300/2025-2026/192600-Construction of roads, link roads, pathways or any other road with or without drainage system","Bihar","PATNA(DISTRICT PLANNING OFFICER PATNA_IDA)","Dr. Bhim Singh (2024-30) (2024-2030)","Elected MP","Construction of PCC road and drainage","19-Apr-2025","23-May-2025","1475500","Physical Inspection"
"797","Normal/Others","WS/MP18300/2025-2026/192604-Construction of roads, link roads, pathways or any other road with or without drainage system","Bihar","PATNA(DISTRICT PLANNING OFFICER PATNA_IDA)","Dr. Bhim Singh (2024-30) (2024-2030)","Elected MP","Construction of PCC road and drainage","19-Apr-2025","23-May-2025","875100","Physical Inspection"
"798","Normal/Others","WS/MP18300/2025-2026/192607-Construction of roads, link roads, pathways or any other road with or without drainage system","Bihar","PATNA(DISTRICT PLANNING OFFICER PATNA_IDA)","Dr. Bhim Singh (2024-30) (2024-2030)","Elected MP","Construction of PCC road and drainage","19-Apr-2025","23-May-2025","689500","Physical Inspection"
"799","Normal/Others","WS/MP18300/2025-2026/192608-Construction of roads, link roads, pathways or any other road with or without drainage system","Bihar","PATNA(DISTRICT PLANNING OFFICER PATNA_IDA)","Dr. Bhim Singh (2024-30) (2024-2030)","Elected MP","Construction of PCC road and drainage","19-Apr-2025","23-May-2025","1275400","Physical Inspection"
"800","Normal/Others","WS/MP18300/2025-2026/192610-Construction of roads, link roads, pathways or any other road with or without drainage system","Bihar","PATNA(DISTRICT PLANNING OFFICER PATNA_IDA)","Dr. Bhim Singh (2024-30) (2024-2030)","Elected MP","Construction of PCC road and drainage","19-Apr-2025","23-May-2025","860500","Physical Inspection"
"801","Normal/Others","WS/MP18300/2025-2026/192613-Construction of roads, link roads, pathways or any other road with or without drainage system","Bihar","PATNA(DISTRICT PLANNING OFFICER PATNA_IDA)","Dr. Bhim Singh (2024-30) (2024-2030)","Elected MP","Construction of PCC road and drainage","19-Apr-2025","23-May-2025","268100","Physical Inspection"
"802","Normal/Others","WS/MP18332/2025-2026/194218-Construction of roads, link roads, pathways or any other road with or without drainage system","Bihar","PATNA(DISTRICT PLANNING OFFICER PATNA_IDA)","Dr. Dharmshila Gupta (2024-30) (2024-2030)","Elected MP","PCC ROAD- PATNA SAHIB WARD NO 61 VISHNU COLONY ME PANKAJ KUMAR KE GAR SE RATAN MATO JI KE GAR KI ORE PCC ROAD.","24-Apr-2025","05-Jun-2025","1481400","Physical Inspection"
"803","Normal/Others","WS/MP18332/2025-2026/194219-Construction of roads, link roads, pathways or any other road with or without drainage system","Bihar","PATNA(DISTRICT PLANNING OFFICER PATNA_IDA)","Dr. Dharmshila Gupta (2024-30) (2024-2030)","Elected MP","PCC ROAD- PATNA SAHIB WARD NO 61 VISHNU VIHAR COLONY ME JAI BAKSI KE GAR SE CHHUNU JI KE GHAR KI ORE- PCC ROAD.","24-Apr-2025","05-Jun-2025","1481600","Physical Inspection"
"804","Normal/Others","WS/MP18332/2025-2026/194221-Construction of roads, link roads, pathways or any other road with or without drainage system","Bihar","PATNA(DISTRICT PLANNING OFFICER PATNA_IDA)","Dr. Dharmshila Gupta (2024-30) (2024-2030)","Elected MP","PCC ROAD- PATNA SAHIB WARD NO 61 VIJAY KUMAR JI KE GHAR SE LEKAR GYANDRA SING JI KE GAR KI ORE - PCC ROAD.","24-Apr-2025","05-Jun-2025","989600","Physical Inspection"
"805","Normal/Others","WS/MP18332/2025-2026/194222-Construction of roads, link roads, pathways or any other road with or without drainage system","Bihar","PATNA(DISTRICT PLANNING OFFICER PATNA_IDA)","Dr. Dharmshila Gupta (2024-30) (2024-2030)","Elected MP","PCC ROAD- PATNA SAHIB WARD NO 61 KE UMESH JI KE GHAR SE TARKESHWAR MEHTA JI KE GHAR TAK - PCC ROAD.","24-Apr-2025","05-Jun-2025","990900","Physical Inspection"
"806","Normal/Others","WS/MP18332/2025-2026/194238-Construction of roads, link roads, pathways or any other road with or without drainage system","Bihar","PATNA(DISTRICT PLANNING OFFICER PATNA_IDA)","Dr. Dharmshila Gupta (2024-30) (2024-2030)","Elected MP","PCC ROAD - PATNA PHULWARDI VIDHAN SABHA, WARD NO 11 SAKET VIHAR COLONY ME DINES PRASAD KE GHAR SE B B SINHA MAKAN NO 165 TAK.","25-Apr-2025","05-Jun-2025","1494604","Physical Inspection"
"807","Normal/Others","WS/MP001/2025-2026/195853-Construction of roads, link roads, pathways or any other road with or without drainage system","Bihar","PATNA(DISTRICT PLANNING OFFICER PATNA_IDA)","Shri Shambhu Sharan Patel (2022-28) (2022-2028)","Elected MP","1R.E.O Road to Bhola Mahto House ,Arjun mahto house. Block Pandarak Panchyatd Dervebhadaur, Village Hariharpur,, District Patna","01-May-2025","19-May-2025","1483339","Physical Inspection"
"808","Normal/Others","WS/MP001/2025-2026/195854-Construction of roads, link roads, pathways or any other road with or without drainage system","Bihar","PATNA(DISTRICT PLANNING OFFICER PATNA_IDA)","Shri Shambhu Sharan Patel (2022-28) (2022-2028)","Elected MP","2Bhagirath house to Krishna Ram House. .BlockPandarakPanchyatd Dervebhadaur, Village Janpur, District Patna","01-May-2025","22-May-2025","1484129","Physical Inspection"
"809","Normal/Others","WS/MP001/2025-2026/195855-Construction of roads, link roads, pathways or any other road with or without drainage system","Bihar","PATNA(DISTRICT PLANNING OFFICER PATNA_IDA)","Shri Shambhu Sharan Patel (2022-28) (2022-2028)","Elected MP","Raja Jee House Ram Sharma jee houseBlockPandarakPanchyatdKhushalchak, Village Basavanchak ,District Patna","01-May-2025","19-May-2025","1484483","Physical Inspection"
"810","Normal/Others","WS/MP001/2025-2026/196235-Construction of roads, link roads, pathways or any other road with or without drainage system","Bihar","PATNA(DISTRICT PLANNING OFFICER PATNA_IDA)","Shri Shambhu Sharan Patel (2022-28) (2022-2028)","Elected MP","Mhato Tola House to Virendra Singh Agriculture  Land. Block Pandarak, PanchayatKondi, Village Manipur, District Patna","04-May-2025","19-Jun-2025","592636","Physical Inspection"
"811","Normal/Others","WS/MP053/2025-2026/196422-Construction of roads, link roads, pathways or any other road with or without drainage system","Bihar","PATNA(DISTRICT PLANNING OFFICER PATNA_IDA)","Shri Khiru Mahto (2022-28) (2022-2028)","Elected MP","Construction of PCC road from the house of Ram jee towards gas godownin Lakshminagar","03-May-2025","19-May-2025","1283915","Physical Inspection"
"812","Normal/Others","WS/MP053/2025-2026/196423-Construction of roads, link roads, pathways or any other road with or without drainage system","Bihar","PATNA(DISTRICT PLANNING OFFICER PATNA_IDA)","Shri Khiru Mahto (2022-28) (2022-2028)","Elected MP","Construction of PCC road from the house of PN singh towards SDM Road in lakshminagar","03-May-2025","19-May-2025","1285029","Physical Inspection"
"813","Normal/Others","WS/MP053/2025-2026/196424-Construction of roads, link roads, pathways or any other road with or without drainage system","Bihar","PATNA(DISTRICT PLANNING OFFICER PATNA_IDA)","Shri Khiru Mahto (2022-28) (2022-2028)","Elected MP","Construction of PCC road from the house of Rajnish kumar to the house of Manoj Kumar","03-May-2025","19-May-2025","1480179","Physical Inspection"
"814","Normal/Others","WS/MP053/2025-2026/196425-Construction of roads, link roads, pathways or any other road with or without drainage system","Bihar","PATNA(DISTRICT PLANNING OFFICER PATNA_IDA)","Shri Khiru Mahto (2022-28) (2022-2028)","Elected MP","Construction of PCC road from the boundary of Awadh singh to the house of Ravishankar Kumar in ward no.1 village -Chainpur","03-May-2025","19-May-2025","1480440","Physical Inspection"
"815","Normal/Others","WS/MP053/2025-2026/196426-Construction of roads, link roads, pathways or any other road with or without drainage system","Bihar","PATNA(DISTRICT PLANNING OFFICER PATNA_IDA)","Shri Khiru Mahto (2022-28) (2022-2028)","Elected MP","Construction of PCC road from the cement factory to towards the house of Nirmala Devi.","03-May-2025","19-May-2025","1385841","Physical Inspection"
"816","Normal/Others","WS/MP053/2025-2026/196445-Construction of roads, link roads, pathways or any other road with or without drainage system","Bihar","PATNA(DISTRICT PLANNING OFFICER PATNA_IDA)","Shri Khiru Mahto (2022-28) (2022-2028)","Elected MP","Construction of PCC road from the farm house of Vijay Sarpanch jee to the boundary of Bishop School","03-May-2025","19-May-2025","1480080","Physical Inspection"
"817","Normal/Others","WS/MP053/2025-2026/196446-Construction of roads, link roads, pathways or any other road with or without drainage system","Bihar","PATNA(DISTRICT PLANNING OFFICER PATNA_IDA)","Shri Khiru Mahto (2022-28) (2022-2028)","Elected MP","Construction of PCC road from the plot of Brajesh kumar to the house of biren singh in ward no. 01","03-May-2025","19-May-2025","1336700","Physical Inspection"
"818","Normal/Others","WS/MP053/2025-2026/196447-Construction of roads, link roads, pathways or any other road with or without drainage system","Bihar","PATNA(DISTRICT PLANNING OFFICER PATNA_IDA)","Shri Khiru Mahto (2022-28) (2022-2028)","Elected MP","Construction of PCC road from primary school to the boundary wall of sudama singh in ward no.14 Rampur","03-May-2025","19-May-2025","1277400","Physical Inspection"
"819","Normal/Others","WS/MP053/2025-2026/196448-Construction of roads, link roads, pathways or any other road with or without drainage system","Bihar","PATNA(DISTRICT PLANNING OFFICER PATNA_IDA)","Shri Khiru Mahto (2022-28) (2022-2028)","Elected MP","Construction of PCC road from the house of munna jee to the house of Dinkar jee in ward no.14 Rampur","03-May-2025","19-May-2025","1475100","Physical Inspection"
"820","Normal/Others","WS/MP053/2025-2026/196449-Construction of roads, link roads, pathways or any other road with or without drainage system","Bihar","PATNA(DISTRICT PLANNING OFFICER PATNA_IDA)","Shri Khiru Mahto (2022-28) (2022-2028)","Elected MP","Construction of PCC road from the plot of Ram Babu Singh to the boundary wall of Isranandan Singh in ward no.14 Rampur","03-May-2025","19-May-2025","1479600","Physical Inspection"
"821","Normal/Others","WS/MP053/2025-2026/196452-Construction of roads, link roads, pathways or any other road with or without drainage system","Bihar","PATNA(DISTRICT PLANNING OFFICER PATNA_IDA)","Shri Khiru Mahto (2022-28) (2022-2028)","Elected MP","Construction of PCC Road from the  Shahpur Main Road towards the house of Sunder Paswan in jaganpura","03-May-2025","10-Jun-2025","997200","Physical Inspection"
"822","Normal/Others","WS/MP053/2025-2026/196453-Construction of roads, link roads, pathways or any other road with or without drainage system","Bihar","PATNA(DISTRICT PLANNING OFFICER PATNA_IDA)","Shri Khiru Mahto (2022-28) (2022-2028)","Elected MP","Construction of PCC road from the house of Shambhu Singh towards Sita Nawal Path","03-May-2025","10-Jun-2025","1492700","Physical Inspection"
"823","Normal/Others","WS/MP053/2025-2026/196454-Construction of roads, link roads, pathways or any other road with or without drainage system","Bihar","PATNA(DISTRICT PLANNING OFFICER PATNA_IDA)","Shri Khiru Mahto (2022-28) (2022-2028)","Elected MP","Construction of PCC road from the house of Sanjeev jee to the plot of Bulkan Shah","03-May-2025","10-Jun-2025","1491500","Physical Inspection"
"824","Normal/Others","WS/MP053/2025-2026/196455-Construction of roads, link roads, pathways or any other road with or without drainage system","Bihar","PATNA(DISTRICT PLANNING OFFICER PATNA_IDA)","Shri Khiru Mahto (2022-28) (2022-2028)","Elected MP","Construction of PCC road from the plot of Ramprakash singh to the house of Prabhat Kumar","03-May-2025","10-Jun-2025","1492700","Physical Inspection"
"825","Normal/Others","WS/MP053/2025-2026/196456-Construction of roads, link roads, pathways or any other road with or without drainage system","Bihar","PATNA(DISTRICT PLANNING OFFICER PATNA_IDA)","Shri Khiru Mahto (2022-28) (2022-2028)","Elected MP","Construction of PCC road from the plot of lalan prasad towards the plot of Kush singh","03-May-2025","10-Jun-2025","1492600","Physical Inspection"
"826","Normal/Others","WS/MP053/2025-2026/196459-Construction of roads, link roads, pathways or any other road with or without drainage system","Bihar","PATNA(DISTRICT PLANNING OFFICER PATNA_IDA)","Shri Khiru Mahto (2022-28) (2022-2028)","Elected MP","Construction of PCC road from the house of rajesh kumar to the house of Kishor Sharma in Aashirvaad colony","03-May-2025","10-Jun-2025","1492400","Physical Inspection"
"827","Normal/Others","WS/MP053/2025-2026/196460-Construction of roads, link roads, pathways or any other road with or without drainage system","Bihar","PATNA(DISTRICT PLANNING OFFICER PATNA_IDA)","Shri Khiru Mahto (2022-28) (2022-2028)","Elected MP","Construction of PCC road from the house of Shivkumar jee to the boundary of Anuj Thakur","03-May-2025","10-Jun-2025","1492200","Physical Inspection"
"828","Normal/Others","WS/MP18300/2025-2026/198603-Construction of roads, link roads, pathways or any other road with or without drainage system","Bihar","PATNA(DISTRICT PLANNING OFFICER PATNA_IDA)","Dr. Bhim Singh (2024-30) (2024-2030)","Elected MP","CONSTRUCTION OF PCC ROAD AND UNDERGROUND DRAIN","11-May-2025","17-Jun-2025","1194042","Physical Inspection"
"829","Normal/Others","WS/MP18300/2025-2026/198647-Construction of roads, link roads, pathways or any other road with or without drainage system","Bihar","PATNA(DISTRICT PLANNING OFFICER PATNA_IDA)","Dr. Bhim Singh (2024-30) (2024-2030)","Elected MP","CONSTRUCTION OF PCC ROAD AND UNDERGROUND DRAIN","11-May-2025","17-Jun-2025","895500","Physical Inspection"
"830","Normal/Others","WS/MP18300/2025-2026/198648-Construction of roads, link roads, pathways or any other road with or without drainage system","Bihar","PATNA(DISTRICT PLANNING OFFICER PATNA_IDA)","Dr. Bhim Singh (2024-30) (2024-2030)","Elected MP","CONSTRUCTION OF PCC ROAD AND UNDERGROUND DRAIN","11-May-2025","17-Jun-2025","896104","Physical Inspection"
"831","Normal/Others","WS/MP18300/2025-2026/198848-Construction of roads, link roads, pathways or any other road with or without drainage system","Bihar","ROHTAS(District Planning Officer Rohtas_IDA)","Dr. Bhim Singh (2024-30) (2024-2030)","Elected MP","230 feet length  3 feet width  construction of slab over drain","13-May-2025","04-Sep-2025","135000","Physical Inspection"
"832","Normal/Others","WS/MP18332/2025-2026/200066-Construction of roads, link roads, pathways or any other road with or without drainage system","Bihar","SAMASTIPUR(DISTRICT PLANNING OFFICER SAMASTIPUR_IDA)","Dr. Dharmshila Gupta (2024-30) (2024-2030)","Elected MP","PCC ROAD- SAMASTIPUR PRAKHAND WARISNAGAR VILL RAEPUR WARD NO 1 SRI RAMA SAH KE GHAR SE RAMVILAS KE GHAR TAK PCC ROAD","15-May-2025","22-May-2025","1491958","Physical Inspection"
"833","Normal/Others","WS/MP18332/2025-2026/200067-Construction of roads, link roads, pathways or any other road with or without drainage system","Bihar","SAMASTIPUR(DISTRICT PLANNING OFFICER SAMASTIPUR_IDA)","Dr. Dharmshila Gupta (2024-30) (2024-2030)","Elected MP","PCC ROAD- SAMASTIPUR PRAKHAND WARISNAGAR VILL RAEPUR WARD NO 6 CHANDAULI BRAHM ASTHAN SE RAM KUMAR JI KE GHAR TAK PCC ROAD","15-May-2025","22-May-2025","498428","Physical Inspection"
"834","Normal/Others","WS/MP18332/2025-2026/200068-Construction of roads, link roads, pathways or any other road with or without drainage system","Bihar","SAMASTIPUR(DISTRICT PLANNING OFFICER SAMASTIPUR_IDA)","Dr. Dharmshila Gupta (2024-30) (2024-2030)","Elected MP","PCC ROAD- SAMASTIPUR , PRAKHAND PUSA VILL MORSAND WARD NO-9 ARUJUN MISHRA KE GHAR SE JITENDRA MISHRA KE GHAR TAK PCC ROAD.","15-May-2025","17-Jun-2025","1494822","Physical Inspection"
"835","Normal/Others","WS/MP18332/2025-2026/200072-Construction of roads, link roads, pathways or any other road with or without drainage system","Bihar","PATNA(DISTRICT PLANNING OFFICER PATNA_IDA)","Dr. Dharmshila Gupta (2024-30) (2024-2030)","Elected MP","PCC ROAD- PATNA PRAKHAND BARH, VILL- IBRAHIMPUR ME BICHLI MALAHI ME THAKUR BARI SE PAWAN MAHTO KE DALAN TAK PCC ROAD.","15-May-2025","19-Jun-2025","988658","Physical Inspection"
"836","Normal/Others","WS/MP18332/2025-2026/200079-Construction of roads, link roads, pathways or any other road with or without drainage system","Bihar","PURBI CHAMPARAN(DISTRICT PLANNING OFFICER MOTHIHARI EAST CHAMPARAN_IDA)","Dr. Dharmshila Gupta (2024-30) (2024-2030)","Elected MP","PCC ROAD- PURBI CHAMPARAN, DHAKA, VILL- BARHARWA LAKHANSEN WARD NO-01 MAIN ROAD SE PANCHYAT SARKAR BHAWAN TAK AUR JIPAS SAH KE GHAR SE SAPHI DEVI KE GHAR KI TARAF JANE WALI ROAD - PCC 2 ROAD","15-May-2025","06-Jun-2025","1491535","Physical Inspection"
"837","Normal/Others","WS/MP18332/2025-2026/200081-Construction of roads, link roads, pathways or any other road with or without drainage system","Bihar","PURBI CHAMPARAN(DISTRICT PLANNING OFFICER MOTHIHARI EAST CHAMPARAN_IDA)","Dr. Dharmshila Gupta (2024-30) (2024-2030)","Elected MP","EAST CHAMPARAN - DHAKA, VILL BARHARWA LAKHANSEN, WARD NO-1 PRATAP SAH KE GHAR SE NANDA SAH KE GHAR KI TARAF JANE WALI ROAD ME PCC ROAD","15-May-2025","06-Jun-2025","1495376","Physical Inspection"
"838","Normal/Others","WS/MP18332/2025-2026/200082-Construction of roads, link roads, pathways or any other road with or without drainage system","Bihar","PURBI CHAMPARAN(DISTRICT PLANNING OFFICER MOTHIHARI EAST CHAMPARAN_IDA)","Dr. Dharmshila Gupta (2024-30) (2024-2030)","Elected MP","EAST CHAMPARAN- PAHARPUR, VILL TEJPURWA ME RAM DAYAL SAH KE KHET SE LEKAR AEHIR BALIA GAON JANE WALI ROAD- PCC ROAD","15-May-2025","21-Jun-2025","1492423","Physical Inspection"
"839","Normal/Others","WS/MP18332/2025-2026/200089-Construction of roads, link roads, pathways or any other road with or without drainage system","Bihar","DARBHANGA(DISTRICT PLANNING OFFICER DARBANGA_IDA)","Dr. Dharmshila Gupta (2024-30) (2024-2030)","Elected MP","DARBHANGA- PRAKHAND BENIPUR, VILL KATWARA ME KAMLA RIVER ME SIDHI GHAT KA NIRMAN","21-May-2025","06-Sep-2025","987800","Physical Inspection"
"840","Normal/Others","WS/MP053/2025-2026/200098-Construction of roads, link roads, pathways or any other road with or without drainage system","Bihar","PATNA(DISTRICT PLANNING OFFICER PATNA_IDA)","Shri Khiru Mahto (2022-28) (2022-2028)","Elected MP","Construction of PCC Road from the plot of Manoj Singh to the Chhath Ghat in Chainpur Village","16-May-2025","10-Jun-2025","1366904","Physical Inspection"
"841","Normal/Others","WS/MP18300/2025-2026/200899-Construction of roads, link roads, pathways or any other road with or without drainage system","Bihar","PATNA(DISTRICT PLANNING OFFICER PATNA_IDA)","Dr. Bhim Singh (2024-30) (2024-2030)","Elected MP","Construction work of PCC road and underground drain","19-May-2025","17-Jun-2025","1341150","Physical Inspection"
"842","Normal/Others","WS/MP18300/2025-2026/200900-Construction of roads, link roads, pathways or any other road with or without drainage system","Bihar","PATNA(DISTRICT PLANNING OFFICER PATNA_IDA)","Dr. Bhim Singh (2024-30) (2024-2030)","Elected MP","Construction work of PCC road and underground drain","19-May-2025","17-Jun-2025","1344200","Physical Inspection"
"843","Normal/Others","WS/MP18300/2025-2026/200902-Construction of roads, link roads, pathways or any other road with or without drainage system","Bihar","PATNA(DISTRICT PLANNING OFFICER PATNA_IDA)","Dr. Bhim Singh (2024-30) (2024-2030)","Elected MP","Construction work of PCC road and underground drain","19-May-2025","08-Jul-2025","1194151","Physical Inspection"
"844","Normal/Others","WS/MP18300/2025-2026/200903-Construction of roads, link roads, pathways or any other road with or without drainage system","Bihar","PATNA(DISTRICT PLANNING OFFICER PATNA_IDA)","Dr. Bhim Singh (2024-30) (2024-2030)","Elected MP","Construction work of PCC road and underground drain","19-May-2025","08-Jul-2025","1002900","Physical Inspection"
"845","Normal/Others","WS/MP18300/2025-2026/200904-Construction of roads, link roads, pathways or any other road with or without drainage system","Bihar","PATNA(DISTRICT PLANNING OFFICER PATNA_IDA)","Dr. Bhim Singh (2024-30) (2024-2030)","Elected MP","Construction work of PCC road and underground drain","19-May-2025","08-Jul-2025","1083650","Physical Inspection"
"846","Normal/Others","WS/MP18332/2025-2026/202151-Construction of roads, link roads, pathways or any other road with or without drainage system","Bihar","PURBI CHAMPARAN(DISTRICT PLANNING OFFICER MOTHIHARI EAST CHAMPARAN_IDA)","Dr. Dharmshila Gupta (2024-30) (2024-2030)","Elected MP","EAST CHAMPARAN- PRAKHAND SUGAULI VILL SUKUL  PAKAR BELWALIA WARD NO-9 SONA LAL SAH KE GHAR SE BHULA MIYAN KE KHET TAK PCC ROAD.","21-May-2025","25-Jun-2025","1496814","Physical Inspection"
"847","Normal/Others","WS/MP18332/2025-2026/202155-Construction of roads, link roads, pathways or any other road with or without drainage system","Bihar","PURBI CHAMPARAN(DISTRICT PLANNING OFFICER MOTHIHARI EAST CHAMPARAN_IDA)","Dr. Dharmshila Gupta (2024-30) (2024-2030)","Elected MP","EAST CHAMPARAN- PRAKHAND SUGAULI VILL SUKUL PAKAR BELWALIA WARD NO-9 ABRAR HAQ KE KHET SE RAJENDRA SAHNI KE KHET TAK-  PCC ROAD.","21-May-2025","25-Jun-2025","995972","Physical Inspection"
"848","Normal/Others","WS/MP18332/2025-2026/202157-Construction of roads, link roads, pathways or any other road with or without drainage system","Bihar","PURBI CHAMPARAN(DISTRICT PLANNING OFFICER MOTHIHARI EAST CHAMPARAN_IDA)","Dr. Dharmshila Gupta (2024-30) (2024-2030)","Elected MP","EAST CHAMPARAN- PRAKHAND SUGAULI VILL SUKUL PAKAR BELWALIA WARD NO-9 DUKHI CHANDRA SAHNI KE  KHET SE ALI RAJA KE KHET TAK -  PCC ROAD.","21-May-2025","25-Jun-2025","1493627","Physical Inspection"
"849","Normal/Others","WS/MP18332/2025-2026/202178-Construction of roads, link roads, pathways or any other road with or without drainage system","Bihar","PURBI CHAMPARAN(DISTRICT PLANNING OFFICER MOTHIHARI EAST CHAMPARAN_IDA)","Dr. Dharmshila Gupta (2024-30) (2024-2030)","Elected MP","EAST CHAMPARAN- PRAKHAND SUGAULI VILL SUKUL PAKAR BELWALIA WARD NO-9 MIR HUMZA KE GHAR  SE LAL BABU MIYA KE KHET TAK -  PCC ROAD.","21-May-2025","25-Jun-2025","998037","Physical Inspection"
"850","Normal/Others","WS/MP18332/2025-2026/202185-Construction of roads, link roads, pathways or any other road with or without drainage system","Bihar","PURBI CHAMPARAN(DISTRICT PLANNING OFFICER MOTHIHARI EAST CHAMPARAN_IDA)","Dr. Dharmshila Gupta (2024-30) (2024-2030)","Elected MP","EAST CHAMPARAN- PRAKHAND SUGAULI VILL SUKUL PAKAR BELWALIA WARD NO-9 NIYAZ MIYA KE KHET SE IDGAH TAK -  PCC ROAD.","21-May-2025","25-Jun-2025","1494517","Physical Inspection"
"851","Normal/Others","WS/MP18332/2025-2026/202187-Construction of roads, link roads, pathways or any other road with or without drainage system","Bihar","PURBI CHAMPARAN(DISTRICT PLANNING OFFICER MOTHIHARI EAST CHAMPARAN_IDA)","Dr. Dharmshila Gupta (2024-30) (2024-2030)","Elected MP","EAST CHAMPARAN- PRAKHAND SUGAULI VILL SUKUL PAKAR BELWALIA WARD NO-8 MAIN ROAD NH-27 SE ALAM MIYAN KE GHAR TAK -  PCC ROAD.","21-May-2025","25-Jun-2025","1496866","Physical Inspection"
"852","Normal/Others","WS/MP18300/2025-2026/204273-Construction of roads, link roads, pathways or any other road with or without drainage system","Bihar","PATNA(DISTRICT PLANNING OFFICER PATNA_IDA)","Dr. Bhim Singh (2024-30) (2024-2030)","Elected MP","Construction work of PCC road and underground drain","28-May-2025","08-Jul-2025","1493900","Physical Inspection"
"853","Normal/Others","WS/MP041/2025-2026/205764-Construction of roads, link roads, pathways or any other road with or without drainage system","Bihar","MADHUBANI(DISTRICT PLANNING OFFICER MADHUBANI_IDA)","Dr. Faiyaz Ahmad (2022-28) (2022-2028)","Elected MP","Bisfi Prakhand ke Jafra panchayat ke teghra gown ke mahrajpur me baldeo tanti ke ghar se simri jane wali much sadak tak 350 fit PCC nirman karya","02-Jun-2025","07-Aug-2025","790216","Physical Inspection"
"854","Normal/Others","WS/MP041/2025-2026/205767-Construction of roads, link roads, pathways or any other road with or without drainage system","Bihar","MADHUBANI(DISTRICT PLANNING OFFICER MADHUBANI_IDA)","Dr. Faiyaz Ahmad (2022-28) (2022-2028)","Elected MP","Bisfi Prakhand ke Gram panchayat raj tisi narsam uttar gram tisi tola mushari Mohit Mukhiya ke ghar ke baju se masjid tak 500 fit PCC nirman","02-Jun-2025","23-Aug-2025","688014","Physical Inspection"
"855","Normal/Others","WS/MP041/2025-2026/205768-Construction of roads, link roads, pathways or any other road with or without drainage system","Bihar","MADHUBANI(DISTRICT PLANNING OFFICER MADHUBANI_IDA)","Dr. Faiyaz Ahmad (2022-28) (2022-2028)","Elected MP","Rahika Prakhand ke Malangiya Panchayat ke Dumri gown me Lal Singh ke ghar se Bari Masjid tak (Latkan ke ghar tak) PCC 550 fit PCC","02-Jun-2025","06-Jan-2026","1089242","Physical Inspection"
"856","Normal/Others","WS/MP041/2025-2026/205769-Construction of roads, link roads, pathways or any other road with or without drainage system","Bihar","MADHUBANI(DISTRICT PLANNING OFFICER MADHUBANI_IDA)","Dr. Faiyaz Ahmad (2022-28) (2022-2028)","Elected MP","Bisfi Prakhand ke Jagwan Purvi Panchayat ke Kamlabari gown me Mangal Sahni ke ghar se Dinesh Sahni ke ghar tak PCC sadak nirman 550 fit","02-Jun-2025","08-Sep-2025","888249","Physical Inspection"
"857","Normal/Others","WS/MP041/2025-2026/205770-Construction of roads, link roads, pathways or any other road with or without drainage system","Bihar","MADHUBANI(DISTRICT PLANNING OFFICER MADHUBANI_IDA)","Dr. Faiyaz Ahmad (2022-28) (2022-2028)","Elected MP","Rahika Prakhand ke Kakraul Uttari Panchayat ke Kamalpur ward no-1 ke Tetar Ram ke ghar se Vinod Yadav ke ghar tak PCC sadak nirman 400 fit","02-Jun-2025","27-Sep-2025","443654","Physical Inspection"
"858","Normal/Others","WS/MP041/2025-2026/205773-Construction of roads, link roads, pathways or any other road with or without drainage system","Bihar","MADHUBANI(DISTRICT PLANNING OFFICER MADHUBANI_IDA)","Dr. Faiyaz Ahmad (2022-28) (2022-2028)","Elected MP","Rahika Prakhant ke Kakraul Dakshini me Brahm Ashthan se Ram Kisun Paswan kamalbagh tak sadak nirman 450 fit PCC","02-Jun-2025","30-Jul-2025","898550","Physical Inspection"
"859","Normal/Others","WS/MP041/2025-2026/205804-Construction of roads, link roads, pathways or any other road with or without drainage system","Bihar","MADHUBANI(DISTRICT PLANNING OFFICER MADHUBANI_IDA)","Dr. Faiyaz Ahmad (2022-28) (2022-2028)","Elected MP","Rahika Prakhand ke Najirpur Panchayat ke Srichandra Maharudhra Pandey ke ghar se Bhagwati Ashthan jane wali mukh sadak tak PCC nirman 400 fit","02-Jun-2025","04-Oct-2025","988095","Physical Inspection"
"860","Normal/Others","WS/MP041/2025-2026/205806-Construction of roads, link roads, pathways or any other road with or without drainage system","Bihar","MADHUBANI(DISTRICT PLANNING OFFICER MADHUBANI_IDA)","Dr. Faiyaz Ahmad (2022-28) (2022-2028)","Elected MP","Rahika Prakhand ke Jagatpur Panchayat ke Marar gown me Mahesh Choudhary ewan Satyanarayan Choudhary ke ghar ke samip Talab me Ghat ka nirman","02-Jun-2025","20-Jan-2026","793605","Physical Inspection"
"861","Normal/Others","WS/MP041/2025-2026/205807-Construction of roads, link roads, pathways or any other road with or without drainage system","Bihar","MADHUBANI(DISTRICT PLANNING OFFICER MADHUBANI_IDA)","Dr. Faiyaz Ahmad (2022-28) (2022-2028)","Elected MP","Rahika Prakhand ke Kakraul Dakshini Panchayat me NH 527 B se Krishna Coachin Center tak PCC sadak nirman 600 fit","02-Jun-2025","06-Oct-2025","1185079","Physical Inspection"
"862","Normal/Others","WS/MP041/2025-2026/205809-Construction of roads, link roads, pathways or any other road with or without drainage system","Bihar","MADHUBANI(DISTRICT PLANNING OFFICER MADHUBANI_IDA)","Dr. Faiyaz Ahmad (2022-28) (2022-2028)","Elected MP","Bisfi Prakhand ke Parsouni Panchayat Uttari ke Murliyachak gaon me Satnarayan Yadav ke ghar se Barhamsthan  tak PCC sadak Nirman","02-Jun-2025","13-Feb-2026","694783","Physical Inspection"
"863","Normal/Others","WS/MP041/2025-2026/205810-Construction of roads, link roads, pathways or any other road with or without drainage system","Bihar","MADHUBANI(DISTRICT PLANNING OFFICER MADHUBANI_IDA)","Dr. Faiyaz Ahmad (2022-28) (2022-2028)","Elected MP","Bisfi Prakhand ke Sohans Panchayat ke Kewar ward no-08 me Utkarmik Prathmik Vidhalay se Ram Awtar Yadav ke ghar tak PCC sadak 400 fit","02-Jun-2025","23-Aug-2025","983673","Physical Inspection"
"864","Normal/Others","WS/MP041/2025-2026/205812-Construction of roads, link roads, pathways or any other road with or without drainage system","Bihar","MADHUBANI(DISTRICT PLANNING OFFICER MADHUBANI_IDA)","Dr. Faiyaz Ahmad (2022-28) (2022-2028)","Elected MP","Bisfi Prakhand ke Bhojpandaul Panchayat ke Chakla ward no-13 me Mukh sadak se Chasindar Mandal ke ghar tak PCC sadak 400 fit","02-Jun-2025","20-Aug-2025","794562","Physical Inspection"
"865","Normal/Others","WS/MP041/2025-2026/205813-Construction of roads, link roads, pathways or any other road with or without drainage system","Bihar","MADHUBANI(DISTRICT PLANNING OFFICER MADHUBANI_IDA)","Dr. Faiyaz Ahmad (2022-28) (2022-2028)","Elected MP","Bisfi Prakhand ke Tisi Narsam Dakshini Panchayat ke Kathaila gown me Jayram Yadav ke ghar se Jasodhar Yadav ke Dukan tak PCC sadak nirman 400 fit","02-Jun-2025","10-Feb-2026","692500","Work Completed"
"866","Normal/Others","WS/MP041/2025-2026/205816-Construction of roads, link roads, pathways or any other road with or without drainage system","Bihar","MADHUBANI(DISTRICT PLANNING OFFICER MADHUBANI_IDA)","Dr. Faiyaz Ahmad (2022-28) (2022-2028)","Elected MP","Bisfi Prakhand ke Nahas Rupauli Uttari Panchayat ke Ajnauli gown me Mukh sadak se Jay Ram Maharaj  ke ghar tak PCC sadak nirman 400x10 fit","02-Jun-2025","06-Oct-2025","793501","Physical Inspection"
"867","Normal/Others","WS/MP041/2025-2026/205817-Construction of roads, link roads, pathways or any other road with or without drainage system","Bihar","MADHUBANI(DISTRICT PLANNING OFFICER MADHUBANI_IDA)","Dr. Faiyaz Ahmad (2022-28) (2022-2028)","Elected MP","Bisfi Prakhand ke Sohans Panchayat ke Labatol gown me Mukh sadak se Jogi Sahni ke ghar tak PCC sadak 300x10 fit","02-Jun-2025","02-Aug-2025","689389","Physical Inspection"
"868","Normal/Others","WS/MP041/2025-2026/205818-Construction of roads, link roads, pathways or any other road with or without drainage system","Bihar","MADHUBANI(DISTRICT PLANNING OFFICER MADHUBANI_IDA)","Dr. Faiyaz Ahmad (2022-28) (2022-2028)","Elected MP","Bisfi Prakhand ke Bhojpandaul Panchayat ke Sisay gown me Bajragbali Ashthan wale pokhar me ghat","02-Jun-2025","12-Aug-2025","681245","Physical Inspection"
"869","Normal/Others","WS/MP041/2025-2026/205820-Construction of roads, link roads, pathways or any other road with or without drainage system","Bihar","MADHUBANI(DISTRICT PLANNING OFFICER MADHUBANI_IDA)","Dr. Faiyaz Ahmad (2022-28) (2022-2028)","Elected MP","Kakraul Dakshini ke ward no. 05 me Durga Mandir se Ramkarn Yadav ke Ghar tak PCC Sadak ka nirman 250 fit","02-Jun-2025","30-Jul-2025","423532","Physical Inspection"
"870","Normal/Others","WS/MP041/2025-2026/205821-Construction of roads, link roads, pathways or any other road with or without drainage system","Bihar","MADHUBANI(DISTRICT PLANNING OFFICER MADHUBANI_IDA)","Dr. Faiyaz Ahmad (2022-28) (2022-2028)","Elected MP","Moulana Junaid ke Darwaje se lekar Prathmik Vidhalay Ganore tak sadak nirman ward no-08 PCC 350 fit","02-Jun-2025","23-Aug-2025","694785","Physical Inspection"
"871","Normal/Others","WS/MP041/2025-2026/205822-Construction of roads, link roads, pathways or any other road with or without drainage system","Bihar","MADHUBANI(DISTRICT PLANNING OFFICER MADHUBANI_IDA)","Dr. Faiyaz Ahmad (2022-28) (2022-2028)","Elected MP","Rahika Prakhand ke Kakraul gaon me Firan Mandal ke Ghar se Bharat Ray ke Ghar tak PCC Sadak Nirman 400 fit","02-Jun-2025","04-Oct-2025","792119","Physical Inspection"
"872","Normal/Others","WS/MP041/2025-2026/205823-Construction of roads, link roads, pathways or any other road with or without drainage system","Bihar","MADHUBANI(DISTRICT PLANNING OFFICER MADHUBANI_IDA)","Dr. Faiyaz Ahmad (2022-28) (2022-2028)","Elected MP","Mahandai Pokhar me Yatri Shed ke pas ghat ka nirman","02-Jun-2025","27-Sep-2025","689393","Physical Inspection"
"873","Normal/Others","WS/MP041/2025-2026/205827-Construction of roads, link roads, pathways or any other road with or without drainage system","Bihar","MADHUBANI(DISTRICT PLANNING OFFICER MADHUBANI_IDA)","Dr. Faiyaz Ahmad (2022-28) (2022-2028)","Elected MP","Rahika Prakhand ke Kakraul Dakshini Panchayat ke Kharauwa gaon ke ward no 01 me Ramsharan Ray ke ghar se Shayam Yadav ke ghar tak 200 fit PCC Sadak Nirman","02-Jun-2025","05-Jul-2025","287007","Physical Inspection"
"874","Normal/Others","WS/MP052/2025-2026/208267-Construction of roads, link roads, pathways or any other road with or without drainage system","Bihar","PASHCHIM CHAMPARAN(DISTRICT PLANNING OFFICER WEST CHAMPARANBETTIAH_IDA)","Shri Satish Chandra Dubey (2022-28) (2022-2028)","Elected MP","Construction Of P.C.C. Road.","12-Jun-2025","05-Jul-2025","994301","Physical Inspection"
"875","Normal/Others","WS/MP052/2025-2026/208270-Construction of roads, link roads, pathways or any other road with or without drainage system","Bihar","PASHCHIM CHAMPARAN(DISTRICT PLANNING OFFICER WEST CHAMPARANBETTIAH_IDA)","Shri Satish Chandra Dubey (2022-28) (2022-2028)","Elected MP","Construction Of P.C.C. Road","12-Jun-2025","23-Jul-2025","793257","Physical Inspection"
"876","Normal/Others","WS/MP044/2025-2026/211457-Construction of roads, link roads, pathways or any other road with or without drainage system","Bihar","BUXAR(DISTRICT PLANNING OFFICER BUXAR_IDA)","Shri Akhilesh Prasad Singh (2024-30) (2024-2030)","Elected MP","PCC work from ramchander singhs house to Dharam Dev tiwaris house upto middle school Block of Chaugain District buxar village murar","23-Jun-2025","22-Nov-2025","1487613","Physical Inspection"
"877","Normal/Others","WS/MP044/2025-2026/214779-Construction of roads, link roads, pathways or any other road with or without drainage system","Bihar","ARWAL(District Planning Officer Arwal_IDA)","Shri Akhilesh Prasad Singh (2024-30) (2024-2030)","Elected MP","construction of PCC road lari darheta road to nadaura Village","04-Jul-2025","25-Sep-2025","1429979","Physical Inspection"
"878","Normal/Others","WS/MP044/2025-2026/217263-Construction of roads, link roads, pathways or any other road with or without drainage system","Bihar","PURBI CHAMPARAN(DISTRICT PLANNING OFFICER MOTHIHARI EAST CHAMPARAN_IDA)","Shri Akhilesh Prasad Singh (2024-30) (2024-2030)","Elected MP","Brick flooring and PCC construction work on the path from Shri Vasdev Paswans house to Barmaswa Mai place in ward no 3 of Harpur Rai Panchayat under Harsiddhi block","11-Jul-2025","13-Aug-2025","1435589","Physical Inspection"
"879","Normal/Others","WS/MP044/2025-2026/217264-Construction of roads, link roads, pathways or any other road with or without drainage system","Bihar","PURBI CHAMPARAN(DISTRICT PLANNING OFFICER MOTHIHARI EAST CHAMPARAN_IDA)","Shri Akhilesh Prasad Singh (2024-30) (2024-2030)","Elected MP","Brick flooring and PCC construction work in the path going towards Ahirgaon from Shri Vasdev Paswans house to Shri Babulal Yadavs house in ward no 3 of Harpur Rai Panchayat under Harsiddhi block","11-Jul-2025","13-Aug-2025","1450000","Work partially Completed"
"880","Normal/Others","WS/MP044/2025-2026/217267-Construction of roads, link roads, pathways or any other road with or without drainage system","Bihar","PURBI CHAMPARAN(DISTRICT PLANNING OFFICER MOTHIHARI EAST CHAMPARAN_IDA)","Shri Akhilesh Prasad Singh (2024-30) (2024-2030)","Elected MP","Brick flooring and PCC construction work on the path at Charmuhan from Shri Bhola Sah  house to Shri Shanichar Manjhis house in ward no 4 of Olha Mehta Tola Panchayat under Harsiddhi block","11-Jul-2025","13-Aug-2025","1430622","Physical Inspection"
"881","Normal/Others","WS/MP044/2025-2026/218309-Construction of roads, link roads, pathways or any other road with or without drainage system","Bihar","PURBI CHAMPARAN(DISTRICT PLANNING OFFICER MOTHIHARI EAST CHAMPARAN_IDA)","Shri Akhilesh Prasad Singh (2024-30) (2024-2030)","Elected MP","PCC road construction work on the path from Brahma Sthan to Sukhari Miyas field in Bholatola Ward No 2 of Semra Panchayat under Banjaria block","15-Jul-2025","02-Aug-2025","1487798","Physical Inspection"
"882","Normal/Others","WS/MP044/2025-2026/218313-Construction of roads, link roads, pathways or any other road with or without drainage system","Bihar","PURBI CHAMPARAN(DISTRICT PLANNING OFFICER MOTHIHARI EAST CHAMPARAN_IDA)","Shri Akhilesh Prasad Singh (2024-30) (2024-2030)","Elected MP","Ward No 2 of Semra Panchayat in Bholatola under Banjaria Block  PCC road construction work on the path from Ramnath Singhs farm to Firoz Ansaris chicken farm","15-Jul-2025","02-Aug-2025","1488487","Physical Inspection"
"883","Normal/Others","WS/MP044/2025-2026/218314-Construction of roads, link roads, pathways or any other road with or without drainage system","Bihar","PURBI CHAMPARAN(DISTRICT PLANNING OFFICER MOTHIHARI EAST CHAMPARAN_IDA)","Shri Akhilesh Prasad Singh (2024-30) (2024-2030)","Elected MP","PCC road construction work on the path from Rampunit Bhagats house to Mishri Bhagats house in Bholatola Ward No 5 of Semra Panchayat under Banjaria block","15-Jul-2025","02-Aug-2025","1484622","Physical Inspection"
"884","Normal/Others","WS/MP18300/2025-2026/218986-Construction of roads, link roads, pathways or any other road with or without drainage system","Bihar","PATNA(DISTRICT PLANNING OFFICER PATNA_IDA)","Dr. Bhim Singh (2024-30) (2024-2030)","Elected MP","Construction work of PCC road and underground drain","20-Jul-2025","07-Aug-2025","1486700","Physical Inspection"
"885","Normal/Others","WS/MP053/2025-2026/220152-Construction of roads, link roads, pathways or any other road with or without drainage system","Bihar","PATNA(DISTRICT PLANNING OFFICER PATNA_IDA)","Shri Khiru Mahto (2022-28) (2022-2028)","Elected MP","Construction of PCC road from the house of Dhananjay Singh towards the house of Kundan jee","19-Jul-2025","25-Aug-2025","1489200","Physical Inspection"
"886","Normal/Others","WS/MP053/2025-2026/220153-Construction of roads, link roads, pathways or any other road with or without drainage system","Bihar","PATNA(DISTRICT PLANNING OFFICER PATNA_IDA)","Shri Khiru Mahto (2022-28) (2022-2028)","Elected MP","construction of PCC Road from Kalindi residence towards the house of shashi jee","19-Jul-2025","25-Aug-2025","1497200","Physical Inspection"
"887","Normal/Others","WS/MP053/2025-2026/220154-Construction of roads, link roads, pathways or any other road with or without drainage system","Bihar","PATNA(DISTRICT PLANNING OFFICER PATNA_IDA)","Shri Khiru Mahto (2022-28) (2022-2028)","Elected MP","Construction of PCC road from the house of keshri Bhavan towards the house of Naveen Kumar","19-Jul-2025","25-Aug-2025","1495900","Physical Inspection"
"888","Normal/Others","WS/MP053/2025-2026/220155-Construction of roads, link roads, pathways or any other road with or without drainage system","Bihar","PATNA(DISTRICT PLANNING OFFICER PATNA_IDA)","Shri Khiru Mahto (2022-28) (2022-2028)","Elected MP","Construction of PCC road from the house of Ashok Mahto towards the house of shyam singh","19-Jul-2025","25-Aug-2025","1494900","Physical Inspection"
"889","Normal/Others","WS/MP053/2025-2026/220156-Construction of roads, link roads, pathways or any other road with or without drainage system","Bihar","PATNA(DISTRICT PLANNING OFFICER PATNA_IDA)","Shri Khiru Mahto (2022-28) (2022-2028)","Elected MP","construction of pcc road from the house of yash jee towards  the house of mukh sadak","19-Jul-2025","25-Aug-2025","1493100","Physical Inspection"
"890","Normal/Others","WS/MP053/2025-2026/220169-Construction of roads, link roads, pathways or any other road with or without drainage system","Bihar","PATNA(DISTRICT PLANNING OFFICER PATNA_IDA)","Shri Khiru Mahto (2022-28) (2022-2028)","Elected MP","Construction of PCC road from the house of Akhilesh jee to the house of Prakash jee","19-Jul-2025","25-Aug-2025","1490900","Physical Inspection"
"891","Normal/Others","WS/MP053/2025-2026/220170-Construction of roads, link roads, pathways or any other road with or without drainage system","Bihar","PATNA(DISTRICT PLANNING OFFICER PATNA_IDA)","Shri Khiru Mahto (2022-28) (2022-2028)","Elected MP","construction of PCC road from the house of Raju Kumar to the house of Dinesh Mahto","19-Jul-2025","25-Aug-2025","1484200","Physical Inspection"
"892","Normal/Others","WS/MP053/2025-2026/220171-Construction of roads, link roads, pathways or any other road with or without drainage system","Bihar","PATNA(DISTRICT PLANNING OFFICER PATNA_IDA)","Shri Khiru Mahto (2022-28) (2022-2028)","Elected MP","Construction of PCC road from the house of tuntun kumar towards the house of ram khelawal mahto","19-Jul-2025","25-Aug-2025","1478900","Physical Inspection"
"893","Normal/Others","WS/MP053/2025-2026/220172-Construction of roads, link roads, pathways or any other road with or without drainage system","Bihar","PATNA(DISTRICT PLANNING OFFICER PATNA_IDA)","Shri Khiru Mahto (2022-28) (2022-2028)","Elected MP","Construction of PCC road from the house of manoj Mahto to the house of Ram Jee","19-Jul-2025","25-Aug-2025","1484200","Physical Inspection"
"894","Normal/Others","WS/MP053/2025-2026/220173-Construction of roads, link roads, pathways or any other road with or without drainage system","Bihar","PATNA(DISTRICT PLANNING OFFICER PATNA_IDA)","Shri Khiru Mahto (2022-28) (2022-2028)","Elected MP","Construction of pcc road from the house of dina jee to the house of Rajeev Yadav","19-Jul-2025","25-Aug-2025","1489100","Physical Inspection"
"895","Normal/Others","WS/MP053/2025-2026/220194-Construction of roads, link roads, pathways or any other road with or without drainage system","Bihar","PATNA(DISTRICT PLANNING OFFICER PATNA_IDA)","Shri Khiru Mahto (2022-28) (2022-2028)","Elected MP","construction of PCC road from the house of Mukesh Kumar towards the house of Rajendra Mahto","19-Jul-2025","25-Aug-2025","1492400","Physical Inspection"
"896","Normal/Others","WS/MP053/2025-2026/220195-Construction of roads, link roads, pathways or any other road with or without drainage system","Bihar","PATNA(DISTRICT PLANNING OFFICER PATNA_IDA)","Shri Khiru Mahto (2022-28) (2022-2028)","Elected MP","Construction of PCC from the house of Mithlesh jee to the house of Balram Yadav","19-Jul-2025","25-Aug-2025","1486900","Physical Inspection"
"897","Normal/Others","WS/MP053/2025-2026/220196-Construction of roads, link roads, pathways or any other road with or without drainage system","Bihar","PATNA(DISTRICT PLANNING OFFICER PATNA_IDA)","Shri Khiru Mahto (2022-28) (2022-2028)","Elected MP","Construction of PCC road from the house of Ritesh Yadav to the house of Karn Sharma","19-Jul-2025","25-Aug-2025","1489700","Physical Inspection"
"898","Normal/Others","WS/MP053/2025-2026/220197-Construction of roads, link roads, pathways or any other road with or without drainage system","Bihar","PATNA(DISTRICT PLANNING OFFICER PATNA_IDA)","Shri Khiru Mahto (2022-28) (2022-2028)","Elected MP","construction of PCC road from the house of Sinha jee to the house of Dharmendra Kumar","19-Jul-2025","25-Aug-2025","616800","Physical Inspection"
"899","Normal/Others","WS/MP052/2025-2026/221654-Construction of roads, link roads, pathways or any other road with or without drainage system","Bihar","PASHCHIM CHAMPARAN(DISTRICT PLANNING OFFICER WEST CHAMPARANBETTIAH_IDA)","Shri Satish Chandra Dubey (2022-28) (2022-2028)","Elected MP","Construction of pcc road","24-Jul-2025","24-Nov-2025","997000","Physical Inspection"
"900","Normal/Others","WS/MP052/2025-2026/221655-Construction of roads, link roads, pathways or any other road with or without drainage system","Bihar","PASHCHIM CHAMPARAN(DISTRICT PLANNING OFFICER WEST CHAMPARANBETTIAH_IDA)","Shri Satish Chandra Dubey (2022-28) (2022-2028)","Elected MP","Construction of PCC Road","24-Jul-2025","26-Nov-2025","497652","Physical Inspection"
"901","Normal/Others","WS/MP052/2025-2026/221659-Construction of roads, link roads, pathways or any other road with or without drainage system","Bihar","PASHCHIM CHAMPARAN(DISTRICT PLANNING OFFICER WEST CHAMPARANBETTIAH_IDA)","Shri Satish Chandra Dubey (2022-28) (2022-2028)","Elected MP","Construction of PCC Road","24-Jul-2025","24-Jan-2026","497700","Physical Inspection"
"902","Normal/Others","WS/MP052/2025-2026/221660-Construction of roads, link roads, pathways or any other road with or without drainage system","Bihar","PASHCHIM CHAMPARAN(DISTRICT PLANNING OFFICER WEST CHAMPARANBETTIAH_IDA)","Shri Satish Chandra Dubey (2022-28) (2022-2028)","Elected MP","Construction of PCC Road","24-Jul-2025","08-Dec-2025","497354","Physical Inspection"
"903","Normal/Others","WS/MP052/2025-2026/221661-Construction of roads, link roads, pathways or any other road with or without drainage system","Bihar","PASHCHIM CHAMPARAN(DISTRICT PLANNING OFFICER WEST CHAMPARANBETTIAH_IDA)","Shri Satish Chandra Dubey (2022-28) (2022-2028)","Elected MP","Construction of PCC Road","24-Jul-2025","22-Sep-2025","496480","Physical Inspection"
"904","Normal/Others","WS/MP052/2025-2026/221704-Construction of roads, link roads, pathways or any other road with or without drainage system","Bihar","PASHCHIM CHAMPARAN(DISTRICT PLANNING OFFICER WEST CHAMPARANBETTIAH_IDA)","Shri Satish Chandra Dubey (2022-28) (2022-2028)","Elected MP","Construction of PCC Road","24-Jul-2025","26-Sep-2025","495821","Physical Inspection"
"905","Normal/Others","WS/MP052/2025-2026/221705-Construction of roads, link roads, pathways or any other road with or without drainage system","Bihar","PASHCHIM CHAMPARAN(DISTRICT PLANNING OFFICER WEST CHAMPARANBETTIAH_IDA)","Shri Satish Chandra Dubey (2022-28) (2022-2028)","Elected MP","Construction of PCC Road","24-Jul-2025","18-Dec-2025","586671","Physical Inspection"
"906","Normal/Others","WS/MP052/2025-2026/221707-Construction of roads, link roads, pathways or any other road with or without drainage system","Bihar","PASHCHIM CHAMPARAN(DISTRICT PLANNING OFFICER WEST CHAMPARANBETTIAH_IDA)","Shri Satish Chandra Dubey (2022-28) (2022-2028)","Elected MP","Construction of PCC Road","24-Jul-2025","26-Sep-2025","497802","Physical Inspection"
"907","Normal/Others","WS/MP052/2025-2026/221709-Construction of roads, link roads, pathways or any other road with or without drainage system","Bihar","PASHCHIM CHAMPARAN(DISTRICT PLANNING OFFICER WEST CHAMPARANBETTIAH_IDA)","Shri Satish Chandra Dubey (2022-28) (2022-2028)","Elected MP","Construction of PCC Road","24-Jul-2025","01-Dec-2025","497486","Physical Inspection"
"908","Normal/Others","WS/MP052/2025-2026/221735-Construction of roads, link roads, pathways or any other road with or without drainage system","Bihar","PASHCHIM CHAMPARAN(DISTRICT PLANNING OFFICER WEST CHAMPARANBETTIAH_IDA)","Shri Satish Chandra Dubey (2022-28) (2022-2028)","Elected MP","Construction of PCC Road","24-Jul-2025","18-Sep-2025","496362","Physical Inspection"
"909","Normal/Others","WS/MP052/2025-2026/221736-Construction of roads, link roads, pathways or any other road with or without drainage system","Bihar","PASHCHIM CHAMPARAN(DISTRICT PLANNING OFFICER WEST CHAMPARANBETTIAH_IDA)","Shri Satish Chandra Dubey (2022-28) (2022-2028)","Elected MP","Construction of PCC Road","24-Jul-2025","01-Dec-2025","493166","Physical Inspection"
"910","Normal/Others","WS/MP052/2025-2026/221738-Construction of roads, link roads, pathways or any other road with or without drainage system","Bihar","PASHCHIM CHAMPARAN(DISTRICT PLANNING OFFICER WEST CHAMPARANBETTIAH_IDA)","Shri Satish Chandra Dubey (2022-28) (2022-2028)","Elected MP","Construction of PCC Road","24-Jul-2025","18-Sep-2025","496713","Physical Inspection"
"911","Normal/Others","WS/MP052/2025-2026/221739-Construction of roads, link roads, pathways or any other road with or without drainage system","Bihar","PASHCHIM CHAMPARAN(DISTRICT PLANNING OFFICER WEST CHAMPARANBETTIAH_IDA)","Shri Satish Chandra Dubey (2022-28) (2022-2028)","Elected MP","Construction of PCC Road","24-Jul-2025","22-Sep-2025","796506","Physical Inspection"
"912","Normal/Others","WS/MP052/2025-2026/221740-Construction of roads, link roads, pathways or any other road with or without drainage system","Bihar","PASHCHIM CHAMPARAN(DISTRICT PLANNING OFFICER WEST CHAMPARANBETTIAH_IDA)","Shri Satish Chandra Dubey (2022-28) (2022-2028)","Elected MP","Construction of PCC Road","24-Jul-2025","06-Oct-2025","789742","Physical Inspection"
"913","Normal/Others","WS/MP041/2025-2026/222537-Construction of roads, link roads, pathways or any other road with or without drainage system","Bihar","PATNA(DISTRICT PLANNING OFFICER PATNA_IDA)","Dr. Faiyaz Ahmad (2022-28) (2022-2028)","Elected MP","Construction of PCC Road in ward no. 44 from main road towards the house of Amrendar Ji under Patna Municipal Corporation.","26-Jul-2025","27-Sep-2025","1476600","Physical Inspection"
"914","Normal/Others","WS/MP041/2025-2026/222538-Construction of roads, link roads, pathways or any other road with or without drainage system","Bihar","PATNA(DISTRICT PLANNING OFFICER PATNA_IDA)","Dr. Faiyaz Ahmad (2022-28) (2022-2028)","Elected MP","Construction of PCC Road in ward no. 44 from Jaylok Bhawan towards Prem Kunj under Patna Municipal Corporation.","26-Jul-2025","27-Sep-2025","1474111","Physical Inspection"
"915","Normal/Others","WS/MP041/2025-2026/222539-Construction of roads, link roads, pathways or any other road with or without drainage system","Bihar","PATNA(DISTRICT PLANNING OFFICER PATNA_IDA)","Dr. Faiyaz Ahmad (2022-28) (2022-2028)","Elected MP","Construction of PCC Road in ward no. 44 from House of Dr Malti Sinha towards Kumar Utsav palace under Patna Municipal Corporation.","26-Jul-2025","27-Sep-2025","1481300","Physical Inspection"
"916","Normal/Others","WS/MP041/2025-2026/222540-Construction of roads, link roads, pathways or any other road with or without drainage system","Bihar","PATNA(DISTRICT PLANNING OFFICER PATNA_IDA)","Dr. Faiyaz Ahmad (2022-28) (2022-2028)","Elected MP","Construction of PCC Road in ward no. 44 from House of Dr B. K. Prasad towards the house of Kapil Dev Ji under Patna Municipal Corporation.","26-Jul-2025","27-Sep-2025","1481500","Physical Inspection"
"917","Normal/Others","WS/MP041/2025-2026/222541-Construction of roads, link roads, pathways or any other road with or without drainage system","Bihar","PATNA(DISTRICT PLANNING OFFICER PATNA_IDA)","Dr. Faiyaz Ahmad (2022-28) (2022-2028)","Elected MP","Construction of PCC Road in ward no. 44 from Bhaskar enclave towards Sona Sadan under Patna Municipal Corporation.","26-Jul-2025","27-Sep-2025","1474900","Physical Inspection"
"918","Normal/Others","WS/MP041/2025-2026/222542-Construction of roads, link roads, pathways or any other road with or without drainage system","Bihar","PATNA(DISTRICT PLANNING OFFICER PATNA_IDA)","Dr. Faiyaz Ahmad (2022-28) (2022-2028)","Elected MP","Construction of PCC Road from the house of Shyamsundar Prasad towards the house of Babloo Ji in new Brahampur Block-Sampatchak, Village- Manoharpur Kachhuara.","26-Jul-2025","06-Oct-2025","1476900","Physical Inspection"
"919","Normal/Others","WS/MP041/2025-2026/222543-Construction of roads, link roads, pathways or any other road with or without drainage system","Bihar","PATNA(DISTRICT PLANNING OFFICER PATNA_IDA)","Dr. Faiyaz Ahmad (2022-28) (2022-2028)","Elected MP","Construction of PCC Road from the house of Pankaj Kumar towards the house of Gyanchandra Ji in new Brahampur Block-Sampatchak, Village- Manoharpur Kachhuara.","26-Jul-2025","06-Oct-2025","1438100","Physical Inspection"
"920","Normal/Others","WS/MP041/2025-2026/222544-Construction of roads, link roads, pathways or any other road with or without drainage system","Bihar","PATNA(DISTRICT PLANNING OFFICER PATNA_IDA)","Dr. Faiyaz Ahmad (2022-28) (2022-2028)","Elected MP","Construction of PCC Road from the house of Ranjeet Kumar towards the house of Upendra Prasad in new Brahampur Block-Sampatchak, Village- Manoharpur Kachhuara","26-Jul-2025","06-Oct-2025","1446800","Physical Inspection"
"921","Normal/Others","WS/MP041/2025-2026/222545-Construction of roads, link roads, pathways or any other road with or without drainage system","Bihar","PATNA(DISTRICT PLANNING OFFICER PATNA_IDA)","Dr. Faiyaz Ahmad (2022-28) (2022-2028)","Elected MP","Construction of PCC Road from the house of Utpal Bharti towards Sudevi Niwas in new Brahampur Block-Sampatchak, Village- Manoharpur Kachhuara","26-Jul-2025","06-Oct-2025","1393900","Physical Inspection"
"922","Normal/Others","WS/MP041/2025-2026/222546-Construction of roads, link roads, pathways or any other road with or without drainage system","Bihar","PATNA(DISTRICT PLANNING OFFICER PATNA_IDA)","Dr. Faiyaz Ahmad (2022-28) (2022-2028)","Elected MP","Construction of PCC Road from Preshpat Print towards the Apartment of Mahendra Prasad in new Brahampur Block-Sampatchak, Village- Manoharpur Kachhuara","26-Jul-2025","06-Oct-2025","1398900","Physical Inspection"
"923","Normal/Others","WS/MP041/2025-2026/222547-Construction of roads, link roads, pathways or any other road with or without drainage system","Bihar","PATNA(DISTRICT PLANNING OFFICER PATNA_IDA)","Dr. Faiyaz Ahmad (2022-28) (2022-2028)","Elected MP","Construction of PCC Road from the main road through Bhim Prasad Yadav towards Shravan Yadav new house in Block-Barh, Village- Soima","26-Jul-2025","16-Sep-2025","1186609","Physical Inspection"
"924","Normal/Others","WS/MP041/2025-2026/222801-Construction of roads, link roads, pathways or any other road with or without drainage system","Bihar","MADHUBANI(DISTRICT PLANNING OFFICER MADHUBANI_IDA)","Dr. Faiyaz Ahmad (2022-28) (2022-2028)","Elected MP","Rahika Prakhand ke Kakraul Dakshini Panchayat ke Kharauwa gaon me Rajesh Ray ke ghar se Surendra Ray ke ghar tak PCC sadak nirman.","28-Jul-2025","30-Aug-2025","990868","Physical Inspection"
"925","Normal/Others","WS/MP18407/2025-2026/223726-Construction of roads, link roads, pathways or any other road with or without drainage system","Bihar","GOPALGANJ(DISTRICT PLANNING OFFICER GOPALGANJ_IDA)","Shri Manan Kumar Mishra (2024-28) (2024-2028)","Elected MP","PCC and repair of the path going east from the house of Shri Fagu Mahato in village Sarfara ward number four Birti Tola","31-Jul-2025","23-Dec-2025","495809","Physical Inspection"
"926","Normal/Others","WS/MP18407/2025-2026/223727-Construction of roads, link roads, pathways or any other road with or without drainage system","Bihar","GOPALGANJ(DISTRICT PLANNING OFFICER GOPALGANJ_IDA)","Shri Manan Kumar Mishra (2024-28) (2024-2028)","Elected MP","Repair and PCC of the road going from the farm of Shri Devraj Sharma of village Mathurapur to Visheshwarpur","31-Jul-2025","23-Dec-2025","496095","Physical Inspection"
"927","Normal/Others","WS/MP18407/2025-2026/223728-Construction of roads, link roads, pathways or any other road with or without drainage system","Bihar","GOPALGANJ(DISTRICT PLANNING OFFICER GOPALGANJ_IDA)","Shri Manan Kumar Mishra (2024-28) (2024-2028)","Elected MP","PCC and repair of the path going east from the house of Shri Vinod Ojha in village Mohammadpur Nilami","31-Jul-2025","23-Dec-2025","496399","Physical Inspection"
"928","Normal/Others","WS/MP18407/2025-2026/223729-Construction of roads, link roads, pathways or any other road with or without drainage system","Bihar","GOPALGANJ(DISTRICT PLANNING OFFICER GOPALGANJ_IDA)","Shri Manan Kumar Mishra (2024-28) (2024-2028)","Elected MP","PCC of the path going from Shri Gavilal shop towards Mathia in Bishunpura market","31-Jul-2025","23-Dec-2025","496361","Physical Inspection"
"929","Normal/Others","WS/MP18407/2025-2026/223730-Construction of roads, link roads, pathways or any other road with or without drainage system","Bihar","GOPALGANJ(DISTRICT PLANNING OFFICER GOPALGANJ_IDA)","Shri Manan Kumar Mishra (2024-28) (2024-2028)","Elected MP","Elevation and PCC of the path going from the house of Shri Manoj Prasad to the house of Amar Shaheed Commando Deepak Singh, Ward No. 8, Nagar Parishad Barauli","31-Jul-2025","23-Dec-2025","496455","Physical Inspection"
"930","Normal/Others","WS/MP18407/2025-2026/223731-Construction of roads, link roads, pathways or any other road with or without drainage system","Bihar","GOPALGANJ(DISTRICT PLANNING OFFICER GOPALGANJ_IDA)","Shri Manan Kumar Mishra (2024-28) (2024-2028)","Elected MP","Repair and PCC of the remaining part of the path going east from the house of Shri Sudarshan Sahni in village Mirzapur","31-Jul-2025","24-Dec-2025","700000","Sanction"
"931","Normal/Others","WS/MP18407/2025-2026/223732-Construction of roads, link roads, pathways or any other road with or without drainage system","Bihar","GOPALGANJ(DISTRICT PLANNING OFFICER GOPALGANJ_IDA)","Shri Manan Kumar Mishra (2024-28) (2024-2028)","Elected MP","PCC and repair of the remaining part of the path going from Maa Nakto Bhavani temple in Belsand village towards Nonia Tola Timuhani","31-Jul-2025","17-Dec-2025","498948","Physical Inspection"
"932","Normal/Others","WS/MP18407/2025-2026/223733-Construction of roads, link roads, pathways or any other road with or without drainage system","Bihar","GOPALGANJ(DISTRICT PLANNING OFFICER GOPALGANJ_IDA)","Shri Manan Kumar Mishra (2024-28) (2024-2028)","Elected MP","PCC and repair of the remaining part of the path going east from the house of Shri Ramkumar Soni in Nagar Parishad Barauli Ward No. 9 Shivpuri","31-Jul-2025","23-Dec-2025","500000","Sanction"
"933","Normal/Others","WS/MP18407/2025-2026/223734-Construction of roads, link roads, pathways or any other road with or without drainage system","Bihar","GOPALGANJ(DISTRICT PLANNING OFFICER GOPALGANJ_IDA)","Shri Manan Kumar Mishra (2024-28) (2024-2028)","Elected MP","PCC and repair of the road going from village Saraiya Narendra Futani Bazar to Belsar","31-Jul-2025","19-Nov-2025","498999","Physical Inspection"
"934","Normal/Others","WS/MP18407/2025-2026/223751-Construction of roads, link roads, pathways or any other road with or without drainage system","Bihar","PURBI CHAMPARAN(DISTRICT PLANNING OFFICER MOTHIHARI EAST CHAMPARAN_IDA)","Shri Manan Kumar Mishra (2024-28) (2024-2028)","Elected MP","PCC work in the road from the house of Shri Mahant Paswan on the main road to the house of Shri Jamun Raut on the Madhuban Mela Bazar Main Road Ward No 03 of Madhuban Dakshin Panchayat under Madhuban Block","31-Jul-2025","26-Aug-2025","995926","Physical Inspection"
"935","Normal/Others","WS/MP18407/2025-2026/223754-Construction of roads, link roads, pathways or any other road with or without drainage system","Bihar","PURBI CHAMPARAN(DISTRICT PLANNING OFFICER MOTHIHARI EAST CHAMPARAN_IDA)","Shri Manan Kumar Mishra (2024-28) (2024-2028)","Elected MP","PCC work on the road from Shri Manoj Singh house to Shiva temple in Ibrahimpur Parasauni village of Baraparasuni Panchayat under Phenhara block","31-Jul-2025","27-Sep-2025","995704","Physical Inspection"
"936","Normal/Others","WS/MP053/2025-2026/229738-Construction of roads, link roads, pathways or any other road with or without drainage system","Bihar","PATNA(DISTRICT PLANNING OFFICER PATNA_IDA)","Shri Khiru Mahto (2022-28) (2022-2028)","Elected MP","Construction of PCC Road from Nehru Path near kotwali Thana  to Shiv Mandir","28-Aug-2025","12-Sep-2025","1298000","Physical Inspection"
"937","Normal/Others","WS/MP053/2025-2026/229739-Construction of roads, link roads, pathways or any other road with or without drainage system","Bihar","PATNA(DISTRICT PLANNING OFFICER PATNA_IDA)","Shri Khiru Mahto (2022-28) (2022-2028)","Elected MP","construction of PCC road from the back gate of kotwali thana to the main building","28-Aug-2025","12-Sep-2025","1298100","Physical Inspection"
"938","Normal/Others","WS/MP053/2025-2026/229740-Construction of roads, link roads, pathways or any other road with or without drainage system","Bihar","PATNA(DISTRICT PLANNING OFFICER PATNA_IDA)","Shri Khiru Mahto (2022-28) (2022-2028)","Elected MP","Construction of PCC road from the Garage of kotwali thana to quarters in kotwali thana","28-Aug-2025","12-Sep-2025","1247500","Physical Inspection"
"939","Normal/Others","WS/MP053/2025-2026/229741-Construction of roads, link roads, pathways or any other road with or without drainage system","Bihar","PATNA(DISTRICT PLANNING OFFICER PATNA_IDA)","Shri Khiru Mahto (2022-28) (2022-2028)","Elected MP","Construction of PCC road from the Shiv Mandir to the Staff quarters.","28-Aug-2025","12-Sep-2025","1147900","Physical Inspection"
"940","Normal/Others","WS/MP053/2025-2026/229754-Construction of roads, link roads, pathways or any other road with or without drainage system","Bihar","PATNA(DISTRICT PLANNING OFFICER PATNA_IDA)","Shri Khiru Mahto (2022-28) (2022-2028)","Elected MP","construction of PCC road from the sampatchak main road to the house of ramesh singh","28-Aug-2025","12-Sep-2025","1498043","Physical Inspection"
"941","Normal/Others","WS/MP053/2025-2026/229755-Construction of roads, link roads, pathways or any other road with or without drainage system","Bihar","PATNA(DISTRICT PLANNING OFFICER PATNA_IDA)","Shri Khiru Mahto (2022-28) (2022-2028)","Elected MP","construction of pcc road in ward 4 lakshmichak tola from the house of prakash jee to the house of Dharmendra jee","28-Aug-2025","12-Sep-2025","1497044","Physical Inspection"
"942","Normal/Others","WS/MP053/2025-2026/229756-Construction of roads, link roads, pathways or any other road with or without drainage system","Bihar","PATNA(DISTRICT PLANNING OFFICER PATNA_IDA)","Shri Khiru Mahto (2022-28) (2022-2028)","Elected MP","construction of PCC road in  in ward no.11 varuna village from the house of Sunil jee to the the house of Ramaikbal jee","28-Aug-2025","12-Sep-2025","1496012","Physical Inspection"
"943","Normal/Others","WS/MP053/2025-2026/229757-Construction of roads, link roads, pathways or any other road with or without drainage system","Bihar","PATNA(DISTRICT PLANNING OFFICER PATNA_IDA)","Shri Khiru Mahto (2022-28) (2022-2028)","Elected MP","Construction of PCC road in ward no.11,Varuna village from the house of Satish Kumar to the house of Chandan Kumar","28-Aug-2025","12-Sep-2025","1495722","Physical Inspection"
"944","Normal/Others","WS/MP053/2025-2026/229758-Construction of roads, link roads, pathways or any other road with or without drainage system","Bihar","PATNA(DISTRICT PLANNING OFFICER PATNA_IDA)","Shri Khiru Mahto (2022-28) (2022-2028)","Elected MP","Construction of PCC road in Ward no.13 from the house of Sudhir Kumar to the house of Vikki Kumar.","28-Aug-2025","12-Sep-2025","1496908","Physical Inspection"
"945","Normal/Others","WS/MP053/2025-2026/229767-Construction of roads, link roads, pathways or any other road with or without drainage system","Bihar","PATNA(DISTRICT PLANNING OFFICER PATNA_IDA)","Shri Khiru Mahto (2022-28) (2022-2028)","Elected MP","Construction of PCC Road in ward no.1 from the house of shashi singh to the house of yugal singh","28-Aug-2025","12-Sep-2025","1495894","Physical Inspection"
"946","Normal/Others","WS/MP053/2025-2026/229768-Construction of roads, link roads, pathways or any other road with or without drainage system","Bihar","PATNA(DISTRICT PLANNING OFFICER PATNA_IDA)","Shri Khiru Mahto (2022-28) (2022-2028)","Elected MP","Construction of PCC road from the house of Nagendra jee to the house of sunil jee in ward no. 02","28-Aug-2025","12-Sep-2025","998043","Physical Inspection"
"947","Normal/Others","WS/MP052/2025-2026/229905-Construction of roads, link roads, pathways or any other road with or without drainage system","Bihar","PASHCHIM CHAMPARAN(DISTRICT PLANNING OFFICER WEST CHAMPARANBETTIAH_IDA)","Shri Satish Chandra Dubey (2022-28) (2022-2028)","Elected MP","Construction of P.C.C. Road","28-Aug-2025","24-Mar-2026","496167","Physical Inspection"
"948","Normal/Others","WS/MP052/2025-2026/229908-Construction of roads, link roads, pathways or any other road with or without drainage system","Bihar","PASHCHIM CHAMPARAN(DISTRICT PLANNING OFFICER WEST CHAMPARANBETTIAH_IDA)","Shri Satish Chandra Dubey (2022-28) (2022-2028)","Elected MP","Construction of P.C.C. Road in Piparpati village under madhubani block","28-Aug-2025","19-Nov-2025","500000","Sanction"
"949","Normal/Others","WS/MP052/2025-2026/229909-Construction of roads, link roads, pathways or any other road with or without drainage system","Bihar","PASHCHIM CHAMPARAN(DISTRICT PLANNING OFFICER WEST CHAMPARANBETTIAH_IDA)","Shri Satish Chandra Dubey (2022-28) (2022-2028)","Elected MP","Construction of P.C.C. Road","28-Aug-2025","05-Feb-2026","499607","Physical Inspection"
"950","Normal/Others","WS/MP052/2025-2026/229910-Construction of roads, link roads, pathways or any other road with or without drainage system","Bihar","PASHCHIM CHAMPARAN(DISTRICT PLANNING OFFICER WEST CHAMPARANBETTIAH_IDA)","Shri Satish Chandra Dubey (2022-28) (2022-2028)","Elected MP","Construction of P.C.C. Road in Gram panchyat manjhariya, village gahari sthan in piprasi block","28-Aug-2025","17-Jan-2026","500000","Physical Inspection"
"951","Normal/Others","WS/MP052/2025-2026/229912-Construction of roads, link roads, pathways or any other road with or without drainage system","Bihar","PASHCHIM CHAMPARAN(DISTRICT PLANNING OFFICER WEST CHAMPARANBETTIAH_IDA)","Shri Satish Chandra Dubey (2022-28) (2022-2028)","Elected MP","Construction of P.C.C. Road","28-Aug-2025","19-Nov-2025","500000","Physical Inspection"
"952","Normal/Others","WS/MP052/2025-2026/229913-Construction of roads, link roads, pathways or any other road with or without drainage system","Bihar","PASHCHIM CHAMPARAN(DISTRICT PLANNING OFFICER WEST CHAMPARANBETTIAH_IDA)","Shri Satish Chandra Dubey (2022-28) (2022-2028)","Elected MP","Construction of P.C.C. Road","28-Aug-2025","29-Dec-2025","496341","Physical Inspection"
"953","Normal/Others","WS/MP052/2025-2026/229920-Construction of roads, link roads, pathways or any other road with or without drainage system","Bihar","PASHCHIM CHAMPARAN(DISTRICT PLANNING OFFICER WEST CHAMPARANBETTIAH_IDA)","Shri Satish Chandra Dubey (2022-28) (2022-2028)","Elected MP","Construction of P.C.C. Road Work","28-Aug-2025","28-Jan-2026","498899","Physical Inspection"
"954","Normal/Others","WS/MP052/2025-2026/229922-Construction of roads, link roads, pathways or any other road with or without drainage system","Bihar","PASHCHIM CHAMPARAN(DISTRICT PLANNING OFFICER WEST CHAMPARANBETTIAH_IDA)","Shri Satish Chandra Dubey (2022-28) (2022-2028)","Elected MP","Construction of P.C.C. Road Work","28-Aug-2025","27-Sep-2025","498784","Physical Inspection"
"955","Normal/Others","WS/MP001/2025-2026/230398-Construction of roads, link roads, pathways or any other road with or without drainage system","Bihar","PATNA(DISTRICT PLANNING OFFICER PATNA_IDA)","Shri Shambhu Sharan Patel (2022-28) (2022-2028)","Elected MP","PCC  Road Construction Work. From Amir Ram Houses  toSouth Road.BlockBarh,PanchyatIbrahimpur,VillageAkbarpur,District Patna.","30-Aug-2025","16-Sep-2025","1385183","Physical Inspection"
"956","Normal/Others","WS/MP18407/2025-2026/230581-Construction of roads, link roads, pathways or any other road with or without drainage system","Bihar","GOPALGANJ(DISTRICT PLANNING OFFICER GOPALGANJ_IDA)","Shri Manan Kumar Mishra (2024-28) (2024-2028)","Elected MP","Brickwork Soiling and PCC construction work from the pitch road going to Padrahi Dham and Karavathi market via Upgraded Middle School Tiwari Khareya to the door of Purushottam Tiwari","31-Aug-2025","23-Dec-2025","1498000","Vendor Identification"
"957","Normal/Others","WS/MP042/2025-2026/231021-Construction of roads, link roads, pathways or any other road with or without drainage system","Bihar","SAHARSA(DISTRICT PLANNING OFFICER SAHARSA_IDA)","Prof. Manoj Kumar Jha (2024-30) (2024-2030)","Elected MP","Construction of PCC Road Laxminiya Ashok Yadav House to Paswan Tola located in Bishanpur Panchayat Ward No 01 under Sattar Kataiya block.","02-Sep-2025","11-Sep-2025","1300000","Physical Inspection"
"958","Normal/Others","WS/MP18332/2025-2026/231105-Construction of roads, link roads, pathways or any other road with or without drainage system","Bihar","PURBI CHAMPARAN(DISTRICT PLANNING OFFICER MOTHIHARI EAST CHAMPARAN_IDA)","Dr. Dharmshila Gupta (2024-30) (2024-2030)","Elected MP","PCC ROAD-EAST CHAPARAN CHAKIA, PANCHYAT HARDIYABAAD  WARD NO 12 ME BACHHA SINGH KE GHAR SE ANILSINGH KE GHAR SE AAGE TAK- PCC ROAD","03-Sep-2025","08-Jan-2026","1478324","Physical Inspection"
"959","Normal/Others","WS/MP18332/2025-2026/231119-Construction of roads, link roads, pathways or any other road with or without drainage system","Bihar","PATNA(DISTRICT PLANNING OFFICER PATNA_IDA)","Dr. Dharmshila Gupta (2024-30) (2024-2030)","Elected MP","PCC ROAD- PATNA, BARH, PRAKHAND- IBRAHIPUR PCC ROAD, BICHLI MALAHI ME SADAK SE BAUDHU MAHTO KE GHAR SE SHIV PUJAN MAHTO KE SE HOTE HUE KRISHNA MAHTO KE GHAR TAK- PCC ROAD","03-Sep-2025","26-Sep-2025","989082","Physical Inspection"
"960","Normal/Others","WS/MP18332/2026-2027/231120-Construction of roads, link roads, pathways or any other road with or without drainage system","Bihar","DARBHANGA(DISTRICT PLANNING OFFICER DARBANGA_IDA)","Dr. Dharmshila Gupta (2024-30) (2024-2030)","Elected MP","PCC ROAD- DARBHANGA , PRAKHAND-SINGHWARA VILL BHARWARA, PANCHYAT- BHARATHI KE BHARWARA TOL ME  WARD NO 13  KE KISHUN MAHTO KE GHAR SE BALHI POKHAR SHAMSHAN TAK- PCC ROAD.","03-Sep-2025","07-Apr-2026","1498000","Work Completed"
"961","Normal/Others","WS/MP18332/2025-2026/231125-Construction of roads, link roads, pathways or any other road with or without drainage system","Bihar","PURBI CHAMPARAN(DISTRICT PLANNING OFFICER MOTHIHARI EAST CHAMPARAN_IDA)","Dr. Dharmshila Gupta (2024-30) (2024-2030)","Elected MP","PCC ROAD- EAST CHAMPARAN, PAHARPUR, VILL TEJPURWA ME KISHOR YADAV KE KHET SE AHIRBALIA PUL JANE WALI SADAK ME PCC ROAD.","03-Sep-2025","06-Oct-2025","1395554","Physical Inspection"
"962","Normal/Others","WS/MP18407/2025-2026/232194-Construction of roads, link roads, pathways or any other road with or without drainage system","Bihar","GOPALGANJ(DISTRICT PLANNING OFFICER GOPALGANJ_IDA)","Shri Manan Kumar Mishra (2024-28) (2024-2028)","Elected MP","PCC construction work from REO Road to Diyarhwas house via Doma Sahs house","08-Sep-2025","23-Dec-2025","1473890","Physical Inspection"
"963","Normal/Others","WS/MP18407/2025-2026/232195-Construction of roads, link roads, pathways or any other road with or without drainage system","Bihar","GOPALGANJ(DISTRICT PLANNING OFFICER GOPALGANJ_IDA)","Shri Manan Kumar Mishra (2024-28) (2024-2028)","Elected MP","Construction work from Karwathi Siwan R.E.O. PCC road to Diyarhwas house","08-Sep-2025","23-Dec-2025","1469484","Physical Inspection"
"964","Normal/Others","WS/MP18407/2025-2026/232196-Construction of roads, link roads, pathways or any other road with or without drainage system","Bihar","GOPALGANJ(DISTRICT PLANNING OFFICER GOPALGANJ_IDA)","Shri Manan Kumar Mishra (2024-28) (2024-2028)","Elected MP","Construction of PCC and infiltration work from Padrahi Dham PWD road from south side to Saran main canal via Awadhesh Gonds house","08-Sep-2025","23-Dec-2025","1465126","Physical Inspection"
"965","Normal/Others","WS/MP18407/2025-2026/232197-Construction of roads, link roads, pathways or any other road with or without drainage system","Bihar","GOPALGANJ(DISTRICT PLANNING OFFICER GOPALGANJ_IDA)","Shri Manan Kumar Mishra (2024-28) (2024-2028)","Elected MP","Construction of PCC work from Semra PWD road to Rampur Khareya Rama Manjhis house via Hazari Sahs house","08-Sep-2025","23-Dec-2025","1497000","Physical Inspection"
"966","Normal/Others","WS/MP053/2025-2026/232200-Construction of roads, link roads, pathways or any other road with or without drainage system","Bihar","PATNA(DISTRICT PLANNING OFFICER PATNA_IDA)","Shri Khiru Mahto (2022-28) (2022-2028)","Elected MP","Construction of PCC in road in Basant Bihar Colony from the house of Deepak Thakur to the house of Amit Kumar","08-Sep-2025","06-Oct-2025","998317","Physical Inspection"
"967","Normal/Others","WS/MP053/2025-2026/232201-Construction of roads, link roads, pathways or any other road with or without drainage system","Bihar","PATNA(DISTRICT PLANNING OFFICER PATNA_IDA)","Shri Khiru Mahto (2022-28) (2022-2028)","Elected MP","Construction of PCC road in Basant Bihar Colony from the house of  Suraj Sharma to the house of Rajkumar Singh.","08-Sep-2025","06-Oct-2025","1494048","Physical Inspection"
"968","Normal/Others","WS/MP053/2025-2026/232202-Construction of roads, link roads, pathways or any other road with or without drainage system","Bihar","PURBI CHAMPARAN(DISTRICT PLANNING OFFICER MOTHIHARI EAST CHAMPARAN_IDA)","Shri Khiru Mahto (2022-28) (2022-2028)","Elected MP","Construction of PCC road from the Belwa ray main Road towards Baghi village","08-Sep-2025","22-Sep-2025","1480757","Physical Inspection"
"969","Normal/Others","WS/MP18407/2025-2026/232212-Construction of roads, link roads, pathways or any other road with or without drainage system","Bihar","GOPALGANJ(DISTRICT PLANNING OFFICER GOPALGANJ_IDA)","Shri Manan Kumar Mishra (2024-28) (2024-2028)","Elected MP","PCC work of the road going from Hariharpur turn of village Chakarwankhas of village panchayat of block Bhore to Maitholi market","08-Sep-2025","23-Dec-2025","1479360","Physical Inspection"
"970","Normal/Others","WS/MP18407/2025-2026/232214-Construction of roads, link roads, pathways or any other road with or without drainage system","Bihar","GOPALGANJ(DISTRICT PLANNING OFFICER GOPALGANJ_IDA)","Shri Manan Kumar Mishra (2024-28) (2024-2028)","Elected MP","PCC work of the road going from village Imilia Patti to Chafwan turn of Panchayat Raj Chakarvankhas of Block Bhore","08-Sep-2025","23-Dec-2025","1490592","Physical Inspection"
"971","Normal/Others","WS/MP18407/2025-2026/232216-Construction of roads, link roads, pathways or any other road with or without drainage system","Bihar","GOPALGANJ(DISTRICT PLANNING OFFICER GOPALGANJ_IDA)","Shri Manan Kumar Mishra (2024-28) (2024-2028)","Elected MP","PCC work of the road from village Naru Chakarvan to Paras Bigha from Bhore Pagra main road of Panchayat Raj Chakarvankhas of Block Bhore","08-Sep-2025","23-Dec-2025","1491573","Physical Inspection"
"972","Normal/Others","WS/MP18407/2025-2026/232235-Construction of roads, link roads, pathways or any other road with or without drainage system","Bihar","GOPALGANJ(DISTRICT PLANNING OFFICER GOPALGANJ_IDA)","Shri Manan Kumar Mishra (2024-28) (2024-2028)","Elected MP","Repair and PCC work of the road leading from village Paithanpatti main road to Shri Rajendra Yadavs house","08-Sep-2025","23-Dec-2025","498471","Physical Inspection"
"973","Normal/Others","WS/MP18407/2025-2026/232236-Construction of roads, link roads, pathways or any other road with or without drainage system","Bihar","GOPALGANJ(DISTRICT PLANNING OFFICER GOPALGANJ_IDA)","Shri Manan Kumar Mishra (2024-28) (2024-2028)","Elected MP","Repair and PCC work of the path going south from village Mujauna market","08-Sep-2025","23-Dec-2025","500000","Vendor Identification"
"974","Normal/Others","WS/MP18407/2025-2026/232237-Construction of roads, link roads, pathways or any other road with or without drainage system","Bihar","GOPALGANJ(DISTRICT PLANNING OFFICER GOPALGANJ_IDA)","Shri Manan Kumar Mishra (2024-28) (2024-2028)","Elected MP","PCC work of the path from the house of Shri Gumasta Bharti to the house of Shri Ganesh Bharti in village Dharmaparsa","08-Sep-2025","23-Dec-2025","500000","Sanction"
"975","Normal/Others","WS/MP044/2025-2026/232455-Construction of roads, link roads, pathways or any other road with or without drainage system","Bihar","ARWAL(District Planning Officer Arwal_IDA)","Shri Akhilesh Prasad Singh (2024-30) (2024-2030)","Elected MP","construction of Drainage with PCC from Umesh Singhs house to Mitha Indira in Aiyara Panchayat of Karpi Balok Arwal District","09-Sep-2025","20-Dec-2025","983920","Physical Inspection"
"976","Normal/Others","WS/MP044/2025-2026/232530-Construction of roads, link roads, pathways or any other road with or without drainage system","Bihar","ARWAL(District Planning Officer Arwal_IDA)","Shri Akhilesh Prasad Singh (2024-30) (2024-2030)","Elected MP","construction of PCC road from Tera Haminpur to Kamlesh Hotel in Durra Panchayat of Arwal district Karpi Block","10-Sep-2025","12-Jan-2026","1380572","Physical Inspection"
"977","Normal/Others","WS/MP044/2025-2026/232531-Construction of roads, link roads, pathways or any other road with or without drainage system","Bihar","ARWAL(District Planning Officer Arwal_IDA)","Shri Akhilesh Prasad Singh (2024-30) (2024-2030)","Elected MP","PCC and soling work from Arvind Sharmas house to Akash Kumars house via Bhola Babus house in Shivnagar Aiyara Panchayat Arwal district","10-Sep-2025","20-Dec-2025","599045","Physical Inspection"
"978","Normal/Others","WS/MP044/2025-2026/232533-Construction of roads, link roads, pathways or any other road with or without drainage system","Bihar","ARWAL(District Planning Officer Arwal_IDA)","Shri Akhilesh Prasad Singh (2024-30) (2024-2030)","Elected MP","construction of PCC from High School to Thakur Bari of Purana Panchayat of Arwal District Karpi Block","10-Sep-2025","19-Jan-2026","788953","Physical Inspection"
"979","Normal/Others","WS/MP044/2025-2026/232535-Construction of roads, link roads, pathways or any other road with or without drainage system","Bihar","ARWAL(District Planning Officer Arwal_IDA)","Shri Akhilesh Prasad Singh (2024-30) (2024-2030)","Elected MP","construction of PCC road from Lala Sharmas house in village Manjhiyavo under district Arwal block Sonbhadravanshi Sumepur Panchayat Khatengi to Upendra Sharmas house","10-Sep-2025","02-Dec-2025","198017","Physical Inspection"
"980","Normal/Others","WS/MP044/2025-2026/232537-Construction of roads, link roads, pathways or any other road with or without drainage system","Bihar","ARWAL(District Planning Officer Arwal_IDA)","Shri Akhilesh Prasad Singh (2024-30) (2024-2030)","Elected MP","construction of PCC work from Sona Saavs house to Chunun Sharmas house at District Arwal Block Sonbhadravanshi Sumepur Panchayat Khatengi In village Manjhiyavo","10-Sep-2025","02-Dec-2025","494976","Physical Inspection"
"981","Normal/Others","WS/MP044/2025-2026/232579-Construction of roads, link roads, pathways or any other road with or without drainage system","Bihar","ARWAL(District Planning Officer Arwal_IDA)","Shri Akhilesh Prasad Singh (2024-30) (2024-2030)","Elected MP","Construction of Drainage and pcc road work from Ranjit Singh house to Nasirna Pokhara Via Munni Saw and Gilam Manjhi house in village Nasirna of Kurtha block under Arwal District","10-Sep-2025","25-Sep-2025","792000","Physical Inspection"
"982","Normal/Others","WS/MP044/2025-2026/232964-Construction of roads, link roads, pathways or any other road with or without drainage system","Bihar","PURBI CHAMPARAN(DISTRICT PLANNING OFFICER MOTHIHARI EAST CHAMPARAN_IDA)","Shri Akhilesh Prasad Singh (2024-30) (2024-2030)","Elected MP","Construction of PCC road under Turkauliya block mannanpur village to jhoriya bridge","11-Sep-2025","25-Sep-2025","1494504","Physical Inspection"
"983","Normal/Others","WS/MP044/2025-2026/232965-Construction of roads, link roads, pathways or any other road with or without drainage system","Bihar","PURBI CHAMPARAN(DISTRICT PLANNING OFFICER MOTHIHARI EAST CHAMPARAN_IDA)","Shri Akhilesh Prasad Singh (2024-30) (2024-2030)","Elected MP","Construction of a drain slab cover work at Pokhra Chowk under Narriya Panchayat of Turkauliya block","11-Sep-2025","25-Sep-2025","1479146","Physical Inspection"
"984","Normal/Others","WS/MP044/2025-2026/232966-Construction of roads, link roads, pathways or any other road with or without drainage system","Bihar","PURBI CHAMPARAN(DISTRICT PLANNING OFFICER MOTHIHARI EAST CHAMPARAN_IDA)","Shri Akhilesh Prasad Singh (2024-30) (2024-2030)","Elected MP","Construction of PCC road from Shri Sudan Singhs Farm under Turkauliya block to Jhouliya bridge","11-Sep-2025","25-Sep-2025","1492775","Physical Inspection"
"985","Normal/Others","WS/MP044/2025-2026/232967-Construction of roads, link roads, pathways or any other road with or without drainage system","Bihar","PURBI CHAMPARAN(DISTRICT PLANNING OFFICER MOTHIHARI EAST CHAMPARAN_IDA)","Shri Akhilesh Prasad Singh (2024-30) (2024-2030)","Elected MP","Construction of samparkpath Road from sri dukham Rai house to shivpujan house in turkaulia block motihan","11-Sep-2025","25-Sep-2025","1492251","Physical Inspection"
"986","Normal/Others","WS/MP044/2025-2026/232982-Construction of roads, link roads, pathways or any other road with or without drainage system","Bihar","PURBI CHAMPARAN(DISTRICT PLANNING OFFICER MOTHIHARI EAST CHAMPARAN_IDA)","Shri Akhilesh Prasad Singh (2024-30) (2024-2030)","Elected MP","Construction of PCC road on the main road from Gauri Yadavs house to Lalan Yadavs house in Majhariya  Ward No 3 under Paharpur block of East Champaran district","11-Sep-2025","25-Sep-2025","1493609","Physical Inspection"
"987","Normal/Others","WS/MP052/2025-2026/234347-Construction of roads, link roads, pathways or any other road with or without drainage system","Bihar","PASHCHIM CHAMPARAN(DISTRICT PLANNING OFFICER WEST CHAMPARANBETTIAH_IDA)","Shri Satish Chandra Dubey (2022-28) (2022-2028)","Elected MP","Construction of P.C.C. Road work","15-Sep-2025","29-Dec-2025","497783","Physical Inspection"
"988","Normal/Others","WS/MP052/2025-2026/234348-Construction of roads, link roads, pathways or any other road with or without drainage system","Bihar","PASHCHIM CHAMPARAN(DISTRICT PLANNING OFFICER WEST CHAMPARANBETTIAH_IDA)","Shri Satish Chandra Dubey (2022-28) (2022-2028)","Elected MP","Construction of P.C.C. Road Work","15-Sep-2025","24-Dec-2025","500000","Vendor Identification"
"989","Normal/Others","WS/MP052/2025-2026/234350-Construction of roads, link roads, pathways or any other road with or without drainage system","Bihar","PASHCHIM CHAMPARAN(DISTRICT PLANNING OFFICER WEST CHAMPARANBETTIAH_IDA)","Shri Satish Chandra Dubey (2022-28) (2022-2028)","Elected MP","Construction of P.C.C. Road Work","15-Sep-2025","24-Jan-2026","190000","Vendor Identification"
"990","Normal/Others","WS/MP052/2025-2026/234360-Construction of roads, link roads, pathways or any other road with or without drainage system","Bihar","PASHCHIM CHAMPARAN(DISTRICT PLANNING OFFICER WEST CHAMPARANBETTIAH_IDA)","Shri Satish Chandra Dubey (2022-28) (2022-2028)","Elected MP","Construction of P.C.C. Road Work and Drainage System in Ramnagar Parshid, Ward no. 2","15-Sep-2025","06-Oct-2025","796994","Physical Inspection"
"991","Normal/Others","WS/MP052/2025-2026/235153-Construction of roads, link roads, pathways or any other road with or without drainage system","Bihar","PURBI CHAMPARAN(DISTRICT PLANNING OFFICER MOTHIHARI EAST CHAMPARAN_IDA)","Shri Satish Chandra Dubey (2022-28) (2022-2028)","Elected MP","Construction of P.C.C. Road Work","18-Sep-2025","22-Sep-2025","997405","Physical Inspection"
"992","Normal/Others","WS/MP18407/2025-2026/236728-Construction of roads, link roads, pathways or any other road with or without drainage system","Bihar","GOPALGANJ(DISTRICT PLANNING OFFICER GOPALGANJ_IDA)","Shri Manan Kumar Mishra (2024-28) (2024-2028)","Elected MP","Construction of drain from Nagendra Sah sweet shop towards west on the path going from Jhoolan turn to Sharma turn in Madhopur market of Gram Panchayat Raj Madhopur","23-Sep-2025","23-Dec-2025","800000","Sanction"
"993","Normal/Others","WS/MP18407/2025-2026/236729-Construction of roads, link roads, pathways or any other road with or without drainage system","Bihar","GOPALGANJ(DISTRICT PLANNING OFFICER GOPALGANJ_IDA)","Shri Manan Kumar Mishra (2024-28) (2024-2028)","Elected MP","PCC work of the path going towards east from the house of Shri Naresh Prasad in Ward No. 05 of Gram Panchayat Raj Batardeh","23-Sep-2025","23-Dec-2025","397567","Physical Inspection"
"994","Normal/Others","WS/MP18407/2025-2026/236730-Construction of roads, link roads, pathways or any other road with or without drainage system","Bihar","GOPALGANJ(DISTRICT PLANNING OFFICER GOPALGANJ_IDA)","Shri Manan Kumar Mishra (2024-28) (2024-2028)","Elected MP","Repair and PCC work of the path leading from the house of Shri Chandra Bhagat to the house of Shri Bhagwan Prasad in Ward No. 06 of Gram Panchayat Raj Batardeh","23-Sep-2025","23-Dec-2025","497649","Physical Inspection"
"995","Normal/Others","WS/MP18407/2025-2026/236731-Construction of roads, link roads, pathways or any other road with or without drainage system","Bihar","GOPALGANJ(DISTRICT PLANNING OFFICER GOPALGANJ_IDA)","Shri Manan Kumar Mishra (2024-28) (2024-2028)","Elected MP","Repair and PCC work of the road leading from REO road to the house of Shri Akhilesh Prasad in village Danapur under Jagarnath Panchayat","23-Sep-2025","23-Dec-2025","498835","Physical Inspection"
"996","Normal/Others","WS/MP18407/2025-2026/236732-Construction of roads, link roads, pathways or any other road with or without drainage system","Bihar","GOPALGANJ(DISTRICT PLANNING OFFICER GOPALGANJ_IDA)","Shri Manan Kumar Mishra (2024-28) (2024-2028)","Elected MP","PCC work of the path from the farm of Shri Alok Singh to Chhath Sthan in village Jhimliyan under Koini Panchayat","23-Sep-2025","23-Dec-2025","996445","Physical Inspection"
"997","Normal/Others","WS/MP18407/2025-2026/236733-Construction of roads, link roads, pathways or any other road with or without drainage system","Bihar","GOPALGANJ(DISTRICT PLANNING OFFICER GOPALGANJ_IDA)","Shri Manan Kumar Mishra (2024-28) (2024-2028)","Elected MP","Repair and PCC work of the path leading from the boundary wall of Shri Harikant Singh towards Kali Sthan in Ward No. 10 of Gram Panchayat Raj Bhainshee","23-Sep-2025","23-Dec-2025","497986","Physical Inspection"
"998","Normal/Others","WS/MP18407/2025-2026/236740-Construction of roads, link roads, pathways or any other road with or without drainage system","Bihar","GOPALGANJ(DISTRICT PLANNING OFFICER GOPALGANJ_IDA)","Shri Manan Kumar Mishra (2024-28) (2024-2028)","Elected MP","PCC work of the road from village Chafwan Mod of Block Bhore to Rauta Pokhara, 1800 feet.","23-Sep-2025","23-Dec-2025","996928","Physical Inspection"
"999","Normal/Others","WS/MP18407/2025-2026/236741-Construction of roads, link roads, pathways or any other road with or without drainage system","Bihar","GOPALGANJ(DISTRICT PLANNING OFFICER GOPALGANJ_IDA)","Shri Manan Kumar Mishra (2024-28) (2024-2028)","Elected MP","PCC work of the road from the house of Janardan Bhagat of village Hariharpur of Block Bhora to Mathouli-2000 feet","23-Sep-2025","23-Dec-2025","997192","Physical Inspection"
"1000","Normal/Others","WS/MP18407/2025-2026/236742-Construction of roads, link roads, pathways or any other road with or without drainage system","Bihar","GOPALGANJ(DISTRICT PLANNING OFFICER GOPALGANJ_IDA)","Shri Manan Kumar Mishra (2024-28) (2024-2028)","Elected MP","PCC work on the path from Ramakant Bhagats farm to Radheshyam Tiwaris farm in Imilia Patti village of Bhore block","23-Sep-2025","10-Feb-2026","1000000","Physical Inspection"
"1001","Normal/Others","WS/MP18407/2025-2026/236743-Construction of roads, link roads, pathways or any other road with or without drainage system","Bihar","GOPALGANJ(DISTRICT PLANNING OFFICER GOPALGANJ_IDA)","Shri Manan Kumar Mishra (2024-28) (2024-2028)","Elected MP","Construction work of PCC path from village Bhikhachappar Pitch to Sisai Road of Block Bhorey.","23-Sep-2025","23-Dec-2025","997316","Physical Inspection"
"1002","Normal/Others","WS/MP18332/2025-2026/237205-Construction of roads, link roads, pathways or any other road with or without drainage system","Bihar","PATNA(DISTRICT PLANNING OFFICER PATNA_IDA)","Dr. Dharmshila Gupta (2024-30) (2024-2030)","Elected MP","PCC WORK- PATNA RURAL, PANCHHYAT EAST BHEDHANA, BARH, VILL SOIMA ME NAYA RWD ROAD SE PACHIM TOLA CHANDAN YADAV KE GHAR TAK PCC ROAD","24-Sep-2025","27-Sep-2025","989000","Physical Inspection"
"1003","Normal/Others","WS/MP052/2025-2026/237489-Construction of roads, link roads, pathways or any other road with or without drainage system","Bihar","PASHCHIM CHAMPARAN(DISTRICT PLANNING OFFICER WEST CHAMPARANBETTIAH_IDA)","Shri Satish Chandra Dubey (2022-28) (2022-2028)","Elected MP","Construction of P.C.C. Road Work with Uchhikaran","24-Sep-2025","27-Sep-2025","997682","Physical Inspection"
"1004","Normal/Others","WS/MP052/2025-2026/237490-Construction of roads, link roads, pathways or any other road with or without drainage system","Bihar","PASHCHIM CHAMPARAN(DISTRICT PLANNING OFFICER WEST CHAMPARANBETTIAH_IDA)","Shri Satish Chandra Dubey (2022-28) (2022-2028)","Elected MP","Construction of P.C.C. Road with Uchikaran","24-Sep-2025","27-Sep-2025","996984","Physical Inspection"
"1005","Normal/Others","WS/MP052/2025-2026/237491-Construction of roads, link roads, pathways or any other road with or without drainage system","Bihar","PASHCHIM CHAMPARAN(DISTRICT PLANNING OFFICER WEST CHAMPARANBETTIAH_IDA)","Shri Satish Chandra Dubey (2022-28) (2022-2028)","Elected MP","Construction of P.C.C. Road work with drainage","24-Sep-2025","01-Dec-2025","594781","Physical Inspection"
"1006","Normal/Others","WS/MP052/2025-2026/237492-Construction of roads, link roads, pathways or any other road with or without drainage system","Bihar","PASHCHIM CHAMPARAN(DISTRICT PLANNING OFFICER WEST CHAMPARANBETTIAH_IDA)","Shri Satish Chandra Dubey (2022-28) (2022-2028)","Elected MP","Construction of P.C.C. Road work","24-Sep-2025","28-Jan-2026","699100","Sanction"
"1007","Normal/Others","WS/MP052/2025-2026/237493-Construction of roads, link roads, pathways or any other road with or without drainage system","Bihar","PASHCHIM CHAMPARAN(DISTRICT PLANNING OFFICER WEST CHAMPARANBETTIAH_IDA)","Shri Satish Chandra Dubey (2022-28) (2022-2028)","Elected MP","Construction of P.C.C. Road work","24-Sep-2025","06-Oct-2025","1373558","Physical Inspection"
"1008","Normal/Others","WS/MP052/2025-2026/237495-Construction of roads, link roads, pathways or any other road with or without drainage system","Bihar","PASHCHIM CHAMPARAN(DISTRICT PLANNING OFFICER WEST CHAMPARANBETTIAH_IDA)","Shri Satish Chandra Dubey (2022-28) (2022-2028)","Elected MP","Construction of P.C.C. Road Work","24-Sep-2025","11-Dec-2025","598055","Physical Inspection"
"1009","Normal/Others","WS/MP052/2025-2026/237496-Construction of roads, link roads, pathways or any other road with or without drainage system","Bihar","PASHCHIM CHAMPARAN(DISTRICT PLANNING OFFICER WEST CHAMPARANBETTIAH_IDA)","Shri Satish Chandra Dubey (2022-28) (2022-2028)","Elected MP","Construction of P.C.C. Road work","24-Sep-2025","08-Dec-2025","499636","Physical Inspection"
"1010","Normal/Others","WS/MP052/2025-2026/237501-Construction of roads, link roads, pathways or any other road with or without drainage system","Bihar","PASHCHIM CHAMPARAN(DISTRICT PLANNING OFFICER WEST CHAMPARANBETTIAH_IDA)","Shri Satish Chandra Dubey (2022-28) (2022-2028)","Elected MP","Construction of P.C.C. Road work with Brick Soling","24-Sep-2025","09-Dec-2025","599075","Physical Inspection"
"1011","Normal/Others","WS/MP052/2026-2027/237502-Construction of roads, link roads, pathways or any other road with or without drainage system","Bihar","PASHCHIM CHAMPARAN(DISTRICT PLANNING OFFICER WEST CHAMPARANBETTIAH_IDA)","Shri Satish Chandra Dubey (2022-28) (2022-2028)","Elected MP","Construction of P.C.C. Road Work","24-Sep-2025","20-May-2026","1000000","Sanction"
"1012","Normal/Others","WS/MP18407/2025-2026/238160-Construction of roads, link roads, pathways or any other road with or without drainage system","Bihar","GOPALGANJ(DISTRICT PLANNING OFFICER GOPALGANJ_IDA)","Shri Manan Kumar Mishra (2024-28) (2024-2028)","Elected MP","Soiling, bricking and PCC construction from the house of Khekhanu Chaudhary of village Diwan Parsa of Gram Panchayat Raj Ganesh Dumra of Block Fulwaria to the farm of Lal Babu Singh.","26-Sep-2025","09-Jan-2026","1471499","Physical Inspection"
"1013","Normal/Others","WS/MP18407/2025-2026/238161-Construction of roads, link roads, pathways or any other road with or without drainage system","Bihar","GOPALGANJ(DISTRICT PLANNING OFFICER GOPALGANJ_IDA)","Shri Manan Kumar Mishra (2024-28) (2024-2028)","Elected MP","Soiling, bricking and PCC construction from Dubwalia School of Gram Panchayat Raj Ganesh Dumra of Block Fulwaria to the farm of Birjhan Singh.","26-Sep-2025","09-Jan-2026","1451315","Physical Inspection"
"1014","Normal/Others","WS/MP18407/2025-2026/238162-Construction of roads, link roads, pathways or any other road with or without drainage system","Bihar","GOPALGANJ(DISTRICT PLANNING OFFICER GOPALGANJ_IDA)","Shri Manan Kumar Mishra (2024-28) (2024-2028)","Elected MP","Soiling, bricking and PCC construction on the road from Gapahi Kabargah Tinmuhani to Indrabhan Chak in Gram Panchayat Raj Ganesh Dumra of Block Fulwaria.","26-Sep-2025","09-Jan-2026","1465000","Vendor Identification"
"1015","Normal/Others","WS/MP052/2026-2027/238694-Construction of roads, link roads, pathways or any other road with or without drainage system","Bihar","PASHCHIM CHAMPARAN(DISTRICT PLANNING OFFICER WEST CHAMPARANBETTIAH_IDA)","Shri Satish Chandra Dubey (2022-28) (2022-2028)","Elected MP","Construction of P.C.C. Road Work","27-Sep-2025","09-Apr-2026","499300","Physical Inspection"
"1016","Normal/Others","WS/MP052/2025-2026/238695-Construction of roads, link roads, pathways or any other road with or without drainage system","Bihar","PASHCHIM CHAMPARAN(DISTRICT PLANNING OFFICER WEST CHAMPARANBETTIAH_IDA)","Shri Satish Chandra Dubey (2022-28) (2022-2028)","Elected MP","Construction of P.C.C. Road work","27-Sep-2025","18-Dec-2025","789901","Physical Inspection"
"1017","Normal/Others","WS/MP052/2025-2026/238696-Construction of roads, link roads, pathways or any other road with or without drainage system","Bihar","PASHCHIM CHAMPARAN(DISTRICT PLANNING OFFICER WEST CHAMPARANBETTIAH_IDA)","Shri Satish Chandra Dubey (2022-28) (2022-2028)","Elected MP","Construction of P.C.C. Road work","27-Sep-2025","05-Dec-2025","695091","Physical Inspection"
"1018","Normal/Others","WS/MP052/2025-2026/238697-Construction of roads, link roads, pathways or any other road with or without drainage system","Bihar","PASHCHIM CHAMPARAN(DISTRICT PLANNING OFFICER WEST CHAMPARANBETTIAH_IDA)","Shri Satish Chandra Dubey (2022-28) (2022-2028)","Elected MP","Construction of P.C.C. Road Work","27-Sep-2025","06-Jan-2026","699471","Physical Inspection"
"1019","Normal/Others","WS/MP052/2025-2026/238698-Construction of roads, link roads, pathways or any other road with or without drainage system","Bihar","PASHCHIM CHAMPARAN(DISTRICT PLANNING OFFICER WEST CHAMPARANBETTIAH_IDA)","Shri Satish Chandra Dubey (2022-28) (2022-2028)","Elected MP","Construction of P.C.C. Road work","27-Sep-2025","18-Dec-2025","597995","Physical Inspection"
"1020","Normal/Others","WS/MP052/2025-2026/238700-Construction of roads, link roads, pathways or any other road with or without drainage system","Bihar","PASHCHIM CHAMPARAN(DISTRICT PLANNING OFFICER WEST CHAMPARANBETTIAH_IDA)","Shri Satish Chandra Dubey (2022-28) (2022-2028)","Elected MP","Construction of P.C.C. Road Work in Valmikinagar","27-Sep-2025","18-Dec-2025","699978","Physical Inspection"
"1021","Normal/Others","WS/MP052/2025-2026/238701-Construction of roads, link roads, pathways or any other road with or without drainage system","Bihar","PASHCHIM CHAMPARAN(DISTRICT PLANNING OFFICER WEST CHAMPARANBETTIAH_IDA)","Shri Satish Chandra Dubey (2022-28) (2022-2028)","Elected MP","Construction of P.C.C. Road work","27-Sep-2025","17-Jan-2026","600000","Vendor Identification"
"1022","Normal/Others","WS/MP052/2025-2026/238704-Construction of roads, link roads, pathways or any other road with or without drainage system","Bihar","PASHCHIM CHAMPARAN(DISTRICT PLANNING OFFICER WEST CHAMPARANBETTIAH_IDA)","Shri Satish Chandra Dubey (2022-28) (2022-2028)","Elected MP","Construction of P.C.C. Road Work","27-Sep-2025","19-Dec-2025","596094","Physical Inspection"
"1023","Normal/Others","WS/MP052/2025-2026/238705-Construction of roads, link roads, pathways or any other road with or without drainage system","Bihar","PASHCHIM CHAMPARAN(DISTRICT PLANNING OFFICER WEST CHAMPARANBETTIAH_IDA)","Shri Satish Chandra Dubey (2022-28) (2022-2028)","Elected MP","Construction of P.C.C. Road work","27-Sep-2025","18-Dec-2025","698508","Physical Inspection"
"1024","Normal/Others","WS/MP052/2025-2026/238706-Construction of roads, link roads, pathways or any other road with or without drainage system","Bihar","PASHCHIM CHAMPARAN(DISTRICT PLANNING OFFICER WEST CHAMPARANBETTIAH_IDA)","Shri Satish Chandra Dubey (2022-28) (2022-2028)","Elected MP","Construction of P.C.C. Road word","27-Sep-2025","08-Dec-2025","697515","Physical Inspection"
"1025","Normal/Others","WS/MP18300/2025-2026/238761-Construction of roads, link roads, pathways or any other road with or without drainage system","Bihar","PATNA(DISTRICT PLANNING OFFICER PATNA_IDA)","Dr. Bhim Singh (2024-30) (2024-2030)","Elected MP","Construction of PCC road and underground drain","28-Sep-2025","06-Oct-2025","1094700","Physical Inspection"
"1026","Normal/Others","WS/MP18300/2025-2026/238762-Construction of roads, link roads, pathways or any other road with or without drainage system","Bihar","PATNA(DISTRICT PLANNING OFFICER PATNA_IDA)","Dr. Bhim Singh (2024-30) (2024-2030)","Elected MP","Construction of PCC road and underground drain","28-Sep-2025","06-Oct-2025","1097600","Physical Inspection"
"1027","Normal/Others","WS/MP18300/2025-2026/238763-Construction of roads, link roads, pathways or any other road with or without drainage system","Bihar","PATNA(DISTRICT PLANNING OFFICER PATNA_IDA)","Dr. Bhim Singh (2024-30) (2024-2030)","Elected MP","Construction of PCC road and underground drain","28-Sep-2025","06-Oct-2025","991400","Physical Inspection"
"1028","Normal/Others","WS/MP042/2025-2026/238867-Construction of roads, link roads, pathways or any other road with or without drainage system","Bihar","SAHARSA(DISTRICT PLANNING OFFICER SAHARSA_IDA)","Prof. Manoj Kumar Jha (2024-30) (2024-2030)","Elected MP","Construction of PCC Road Kirshnashekhar yadav urf Baua ji house to Naya Nagar Tola Located in Ward No 21 Nagar Nigam Saharsa","29-Sep-2025","06-Oct-2025","1495034","Physical Inspection"
"1029","Normal/Others","WS/MP042/2025-2026/238868-Construction of roads, link roads, pathways or any other road with or without drainage system","Bihar","SAHARSA(DISTRICT PLANNING OFFICER SAHARSA_IDA)","Prof. Manoj Kumar Jha (2024-30) (2024-2030)","Elected MP","Construction of PCC Road Near Inter college west Sanjeev ji House Located in Ward No 21 Nagar Nigam Saharsa","29-Sep-2025","15-Dec-2025","1497150","Physical Inspection"
"1030","Normal/Others","WS/MP042/2025-2026/238875-Construction of roads, link roads, pathways or any other road with or without drainage system","Bihar","SAHARSA(DISTRICT PLANNING OFFICER SAHARSA_IDA)","Prof. Manoj Kumar Jha (2024-30) (2024-2030)","Elected MP","Construction of PCC Road Ramdas khet to Naga Kamat house Located in Kasimpur Panchayat Ward No 16 under Nowhatta block","29-Sep-2025","13-Jan-2026","1493860","Physical Inspection"
"1031","Normal/Others","WS/MP041/2025-2026/238960-Construction of roads, link roads, pathways or any other road with or without drainage system","Bihar","MADHUBANI(DISTRICT PLANNING OFFICER MADHUBANI_IDA)","Dr. Faiyaz Ahmad (2022-28) (2022-2028)","Elected MP","Bisfi Prakhand ke Raghepura Panchayat ke Gram Raghepura me Jahangir diler ke ghar se Naem ke ghar hote uhe maulana wasi ke ghar tak PCC Sadak Nirman","29-Sep-2025","06-Oct-2025","874678","Physical Inspection"
"1032","Normal/Others","WS/MP041/2025-2026/238962-Construction of roads, link roads, pathways or any other road with or without drainage system","Bihar","MADHUBANI(DISTRICT PLANNING OFFICER MADHUBANI_IDA)","Dr. Faiyaz Ahmad (2022-28) (2022-2028)","Elected MP","Bisfi Prakhand ke Jafra Panchayat ke Teghra gaon ke Maharjpur me Baldev Tati ke ghar se Simri jane wali mukhye sadak tak shes rahe 150 fit PCC nirman","29-Sep-2025","06-Oct-2025","382492","Physical Inspection"
"1033","Normal/Others","WS/MP041/2025-2026/238963-Construction of roads, link roads, pathways or any other road with or without drainage system","Bihar","MADHUBANI(DISTRICT PLANNING OFFICER MADHUBANI_IDA)","Dr. Faiyaz Ahmad (2022-28) (2022-2028)","Elected MP","Bisfi Prakhand ke Parsauni Dakshni ke gram usrahi me Qari Faizuddin ke ghar se Madarsa jane wali sadak me 250 fit PCC nirman","29-Sep-2025","25-Feb-2026","599500","Work Completed"
"1034","Normal/Others","WS/MP041/2025-2026/238964-Construction of roads, link roads, pathways or any other road with or without drainage system","Bihar","MADHUBANI(DISTRICT PLANNING OFFICER MADHUBANI_IDA)","Dr. Faiyaz Ahmad (2022-28) (2022-2028)","Elected MP","Bisfi Prakhand ke Aunsi Babhangawan dakshni Panchayat ke gram Babhangawan Stainder chowk se Faizul Barik ke ghar tak PCC sadak nirman","29-Sep-2025","11-Dec-2025","1088850","Physical Inspection"
"1035","Normal/Others","WS/MP052/2025-2026/240293-Construction of roads, link roads, pathways or any other road with or without drainage system","Bihar","PASHCHIM CHAMPARAN(DISTRICT PLANNING OFFICER WEST CHAMPARANBETTIAH_IDA)","Shri Satish Chandra Dubey (2022-28) (2022-2028)","Elected MP","Construction of P.C.C. Road Work","06-Oct-2025","07-Feb-2026","596283","Physical Inspection"
"1036","Normal/Others","WS/MP052/2025-2026/240294-Construction of roads, link roads, pathways or any other road with or without drainage system","Bihar","PASHCHIM CHAMPARAN(DISTRICT PLANNING OFFICER WEST CHAMPARANBETTIAH_IDA)","Shri Satish Chandra Dubey (2022-28) (2022-2028)","Elected MP","Construction of P.C.C. Road Work","06-Oct-2025","11-Dec-2025","591823","Physical Inspection"
"1037","Normal/Others","WS/MP052/2025-2026/240299-Construction of roads, link roads, pathways or any other road with or without drainage system","Bihar","PURBI CHAMPARAN(DISTRICT PLANNING OFFICER MOTHIHARI EAST CHAMPARAN_IDA)","Shri Satish Chandra Dubey (2022-28) (2022-2028)","Elected MP","Construction of P.C.C. Road Work","06-Oct-2025","10-Feb-2026","995500","Physical Inspection"
"1038","Normal/Others","WS/MP052/2025-2026/240300-Construction of roads, link roads, pathways or any other road with or without drainage system","Bihar","PASHCHIM CHAMPARAN(DISTRICT PLANNING OFFICER WEST CHAMPARANBETTIAH_IDA)","Shri Satish Chandra Dubey (2022-28) (2022-2028)","Elected MP","Construction of P.C.C. Road Work","06-Oct-2025","09-Jan-2026","598801","Physical Inspection"
"1039","Normal/Others","WS/MP052/2025-2026/240303-Construction of roads, link roads, pathways or any other road with or without drainage system","Bihar","PASHCHIM CHAMPARAN(DISTRICT PLANNING OFFICER WEST CHAMPARANBETTIAH_IDA)","Shri Satish Chandra Dubey (2022-28) (2022-2028)","Elected MP","Construction of P.C.C. Road work","06-Oct-2025","29-Dec-2025","594719","Physical Inspection"
"1040","Normal/Others","WS/MP052/2025-2026/240322-Construction of roads, link roads, pathways or any other road with or without drainage system","Bihar","PASHCHIM CHAMPARAN(DISTRICT PLANNING OFFICER WEST CHAMPARANBETTIAH_IDA)","Shri Satish Chandra Dubey (2022-28) (2022-2028)","Elected MP","Construction of P.C.C. Road work","06-Oct-2025","18-Dec-2025","699978","Physical Inspection"
"1041","Normal/Others","WS/MP052/2025-2026/240328-Construction of roads, link roads, pathways or any other road with or without drainage system","Bihar","PURBI CHAMPARAN(DISTRICT PLANNING OFFICER MOTHIHARI EAST CHAMPARAN_IDA)","Shri Satish Chandra Dubey (2022-28) (2022-2028)","Elected MP","Construction of P.C.C. Road in road going from Malang baba to Bhushnha","06-Oct-2025","10-Feb-2026","999600","Physical Inspection"
"1042","Normal/Others","WS/MP044/2025-2026/251323-Construction of roads, link roads, pathways or any other road with or without drainage system","Bihar","PURBI CHAMPARAN(DISTRICT PLANNING OFFICER MOTHIHARI EAST CHAMPARAN_IDA)","Shri Akhilesh Prasad Singh (2024-30) (2024-2030)","Elected MP","In Motihari district under Banjaria Block in Semra Panchayat construction of a PCC road from the house of Lalbabu miya to jiuat ray house   in Ward No 12","29-Nov-2025","02-Jan-2026","1485136","Physical Inspection"
"1043","Normal/Others","WS/MP044/2025-2026/251324-Construction of roads, link roads, pathways or any other road with or without drainage system","Bihar","PURBI CHAMPARAN(DISTRICT PLANNING OFFICER MOTHIHARI EAST CHAMPARAN_IDA)","Shri Akhilesh Prasad Singh (2024-30) (2024-2030)","Elected MP","In Motihari district under Banjaria Block in Semra Panchayat construction of a PCC road from the house of Pannalal Rai upto Kishori ray in Ward No 12","29-Nov-2025","02-Jan-2026","1495000","Work partially Completed"
"1044","Normal/Others","WS/MP044/2025-2026/251325-Construction of roads, link roads, pathways or any other road with or without drainage system","Bihar","PURBI CHAMPARAN(DISTRICT PLANNING OFFICER MOTHIHARI EAST CHAMPARAN_IDA)","Shri Akhilesh Prasad Singh (2024-30) (2024-2030)","Elected MP","In Motihari district under Banjaria Block in Semra Panchayat construction of a PCC road from the Primary School Pandey Tola upto kabristan in Ward No 6","29-Nov-2025","02-Jan-2026","1486313","Physical Inspection"
"1045","Normal/Others","WS/MP044/2025-2026/251326-Construction of roads, link roads, pathways or any other road with or without drainage system","Bihar","PURBI CHAMPARAN(DISTRICT PLANNING OFFICER MOTHIHARI EAST CHAMPARAN_IDA)","Shri Akhilesh Prasad Singh (2024-30) (2024-2030)","Elected MP","In Motihari district under Banjaria Block in Semra Panchayat construction of a PCC road from the house of Chandrika Rai upto bhagelu ray in Ward No 9","29-Nov-2025","02-Jan-2026","1487902","Physical Inspection"
"1046","Normal/Others","WS/MP042/2025-2026/252764-Construction of roads, link roads, pathways or any other road with or without drainage system","Bihar","SAHARSA(DISTRICT PLANNING OFFICER SAHARSA_IDA)","Prof. Manoj Kumar Jha (2024-30) (2024-2030)","Elected MP","Construction of PCC Road Near S.N. Public School to Satsang bhawan Located in Ward No 04 Nagar Nigam Saharsa","08-Dec-2025","14-Feb-2026","1483174","Physical Inspection"
"1047","Normal/Others","WS/MP044/2025-2026/254791-Construction of roads, link roads, pathways or any other road with or without drainage system","Bihar","PATNA(DISTRICT PLANNING OFFICER PATNA_IDA)","Shri Akhilesh Prasad Singh (2024-30) (2024-2030)","Elected MP","Construction of PCC road and underground drain from Seema Singhs house to the Inspectors house in Janta Vihar Colony of Ramnagari NTPC Ward No 2 under Digha Assembly Constituency NTPCAPPART TPC APPARTMENT","19-Dec-2025","28-Jan-2026","1430069","Physical Inspection"
"1048","Normal/Others","WS/MP044/2025-2026/254792-Construction of roads, link roads, pathways or any other road with or without drainage system","Bihar","PATNA(DISTRICT PLANNING OFFICER PATNA_IDA)","Shri Akhilesh Prasad Singh (2024-30) (2024-2030)","Elected MP","Construction work of PCC road and underground drain from Pratima Devi house to Dr Anuj Kumars house via Vinod Singhs house in Janta Vihar Colony of Ramnagari NTPC Ward No 2 under Digha Assembly Constituency NTPC APARTMENT","19-Dec-2025","28-Jan-2026","1429750","Physical Inspection"
"1049","Normal/Others","WS/MP044/2025-2026/254793-Construction of roads, link roads, pathways or any other road with or without drainage system","Bihar","PATNA(DISTRICT PLANNING OFFICER PATNA_IDA)","Shri Akhilesh Prasad Singh (2024-30) (2024-2030)","Elected MP","Construction of PCC road and underground drain from Arun Kumar house to Nityanand Bhangs house in Road No 06 under Vijay Nagar Ward No 02 under Danapur Assembly Constituency NEAL PATEL CHOS","19-Dec-2025","28-Jan-2026","1265000","Physical Inspection"
"1050","Normal/Others","WS/MP044/2025-2026/254794-Construction of roads, link roads, pathways or any other road with or without drainage system","Bihar","PATNA(DISTRICT PLANNING OFFICER PATNA_IDA)","Shri Akhilesh Prasad Singh (2024-30) (2024-2030)","Elected MP","Construction of PCC road and underground drain from Upendra Bila to Shyam Bihari Singh house in Road No 06 under Vijay Nagar, Ward No 02 under Danapur Assembly Constituency","19-Dec-2025","28-Jan-2026","1382000","Physical Inspection"
"1051","Normal/Others","WS/MP044/2025-2026/255016-Construction of roads, link roads, pathways or any other road with or without drainage system","Bihar","PURBI CHAMPARAN(DISTRICT PLANNING OFFICER MOTHIHARI EAST CHAMPARAN_IDA)","Shri Akhilesh Prasad Singh (2024-30) (2024-2030)","Elected MP","PCC construction work on the path leading from Jailal Yadavs house to Prabhu Yadavs house in Ward No 7 Semra Khas of Semra Panchayat of Banjaria Block under Motihari District","21-Dec-2025","09-Feb-2026","1480950","Physical Inspection"
"1052","Normal/Others","WS/MP044/2025-2026/255022-Construction of roads, link roads, pathways or any other road with or without drainage system","Bihar","PURBI CHAMPARAN(DISTRICT PLANNING OFFICER MOTHIHARI EAST CHAMPARAN_IDA)","Shri Akhilesh Prasad Singh (2024-30) (2024-2030)","Elected MP","Construction of Siddhi Ghat at Belwa Pokhra in Nariyarwa Panchayat of Turkaulia block East Champaran district","21-Dec-2025","03-Jan-2026","1497020","Physical Inspection"
"1053","Normal/Others","WS/MP044/2025-2026/255023-Construction of roads, link roads, pathways or any other road with or without drainage system","Bihar","PURBI CHAMPARAN(DISTRICT PLANNING OFFICER MOTHIHARI EAST CHAMPARAN_IDA)","Shri Akhilesh Prasad Singh (2024-30) (2024-2030)","Elected MP","PPC construction work of the road is underway in Mananpur village, beyond Shri Krishna field in Nariyarwa Panchayat of Turkaulia block East Champaran district","21-Dec-2025","03-Jan-2026","1494523","Physical Inspection"
"1054","Normal/Others","WS/MP044/2025-2026/255024-Construction of roads, link roads, pathways or any other road with or without drainage system","Bihar","PURBI CHAMPARAN(DISTRICT PLANNING OFFICER MOTHIHARI EAST CHAMPARAN_IDA)","Shri Akhilesh Prasad Singh (2024-30) (2024-2030)","Elected MP","PCC construction work beyond Joriya bridge in Nariyarwa Belaray Panchayat of Turkauliya block East Champaran district","21-Dec-2025","03-Jan-2026","1498000","Physical Inspection"
"1055","Normal/Others","WS/MP052/2025-2026/256424-Construction of roads, link roads, pathways or any other road with or without drainage system","Bihar","PASHCHIM CHAMPARAN(DISTRICT PLANNING OFFICER WEST CHAMPARANBETTIAH_IDA)","Shri Satish Chandra Dubey (2022-28) (2022-2028)","Elected MP","Construction of P.C.C. Road Work in Village Khiria, ward No.- 03","31-Dec-2025","28-Jan-2026","748071","Physical Inspection"
"1056","Normal/Others","WS/MP052/2025-2026/256427-Construction of roads, link roads, pathways or any other road with or without drainage system","Bihar","PASHCHIM CHAMPARAN(DISTRICT PLANNING OFFICER WEST CHAMPARANBETTIAH_IDA)","Shri Satish Chandra Dubey (2022-28) (2022-2028)","Elected MP","Construction of P.C.C. Road Work in Village Dhaminaha, ward no.- 05","31-Dec-2025","20-Jan-2026","1247456","Physical Inspection"
"1057","Normal/Others","WS/MP052/2025-2026/256428-Construction of roads, link roads, pathways or any other road with or without drainage system","Bihar","PASHCHIM CHAMPARAN(DISTRICT PLANNING OFFICER WEST CHAMPARANBETTIAH_IDA)","Shri Satish Chandra Dubey (2022-28) (2022-2028)","Elected MP","Construction of P.C.C. Road Work in Village Dhaminaha, ward no.-05","31-Dec-2025","20-Jan-2026","497266","Physical Inspection"
"1058","Normal/Others","WS/MP052/2025-2026/256429-Construction of roads, link roads, pathways or any other road with or without drainage system","Bihar","PASHCHIM CHAMPARAN(DISTRICT PLANNING OFFICER WEST CHAMPARANBETTIAH_IDA)","Shri Satish Chandra Dubey (2022-28) (2022-2028)","Elected MP","Construction of P.C.C. Road Work in Village Sitabdiyar, ward no.-5","31-Dec-2025","19-Jan-2026","700000","Physical Inspection"
"1059","Normal/Others","WS/MP052/2025-2026/256430-Construction of roads, link roads, pathways or any other road with or without drainage system","Bihar","PASHCHIM CHAMPARAN(DISTRICT PLANNING OFFICER WEST CHAMPARANBETTIAH_IDA)","Shri Satish Chandra Dubey (2022-28) (2022-2028)","Elected MP","Construction of P.C.C. Road Work in Village Jabdaul,","31-Dec-2025","14-Feb-2026","990627","Physical Inspection"
"1060","Normal/Others","WS/MP052/2025-2026/256432-Construction of roads, link roads, pathways or any other road with or without drainage system","Bihar","PASHCHIM CHAMPARAN(DISTRICT PLANNING OFFICER WEST CHAMPARANBETTIAH_IDA)","Shri Satish Chandra Dubey (2022-28) (2022-2028)","Elected MP","Construction of P.C.C. Road Work in Bettiah Nagar Nigam Ward No.- 31","31-Dec-2025","23-Feb-2026","1000000","Vendor Identification"
"1061","Normal/Others","WS/MP052/2025-2026/256433-Construction of roads, link roads, pathways or any other road with or without drainage system","Bihar","PASHCHIM CHAMPARAN(DISTRICT PLANNING OFFICER WEST CHAMPARANBETTIAH_IDA)","Shri Satish Chandra Dubey (2022-28) (2022-2028)","Elected MP","Construction of P.C.C. Road Work in Village mangalpur Awsani, Baba Bhutnath College","31-Dec-2025","13-Feb-2026","899887","Physical Inspection"
"1062","Normal/Others","WS/MP052/2025-2026/256434-Construction of roads, link roads, pathways or any other road with or without drainage system","Bihar","PASHCHIM CHAMPARAN(DISTRICT PLANNING OFFICER WEST CHAMPARANBETTIAH_IDA)","Shri Satish Chandra Dubey (2022-28) (2022-2028)","Elected MP","Construction of P.C.C. Road work in Village Barganv, ward No.- 09","31-Dec-2025","21-Jan-2026","591720","Physical Inspection"
"1063","Normal/Others","WS/MP053/2025-2026/259291-Construction of roads, link roads, pathways or any other road with or without drainage system","Bihar","PATNA(DISTRICT PLANNING OFFICER PATNA_IDA)","Shri Khiru Mahto (2022-28) (2022-2028)","Elected MP","Construction of PCC road near Panchayat Bhavan from the boundary of Sudhir jee to towards the boundary of Shashi singh jee","15-Jan-2026","02-Feb-2026","1023610","Physical Inspection"
"1064","Normal/Others","WS/MP041/2026-2027/261237-Construction of roads, link roads, pathways or any other road with or without drainage system","Bihar","MADHUBANI(DISTRICT PLANNING OFFICER MADHUBANI_IDA)","Dr. Faiyaz Ahmad (2022-28) (2022-2028)","Elected MP","Bisfi Prakhand Ke Rathos Panchayat me Vishnu Mandir se Ram Mohalla hote hue Jahangir ke ghar se aage tak 700 fit PCC Sadak Niraman.","23-Jan-2026","08-Jul-2026","1498000","Work partially Completed"
"1065","Normal/Others","WS/MP041/2026-2027/261239-Construction of roads, link roads, pathways or any other road with or without drainage system","Bihar","MADHUBANI(DISTRICT PLANNING OFFICER MADHUBANI_IDA)","Dr. Faiyaz Ahmad (2022-28) (2022-2028)","Elected MP","Bisfi Prakhand ke Singhiya Purvi ke gram Bhataura me Wasi Ahmad ke ghar se Mohammad Hannan ke ghar tak PCC Sadak Nirman.","23-Jan-2026","04-Jul-2026","1400000","Physical Inspection"
"1066","Normal/Others","WS/MP041/2025-2026/261240-Construction of roads, link roads, pathways or any other road with or without drainage system","Bihar","MADHUBANI(DISTRICT PLANNING OFFICER MADHUBANI_IDA)","Dr. Faiyaz Ahmad (2022-28) (2022-2028)","Elected MP","Bisfi Prakhand ke Parsauni Dakshni Panchayat ke antargat takiya me Jumman Sahab ke ghar se Abdul Khalik Sahab ke ghar tak PCC Sadak Nirman.","23-Jan-2026","06-Mar-2026","1498500","Work partially Completed"
"1067","Normal/Others","WS/MP041/2026-2027/261242-Construction of roads, link roads, pathways or any other road with or without drainage system","Bihar","MADHUBANI(DISTRICT PLANNING OFFICER MADHUBANI_IDA)","Dr. Faiyaz Ahmad (2022-28) (2022-2028)","Elected MP","Bisfi Prakhand ke Tisi Narsam Dakshni Panchayat ke gram Kathaila me Late Maulana Ibrar sahab ke ghar se Mukhye Sadak tak and Abdul Bari Sahab ke ghar se Masjid tak PCC Sadak Nirman.","23-Jan-2026","27-Jun-2026","1191000","Physical Inspection"
"1068","Normal/Others","WS/MP041/2026-2027/262255-Construction of roads, link roads, pathways or any other road with or without drainage system","Bihar","MADHUBANI(DISTRICT PLANNING OFFICER MADHUBANI_IDA)","Dr. Faiyaz Ahmad (2022-28) (2022-2028)","Elected MP","Rahika Prakhand ke Madhubani Nagar Nigam me Ward No-32 Urdu colony me Master Mohammad Aslam Sahab ke ghar se Master Shamshad Sahab ke ghar tak P.C.C. and Nala ka Nirman.","27-Jan-2026","22-Apr-2026","785933","Physical Inspection"
"1069","Normal/Others","WS/MP052/2025-2026/266305-Construction of roads, link roads, pathways or any other road with or without drainage system","Bihar","PASHCHIM CHAMPARAN(DISTRICT PLANNING OFFICER WEST CHAMPARANBETTIAH_IDA)","Shri Satish Chandra Dubey (2022-28) (2022-2028)","Elected MP","Construction of P.C.C. Road work in Mahipur Bhatauda, vill-Khairpokhra, ward no. - 15","05-Feb-2026","23-Feb-2026","998852","Physical Inspection"
"1070","Normal/Others","WS/MP052/2025-2026/266309-Construction of roads, link roads, pathways or any other road with or without drainage system","Bihar","PASHCHIM CHAMPARAN(DISTRICT PLANNING OFFICER WEST CHAMPARANBETTIAH_IDA)","Shri Satish Chandra Dubey (2022-28) (2022-2028)","Elected MP","Construction of P.C.C. Road work in Mahipur Bhatauda, vill-Khairpokhra, ward no. - 15","05-Feb-2026","23-Feb-2026","648363","Physical Inspection"
"1071","Normal/Others","WS/MP052/2026-2027/266313-Construction of roads, link roads, pathways or any other road with or without drainage system","Bihar","PASHCHIM CHAMPARAN(DISTRICT PLANNING OFFICER WEST CHAMPARANBETTIAH_IDA)","Shri Satish Chandra Dubey (2022-28) (2022-2028)","Elected MP","Construction of P.C.C. Road work in Mahipur Bhatauda, vill-baswariya, ward no. - 05","05-Feb-2026","18-May-2026","1400000","Physical Inspection"
"1072","Normal/Others","WS/MP052/2026-2027/266316-Construction of roads, link roads, pathways or any other road with or without drainage system","Bihar","PASHCHIM CHAMPARAN(DISTRICT PLANNING OFFICER WEST CHAMPARANBETTIAH_IDA)","Shri Satish Chandra Dubey (2022-28) (2022-2028)","Elected MP","Construction of P.C.C. Road work in Mahipur Bhatauda, vill-Baswariya, ward no. - 12","05-Feb-2026","18-May-2026","650000","Sanction"
"1073","Normal/Others","WS/MP052/2025-2026/266322-Construction of roads, link roads, pathways or any other road with or without drainage system","Bihar","PASHCHIM CHAMPARAN(DISTRICT PLANNING OFFICER WEST CHAMPARANBETTIAH_IDA)","Shri Satish Chandra Dubey (2022-28) (2022-2028)","Elected MP","Construction of P.C.C. Road work in Dhanauji, vill-Bhawanipur.","05-Feb-2026","06-Mar-2026","700000","Sanction"
"1074","Normal/Others","WS/MP052/2025-2026/266324-Construction of roads, link roads, pathways or any other road with or without drainage system","Bihar","PASHCHIM CHAMPARAN(DISTRICT PLANNING OFFICER WEST CHAMPARANBETTIAH_IDA)","Shri Satish Chandra Dubey (2022-28) (2022-2028)","Elected MP","Construction of p.c.c. road work in Madhopur, Bhawanipur, ward no-09","05-Feb-2026","06-Mar-2026","650000","Physical Inspection"
"1075","Normal/Others","WS/MP052/2025-2026/270120-Construction of roads, link roads, pathways or any other road with or without drainage system","Bihar","PASHCHIM CHAMPARAN(DISTRICT PLANNING OFFICER WEST CHAMPARANBETTIAH_IDA)","Shri Satish Chandra Dubey (2022-28) (2022-2028)","Elected MP","Construction of PCC Road work in Gobraura Panchyat.","21-Feb-2026","25-Mar-2026","1499000","Vendor Identification"
"1076","Normal/Others","WS/MP052/2025-2026/270122-Construction of roads, link roads, pathways or any other road with or without drainage system","Bihar","PASHCHIM CHAMPARAN(DISTRICT PLANNING OFFICER WEST CHAMPARANBETTIAH_IDA)","Shri Satish Chandra Dubey (2022-28) (2022-2028)","Elected MP","Construction of PCC road work in Barwachhap, ward no.n09","21-Feb-2026","16-Mar-2026","1498900","Vendor Identification"
"1077","Normal/Others","WS/MP052/2026-2027/270123-Construction of roads, link roads, pathways or any other road with or without drainage system","Bihar","PURBI CHAMPARAN(DISTRICT PLANNING OFFICER MOTHIHARI EAST CHAMPARAN_IDA)","Shri Satish Chandra Dubey (2022-28) (2022-2028)","Elected MP","Construction of PCC road work in Harpur, Yayktola, Sainik Road to Road going on Kanhaiya Mandal house","21-Feb-2026","14-May-2026","700000","Physical Inspection"
"1078","Normal/Others","WS/MP052/2026-2027/270127-Construction of roads, link roads, pathways or any other road with or without drainage system","Bihar","PASHCHIM CHAMPARAN(DISTRICT PLANNING OFFICER WEST CHAMPARANBETTIAH_IDA)","Shri Satish Chandra Dubey (2022-28) (2022-2028)","Elected MP","Construction of PCC Road work in Sugauli, Dalit Vasti, ward no. 11","21-Feb-2026","07-Apr-2026","600000","Vendor Identification"
"1079","Normal/Others","WS/MP052/2025-2026/270440-Construction of roads, link roads, pathways or any other road with or without drainage system","Bihar","PURBI CHAMPARAN(DISTRICT PLANNING OFFICER MOTHIHARI EAST CHAMPARAN_IDA)","Shri Satish Chandra Dubey (2022-28) (2022-2028)","Elected MP","Construction of Bricks soling and PCC Road work in Harsidhi Pakadiya, ward no. 09","23-Feb-2026","19-Mar-2026","1499600","Physical Inspection"
"1080","Normal/Others","WS/MP052/2025-2026/270441-Construction of roads, link roads, pathways or any other road with or without drainage system","Bihar","PURBI CHAMPARAN(DISTRICT PLANNING OFFICER MOTHIHARI EAST CHAMPARAN_IDA)","Shri Satish Chandra Dubey (2022-28) (2022-2028)","Elected MP","Construciton of PCC Road work Sapahi, ward no. - 01. Block Turkauliya","23-Feb-2026","19-Mar-2026","1499700","Physical Inspection"
"1081","Normal/Others","WS/MP052/2025-2026/270442-Construction of roads, link roads, pathways or any other road with or without drainage system","Bihar","PURBI CHAMPARAN(DISTRICT PLANNING OFFICER MOTHIHARI EAST CHAMPARAN_IDA)","Shri Satish Chandra Dubey (2022-28) (2022-2028)","Elected MP","Construction of PCC Road work in Belwa ray, ward no. 04, Block Turkauliya east champaran bihar","23-Feb-2026","19-Mar-2026","1499700","Sanction"
"1082","Normal/Others","WS/MP052/2025-2026/270443-Construction of roads, link roads, pathways or any other road with or without drainage system","Bihar","PURBI CHAMPARAN(DISTRICT PLANNING OFFICER MOTHIHARI EAST CHAMPARAN_IDA)","Shri Satish Chandra Dubey (2022-28) (2022-2028)","Elected MP","Construction of PCC Road Work in Nagar Nigam Motihari, ward no 28","23-Feb-2026","23-Mar-2026","1499500","Physical Inspection"
"1083","Normal/Others","WS/MP052/2025-2026/270444-Construction of roads, link roads, pathways or any other road with or without drainage system","Bihar","PURBI CHAMPARAN(DISTRICT PLANNING OFFICER MOTHIHARI EAST CHAMPARAN_IDA)","Shri Satish Chandra Dubey (2022-28) (2022-2028)","Elected MP","Construction of PCC Road work in Bherakhiya, vill- chakania, ward no .- 11","23-Feb-2026","23-Mar-2026","999500","Physical Inspection"
"1084","Normal/Others","WS/MP052/2026-2027/270445-Construction of roads, link roads, pathways or any other road with or without drainage system","Bihar","PURBI CHAMPARAN(DISTRICT PLANNING OFFICER MOTHIHARI EAST CHAMPARAN_IDA)","Shri Satish Chandra Dubey (2022-28) (2022-2028)","Elected MP","Construction of PCC Road work in Bhuwan Chhapar, Vill- Khadaki Kuawan, ward no.-13","23-Feb-2026","20-Jun-2026","1499600","Physical Inspection"
"1085","Normal/Others","WS/MP052/2025-2026/270446-Construction of roads, link roads, pathways or any other road with or without drainage system","Bihar","PURBI CHAMPARAN(DISTRICT PLANNING OFFICER MOTHIHARI EAST CHAMPARAN_IDA)","Shri Satish Chandra Dubey (2022-28) (2022-2028)","Elected MP","Construction of PCC Road work in Matiariya, Vill- Hajma Toli, ward no.-13","23-Feb-2026","19-Mar-2026","1499300","Physical Inspection"
"1086","Normal/Others","WS/MP052/2025-2026/270447-Construction of roads, link roads, pathways or any other road with or without drainage system","Bihar","PURBI CHAMPARAN(DISTRICT PLANNING OFFICER MOTHIHARI EAST CHAMPARAN_IDA)","Shri Satish Chandra Dubey (2022-28) (2022-2028)","Elected MP","Construction of PCC Road Work in Hardiyabad, ward no - 12","23-Feb-2026","23-Mar-2026","1498800","Sanction"
"1087","Normal/Others","WS/MP052/2025-2026/270448-Construction of roads, link roads, pathways or any other road with or without drainage system","Bihar","PURBI CHAMPARAN(DISTRICT PLANNING OFFICER MOTHIHARI EAST CHAMPARAN_IDA)","Shri Satish Chandra Dubey (2022-28) (2022-2028)","Elected MP","Construction of PCC Road and Park in Bediban Madhuban, ward no.- 14","23-Feb-2026","23-Mar-2026","999300","Sanction"
"1088","Normal/Others","WS/MP041/2025-2026/270914-Construction of roads, link roads, pathways or any other road with or without drainage system","Bihar","PATNA(DISTRICT PLANNING OFFICER PATNA_IDA)","Dr. Faiyaz Ahmad (2022-28) (2022-2028)","Elected MP","Construction of P.C.C. Road from bablu ji house via rachna kumari house towards verma ji house in ward-56 shivnagar jakariyapur under patna municipal corporation.","25-Feb-2026","28-Mar-2026","1499600","Work partially Completed"
"1089","Normal/Others","WS/MP041/2025-2026/270915-Construction of roads, link roads, pathways or any other road with or without drainage system","Bihar","PATNA(DISTRICT PLANNING OFFICER PATNA_IDA)","Dr. Faiyaz Ahmad (2022-28) (2022-2028)","Elected MP","Construction of P.C.C. Road from kabari shop via chandrabhan ji house towards ravi ji house in ward-56 shivnagar jakariyapur under patna municipal corporation.","25-Feb-2026","28-Mar-2026","1498500","Vendor Identification"
"1090","Normal/Others","WS/MP041/2025-2026/270916-Construction of roads, link roads, pathways or any other road with or without drainage system","Bihar","PATNA(DISTRICT PLANNING OFFICER PATNA_IDA)","Dr. Faiyaz Ahmad (2022-28) (2022-2028)","Elected MP","Construction of P.C.C. Road from shiv kirana to the house of nandu ji in ward-56 jakariyapur under patna municipal corporation.","25-Feb-2026","28-Mar-2026","1499300","Vendor Identification"
"1091","Normal/Others","WS/MP041/2025-2026/270917-Construction of roads, link roads, pathways or any other road with or without drainage system","Bihar","PATNA(DISTRICT PLANNING OFFICER PATNA_IDA)","Dr. Faiyaz Ahmad (2022-28) (2022-2028)","Elected MP","Construction of P.C.C. Road from shiv ji house towards the house of jaiswal ji in ward-56 jakariyapur under patna municipal corporation.","25-Feb-2026","28-Mar-2026","1485500","Work partially Completed"
"1092","Normal/Others","WS/MP041/2025-2026/270918-Construction of roads, link roads, pathways or any other road with or without drainage system","Bihar","PATNA(DISTRICT PLANNING OFFICER PATNA_IDA)","Dr. Faiyaz Ahmad (2022-28) (2022-2028)","Elected MP","Construction of P.C.C. Road from laxman master house towards East direction of ravi ranjan house in ward-56 jakariyapur under patna municipal corporation.","25-Feb-2026","28-Mar-2026","1490500","Vendor Identification"
"1093","Normal/Others","WS/MP041/2025-2026/270919-Construction of roads, link roads, pathways or any other road with or without drainage system","Bihar","PATNA(DISTRICT PLANNING OFFICER PATNA_IDA)","Dr. Faiyaz Ahmad (2022-28) (2022-2028)","Elected MP","Construction of P.C.C. Road from Ganesh community hall towards the house of Jawahar ji in ward-56 jakariyapur under patna municipal corporation.","25-Feb-2026","28-Mar-2026","1497300","Work partially Completed"
"1094","Normal/Others","WS/MP041/2025-2026/270920-Construction of roads, link roads, pathways or any other road with or without drainage system","Bihar","PATNA(DISTRICT PLANNING OFFICER PATNA_IDA)","Dr. Faiyaz Ahmad (2022-28) (2022-2028)","Elected MP","Construction of P.C.C. Road from the house of rajiv ji towards the house of Nityanand ji in ward-56 jakariyapur (Badshahi pain) under patna municipal corporation.","25-Feb-2026","28-Mar-2026","1029300","Work partially Completed"
"1095","Normal/Others","WS/MP041/2025-2026/270921-Construction of roads, link roads, pathways or any other road with or without drainage system","Bihar","PATNA(DISTRICT PLANNING OFFICER PATNA_IDA)","Dr. Faiyaz Ahmad (2022-28) (2022-2028)","Elected MP","Construction of P.C.C. Road from the house of kundan ji towards the house of devnandan pandit in ward-46 jakariyapur under patna municipal corporation.","25-Feb-2026","30-Mar-2026","1499500","Vendor Identification"
"1096","Normal/Others","WS/MP041/2025-2026/270922-Construction of roads, link roads, pathways or any other road with or without drainage system","Bihar","PATNA(DISTRICT PLANNING OFFICER PATNA_IDA)","Dr. Faiyaz Ahmad (2022-28) (2022-2028)","Elected MP","Construction of P.C.C. Road from the house of brahmanand upadhyay towards the other side of neelam nivas in ward-46 jakariyapur under patna municipal corporation.","25-Feb-2026","30-Mar-2026","1498900","Vendor Identification"
"1097","Normal/Others","WS/MP041/2025-2026/270924-Construction of roads, link roads, pathways or any other road with or without drainage system","Bihar","PATNA(DISTRICT PLANNING OFFICER PATNA_IDA)","Dr. Faiyaz Ahmad (2022-28) (2022-2028)","Elected MP","Construction of P.C.C. Road from the house of vijay singh towards the boundary of birendra Prasad in ward-46 jakariyapur under patna municipal corporation.","25-Feb-2026","30-Mar-2026","1488500","Vendor Identification"
"1098","Normal/Others","WS/MP041/2025-2026/270925-Construction of roads, link roads, pathways or any other road with or without drainage system","Bihar","PATNA(DISTRICT PLANNING OFFICER PATNA_IDA)","Dr. Faiyaz Ahmad (2022-28) (2022-2028)","Elected MP","Construction of P.C.C. Road from the house of manish ji towards the house of mithlesh ji in ward-46 jakariyapur under patna municipal corporation.","25-Feb-2026","28-Mar-2026","1499500","Work partially Completed"
"1099","Normal/Others","WS/MP041/2025-2026/270926-Construction of roads, link roads, pathways or any other road with or without drainage system","Bihar","PATNA(DISTRICT PLANNING OFFICER PATNA_IDA)","Dr. Faiyaz Ahmad (2022-28) (2022-2028)","Elected MP","Construction of P.C.C. Road from the house of rachna kumari towards the house of verma ji in ward-56 jakariyapur under patna municipal corporation.","25-Feb-2026","28-Mar-2026","1450500","Vendor Identification"
"1100","Normal/Others","WS/MP041/2025-2026/270927-Construction of roads, link roads, pathways or any other road with or without drainage system","Bihar","PATNA(DISTRICT PLANNING OFFICER PATNA_IDA)","Dr. Faiyaz Ahmad (2022-28) (2022-2028)","Elected MP","Construction of P.C.C. Road from the house of chandrabhan ji towards the shiv kirana ji in ward-56 jakariyapur under patna municipal corporation.","25-Feb-2026","28-Mar-2026","1057600","Vendor Identification"
"1101","Normal/Others","WS/MP041/2026-2027/270943-Construction of roads, link roads, pathways or any other road with or without drainage system","Bihar","MADHUBANI(DISTRICT PLANNING OFFICER MADHUBANI_IDA)","Dr. Faiyaz Ahmad (2022-28) (2022-2028)","Elected MP","Rahika Prakhand ke Kakraul utri ke ward no. 04, me Baba Ji kuti Pokhra me Ghat Ka nirman Karye.","25-Feb-2026","22-Apr-2026","1400000","Physical Inspection"
"1102","Normal/Others","WS/MP041/2026-2027/270944-Construction of roads, link roads, pathways or any other road with or without drainage system","Bihar","MADHUBANI(DISTRICT PLANNING OFFICER MADHUBANI_IDA)","Dr. Faiyaz Ahmad (2022-28) (2022-2028)","Elected MP","Rahika Prakhand ke Kakraul utri ke Gram Kamalpur, ward no. 01, me Ramwilas Mahto Ghar se Lalbabu ke kalam Gachhi tak PCC Sadak Nirman.","25-Feb-2026","17-Apr-2026","1499000","Sanction"
"1103","Normal/Others","WS/MP041/2026-2027/270945-Construction of roads, link roads, pathways or any other road with or without drainage system","Bihar","MADHUBANI(DISTRICT PLANNING OFFICER MADHUBANI_IDA)","Dr. Faiyaz Ahmad (2022-28) (2022-2028)","Elected MP","Bisfi Prakhand ke Simri Panchayat ke antargat Macholiya ward no 01 me Umesh Yadav ke ghar se Prakash Yadav ke ghar tak 600 fit PCC Sadak Nirman.","25-Feb-2026","18-Jun-2026","998800","Physical Inspection"
"1104","Normal/Others","WS/MP041/2026-2027/270946-Construction of roads, link roads, pathways or any other road with or without drainage system","Bihar","MADHUBANI(DISTRICT PLANNING OFFICER MADHUBANI_IDA)","Dr. Faiyaz Ahmad (2022-28) (2022-2028)","Elected MP","Bisfi Prakhand ke Raghepura Darrahi Talaw ke Dakshin Bhinda par Ghat ka Nirman.","25-Feb-2026","22-May-2026","1399000","Physical Inspection"
"1105","Normal/Others","WS/MP001/2026-2027/272089-Construction of roads, link roads, pathways or any other road with or without drainage system","Bihar","PURBI CHAMPARAN(DISTRICT PLANNING OFFICER MOTHIHARI EAST CHAMPARAN_IDA)","Shri Shambhu Sharan Patel (2022-28) (2022-2028)","Elected MP","1RWD Road to  Chotelal Patel House  to Bhagirath Patel House. Block Adapur, Panchyat Harpur, Village Neek Tola, Raksaul, District East Champaran","02-Mar-2026","14-May-2026","1500000","Physical Inspection"
"1106","Normal/Others","WS/MP053/2025-2026/272279-Construction of roads, link roads, pathways or any other road with or without drainage system","Bihar","PATNA(DISTRICT PLANNING OFFICER PATNA_IDA)","Shri Khiru Mahto (2022-28) (2022-2028)","Elected MP","Construction of PCC road from examination building to  to Rajendra Prasad multipurpose building in A.N college","04-Mar-2026","13-Mar-2026","1494000","Physical Inspection"
"1107","Normal/Others","WS/MP053/2025-2026/272280-Construction of roads, link roads, pathways or any other road with or without drainage system","Bihar","PATNA(DISTRICT PLANNING OFFICER PATNA_IDA)","Shri Khiru Mahto (2022-28) (2022-2028)","Elected MP","construction of Pcc road from the multipurpose building towards parking space in A.N college.","04-Mar-2026","13-Mar-2026","1495200","Physical Inspection"
"1108","Normal/Others","WS/MP053/2025-2026/272281-Construction of roads, link roads, pathways or any other road with or without drainage system","Bihar","PATNA(DISTRICT PLANNING OFFICER PATNA_IDA)","Shri Khiru Mahto (2022-28) (2022-2028)","Elected MP","construction of PCC road from multipurpose hall towards library in A.N college","04-Mar-2026","13-Mar-2026","1494400","Physical Inspection"
"1109","Normal/Others","WS/MP053/2025-2026/272282-Construction of roads, link roads, pathways or any other road with or without drainage system","Bihar","PATNA(DISTRICT PLANNING OFFICER PATNA_IDA)","Shri Khiru Mahto (2022-28) (2022-2028)","Elected MP","construction of PCC road from biology block to towards play ground in A.N college","04-Mar-2026","13-Mar-2026","1495300","Physical Inspection"
"1110","Normal/Others","WS/MP053/2025-2026/272283-Construction of roads, link roads, pathways or any other road with or without drainage system","Bihar","PATNA(DISTRICT PLANNING OFFICER PATNA_IDA)","Shri Khiru Mahto (2022-28) (2022-2028)","Elected MP","Construction of Kala Manch in A.N college,Patna","04-Mar-2026","13-Mar-2026","991500","Physical Inspection"
"1111","Normal/Others","WS/MP053/2025-2026/272327-Construction of roads, link roads, pathways or any other road with or without drainage system","Bihar","PATNA(DISTRICT PLANNING OFFICER PATNA_IDA)","Shri Khiru Mahto (2022-28) (2022-2028)","Elected MP","Construction of PCC road from the house of Pappu Singh to the house of Binod singh","05-Mar-2026","20-Mar-2026","1494800","Physical Inspection"
"1112","Normal/Others","WS/MP053/2025-2026/272328-Construction of roads, link roads, pathways or any other road with or without drainage system","Bihar","PATNA(DISTRICT PLANNING OFFICER PATNA_IDA)","Shri Khiru Mahto (2022-28) (2022-2028)","Elected MP","Construction of PCC road from the house of Basudeo Rai to the house of rohit rai in ward no. 15","05-Mar-2026","20-Mar-2026","1495600","Physical Inspection"
"1113","Normal/Others","WS/MP053/2025-2026/272329-Construction of roads, link roads, pathways or any other road with or without drainage system","Bihar","PATNA(DISTRICT PLANNING OFFICER PATNA_IDA)","Shri Khiru Mahto (2022-28) (2022-2028)","Elected MP","Construction of PCC road from the house of upendra Ram towards the house of Shankar Singh in ward no. 15","05-Mar-2026","20-Mar-2026","1495800","Physical Inspection"
"1114","Normal/Others","WS/MP053/2025-2026/272330-Construction of roads, link roads, pathways or any other road with or without drainage system","Bihar","PATNA(DISTRICT PLANNING OFFICER PATNA_IDA)","Shri Khiru Mahto (2022-28) (2022-2028)","Elected MP","Construction of PCC road from visar plant towards the house of Sudhir Kumar in ward no. 05","05-Mar-2026","20-Mar-2026","997578","Physical Inspection"
"1115","Normal/Others","WS/MP053/2025-2026/272331-Construction of roads, link roads, pathways or any other road with or without drainage system","Bihar","PATNA(DISTRICT PLANNING OFFICER PATNA_IDA)","Shri Khiru Mahto (2022-28) (2022-2028)","Elected MP","Construction of PCC road from the house of Sudhir kumar towards the house of Mukesh Kumar","05-Mar-2026","20-Mar-2026","1495322","Physical Inspection"
"1116","Normal/Others","WS/MP053/2025-2026/272332-Construction of roads, link roads, pathways or any other road with or without drainage system","Bihar","PATNA(DISTRICT PLANNING OFFICER PATNA_IDA)","Shri Khiru Mahto (2022-28) (2022-2028)","Elected MP","Construction of PCC road from the house of Mukesh jee towards the boundary of Dhirendra Kumar","05-Mar-2026","20-Mar-2026","999238","Physical Inspection"
"1117","Normal/Others","WS/MP001/2025-2026/272442-Construction of roads, link roads, pathways or any other road with or without drainage system","Bihar","SHEIKHPURA(DISTRICT PLANNING OFFICER SHEIKHPURA_IDA)","Shri Shambhu Sharan Patel (2022-28) (2022-2028)","Elected MP","Construction work of PCC Road  Drainage1RWD Road to Belhari Road Near Brij to RamjanmMahto Bangla  Community   BuilidingBlock Ariyari Village Reuta, District Sheikhpura.","05-Mar-2026","20-Mar-2026","1499989","Physical Inspection"
"1118","Normal/Others","WS/MP18300/2025-2026/273092-Construction of roads, link roads, pathways or any other road with or without drainage system","Bihar","PATNA(DISTRICT PLANNING OFFICER PATNA_IDA)","Dr. Bhim Singh (2024-30) (2024-2030)","Elected MP","Construction of road and drain","08-Mar-2026","30-Mar-2026","1499999","Vendor Identification"
"1119","Normal/Others","WS/MP18300/2025-2026/273093-Construction of roads, link roads, pathways or any other road with or without drainage system","Bihar","PATNA(DISTRICT PLANNING OFFICER PATNA_IDA)","Dr. Bhim Singh (2024-30) (2024-2030)","Elected MP","Construction of road and drain","08-Mar-2026","30-Mar-2026","1450000","Vendor Identification"
"1120","Normal/Others","WS/MP18300/2025-2026/273094-Construction of roads, link roads, pathways or any other road with or without drainage system","Bihar","PATNA(DISTRICT PLANNING OFFICER PATNA_IDA)","Dr. Bhim Singh (2024-30) (2024-2030)","Elected MP","Construction of road and drain","08-Mar-2026","30-Mar-2026","1499999","Vendor Identification"
"1121","Normal/Others","WS/MP18300/2025-2026/273095-Construction of roads, link roads, pathways or any other road with or without drainage system","Bihar","PATNA(DISTRICT PLANNING OFFICER PATNA_IDA)","Dr. Bhim Singh (2024-30) (2024-2030)","Elected MP","Construction of road and drain","08-Mar-2026","30-Mar-2026","1200000","Vendor Identification"
"1122","Normal/Others","WS/MP18300/2025-2026/273096-Construction of roads, link roads, pathways or any other road with or without drainage system","Bihar","PATNA(DISTRICT PLANNING OFFICER PATNA_IDA)","Dr. Bhim Singh (2024-30) (2024-2030)","Elected MP","Construction of road and drain","08-Mar-2026","30-Mar-2026","750000","Vendor Identification"
"1123","Normal/Others","WS/MP18300/2025-2026/273097-Construction of roads, link roads, pathways or any other road with or without drainage system","Bihar","PATNA(DISTRICT PLANNING OFFICER PATNA_IDA)","Dr. Bhim Singh (2024-30) (2024-2030)","Elected MP","Construction of road and drain","08-Mar-2026","30-Mar-2026","1499999","Vendor Identification"
"1124","Normal/Others","WS/MP18300/2025-2026/273098-Construction of roads, link roads, pathways or any other road with or without drainage system","Bihar","PATNA(DISTRICT PLANNING OFFICER PATNA_IDA)","Dr. Bhim Singh (2024-30) (2024-2030)","Elected MP","Road construction work","08-Mar-2026","25-Mar-2026","1499999","Vendor Identification"
"1125","Normal/Others","WS/MP18300/2025-2026/273099-Construction of roads, link roads, pathways or any other road with or without drainage system","Bihar","PATNA(DISTRICT PLANNING OFFICER PATNA_IDA)","Dr. Bhim Singh (2024-30) (2024-2030)","Elected MP","Road construction work","08-Mar-2026","25-Mar-2026","1499999","Vendor Identification"
"1126","Normal/Others","WS/MP18300/2025-2026/273100-Construction of roads, link roads, pathways or any other road with or without drainage system","Bihar","PATNA(DISTRICT PLANNING OFFICER PATNA_IDA)","Dr. Bhim Singh (2024-30) (2024-2030)","Elected MP","Road construction work","08-Mar-2026","25-Mar-2026","1250000","Vendor Identification"
"1127","Normal/Others","WS/MP18300/2025-2026/273101-Construction of roads, link roads, pathways or any other road with or without drainage system","Bihar","PATNA(DISTRICT PLANNING OFFICER PATNA_IDA)","Dr. Bhim Singh (2024-30) (2024-2030)","Elected MP","Road construction work","08-Mar-2026","25-Mar-2026","850000","Vendor Identification"
"1128","Normal/Others","WS/MP18300/2025-2026/273102-Construction of roads, link roads, pathways or any other road with or without drainage system","Bihar","PATNA(DISTRICT PLANNING OFFICER PATNA_IDA)","Dr. Bhim Singh (2024-30) (2024-2030)","Elected MP","Road construction work","08-Mar-2026","25-Mar-2026","1499999","Vendor Identification"
"1129","Normal/Others","WS/MP18300/2025-2026/273103-Construction of roads, link roads, pathways or any other road with or without drainage system","Bihar","PATNA(DISTRICT PLANNING OFFICER PATNA_IDA)","Dr. Bhim Singh (2024-30) (2024-2030)","Elected MP","Road construction work","08-Mar-2026","25-Mar-2026","1250000","Vendor Identification"
"1130","Normal/Others","WS/MP18300/2025-2026/273104-Construction of roads, link roads, pathways or any other road with or without drainage system","Bihar","PATNA(DISTRICT PLANNING OFFICER PATNA_IDA)","Dr. Bhim Singh (2024-30) (2024-2030)","Elected MP","Road construction work","08-Mar-2026","25-Mar-2026","1050000","Vendor Identification"
"1131","Normal/Others","WS/MP18300/2025-2026/273105-Construction of roads, link roads, pathways or any other road with or without drainage system","Bihar","PATNA(DISTRICT PLANNING OFFICER PATNA_IDA)","Dr. Bhim Singh (2024-30) (2024-2030)","Elected MP","Road construction work","08-Mar-2026","25-Mar-2026","1499999","Vendor Identification"
"1132","Normal/Others","WS/MP18300/2025-2026/273106-Construction of roads, link roads, pathways or any other road with or without drainage system","Bihar","PATNA(DISTRICT PLANNING OFFICER PATNA_IDA)","Dr. Bhim Singh (2024-30) (2024-2030)","Elected MP","Road construction work","08-Mar-2026","25-Mar-2026","1499999","Vendor Identification"
"1133","Normal/Others","WS/MP18300/2025-2026/273559-Construction of roads, link roads, pathways or any other road with or without drainage system","Bihar","PATNA(DISTRICT PLANNING OFFICER PATNA_IDA)","Dr. Bhim Singh (2024-30) (2024-2030)","Elected MP","Road and drain construction  work","11-Mar-2026","30-Mar-2026","1185000","Vendor Identification"
"1134","Normal/Others","WS/MP18300/2025-2026/273560-Construction of roads, link roads, pathways or any other road with or without drainage system","Bihar","PATNA(DISTRICT PLANNING OFFICER PATNA_IDA)","Dr. Bhim Singh (2024-30) (2024-2030)","Elected MP","Road and drain construction work","11-Mar-2026","30-Mar-2026","1295000","Vendor Identification"
"1135","Normal/Others","WS/MP18300/2025-2026/273561-Construction of roads, link roads, pathways or any other road with or without drainage system","Bihar","PATNA(DISTRICT PLANNING OFFICER PATNA_IDA)","Dr. Bhim Singh (2024-30) (2024-2030)","Elected MP","Road and drain construction work","11-Mar-2026","30-Mar-2026","1220000","Vendor Identification"
"1136","Normal/Others","WS/MP18300/2025-2026/273562-Construction of roads, link roads, pathways or any other road with or without drainage system","Bihar","PATNA(DISTRICT PLANNING OFFICER PATNA_IDA)","Dr. Bhim Singh (2024-30) (2024-2030)","Elected MP","Road and drain construction work","11-Mar-2026","30-Mar-2026","1499999","Vendor Identification"
"1137","Normal/Others","WS/MP052/2026-2027/274781-Construction of roads, link roads, pathways or any other road with or without drainage system","Bihar","PASHCHIM CHAMPARAN(DISTRICT PLANNING OFFICER WEST CHAMPARANBETTIAH_IDA)","Shri Satish Chandra Dubey (2022-28) (2022-2028)","Elected MP","Construction of P.C.C. Road in Vill- Madhopur Bairiya","17-Mar-2026","19-May-2026","1000000","Sanction"
"1138","Normal/Others","WS/MP052/2026-2027/274783-Construction of roads, link roads, pathways or any other road with or without drainage system","Bihar","PASHCHIM CHAMPARAN(DISTRICT PLANNING OFFICER WEST CHAMPARANBETTIAH_IDA)","Shri Satish Chandra Dubey (2022-28) (2022-2028)","Elected MP","Construction of P.C.C. Road work in Mauje Madhopur, ward no 3","17-Mar-2026","19-May-2026","1000000","Sanction"
"1139","Normal/Others","WS/MP053/2026-2027/275275-Construction of roads, link roads, pathways or any other road with or without drainage system","Bihar","PATNA(DISTRICT PLANNING OFFICER PATNA_IDA)","Shri Khiru Mahto (2022-28) (2022-2028)","Elected MP","Construction of PCC road from Buddhadev Chak main road to the house of Ranjeet Kumar","21-Mar-2026","10-Apr-2026","1496000","Work Completed"
"1140","Normal/Others","WS/MP053/2026-2027/275276-Construction of roads, link roads, pathways or any other road with or without drainage system","Bihar","PATNA(DISTRICT PLANNING OFFICER PATNA_IDA)","Shri Khiru Mahto (2022-28) (2022-2028)","Elected MP","Construction of Pcc road from the house of Dhirendra Kumar to the Buddhadev Chak in ward no. 05","21-Mar-2026","10-Apr-2026","1000000","Work Completed"
"1141","Normal/Others","WS/MP053/2026-2027/275277-Construction of roads, link roads, pathways or any other road with or without drainage system","Bihar","PATNA(DISTRICT PLANNING OFFICER PATNA_IDA)","Shri Khiru Mahto (2022-28) (2022-2028)","Elected MP","Construction of PCC Road from the patna university Boys hostel towards patna College Gate","21-Mar-2026","10-Apr-2026","1495000","Work Completed"
"1142","Normal/Others","WS/MP053/2026-2027/275279-Construction of roads, link roads, pathways or any other road with or without drainage system","Bihar","PATNA(DISTRICT PLANNING OFFICER PATNA_IDA)","Shri Khiru Mahto (2022-28) (2022-2028)","Elected MP","Construction of PCC road from patna science college gate towards patna university police post block","21-Mar-2026","10-Apr-2026","1496000","Work Completed"
"1143","Normal/Others","WS/MP053/2026-2027/275281-Construction of roads, link roads, pathways or any other road with or without drainage system","Bihar","PATNA(DISTRICT PLANNING OFFICER PATNA_IDA)","Shri Khiru Mahto (2022-28) (2022-2028)","Elected MP","Construction of PCC road from police post Patna university gate towards SESQUICENTENNIAL gate","21-Mar-2026","10-Apr-2026","1495000","Work Completed"
"1144","Normal/Others","WS/MP18332/2026-2027/275289-Construction of roads, link roads, pathways or any other road with or without drainage system","Bihar","PURBI CHAMPARAN(DISTRICT PLANNING OFFICER MOTHIHARI EAST CHAMPARAN_IDA)","Dr. Dharmshila Gupta (2024-30) (2024-2030)","Elected MP","PCC ROAD WITH BRICKS SOLING- PURVI CHAMPARAN, PRAKHAND- PAHARPUR, VILL- NAUWA DIH- WARD NO-3 ME CHANDRA KISHORE DUBE KE KHET SE DUDHIAWA VILLAGE JANE WALI PATH ME PCC ROAD WITH BRICK SOLING.","22-Mar-2026","14-May-2026","1494800","Physical Inspection"
"1145","Normal/Others","WS/MP18332/2026-2027/275290-Construction of roads, link roads, pathways or any other road with or without drainage system","Bihar","PURBI CHAMPARAN(DISTRICT PLANNING OFFICER MOTHIHARI EAST CHAMPARAN_IDA)","Dr. Dharmshila Gupta (2024-30) (2024-2030)","Elected MP","PCC ROAD- PURVI CHAMPARAN, PRAKHAND- MEHSI, VILL- BHURKURWA KE WARD NO 5 ME PWD ROAD SE GRAM BAKHRI JANE WALI PATH ME PCC ROAD.","22-Mar-2026","14-May-2026","1497800","Physical Inspection"
"1146","Normal/Others","WS/MP18332/2026-2027/275291-Construction of roads, link roads, pathways or any other road with or without drainage system","Bihar","PURBI CHAMPARAN(DISTRICT PLANNING OFFICER MOTHIHARI EAST CHAMPARAN_IDA)","Dr. Dharmshila Gupta (2024-30) (2024-2030)","Elected MP","PCC ROAD- PURVI CHAMPARAN CHAKIA VILL BAISAHA, WARD NO 9 GRAM BARA GOVIND ME AJAY DEV KE FARM SE PRASUN DEV KE GHAR THAK.","22-Mar-2026","14-May-2026","1497100","Physical Inspection"
"1147","Normal/Others","WS/MP18332/2026-2027/275292-Construction of roads, link roads, pathways or any other road with or without drainage system","Bihar","PURBI CHAMPARAN(DISTRICT PLANNING OFFICER MOTHIHARI EAST CHAMPARAN_IDA)","Dr. Dharmshila Gupta (2024-30) (2024-2030)","Elected MP","PCC ROAD- PURVI CHAMPARAN, PRAKHHAND CHAKIA, VILL- BAISAHA WAD NO-14 ME GRAM TARNIA ME AJAY SINGH KE GHAR SE MUSLIM TOLA TAK JANE WALI PATH ME PCC ROAD.","22-Mar-2026","14-May-2026","999800","Physical Inspection"
"1148","Normal/Others","WS/MP18332/2026-2027/275293-Construction of roads, link roads, pathways or any other road with or without drainage system","Bihar","PURBI CHAMPARAN(DISTRICT PLANNING OFFICER MOTHIHARI EAST CHAMPARAN_IDA)","Dr. Dharmshila Gupta (2024-30) (2024-2030)","Elected MP","PCC ROAD- PURVI CHAMPARAN, PRAKHAND CHAKIA, BARA GOBIND ME NITYA DEV KE GHAR SE VINOD DEV KE GHAR TAK PCC ROAD.","22-Mar-2026","21-Apr-2026","1497300","Physical Inspection"
"1149","Normal/Others","WS/MP18332/2026-2027/275294-Construction of roads, link roads, pathways or any other road with or without drainage system","Bihar","PATNA(DISTRICT PLANNING OFFICER PATNA_IDA)","Dr. Dharmshila Gupta (2024-30) (2024-2030)","Elected MP","PCC ROAD- PATNA, SAMPATCHAK, PRAKHADN CHIPUURA WARD NO 5 ME MAHADALIT TOLA ME ENGINEER RAMPRAVESH KE GHAR SE MANIDEV JI KE GHAR KI ORE PCC ROAD.","22-Mar-2026","10-Apr-2026","1498000","Work Completed"
"1150","Normal/Others","WS/MP18332/2026-2027/275295-Construction of roads, link roads, pathways or any other road with or without drainage system","Bihar","PATNA(DISTRICT PLANNING OFFICER PATNA_IDA)","Dr. Dharmshila Gupta (2024-30) (2024-2030)","Elected MP","PCC ROAD- PATNA, SAMPATCHAK, PRAKHADN CHIPUURA WARD NO 5 ME MAHADALIT TOLA ME KAMTA SINGH KE GHAR SE SURESH SINGH KE GHAR KI ORE PCC ROAD.","22-Mar-2026","10-Apr-2026","1498000","Work Completed"
"1151","Normal/Others","WS/MP18332/2026-2027/275296-Construction of roads, link roads, pathways or any other road with or without drainage system","Bihar","PATNA(DISTRICT PLANNING OFFICER PATNA_IDA)","Dr. Dharmshila Gupta (2024-30) (2024-2030)","Elected MP","PCC ROAD- PATNA, SAMPATCHAK, PRAKHADN CHIPUURA WARD NO 4 GAON CHAINPUR ME DEVENDRA SINGH KE GHAR SE SUJIT SINGH KE GHAR KI ORE PCC ROAD.","22-Mar-2026","10-Apr-2026","1498000","Work Completed"
"1152","Normal/Others","WS/MP18332/2026-2027/275297-Construction of roads, link roads, pathways or any other road with or without drainage system","Bihar","PATNA(DISTRICT PLANNING OFFICER PATNA_IDA)","Dr. Dharmshila Gupta (2024-30) (2024-2030)","Elected MP","PCC ROAD- PATNA, SAMPATCHAK, PRAKHADN CHIPURA WARD NO 4 GAON CHAINPUR ME SUNIL KUMAR KE GHAR SE ARVIND JI KE BOUNDARY KI TARAF PCC ROAD.","22-Mar-2026","10-Apr-2026","1000000","Work Completed"
"1153","Normal/Others","WS/MP18332/2026-2027/275298-Construction of roads, link roads, pathways or any other road with or without drainage system","Bihar","PATNA(DISTRICT PLANNING OFFICER PATNA_IDA)","Dr. Dharmshila Gupta (2024-30) (2024-2030)","Elected MP","PCC ROAD- PATNA, SAMPATCHAK, PRAKHADN CHIPURA WARD NO-1 PARSA MAIN ROAD SE SANJAY SINGH KE GHAR KI TARAF PCC ROAD.","22-Mar-2026","10-Apr-2026","1498000","Work Completed"
"1154","Normal/Others","WS/MP18332/2026-2027/275299-Construction of roads, link roads, pathways or any other road with or without drainage system","Bihar","PATNA(DISTRICT PLANNING OFFICER PATNA_IDA)","Dr. Dharmshila Gupta (2024-30) (2024-2030)","Elected MP","PCC ROAD- PATNA, SAMPATCHAK, PRAKHADN CHIPURA WARD NO-3 CHIPURA KHURD MAIN ROAD SE CHANDAN JI KE GHAR KI TARAF PCC ROAD.","22-Mar-2026","10-Apr-2026","1498000","Work Completed"
"1155","Normal/Others","WS/MP18332/2026-2027/275300-Construction of roads, link roads, pathways or any other road with or without drainage system","Bihar","PATNA(DISTRICT PLANNING OFFICER PATNA_IDA)","Dr. Dharmshila Gupta (2024-30) (2024-2030)","Elected MP","PCC ROAD- PATNA, SAMPATCHAK, PRAKHADN CHIPURA WARD NO-3 ANAND KUMAR KE GHAR SE RAJIV KUMAR KE GHAR TAK PCC ROAD.","22-Mar-2026","10-Apr-2026","1498000","Work Completed"
"1156","Normal/Others","WS/MP18332/2026-2027/275301-Construction of roads, link roads, pathways or any other road with or without drainage system","Bihar","PURBI CHAMPARAN(DISTRICT PLANNING OFFICER MOTHIHARI EAST CHAMPARAN_IDA)","Dr. Dharmshila Gupta (2024-30) (2024-2030)","Elected MP","PCC ROAD- EAST CHAMPAPARAN, PRAKHAD CHAKIA, PANCHYAT- BISHUNPURA WARD NO-5 ME PWD MAIN ROAD SE PIPRA MAHAVIR UCCHH VIDYALAYE SE PAHUCH PATH TAK.","22-Mar-2026","21-Apr-2026","1496900","Sanction"
"1157","Normal/Others","WS/MP18332/2026-2027/275302-Construction of roads, link roads, pathways or any other road with or without drainage system","Bihar","PATNA(DISTRICT PLANNING OFFICER PATNA_IDA)","Dr. Dharmshila Gupta (2024-30) (2024-2030)","Elected MP","PCC ROAD- PATNA, DANAPURR WARD NO 3 ME SAUBHAGYA SHARMA PATH ME SRI RAM NARESH KE GHAR SE BHAGWAN SINGH KE GHAR TAK PCC ROAD.","22-Mar-2026","13-Apr-2026","1498000","Sanction"
"1158","Normal/Others","WS/MP18332/2026-2027/275303-Construction of roads, link roads, pathways or any other road with or without drainage system","Bihar","PATNA(DISTRICT PLANNING OFFICER PATNA_IDA)","Dr. Dharmshila Gupta (2024-30) (2024-2030)","Elected MP","PCC ROAD- PATNA PRAKHAND PHULWARI, PANCHYAT-CHILBILI NATHUPUR KE WARD NO-4 ME CHANAKYAPUR COLONY ME SHYAM MANORMA BHAVAN SE BINDU KUMAR KE GHAR TAK PCC ROAD WITH DRAIN.","22-Mar-2026","13-Apr-2026","1498000","Vendor Identification"
"1159","Normal/Others","WS/MP18332/2026-2027/275304-Construction of roads, link roads, pathways or any other road with or without drainage system","Bihar","PATNA(DISTRICT PLANNING OFFICER PATNA_IDA)","Dr. Dharmshila Gupta (2024-30) (2024-2030)","Elected MP","PCC ROAD- PATNA PRAKHAND PHULWARI, PANCHYAT-CHILBILI WARD NO-4 ME SHASHI BHUSHAN SAHAYE KE GHAR SE NANDMOHAN PRASAD KE GHAR TAK PCC ROAD.","22-Mar-2026","13-Apr-2026","1498000","Vendor Identification"
"1160","Normal/Others","WS/MP18332/2026-2027/275305-Construction of roads, link roads, pathways or any other road with or without drainage system","Bihar","PATNA(DISTRICT PLANNING OFFICER PATNA_IDA)","Dr. Dharmshila Gupta (2024-30) (2024-2030)","Elected MP","PCC ROAD- PATNA PRAKHAND BARH, PANCHYAT IBRAHIMPUR, VILL AKBARPUR ME MAIN ROAD SE URDU PRATHMIK VIDYALAYE TAK PCC ROAD.","22-Mar-2026","07-Apr-2026","1482880","Physical Inspection"
"1161","Normal/Others","WS/MP18332/2026-2027/275306-Construction of roads, link roads, pathways or any other road with or without drainage system","Bihar","PATNA(DISTRICT PLANNING OFFICER PATNA_IDA)","Dr. Dharmshila Gupta (2024-30) (2024-2030)","Elected MP","PCC ROAD- PATNA PRAKHAND BARH, PANCHYAT- IBRAHIMPUR, VILLAGE AKBARPUR ME AMEEN SAHEB KE BATHAN SE IZAJ KE GHAR TAK PCC ROAD.","22-Mar-2026","07-Apr-2026","1483061","Physical Inspection"
"1162","Normal/Others","WS/MP053/2026-2027/275362-Construction of roads, link roads, pathways or any other road with or without drainage system","Bihar","PATNA(DISTRICT PLANNING OFFICER PATNA_IDA)","Shri Khiru Mahto (2022-28) (2022-2028)","Elected MP","Construction of PCC Road from Patna College SESQUICENTENNIAL gate towards backside of Faraday Hostel","23-Mar-2026","10-Apr-2026","1498000","Work Completed"
"1163","Normal/Others","WS/MP053/2026-2027/275363-Construction of roads, link roads, pathways or any other road with or without drainage system","Bihar","PATNA(DISTRICT PLANNING OFFICER PATNA_IDA)","Shri Khiru Mahto (2022-28) (2022-2028)","Elected MP","Construction of PCC Road from Patna University Gate to the backside of Faraday Hostel","23-Mar-2026","10-Apr-2026","1496000","Work Completed"
"1164","Normal/Others","WS/MP044/2026-2027/276629-Construction of roads, link roads, pathways or any other road with or without drainage system","Bihar","PURBI CHAMPARAN(DISTRICT PLANNING OFFICER MOTHIHARI EAST CHAMPARAN_IDA)","Shri Akhilesh Prasad Singh (2024-30) (2024-2030)","Elected MP","Construction of connecting road from Bhagwan Shah house to Pundey Rai house in Ward number 6 of Turkaulia block under Nariyarwa Panchayat","30-Mar-2026","10-Apr-2026","1495000","Physical Inspection"
"1165","Normal/Others","WS/MP044/2026-2027/276630-Construction of roads, link roads, pathways or any other road with or without drainage system","Bihar","PURBI CHAMPARAN(DISTRICT PLANNING OFFICER MOTHIHARI EAST CHAMPARAN_IDA)","Shri Akhilesh Prasad Singh (2024-30) (2024-2030)","Elected MP","Construction of connecting road from Rajesh Singh pond to Juria drainage in Ward number 8 of Turkaulia block in Mananppu village under Belwa Rai Panchayat","30-Mar-2026","10-Apr-2026","1495000","Work partially Completed"
"1166","Normal/Others","WS/MP044/2026-2027/276632-Construction of roads, link roads, pathways or any other road with or without drainage system","Bihar","PURBI CHAMPARAN(DISTRICT PLANNING OFFICER MOTHIHARI EAST CHAMPARAN_IDA)","Shri Akhilesh Prasad Singh (2024-30) (2024-2030)","Elected MP","PCC construction work from Chandkishore Srivastava house to Jalil Mian house in Belwa Rai Tola Ward number 7","30-Mar-2026","10-Apr-2026","1495000","Physical Inspection"
"1167","Normal/Others","WS/MP18300/2026-2027/281461-Construction of roads, link roads, pathways or any other road with or without drainage system","Bihar","PATNA(DISTRICT PLANNING OFFICER PATNA_IDA)","Dr. Bhim Singh (2024-30) (2024-2030)","Elected MP","Road construction work","18-May-2026","18-Jun-2026","1175000","Vendor Identification"
"1168","Normal/Others","WS/MP18300/2026-2027/281462-Construction of roads, link roads, pathways or any other road with or without drainage system","Bihar","PATNA(DISTRICT PLANNING OFFICER PATNA_IDA)","Dr. Bhim Singh (2024-30) (2024-2030)","Elected MP","Road construction work","18-May-2026","01-Sep-2026","1499999","Vendor Identification"
"1169","Normal/Others","WS/MP18300/2026-2027/281464-Construction of roads, link roads, pathways or any other road with or without drainage system","Bihar","PATNA(DISTRICT PLANNING OFFICER PATNA_IDA)","Dr. Bhim Singh (2024-30) (2024-2030)","Elected MP","Road construction work","18-May-2026","15-Jun-2026","1175000","Sanction"
"1170","Normal/Others","WS/MP18300/2026-2027/281465-Construction of roads, link roads, pathways or any other road with or without drainage system","Bihar","PATNA(DISTRICT PLANNING OFFICER PATNA_IDA)","Dr. Bhim Singh (2024-30) (2024-2030)","Elected MP","Road construction work","18-May-2026","25-Jun-2026","650000","Vendor Identification"
"1171","Normal/Others","WS/MP18300/2026-2027/281467-Construction of roads, link roads, pathways or any other road with or without drainage system","Bihar","PATNA(DISTRICT PLANNING OFFICER PATNA_IDA)","Dr. Bhim Singh (2024-30) (2024-2030)","Elected MP","Road construction work","18-May-2026","12-Jun-2026","1499999","Vendor Identification"
"1172","Normal/Others","WS/MP18300/2026-2027/281468-Construction of roads, link roads, pathways or any other road with or without drainage system","Bihar","PATNA(DISTRICT PLANNING OFFICER PATNA_IDA)","Dr. Bhim Singh (2024-30) (2024-2030)","Elected MP","Road construction work","18-May-2026","12-Jun-2026","1499999","Vendor Identification"
"1173","Normal/Others","WS/MP18300/2026-2027/281469-Construction of roads, link roads, pathways or any other road with or without drainage system","Bihar","PATNA(DISTRICT PLANNING OFFICER PATNA_IDA)","Dr. Bhim Singh (2024-30) (2024-2030)","Elected MP","Road and drain construction work","18-May-2026","12-Jun-2026","1499999","Vendor Identification"
"1174","Normal/Others","WS/MP18300/2026-2027/281470-Construction of roads, link roads, pathways or any other road with or without drainage system","Bihar","PATNA(DISTRICT PLANNING OFFICER PATNA_IDA)","Dr. Bhim Singh (2024-30) (2024-2030)","Elected MP","Road and drain construction work","18-May-2026","12-Jun-2026","750000","Vendor Identification"
"1175","Normal/Others","WS/MP041/2026-2027/282271-Construction of roads, link roads, pathways or any other road with or without drainage system","Bihar","PATNA(DISTRICT PLANNING OFFICER PATNA_IDA)","Dr. Faiyaz Ahmad (2022-28) (2022-2028)","Elected MP","Construction of PCC Road in jakariyapur from main road towards the bike service centre in ward no.56 under patna municipal corporation.","20-May-2026","01-Jul-2026","1498000","Sanction"
"1176","Normal/Others","WS/MP041/2026-2027/282272-Construction of roads, link roads, pathways or any other road with or without drainage system","Bihar","PATNA(DISTRICT PLANNING OFFICER PATNA_IDA)","Dr. Faiyaz Ahmad (2022-28) (2022-2028)","Elected MP","Construction of PCC Road in jakariyapur from kirana dukaan towards the main road in ward no.56 under patna municipal corporation.","20-May-2026","01-Jul-2026","1495000","Work partially Completed"
"1177","Normal/Others","WS/MP041/2026-2027/282273-Construction of roads, link roads, pathways or any other road with or without drainage system","Bihar","PATNA(DISTRICT PLANNING OFFICER PATNA_IDA)","Dr. Faiyaz Ahmad (2022-28) (2022-2028)","Elected MP","Construction of PCC Road in jakariyapur from house of babloo ji towards the house of Rajeev ji in ward no.56 under patna municipal corporation.","20-May-2026","01-Jul-2026","1499000","Sanction"
"1178","Normal/Others","WS/MP041/2026-2027/282274-Construction of roads, link roads, pathways or any other road with or without drainage system","Bihar","PATNA(DISTRICT PLANNING OFFICER PATNA_IDA)","Dr. Faiyaz Ahmad (2022-28) (2022-2028)","Elected MP","Construction of PCC road in jakariyapur from house of sambhu singh to the house of mithlesh singh in ward no.56 under patna municipal corporation.","20-May-2026","01-Jul-2026","1496000","Sanction"
"1179","Normal/Others","WS/MP041/2026-2027/282275-Construction of roads, link roads, pathways or any other road with or without drainage system","Bihar","PATNA(DISTRICT PLANNING OFFICER PATNA_IDA)","Dr. Faiyaz Ahmad (2022-28) (2022-2028)","Elected MP","Construction of PCC Road in jakariyapur from dhananjay ji towards the house of jaiswal in ward no.56 under patna municipal corporation.","20-May-2026","01-Jul-2026","1498000","Sanction"
"1180","Normal/Others","WS/MP041/2026-2027/282276-Construction of roads, link roads, pathways or any other road with or without drainage system","Bihar","PATNA(DISTRICT PLANNING OFFICER PATNA_IDA)","Dr. Faiyaz Ahmad (2022-28) (2022-2028)","Elected MP","Construction of PCC Road in jakariyapur from house of mrityunjay narayan ji towards the house of suresh kumar in ward no.56 under patna municipal corporation.","20-May-2026","01-Jul-2026","1494000","Sanction"
"1181","Normal/Others","WS/MP041/2026-2027/282277-Construction of roads, link roads, pathways or any other road with or without drainage system","Bihar","PATNA(DISTRICT PLANNING OFFICER PATNA_IDA)","Dr. Faiyaz Ahmad (2022-28) (2022-2028)","Elected MP","Construction of PCC road in jakariyapur from house of Rambabu ji towards the house of sukhdev ji in ward no.56 under patna municipal corporation.","20-May-2026","01-Jul-2026","1496000","Sanction"
"1182","Normal/Others","WS/MP041/2026-2027/282278-Construction of roads, link roads, pathways or any other road with or without drainage system","Bihar","PATNA(DISTRICT PLANNING OFFICER PATNA_IDA)","Dr. Faiyaz Ahmad (2022-28) (2022-2028)","Elected MP","Construction of PCC road in jakariyapur from house of sadhu sao towards the house of suresh pandit in ward no.56 under patna municipal corporation.","20-May-2026","01-Jul-2026","1497000","Sanction"
"1183","Normal/Others","WS/MP041/2026-2027/282279-Construction of roads, link roads, pathways or any other road with or without drainage system","Bihar","PATNA(DISTRICT PLANNING OFFICER PATNA_IDA)","Dr. Faiyaz Ahmad (2022-28) (2022-2028)","Elected MP","Construction of PCC road in jakariyapur badi pahadi from house of bijli mahto towards the house of nirbal mahto in ward no.56 under patna municipal corporation.","20-May-2026","01-Jul-2026","1495000","Sanction"
"1184","Normal/Others","WS/MP041/2026-2027/282280-Construction of roads, link roads, pathways or any other road with or without drainage system","Bihar","PATNA(DISTRICT PLANNING OFFICER PATNA_IDA)","Dr. Faiyaz Ahmad (2022-28) (2022-2028)","Elected MP","Construction of PCC road in jakariyapur badi pahadi from house of ramji mahto towards the plot of durga ji in ward no. 56 under Patna municipal corporation.","20-May-2026","01-Jul-2026","1498000","Sanction"
"1185","Normal/Others","WS/MP041/2026-2027/282281-Construction of roads, link roads, pathways or any other road with or without drainage system","Bihar","PATNA(DISTRICT PLANNING OFFICER PATNA_IDA)","Dr. Faiyaz Ahmad (2022-28) (2022-2028)","Elected MP","Construction of PCC road in jakariyapur badi pahadi from house of tribhuwan mahto toward sthe house of pravesh ji in ward no.56 under patna municipal corporation.","20-May-2026","01-Jul-2026","1499000","Sanction"
"1186","Normal/Others","WS/MP041/2026-2027/282282-Construction of roads, link roads, pathways or any other road with or without drainage system","Bihar","PATNA(DISTRICT PLANNING OFFICER PATNA_IDA)","Dr. Faiyaz Ahmad (2022-28) (2022-2028)","Elected MP","Construction of PCC Road in jakariyapur badi pahadi from house of anil Prasad towards the house of vijay Sharma in ward no.56 under patna municipal corporation.","20-May-2026","01-Jul-2026","1489000","Sanction"
"1187","Normal/Others","WS/MP041/2026-2027/282283-Construction of roads, link roads, pathways or any other road with or without drainage system","Bihar","PATNA(DISTRICT PLANNING OFFICER PATNA_IDA)","Dr. Faiyaz Ahmad (2022-28) (2022-2028)","Elected MP","Construction of PCC Road in jakariyapur from main road towards the house of lakshmi mahto in ward no.56 under patna municipal corporation.","20-May-2026","01-Jul-2026","1487000","Work partially Completed"
"1188","Normal/Others","WS/MP041/2026-2027/282284-Construction of roads, link roads, pathways or any other road with or without drainage system","Bihar","PATNA(DISTRICT PLANNING OFFICER PATNA_IDA)","Dr. Faiyaz Ahmad (2022-28) (2022-2028)","Elected MP","Construction of PCC Road in jakariyapur from house of tuntun ji towards the house of priyanka ji in ward no.56 under patna municipal corporation.","20-May-2026","01-Jul-2026","559000","Sanction"
"1189","Normal/Others","WS/MP041/2026-2027/282285-Construction of roads, link roads, pathways or any other road with or without drainage system","Bihar","PATNA(DISTRICT PLANNING OFFICER PATNA_IDA)","Dr. Faiyaz Ahmad (2022-28) (2022-2028)","Elected MP","Construction of PCC Road in ward no-62 Narayan nagar from the plot of Rambabu towards the plot of mukesh kumar under patna municipal corporation.","20-May-2026","01-Jul-2026","1499000","Sanction"
"1190","Normal/Others","WS/MP041/2026-2027/282286-Construction of roads, link roads, pathways or any other road with or without drainage system","Bihar","PATNA(DISTRICT PLANNING OFFICER PATNA_IDA)","Dr. Faiyaz Ahmad (2022-28) (2022-2028)","Elected MP","Construction of PCC Road in ward no-62 Narayan nagar from the plot of Mahesh kumar towards the plot of tarkeshwar Prasad under patna municipal corporation.","20-May-2026","01-Jul-2026","1498000","Sanction"
"1191","Normal/Others","WS/MP041/2026-2027/282287-Construction of roads, link roads, pathways or any other road with or without drainage system","Bihar","PATNA(DISTRICT PLANNING OFFICER PATNA_IDA)","Dr. Faiyaz Ahmad (2022-28) (2022-2028)","Elected MP","Construction of PCC Road in ward no-62 Narayan nagar from the plot of ranjit kumar towards the plot of ashok kumar under patna municipal corporation.","20-May-2026","01-Jul-2026","1475000","Sanction"
"1192","Normal/Others","WS/MP041/2026-2027/282288-Construction of roads, link roads, pathways or any other road with or without drainage system","Bihar","PATNA(DISTRICT PLANNING OFFICER PATNA_IDA)","Dr. Faiyaz Ahmad (2022-28) (2022-2028)","Elected MP","Construction of PCC Road in ward no-62 Narayan nagar from the plot of satish kumar sinha towards the plot of prem kumar sinha under patna municipal corporation.","20-May-2026","01-Jul-2026","1498000","Sanction"
"1193","Normal/Others","WS/MP041/2026-2027/282289-Construction of roads, link roads, pathways or any other road with or without drainage system","Bihar","PATNA(DISTRICT PLANNING OFFICER PATNA_IDA)","Dr. Faiyaz Ahmad (2022-28) (2022-2028)","Elected MP","Construction of PCC Road in ward no-62 Narayan nagar from the plot of anup kumar sinha towards the plot of ram babu prasad under patna municipal corporation.","20-May-2026","01-Jul-2026","1495000","Sanction"
"1194","Normal/Others","WS/MP041/2026-2027/282290-Construction of roads, link roads, pathways or any other road with or without drainage system","Bihar","PATNA(DISTRICT PLANNING OFFICER PATNA_IDA)","Dr. Faiyaz Ahmad (2022-28) (2022-2028)","Elected MP","Construction of PCC Road in ward no-62 from guru goving singh link path towards the house of pawan mahto under patna municipal corporation.","20-May-2026","01-Jul-2026","1494000","Sanction"
"1195","Normal/Others","WS/MP041/2026-2027/282291-Construction of roads, link roads, pathways or any other road with or without drainage system","Bihar","PATNA(DISTRICT PLANNING OFFICER PATNA_IDA)","Dr. Faiyaz Ahmad (2022-28) (2022-2028)","Elected MP","Construction of PCC Road in ward no-03 from Girja niwas to Lakho niwas in Sampatchak Block under fatuha assembaly constituency.","20-May-2026","31-Aug-2026","1096000","Sanction"
"1196","Normal/Others","WS/MP041/2026-2027/282292-Construction of roads, link roads, pathways or any other road with or without drainage system","Bihar","PATNA(DISTRICT PLANNING OFFICER PATNA_IDA)","Dr. Faiyaz Ahmad (2022-28) (2022-2028)","Elected MP","Construction of PCC Road in ward no-03 from the house of kamlesh Sharma to the house of abhishek ji in adarsh colony road no-01 in Sampatchak Block under fatuha assembaly constituency.","20-May-2026","01-Jul-2026","1484000","Sanction"
"1197","Normal/Others","WS/MP041/2026-2027/282293-Construction of roads, link roads, pathways or any other road with or without drainage system","Bihar","PATNA(DISTRICT PLANNING OFFICER PATNA_IDA)","Dr. Faiyaz Ahmad (2022-28) (2022-2028)","Elected MP","Construction of PCC Road in ward no-03 from the house of anil kumar to Domnik international school in adarsh colony road no-01 in Sampatchak Block under fatuha assembaly constituency.","20-May-2026","01-Jul-2026","1494000","Sanction"
"1198","Normal/Others","WS/MP041/2026-2027/282294-Construction of roads, link roads, pathways or any other road with or without drainage system","Bihar","PATNA(DISTRICT PLANNING OFFICER PATNA_IDA)","Dr. Faiyaz Ahmad (2022-28) (2022-2028)","Elected MP","Construction of PCC Road in ward no-03 from the house of sunil kumar to the house of subedar rajendra Prasad in adarsh colony in Sampatchak Block under fatuha assembaly constituency.","20-May-2026","01-Jul-2026","1493000","Sanction"
"1199","Normal/Others","WS/MP041/2026-2027/282295-Construction of roads, link roads, pathways or any other road with or without drainage system","Bihar","PATNA(DISTRICT PLANNING OFFICER PATNA_IDA)","Dr. Faiyaz Ahmad (2022-28) (2022-2028)","Elected MP","Construction of PCC Road in nayachak ward no-04 from the house of harikant singh manager sahib) towards the house of lakshmi mahto in sampatchak block under fatuha assembaly constituency.","20-May-2026","01-Jul-2026","1487000","Work partially Completed"
"1200","Normal/Others","WS/MP041/2026-2027/282296-Construction of roads, link roads, pathways or any other road with or without drainage system","Bihar","PATNA(DISTRICT PLANNING OFFICER PATNA_IDA)","Dr. Faiyaz Ahmad (2022-28) (2022-2028)","Elected MP","Construction of PCC Road in nayachak ward no-04 from the plot of sanjay singh towards the house of ramsundar mistri in sampatchak block under fatuha assembaly constituency.","20-May-2026","01-Jul-2026","1408000","Work partially Completed"
"1201","Normal/Others","WS/MP041/2026-2027/282297-Construction of roads, link roads, pathways or any other road with or without drainage system","Bihar","PATNA(DISTRICT PLANNING OFFICER PATNA_IDA)","Dr. Faiyaz Ahmad (2022-28) (2022-2028)","Elected MP","Construction of PCC Road in nayachak ward no-04 from thehouse of ashok kumar towards sarita sadanunder fatuha assembaly constituency.","20-May-2026","01-Jul-2026","1092000","Work partially Completed"
"1202","Normal/Others","WS/MP041/2026-2027/282298-Construction of roads, link roads, pathways or any other road with or without drainage system","Bihar","PATNA(DISTRICT PLANNING OFFICER PATNA_IDA)","Dr. Faiyaz Ahmad (2022-28) (2022-2028)","Elected MP","Construction of PCC Road innayachak ward no-04 from thehouse of sonu singh towards the house of Diwakar kumar in sampatchak block under fatuha assembaly constituency","20-May-2026","01-Jul-2026","1487000","Work partially Completed"
"1203","Normal/Others","WS/MP18332/2026-2027/283414-Construction of roads, link roads, pathways or any other road with or without drainage system","Bihar","PATNA(DISTRICT PLANNING OFFICER PATNA_IDA)","Dr. Dharmshila Gupta (2024-30) (2024-2030)","Elected MP","PCC ROAD PATNA PRAKHAND SADAR NAGAR NIGAM WARD NO 62 ME PULIA SE MUKHYA SADAK KI ORE PCC ROAD.","24-May-2026","27-Jun-2026","1466000","Work partially Completed"
"1204","Normal/Others","WS/MP18332/2026-2027/283415-Construction of roads, link roads, pathways or any other road with or without drainage system","Bihar","PATNA(DISTRICT PLANNING OFFICER PATNA_IDA)","Dr. Dharmshila Gupta (2024-30) (2024-2030)","Elected MP","PCC ROAD- PATNA SADAR NAGAR NIGAM WARD NO 62 ME BABLU JI KE GODAM SE SANJIV JI KE GODM KI TARAF- PCC ROAD","24-May-2026","27-Jun-2026","1465000","Sanction"
"1205","Normal/Others","WS/MP18332/2026-2027/283416-Construction of roads, link roads, pathways or any other road with or without drainage system","Bihar","PATNA(DISTRICT PLANNING OFFICER PATNA_IDA)","Dr. Dharmshila Gupta (2024-30) (2024-2030)","Elected MP","PCC ROAD- PATNA SADAR NAGAR NIGAM WARD NO 62 ME AMAN ENTERPRISES SE SAROJ SADAN KI TARAF- PCC ROAD","24-May-2026","27-Jun-2026","1105000","Sanction"
"1206","Normal/Others","WS/MP18332/2026-2027/283417-Construction of roads, link roads, pathways or any other road with or without drainage system","Bihar","PATNA(DISTRICT PLANNING OFFICER PATNA_IDA)","Dr. Dharmshila Gupta (2024-30) (2024-2030)","Elected MP","PCC ROAD- PATNA SADAR NAGAR NIGAM WARD NO 62 ME RAJU MEHTA KE MAKAN SE GODAM KO TARAF- PCC ROAD","24-May-2026","27-Jun-2026","1425000","Sanction"
"1207","Normal/Others","WS/MP18332/2026-2027/283418-Construction of roads, link roads, pathways or any other road with or without drainage system","Bihar","PATNA(DISTRICT PLANNING OFFICER PATNA_IDA)","Dr. Dharmshila Gupta (2024-30) (2024-2030)","Elected MP","PCC ROAD- PATNA SADAR NAGAR NIGAM WARD NO 62 ME ROLLIS INDIA LIMITED SE RAJU MEHTA KE GHAR KI TARAF- PCC ROAD","24-May-2026","27-Jun-2026","1380000","Sanction"
"1208","Normal/Others","WS/MP18332/2026-2027/283419-Construction of roads, link roads, pathways or any other road with or without drainage system","Bihar","PATNA(DISTRICT PLANNING OFFICER PATNA_IDA)","Dr. Dharmshila Gupta (2024-30) (2024-2030)","Elected MP","PCC ROAD- PATNA SADAR NAGAR NIGAM WARD NO 62 ME SANJIV JI KE GHRA SE DAL FACTORY KI TARAF- PCC ROAD","24-May-2026","27-Jun-2026","960000","Work partially Completed"
"1209","Normal/Others","WS/MP18332/2026-2027/283420-Construction of roads, link roads, pathways or any other road with or without drainage system","Bihar","PATNA(DISTRICT PLANNING OFFICER PATNA_IDA)","Dr. Dharmshila Gupta (2024-30) (2024-2030)","Elected MP","PCC ROAD- PATNA SADAR NAGAR NIGAM WARD NO 62 ME PERON CROPS SICENCE LIMITED SE RAMA SHANKAR JI KE GODAM KI TARAF- PCC ROAD","24-May-2026","27-Jun-2026","1370000","Sanction"
"1210","Normal/Others","WS/MP18332/2026-2027/283421-Construction of roads, link roads, pathways or any other road with or without drainage system","Bihar","PATNA(DISTRICT PLANNING OFFICER PATNA_IDA)","Dr. Dharmshila Gupta (2024-30) (2024-2030)","Elected MP","PCC ROAD- PATNA SADAR NAGAR NIGAM WARD NO 62 ME RAMA SHANKAR JI KE GODAM SE MUYKHYA SADAK KO TARAF- PCC ROAD","24-May-2026","27-Jun-2026","1348000","Sanction"
"1211","Normal/Others","WS/MP18332/2026-2027/283422-Construction of roads, link roads, pathways or any other road with or without drainage system","Bihar","PATNA(DISTRICT PLANNING OFFICER PATNA_IDA)","Dr. Dharmshila Gupta (2024-30) (2024-2030)","Elected MP","PCC ROAD- PATNA SADAR NAGAR NIGAM WARD NO 62 ME MUKYA SADAK SE BLUE DART KE BACK GATE KI TARAF- PCC ROAD","24-May-2026","27-Jun-2026","1300000","Sanction"
"1212","Normal/Others","WS/MP18332/2026-2027/283431-Construction of roads, link roads, pathways or any other road with or without drainage system","Bihar","DARBHANGA(DISTRICT PLANNING OFFICER DARBANGA_IDA)","Dr. Dharmshila Gupta (2024-30) (2024-2030)","Elected MP","PCC ROAD- DARBHANGA, BAHADURPUR, PANCHYAT MANIARI WARD NO 11 KE SAMUDAYIK BHAWAN SE RAM JATAN YADAV KE GHAR TAK- PCC ROAD","24-May-2026","28-Jul-2026","1491700","Sanction"
"1213","Normal/Others","WS/MP18332/2026-2027/283434-Construction of roads, link roads, pathways or any other road with or without drainage system","Bihar","PATNA(DISTRICT PLANNING OFFICER PATNA_IDA)","Dr. Dharmshila Gupta (2024-30) (2024-2030)","Elected MP","PCC ROAD- PATNA, PHULWARI PRAKHAND, KURTHAUR PANCHYAT  ,CHILBILI NATHPUR TOLA ME WARD NO 6 GAJENDRA JI KE GHAR SE  SAROJ JI KE GHAR HOTE HUA MUNNA KUMAR KE GHAR TAK- PCC ROAD","24-May-2026","13-Jun-2026","1498000","Vendor Identification"
"1214","Normal/Others","WS/MP18332/2026-2027/283435-Construction of roads, link roads, pathways or any other road with or without drainage system","Bihar","PATNA(DISTRICT PLANNING OFFICER PATNA_IDA)","Dr. Dharmshila Gupta (2024-30) (2024-2030)","Elected MP","PCC ROAD- PATNA, PHULWARI PRAKHAND, KURTHAUR PANCHYAT  ,WARD 11 RAMBABU SAO KE GHAR SE LAL BABU SAO KE GHAR TAK- PCC ROAD","24-May-2026","13-Jun-2026","1498000","Vendor Identification"
"1215","Normal/Others","WS/MP18332/2026-2027/283436-Construction of roads, link roads, pathways or any other road with or without drainage system","Bihar","PATNA(DISTRICT PLANNING OFFICER PATNA_IDA)","Dr. Dharmshila Gupta (2024-30) (2024-2030)","Elected MP","PCC ROAD- PATNA, PHULWARI PRAKHAND, KURTHAUR PANCHYAT  ,WARD 11 AADARSH COLONY ME UMESH SAO KE GHAR SE HOTE HUE BALESHWAR SINGH KE GHAR TAK- PCC ROAD","24-May-2026","13-Jun-2026","1498000","Vendor Identification"
"1216","Normal/Others","WS/MP18332/2026-2027/283437-Construction of roads, link roads, pathways or any other road with or without drainage system","Bihar","PATNA(DISTRICT PLANNING OFFICER PATNA_IDA)","Dr. Dharmshila Gupta (2024-30) (2024-2030)","Elected MP","PCC ROAD- PATNA, PRAKHAND BARH, PANCHYAT IBRAHIMPUR, VILL AKBARPUR ME SIKANDRA PATH SE BANTU SAO KE GHAR TAK- PCC ROAD","24-May-2026","12-Jun-2026","1000000","Work partially Completed"
"1217","Normal/Others","WS/MP18332/2026-2027/283438-Construction of roads, link roads, pathways or any other road with or without drainage system","Bihar","PATNA(DISTRICT PLANNING OFFICER PATNA_IDA)","Dr. Dharmshila Gupta (2024-30) (2024-2030)","Elected MP","PCC ROAD- PATNA, PRAKHAND BARH, PANCHYAT IBRAHIMPUR, VILL AKBARPUR ME KAMESHWAR SAO KE GHAR SE UTTAR KI TARAF- PCC ROAD","24-May-2026","12-Jun-2026","1000000","Work partially Completed"
"1218","Normal/Others","WS/MP042/2026-2027/283640-Construction of roads, link roads, pathways or any other road with or without drainage system","Bihar","SAHARSA(DISTRICT PLANNING OFFICER SAHARSA_IDA)","Prof. Manoj Kumar Jha (2024-30) (2024-2030)","Elected MP","Construction of a PCC road from the main road of Ward No. 04 toward the Vivah Bhawan under the Nagar Nigam, Saharsa","25-May-2026","23-Jul-2026","1496000","Sanction"
"1219","Normal/Others","WS/MP18300/2026-2027/283780-Construction of roads, link roads, pathways or any other road with or without drainage system","Bihar","PATNA(DISTRICT PLANNING OFFICER PATNA_IDA)","Dr. Bhim Singh (2024-30) (2024-2030)","Elected MP","Road construction","26-May-2026","13-Jun-2026","1499999","Vendor Identification"
"1220","Normal/Others","WS/MP18300/2026-2027/283781-Construction of roads, link roads, pathways or any other road with or without drainage system","Bihar","PATNA(DISTRICT PLANNING OFFICER PATNA_IDA)","Dr. Bhim Singh (2024-30) (2024-2030)","Elected MP","Road construction","26-May-2026","13-Jun-2026","1499999","Vendor Identification"
"1221","Normal/Others","WS/MP001/2026-2027/283842-Construction of roads, link roads, pathways or any other road with or without drainage system","Bihar","PURBI CHAMPARAN(DISTRICT PLANNING OFFICER MOTHIHARI EAST CHAMPARAN_IDA)","Shri Shambhu Sharan Patel (2022-28) (2022-2028)","Elected MP","1Main Road to Nandlal Kushvaha House. Block Adaapur, Panchyat Bhawanipur, Village Katgenvwa, Raksaul, District East Champaran","26-May-2026","02-Aug-2026","1500000","Sanction"
"1222","Normal/Others","WS/MP18300/2026-2027/284004-Construction of roads, link roads, pathways or any other road with or without drainage system","Bihar","PATNA(DISTRICT PLANNING OFFICER PATNA_IDA)","Dr. Bhim Singh (2024-30) (2024-2030)","Elected MP","Construction of PCC road","27-May-2026","07-Jul-2026","1499000","Sanction"
"1223","Normal/Others","WS/MP18300/2026-2027/284196-Construction of roads, link roads, pathways or any other road with or without drainage system","Bihar","PATNA(DISTRICT PLANNING OFFICER PATNA_IDA)","Dr. Bhim Singh (2024-30) (2024-2030)","Elected MP","Construction of road","28-May-2026","13-Jun-2026","1490000","Vendor Identification"
"1224","Normal/Others","WS/MP042/2026-2027/284801-Construction of roads, link roads, pathways or any other road with or without drainage system","Bihar","SAHARSA(DISTRICT PLANNING OFFICER SAHARSA_IDA)","Prof. Manoj Kumar Jha (2024-30) (2024-2030)","Elected MP","Construction of PCC Road Near Devhad Main Road to Binod Ram House Located in Ward No 02 under Sonbarsha Block","30-May-2026","09-Jul-2026","1499200","Sanction"
"1225","Normal/Others","WS/MP042/2026-2027/284802-Construction of roads, link roads, pathways or any other road with or without drainage system","Bihar","SAHARSA(DISTRICT PLANNING OFFICER SAHARSA_IDA)","Prof. Manoj Kumar Jha (2024-30) (2024-2030)","Elected MP","Construction of PCC Road Near Devhad Main Road to Dilip Thakur House Located in Ward No 12 under Sonbarsha Block","30-May-2026","09-Jul-2026","1498500","Sanction"
"1226","Normal/Others","WS/MP001/2026-2027/285780-Construction of roads, link roads, pathways or any other road with or without drainage system","Bihar","PATNA(DISTRICT PLANNING OFFICER PATNA_IDA)","Shri Shambhu Sharan Patel (2022-28) (2022-2028)","Elected MP","1janardan thakurs house from main road in Ward Number 09, Gram Panchayat Dariyapur under Mokama Block. District Patna","15-Jun-2026","19-Jun-2026","1500000","Physical Inspection"
"1227","Normal/Others","WS/MP001/2026-2027/285781-Construction of roads, link roads, pathways or any other road with or without drainage system","Bihar","PATNA(DISTRICT PLANNING OFFICER PATNA_IDA)","Shri Shambhu Sharan Patel (2022-28) (2022-2028)","Elected MP","2Ramchandra Paswans plot  from community hall in Ward Number 04, Gram Panchayat Dariyapur under Mokama. District Patna","15-Jun-2026","19-Jun-2026","1500000","Work partially Completed"
"1228","Normal/Others","WS/MP001/2026-2027/285782-Construction of roads, link roads, pathways or any other road with or without drainage system","Bihar","PATNA(DISTRICT PLANNING OFFICER PATNA_IDA)","Shri Shambhu Sharan Patel (2022-28) (2022-2028)","Elected MP","3Siyaram Paswans plot in Ward Number 04, Gram Panchayat Dariyapur under Mokama Block.District Patna","15-Jun-2026","19-Jun-2026","1000000","Work partially Completed"
"1229","Normal/Others","WS/MP001/2026-2027/285783-Construction of roads, link roads, pathways or any other road with or without drainage system","Bihar","PATNA(DISTRICT PLANNING OFFICER PATNA_IDA)","Shri Shambhu Sharan Patel (2022-28) (2022-2028)","Elected MP","4chandeshwar thakuts house from main road in Ward Number 03, Gram Panchayat Dariyapur under Mokama Block. District Patna","15-Jun-2026","19-Jun-2026","1500000","Sanction"
"1230","Normal/Others","WS/MP001/2026-2027/285784-Construction of roads, link roads, pathways or any other road with or without drainage system","Bihar","PATNA(DISTRICT PLANNING OFFICER PATNA_IDA)","Shri Shambhu Sharan Patel (2022-28) (2022-2028)","Elected MP","5road and drain towards Md Sarfarazs house from Md Qaishar alams house  in Ward Number 05, Gram Panchayat Dariyapur under Mokama Block.  District Patna","15-Jun-2026","19-Jun-2026","1500000","Sanction"
"1231","Normal/Others","WS/MP001/2026-2027/285785-Construction of roads, link roads, pathways or any other road with or without drainage system","Bihar","PATNA(DISTRICT PLANNING OFFICER PATNA_IDA)","Shri Shambhu Sharan Patel (2022-28) (2022-2028)","Elected MP","6 road and drain from Rinkus house to Muso Paswans house in Ward Number 05, Gram Panchayat Dariyapur under Mokama Block. District Patna","15-Jun-2026","19-Jun-2026","1500000","Sanction"
"1232","Normal/Others","WS/MP001/2026-2027/285786-Construction of roads, link roads, pathways or any other road with or without drainage system","Bihar","PATNA(DISTRICT PLANNING OFFICER PATNA_IDA)","Shri Shambhu Sharan Patel (2022-28) (2022-2028)","Elected MP","7road and drain towards Madhusudan Rais house from Surendra Yadav house, village-ram tola , Panchayat Aunta under Mokama Block. District Patna","15-Jun-2026","19-Jun-2026","1500000","Sanction"
"1233","Normal/Others","WS/MP001/2026-2027/285924-Construction of roads, link roads, pathways or any other road with or without drainage system","Bihar","PURBI CHAMPARAN(DISTRICT PLANNING OFFICER MOTHIHARI EAST CHAMPARAN_IDA)","Shri Shambhu Sharan Patel (2022-28) (2022-2028)","Elected MP","1Hira Lal House to Hanuman Temple, Block Keshariya, Panchyat South Husani Ward No-10, District East Champaran","15-Jun-2026","03-Jul-2026","500000","Physical Inspection"
"1234","Normal/Others","WS/MP001/2026-2027/285925-Construction of roads, link roads, pathways or any other road with or without drainage system","Bihar","PURBI CHAMPARAN(DISTRICT PLANNING OFFICER MOTHIHARI EAST CHAMPARAN_IDA)","Shri Shambhu Sharan Patel (2022-28) (2022-2028)","Elected MP","2Naresh Sharma House to Manoj PatelHouse,BlockKeshariya,Panchyat South  Husani Ward No7, District East Champaran","15-Jun-2026","03-Jul-2026","1500000","Sanction"
"1235","Normal/Others","WS/MP18332/2026-2027/286129-Construction of roads, link roads, pathways or any other road with or without drainage system","Bihar","PATNA(DISTRICT PLANNING OFFICER PATNA_IDA)","Dr. Dharmshila Gupta (2024-30) (2024-2030)","Elected MP","PCC ROAD- PATNA, PRAKHAND - PANDARAK, PANCHYAT- PARSAMAN, ME RAMPRAVESH SINGH KE GHAR SE SLOK KUMAR KE GHAR TAK PCC ROAD.","23-Jun-2026","07-Jul-2026","400000","Sanction"
"1236","Normal/Others","WS/MP18332/2026-2027/286131-Construction of roads, link roads, pathways or any other road with or without drainage system","Bihar","DARBHANGA(DISTRICT PLANNING OFFICER DARBANGA_IDA)","Dr. Dharmshila Gupta (2024-30) (2024-2030)","Elected MP","PCC ROAD- DARBHANGA, SINGHWARA, PANCHYAT BHARATHI, VILL GAURA, WARD NO-1 ME RAJ DAYAL SHAHNI KE GHAR SE SAMBHU SAHNI KE GHAR TAK. PCC ROAD","23-Jun-2026","03-Aug-2026","1498000","Sanction"
"1237","Normal/Others","WS/MP18332/2026-2027/286132-Construction of roads, link roads, pathways or any other road with or without drainage system","Bihar","BUXAR(DISTRICT PLANNING OFFICER BUXAR_IDA)","Dr. Dharmshila Gupta (2024-30) (2024-2030)","Elected MP","PCC ROAD- BUXSAR PRAKHAND SIMIR PANCHYAT RAJAPUR, WARD NO 13 VILL ARJUNPUR ME HANUMAN MANDIR SE BAIDYANATH GUPTA KE GHAR TAK. PCC ROAD","23-Jun-2026","24-Jul-2026","1449700","Physical Inspection"
"1238","Normal/Others","WS/MP18332/2026-2027/286135-Construction of roads, link roads, pathways or any other road with or without drainage system","Bihar","PATNA(DISTRICT PLANNING OFFICER PATNA_IDA)","Dr. Dharmshila Gupta (2024-30) (2024-2030)","Elected MP","PATNA- PATNA M CORPORATION WARD NO 62 ME MANJUNA DEVI KE GHAR SE RAMESH JI KE GHAR KI ORE. PCC ROAD","23-Jun-2026","18-Aug-2026","1000000","Sanction"
"1239","Normal/Others","WS/MP18332/2026-2027/286136-Construction of roads, link roads, pathways or any other road with or without drainage system","Bihar","PATNA(DISTRICT PLANNING OFFICER PATNA_IDA)","Dr. Dharmshila Gupta (2024-30) (2024-2030)","Elected MP","PATNA- PATNA M CORPORATION WARD NO 62 ME MONA DEVI KE GHAR SE VRINDA BHAWAN KI TARAF. PCC ROAD","23-Jun-2026","18-Aug-2026","1000000","Sanction"
"1240","Normal/Others","WS/MP18332/2026-2027/286137-Construction of roads, link roads, pathways or any other road with or without drainage system","Bihar","PATNA(DISTRICT PLANNING OFFICER PATNA_IDA)","Dr. Dharmshila Gupta (2024-30) (2024-2030)","Elected MP","PATNA- PATNA M CORPORATION WARD NO 62 ME MUKHYA SADAK SE SIDDHARTH GOSWAMI KE GHAR TAK. PCC ROAD","23-Jun-2026","18-Aug-2026","1000000","Sanction"
"1241","Normal/Others","WS/MP18300/2026-2027/288703-Construction of roads, link roads, pathways or any other road with or without drainage system","Bihar","PATNA(DISTRICT PLANNING OFFICER PATNA_IDA)","Dr. Bhim Singh (2024-30) (2024-2030)","Elected MP","Construction of a PCC road","24-Jun-2026","18-Jul-2026","1490000","Vendor Identification"
"1242","Normal/Others","WS/MP18300/2026-2027/288819-Construction of roads, link roads, pathways or any other road with or without drainage system","Bihar","PATNA(DISTRICT PLANNING OFFICER PATNA_IDA)","Dr. Bhim Singh (2024-30) (2024-2030)","Elected MP","Construction of PCC road and covered drain","24-Jun-2026","10-Aug-2026","1490000","Sanction"
"1243","Normal/Others","WS/MP18300/2026-2027/294043-Construction of roads, link roads, pathways or any other road with or without drainage system","Bihar","PATNA(DISTRICT PLANNING OFFICER PATNA_IDA)","Dr. Bhim Singh (2024-30) (2024-2030)","Elected MP","Road construction work","10-Jul-2026","27-Aug-2026","1490000","Sanction"
"1244","Normal/Others","WS/MP18300/2026-2027/294044-Construction of roads, link roads, pathways or any other road with or without drainage system","Bihar","PATNA(DISTRICT PLANNING OFFICER PATNA_IDA)","Dr. Bhim Singh (2024-30) (2024-2030)","Elected MP","Road construction work","10-Jul-2026","27-Aug-2026","1491000","Sanction"
"1245","Normal/Others","WS/MP18300/2026-2027/294045-Construction of roads, link roads, pathways or any other road with or without drainage system","Bihar","PATNA(DISTRICT PLANNING OFFICER PATNA_IDA)","Dr. Bhim Singh (2024-30) (2024-2030)","Elected MP","Road construction work","10-Jul-2026","27-Aug-2026","1491000","Sanction"
"1246","Normal/Others","WS/MP18300/2026-2027/294046-Construction of roads, link roads, pathways or any other road with or without drainage system","Bihar","PATNA(DISTRICT PLANNING OFFICER PATNA_IDA)","Dr. Bhim Singh (2024-30) (2024-2030)","Elected MP","Road construction work","10-Jul-2026","31-Aug-2026","1490000","Sanction"
"1247","Normal/Others","WS/MP18407/2026-2027/294327-Construction of roads, link roads, pathways or any other road with or without drainage system","Bihar","GOPALGANJ(DISTRICT PLANNING OFFICER GOPALGANJ_IDA)","Shri Manan Kumar Mishra (2024-28) (2024-2028)","Elected MP","Construction of PCC road from Mahuva Canal Bridge to Ojhavaliya Dalit Basti under Uchkagaon Block.","11-Jul-2026","18-Aug-2026","1000000","Sanction"
"1248","Normal/Others","WS/MP18407/2026-2027/294360-Construction of roads, link roads, pathways or any other road with or without drainage system","Bihar","GOPALGANJ(DISTRICT PLANNING OFFICER GOPALGANJ_IDA)","Shri Manan Kumar Mishra (2024-28) (2024-2028)","Elected MP","Construction of PCC road and RCC drain from Daily Medico and Akash Marble to M/s Kirana Store via the houses of Shri Mukesh Pandey (Advocate) and Shri Harendra Mishra (Senior Advocate).","11-Jul-2026","18-Aug-2026","900000","Sanction"
"1249","Normal/Others","WS/MP18407/2026-2027/294369-Construction of roads, link roads, pathways or any other road with or without drainage system","Bihar","GOPALGANJ(DISTRICT PLANNING OFFICER GOPALGANJ_IDA)","Shri Manan Kumar Mishra (2024-28) (2024-2028)","Elected MP","Soiling, bricking and PCC construction work of the path from village Mathauli of Block Bhore to the house of Janardan Bhagat.","11-Jul-2026","13-Aug-2026","1100000","Sanction"
"1250","Normal/Others","WS/MP18407/2026-2027/294374-Construction of roads, link roads, pathways or any other road with or without drainage system","Bihar","GOPALGANJ(DISTRICT PLANNING OFFICER GOPALGANJ_IDA)","Shri Manan Kumar Mishra (2024-28) (2024-2028)","Elected MP","Soiling, bricking and PCC construction work of the road (up to Ranjan Prajapati's house) from Bhore Bhigari Main Road to Pakhopali village in Ward 11 of Gram Panchayat Raj Sisai.","11-Jul-2026","13-Aug-2026","899204","Sanction"
"1251","Normal/Others","WS/MP18407/2026-2027/294375-Construction of roads, link roads, pathways or any other road with or without drainage system","Bihar","GOPALGANJ(DISTRICT PLANNING OFFICER GOPALGANJ_IDA)","Shri Manan Kumar Mishra (2024-28) (2024-2028)","Elected MP","Soiling, bricking and PCC construction work of the path from near Hanuman Temple to Lalan Mishra's house via canal in Ward 5 of Gram Panchayat Raj Sisai.","11-Jul-2026","13-Aug-2026","899937","Sanction"
"1252","Normal/Others","WS/MP18407/2026-2027/294376-Construction of roads, link roads, pathways or any other road with or without drainage system","Bihar","GOPALGANJ(DISTRICT PLANNING OFFICER GOPALGANJ_IDA)","Shri Manan Kumar Mishra (2024-28) (2024-2028)","Elected MP","Soiling, bricking and PCC construction work of the path from Jagdish Bhagat's house to Kali Sthan in Ward 13 of Gram Panchayat Raj Sisai.","11-Jul-2026","13-Aug-2026","899753","Sanction"
"1253","Normal/Others","WS/MP18407/2026-2027/294385-Construction of roads, link roads, pathways or any other road with or without drainage system","Bihar","GOPALGANJ(DISTRICT PLANNING OFFICER GOPALGANJ_IDA)","Shri Manan Kumar Mishra (2024-28) (2024-2028)","Elected MP","Construction of PCC road from the Panchayat Government Building of village Kamalkant Kararia of Panchayat Kararia alias Bahri of Block Fulwaria towards Harihara via Sona River.","11-Jul-2026","06-Aug-2026","900000","Sanction"
"1254","Normal/Others","WS/MP18407/2026-2027/294386-Construction of roads, link roads, pathways or any other road with or without drainage system","Bihar","GOPALGANJ(DISTRICT PLANNING OFFICER GOPALGANJ_IDA)","Shri Manan Kumar Mishra (2024-28) (2024-2028)","Elected MP","Construction of PCC road from village Chaparia to Tarihara of Block Fulwaria Panchayat Kamalkant Kararia alias Bahri.","11-Jul-2026","06-Aug-2026","900000","Sanction"
"1255","Normal/Others","WS/MP18407/2026-2027/294389-Construction of roads, link roads, pathways or any other road with or without drainage system","Bihar","GOPALGANJ(DISTRICT PLANNING OFFICER GOPALGANJ_IDA)","Shri Manan Kumar Mishra (2024-28) (2024-2028)","Elected MP","Construction of PCC road from Ramsevak Kushwaha's shop to Baliram Thakur's house in Saropai village panchayat of Vijayipur block.","11-Jul-2026","31-Jul-2026","900000","Sanction"
"1256","Normal/Others","WS/MP18407/2026-2027/294390-Construction of roads, link roads, pathways or any other road with or without drainage system","Bihar","GOPALGANJ(DISTRICT PLANNING OFFICER GOPALGANJ_IDA)","Shri Manan Kumar Mishra (2024-28) (2024-2028)","Elected MP","Soiling, bricking, construction of PCC road and concrete drain on the footpath running from Manikant Singh's farm in ward number 14 of village Chainpatti under Panchayat Raj Konhwa, passing in front of Manoj Kumar Dubey's house to the road going to Basdila from NH 27.","11-Jul-2026","13-Aug-2026","890000","Sanction"
"1257","Normal/Others","WS/MP18407/2026-2027/294392-Construction of roads, link roads, pathways or any other road with or without drainage system","Bihar","GOPALGANJ(DISTRICT PLANNING OFFICER GOPALGANJ_IDA)","Shri Manan Kumar Mishra (2024-28) (2024-2028)","Elected MP","Soiling, bricking and PCC construction work of the road going towards Govinda Tinmuhani under Panchayat Raj Chhotka Sankhe.","11-Jul-2026","07-Aug-2026","900000","Sanction"
"1258","Normal/Others","WS/MP18407/2026-2027/294393-Construction of roads, link roads, pathways or any other road with or without drainage system","Bihar","GOPALGANJ(DISTRICT PLANNING OFFICER GOPALGANJ_IDA)","Shri Manan Kumar Mishra (2024-28) (2024-2028)","Elected MP","Construction of PCC road from Adalat Miyan's house to Suresh Ram's house in village Shampur of Panchayat Raj Chhotka Sankhe.","11-Jul-2026","07-Aug-2026","900000","Sanction"
"1259","Normal/Others","WS/MP18407/2026-2027/294394-Construction of roads, link roads, pathways or any other road with or without drainage system","Bihar","GOPALGANJ(DISTRICT PLANNING OFFICER GOPALGANJ_IDA)","Shri Manan Kumar Mishra (2024-28) (2024-2028)","Elected MP","Soiling, brick laying and PCC construction work from Hareram Mishra's farm in village Diwan Parsa of Gram Panchayat Raj Ganesh Dumar to Diwan Parsa pitch via Toofani Baitha's Bathan.","11-Jul-2026","05-Aug-2026","900000","Sanction"
"1260","Normal/Others","WS/MP18407/2026-2027/294395-Construction of roads, link roads, pathways or any other road with or without drainage system","Bihar","GOPALGANJ(DISTRICT PLANNING OFFICER GOPALGANJ_IDA)","Shri Manan Kumar Mishra (2024-28) (2024-2028)","Elected MP","PCC construction work from Lalan Pandey's farm to Vindeshwari Bhagat's farm in village Diwan Parsa of Gram Panchayat Raj Ganesh Dumar.","11-Jul-2026","05-Aug-2026","900000","Sanction"
"1261","Normal/Others","WS/MP18407/2026-2027/294396-Construction of roads, link roads, pathways or any other road with or without drainage system","Bihar","GOPALGANJ(DISTRICT PLANNING OFFICER GOPALGANJ_IDA)","Shri Manan Kumar Mishra (2024-28) (2024-2028)","Elected MP","PCC construction work on the road next to the drain going from village Tiwari Khareya Siwan towards Bali Khareya of Block Kuchaykote Panchayat Rampur Khareya.","11-Jul-2026","03-Aug-2026","600000","Sanction"
"1262","Normal/Others","WS/MP18407/2026-2027/294397-Construction of roads, link roads, pathways or any other road with or without drainage system","Bihar","GOPALGANJ(DISTRICT PLANNING OFFICER GOPALGANJ_IDA)","Shri Manan Kumar Mishra (2024-28) (2024-2028)","Elected MP","PCC construction work of the path from Rajnikant Chauhan's house to Nityanand Tiwari's house in village Tiwari Khareya of Block Kuchaykote Panchayat Rampur Khareya.","11-Jul-2026","03-Aug-2026","1400000","Sanction"
"1263","Normal/Others","WS/MP18459/2026-2027/298932-Construction of roads, link roads, pathways or any other road with or without drainage system","Bihar","NALANDA(DISTRICT PLANNING OFFICER NALANDA_IDA)","Shri Ram Nath Thakur (2026-32) (2026-2032)","Elected MP","Construction of a PCC road in Mustipur village (under Utarthu Panchayat), running south from Manoj Kumar's house, passing by the houses of Ashok Prasad and Devendra Prasad, and leading towards the houses of Kailash Prasad and Ramvriksh Prasad.","26-Jul-2026","27-Aug-2026","1500000","Sanction"
"1264","Normal/Others","WS/MP18459/2026-2027/298935-Construction of roads, link roads, pathways or any other road with or without drainage system","Bihar","SAMASTIPUR(DISTRICT PLANNING OFFICER SAMASTIPUR_IDA)","Shri Ram Nath Thakur (2026-32) (2026-2032)","Elected MP","Construction of a retaining wall and PCC road on the stretch leading from the main road to Prabhu Paswan's house in Ward No. 14 of Satmalpur Panchayat","26-Jul-2026","19-Aug-2026","1499400","Sanction"
"1265","Normal/Others","WS/MP052/2026-2027/300021-Construction of roads, link roads, pathways or any other road with or without drainage system","Bihar","PASHCHIM CHAMPARAN(DISTRICT PLANNING OFFICER WEST CHAMPARANBETTIAH_IDA)","Shri Satish Chandra Dubey (2022-28) (2022-2028)","Elected MP","Construction of PCC Road Work in gram panchya purvi turahapatti, gram yogiyatola, ward no- 06","30-Jul-2026","20-Aug-2026","1000000","Sanction"
"1266","Normal/Others","WS/MP052/2026-2027/302302-Construction of roads, link roads, pathways or any other road with or without drainage system","Bihar","PASHCHIM CHAMPARAN(DISTRICT PLANNING OFFICER WEST CHAMPARANBETTIAH_IDA)","Shri Satish Chandra Dubey (2022-28) (2022-2028)","Elected MP","Construction of PCC Road Work","09-Aug-2026","29-Aug-2026","700000","Sanction"
"1267","Normal/Others","WS/MP18332/2026-2027/305074-Construction of roads, link roads, pathways or any other road with or without drainage system","Bihar","DARBHANGA(DISTRICT PLANNING OFFICER DARBANGA_IDA)","Dr. Dharmshila Gupta (2024-30) (2024-2030)","Elected MP","DARBHANGA- PRAKHAND BIRAUL, ITWA SHIUNAGAR PANCHYAT, VILL KUMARGANJ ME MAHESHWAR PASWAN KE GHAR SE PRATHMIK VIDYALAY TAK PCC ROAD- PCC ROAD","18-Aug-2026","20-Aug-2026","1050000","Sanction"
"1268","Normal/Others","WS/MP18332/2026-2027/305077-Construction of roads, link roads, pathways or any other road with or without drainage system","Bihar","DARBHANGA(DISTRICT PLANNING OFFICER DARBANGA_IDA)","Dr. Dharmshila Gupta (2024-30) (2024-2030)","Elected MP","DARBHANGA- PRAKHAND BIRAUL, ITWA SHIUNAGAR PANCHYAT, SANJIV KIRANA STORE SE BHAGWAN MISHRA KE GHAR TAK PCC ROAD- PCC ROAD","18-Aug-2026","20-Aug-2026","1049800","Sanction"
"1269","Normal/Others","WS/MP18300/2026-2027/305130-Construction of roads, link roads, pathways or any other road with or without drainage system","Bihar","PATNA(DISTRICT PLANNING OFFICER PATNA_IDA)","Dr. Bhim Singh (2024-30) (2024-2030)","Elected MP","Construction of a PCC road","18-Aug-2026","27-Aug-2026","1490000","Sanction"
"1270","Normal/Others","WS/MP052/2023-2024/16002-Construction of culverts and bridges","Bihar","PURBI CHAMPARAN(DISTRICT PLANNING OFFICER MOTHIHARI EAST CHAMPARAN_IDA)","Shri Satish Chandra Dubey (2022-28) (2022-2028)","Elected MP","Construction work of check dam on Aruna river near the dairy of Santosh Kumar Singh in village Baghi Bhelwa of Panchayat Baghi Bhelwa of block Ghorasahan. Estimated amount Rs. 1499900/-","04-Sep-2023","25-Oct-2023","1491361","Physical Inspection"
"1271","Normal/Others","WS/MP052/2026-2027/274785-Construction of culverts and bridges","Bihar","PASHCHIM CHAMPARAN(DISTRICT PLANNING OFFICER WEST CHAMPARANBETTIAH_IDA)","Shri Satish Chandra Dubey (2022-28) (2022-2028)","Elected MP","Construction of Culvert (pul) in koirganwa, purainiya harsari panchyat","17-Mar-2026","01-Jul-2026","1499000","Sanction"
"1272","Normal/Others","WS/MP052/2026-2027/286038-Construction of culverts and bridges","Bihar","PASHCHIM CHAMPARAN(DISTRICT PLANNING OFFICER WEST CHAMPARANBETTIAH_IDA)","Shri Satish Chandra Dubey (2022-28) (2022-2028)","Elected MP","Construction of Culvert (puliya) Vill- Belwa Dumariya, ward no.-14, Bagha-1 block","15-Jun-2026","18-Aug-2026","1499900","Sanction"
"1273","Normal/Others","WS/MP041/2025-2026/205765-Construction of road under bridge","Bihar","MADHUBANI(DISTRICT PLANNING OFFICER MADHUBANI_IDA)","Dr. Faiyaz Ahmad (2022-28) (2022-2028)","Elected MP","Bisfi Prakhand ke Simri panchayat antargat simri ka teghra jane wali sadak me puliya ka nirman","02-Jun-2025","07-Aug-2025","1176555","Physical Inspection"
"1274","Normal/Others","WS/MP052/2023-2024/16022-Construction of public staircase/ stair ghat for public convenience","Bihar","PURBI CHAMPARAN(DISTRICT PLANNING OFFICER MOTHIHARI EAST CHAMPARAN_IDA)","Shri Satish Chandra Dubey (2022-28) (2022-2028)","Elected MP","Construction work of ladder ghat next to scheduled caste school of Panchayat Dakshini Sugaon of block Sugauli.estimated amount 10 lacs.","04-Sep-2023","29-Sep-2023","989589","Physical Inspection"
"1275","Normal/Others","WS/MP052/2024-2025/18580-Construction of public staircase/ stair ghat for public convenience","Bihar","PASHCHIM CHAMPARAN(DISTRICT PLANNING OFFICER WEST CHAMPARANBETTIAH_IDA)","Shri Satish Chandra Dubey (2022-28) (2022-2028)","Elected MP","Construction work of Stair Ghat near Dharamkanta of Shri Lal Bahadur Sah in Narkatiaganj Bhikhana Thodi Road in ward number 10 of village Satwaria of village Panchayat Raj Kundilpur of block Narkatiaganj. Estimated Amount Rs. 700000/-","11-Sep-2023","05-Oct-2024","696910","Physical Inspection"
"1276","Normal/Others","WS/MP052/2023-2024/18581-Construction of public staircase/ stair ghat for public convenience","Bihar","PASHCHIM CHAMPARAN(DISTRICT PLANNING OFFICER WEST CHAMPARANBETTIAH_IDA)","Shri Satish Chandra Dubey (2022-28) (2022-2028)","Elected MP","Construction work of ladder ghat in Bade Pokhara of village Pokhariya of village Panchayat Raj Maldahiya of block Narkatiaganj. Estimated Amount 7 lacs.","11-Sep-2023","23-Nov-2023","687229","Physical Inspection"
"1277","Normal/Others","WS/MP052/2023-2024/19530-Construction of public staircase/ stair ghat for public convenience","Bihar","PASHCHIM CHAMPARAN(DISTRICT PLANNING OFFICER WEST CHAMPARANBETTIAH_IDA)","Shri Satish Chandra Dubey (2022-28) (2022-2028)","Elected MP","Construction work of ladder ghat near Singhashni place in ward number 02 of Gram Panchayat Raj Lala Saraiya of block Majhauliya of district West Champaran. Estimated Amount Rs. 9 lacs","13-Sep-2023","05-Oct-2023","896141","Physical Inspection"
"1278","Normal/Others","WS/MP052/2023-2024/35811-Construction of public staircase/ stair ghat for public convenience","Bihar","PASHCHIM CHAMPARAN(DISTRICT PLANNING OFFICER WEST CHAMPARANBETTIAH_IDA)","Shri Satish Chandra Dubey (2022-28) (2022-2028)","Elected MP","Construction work of Stair Ghat in Public Pokhara in Village Yogiya Tourism of East Turhapatti, Gram Panchayat Raj of Chanpatia. Estimated Amount Rs. 9 lakh.","11-Oct-2023","20-Dec-2023","895799","Physical Inspection"
"1279","Normal/Others","WS/MP052/2023-2024/60541-Construction of public staircase/ stair ghat for public convenience","Bihar","PASHCHIM CHAMPARAN(DISTRICT PLANNING OFFICER WEST CHAMPARANBETTIAH_IDA)","Shri Satish Chandra Dubey (2022-28) (2022-2028)","Elected MP","Construction work of connection road and drain from Mr. Sunil Mishra's house to the further road from Mr. Santosh Pandey's house in Ward No. 28 Sant Kabir Road of Municipal Corporation Bettiah. Estimated Amount 900000/-","12-Dec-2023","15-Mar-2024","892719","Physical Inspection"
"1280","Normal/Others","WS/MP052/2024-2025/148549-Construction of public staircase/ stair ghat for public convenience","Bihar","PASHCHIM CHAMPARAN(DISTRICT PLANNING OFFICER WEST CHAMPARANBETTIAH_IDA)","Shri Satish Chandra Dubey (2022-28) (2022-2028)","Elected MP","Staircase construction work of public pond in the courtyard of Shiv temple in village Musaharwa ward number 3 of Gram Panchayat Raj Paroraha of block Narkatiaganj. Estimated Amount Rs. 600000","19-Oct-2024","09-Dec-2024","596594","Physical Inspection"
"1281","Normal/Others","WS/MP053/2025-2026/179154-Construction of public staircase/ stair ghat for public convenience","Bihar","PURBI CHAMPARAN(DISTRICT PLANNING OFFICER MOTHIHARI EAST CHAMPARAN_IDA)","Shri Khiru Mahto (2022-28) (2022-2028)","Elected MP","construction of Bathing Ghat in Godai pokhra in Bediban madhuban","05-Mar-2025","03-Apr-2025","1481666","Physical Inspection"
"1282","Normal/Others","WS/MP053/2025-2026/179156-Construction of public staircase/ stair ghat for public convenience","Bihar","PURBI CHAMPARAN(DISTRICT PLANNING OFFICER MOTHIHARI EAST CHAMPARAN_IDA)","Shri Khiru Mahto (2022-28) (2022-2028)","Elected MP","Construction of Snan ghat in Nijamat Pokhra in ward no.13","05-Mar-2025","03-Apr-2025","988810","Physical Inspection"
"1283","Normal/Others","WS/MP052/2025-2026/221657-Construction of public staircase/ stair ghat for public convenience","Bihar","PASHCHIM CHAMPARAN(DISTRICT PLANNING OFFICER WEST CHAMPARANBETTIAH_IDA)","Shri Satish Chandra Dubey (2022-28) (2022-2028)","Elected MP","Construction of Stair Ghat","24-Jul-2025","08-Sep-2025","500000","Vendor Identification"
"1284","Normal/Others","WS/MP052/2025-2026/221658-Construction of public staircase/ stair ghat for public convenience","Bihar","PASHCHIM CHAMPARAN(DISTRICT PLANNING OFFICER WEST CHAMPARANBETTIAH_IDA)","Shri Satish Chandra Dubey (2022-28) (2022-2028)","Elected MP","Construction of Stair Ghat","24-Jul-2025","26-Sep-2025","497627","Physical Inspection"
"1285","Normal/Others","WS/MP052/2025-2026/229918-Construction of public staircase/ stair ghat for public convenience","Bihar","PASHCHIM CHAMPARAN(DISTRICT PLANNING OFFICER WEST CHAMPARANBETTIAH_IDA)","Shri Satish Chandra Dubey (2022-28) (2022-2028)","Elected MP","Construction of Stair Ghat around Khuti River","28-Aug-2025","19-Nov-2025","498343","Physical Inspection"
"1286","Normal/Others","WS/MP044/2025-2026/232457-Construction of public staircase/ stair ghat for public convenience","Bihar","ARWAL(District Planning Officer Arwal_IDA)","Shri Akhilesh Prasad Singh (2024-30) (2024-2030)","Elected MP","construction of Stairs in Kushare river in naraga Panchayat of Karpi Block of Arwal District","09-Sep-2025","25-Feb-2026","988599","Physical Inspection"
"1287","Normal/Others","WS/MP052/2025-2026/234339-Construction of public staircase/ stair ghat for public convenience","Bihar","PASHCHIM CHAMPARAN(DISTRICT PLANNING OFFICER WEST CHAMPARANBETTIAH_IDA)","Shri Satish Chandra Dubey (2022-28) (2022-2028)","Elected MP","Construction of Sidhi Ghat on Lalji Baba Pokhra in vill chamwaliya","15-Sep-2025","08-Jan-2026","494015","Physical Inspection"
"1288","Normal/Others","WS/MP052/2025-2026/235155-Construction of public staircase/ stair ghat for public convenience","Bihar","PURBI CHAMPARAN(DISTRICT PLANNING OFFICER MOTHIHARI EAST CHAMPARAN_IDA)","Shri Satish Chandra Dubey (2022-28) (2022-2028)","Elected MP","Construction of Sidhi Ghat","18-Sep-2025","27-Sep-2025","595133","Physical Inspection"
"1289","Normal/Others","WS/MP18407/2025-2026/236744-Construction of public staircase/ stair ghat for public convenience","Bihar","GOPALGANJ(DISTRICT PLANNING OFFICER GOPALGANJ_IDA)","Shri Manan Kumar Mishra (2024-28) (2024-2028)","Elected MP","Construction work of Chhath Ghat on the western side of Naya Gaon Pokhara village of Bhore block.","23-Sep-2025","23-Dec-2025","1000000","Physical Inspection"
"1290","Normal/Others","WS/MP052/2026-2027/237498-Construction of public staircase/ stair ghat for public convenience","Bihar","PASHCHIM CHAMPARAN(DISTRICT PLANNING OFFICER WEST CHAMPARANBETTIAH_IDA)","Shri Satish Chandra Dubey (2022-28) (2022-2028)","Elected MP","Construction of Chhat Ghat","24-Sep-2025","16-May-2026","500000","Sanction"
"1291","Normal/Others","WS/MP052/2025-2026/240301-Construction of public staircase/ stair ghat for public convenience","Bihar","PASHCHIM CHAMPARAN(DISTRICT PLANNING OFFICER WEST CHAMPARANBETTIAH_IDA)","Shri Satish Chandra Dubey (2022-28) (2022-2028)","Elected MP","Construction of Chhath Ghat","06-Oct-2025","06-Jan-2026","599800","Sanction"
"1292","Repair and Renovation","WS/MP18332/2026-2027/277980-Construction of public staircase/ stair ghat for public convenience","Bihar","DARBHANGA(DISTRICT PLANNING OFFICER DARBANGA_IDA)","Dr. Dharmshila Gupta (2024-30) (2024-2030)","Elected MP","DARBHANGA KUSHWAR ASTHAN PUURBI, MAHISAU VILL NARKATIA WARD NO 7 ME RINKU DEVI KE GHAR KE SAMNE KAMLA NADI ME GHAT KA NIRMAN.","11-Apr-2026","10-Jul-2026","1400000","Physical Inspection"
"1293","Normal/Others","WS/MP18332/2026-2027/288068-Construction of public staircase/ stair ghat for public convenience","Bihar","DARBHANGA(DISTRICT PLANNING OFFICER DARBANGA_IDA)","Dr. Dharmshila Gupta (2024-30) (2024-2030)","Elected MP","DARBHANGA, PRAKHAND- BIRAUL, PANCHYAT ETWA SHIVNAGAR, WARD NO 3 MAHADEV POKHAR ME GHAT KA NIRMAN.","23-Jun-2026","20-Aug-2026","999800","Sanction"
"1294","Normal/Others","WS/MP18332/2026-2027/288070-Construction of public staircase/ stair ghat for public convenience","Bihar","DARBHANGA(DISTRICT PLANNING OFFICER DARBANGA_IDA)","Dr. Dharmshila Gupta (2024-30) (2024-2030)","Elected MP","DARBHANGA, PRAKHAND- BIRAUL, PANCHYAT ETWA SHIVNAGAR, WARD NO 5 ME ISHRI MISHRI POKHAR ME CHHATH GHAT KA NIRMAN.","23-Jun-2026","20-Aug-2026","999900","Sanction"
"1295","Normal/Others","WS/MP18332/2026-2027/288265-Construction of public staircase/ stair ghat for public convenience","Bihar","SAMASTIPUR(DISTRICT PLANNING OFFICER SAMASTIPUR_IDA)","Dr. Dharmshila Gupta (2024-30) (2024-2030)","Elected MP","SAMASTIPUR- , SAMASTIPUR, PRAKHAND- TAJPUR, VILL- GOUSPUR SARSAUNA, WARD NO-4 ME SARKARI POKHAR ME PACHIM KE TARAF SE SIDHI GHAT.","23-Jun-2026","25-Aug-2026","1199582","Sanction"
"1296","Normal/Others","WS/MP001/2023-2024/15564-Renovation of ponds and lakes","Bihar","NALANDA(DISTRICT PLANNING OFFICER NALANDA_IDA)","Shri Shambhu Sharan Patel (2022-28) (2022-2028)","Elected MP","Construction Work of Chhat Ghat From Sanokhara Puliya to Near Baba Chauharmal Temple(Chhota Ahara)  in Village Barandi, Panchayat – Barandi, of Rahui Block, Bihar Sharif Assembly of Nalanda District(Estimated Amount 15 Lakhs)","02-Sep-2023","07-Dec-2023","1494114","Physical Inspection"
"1297","Normal/Others","WS/MP001/2023-2024/33229-Renovation of ponds and lakes","Bihar","PURBI CHAMPARAN(DISTRICT PLANNING OFFICER MOTHIHARI EAST CHAMPARAN_IDA)","Shri Shambhu Sharan Patel (2022-28) (2022-2028)","Elected MP","Construction Work of Ladder Ghat on the pond in Kukurjari Village of Rohania Panchyat under Banjaria Block of East Champaran (Estimated Amount up to Ten Lakh)","06-Oct-2023","08-Dec-2023","996012","Physical Inspection"
"1298","Normal/Others","WS/MP053/2023-2024/43895-Renovation of ponds and lakes","Bihar","MUNGER(DISTRICT PLANNING OFFICER MUNGER_IDA)","Shri Khiru Mahto (2022-28) (2022-2028)","Elected MP","BEAUTIFICATION OF KARGIL CHOK NEAR NEELAM CINEMA IN WARD 10","02-Nov-2023","07-Mar-2024","400000","Sanction"
"1299","Normal/Others","WS/MP052/2024-2025/148487-Renovation of ponds and lakes","Bihar","PASHCHIM CHAMPARAN(DISTRICT PLANNING OFFICER WEST CHAMPARANBETTIAH_IDA)","Shri Satish Chandra Dubey (2022-28) (2022-2028)","Elected MP","Beautification work of public pond in village Yogiyatola of village Panchayat Raj East Turhapatti of block Champatia of district West Champaran. Estimated Amount Rs.750000","19-Oct-2024","30-Oct-2024","746518","Physical Inspection"
"1300","Normal/Others","WS/MP18341/2025-2026/217198-Renovation of ponds and lakes","Bihar","MADHUBANI(DISTRICT PLANNING OFFICER MADHUBANI_IDA)","Shri Sanjay Kumar Jha (2024-30) (2024-2030)","Elected MP","Construction of ghat in the Agrawal Pokhar of east tola Khojpur block-Babubarhi under Madhubani District.","11-Jul-2025","28-Jul-2025","1469578","Physical Inspection"
"1301","Normal/Others","WS/MP18341/2025-2026/217399-Renovation of ponds and lakes","Bihar","MADHUBANI(DISTRICT PLANNING OFFICER MADHUBANI_IDA)","Shri Sanjay Kumar Jha (2024-30) (2024-2030)","Elected MP","Construction of ghat in Vishhari pond of Vill-Ratauli, Panchayat- Sudai Ratauli, ward no-01, block-Ghoghardiha, under Madhubani District.","12-Jul-2025","17-Sep-2025","895917","Physical Inspection"
"1302","Normal/Others","WS/MP001/2024-2025/33366-Installation of multi-gym equipment","Bihar","SITAMARHI(DISTRICT PLANNING OFFICER SITAMARHI_IDA)","Shri Shambhu Sharan Patel (2022-28) (2022-2028)","Elected MP","2	Installation work of gymnasium in Chupal Bhawan, Village Kamaldah (ward no-10), Block Bathnaha  of Sitamarhi district. .  (Estimated Amount 15,00,000/-(Fifteen Lakhs Only) List of GYM Equipment 1.Air Walker 2.Chest Press Double 3.Cross Walker 4.Triple Twister 5.Body Shaper 6.AB Board 7.Leg Press 8.Arm Wheel 9.Cycle 10.Pul Up and Dips 11.Knew Chair 12.Back & waist Relaxer","06-Oct-2023","24-Mar-2025","1470000","Physical Inspection"
"1303","Normal/Others","WS/MP001/2023-2024/103702-Installation of multi-gym equipment","Bihar","SAMASTIPUR(DISTRICT PLANNING OFFICER SAMASTIPUR_IDA)","Shri Shambhu Sharan Patel (2022-28) (2022-2028)","Elected MP","Installation Work of  Gym Equipment In Government Basic School Dhobgawan of Dhobgawan Panchayat of Pusa Block of Samastipur District.(Estimated  Amount  Rs:-15,00,000/-  Fifteen Lakh Only)","12-Feb-2024","16-Mar-2024","1499281","Physical Inspection"
"1304","Normal/Others","WS/MP001/2024-2025/136962-Installation of multi-gym equipment","Bihar","DARBHANGA(DISTRICT PLANNING OFFICER DARBANGA_IDA)","Shri Shambhu Sharan Patel (2022-28) (2022-2028)","Elected MP","1.Utkramit  Secondary High School. Thalbara, Blcok Hanumanngar ,Darbhanga. 1 Set, Estimated Amount 10,00,000/- (Ten Lakh Only) S.NO	NAME	QTY	                            DISCRIPTIONS  1.	Twister Sitting & Standing	01	Main post- 114mm dia Galvanised pipe of 4mm thick, Paint- Epoxy coating of at least 100mm micron, Bearing - self lubricant for maintenance free usage 2.	Rower	01	Main post- 114mm dia Galvanised pipe of 4mm thick, Paint- Epoxy coating of at least 100mm micron, Bearing - self lubricant","25-Aug-2024","20-Feb-2025","983000","Physical Inspection"
"1305","Normal/Others","WS/MP001/2024-2025/136963-Installation of multi-gym equipment","Bihar","DARBHANGA(DISTRICT PLANNING OFFICER DARBANGA_IDA)","Shri Shambhu Sharan Patel (2022-28) (2022-2028)","Elected MP","3.	Utkramit Secondary  High School. Godhaila, Blcok  Hanuman Nagar, Darbhanga. 1 Set, Estimated Amount 10,00,000/- (Ten Lakh Only) S.NO	NAME	QTY	                            DISCRIPTIONS  1.	Twister Sitting & Standing	01	Main post- 114mm dia Galvanised pipe of 4mm thick, Paint- Epoxy coating of at least 100mm micron, Bearing - self lubricant for maintenance free usage 2.	Rower	01	Main post- 114mm dia Galvanised pipe of 4mm thick, Paint- Epoxy coating of at least 100mm micron, Bearing - self lubri","25-Aug-2024","28-Feb-2025","983000","Physical Inspection"
"1306","Normal/Others","WS/MP001/2024-2025/136964-Installation of multi-gym equipment","Bihar","DARBHANGA(DISTRICT PLANNING OFFICER DARBANGA_IDA)","Shri Shambhu Sharan Patel (2022-28) (2022-2028)","Elected MP","4.	High School, Rampur Dih,  Block Hanuman Nagar, Darbhanga. 1 Set Estimated Amount 10,00,000/- (Ten Lakh Only) S.NO	NAME	QTY	                            DISCRIPTIONS  1.	Twister Sitting & Standing	01	Main post- 114mm dia Galvanised pipe of 4mm thick, Paint- Epoxy coating of at least 100mm micron, Bearing - self lubricant for maintenance free usage 2.	Rower	01	Main post- 114mm dia Galvanised pipe of 4mm thick, Paint- Epoxy coating of at least 100mm micron, Bearing - self lubricant for maintenanc","25-Aug-2024","28-Feb-2025","983000","Physical Inspection"
"1307","Normal/Others","WS/MP001/2024-2025/136965-Installation of multi-gym equipment","Bihar","DARBHANGA(DISTRICT PLANNING OFFICER DARBANGA_IDA)","Shri Shambhu Sharan Patel (2022-28) (2022-2028)","Elected MP","2.	Utkramit Secondary  High School, Blcok Hanuma Nagar, Darbhanga. 1 Set, Estimated Amount 10,00,000/- (Ten Lakh Only S.NO	NAME	QTY	                            DISCRIPTIONS  1.	Twister Sitting & Standing	01	Main post- 114mm dia Galvanised pipe of 4mm thick, Paint- Epoxy coating of at least 100mm micron, Bearing - self lubricant for maintenance free usage 2.	Rower	01	Main post- 114mm dia Galvanised pipe of 4mm thick, Paint- Epoxy coating of at least 100mm micron, Bearing - self lubricant for main","25-Aug-2024","28-Feb-2025","983000","Physical Inspection"
"1308","Normal/Others","WS/MP001/2024-2025/136966-Installation of multi-gym equipment","Bihar","DARBHANGA(DISTRICT PLANNING OFFICER DARBANGA_IDA)","Shri Shambhu Sharan Patel (2022-28) (2022-2028)","Elected MP","5.	Secondary High School , Taralahi,  Block Hanuman Nagar, Darbhanga.1 set Estimated Amount 10,00,000/- (Ten Lakh Only) S.NO	NAME	QTY	                            DISCRIPTIONS  1.	Twister Sitting & Standing	01	Main post- 114mm dia Galvanised pipe of 4mm thick, Paint- Epoxy coating of at least 100mm micron, Bearing - self lubricant for maintenance free usage 2.	Rower	01	Main post- 114mm dia Galvanised pipe of 4mm thick, Paint- Epoxy coating of at least 100mm micron, Bearing - self lubricant for ma","25-Aug-2024","28-Feb-2025","983000","Physical Inspection"
"1309","Normal/Others","WS/MP001/2024-2025/136970-Installation of multi-gym equipment","Bihar","DARBHANGA(DISTRICT PLANNING OFFICER DARBANGA_IDA)","Shri Shambhu Sharan Patel (2022-28) (2022-2028)","Elected MP","High Secondary School , Kharajpur,Bhadurpur,Darbhanga . 1 Set, Estimated Amount 10,00,000/- (Ten Lakh Only S.NO	NAME	QTY	                            DISCRIPTIONS  1.	Twister Sitting & Standing	01	Main post- 114mm dia Galvanised pipe of 4mm thick, Paint- Epoxy coating of at least 100mm micron, Bearing - self lubricant for maintenance free usage 2.	Rower	01	Main post- 114mm dia Galvanised pipe of 4mm thick, Paint- Epoxy coating of at least 100mm micron, Bearing - self lubricant for mainte","25-Aug-2024","28-Feb-2025","983000","Physical Inspection"
"1310","Normal/Others","WS/MP001/2024-2025/136971-Installation of multi-gym equipment","Bihar","DARBHANGA(DISTRICT PLANNING OFFICER DARBANGA_IDA)","Shri Shambhu Sharan Patel (2022-28) (2022-2028)","Elected MP","2.	Karpuri Thakur G.B  High School. Block Bahadurpur Laheriya Sarai, Darbhanga. 1 Set, Estimated Amount 10,00,000/- (Ten Lakh Only) S.NO	NAME	QTY	                            DISCRIPTIONS  1.	Twister Sitting & Standing	01	Main post- 114mm dia Galvanised pipe of 4mm thick, Paint- Epoxy coating of at least 100mm micron, Bearing - self lubricant for maintenance free usage 2.	Rower	01	Main post- 114mm dia Galvanised pipe of 4mm thick, Paint- Epoxy coating of at least 100mm micron, Bearing - self lubr","25-Aug-2024","28-Feb-2025","983000","Physical Inspection"
"1311","Normal/Others","WS/MP001/2024-2025/136972-Installation of multi-gym equipment","Bihar","DARBHANGA(DISTRICT PLANNING OFFICER DARBANGA_IDA)","Shri Shambhu Sharan Patel (2022-28) (2022-2028)","Elected MP","3.	Adarsh  High School,  Block Atihar Sadar, Darbhanga.1 Set, Estimated Amount 10,00,000/- (Ten Lakh Only) S.NO	NAME	QTY	                            DISCRIPTIONS  1.	Twister Sitting & Standing	01	Main post- 114mm dia Galvanised pipe of 4mm thick, Paint- Epoxy coating of at least 100mm micron, Bearing - self lubricant for maintenance free usage 2.	Rower	01	Main post- 114mm dia Galvanised pipe of 4mm thick, Paint- Epoxy coating of at least 100mm micron, Bearing - self lubricant for maintenance fre","25-Aug-2024","28-Feb-2025","983000","Physical Inspection"
"1312","Normal/Others","WS/MP001/2024-2025/136973-Installation of multi-gym equipment","Bihar","DARBHANGA(DISTRICT PLANNING OFFICER DARBANGA_IDA)","Shri Shambhu Sharan Patel (2022-28) (2022-2028)","Elected MP","4.	+2 Ram Julum High School,  Block Kewati Banbari. Darbhanga.1 Set Estimated Amount 10,00,000/- (Ten Lakh Only) 4.	+2 Ram Julum High School,  Block Kewati Banbari. Darbhanga.1 Set Estimated Amount 10,00,000/- (Ten Lakh Only)","25-Aug-2024","28-Feb-2025","983000","Physical Inspection"
"1313","Normal/Others","WS/MP001/2024-2025/136974-Installation of multi-gym equipment","Bihar","DARBHANGA(DISTRICT PLANNING OFFICER DARBANGA_IDA)","Shri Shambhu Sharan Patel (2022-28) (2022-2028)","Elected MP","5.	Utkramit  Secondary High School. Godhiyari, Block Hanuman Nagar, Darbhanga. 1 Set Estimated Amount 10,00,000/- (Ten Lakh Only) S.NO	NAME	QTY	                            DISCRIPTIONS  1.	Twister Sitting & Standing	01	Main post- 114mm dia Galvanised pipe of 4mm thick, Paint- Epoxy coating of at least 100mm micron, Bearing - self lubricant for maintenance free usage 2.	Rower	01	Main post- 114mm dia Galvanised pipe of 4mm thick, Paint- Epoxy coating of at least 100mm micron, Bearing - self lubric","25-Aug-2024","28-Feb-2025","983000","Physical Inspection"
"1314","Normal/Others","WS/MP001/2024-2025/145755-Installation of multi-gym equipment","Bihar","MADHUBANI(DISTRICT PLANNING OFFICER MADHUBANI_IDA)","Shri Shambhu Sharan Patel (2022-28) (2022-2028)","Elected MP","Installation of GYM Equipment   1.	Rajkiyakrit Middle School ,Rajnagar Block -Rajnagar District Madhubani. 1 Set, Estimated Amount 6,25,000/- (Six Lakh Twenty Five thousand only) S.NO	NAME	QTY 1.	Shoulder Press Double	01 2.	Twister Sitting & Standing	01 3.	Air Walker	01 4.	Rotetor	01 5.	 Cross Walker	01 Main post- 114mm dia Galvanised pipe of 4mm thick, Paint- Epoxy coating of at least 100mm micron, Bearing - self lubricant for maintenance free usage","05-Oct-2024","18-Dec-2024","618000","Physical Inspection"
"1315","Normal/Others","WS/MP001/2024-2025/145756-Installation of multi-gym equipment","Bihar","MADHUBANI(DISTRICT PLANNING OFFICER MADHUBANI_IDA)","Shri Shambhu Sharan Patel (2022-28) (2022-2028)","Elected MP","2.	Uttkramit Secondary School Khoir,(Dakshin ) Prakhand Rajnagar ,Madhubani.. 1 Set, Estimated Amount 6,25,000/- (Six Lakh Twenty Five thousand only)  S.NO NAME QTY 1. Shoulder Press Double 01 2. Twister Sitting & Standing 01 3. Air Walker 01 4. Rotetor 01 5. Cross Walker 01 Main post- 114mm dia Galvanised pipe of 4mm thick, Paint- Epoxy coating of at least 100mm micron, Bearing - self lubricant for maintenance free usage","05-Oct-2024","18-Dec-2024","618000","Physical Inspection"
"1316","Normal/Others","WS/MP001/2024-2025/145757-Installation of multi-gym equipment","Bihar","MADHUBANI(DISTRICT PLANNING OFFICER MADHUBANI_IDA)","Shri Shambhu Sharan Patel (2022-28) (2022-2028)","Elected MP","3.	LNGPS+2 Project Girls High School,Rajnagar, Block- Rajnagar,District Madhubani. 1 Set, Estimated Amount 6,25,000/- (Six Lakh Twenty Five thousand only) S.NO NAME QTY 1. Shoulder Press Double 01 2. Twister Sitting & Standing 01 3. Air Walker 01 4. Rotetor 01 5. Cross Walker 01 Main post- 114mm dia Galvanised pipe of 4mm thick, Paint- Epoxy coating of at least 100mm micron, Bearing - self lubricant for maintenance free usage","05-Oct-2024","18-Dec-2024","618000","Physical Inspection"
"1317","Normal/Others","WS/MP001/2024-2025/145758-Installation of multi-gym equipment","Bihar","MADHUBANI(DISTRICT PLANNING OFFICER MADHUBANI_IDA)","Shri Shambhu Sharan Patel (2022-28) (2022-2028)","Elected MP","5.	+2 High School,Koilakh, Block- Rajnagar,District Madhubani. 1 Set, Estimated Amount 6,25,000/- (Six Lakh Twenty Five thousand only) S.NO NAME QTY 1. Shoulder Press Double 01 2. Twister Sitting & Standing 01 3. Air Walker 01 4. Rotetor 01 5. Cross Walker 01 Main post- 114mm dia Galvanised pipe of 4mm thick, Paint- Epoxy coating of at least 100mm micron, Bearing - self lubricant for maintenance free usage","05-Oct-2024","18-Dec-2024","618000","Physical Inspection"
"1318","Normal/Others","WS/MP001/2024-2025/145759-Installation of multi-gym equipment","Bihar","MADHUBANI(DISTRICT PLANNING OFFICER MADHUBANI_IDA)","Shri Shambhu Sharan Patel (2022-28) (2022-2028)","Elected MP","4.	+2 Anant High School,Kaithahi Block- Rajnagar,District Madhubani. 1 Set, Estimated Amount 6,25,000/- (Six Lakh Twenty Five thousand only) S.NO NAME QTY 1. Shoulder Press Double 01 2. Twister Sitting & Standing 01 3. Air Walker 01 4. Rotetor 01 5. Cross Walker 01 Main post- 114mm dia Galvanised pipe of 4mm thick, Paint- Epoxy coating of at least 100mm micron, Bearing - self lubricant for maintenance free usage","05-Oct-2024","18-Dec-2024","618000","Physical Inspection"
"1319","Normal/Others","WS/MP001/2024-2025/145760-Installation of multi-gym equipment","Bihar","MADHUBANI(DISTRICT PLANNING OFFICER MADHUBANI_IDA)","Shri Shambhu Sharan Patel (2022-28) (2022-2028)","Elected MP","6.	Rameshwar+2 High School,Rajnagar Block- Rajnagar,District Madhubani. 1 Set, Estimated Amount 6,25,000/- (Six Lakh Twenty Five thousand only)  S.NO NAME QTY 1. Shoulder Press Double 01 2. Twister Sitting & Standing 01 3. Air Walker 01 4. Rotetor 01 5. Cross Walker 01 Main post- 114mm dia Galvanised pipe of 4mm thick, Paint- Epoxy coating of at least 100mm micron, Bearing - self lubricant for maintenance free usage","05-Oct-2024","18-Dec-2024","618000","Physical Inspection"
"1320","Normal/Others","WS/MP001/2024-2025/145761-Installation of multi-gym equipment","Bihar","MADHUBANI(DISTRICT PLANNING OFFICER MADHUBANI_IDA)","Shri Shambhu Sharan Patel (2022-28) (2022-2028)","Elected MP","7.	Utkramit Middle School, Bhariva Vishanpur Block- Rajnagar,District Madhubani. 1 Set, Estimated Amount 6,25,000/- (Six Lakh Twenty Five thousand only) S.NO NAME QTY 1. Shoulder Press Double 01 2. Twister Sitting & Standing 01 3. Air Walker 01 4. Rotetor 01 5. Cross Walker 01 Main post- 114mm dia Galvanised pipe of 4mm thick, Paint- Epoxy coating of at least 100mm micron, Bearing - self lubricant for maintenance free usage","05-Oct-2024","18-Dec-2024","618000","Physical Inspection"
"1321","Normal/Others","WS/MP001/2024-2025/145762-Installation of multi-gym equipment","Bihar","MADHUBANI(DISTRICT PLANNING OFFICER MADHUBANI_IDA)","Shri Shambhu Sharan Patel (2022-28) (2022-2028)","Elected MP","8.	Utkramit Middle School, Pariharpur Block- Rajnagar,District Madhubani. 1 Set, Estimated Amount 6,25,000/- (Six Lakh Twenty Five thousand only) S.NO NAME QTY 1. Shoulder Press Double 01 2. Twister Sitting & Standing 01 3. Air Walker 01 4. Rotetor 01 5. Cross Walker 01 Main post- 114mm dia Galvanised pipe of 4mm thick, Paint- Epoxy coating of at least 100mm micron, Bearing - self lubricant for maintenance free usage","05-Oct-2024","18-Dec-2024","618000","Physical Inspection"
"1322","Normal/Others","WS/MP001/2024-2025/166097-Installation of multi-gym equipment","Bihar","MADHUBANI(DISTRICT PLANNING OFFICER MADHUBANI_IDA)","Shri Shambhu Sharan Patel (2022-28) (2022-2028)","Elected MP","2 S.K. High School, Pandaul, Block- Pandaul, Dist.- Madhubani","16-Jan-2025","12-Mar-2025","618000","Physical Inspection"
"1323","Normal/Others","WS/MP001/2024-2025/166098-Installation of multi-gym equipment","Bihar","MADHUBANI(DISTRICT PLANNING OFFICER MADHUBANI_IDA)","Shri Shambhu Sharan Patel (2022-28) (2022-2028)","Elected MP","A.P.G.  2 High School, Brahmottra, Block Pandaul, Distt.Madhubani","16-Jan-2025","12-Mar-2025","618000","Physical Inspection"
"1324","Normal/Others","WS/MP001/2024-2025/166099-Installation of multi-gym equipment","Bihar","MADHUBANI(DISTRICT PLANNING OFFICER MADHUBANI_IDA)","Shri Shambhu Sharan Patel (2022-28) (2022-2028)","Elected MP","Rajkiyakrit High Sridhar Secondary School, Sahpur, Block- Pandaul","16-Jan-2025","12-Mar-2025","618000","Physical Inspection"
"1325","Normal/Others","WS/MP001/2024-2025/166100-Installation of multi-gym equipment","Bihar","MADHUBANI(DISTRICT PLANNING OFFICER MADHUBANI_IDA)","Shri Shambhu Sharan Patel (2022-28) (2022-2028)","Elected MP","Shivganga  2 High School, Madhubani,","16-Jan-2025","12-Mar-2025","618000","Physical Inspection"
"1326","Normal/Others","WS/MP001/2024-2025/166101-Installation of multi-gym equipment","Bihar","MADHUBANI(DISTRICT PLANNING OFFICER MADHUBANI_IDA)","Shri Shambhu Sharan Patel (2022-28) (2022-2028)","Elected MP","Rajkiyakrit Teknath 2 High School, Kapileshwar Asthan, Rahika,","16-Jan-2025","12-Mar-2025","618000","Physical Inspection"
"1327","Normal/Others","WS/MP001/2024-2025/166102-Installation of multi-gym equipment","Bihar","MADHUBANI(DISTRICT PLANNING OFFICER MADHUBANI_IDA)","Shri Shambhu Sharan Patel (2022-28) (2022-2028)","Elected MP","Utkarmit Secondary High School, Basauli, Block-Rahika , Madhubani","16-Jan-2025","12-Mar-2025","618000","Physical Inspection"
"1328","Normal/Others","WS/MP001/2024-2025/166103-Installation of multi-gym equipment","Bihar","MADHUBANI(DISTRICT PLANNING OFFICER MADHUBANI_IDA)","Shri Shambhu Sharan Patel (2022-28) (2022-2028)","Elected MP","Rajkiyakrit Middle School, Rahika Madhubani","16-Jan-2025","12-Mar-2025","618000","Physical Inspection"
"1329","Normal/Others","WS/MP001/2025-2026/181888-Installation of multi-gym equipment","Bihar","MADHUBANI(DISTRICT PLANNING OFFICER MADHUBANI_IDA)","Shri Shambhu Sharan Patel (2022-28) (2022-2028)","Elected MP","1.Government Middle School, Shambhuar, Panchyat Shambhuar, Block Rahika,District Madhubani.","13-Mar-2025","18-Jun-2025","1475000","Physical Inspection"
"1330","Normal/Others","WS/MP001/2025-2026/190325-Installation of multi-gym equipment","Bihar","PURBI CHAMPARAN(DISTRICT PLANNING OFFICER MOTHIHARI EAST CHAMPARAN_IDA)","Shri Shambhu Sharan Patel (2022-28) (2022-2028)","Elected MP","1.Bhawanipur High School. Block Adapur,  Ward no-7 ,Bhawanipur Bazar ,District Purvi Champraran  1 Set","09-Apr-2025","19-Jun-2025","700000","Physical Inspection"
"1331","Normal/Others","WS/MP001/2025-2026/190326-Installation of multi-gym equipment","Bihar","PURBI CHAMPARAN(DISTRICT PLANNING OFFICER MOTHIHARI EAST CHAMPARAN_IDA)","Shri Shambhu Sharan Patel (2022-28) (2022-2028)","Elected MP","2.Pokhariya High School. Block Adapur Ward no-2 Pokhariya, District. Purvi Champaran. 1 Set","09-Apr-2025","19-Jun-2025","700000","Physical Inspection"
"1332","Normal/Others","WS/MP001/2025-2026/190327-Installation of multi-gym equipment","Bihar","PURBI CHAMPARAN(DISTRICT PLANNING OFFICER MOTHIHARI EAST CHAMPARAN_IDA)","Shri Shambhu Sharan Patel (2022-28) (2022-2028)","Elected MP","3.Nakardei High School. Block Adapur, Ward no-6  Nakardei, Ward no-6 District Purvi Champraran. 1 Set","09-Apr-2025","19-Jun-2025","700000","Physical Inspection"
"1333","Normal/Others","WS/MP001/2025-2026/192312-Installation of multi-gym equipment","Bihar","MADHUBANI(DISTRICT PLANNING OFFICER MADHUBANI_IDA)","Shri Shambhu Sharan Patel (2022-28) (2022-2028)","Elected MP","2 Manmohan High School, Rampati, Block- Rajnagar, Dist.- Madhubani","18-Apr-2025","18-Jun-2025","618000","Physical Inspection"
"1334","Normal/Others","WS/MP001/2025-2026/192313-Installation of multi-gym equipment","Bihar","MADHUBANI(DISTRICT PLANNING OFFICER MADHUBANI_IDA)","Shri Shambhu Sharan Patel (2022-28) (2022-2028)","Elected MP","Rajkiyakrit Middle School, Chakdah, Block- Rajnagar Madhubani","18-Apr-2025","18-Jun-2025","618000","Physical Inspection"
"1335","Normal/Others","WS/MP001/2025-2026/192314-Installation of multi-gym equipment","Bihar","MADHUBANI(DISTRICT PLANNING OFFICER MADHUBANI_IDA)","Shri Shambhu Sharan Patel (2022-28) (2022-2028)","Elected MP","Mithila Janta College Madhubani, Dist- Madhubani,","18-Apr-2025","18-Jun-2025","618000","Physical Inspection"
"1336","Normal/Others","WS/MP001/2025-2026/192315-Installation of multi-gym equipment","Bihar","MADHUBANI(DISTRICT PLANNING OFFICER MADHUBANI_IDA)","Shri Shambhu Sharan Patel (2022-28) (2022-2028)","Elected MP","Higher Secondary School , Murlikh, Rampatti, Block- Rajnagar Madhubani","18-Apr-2025","18-Jun-2025","618000","Physical Inspection"
"1337","Normal/Others","WS/MP001/2025-2026/192316-Installation of multi-gym equipment","Bihar","MADHUBANI(DISTRICT PLANNING OFFICER MADHUBANI_IDA)","Shri Shambhu Sharan Patel (2022-28) (2022-2028)","Elected MP","Utkramit Middle  School, Chichari Block- Rajnagar Dist- Madhubani,","18-Apr-2025","18-Jun-2025","618000","Physical Inspection"
"1338","Normal/Others","WS/MP001/2025-2026/192317-Installation of multi-gym equipment","Bihar","MADHUBANI(DISTRICT PLANNING OFFICER MADHUBANI_IDA)","Shri Shambhu Sharan Patel (2022-28) (2022-2028)","Elected MP","Utkramit Middle  School, Kewan Block- Rajnagar Dist- Madhubani,","18-Apr-2025","18-Jun-2025","618000","Physical Inspection"
"1339","Normal/Others","WS/MP001/2025-2026/192318-Installation of multi-gym equipment","Bihar","MADHUBANI(DISTRICT PLANNING OFFICER MADHUBANI_IDA)","Shri Shambhu Sharan Patel (2022-28) (2022-2028)","Elected MP","Utkramit Middle  School, Kewan Block- Rajnagar Dist- Madhubani,","18-Apr-2025","18-Jun-2025","618000","Physical Inspection"
"1340","Normal/Others","WS/MP001/2025-2026/192319-Installation of multi-gym equipment","Bihar","MADHUBANI(DISTRICT PLANNING OFFICER MADHUBANI_IDA)","Shri Shambhu Sharan Patel (2022-28) (2022-2028)","Elected MP","S N B N Watson 2 High  School,  Madhubani, Dist- Madhubani","18-Apr-2025","18-Jun-2025","618000","Physical Inspection"
"1341","Normal/Others","WS/MP001/2025-2026/192325-Installation of multi-gym equipment","Bihar","MADHUBANI(DISTRICT PLANNING OFFICER MADHUBANI_IDA)","Shri Shambhu Sharan Patel (2022-28) (2022-2028)","Elected MP","Utkramit Middle  School, Birsayar , Block- Pandaul, Dist.- Madhubani","18-Apr-2025","18-Jun-2025","618000","Physical Inspection"
"1342","Normal/Others","WS/MP001/2025-2026/192326-Installation of multi-gym equipment","Bihar","MADHUBANI(DISTRICT PLANNING OFFICER MADHUBANI_IDA)","Shri Shambhu Sharan Patel (2022-28) (2022-2028)","Elected MP","Utkramit Middle  School, Pokharsam Block- Pandaul,  Dist -Madhubani","18-Apr-2025","18-Jun-2025","618000","Physical Inspection"
"1343","Normal/Others","WS/MP001/2025-2026/192327-Installation of multi-gym equipment","Bihar","MADHUBANI(DISTRICT PLANNING OFFICER MADHUBANI_IDA)","Shri Shambhu Sharan Patel (2022-28) (2022-2028)","Elected MP","Utkramit Higher Secondary School, Madhepura ,Pandaul,  Dist- Madhubani,","18-Apr-2025","18-Jun-2025","618000","Physical Inspection"
"1344","Normal/Others","WS/MP001/2025-2026/192328-Installation of multi-gym equipment","Bihar","MADHUBANI(DISTRICT PLANNING OFFICER MADHUBANI_IDA)","Shri Shambhu Sharan Patel (2022-28) (2022-2028)","Elected MP","Utkramit-Middle,School,Akashpura,Block-Pandaul,Dist-Madhubani","18-Apr-2025","18-Jun-2025","618000","Physical Inspection"
"1345","Normal/Others","WS/MP001/2025-2026/192329-Installation of multi-gym equipment","Bihar","MADHUBANI(DISTRICT PLANNING OFFICER MADHUBANI_IDA)","Shri Shambhu Sharan Patel (2022-28) (2022-2028)","Elected MP","Utkramit-MiddleSchool,Bathane.East,Block-Pandaul,Dist-Madhubani","18-Apr-2025","18-Jun-2025","618000","Physical Inspection"
"1346","Normal/Others","WS/MP001/2025-2026/192330-Installation of multi-gym equipment","Bihar","MADHUBANI(DISTRICT PLANNING OFFICER MADHUBANI_IDA)","Shri Shambhu Sharan Patel (2022-28) (2022-2028)","Elected MP","Utkramit Higher Secondary School, Bhawanipur ,Pandaul,  Dist- Madhubani,","18-Apr-2025","18-Jun-2025","618000","Physical Inspection"
"1347","Normal/Others","WS/MP001/2025-2026/192331-Installation of multi-gym equipment","Bihar","MADHUBANI(DISTRICT PLANNING OFFICER MADHUBANI_IDA)","Shri Shambhu Sharan Patel (2022-28) (2022-2028)","Elected MP","Utkramit Higher Secondary School,Bhagwatipur ,Pandaul,  Dist- Madhubani","18-Apr-2025","18-Jun-2025","618000","Physical Inspection"
"1348","Normal/Others","WS/MP001/2025-2026/192332-Installation of multi-gym equipment","Bihar","MADHUBANI(DISTRICT PLANNING OFFICER MADHUBANI_IDA)","Shri Shambhu Sharan Patel (2022-28) (2022-2028)","Elected MP","Rajkiyakrit Middle School,Khangaon Block -Pandaul,  Dist- Madhubani,","18-Apr-2025","18-Jun-2025","618000","Physical Inspection"
"1349","Normal/Others","WS/MP001/2025-2026/194808-Installation of multi-gym equipment","Bihar","PURBI CHAMPARAN(DISTRICT PLANNING OFFICER MOTHIHARI EAST CHAMPARAN_IDA)","Shri Shambhu Sharan Patel (2022-28) (2022-2028)","Elected MP","MajhariyaUrduHighSchool.Aadapur, ward no-9DistrictPurviChampraran 1 Set,","01-May-2025","19-Jun-2025","700000","Physical Inspection"
"1350","Normal/Others","WS/MP001/2025-2026/204052-Installation of multi-gym equipment","Bihar","MADHUBANI(DISTRICT PLANNING OFFICER MADHUBANI_IDA)","Shri Shambhu Sharan Patel (2022-28) (2022-2028)","Elected MP","3.Higher Secondary School Raghepura Bisfi Dist Madhubani","28-May-2025","14-Aug-2025","618000","Physical Inspection"
"1351","Normal/Others","WS/MP001/2025-2026/204053-Installation of multi-gym equipment","Bihar","MADHUBANI(DISTRICT PLANNING OFFICER MADHUBANI_IDA)","Shri Shambhu Sharan Patel (2022-28) (2022-2028)","Elected MP","4.Higher Secondary School, Sohans, Block Bisfi Dist Madhubani","28-May-2025","14-Aug-2025","618000","Physical Inspection"
"1352","Normal/Others","WS/MP001/2025-2026/204054-Installation of multi-gym equipment","Bihar","MADHUBANI(DISTRICT PLANNING OFFICER MADHUBANI_IDA)","Shri Shambhu Sharan Patel (2022-28) (2022-2028)","Elected MP","5.Higher Secondary School, Parsauiil South Block Bisfi Dist. Madhubani","28-May-2025","14-Aug-2025","618000","Physical Inspection"
"1353","Normal/Others","WS/MP001/2025-2026/204055-Installation of multi-gym equipment","Bihar","MADHUBANI(DISTRICT PLANNING OFFICER MADHUBANI_IDA)","Shri Shambhu Sharan Patel (2022-28) (2022-2028)","Elected MP","6.Utkramit Higher Secondary School Tisi Narsam North Block bisfi Dist Madhuani","28-May-2025","14-Aug-2025","618000","Physical Inspection"
"1354","Normal/Others","WS/MP001/2025-2026/204056-Installation of multi-gym equipment","Bihar","MADHUBANI(DISTRICT PLANNING OFFICER MADHUBANI_IDA)","Shri Shambhu Sharan Patel (2022-28) (2022-2028)","Elected MP","Higher Secondary School, Parsauni North Block Bisfi Dist.Madhubani","28-May-2025","14-Aug-2025","618000","Physical Inspection"
"1355","Normal/Others","WS/MP001/2025-2026/204282-Installation of multi-gym equipment","Bihar","MADHUBANI(DISTRICT PLANNING OFFICER MADHUBANI_IDA)","Shri Shambhu Sharan Patel (2022-28) (2022-2028)","Elected MP","1.Higher Secondary School, Lakshmipur Block- Rahika, Dist.- Madhubani","28-May-2025","14-Aug-2025","618000","Physical Inspection"
"1356","Normal/Others","WS/MP001/2025-2026/204291-Installation of multi-gym equipment","Bihar","MADHUBANI(DISTRICT PLANNING OFFICER MADHUBANI_IDA)","Shri Shambhu Sharan Patel (2022-28) (2022-2028)","Elected MP","1.Utkramit High School, Shibaul, Block-Bisfi, Dist.- Madhubani","28-May-2025","14-Aug-2025","618000","Physical Inspection"
"1357","Normal/Others","WS/MP001/2025-2026/204292-Installation of multi-gym equipment","Bihar","MADHUBANI(DISTRICT PLANNING OFFICER MADHUBANI_IDA)","Shri Shambhu Sharan Patel (2022-28) (2022-2028)","Elected MP","2.Utkarmit Higher Secondary School, Bhoj Pandaul, Block- Bisfi, Dist.- Madhubani","28-May-2025","14-Aug-2025","618000","Physical Inspection"
"1358","Normal/Others","WS/MP001/2025-2026/204293-Installation of multi-gym equipment","Bihar","MADHUBANI(DISTRICT PLANNING OFFICER MADHUBANI_IDA)","Shri Shambhu Sharan Patel (2022-28) (2022-2028)","Elected MP","3.Saryug Anant High school, Jafra, Block- Bisfi, Dist.- Madhubani","28-May-2025","14-Aug-2025","618000","Physical Inspection"
"1359","Normal/Others","WS/MP001/2025-2026/204294-Installation of multi-gym equipment","Bihar","MADHUBANI(DISTRICT PLANNING OFFICER MADHUBANI_IDA)","Shri Shambhu Sharan Patel (2022-28) (2022-2028)","Elected MP","4.Sonelal Munni Lal  2 High School, Gandhi Nagar, Simari, Block- Bisfi, Dist.Madhubani,","28-May-2025","14-Aug-2025","618000","Physical Inspection"
"1360","Normal/Others","WS/MP001/2025-2026/204295-Installation of multi-gym equipment","Bihar","MADHUBANI(DISTRICT PLANNING OFFICER MADHUBANI_IDA)","Shri Shambhu Sharan Patel (2022-28) (2022-2028)","Elected MP","5.Utkramit Higher Secondary School, Dulha Khairi Banka North, Block- Bisfi, Dist.- Madhubani,","28-May-2025","14-Aug-2025","618000","Physical Inspection"
"1361","Normal/Others","WS/MP001/2025-2026/204296-Installation of multi-gym equipment","Bihar","MADHUBANI(DISTRICT PLANNING OFFICER MADHUBANI_IDA)","Shri Shambhu Sharan Patel (2022-28) (2022-2028)","Elected MP","6.Utkramit High School, Baswariya Noorchak, Block- Bisfi, Dist.- Madhubani","28-May-2025","14-Aug-2025","618000","Physical Inspection"
"1362","Normal/Others","WS/MP001/2025-2026/204297-Installation of multi-gym equipment","Bihar","MADHUBANI(DISTRICT PLANNING OFFICER MADHUBANI_IDA)","Shri Shambhu Sharan Patel (2022-28) (2022-2028)","Elected MP","7.Higher Secondary School, Aunsi Babhabhangama, North, Block- Bisfi, Dist.- Madhubani","28-May-2025","14-Aug-2025","618000","Physical Inspection"
"1363","Normal/Others","WS/MP001/2025-2026/204298-Installation of multi-gym equipment","Bihar","MADHUBANI(DISTRICT PLANNING OFFICER MADHUBANI_IDA)","Shri Shambhu Sharan Patel (2022-28) (2022-2028)","Elected MP","8.Higher Secondary School, Aunsi Babhabhangama, South, Block- Bisfi, Dist.- Madhubani","28-May-2025","14-Aug-2025","618000","Physical Inspection"
"1364","Normal/Others","WS/MP001/2025-2026/206492-Installation of multi-gym equipment","Bihar","MADHUBANI(DISTRICT PLANNING OFFICER MADHUBANI_IDA)","Shri Shambhu Sharan Patel (2022-28) (2022-2028)","Elected MP","Rajkiya Buniyadi School, Simri, Block- Bisfi, Dist- Madhubani","04-Jun-2025","14-Aug-2025","618000","Physical Inspection"
"1365","Normal/Others","WS/MP001/2025-2026/206493-Installation of multi-gym equipment","Bihar","MADHUBANI(DISTRICT PLANNING OFFICER MADHUBANI_IDA)","Shri Shambhu Sharan Patel (2022-28) (2022-2028)","Elected MP","2 Higher Secondary School, Bhatarghat, Block- Bisfi, Dist.- Madhbani","04-Jun-2025","14-Aug-2025","618000","Physical Inspection"
"1366","Normal/Others","WS/MP001/2025-2026/206494-Installation of multi-gym equipment","Bihar","MADHUBANI(DISTRICT PLANNING OFFICER MADHUBANI_IDA)","Shri Shambhu Sharan Patel (2022-28) (2022-2028)","Elected MP","Vidyapati 2 High School Bisfi, Block-Bisfi, Dist.- Madhubani","04-Jun-2025","14-Aug-2025","618000","Physical Inspection"
"1367","Normal/Others","WS/MP001/2026-2027/271624-Installation of multi-gym equipment","Bihar","MADHUBANI(DISTRICT PLANNING OFFICER MADHUBANI_IDA)","Shri Shambhu Sharan Patel (2022-28) (2022-2028)","Elected MP","Rama Prasad Dutt  Janta 2 High School , Jitwarpur Block- Rahika, Dist.- Madhubani","28-Feb-2026","04-Jul-2026","621000","Sanction"
"1368","Normal/Others","WS/MP001/2026-2027/271625-Installation of multi-gym equipment","Bihar","MADHUBANI(DISTRICT PLANNING OFFICER MADHUBANI_IDA)","Shri Shambhu Sharan Patel (2022-28) (2022-2028)","Elected MP","UchchMadhyamikVidyalayParsauni North,BlockBisfi,Dist Madhubani","28-Feb-2026","04-Jul-2026","621000","Sanction"
"1369","Normal/Others","WS/MP001/2026-2027/282678-Installation of multi-gym equipment","Bihar","MADHUBANI(DISTRICT PLANNING OFFICER MADHUBANI_IDA)","Shri Shambhu Sharan Patel (2022-28) (2022-2028)","Elected MP","Utkramit Uchaha Madhyamik Vidyalaya, Chhatauni, Block- Basopati, Dist.- Madhubani,","21-May-2026","04-Jul-2026","621000","Sanction"
"1370","Normal/Others","WS/MP001/2026-2027/282679-Installation of multi-gym equipment","Bihar","MADHUBANI(DISTRICT PLANNING OFFICER MADHUBANI_IDA)","Shri Shambhu Sharan Patel (2022-28) (2022-2028)","Elected MP","R.J.R.R.S.D. College, Basopatti, Block- Basopatti, Dist.- Madhubani,","21-May-2026","04-Jul-2026","621000","Sanction"
"1371","Normal/Others","WS/MP001/2026-2027/282680-Installation of multi-gym equipment","Bihar","MADHUBANI(DISTRICT PLANNING OFFICER MADHUBANI_IDA)","Shri Shambhu Sharan Patel (2022-28) (2022-2028)","Elected MP","Utkramit Middle School, Mahathour, Block- Basopatti, Dist.- Madhubani","21-May-2026","04-Jul-2026","621000","Sanction"
"1372","Normal/Others","WS/MP001/2026-2027/282681-Installation of multi-gym equipment","Bihar","MADHUBANI(DISTRICT PLANNING OFFICER MADHUBANI_IDA)","Shri Shambhu Sharan Patel (2022-28) (2022-2028)","Elected MP","Utkramit Uchcha Madhyamik Vidyalay, Phent, Block- Basopatti, Dist.- Madhubani,","21-May-2026","04-Jul-2026","621000","Sanction"
"1373","Normal/Others","WS/MP001/2026-2027/282682-Installation of multi-gym equipment","Bihar","MADHUBANI(DISTRICT PLANNING OFFICER MADHUBANI_IDA)","Shri Shambhu Sharan Patel (2022-28) (2022-2028)","Elected MP","Utkramit Uchaha Madhyamik Vidyalaya, Kauha, Block- Basopatii, Dist.- Madhubani,","21-May-2026","04-Jul-2026","621000","Sanction"
"1374","Normal/Others","WS/MP001/2026-2027/282683-Installation of multi-gym equipment","Bihar","MADHUBANI(DISTRICT PLANNING OFFICER MADHUBANI_IDA)","Shri Shambhu Sharan Patel (2022-28) (2022-2028)","Elected MP","Din Dayal 2 High School, Umgaon, Block- Harlakhi, Dist.- Madhubani, Estimated","21-May-2026","04-Jul-2026","621000","Sanction"
"1375","Normal/Others","WS/MP001/2026-2027/282684-Installation of multi-gym equipment","Bihar","MADHUBANI(DISTRICT PLANNING OFFICER MADHUBANI_IDA)","Shri Shambhu Sharan Patel (2022-28) (2022-2028)","Elected MP","Nand Lal Mahavir 2 Uchch Vidyalay, Gangaur, Block- Harlakhi, Dist.- Madhubani,","21-May-2026","04-Jul-2026","621000","Sanction"
"1376","Normal/Others","WS/MP001/2026-2027/282685-Installation of multi-gym equipment","Bihar","MADHUBANI(DISTRICT PLANNING OFFICER MADHUBANI_IDA)","Shri Shambhu Sharan Patel (2022-28) (2022-2028)","Elected MP","Utkramit Madhyamik School, Rampur, Block-Harlakhi, Dist.- Madhubani,","21-May-2026","04-Jul-2026","621000","Sanction"
"1377","Normal/Others","WS/MP001/2026-2027/282686-Installation of multi-gym equipment","Bihar","MADHUBANI(DISTRICT PLANNING OFFICER MADHUBANI_IDA)","Shri Shambhu Sharan Patel (2022-28) (2022-2028)","Elected MP","Utkramit Uchacha Madhyamik Vidyalay, Baurhar, Block- Harlakhi, Dist.- Madhubani,","21-May-2026","04-Jul-2026","621000","Sanction"
"1378","Normal/Others","WS/MP001/2026-2027/282687-Installation of multi-gym equipment","Bihar","MADHUBANI(DISTRICT PLANNING OFFICER MADHUBANI_IDA)","Shri Shambhu Sharan Patel (2022-28) (2022-2028)","Elected MP","Utkramit Uchacha Madhyamik Vidyalay, Harlakhi, Block- Harlakhi, Dist.- Madhubani,","21-May-2026","04-Jul-2026","621000","Sanction"
"1379","Normal/Others","WS/MP001/2026-2027/282688-Installation of multi-gym equipment","Bihar","MADHUBANI(DISTRICT PLANNING OFFICER MADHUBANI_IDA)","Shri Shambhu Sharan Patel (2022-28) (2022-2028)","Elected MP","Utkramit Uchacha Madhyamik Vidyalay, Kalna, Block- Harlakhi, Dist.- Madhubani","21-May-2026","04-Jul-2026","621000","Sanction"
"1380","Normal/Others","WS/MP001/2026-2027/282689-Installation of multi-gym equipment","Bihar","MADHUBANI(DISTRICT PLANNING OFFICER MADHUBANI_IDA)","Shri Shambhu Sharan Patel (2022-28) (2022-2028)","Elected MP","Utkramit Uchacha Madhyamik Vidyalay, Karuna, Block- Harlakhi, Dist.- Madhubani,","21-May-2026","04-Jul-2026","621000","Sanction"
"1381","Normal/Others","WS/MP001/2026-2027/282690-Installation of multi-gym equipment","Bihar","MADHUBANI(DISTRICT PLANNING OFFICER MADHUBANI_IDA)","Shri Shambhu Sharan Patel (2022-28) (2022-2028)","Elected MP","Utkramit Uchacha Madhyamik Vidyalay, Phulhar, Block- Harlakhi, Dist.- Madhubani","21-May-2026","04-Jul-2026","621000","Sanction"
"1382","Normal/Others","WS/MP001/2026-2027/282691-Installation of multi-gym equipment","Bihar","MADHUBANI(DISTRICT PLANNING OFFICER MADHUBANI_IDA)","Shri Shambhu Sharan Patel (2022-28) (2022-2028)","Elected MP","Utkramit Uchacha Madhyamik Vidyalay, Pipraun, Block- Harlakhi, Dist.- Madhubani","21-May-2026","04-Jul-2026","621000","Sanction"
"1383","Normal/Others","WS/MP001/2026-2027/282692-Installation of multi-gym equipment","Bihar","MADHUBANI(DISTRICT PLANNING OFFICER MADHUBANI_IDA)","Shri Shambhu Sharan Patel (2022-28) (2022-2028)","Elected MP","Utkramit Uchacha Vidyalay, Kauaha, Block- Harlakhi, Dist.- Madhubani,","21-May-2026","04-Jul-2026","621000","Sanction"
"1384","Normal/Others","WS/MP18332/2025-2026/192488-Development of playfields and sports grounds","Bihar","DARBHANGA(DISTRICT PLANNING OFFICER DARBANGA_IDA)","Dr. Dharmshila Gupta (2024-30) (2024-2030)","Elected MP","DARBHANGA NAGAR NIGAM WARD NO 36 SHAFI MUSLIM HIGH SCHOOL LAHERIASARAI DARBHANGA ( MINORITIES) PLAYGROUND RENOVATION","19-Apr-2025","20-Jun-2025","1157300","Work Completed"
"1385","Normal/Others","WS/MP001/2025-2026/145769-Lighting of public spaces","Bihar","SHEIKHPURA(DISTRICT PLANNING OFFICER SHEIKHPURA_IDA)","Shri Shambhu Sharan Patel (2022-28) (2022-2028)","Elected MP","S.NO NAME QTY 1 Shoulder Press Double 01 2 Twister Sitting Standing 01 3. Air Walker 01 4. Rotetor 01 5. Cross Walker 01 Main post- 114mm dia Galvanised pipe of 4mm thick, Paint- Epoxy coating of at least 100mm micron, Bearing - self lubricant for maintenance free usage","05-Oct-2024","03-Dec-2025","1048000","Physical Inspection"
"1386","Normal/Others","WS/MP001/2025-2026/188639-Lighting of public spaces","Bihar","MADHUBANI(DISTRICT PLANNING OFFICER MADHUBANI_IDA)","Shri Shambhu Sharan Patel (2022-28) (2022-2028)","Elected MP","Supply errectionand commissioning of 17 Mtr High Mast Lighting Tower in 2 section with 8 Nos.","02-Apr-2025","14-Aug-2025","1040000","Physical Inspection"
"1387","Normal/Others","WS/MP001/2025-2026/188640-Lighting of public spaces","Bihar","MADHUBANI(DISTRICT PLANNING OFFICER MADHUBANI_IDA)","Shri Shambhu Sharan Patel (2022-28) (2022-2028)","Elected MP","Supply errection and commissioning of 17 Mtr. High Mast Lighting Tower in 2 section with 8 Nos","02-Apr-2025","02-Sep-2025","1040000","Physical Inspection"
"1388","Normal/Others","WS/MP042/2025-2026/192063-Lighting of public spaces","Bihar","SUPAUL(DISTRICT PLANNING OFFICER SUPAUL_IDA)","Prof. Manoj Kumar Jha (2024-30) (2024-2030)","Elected MP","Installation work of high mast light near Durga Sthan located in West Tola of Garhbaruari Panchayat under Supaul Block","17-Apr-2025","06-Jun-2025","820000","Physical Inspection"
"1389","Normal/Others","WS/MP042/2025-2026/192064-Lighting of public spaces","Bihar","SUPAUL(DISTRICT PLANNING OFFICER SUPAUL_IDA)","Prof. Manoj Kumar Jha (2024-30) (2024-2030)","Elected MP","Installation work of high mast light near Durga Sthan (Railway Station) located in Purba Tola of Garhbaruari Panchayat under Supaul block","17-Apr-2025","06-Jun-2025","820000","Physical Inspection"
"1390","Normal/Others","WS/MP042/2025-2026/192065-Lighting of public spaces","Bihar","SUPAUL(DISTRICT PLANNING OFFICER SUPAUL_IDA)","Prof. Manoj Kumar Jha (2024-30) (2024-2030)","Elected MP","Installation work of high mast light near Durga Sthan of Parsarma Panchayat under Supaul block.","17-Apr-2025","06-Jun-2025","820000","Physical Inspection"
"1391","Normal/Others","WS/MP042/2025-2026/192066-Lighting of public spaces","Bihar","SUPAUL(DISTRICT PLANNING OFFICER SUPAUL_IDA)","Prof. Manoj Kumar Jha (2024-30) (2024-2030)","Elected MP","Installation work of high mast light near Durga Sthan located in Parsauni Panchayat under Supaul block.","17-Apr-2025","06-Jun-2025","820000","Physical Inspection"
"1392","Normal/Others","WS/MP042/2025-2026/192067-Lighting of public spaces","Bihar","SUPAUL(DISTRICT PLANNING OFFICER SUPAUL_IDA)","Prof. Manoj Kumar Jha (2024-30) (2024-2030)","Elected MP","Installation work of high mast light near Barail Durga place of Gothbaruari Panchayat under Supaul block.","17-Apr-2025","06-Jun-2025","820000","Physical Inspection"
"1393","Normal/Others","WS/MP042/2025-2026/192068-Lighting of public spaces","Bihar","SUPAUL(DISTRICT PLANNING OFFICER SUPAUL_IDA)","Prof. Manoj Kumar Jha (2024-30) (2024-2030)","Elected MP","Installation work of high mast light near Dhurdhur Chowk of Telwa Panchayat under Supaul block.","17-Apr-2025","06-Jun-2025","820000","Physical Inspection"
"1394","Normal/Others","WS/MP042/2025-2026/192069-Lighting of public spaces","Bihar","SUPAUL(DISTRICT PLANNING OFFICER SUPAUL_IDA)","Prof. Manoj Kumar Jha (2024-30) (2024-2030)","Elected MP","Installation work of high mast light next to Shiva temple in Gopalpur Sire ward no. 04 under Supaul block.","17-Apr-2025","06-Jun-2025","820000","Physical Inspection"
"1395","Normal/Others","WS/MP042/2025-2026/192070-Lighting of public spaces","Bihar","SUPAUL(DISTRICT PLANNING OFFICER SUPAUL_IDA)","Prof. Manoj Kumar Jha (2024-30) (2024-2030)","Elected MP","Installation work of high mast light near Beria stage under Supaul block.","17-Apr-2025","06-Jun-2025","820000","Physical Inspection"
"1396","Normal/Others","WS/MP042/2025-2026/192071-Lighting of public spaces","Bihar","SUPAUL(DISTRICT PLANNING OFFICER SUPAUL_IDA)","Prof. Manoj Kumar Jha (2024-30) (2024-2030)","Elected MP","Installation work of high mast light at Bajrangbali Chowk located in ward no. 05 of Malhani Panchayat under Supaul block.","17-Apr-2025","06-Jun-2025","820000","Physical Inspection"
"1397","Normal/Others","WS/MP042/2025-2026/192072-Lighting of public spaces","Bihar","SUPAUL(DISTRICT PLANNING OFFICER SUPAUL_IDA)","Prof. Manoj Kumar Jha (2024-30) (2024-2030)","Elected MP","Installation work of high mast light next to Durga temple, ward no. 12, Lalmania Panchayat, Marauna block, Supaul district.","17-Apr-2025","06-Jun-2025","820000","Physical Inspection"
"1398","Normal/Others","WS/MP042/2025-2026/192129-Lighting of public spaces","Bihar","SUPAUL(DISTRICT PLANNING OFFICER SUPAUL_IDA)","Prof. Manoj Kumar Jha (2024-30) (2024-2030)","Elected MP","Installation work of high mast light near ward no. 04 of Dinabhadri place of Kadmaha Panchayat of Marauna block of Supaul district.","17-Apr-2025","06-Jun-2025","820000","Physical Inspection"
"1399","Normal/Others","WS/MP042/2025-2026/192130-Lighting of public spaces","Bihar","SUPAUL(DISTRICT PLANNING OFFICER SUPAUL_IDA)","Prof. Manoj Kumar Jha (2024-30) (2024-2030)","Elected MP","Installation work of high mast light near Brahmasthan located in ward no. 02 of Belhi Panchayat of Marouna block of Supaul district.","17-Apr-2025","06-Jun-2025","820000","Physical Inspection"
"1400","Normal/Others","WS/MP042/2025-2026/192131-Lighting of public spaces","Bihar","SUPAUL(DISTRICT PLANNING OFFICER SUPAUL_IDA)","Prof. Manoj Kumar Jha (2024-30) (2024-2030)","Elected MP","Installation work of high mast light near the community building located in ward no. 05 of Sisuna Panchayat of Marauna block of Supaul district.","17-Apr-2025","06-Jun-2025","820000","Physical Inspection"
"1401","Normal/Others","WS/MP042/2025-2026/192132-Lighting of public spaces","Bihar","SUPAUL(DISTRICT PLANNING OFFICER SUPAUL_IDA)","Prof. Manoj Kumar Jha (2024-30) (2024-2030)","Elected MP","Installation work of high mast light near Barhara Chowk next to the house of Biku Pandit in ward no. 12 of Barhara Panchayat of Marauna block of Supaul district.","17-Apr-2025","06-Jun-2025","820000","Physical Inspection"
"1402","Normal/Others","WS/MP042/2025-2026/192133-Lighting of public spaces","Bihar","SUPAUL(DISTRICT PLANNING OFFICER SUPAUL_IDA)","Prof. Manoj Kumar Jha (2024-30) (2024-2030)","Elected MP","Installation work of high mast light next to Shiva temple near kerosene vial depot (Chhatapur) in Koriani Tola ward no. 12 of Chhatapur block of Supaul district.","17-Apr-2025","03-Dec-2025","820000","Physical Inspection"
"1403","Normal/Others","WS/MP042/2025-2026/192134-Lighting of public spaces","Bihar","SUPAUL(DISTRICT PLANNING OFFICER SUPAUL_IDA)","Prof. Manoj Kumar Jha (2024-30) (2024-2030)","Elected MP","Installation work of high mast light near Chaupal Tola in ward no. 08 of Saroja Bela Panchayat of Marouna block of Supaul district.","17-Apr-2025","06-Jun-2025","820000","Physical Inspection"
"1404","Normal/Others","WS/MP042/2025-2026/192135-Lighting of public spaces","Bihar","SUPAUL(DISTRICT PLANNING OFFICER SUPAUL_IDA)","Prof. Manoj Kumar Jha (2024-30) (2024-2030)","Elected MP","Installation work of high mast light in Bhuvaneshwari Nath Sthan Ward No. 03 of Baira Panchayat of Supaul block.","17-Apr-2025","06-Jun-2025","820000","Physical Inspection"
"1405","Normal/Others","WS/MP042/2025-2026/192136-Lighting of public spaces","Bihar","SUPAUL(DISTRICT PLANNING OFFICER SUPAUL_IDA)","Prof. Manoj Kumar Jha (2024-30) (2024-2030)","Elected MP","Installation work of high mast light in Bajrangwali Chowk Ward No. 15, Malhad village, Beriya Panchayat, Supaul district.","17-Apr-2025","06-Jun-2025","820000","Physical Inspection"
"1406","Normal/Others","WS/MP042/2025-2026/192137-Lighting of public spaces","Bihar","SUPAUL(DISTRICT PLANNING OFFICER SUPAUL_IDA)","Prof. Manoj Kumar Jha (2024-30) (2024-2030)","Elected MP","Installation work of high mast light near Vishhara place in ward no. 06 in Sonak village of Gonth Baruari Panchayat of Supaul block.","17-Apr-2025","06-Jun-2025","820000","Physical Inspection"
"1407","Normal/Others","WS/MP042/2025-2026/192138-Lighting of public spaces","Bihar","SUPAUL(DISTRICT PLANNING OFFICER SUPAUL_IDA)","Prof. Manoj Kumar Jha (2024-30) (2024-2030)","Elected MP","Installation work of high mast light near the slope on the bank of the dam in ward no. 04 of Piprakhurd Panchayat of Supaul block.","17-Apr-2025","06-Jun-2025","820000","Physical Inspection"
"1408","Normal/Others","WS/MP042/2025-2026/192146-Lighting of public spaces","Bihar","SUPAUL(DISTRICT PLANNING OFFICER SUPAUL_IDA)","Prof. Manoj Kumar Jha (2024-30) (2024-2030)","Elected MP","Installation work of high mast light near old Durga place, ward no. 06, Pathra south panchayat, Pipra block, Supaul district.","17-Apr-2025","13-Jan-2026","820000","Physical Inspection"
"1409","Normal/Others","WS/MP042/2025-2026/192147-Lighting of public spaces","Bihar","SUPAUL(DISTRICT PLANNING OFFICER SUPAUL_IDA)","Prof. Manoj Kumar Jha (2024-30) (2024-2030)","Elected MP","Installation work of high mast light near Khaki Baba place located in ward no. 08 of Basbitti Panchayat of Supaul block.","17-Apr-2025","06-Jun-2025","820000","Physical Inspection"
"1410","Normal/Others","WS/MP042/2025-2026/192148-Lighting of public spaces","Bihar","SUPAUL(DISTRICT PLANNING OFFICER SUPAUL_IDA)","Prof. Manoj Kumar Jha (2024-30) (2024-2030)","Elected MP","Installation work of high mast light at the turn of Mohaniya Tola in ward no. 14 of village Mohaniya of Goth Baruari Panchayat under Supaul block.","17-Apr-2025","06-Jun-2025","820000","Physical Inspection"
"1411","Normal/Others","WS/MP042/2025-2026/192149-Lighting of public spaces","Bihar","SUPAUL(DISTRICT PLANNING OFFICER SUPAUL_IDA)","Prof. Manoj Kumar Jha (2024-30) (2024-2030)","Elected MP","Installation work of high mast light in ward no. 08 of BaluaDevtaChauraha village of Chhatapur Panchayat of Supaul district.","17-Apr-2025","03-Dec-2025","820000","Physical Inspection"
"1412","Normal/Others","WS/MP042/2025-2026/192150-Lighting of public spaces","Bihar","SUPAUL(DISTRICT PLANNING OFFICER SUPAUL_IDA)","Prof. Manoj Kumar Jha (2024-30) (2024-2030)","Elected MP","Installation work of high mast light next to Maa Durga Mandir and Rajaji Sthan located in Samda village of Bhagwanpur Panchayat of Basantpur block of Supaul district.","17-Apr-2025","03-Dec-2025","820000","Physical Inspection"
"1413","Normal/Others","WS/MP042/2025-2026/192151-Lighting of public spaces","Bihar","SUPAUL(DISTRICT PLANNING OFFICER SUPAUL_IDA)","Prof. Manoj Kumar Jha (2024-30) (2024-2030)","Elected MP","Installation work of high mast light near Madrasa Mahd Ayesha Siddika KalyanpurKataiya in ward no. 05, Dinbandi Panchayat, Basantpur block of Supaul district.","17-Apr-2025","03-Dec-2025","820000","Physical Inspection"
"1414","Normal/Others","WS/MP042/2025-2026/192152-Lighting of public spaces","Bihar","SUPAUL(DISTRICT PLANNING OFFICER SUPAUL_IDA)","Prof. Manoj Kumar Jha (2024-30) (2024-2030)","Elected MP","Installation work of high mast light near Balabhadrapur Durga Sthan of Balabhadrapur Panchayat of Basantpur block of Supaul district.","17-Apr-2025","03-Dec-2025","820000","Physical Inspection"
"1415","Normal/Others","WS/MP042/2025-2026/192153-Lighting of public spaces","Bihar","SUPAUL(DISTRICT PLANNING OFFICER SUPAUL_IDA)","Prof. Manoj Kumar Jha (2024-30) (2024-2030)","Elected MP","Installation work of high mast light near Subhash Chowk located in Lakshminiyan village of Chhatapur block of Supaul district.","17-Apr-2025","03-Dec-2025","820000","Physical Inspection"
"1416","Normal/Others","WS/MP042/2025-2026/192154-Lighting of public spaces","Bihar","SUPAUL(DISTRICT PLANNING OFFICER SUPAUL_IDA)","Prof. Manoj Kumar Jha (2024-30) (2024-2030)","Elected MP","Installation work of high mast light near Lalit Narayan Memorial Hall, Basantpur Block, Supaul District.","17-Apr-2025","03-Dec-2025","820000","Physical Inspection"
"1417","Normal/Others","WS/MP042/2025-2026/192155-Lighting of public spaces","Bihar","SUPAUL(DISTRICT PLANNING OFFICER SUPAUL_IDA)","Prof. Manoj Kumar Jha (2024-30) (2024-2030)","Elected MP","Installation work of high mast light near Balua Health Center of Chhatapur block of Supaul district.","17-Apr-2025","03-Dec-2025","820000","Physical Inspection"
"1418","Normal/Others","WS/MP042/2025-2026/192164-Lighting of public spaces","Bihar","SUPAUL(DISTRICT PLANNING OFFICER SUPAUL_IDA)","Prof. Manoj Kumar Jha (2024-30) (2024-2030)","Elected MP","Installation work of high mast light near Gandhi Maidan Ward No. 12 Hatia Chowk of Sonpur Panchayat of Nirmali Block.","17-Apr-2025","03-Dec-2025","820000","Physical Inspection"
"1419","Normal/Others","WS/MP042/2025-2026/192165-Lighting of public spaces","Bihar","SUPAUL(DISTRICT PLANNING OFFICER SUPAUL_IDA)","Prof. Manoj Kumar Jha (2024-30) (2024-2030)","Elected MP","Installation work of high mast light near Block-cum-Zonal Office Chhatapur under Supaul district.","17-Apr-2025","03-Dec-2025","820000","Physical Inspection"
"1420","Normal/Others","WS/MP042/2025-2026/192166-Lighting of public spaces","Bihar","SUPAUL(DISTRICT PLANNING OFFICER SUPAUL_IDA)","Prof. Manoj Kumar Jha (2024-30) (2024-2030)","Elected MP","Installation work of high mast light next to Durga temple located in Sitapur of Hirdayanagar Panchayat under Basantpur block.","17-Apr-2025","03-Dec-2025","820000","Physical Inspection"
"1421","Normal/Others","WS/MP042/2025-2026/192167-Lighting of public spaces","Bihar","SUPAUL(DISTRICT PLANNING OFFICER SUPAUL_IDA)","Prof. Manoj Kumar Jha (2024-30) (2024-2030)","Elected MP","Installation work of high mast light near Shyam Chowk located in Vishanpur Shivram Panchayat of Basantpur block.","17-Apr-2025","03-Dec-2025","820000","Physical Inspection"
"1422","Normal/Others","WS/MP042/2025-2026/192168-Lighting of public spaces","Bihar","SUPAUL(DISTRICT PLANNING OFFICER SUPAUL_IDA)","Prof. Manoj Kumar Jha (2024-30) (2024-2030)","Elected MP","Installation work of high mast light next to the library building at Gram Panchayat Basbitti Chowk under Supaul Block.","17-Apr-2025","06-Jun-2025","820000","Physical Inspection"
"1423","Normal/Others","WS/MP042/2025-2026/192169-Lighting of public spaces","Bihar","SUPAUL(DISTRICT PLANNING OFFICER SUPAUL_IDA)","Prof. Manoj Kumar Jha (2024-30) (2024-2030)","Elected MP","Installation work of high mast light near the turn of Islampur Mohalla in Supaul Municipal Council Ward No. 18.","17-Apr-2025","06-Jun-2025","820000","Physical Inspection"
"1424","Normal/Others","WS/MP042/2025-2026/192170-Lighting of public spaces","Bihar","SUPAUL(DISTRICT PLANNING OFFICER SUPAUL_IDA)","Prof. Manoj Kumar Jha (2024-30) (2024-2030)","Elected MP","Installation work of high mast light near Sahlesh Gahwar located in Karanpur Panchayat Ward No 06 under Supaul block.","17-Apr-2025","06-Jun-2025","820000","Physical Inspection"
"1425","Normal/Others","WS/MP042/2025-2026/192171-Lighting of public spaces","Bihar","SUPAUL(DISTRICT PLANNING OFFICER SUPAUL_IDA)","Prof. Manoj Kumar Jha (2024-30) (2024-2030)","Elected MP","Installation work of high mast light near Former Mukhiya house located in Karanpur Panchayat Ward No 02 under Supaul block.","17-Apr-2025","29-Aug-2025","820000","Physical Inspection"
"1426","Normal/Others","WS/MP042/2025-2026/197768-Lighting of public spaces","Bihar","SUPAUL(DISTRICT PLANNING OFFICER SUPAUL_IDA)","Prof. Manoj Kumar Jha (2024-30) (2024-2030)","Elected MP","Installation work of high mast light near Dev Chowk Chakdumariya located in Piprakhurd Panchayat Ward No 09 under Supaul block","08-May-2025","03-Dec-2025","820000","Physical Inspection"
"1427","Normal/Others","WS/MP042/2025-2026/197769-Lighting of public spaces","Bihar","SUPAUL(DISTRICT PLANNING OFFICER SUPAUL_IDA)","Prof. Manoj Kumar Jha (2024-30) (2024-2030)","Elected MP","Installation work of high mast light Dalit Tola in Karanpur Panchayat Ward No 03 under Supaul block","08-May-2025","03-Dec-2025","820000","Physical Inspection"
"1428","Normal/Others","WS/MP042/2025-2026/197770-Lighting of public spaces","Bihar","SUPAUL(DISTRICT PLANNING OFFICER SUPAUL_IDA)","Prof. Manoj Kumar Jha (2024-30) (2024-2030)","Elected MP","Installation work of high mast light near Babapidh Kali Mandir located in Karanpur Panchayat Ward No 07 under Supaul block","08-May-2025","23-Mar-2026","820000","Physical Inspection"
"1429","Normal/Others","WS/MP042/2025-2026/207989-Lighting of public spaces","Bihar","SAHARSA(DISTRICT PLANNING OFFICER SAHARSA_IDA)","Prof. Manoj Kumar Jha (2024-30) (2024-2030)","Elected MP","Installation work of high mast light Near Bhagwati Asthan Rahua chowk  in Murli basantpur Panchayat under Kahra block.","11-Jun-2025","15-Dec-2025","697000","Physical Inspection"
"1430","Normal/Others","WS/MP042/2025-2026/207991-Lighting of public spaces","Bihar","SAHARSA(DISTRICT PLANNING OFFICER SAHARSA_IDA)","Prof. Manoj Kumar Jha (2024-30) (2024-2030)","Elected MP","Installation work of high mast light near Narshingh Baba Mandir (Thakurbari) located in Kahra block","11-Jun-2025","08-Sep-2025","697000","Physical Inspection"
"1431","Normal/Others","WS/MP042/2025-2026/207992-Lighting of public spaces","Bihar","SAHARSA(DISTRICT PLANNING OFFICER SAHARSA_IDA)","Prof. Manoj Kumar Jha (2024-30) (2024-2030)","Elected MP","Installation work of high mast light near Belha tol located in Bariyahi Panchayat Ward No 10 under Kahra block.","11-Jun-2025","16-Jun-2025","697000","Physical Inspection"
"1432","Normal/Others","WS/MP042/2025-2026/207993-Lighting of public spaces","Bihar","SAHARSA(DISTRICT PLANNING OFFICER SAHARSA_IDA)","Prof. Manoj Kumar Jha (2024-30) (2024-2030)","Elected MP","Installation work of high mast light near Rahua siman se 300 feet east NH-107  located in Bariyahi Panchayat under Kahra block.","11-Jun-2025","16-Jun-2025","697000","Physical Inspection"
"1433","Normal/Others","WS/MP042/2025-2026/207995-Lighting of public spaces","Bihar","SAHARSA(DISTRICT PLANNING OFFICER SAHARSA_IDA)","Prof. Manoj Kumar Jha (2024-30) (2024-2030)","Elected MP","Installation work of high mast light near Dinabhadri Asthan Lalganj located in Sahsaul Panchayat  under Sonbarsa block.","11-Jun-2025","26-Jun-2025","697000","Physical Inspection"
"1434","Normal/Others","WS/MP042/2025-2026/207996-Lighting of public spaces","Bihar","SAHARSA(DISTRICT PLANNING OFFICER SAHARSA_IDA)","Prof. Manoj Kumar Jha (2024-30) (2024-2030)","Elected MP","Installation work of high mast light near Laxmi Mandir gogri  located in Sarauni Madhepura Panchayat under Sonbarsa block.","11-Jun-2025","26-Jun-2025","697000","Physical Inspection"
"1435","Normal/Others","WS/MP042/2025-2026/207997-Lighting of public spaces","Bihar","SAHARSA(DISTRICT PLANNING OFFICER SAHARSA_IDA)","Prof. Manoj Kumar Jha (2024-30) (2024-2030)","Elected MP","Installation work of high mast light near Gola basa chouraha located in Raghunathpur Panchayat  under Sonbarsa block.","11-Jun-2025","26-Jun-2025","697000","Physical Inspection"
"1436","Normal/Others","WS/MP042/2025-2026/208143-Lighting of public spaces","Bihar","SAHARSA(DISTRICT PLANNING OFFICER SAHARSA_IDA)","Prof. Manoj Kumar Jha (2024-30) (2024-2030)","Elected MP","Installation work of high mast light near Mahaveer Asthan Basnahi located in Baithmushari Panchayat  under Sonbarsa block.","11-Jun-2025","26-Jun-2025","697000","Physical Inspection"
"1437","Normal/Others","WS/MP042/2025-2026/208144-Lighting of public spaces","Bihar","SAHARSA(DISTRICT PLANNING OFFICER SAHARSA_IDA)","Prof. Manoj Kumar Jha (2024-30) (2024-2030)","Elected MP","Installation work of high mast light near Prasidh Bhagwati Asthan dorma located in Aoukahi Panchayat  under Sattar kataiya block.","11-Jun-2025","06-Aug-2025","697000","Physical Inspection"
"1438","Normal/Others","WS/MP042/2025-2026/208145-Lighting of public spaces","Bihar","SAHARSA(DISTRICT PLANNING OFFICER SAHARSA_IDA)","Prof. Manoj Kumar Jha (2024-30) (2024-2030)","Elected MP","Installation work of high mast light near Hanuman mandir sisai located in Sisai Panchayat Ward No 11 under Sattar kataiya block.","11-Jun-2025","06-Aug-2025","697000","Physical Inspection"
"1439","Normal/Others","WS/MP042/2025-2026/208146-Lighting of public spaces","Bihar","SAHARSA(DISTRICT PLANNING OFFICER SAHARSA_IDA)","Prof. Manoj Kumar Jha (2024-30) (2024-2030)","Elected MP","Installation work of high mast light near Dumma Nahar pul se east v c se south located in Ward No 08 under Sattar kataiya block.","11-Jun-2025","06-Aug-2025","697000","Physical Inspection"
"1440","Normal/Others","WS/MP042/2025-2026/208147-Lighting of public spaces","Bihar","SAHARSA(DISTRICT PLANNING OFFICER SAHARSA_IDA)","Prof. Manoj Kumar Jha (2024-30) (2024-2030)","Elected MP","Installation work of high mast light near High school Baghwa maidan located in Baghwa Panchayat  under Simri bakhtiyarpur block.","11-Jun-2025","18-Jul-2025","697000","Physical Inspection"
"1441","Normal/Others","WS/MP042/2025-2026/208148-Lighting of public spaces","Bihar","SAHARSA(DISTRICT PLANNING OFFICER SAHARSA_IDA)","Prof. Manoj Kumar Jha (2024-30) (2024-2030)","Elected MP","Installation work of high mast light near bela tol Dharmraj baba ke nikat chouraha par (Late Kishun Yadav ji) ke ghar ke samne located in Mohammadpur Panchayat  under Simri bakhtiyarpur block.","11-Jun-2025","25-Jun-2025","697000","Physical Inspection"
"1442","Normal/Others","WS/MP042/2025-2026/208149-Lighting of public spaces","Bihar","SAHARSA(DISTRICT PLANNING OFFICER SAHARSA_IDA)","Prof. Manoj Kumar Jha (2024-30) (2024-2030)","Elected MP","Installation work of high mast light near shyama gas agency sisauna located in Kantho Panchayat  under Simribakhtiyarpur block.","11-Jun-2025","16-Jun-2025","697000","Physical Inspection"
"1443","Normal/Others","WS/MP042/2025-2026/208150-Lighting of public spaces","Bihar","SAHARSA(DISTRICT PLANNING OFFICER SAHARSA_IDA)","Prof. Manoj Kumar Jha (2024-30) (2024-2030)","Elected MP","Installation work of high mast light near Matihari gaon ajay singh ke ghar ke nikat located in Kantho Panchayat  under Simri bakhtiyarpur block.","11-Jun-2025","16-Jun-2025","697000","Physical Inspection"
"1444","Normal/Others","WS/MP042/2025-2026/208151-Lighting of public spaces","Bihar","SAHARSA(DISTRICT PLANNING OFFICER SAHARSA_IDA)","Prof. Manoj Kumar Jha (2024-30) (2024-2030)","Elected MP","Installation work of high mast light near gram kachahari awm maal godam ke nikat located in Kantho Panchayat  under Simri bakhtiyarpur block.","11-Jun-2025","16-Jun-2025","697000","Physical Inspection"
"1445","Normal/Others","WS/MP042/2025-2026/208152-Lighting of public spaces","Bihar","SAHARSA(DISTRICT PLANNING OFFICER SAHARSA_IDA)","Prof. Manoj Kumar Jha (2024-30) (2024-2030)","Elected MP","Installation work of high mast light near Sahuria east chourahe ke nikat located in Sahuriya East Panchayat  Ward No 01 under Sourbazar block.","11-Jun-2025","08-Aug-2025","697000","Physical Inspection"
"1446","Normal/Others","WS/MP042/2025-2026/208173-Lighting of public spaces","Bihar","SAHARSA(DISTRICT PLANNING OFFICER SAHARSA_IDA)","Prof. Manoj Kumar Jha (2024-30) (2024-2030)","Elected MP","Installation work of high mast light near Krishna mandir located in Muradpur Panchayat  Ward No 07 under Nowhatta block.","11-Jun-2025","18-Jul-2025","697000","Physical Inspection"
"1447","Normal/Others","WS/MP042/2025-2026/208174-Lighting of public spaces","Bihar","SAHARSA(DISTRICT PLANNING OFFICER SAHARSA_IDA)","Prof. Manoj Kumar Jha (2024-30) (2024-2030)","Elected MP","Installation work of high mast light near Shiv Mandir located in Kasimpur Panchayat  Ward No 16 under Nowhatta block.","11-Jun-2025","18-Jul-2025","697000","Physical Inspection"
"1448","Normal/Others","WS/MP042/2025-2026/208175-Lighting of public spaces","Bihar","SAHARSA(DISTRICT PLANNING OFFICER SAHARSA_IDA)","Prof. Manoj Kumar Jha (2024-30) (2024-2030)","Elected MP","Installation work of high mast light near krishna Mandir  located in Ekadh Panchayat ward no 03 under Nowhatta block.","11-Jun-2025","15-Jul-2025","697000","Physical Inspection"
"1449","Normal/Others","WS/MP042/2025-2026/208176-Lighting of public spaces","Bihar","SAHARSA(DISTRICT PLANNING OFFICER SAHARSA_IDA)","Prof. Manoj Kumar Jha (2024-30) (2024-2030)","Elected MP","Installation work of high mast light near Devanwan located in Shahpur Panchayat  under Nowhatta block.","11-Jun-2025","15-Jul-2025","697000","Physical Inspection"
"1450","Normal/Others","WS/MP042/2025-2026/208177-Lighting of public spaces","Bihar","SAHARSA(DISTRICT PLANNING OFFICER SAHARSA_IDA)","Prof. Manoj Kumar Jha (2024-30) (2024-2030)","Elected MP","Installation work of high mast light near Muslim tola ramauti masjid located in Kharka telwa Panchayat  under Nowhatta block.","11-Jun-2025","15-Jul-2025","697000","Physical Inspection"
"1451","Normal/Others","WS/MP042/2025-2026/208178-Lighting of public spaces","Bihar","SAHARSA(DISTRICT PLANNING OFFICER SAHARSA_IDA)","Prof. Manoj Kumar Jha (2024-30) (2024-2030)","Elected MP","Installation work of high mast light near Manjaul Masjid located in Shahpur Panchayat  Ward No 11 under Nowhatta block.","11-Jun-2025","15-Jul-2025","697000","Physical Inspection"
"1452","Normal/Others","WS/MP042/2025-2026/208179-Lighting of public spaces","Bihar","SAHARSA(DISTRICT PLANNING OFFICER SAHARSA_IDA)","Prof. Manoj Kumar Jha (2024-30) (2024-2030)","Elected MP","Installation work of high mast light near Chhat ghat (Late Pramod singh darwaja) located in Saraunja  Panchayat  Ward No 08 under Simri bakhtiyarpur block.","11-Jun-2025","25-Jun-2025","697000","Physical Inspection"
"1453","Normal/Others","WS/MP042/2025-2026/208181-Lighting of public spaces","Bihar","SAHARSA(DISTRICT PLANNING OFFICER SAHARSA_IDA)","Prof. Manoj Kumar Jha (2024-30) (2024-2030)","Elected MP","Installation work of high mast light near Chainpur purani Kali Mandir located in Chainpur Panchayat  under Kahra block.","11-Jun-2025","15-Jul-2025","697000","Physical Inspection"
"1454","Normal/Others","WS/MP042/2025-2026/208182-Lighting of public spaces","Bihar","SAHARSA(DISTRICT PLANNING OFFICER SAHARSA_IDA)","Prof. Manoj Kumar Jha (2024-30) (2024-2030)","Elected MP","Installation work of high mast light near Chainpur nayi Kali Mandir located in Chainpur Panchayat  under Kahra block.","11-Jun-2025","15-Jul-2025","697000","Physical Inspection"
"1455","Normal/Others","WS/MP042/2025-2026/208201-Lighting of public spaces","Bihar","SAHARSA(DISTRICT PLANNING OFFICER SAHARSA_IDA)","Prof. Manoj Kumar Jha (2024-30) (2024-2030)","Elected MP","Installation work of high mast light near Ramjanki Thakurbari located in Murli basantpur panchayat  ward No 14 under Kahra block.","11-Jun-2025","08-Sep-2025","697000","Physical Inspection"
"1456","Normal/Others","WS/MP042/2025-2026/208202-Lighting of public spaces","Bihar","SAHARSA(DISTRICT PLANNING OFFICER SAHARSA_IDA)","Prof. Manoj Kumar Jha (2024-30) (2024-2030)","Elected MP","Installation work of high mast light near barshi chowk located in Hareba Panchayat  under Salkhua block.","11-Jun-2025","04-Sep-2025","697000","Physical Inspection"
"1457","Normal/Others","WS/MP042/2025-2026/208203-Lighting of public spaces","Bihar","SAHARSA(DISTRICT PLANNING OFFICER SAHARSA_IDA)","Prof. Manoj Kumar Jha (2024-30) (2024-2030)","Elected MP","Installation work of high mast light near Khajuraha Masjid chowk located in Hareba Panchayat  under Salkhua block.","11-Jun-2025","25-Aug-2025","697000","Physical Inspection"
"1458","Normal/Others","WS/MP042/2025-2026/208204-Lighting of public spaces","Bihar","SAHARSA(DISTRICT PLANNING OFFICER SAHARSA_IDA)","Prof. Manoj Kumar Jha (2024-30) (2024-2030)","Elected MP","Installation work of high mast light near Shiv Mandir located in Mobarakpur Panchayat  under Salkhua block.","11-Jun-2025","18-Jul-2025","697000","Physical Inspection"
"1459","Normal/Others","WS/MP042/2025-2026/208205-Lighting of public spaces","Bihar","SAHARSA(DISTRICT PLANNING OFFICER SAHARSA_IDA)","Prof. Manoj Kumar Jha (2024-30) (2024-2030)","Elected MP","Installation work of high mast light near Narmdeshwar Mahadev Mandirlocated in Kasimpur panchayat  ward No 06 under Nowhatta block.","11-Jun-2025","18-Jul-2025","697000","Physical Inspection"
"1460","Normal/Others","WS/MP042/2025-2026/208206-Lighting of public spaces","Bihar","SAHARSA(DISTRICT PLANNING OFFICER SAHARSA_IDA)","Prof. Manoj Kumar Jha (2024-30) (2024-2030)","Elected MP","Installation work of high mast light near Mushari tola located in kantho panchayat  ward No 05 awm 09 under Simri Bakhtiyapur block.","11-Jun-2025","16-Jun-2025","697000","Physical Inspection"
"1461","Normal/Others","WS/MP042/2025-2026/208207-Lighting of public spaces","Bihar","SAHARSA(DISTRICT PLANNING OFFICER SAHARSA_IDA)","Prof. Manoj Kumar Jha (2024-30) (2024-2030)","Elected MP","Installation work of high mast light near Thakurbari mohalla Panchayat sarkar bhawan located in Jamhara Panchayat  under Patarghat block.","11-Jun-2025","21-Jun-2025","697000","Physical Inspection"
"1462","Normal/Others","WS/MP042/2025-2026/208208-Lighting of public spaces","Bihar","SAHARSA(DISTRICT PLANNING OFFICER SAHARSA_IDA)","Prof. Manoj Kumar Jha (2024-30) (2024-2030)","Elected MP","Installation work of high mast light near Bhagwati Asthan located in Golma west Panchayat ward no 09  under patarghat block.","11-Jun-2025","21-Jun-2025","697000","Physical Inspection"
"1463","Normal/Others","WS/MP042/2025-2026/208209-Lighting of public spaces","Bihar","SAHARSA(DISTRICT PLANNING OFFICER SAHARSA_IDA)","Prof. Manoj Kumar Jha (2024-30) (2024-2030)","Elected MP","Installation work of high mast light near ramjanki mandir Bhaddi located in Jamhara Panchayat ward No 18  under Patarghat block.","11-Jun-2025","21-Jun-2025","697000","Physical Inspection"
"1464","Normal/Others","WS/MP042/2025-2026/208210-Lighting of public spaces","Bihar","SAHARSA(DISTRICT PLANNING OFFICER SAHARSA_IDA)","Prof. Manoj Kumar Jha (2024-30) (2024-2030)","Elected MP","Installation work of high mast light near shiv mandir chikni beshya tola located in chikni Panchayat  under Sourbazar block.","11-Jun-2025","08-Aug-2025","697000","Physical Inspection"
"1465","Normal/Others","WS/MP042/2025-2026/208211-Lighting of public spaces","Bihar","SAHARSA(DISTRICT PLANNING OFFICER SAHARSA_IDA)","Prof. Manoj Kumar Jha (2024-30) (2024-2030)","Elected MP","Installation work of high mast light near shiv mandir rahua location in Rampur panchayat Ward No 12 under sourbazar block.","11-Jun-2025","25-Aug-2025","697000","Physical Inspection"
"1466","Normal/Others","WS/MP042/2025-2026/220028-Lighting of public spaces","Bihar","SAHARSA(DISTRICT PLANNING OFFICER SAHARSA_IDA)","Prof. Manoj Kumar Jha (2024-30) (2024-2030)","Elected MP","Installation work of high mast light Sarua Mahadev Mandir Chowk located in Atalakha Panchayat Ward No 13 under Sonbarsha block.","19-Jul-2025","21-Jul-2025","697000","Physical Inspection"
"1467","Normal/Others","WS/MP042/2025-2026/220029-Lighting of public spaces","Bihar","SAHARSA(DISTRICT PLANNING OFFICER SAHARSA_IDA)","Prof. Manoj Kumar Jha (2024-30) (2024-2030)","Elected MP","Installation work of high mast light near Post office located in Atalakha Panchayat Ward No 02 under Sonbarsha block.","19-Jul-2025","21-Jul-2025","697000","Physical Inspection"
"1468","Normal/Others","WS/MP042/2025-2026/220030-Lighting of public spaces","Bihar","SAHARSA(DISTRICT PLANNING OFFICER SAHARSA_IDA)","Prof. Manoj Kumar Jha (2024-30) (2024-2030)","Elected MP","Installation work of high mast light Badhauna Banrangbali Asthan Chowk located in Atalakha Panchayat Ward No 16 under Sonbarsha block.","19-Jul-2025","28-Jul-2025","697000","Physical Inspection"
"1469","Normal/Others","WS/MP042/2025-2026/220031-Lighting of public spaces","Bihar","SAHARSA(DISTRICT PLANNING OFFICER SAHARSA_IDA)","Prof. Manoj Kumar Jha (2024-30) (2024-2030)","Elected MP","Installation work of high mast light near Asatbhuja Durga Mandir located in Saraunja Panchayat under Simri Bakhtiyarpur block.","19-Jul-2025","21-Jul-2025","697000","Physical Inspection"
"1470","Normal/Others","WS/MP001/2025-2026/224451-Lighting of public spaces","Bihar","PATNA(DISTRICT PLANNING OFFICER PATNA_IDA)","Shri Shambhu Sharan Patel (2022-28) (2022-2028)","Elected MP","Near the community building located in Block Mokama Panchayat Dariyapur Village Murarpur Ward No. 04.","02-Aug-2025","24-Sep-2025","970000","Physical Inspection"
"1471","Normal/Others","WS/MP001/2025-2026/224452-Lighting of public spaces","Bihar","PATNA(DISTRICT PLANNING OFFICER PATNA_IDA)","Shri Shambhu Sharan Patel (2022-28) (2022-2028)","Elected MP","Near Kabaddi Maidan Maujamchak located in Block Mokama, Panchyat Dariyapur Ward No-01 Dist- Patna","02-Aug-2025","26-Sep-2025","970000","Physical Inspection"
"1472","Normal/Others","WS/MP042/2025-2026/225483-Lighting of public spaces","Bihar","SUPAUL(DISTRICT PLANNING OFFICER SUPAUL_IDA)","Prof. Manoj Kumar Jha (2024-30) (2024-2030)","Elected MP","Installation work of high mast light Chandpipar Panchayat Ward No 12 under Saraigadh Bhaptiyahi block.","06-Aug-2025","03-Dec-2025","820000","Physical Inspection"
"1473","Normal/Others","WS/MP042/2025-2026/225484-Lighting of public spaces","Bihar","SUPAUL(DISTRICT PLANNING OFFICER SUPAUL_IDA)","Prof. Manoj Kumar Jha (2024-30) (2024-2030)","Elected MP","Installation work of high mast light near Durmeshwar Mandir Jagatpur in Baruari Panchayat Ward No 09 under Supaul block.","06-Aug-2025","03-Dec-2025","820000","Physical Inspection"
"1474","Normal/Others","WS/MP042/2025-2026/225485-Lighting of public spaces","Bihar","SUPAUL(DISTRICT PLANNING OFFICER SUPAUL_IDA)","Prof. Manoj Kumar Jha (2024-30) (2024-2030)","Elected MP","Installation work of high mast light near Durga mandir thuthi in Chainpur Panchayat under Chhatapur block.","06-Aug-2025","19-Mar-2026","820000","Physical Inspection"
"1475","Normal/Others","WS/MP042/2025-2026/225486-Lighting of public spaces","Bihar","SUPAUL(DISTRICT PLANNING OFFICER SUPAUL_IDA)","Prof. Manoj Kumar Jha (2024-30) (2024-2030)","Elected MP","Installation work of high mast light near Kapileshwar baba asthan Baruari Panchayat under Supaul block.","06-Aug-2025","03-Dec-2025","820000","Physical Inspection"
"1476","Normal/Others","WS/MP042/2025-2026/225487-Lighting of public spaces","Bihar","SUPAUL(DISTRICT PLANNING OFFICER SUPAUL_IDA)","Prof. Manoj Kumar Jha (2024-30) (2024-2030)","Elected MP","Installation work of high mast light Mahadalit tola near Koshi suraksha Tatbandh  in Telwa paschami Panchayat Ward No 06 under Supaul block.","06-Aug-2025","03-Dec-2025","820000","Physical Inspection"
"1477","Normal/Others","WS/MP042/2025-2026/225488-Lighting of public spaces","Bihar","SUPAUL(DISTRICT PLANNING OFFICER SUPAUL_IDA)","Prof. Manoj Kumar Jha (2024-30) (2024-2030)","Elected MP","Installation work of high mast light near Panchwati chowk Bakor hat in Bakor Panchayat under Supaul block.","06-Aug-2025","03-Dec-2025","820000","Physical Inspection"
"1478","Normal/Others","WS/MP042/2025-2026/225490-Lighting of public spaces","Bihar","SAHARSA(DISTRICT PLANNING OFFICER SAHARSA_IDA)","Prof. Manoj Kumar Jha (2024-30) (2024-2030)","Elected MP","Installation work of high mast light near Darmiyani chikni Jama Masjid 40 feet uttar chauraha located in Rauta khem Panchayat Ward No 01 under Sourbazar block.","06-Aug-2025","25-Aug-2025","697000","Physical Inspection"
"1479","Normal/Others","WS/MP042/2025-2026/225491-Lighting of public spaces","Bihar","SAHARSA(DISTRICT PLANNING OFFICER SAHARSA_IDA)","Prof. Manoj Kumar Jha (2024-30) (2024-2030)","Elected MP","Installation work of high mast light Dehad located in Dehad Panchayat Ward No 03 under Sonbarsha block.","06-Aug-2025","08-Aug-2025","697000","Physical Inspection"
"1480","Normal/Others","WS/MP042/2025-2026/225492-Lighting of public spaces","Bihar","SAHARSA(DISTRICT PLANNING OFFICER SAHARSA_IDA)","Prof. Manoj Kumar Jha (2024-30) (2024-2030)","Elected MP","Installation work of high mast light Dibra Masjid located in Kharka telwa Panchayat Ward No 14 under Nowhatta block.","06-Aug-2025","25-Aug-2025","697000","Physical Inspection"
"1481","Normal/Others","WS/MP042/2025-2026/226790-Lighting of public spaces","Bihar","SAHARSA(DISTRICT PLANNING OFFICER SAHARSA_IDA)","Prof. Manoj Kumar Jha (2024-30) (2024-2030)","Elected MP","Installation work of high mast light near Yoga baba mandir baliya located in Bargaon Panchayat under Sonbarsha block","13-Aug-2025","04-Sep-2025","697000","Physical Inspection"
"1482","Normal/Others","WS/MP042/2025-2026/226791-Lighting of public spaces","Bihar","SAHARSA(DISTRICT PLANNING OFFICER SAHARSA_IDA)","Prof. Manoj Kumar Jha (2024-30) (2024-2030)","Elected MP","Installation work of high mast light near Imambara chauraha chikni dakshinbari located in rauta khem Panchayat Ward No 02 under sourbazar block","13-Aug-2025","18-Sep-2025","697000","Physical Inspection"
"1483","Normal/Others","WS/MP042/2025-2026/231016-Lighting of public spaces","Bihar","SAHARSA(DISTRICT PLANNING OFFICER SAHARSA_IDA)","Prof. Manoj Kumar Jha (2024-30) (2024-2030)","Elected MP","Installation work of high mast light Near Chandeshwari Ji House Dumma located in Okahi Panchayat Ward No 07 under Sattar Kataiya block.","02-Sep-2025","04-Sep-2025","697000","Physical Inspection"
"1484","Normal/Others","WS/MP042/2025-2026/231017-Lighting of public spaces","Bihar","SAHARSA(DISTRICT PLANNING OFFICER SAHARSA_IDA)","Prof. Manoj Kumar Jha (2024-30) (2024-2030)","Elected MP","Installation work of high mast light Devhad Sharma Tola Near Bajrangbali Asthan located in Sahsaul Panchayat Ward No 03 under Sonbarsha block.","02-Sep-2025","04-Sep-2025","697000","Physical Inspection"
"1485","Normal/Others","WS/MP042/2025-2026/231018-Lighting of public spaces","Bihar","SAHARSA(DISTRICT PLANNING OFFICER SAHARSA_IDA)","Prof. Manoj Kumar Jha (2024-30) (2024-2030)","Elected MP","Installation work of high mast light Near Teendhara Baba Asthan Satrudhan Sada House located in Sahsaul Panchayat Ward No 08 under Sonbarsha block.","02-Sep-2025","04-Sep-2025","697000","Physical Inspection"
"1486","Normal/Others","WS/MP042/2025-2026/231019-Lighting of public spaces","Bihar","SAHARSA(DISTRICT PLANNING OFFICER SAHARSA_IDA)","Prof. Manoj Kumar Jha (2024-30) (2024-2030)","Elected MP","Installation work of high mast light Near Pahlam Brahman Tola ke Sharma Tola Ganesh Das house located in Ghourdaur Panchayat Ward No 13 under Banma Itahari block.","02-Sep-2025","08-Sep-2025","697000","Physical Inspection"
"1487","Normal/Others","WS/MP042/2025-2026/231020-Lighting of public spaces","Bihar","SAHARSA(DISTRICT PLANNING OFFICER SAHARSA_IDA)","Prof. Manoj Kumar Jha (2024-30) (2024-2030)","Elected MP","Installation work of high mast light Near Prabha tej Narayan Prathmik School  located in Sattaur Panchayat under Nowhatta block.","02-Sep-2025","04-Sep-2025","697000","Physical Inspection"
"1488","Normal/Others","WS/MP042/2025-2026/238870-Lighting of public spaces","Bihar","SAHARSA(DISTRICT PLANNING OFFICER SAHARSA_IDA)","Prof. Manoj Kumar Jha (2024-30) (2024-2030)","Elected MP","Installation work of high mast light near Harijan Ghani Aabadi Kari Paswan House located in Saraunja Panchayat under Simri Bakhtiyarpur block.","29-Sep-2025","06-Oct-2025","697000","Physical Inspection"
"1489","Normal/Others","WS/MP042/2025-2026/238871-Lighting of public spaces","Bihar","SAHARSA(DISTRICT PLANNING OFFICER SAHARSA_IDA)","Prof. Manoj Kumar Jha (2024-30) (2024-2030)","Elected MP","Installation work of high mast light near Kal Bhairav Mandir located in Kantho Panchayat under Simri Bakhtiyarpur block.","29-Sep-2025","06-Oct-2025","697000","Physical Inspection"
"1490","Normal/Others","WS/MP042/2025-2026/238873-Lighting of public spaces","Bihar","SAHARSA(DISTRICT PLANNING OFFICER SAHARSA_IDA)","Prof. Manoj Kumar Jha (2024-30) (2024-2030)","Elected MP","Installation work of high mast light near Primary School Sihaul located in Sihaul Panchayat Ward No 07 under Sattar Kataiya block.","29-Sep-2025","12-Jan-2026","697000","Physical Inspection"
"1491","Normal/Others","WS/MP042/2025-2026/238874-Lighting of public spaces","Bihar","SAHARSA(DISTRICT PLANNING OFFICER SAHARSA_IDA)","Prof. Manoj Kumar Jha (2024-30) (2024-2030)","Elected MP","Installation work of high mast light near Brahm Asthan Silet located in Silet Panchayat under Sourbazar block.","29-Sep-2025","15-Dec-2025","697000","Physical Inspection"
"1492","Normal/Others","WS/MP042/2025-2026/238877-Lighting of public spaces","Bihar","SAHARSA(DISTRICT PLANNING OFFICER SAHARSA_IDA)","Prof. Manoj Kumar Jha (2024-30) (2024-2030)","Elected MP","Installation work of high mast light near sub health center barahi located in Kashnagar Panchayat under Sonbarsha block.","29-Sep-2025","06-Oct-2025","697000","Physical Inspection"
"1493","Normal/Others","WS/MP042/2025-2026/238879-Lighting of public spaces","Bihar","SAHARSA(DISTRICT PLANNING OFFICER SAHARSA_IDA)","Prof. Manoj Kumar Jha (2024-30) (2024-2030)","Elected MP","Installation work of high mast light near Gareri Chauraha Bariban wali road located in Sahsaul Panchayat Ward No 07 under Sonbarsha block.","29-Sep-2025","12-Jan-2026","697000","Physical Inspection"
"1494","Normal/Others","WS/MP042/2025-2026/252767-Lighting of public spaces","Bihar","SAHARSA(DISTRICT PLANNING OFFICER SAHARSA_IDA)","Prof. Manoj Kumar Jha (2024-30) (2024-2030)","Elected MP","Installation work of high mast light near Hanuman Mandir (Primary School) located in Sahsaul Panchayat Ward No 04 under Sonbarsha block","08-Dec-2025","13-Jan-2026","697000","Physical Inspection"
"1495","Normal/Others","WS/MP041/2024-2025/55615-Street lights","Bihar","MADHUBANI(DISTRICT PLANNING OFFICER MADHUBANI_IDA)","Dr. Faiyaz Ahmad (2022-28) (2022-2028)","Elected MP","Electricals High Mast light 16 Meter  (Installation and supply complete  work) as per Recommended  Specifications.","02-Dec-2023","29-Aug-2024","998000","Physical Inspection"
"1496","Normal/Others","WS/MP041/2024-2025/55616-Street lights","Bihar","MADHUBANI(DISTRICT PLANNING OFFICER MADHUBANI_IDA)","Dr. Faiyaz Ahmad (2022-28) (2022-2028)","Elected MP","Electricals High Mast light 16 Meter  (Installation and supply complete  work) as per Recommended  Specifications.","02-Dec-2023","29-Aug-2024","998000","Physical Inspection"
"1497","Normal/Others","WS/MP041/2024-2025/55617-Street lights","Bihar","MADHUBANI(DISTRICT PLANNING OFFICER MADHUBANI_IDA)","Dr. Faiyaz Ahmad (2022-28) (2022-2028)","Elected MP","Electricals High Mast light 16 Meter  (Installation and supply complete  work) as per Recommended  Specifications.","02-Dec-2023","29-Aug-2024","998000","Physical Inspection"
"1498","Normal/Others","WS/MP041/2024-2025/55624-Street lights","Bihar","MADHUBANI(DISTRICT PLANNING OFFICER MADHUBANI_IDA)","Dr. Faiyaz Ahmad (2022-28) (2022-2028)","Elected MP","Electricals High Mast light 16 Meter  (Installation and supply complete  work) as per Recommended  Specifications.","02-Dec-2023","29-Aug-2024","998000","Physical Inspection"
"1499","Normal/Others","WS/MP041/2024-2025/55625-Street lights","Bihar","MADHUBANI(DISTRICT PLANNING OFFICER MADHUBANI_IDA)","Dr. Faiyaz Ahmad (2022-28) (2022-2028)","Elected MP","Electricals High Mast light 16 Meter  (Installation and supply complete  work) as per Recommended  Specifications.","02-Dec-2023","29-Aug-2024","998000","Physical Inspection"
"1500","Normal/Others","WS/MP041/2024-2025/55626-Street lights","Bihar","MADHUBANI(DISTRICT PLANNING OFFICER MADHUBANI_IDA)","Dr. Faiyaz Ahmad (2022-28) (2022-2028)","Elected MP","Electricals High Mast light 16 Meter  (Installation and supply complete  work) as per Recommended  Specifications.","02-Dec-2023","29-Aug-2024","998000","Physical Inspection"
"1501","Normal/Others","WS/MP041/2024-2025/55627-Street lights","Bihar","MADHUBANI(DISTRICT PLANNING OFFICER MADHUBANI_IDA)","Dr. Faiyaz Ahmad (2022-28) (2022-2028)","Elected MP","Electricals High Mast light 16 Meter  (Installation and supply complete  work) as per Recommended  Specifications.","02-Dec-2023","29-Aug-2024","998000","Physical Inspection"
"1502","Normal/Others","WS/MP041/2024-2025/55648-Street lights","Bihar","MADHUBANI(DISTRICT PLANNING OFFICER MADHUBANI_IDA)","Dr. Faiyaz Ahmad (2022-28) (2022-2028)","Elected MP","Electricals High Mast light 16 Meter  (Installation and supply complete  work) as per Recommended  Specifications.","02-Dec-2023","29-Aug-2024","998000","Physical Inspection"
"1503","Normal/Others","WS/MP041/2024-2025/55649-Street lights","Bihar","MADHUBANI(DISTRICT PLANNING OFFICER MADHUBANI_IDA)","Dr. Faiyaz Ahmad (2022-28) (2022-2028)","Elected MP","Electricals High Mast light 16 Meter  (Installation and supply complete  work) as per Recommended  Specifications.","02-Dec-2023","29-Aug-2024","998000","Physical Inspection"
"1504","Normal/Others","WS/MP041/2024-2025/55650-Street lights","Bihar","MADHUBANI(DISTRICT PLANNING OFFICER MADHUBANI_IDA)","Dr. Faiyaz Ahmad (2022-28) (2022-2028)","Elected MP","Electricals High Mast light 16 Meter  (Installation and supply complete  work) as per Recommended  Specifications.","02-Dec-2023","29-Aug-2024","998000","Physical Inspection"
"1505","Normal/Others","WS/MP041/2024-2025/55651-Street lights","Bihar","MADHUBANI(DISTRICT PLANNING OFFICER MADHUBANI_IDA)","Dr. Faiyaz Ahmad (2022-28) (2022-2028)","Elected MP","Electricals High Mast light 16 Meter  (Installation and supply complete  work) as per Recommended  Specifications.","02-Dec-2023","29-Aug-2024","998000","Physical Inspection"
"1506","Normal/Others","WS/MP041/2024-2025/55652-Street lights","Bihar","MADHUBANI(DISTRICT PLANNING OFFICER MADHUBANI_IDA)","Dr. Faiyaz Ahmad (2022-28) (2022-2028)","Elected MP","Electricals High Mast light 16 Meter  (Installation and supply complete  work) as per Recommended  Specifications.","02-Dec-2023","29-Aug-2024","998000","Physical Inspection"
"1507","Normal/Others","WS/MP001/2025-2026/156269-Street lights","Bihar","MADHUBANI(DISTRICT PLANNING OFFICER MADHUBANI_IDA)","Shri Shambhu Sharan Patel (2022-28) (2022-2028)","Elected MP","1.Supplyerrectionandcommissioning of 17 Mtr. High Mast Lighting Tower in 2 section with 8 Nos","01-Dec-2024","01-Jul-2025","1040000","Physical Inspection"
"1508","Normal/Others","WS/MP001/2025-2026/156270-Street lights","Bihar","MADHUBANI(DISTRICT PLANNING OFFICER MADHUBANI_IDA)","Shri Shambhu Sharan Patel (2022-28) (2022-2028)","Elected MP","2.Supplyerrectionandcommissioning of 17 Mtr. High Mast Lighting Tower in 2 section with 8 Nos.","01-Dec-2024","01-Jul-2025","1040000","Physical Inspection"
"1509","Normal/Others","WS/MP041/2025-2026/157407-Street lights","Bihar","MADHUBANI(DISTRICT PLANNING OFFICER MADHUBANI_IDA)","Dr. Faiyaz Ahmad (2022-28) (2022-2028)","Elected MP","Electricals High Mast Light 16 Meter (Installation and supply complete work) as per Recommended Specifications. The above estimated amount is given for estimation only. An estimate should be made and presented to us. In this context, all the rules of the Central and State Government should be strictly followed and investigation should be done so that no mistake is found in the estimate.","08-Dec-2024","13-May-2025","996005","Physical Inspection"
"1510","Normal/Others","WS/MP041/2025-2026/157408-Street lights","Bihar","MADHUBANI(DISTRICT PLANNING OFFICER MADHUBANI_IDA)","Dr. Faiyaz Ahmad (2022-28) (2022-2028)","Elected MP","Electricals High Mast Light 16 Meter (Installation and supply complete work) as per Recommended Specifications. The above estimated amount is given for estimation only. An estimate should be made and presented to us. In this context, all the rules of the Central and State Government should be strictly followed and investigation should be done so that no mistake is found in the estimate.","08-Dec-2024","13-May-2025","996005","Physical Inspection"
"1511","Normal/Others","WS/MP041/2025-2026/157409-Street lights","Bihar","MADHUBANI(DISTRICT PLANNING OFFICER MADHUBANI_IDA)","Dr. Faiyaz Ahmad (2022-28) (2022-2028)","Elected MP","Electricals High Mast Light 16 Meter (Installation and supply complete work) as per Recommended Specifications. The above estimated amount is given for estimation only. An estimate should be made and presented to us. In this context, all the rules of the Central and State Government should be strictly followed and investigation should be done so that no mistake is found in the estimate.","08-Dec-2024","13-May-2025","996005","Physical Inspection"
"1512","Normal/Others","WS/MP041/2025-2026/157410-Street lights","Bihar","MADHUBANI(DISTRICT PLANNING OFFICER MADHUBANI_IDA)","Dr. Faiyaz Ahmad (2022-28) (2022-2028)","Elected MP","Electricals High Mast Light 16 Meter (Installation and supply complete work) as per Recommended Specifications. The above estimated amount is given for estimation only. An estimate should be made and presented to us. In this context, all the rules of the Central and State Government should be strictly followed and investigation should be done so that no mistake is found in the estimate.","08-Dec-2024","13-May-2025","996005","Physical Inspection"
"1513","Normal/Others","WS/MP041/2025-2026/157411-Street lights","Bihar","MADHUBANI(DISTRICT PLANNING OFFICER MADHUBANI_IDA)","Dr. Faiyaz Ahmad (2022-28) (2022-2028)","Elected MP","Electricals High Mast Light 16 Meter (Installation and supply complete work) as per Recommended Specifications. The above estimated amount is given for estimation only. An estimate should be made and presented to us. In this context, all the rules of the Central and State Government should be strictly followed and investigation should be done so that no mistake is found in the estimate.","08-Dec-2024","13-May-2025","996005","Physical Inspection"
"1514","Normal/Others","WS/MP041/2025-2026/157412-Street lights","Bihar","MADHUBANI(DISTRICT PLANNING OFFICER MADHUBANI_IDA)","Dr. Faiyaz Ahmad (2022-28) (2022-2028)","Elected MP","Electricals High Mast Light 16 Meter (Installation and supply complete work) as per Recommended Specifications. The above estimated amount is given for estimation only. An estimate should be made and presented to us. In this context, all the rules of the Central and State Government should be strictly followed and investigation should be done so that no mistake is found in the estimate.","08-Dec-2024","13-May-2025","996005","Physical Inspection"
"1515","Normal/Others","WS/MP041/2025-2026/157413-Street lights","Bihar","MADHUBANI(DISTRICT PLANNING OFFICER MADHUBANI_IDA)","Dr. Faiyaz Ahmad (2022-28) (2022-2028)","Elected MP","Electricals High Mast Light 16 Meter (Installation and supply complete work) as per Recommended Specifications. The above estimated amount is given for estimation only. An estimate should be made and presented to us. In this context, all the rules of the Central and State Government should be strictly followed and investigation should be done so that no mistake is found in the estimate.","08-Dec-2024","13-May-2025","996005","Physical Inspection"
"1516","Normal/Others","WS/MP041/2025-2026/157414-Street lights","Bihar","MADHUBANI(DISTRICT PLANNING OFFICER MADHUBANI_IDA)","Dr. Faiyaz Ahmad (2022-28) (2022-2028)","Elected MP","Electricals High Mast Light 16 Meter (Installation and supply complete work) as per Recommended Specifications. The above estimated amount is given for estimation only. An estimate should be made and presented to us. In this context, all the rules of the Central and State Government should be strictly followed and investigation should be done so that no mistake is found in the estimate.","08-Dec-2024","13-May-2025","996005","Physical Inspection"
"1517","Normal/Others","WS/MP041/2025-2026/157415-Street lights","Bihar","MADHUBANI(DISTRICT PLANNING OFFICER MADHUBANI_IDA)","Dr. Faiyaz Ahmad (2022-28) (2022-2028)","Elected MP","Electricals High Mast Light 16 Meter (Installation and supply complete work) as per Recommended Specifications. The above estimated amount is given for estimation only. An estimate should be made and presented to us. In this context, all the rules of the Central and State Government should be strictly followed and investigation should be done so that no mistake is found in the estimate.","08-Dec-2024","13-May-2025","996005","Physical Inspection"
"1518","Normal/Others","WS/MP041/2025-2026/157416-Street lights","Bihar","MADHUBANI(DISTRICT PLANNING OFFICER MADHUBANI_IDA)","Dr. Faiyaz Ahmad (2022-28) (2022-2028)","Elected MP","Electricals High Mast Light 16 Meter (Installation and supply complete work) as per Recommended Specifications. The above estimated amount is given for estimation only. An estimate should be made and presented to us. In this context, all the rules of the Central and State Government should be strictly followed and investigation should be done so that no mistake is found in the estimate.","08-Dec-2024","13-May-2025","996005","Physical Inspection"
"1519","Normal/Others","WS/MP041/2025-2026/157417-Street lights","Bihar","MADHUBANI(DISTRICT PLANNING OFFICER MADHUBANI_IDA)","Dr. Faiyaz Ahmad (2022-28) (2022-2028)","Elected MP","Electricals High Mast Light 16 Meter (Installation and supply complete work) as per Recommended Specifications. The above estimated amount is given for estimation only. An estimate should be made and presented to us. In this context, all the rules of the Central and State Government should be strictly followed and investigation should be done so that no mistake is found in the estimate.","08-Dec-2024","13-May-2025","996005","Physical Inspection"
"1520","Normal/Others","WS/MP041/2025-2026/157418-Street lights","Bihar","MADHUBANI(DISTRICT PLANNING OFFICER MADHUBANI_IDA)","Dr. Faiyaz Ahmad (2022-28) (2022-2028)","Elected MP","Electricals High Mast Light 16 Meter (Installation and supply complete work) as per Recommended Specifications. The above estimated amount is given for estimation only. An estimate should be made and presented to us. In this context, all the rules of the Central and State Government should be strictly followed and investigation should be done so that no mistake is found in the estimate.","08-Dec-2024","13-May-2025","996005","Physical Inspection"
"1521","Normal/Others","WS/MP041/2025-2026/157419-Street lights","Bihar","MADHUBANI(DISTRICT PLANNING OFFICER MADHUBANI_IDA)","Dr. Faiyaz Ahmad (2022-28) (2022-2028)","Elected MP","Electricals High Mast Light 16 Meter (Installation and supply complete work) as per Recommended Specifications. The above estimated amount is given for estimation only. An estimate should be made and presented to us. In this context, all the rules of the Central and State Government should be strictly followed and investigation should be done so that no mistake is found in the estimate.","08-Dec-2024","13-May-2025","996005","Physical Inspection"
"1522","Normal/Others","WS/MP041/2025-2026/157420-Street lights","Bihar","MADHUBANI(DISTRICT PLANNING OFFICER MADHUBANI_IDA)","Dr. Faiyaz Ahmad (2022-28) (2022-2028)","Elected MP","Electricals High Mast Light 16 Meter (Installation and supply complete work) as per Recommended Specifications. The above estimated amount is given for estimation only. An estimate should be made and presented to us. In this context, all the rules of the Central and State Government should be strictly followed and investigation should be done so that no mistake is found in the estimate.","08-Dec-2024","13-May-2025","996005","Physical Inspection"
"1523","Normal/Others","WS/MP001/2025-2026/192333-Street lights","Bihar","MADHUBANI(DISTRICT PLANNING OFFICER MADHUBANI_IDA)","Shri Shambhu Sharan Patel (2022-28) (2022-2028)","Elected MP","17 Mtr High Mast Lighting Tower in 2 section with 8 Nos. 200 Wt LED Flood Light fitting confirming to IS 2062BSEN 10025 beside the road near Sri Keshav Heritag Hospital,SaptaMadhubani inWard No 27   01 Nos","18-Apr-2025","12-Sep-2025","1040000","Physical Inspection"
"1524","Normal/Others","WS/MP001/2025-2026/192334-Street lights","Bihar","MADHUBANI(DISTRICT PLANNING OFFICER MADHUBANI_IDA)","Shri Shambhu Sharan Patel (2022-28) (2022-2028)","Elected MP","17 Mtr. High Mast Lighting Tower in 2 section with 8 Nos. 200 Wt. LED Flood Light fitting confirming to IS 2062BSEN  10025 beside the road near  the House of Panni Lal Yadav  Village- Paliwar Block- Rajnagar, Dist.- Madhubani","18-Apr-2025","14-Aug-2025","1040000","Physical Inspection"
"1525","Normal/Others","WS/MP001/2026-2027/271653-Street lights","Bihar","MADHUBANI(DISTRICT PLANNING OFFICER MADHUBANI_IDA)","Shri Shambhu Sharan Patel (2022-28) (2022-2028)","Elected MP","Supplyerrectionandcommissioning of 17 Mtr. High Mast Lighting Tower in 2 section with 8 Nos. 200 Wt. LED Flood Light fitting confirming to IS 2062BSEN 10025 Near  Ram Nagar, Durga Mandir, Panchayat Parjuaar, Block-Benipatti, Dist.- Madhubani-","28-Feb-2026","04-Jul-2026","1040000","Sanction"
"1526","Normal/Others","WS/MP001/2026-2027/271654-Street lights","Bihar","MADHUBANI(DISTRICT PLANNING OFFICER MADHUBANI_IDA)","Shri Shambhu Sharan Patel (2022-28) (2022-2028)","Elected MP","Supplyerrectionandcommissioning of 17 Mtr. High Mast Lighting Tower in 2 section with 8 Nos. 200 Wt. LED Flood Light fitting confirming to IS 2062BSEN  10025 near Shree Keshav Heritage Institute of Allied Health Science South of Bharat Mala Project Road Village- Saurath Panchayat Saurath, Block- Rahika, Dist.- Madhubani. - 01","28-Feb-2026","04-Jul-2026","1040000","Sanction"
"1527","Normal/Others","WS/MP001/2026-2027/271655-Street lights","Bihar","MADHUBANI(DISTRICT PLANNING OFFICER MADHUBANI_IDA)","Shri Shambhu Sharan Patel (2022-28) (2022-2028)","Elected MP","Supplyerrectionandcommissioning of 17 Mtr. High Mast Lighting Tower in 2 section with 8 Nos. 200 Wt. LED Flood Light fitting confirming to IS2062BSEN10025  Near Girjeshwar Mandir Ward No-12, Village Chapahi, Panchayat Sugauna, West , Block Rajnagar, Dist.- Madhubani. - 01 Nos","28-Feb-2026","04-Jul-2026","1040000","Sanction"
"1528","Normal/Others","WS/MP001/2026-2027/271656-Street lights","Bihar","MADHUBANI(DISTRICT PLANNING OFFICER MADHUBANI_IDA)","Shri Shambhu Sharan Patel (2022-28) (2022-2028)","Elected MP","4.Supply errection and commissioning of 17 Mtr. High Mast Lighting Tower in 2 section with 8 Nos. 200 Wt. LED Flood Light fitting confirming to IS 2062BSEN  10025 near  Hanuman Mandir Village Chapahi, Panchayat Sugauna West , Block Rajnagar,Dist.- Madhubani. - 01 Nos","28-Feb-2026","04-Jul-2026","1040000","Sanction"
"1529","Normal/Others","WS/MP001/2025-2026/272215-Street lights","Bihar","PATNA(DISTRICT PLANNING OFFICER PATNA_IDA)","Shri Shambhu Sharan Patel (2022-28) (2022-2028)","Elected MP","In the premises of Govt. Sub-Divisional Hospital (East Side), Ward no-7 Barh,Dist-Patna.","03-Mar-2026","07-Mar-2026","970000","Physical Inspection"
"1530","Normal/Others","WS/MP001/2025-2026/272216-Street lights","Bihar","PATNA(DISTRICT PLANNING OFFICER PATNA_IDA)","Shri Shambhu Sharan Patel (2022-28) (2022-2028)","Elected MP","In the premises of Govt. Sub-Divisional Hospital (West Side), Barh, Ward no-7 Dist-Patna.","03-Mar-2026","07-Mar-2026","970000","Physical Inspection"
"1531","Normal/Others","WS/MP001/2025-2026/272217-Street lights","Bihar","PATNA(DISTRICT PLANNING OFFICER PATNA_IDA)","Shri Shambhu Sharan Patel (2022-28) (2022-2028)","Elected MP","In the premises of Govt. Community Health Centre, Athmalgola, Panchyat Karjan, Dist-Patna.","03-Mar-2026","07-Mar-2026","970000","Physical Inspection"
"1532","Normal/Others","WS/MP001/2025-2026/272218-Street lights","Bihar","PATNA(DISTRICT PLANNING OFFICER PATNA_IDA)","Shri Shambhu Sharan Patel (2022-28) (2022-2028)","Elected MP","In the premises of Govt. Community Health Centre,  Panchyat Ranabigha, Barh, Dist-Patna.","03-Mar-2026","07-Mar-2026","970000","Physical Inspection"
"1533","Normal/Others","WS/MP001/2025-2026/272219-Street lights","Bihar","PATNA(DISTRICT PLANNING OFFICER PATNA_IDA)","Shri Shambhu Sharan Patel (2022-28) (2022-2028)","Elected MP","In the premises of Govt. Community Health Centre, Bakhtiyarpur,Ward No-13, Dist-Patna.","03-Mar-2026","07-Mar-2026","970000","Physical Inspection"
"1534","Normal/Others","WS/MP001/2025-2026/272220-Street lights","Bihar","PATNA(DISTRICT PLANNING OFFICER PATNA_IDA)","Shri Shambhu Sharan Patel (2022-28) (2022-2028)","Elected MP","In the premises of Govt. Community Health Centre, Belchhi,  Panchyat Belchhi, Dist-Patna.","03-Mar-2026","07-Mar-2026","970000","Physical Inspection"
"1535","Normal/Others","WS/MP001/2025-2026/272221-Street lights","Bihar","PATNA(DISTRICT PLANNING OFFICER PATNA_IDA)","Shri Shambhu Sharan Patel (2022-28) (2022-2028)","Elected MP","In the premises of Govt. Community Health Centre, Panchyat Gosai Village, Ghoswari, Dist-Patna.","03-Mar-2026","07-Mar-2026","970000","Physical Inspection"
"1536","Normal/Others","WS/MP001/2025-2026/272222-Street lights","Bihar","PATNA(DISTRICT PLANNING OFFICER PATNA_IDA)","Shri Shambhu Sharan Patel (2022-28) (2022-2028)","Elected MP","In the premises of Govt. Community Health Centre, Panchyat Marachi, Mokama, Dist-Patna.","03-Mar-2026","07-Mar-2026","970000","Physical Inspection"
"1537","Normal/Others","WS/MP001/2025-2026/272223-Street lights","Bihar","PATNA(DISTRICT PLANNING OFFICER PATNA_IDA)","Shri Shambhu Sharan Patel (2022-28) (2022-2028)","Elected MP","In the premises of Govt. Community Health Centre, Panchyat Pandarak,  Pandarak, Dist-Patna.","03-Mar-2026","07-Mar-2026","970000","Physical Inspection"
"1538","Normal/Others","WS/MP001/2025-2026/272224-Street lights","Bihar","PATNA(DISTRICT PLANNING OFFICER PATNA_IDA)","Shri Shambhu Sharan Patel (2022-28) (2022-2028)","Elected MP","In the premises of Govt. Referral Hospital,  Ward no-1 Mokama (Front Side), Dist-Patna.","03-Mar-2026","07-Mar-2026","970000","Physical Inspection"
"1539","Normal/Others","WS/MP001/2025-2026/272225-Street lights","Bihar","PATNA(DISTRICT PLANNING OFFICER PATNA_IDA)","Shri Shambhu Sharan Patel (2022-28) (2022-2028)","Elected MP","In the premises of Govt. Referral Hospital,  Ward no1 -Mokama (Trauma Centre Side), Dist-Patna.","03-Mar-2026","07-Mar-2026","970000","Physical Inspection"
"1540","Normal/Others","WS/MP001/2026-2027/275167-Street lights","Bihar","MADHUBANI(DISTRICT PLANNING OFFICER MADHUBANI_IDA)","Shri Shambhu Sharan Patel (2022-28) (2022-2028)","Elected MP","Supply errection and commissioning of 17 Mtr. High Mast Lighting Tower in 2 section with 8 Nos. 200 Wt. LED Flood Light fitting confirming to IS 2062BSEN  10025 on the Chauraha, near Mahadev Mandir, Ward No.-5, Village- Nahas Rupauli, Panchayat- Nahas Rupauli South, Block- Bisfi, Dist.- Madhubani. - 01 Nos.","20-Mar-2026","04-Jul-2026","1040000","Sanction"
"1541","Normal/Others","WS/MP001/2026-2027/275168-Street lights","Bihar","MADHUBANI(DISTRICT PLANNING OFFICER MADHUBANI_IDA)","Shri Shambhu Sharan Patel (2022-28) (2022-2028)","Elected MP","Supply errection and commissioning of 17 Mtr. High Mast Lighting Tower in 2 section with 8 Nos. 200 Wt. LED Flood Light fitting confirming to IS 2062BSEN  10025 near Sai Mandir, Ward No.-5, Village- Sauhansh, Panchayat- Sauhansh, Block- Bisfi, Dist.- Madhubani. - 01 Nos","20-Mar-2026","04-Jul-2026","1040000","Sanction"
"1542","Trust and Society","WS/MP042/2026-2027/275647-Construction of New Building","Bihar","SAHARSA(DISTRICT PLANNING OFFICER SAHARSA_IDA)","Prof. Manoj Kumar Jha (2024-30) (2024-2030)","Elected MP","Saharsa Vakalatkhana me Mahasachiv, zila vidhivetta sangh saharsa ke purvi vakalatkhana ke uttar bhag me vakalatkhana ka nirman karya","24-Mar-2026","21-Apr-2026","1499200","Sanction"
"1543","Normal/Others","WS/MP052/2024-2025/60551-Fitting of Sitting RCC Benches in Public Places","Bihar","PASHCHIM CHAMPARAN(DISTRICT PLANNING OFFICER WEST CHAMPARANBETTIAH_IDA)","Shri Satish Chandra Dubey (2022-28) (2022-2028)","Elected MP","Construction work of platform on public land near Kali temple in village Sitab Diyar ward number 5 of Gram Panchayat Raj Dhanaha of Block Madhubani. Estimated amount rs. 500000","12-Dec-2023","10-Jun-2024","498036","Physical Inspection"
"1544","Normal/Others","WS/MP052/2023-2024/92277-Fitting of Sitting RCC Benches in Public Places","Bihar","PASHCHIM CHAMPARAN(DISTRICT PLANNING OFFICER WEST CHAMPARANBETTIAH_IDA)","Shri Satish Chandra Dubey (2022-28) (2022-2028)","Elected MP","Construction of platform on public land near Durga place in village Gobardhana ward number 9 of Kehunia Rowari, Gram Panchayat state of Block Narkatiaganj. Estimated Amount Rs. 4 lakh","30-Jan-2024","12-Mar-2024","396170","Physical Inspection"
"1545","Normal/Others","WS/MP052/2023-2024/92280-Fitting of Sitting RCC Benches in Public Places","Bihar","PASHCHIM CHAMPARAN(DISTRICT PLANNING OFFICER WEST CHAMPARANBETTIAH_IDA)","Shri Satish Chandra Dubey (2022-28) (2022-2028)","Elected MP","Construction of platform on public land near Brahmasthan in Village Lediharwa Ward No. 9 of Gram Panchayat State Dumaria of Block Narkatiaganj. Estimated Amount Rs. 262000.","30-Jan-2024","12-Mar-2024","259867","Physical Inspection"
"1546","Normal/Others","WS/MP052/2023-2024/92282-Fitting of Sitting RCC Benches in Public Places","Bihar","PASHCHIM CHAMPARAN(DISTRICT PLANNING OFFICER WEST CHAMPARANBETTIAH_IDA)","Shri Satish Chandra Dubey (2022-28) (2022-2028)","Elected MP","Construction of platform on public land near Mai Sthan in village Siswa Tola ward number 13 of Gram Panchayat State Sherhwa of Block Narkatiaganj. Estimated Amount Rs. 262000.","30-Jan-2024","12-Mar-2024","258819","Physical Inspection"
"1547","Normal/Others","WS/MP052/2023-2024/92284-Fitting of Sitting RCC Benches in Public Places","Bihar","PASHCHIM CHAMPARAN(DISTRICT PLANNING OFFICER WEST CHAMPARANBETTIAH_IDA)","Shri Satish Chandra Dubey (2022-28) (2022-2028)","Elected MP","Construction of a platform on public land near the Devi place of Yes in village Bhasurari of Gram Panchayat State Bhasurari of Block Narkatiaganj. Estimated Amount Rs. 262000.","30-Jan-2024","12-Mar-2024","259635","Physical Inspection"
"1548","Normal/Others","WS/MP052/2023-2024/92285-Fitting of Sitting RCC Benches in Public Places","Bihar","PASHCHIM CHAMPARAN(DISTRICT PLANNING OFFICER WEST CHAMPARANBETTIAH_IDA)","Shri Satish Chandra Dubey (2022-28) (2022-2028)","Elected MP","Construction of a platform on public land near Mangal Baba's place in Gram Panchayat Raj Gokhula village Mathura of Block Narkatiaganj. Estimated Amount Rs. 262000","30-Jan-2024","12-Mar-2024","258166","Physical Inspection"
"1549","Normal/Others","WS/MP052/2023-2024/92299-Fitting of Sitting RCC Benches in Public Places","Bihar","PASHCHIM CHAMPARAN(DISTRICT PLANNING OFFICER WEST CHAMPARANBETTIAH_IDA)","Shri Satish Chandra Dubey (2022-28) (2022-2028)","Elected MP","Construction of platform on public land near the place of Naga Baba in village Bhabhata Kuti Tola of Gram Panchayat State Bhabhata of Block Narkatiaganj. Estimated Amount Rs. 262000.","30-Jan-2024","12-Mar-2024","259071","Physical Inspection"
"1550","Normal/Others","WS/MP052/2024-2025/93008-Fitting of Sitting RCC Benches in Public Places","Bihar","PASHCHIM CHAMPARAN(DISTRICT PLANNING OFFICER WEST CHAMPARANBETTIAH_IDA)","Shri Satish Chandra Dubey (2022-28) (2022-2028)","Elected MP","Construction of a platform on public land in ward number 1 of village Vriti Matiaria of village panchayat Gobraura of block Lauria. Estimated Amount Rs. - 262000.","01-Feb-2024","10-Jun-2024","225310","Physical Inspection"
"1551","Normal/Others","WS/MP052/2023-2024/93015-Fitting of Sitting RCC Benches in Public Places","Bihar","PASHCHIM CHAMPARAN(DISTRICT PLANNING OFFICER WEST CHAMPARANBETTIAH_IDA)","Shri Satish Chandra Dubey (2022-28) (2022-2028)","Elected MP","Construction of platform on public land near Brahma Sthan in Ward No. 1 of Village Sirisia of Village Panchayat Barwa Ojha of Block Yogapatti. Estimated Amount Rs. 200000","01-Feb-2024","12-Mar-2024","199039","Physical Inspection"
"1552","Normal/Others","WS/MP052/2023-2024/93019-Fitting of Sitting RCC Benches in Public Places","Bihar","PASHCHIM CHAMPARAN(DISTRICT PLANNING OFFICER WEST CHAMPARANBETTIAH_IDA)","Shri Satish Chandra Dubey (2022-28) (2022-2028)","Elected MP","Construction of a platform on the south public land of the school in Village Inar Barwa Litiya of Gram Panchayat Raj Telpur of Block Lauria. Estimated Amount Rs. 262000.","01-Feb-2024","12-Mar-2024","260054","Physical Inspection"
"1553","Normal/Others","WS/MP052/2024-2025/104591-Fitting of Sitting RCC Benches in Public Places","Bihar","PASHCHIM CHAMPARAN(DISTRICT PLANNING OFFICER WEST CHAMPARANBETTIAH_IDA)","Shri Satish Chandra Dubey (2022-28) (2022-2028)","Elected MP","Construction of a platform on public land near Brahma Sthan in Gram Bazar Belwa Ward No. 7 of Gram Panchayat Raj Bhediharwa of Block Narkatiaganj. Estimated Amount Rs. 200000.","13-Feb-2024","16-Oct-2024","194628","Physical Inspection"
"1554","Normal/Others","WS/MP052/2025-2026/221742-Fitting of Sitting RCC Benches in Public Places","Bihar","PASHCHIM CHAMPARAN(DISTRICT PLANNING OFFICER WEST CHAMPARANBETTIAH_IDA)","Shri Satish Chandra Dubey (2022-28) (2022-2028)","Elected MP","Construction of Chabutra at public land","24-Jul-2025","22-Aug-2025","298053","Physical Inspection"
"Grand Total"," "," "," "," "," "," "," "," "," "," ","1,40,47,25,352"