work_type,work_id,state,district,mp_name,constituency,work_description,recommendation_date,recommended_amount,sanction_date,sanctioned_amount,work_status,payment_count,total_disbursed,average_payment,maximum_payment,first_payment_date,last_payment_date,vendor_name,image_available,actual_completion_date,final_completed_amount,expenditure_ratio,amount_deviation,sanction_delay_days,payment_duration_days,completion_duration_days,vendor_count_per_work
Normal/Others,WS/MP053/2025-2026/179152,Bihar,PURBI CHAMPARAN,Shri Khiru Mahto (2022-28) (2022-2028),Elected MP,Construction of PCC Road from the RWD road in ward 12 of Tajiyapur to the field of VIjay singh jee,2025-03-05,1483008.0,2025-04-03,1483008.0,Physical Inspection,1.0,1483008.0,1483008.0,1483008.0,2025-09-10,2025-09-10,GUDIYA KUMARI,True,2025-10-31,1483008.0,1.0,0.0,29.0,0.0,211.0,1
Normal/Others,WS/MP053/2025-2026/179153,Bihar,PURBI CHAMPARAN,Shri Khiru Mahto (2022-28) (2022-2028),Elected MP,Construction of PCC road from the REO road to the house of Nandkishor Shah in in ward no.12 in Madhuvan vedivan,2025-03-05,1483556.0,2025-04-03,1483556.0,Physical Inspection,1.0,1483556.0,1483556.0,1483556.0,2025-07-31,2025-07-31,SUMAN JAISWAL,False,2025-07-30,1483556.0,1.0,0.0,29.0,0.0,118.0,1
Normal/Others,WS/MP053/2025-2026/232202,Bihar,PURBI CHAMPARAN,Shri Khiru Mahto (2022-28) (2022-2028),Elected MP,Construction of PCC road from the Belwa ray main Road towards Baghi village,2025-09-08,1480757.0,2025-09-22,1480757.0,Physical Inspection,1.0,1480757.0,1480757.0,1480757.0,2026-02-12,2026-02-12,ARADHAYA ENTERPRISES ARTI DEVI,True,2026-02-18,1480757.0,1.0,0.0,14.0,0.0,149.0,1
Normal/Others,WS/MP053/2024-2025/179155,Bihar,PURBI CHAMPARAN,Shri Khiru Mahto (2022-28) (2022-2028),Elected MP,Construction of PCC road from the house  of Devki Baitha to the house of Manish Pandey and from the land of Ishwar jee to the Akash bhavan,2025-03-05,1480654.0,2025-03-29,1480654.0,Physical Inspection,2.0,1480654.0,740327.0,1300000.0,2025-07-05,2025-08-26,DEEPAK PRASAD GUPTA,True,2026-01-13,1480654.0,1.0,0.0,24.0,52.0,290.0,1
Normal/Others,WS/MP053/2025,Bihar,PURBI CHAMPARAN,Shri Khiru Mahto (2022-28) (2022-2028),Elected MP,Construction of Snan ghat in Nijamat Pokhra in ward no.13,2025-03-05,988810.0,2025-04-03,988810.0,Physical Inspection,,,,,,,,False,2025-07-24,988810.0,,0.0,29.0,,112.0,0
Normal/Others,WS/MP053/2025-2026/232200,Bihar,PATNA,Shri Khiru Mahto (2022-28) (2022-2028),Elected MP,Construction of PCC in road in Basant Bihar Colony from the house of Deepak Thakur to the house of Amit Kumar,2025-09-08,998317.0,2025-10-06,998317.0,Physical Inspection,1.0,998317.0,998317.0,998317.0,2026-01-13,2026-01-13,ASSISTANT ENGINEER DIGHA,True,2026-01-13,998317.0,1.0,0.0,28.0,0.0,99.0,1
Normal/Others,WS/MP053/2025-2026/232201,Bihar,PATNA,Shri Khiru Mahto (2022-28) (2022-2028),Elected MP,Construction of PCC road in Basant Bihar Colony from the house of  Suraj Sharma to the house of Rajkumar Singh.,2025-09-08,1494048.0,2025-10-06,1494048.0,Physical Inspection,1.0,1494048.0,1494048.0,1494048.0,2026-01-13,2026-01-13,ASSISTANT ENGINEER DIGHA,True,2026-01-13,1494048.0,1.0,0.0,28.0,0.0,99.0,1
Normal/Others,WS/MP053/2025-2026/259291,Bihar,PATNA,Shri Khiru Mahto (2022-28) (2022-2028),Elected MP,Construction of PCC road near Panchayat Bhavan from the boundary of Sudhir jee to towards the boundary of Shashi singh jee,2026-01-15,1023610.0,2026-02-02,1023610.0,Physical Inspection,1.0,1023610.0,1023610.0,1023610.0,2026-02-27,2026-02-27,ASSISTANT ENGINEER FATUHA,True,2026-02-27,1023610.0,1.0,0.0,18.0,0.0,25.0,1
Normal/Others,WS/MP053/2025-2026/272279,Bihar,PATNA,Shri Khiru Mahto (2022-28) (2022-2028),Elected MP,Construction of PCC road from examination building to  to Rajendra Prasad multipurpose building in A.N college,2026-03-04,1494000.0,2026-03-13,1494000.0,Physical Inspection,1.0,1494000.0,1494000.0,1494000.0,2026-03-25,2026-03-25,ASSISTANT ENGINEER BANKIPUR,True,2026-03-25,1494000.0,1.0,0.0,9.0,0.0,12.0,1
Normal/Others,WS/MP053/2025-2026/272280,Bihar,PATNA,Shri Khiru Mahto (2022-28) (2022-2028),Elected MP,construction of Pcc road from the multipurpose building towards parking space in A.N college.,2026-03-04,1495200.0,2026-03-13,1495200.0,Physical Inspection,1.0,1495200.0,1495200.0,1495200.0,2026-03-25,2026-03-25,ASSISTANT ENGINEER BANKIPUR,True,2026-03-25,1495200.0,1.0,0.0,9.0,0.0,12.0,1
Normal/Others,WS/MP053/2025-2026/272281,Bihar,PATNA,Shri Khiru Mahto (2022-28) (2022-2028),Elected MP,construction of PCC road from multipurpose hall towards library in A.N college,2026-03-04,1494400.0,2026-03-13,1494400.0,Physical Inspection,1.0,1494400.0,1494400.0,1494400.0,2026-03-25,2026-03-25,ASSISTANT ENGINEER BANKIPUR,True,2026-03-25,1494400.0,1.0,0.0,9.0,0.0,12.0,1
Normal/Others,WS/MP053/2025-2026/272282,Bihar,PATNA,Shri Khiru Mahto (2022-28) (2022-2028),Elected MP,construction of PCC road from biology block to towards play ground in A.N college,2026-03-04,1495300.0,2026-03-13,1495300.0,Physical Inspection,1.0,1495300.0,1495300.0,1495300.0,2026-03-25,2026-03-25,ASSISTANT ENGINEER BANKIPUR,True,2026-03-25,1495300.0,1.0,0.0,9.0,0.0,12.0,1
Normal/Others,WS/MP053/2025-2026/272283,Bihar,PATNA,Shri Khiru Mahto (2022-28) (2022-2028),Elected MP,"Construction of Kala Manch in A.N college,Patna",2026-03-04,991500.0,2026-03-13,991500.0,Physical Inspection,1.0,991500.0,991500.0,991500.0,2026-03-25,2026-03-25,ASSISTANT ENGINEER BANKIPUR,True,2026-03-25,991500.0,1.0,0.0,9.0,0.0,12.0,1
Normal/Others,WS/MP053/2025-2026/272327,Bihar,PATNA,Shri Khiru Mahto (2022-28) (2022-2028),Elected MP,Construction of PCC road from the house of Pappu Singh to the house of Binod singh,2026-03-05,1494800.0,2026-03-20,1494800.0,Physical Inspection,1.0,1494800.0,1494800.0,1494800.0,2026-04-10,2026-04-10,ASSISTANT ENGINEER FATUHA,True,2026-04-10,1494800.0,1.0,0.0,15.0,0.0,21.0,1
Normal/Others,WS/MP053/2025-2026/272328,Bihar,PATNA,Shri Khiru Mahto (2022-28) (2022-2028),Elected MP,Construction of PCC road from the house of Basudeo Rai to the house of rohit rai in ward no. 15,2026-03-05,1495600.0,2026-03-20,1495600.0,Physical Inspection,1.0,1495600.0,1495600.0,1495600.0,2026-04-10,2026-04-10,ASSISTANT ENGINEER FATUHA,True,2026-04-10,1495600.0,1.0,0.0,15.0,0.0,21.0,1
Normal/Others,WS/MP053/2025-2026/272329,Bihar,PATNA,Shri Khiru Mahto (2022-28) (2022-2028),Elected MP,Construction of PCC road from the house of upendra Ram towards the house of Shankar Singh in ward no. 15,2026-03-05,1495800.0,2026-03-20,1495800.0,Physical Inspection,1.0,1495800.0,1495800.0,1495800.0,2026-04-10,2026-04-10,ASSISTANT ENGINEER FATUHA,True,2026-04-10,1495800.0,1.0,0.0,15.0,0.0,21.0,1
Normal/Others,WS/MP053/2025-2026/272330,Bihar,PATNA,Shri Khiru Mahto (2022-28) (2022-2028),Elected MP,Construction of PCC road from visar plant towards the house of Sudhir Kumar in ward no. 05,2026-03-05,997578.0,2026-03-20,997578.0,Physical Inspection,1.0,997578.0,997578.0,997578.0,2026-04-10,2026-04-10,ASSISTANT ENGINEER FATUHA,True,2026-04-10,997578.0,1.0,0.0,15.0,0.0,21.0,1
Normal/Others,WS/MP053/2025-2026/272331,Bihar,PATNA,Shri Khiru Mahto (2022-28) (2022-2028),Elected MP,Construction of PCC road from the house of Sudhir kumar towards the house of Mukesh Kumar,2026-03-05,1495322.0,2026-03-20,1495322.0,Physical Inspection,1.0,1495322.0,1495322.0,1495322.0,2026-04-10,2026-04-10,ASSISTANT ENGINEER FATUHA,True,2026-04-10,1495322.0,1.0,0.0,15.0,0.0,21.0,1
Normal/Others,WS/MP053/2025-2026/272332,Bihar,PATNA,Shri Khiru Mahto (2022-28) (2022-2028),Elected MP,Construction of PCC road from the house of Mukesh jee towards the boundary of Dhirendra Kumar,2026-03-05,999238.0,2026-03-20,999238.0,Physical Inspection,1.0,999238.0,999238.0,999238.0,2026-04-10,2026-04-10,ASSISTANT ENGINEER FATUHA,True,2026-04-10,999238.0,1.0,0.0,15.0,0.0,21.0,1
Normal/Others,WS/MP053/2026-2027/275275,Bihar,PATNA,Shri Khiru Mahto (2022-28) (2022-2028),Elected MP,Construction of PCC road from Buddhadev Chak main road to the house of Ranjeet Kumar,2026-03-21,1496000.0,2026-04-10,1496000.0,Work Completed,1.0,1495348.0,1495348.0,1495348.0,2026-05-12,2026-05-12,ASSISTANT ENGINEER FATUHA,True,2026-05-12,1495348.0,0.9995641711229947,0.0,20.0,0.0,32.0,1
Normal/Others,WS/MP053/2026-2027/275276,Bihar,PATNA,Shri Khiru Mahto (2022-28) (2022-2028),Elected MP,Construction of Pcc road from the house of Dhirendra Kumar to the Buddhadev Chak in ward no. 05,2026-03-21,1000000.0,2026-04-10,1000000.0,Work Completed,1.0,999266.0,999266.0,999266.0,2026-05-12,2026-05-12,ASSISTANT ENGINEER FATUHA,True,2026-05-12,999266.0,0.999266,0.0,20.0,0.0,32.0,1
Normal/Others,WS/MP053/2026-2027/275277,Bihar,PATNA,Shri Khiru Mahto (2022-28) (2022-2028),Elected MP,Construction of PCC Road from the patna university Boys hostel towards patna College Gate,2026-03-21,1495000.0,2026-04-10,1495000.0,Work Completed,1.0,1494083.0,1494083.0,1494083.0,2026-05-11,2026-05-11,ASSISTANT ENGINEER BANKIPUR,True,2026-05-11,1494083.0,0.9993866220735786,0.0,20.0,0.0,31.0,1
Normal/Others,WS/MP053/2026-2027/275279,Bihar,PATNA,Shri Khiru Mahto (2022-28) (2022-2028),Elected MP,Construction of PCC road from patna science college gate towards patna university police post block,2026-03-21,1496000.0,2026-04-10,1496000.0,Work Completed,1.0,1495171.0,1495171.0,1495171.0,2026-05-11,2026-05-11,ASSISTANT ENGINEER BANKIPUR,True,2026-05-09,1495171.0,0.9994458556149732,0.0,20.0,0.0,29.0,1
Normal/Others,WS/MP053/2026-2027/275281,Bihar,PATNA,Shri Khiru Mahto (2022-28) (2022-2028),Elected MP,Construction of PCC road from police post Patna university gate towards SESQUICENTENNIAL gate,2026-03-21,1495000.0,2026-04-10,1495000.0,Work Completed,1.0,1494426.0,1494426.0,1494426.0,2026-05-11,2026-05-11,ASSISTANT ENGINEER BANKIPUR,True,2026-05-11,1494426.0,0.9996160535117057,0.0,20.0,0.0,31.0,1
Normal/Others,WS/MP053/2026-2027/275362,Bihar,PATNA,Shri Khiru Mahto (2022-28) (2022-2028),Elected MP,Construction of PCC Road from Patna College SESQUICENTENNIAL gate towards backside of Faraday Hostel,2026-03-23,1498000.0,2026-04-10,1498000.0,Work Completed,1.0,1497237.0,1497237.0,1497237.0,2026-05-11,2026-05-11,ASSISTANT ENGINEER BANKIPUR,True,2026-05-09,1497237.0,0.9994906542056075,0.0,18.0,0.0,29.0,1
Normal/Others,WS/MP053/2026-2027/275363,Bihar,PATNA,Shri Khiru Mahto (2022-28) (2022-2028),Elected MP,Construction of PCC Road from Patna University Gate to the backside of Faraday Hostel,2026-03-23,1496000.0,2026-04-10,1496000.0,Work Completed,1.0,1495467.0,1495467.0,1495467.0,2026-05-11,2026-05-11,ASSISTANT ENGINEER BANKIPUR,True,2026-05-09,1495467.0,0.9996437165775401,0.0,18.0,0.0,29.0,1
Normal/Others,WS/MP053/2025-2026/191075,Bihar,PATNA,Shri Khiru Mahto (2022-28) (2022-2028),Elected MP,Construction of PCC road with drainage system from the house of Birju jee to  Triveni Nivas in Buddhjivi colony.,2025-04-13,1482800.0,2025-05-16,1482800.0,Physical Inspection,1.0,1482800.0,1482800.0,1482800.0,2025-06-25,2025-06-25,ASSISTANT ENGINEER BANKIPUR,True,2025-06-25,1482800.0,1.0,0.0,33.0,0.0,40.0,1
Normal/Others,WS/MP053/2025-2026/191076,Bihar,PATNA,Shri Khiru Mahto (2022-28) (2022-2028),Elected MP,Construction of PCC road from the house of Vimla Kumari to the house of Arun Ojha jee in Laxminagar East.,2025-04-13,1480034.0,2025-05-16,1480034.0,Physical Inspection,1.0,1480034.0,1480034.0,1480034.0,2025-07-11,2025-07-11,ASSISTANT ENGINEER FATUHA,True,2025-07-10,1480034.0,1.0,0.0,33.0,0.0,55.0,1
Normal/Others,WS/MP053/2025-2026/191077,Bihar,PATNA,Shri Khiru Mahto (2022-28) (2022-2028),Elected MP,Construction of PCC road from the house of Kamlesh Kumar to the house of Shailesh Mistri  in Laxminagar East.,2025-04-13,494823.0,2025-05-16,494823.0,Physical Inspection,1.0,494823.0,494823.0,494823.0,2025-07-11,2025-07-11,ASSISTANT ENGINEER FATUHA,True,2025-07-10,494823.0,1.0,0.0,33.0,0.0,55.0,1
Normal/Others,WS/MP053/2025-2026/196422,Bihar,PATNA,Shri Khiru Mahto (2022-28) (2022-2028),Elected MP,Construction of PCC road from the house of Ram jee towards gas godownin Lakshminagar,2025-05-03,1283915.0,2025-05-19,1283915.0,Physical Inspection,1.0,1283915.0,1283915.0,1283915.0,2025-08-01,2025-08-01,ASSISTANT ENGINEER FATUHA,True,2025-08-01,1283915.0,1.0,0.0,16.0,0.0,74.0,1
Normal/Others,WS/MP053/2025-2026/196423,Bihar,PATNA,Shri Khiru Mahto (2022-28) (2022-2028),Elected MP,Construction of PCC road from the house of PN singh towards SDM Road in lakshminagar,2025-05-03,1285029.0,2025-05-19,1285029.0,Physical Inspection,1.0,1285029.0,1285029.0,1285029.0,2025-08-01,2025-08-01,ASSISTANT ENGINEER FATUHA,True,2025-08-01,1285029.0,1.0,0.0,16.0,0.0,74.0,1
Normal/Others,WS/MP053/2025-2026/196424,Bihar,PATNA,Shri Khiru Mahto (2022-28) (2022-2028),Elected MP,Construction of PCC road from the house of Rajnish kumar to the house of Manoj Kumar,2025-05-03,1480179.0,2025-05-19,1480179.0,Physical Inspection,1.0,1480179.0,1480179.0,1480179.0,2025-06-29,2025-06-29,ASSISTANT ENGINEER FATUHA,True,2025-06-29,1480179.0,1.0,0.0,16.0,0.0,41.0,1
Normal/Others,WS/MP053/2025-2026/196425,Bihar,PATNA,Shri Khiru Mahto (2022-28) (2022-2028),Elected MP,Construction of PCC road from the boundary of Awadh singh to the house of Ravishankar Kumar in ward no.1 village -Chainpur,2025-05-03,1480440.0,2025-05-19,1480440.0,Physical Inspection,1.0,1480440.0,1480440.0,1480440.0,2025-06-29,2025-06-29,ASSISTANT ENGINEER FATUHA,True,2025-06-29,1480440.0,1.0,0.0,16.0,0.0,41.0,1
Normal/Others,WS/MP053/2025-2026/196426,Bihar,PATNA,Shri Khiru Mahto (2022-28) (2022-2028),Elected MP,Construction of PCC road from the cement factory to towards the house of Nirmala Devi.,2025-05-03,1385841.0,2025-05-19,1385841.0,Physical Inspection,1.0,1385841.0,1385841.0,1385841.0,2025-08-01,2025-08-01,ASSISTANT ENGINEER FATUHA,True,2025-08-01,1385841.0,1.0,0.0,16.0,0.0,74.0,1
Normal/Others,WS/MP053/2025-2026/196445,Bihar,PATNA,Shri Khiru Mahto (2022-28) (2022-2028),Elected MP,Construction of PCC road from the farm house of Vijay Sarpanch jee to the boundary of Bishop School,2025-05-03,1480080.0,2025-05-19,1480080.0,Physical Inspection,1.0,1480080.0,1480080.0,1480080.0,2025-06-29,2025-06-29,ASSISTANT ENGINEER FATUHA,True,2025-06-29,1480080.0,1.0,0.0,16.0,0.0,41.0,1
Normal/Others,WS/MP053/2025-2026/196446,Bihar,PATNA,Shri Khiru Mahto (2022-28) (2022-2028),Elected MP,Construction of PCC road from the plot of Brajesh kumar to the house of biren singh in ward no. 01,2025-05-03,1336700.0,2025-05-19,1336700.0,Physical Inspection,1.0,1336700.0,1336700.0,1336700.0,2025-06-29,2025-06-29,ASSISTANT ENGINEER FATUHA,True,2025-06-29,1336700.0,1.0,0.0,16.0,0.0,41.0,1
Normal/Others,WS/MP053/2025-2026/196447,Bihar,PATNA,Shri Khiru Mahto (2022-28) (2022-2028),Elected MP,Construction of PCC road from primary school to the boundary wall of sudama singh in ward no.14 Rampur,2025-05-03,1277400.0,2025-05-19,1277400.0,Physical Inspection,1.0,1277400.0,1277400.0,1277400.0,2025-07-16,2025-07-16,ASSISTANT ENGINEER FATUHA,True,2025-07-16,1277400.0,1.0,0.0,16.0,0.0,58.0,1
Normal/Others,WS/MP053/2025-2026/196448,Bihar,PATNA,Shri Khiru Mahto (2022-28) (2022-2028),Elected MP,Construction of PCC road from the house of munna jee to the house of Dinkar jee in ward no.14 Rampur,2025-05-03,1475100.0,2025-05-19,1475100.0,Physical Inspection,1.0,1475100.0,1475100.0,1475100.0,2025-07-16,2025-07-16,ASSISTANT ENGINEER FATUHA,True,2025-07-16,1475100.0,1.0,0.0,16.0,0.0,58.0,1
Normal/Others,WS/MP053/2025-2026/196449,Bihar,PATNA,Shri Khiru Mahto (2022-28) (2022-2028),Elected MP,Construction of PCC road from the plot of Ram Babu Singh to the boundary wall of Isranandan Singh in ward no.14 Rampur,2025-05-03,1479600.0,2025-05-19,1479600.0,Physical Inspection,1.0,1479600.0,1479600.0,1479600.0,2025-07-16,2025-07-16,ASSISTANT ENGINEER FATUHA,True,2025-07-16,1479600.0,1.0,0.0,16.0,0.0,58.0,1
Normal/Others,WS/MP053/2025-2026/196452,Bihar,PATNA,Shri Khiru Mahto (2022-28) (2022-2028),Elected MP,Construction of PCC Road from the  Shahpur Main Road towards the house of Sunder Paswan in jaganpura,2025-05-03,997200.0,2025-06-10,997200.0,Physical Inspection,1.0,997200.0,997200.0,997200.0,2025-10-18,2025-10-18,ASSISTANT ENGINEER FATUHA,True,2025-10-17,997200.0,1.0,0.0,38.0,0.0,129.0,1
Normal/Others,WS/MP053/2025-2026/196453,Bihar,PATNA,Shri Khiru Mahto (2022-28) (2022-2028),Elected MP,Construction of PCC road from the house of Shambhu Singh towards Sita Nawal Path,2025-05-03,1492700.0,2025-06-10,1492700.0,Physical Inspection,1.0,1492700.0,1492700.0,1492700.0,2025-10-18,2025-10-18,ASSISTANT ENGINEER FATUHA,True,2025-10-17,1492700.0,1.0,0.0,38.0,0.0,129.0,1
Normal/Others,WS/MP053/2025-2026/196454,Bihar,PATNA,Shri Khiru Mahto (2022-28) (2022-2028),Elected MP,Construction of PCC road from the house of Sanjeev jee to the plot of Bulkan Shah,2025-05-03,1491500.0,2025-06-10,1491500.0,Physical Inspection,1.0,1491500.0,1491500.0,1491500.0,2025-10-18,2025-10-18,ASSISTANT ENGINEER FATUHA,True,2025-10-17,1491500.0,1.0,0.0,38.0,0.0,129.0,1
Normal/Others,WS/MP053/2025-2026/196455,Bihar,PATNA,Shri Khiru Mahto (2022-28) (2022-2028),Elected MP,Construction of PCC road from the plot of Ramprakash singh to the house of Prabhat Kumar,2025-05-03,1492700.0,2025-06-10,1492700.0,Physical Inspection,1.0,1492700.0,1492700.0,1492700.0,2025-10-18,2025-10-18,ASSISTANT ENGINEER FATUHA,True,2025-10-17,1492700.0,1.0,0.0,38.0,0.0,129.0,1
Normal/Others,WS/MP053/2025-2026/196456,Bihar,PATNA,Shri Khiru Mahto (2022-28) (2022-2028),Elected MP,Construction of PCC road from the plot of lalan prasad towards the plot of Kush singh,2025-05-03,1492600.0,2025-06-10,1492600.0,Physical Inspection,1.0,1492600.0,1492600.0,1492600.0,2025-10-18,2025-10-18,ASSISTANT ENGINEER FATUHA,True,2025-10-16,1492600.0,1.0,0.0,38.0,0.0,128.0,1
Normal/Others,WS/MP053/2025-2026/196459,Bihar,PATNA,Shri Khiru Mahto (2022-28) (2022-2028),Elected MP,Construction of PCC road from the house of rajesh kumar to the house of Kishor Sharma in Aashirvaad colony,2025-05-03,1492400.0,2025-06-10,1492400.0,Physical Inspection,1.0,1492400.0,1492400.0,1492400.0,2025-10-18,2025-10-18,ASSISTANT ENGINEER FATUHA,True,2025-10-17,1492400.0,1.0,0.0,38.0,0.0,129.0,1
Normal/Others,WS/MP053/2025-2026/196460,Bihar,PATNA,Shri Khiru Mahto (2022-28) (2022-2028),Elected MP,Construction of PCC road from the house of Shivkumar jee to the boundary of Anuj Thakur,2025-05-03,1492200.0,2025-06-10,1492200.0,Physical Inspection,1.0,1492200.0,1492200.0,1492200.0,2025-10-18,2025-10-18,ASSISTANT ENGINEER FATUHA,True,2025-10-17,1492200.0,1.0,0.0,38.0,0.0,129.0,1
Normal/Others,WS/MP053/2025-2026/200098,Bihar,PATNA,Shri Khiru Mahto (2022-28) (2022-2028),Elected MP,Construction of PCC Road from the plot of Manoj Singh to the Chhath Ghat in Chainpur Village,2025-05-16,1366904.0,2025-06-10,1366904.0,Physical Inspection,1.0,1366904.0,1366904.0,1366904.0,2025-07-16,2025-07-16,ASSISTANT ENGINEER FATUHA,True,2025-07-16,1366904.0,1.0,0.0,25.0,0.0,36.0,1
Normal/Others,WS/MP053/2025-2026/220152,Bihar,PATNA,Shri Khiru Mahto (2022-28) (2022-2028),Elected MP,Construction of PCC road from the house of Dhananjay Singh towards the house of Kundan jee,2025-07-19,1489200.0,2025-08-25,1489200.0,Physical Inspection,1.0,1489200.0,1489200.0,1489200.0,2025-11-20,2025-11-20,ASSISTANT ENGINEER PATNA SAHIB,True,2025-11-19,1489200.0,1.0,0.0,37.0,0.0,86.0,1
Normal/Others,WS/MP053/2025-2026/220153,Bihar,PATNA,Shri Khiru Mahto (2022-28) (2022-2028),Elected MP,construction of PCC Road from Kalindi residence towards the house of shashi jee,2025-07-19,1497200.0,2025-08-25,1497200.0,Physical Inspection,1.0,1497200.0,1497200.0,1497200.0,2025-11-28,2025-11-28,ASSISTANT ENGINEER PATNA SAHIB,True,2025-11-28,1497200.0,1.0,0.0,37.0,0.0,95.0,1
Normal/Others,WS/MP053/2025-2026/220154,Bihar,PATNA,Shri Khiru Mahto (2022-28) (2022-2028),Elected MP,Construction of PCC road from the house of keshri Bhavan towards the house of Naveen Kumar,2025-07-19,1495900.0,2025-08-25,1495900.0,Physical Inspection,1.0,1495900.0,1495900.0,1495900.0,2025-11-28,2025-11-28,ASSISTANT ENGINEER PATNA SAHIB,True,2025-11-28,1495900.0,1.0,0.0,37.0,0.0,95.0,1
Normal/Others,WS/MP053/2025-2026/220155,Bihar,PATNA,Shri Khiru Mahto (2022-28) (2022-2028),Elected MP,Construction of PCC road from the house of Ashok Mahto towards the house of shyam singh,2025-07-19,1494900.0,2025-08-25,1494900.0,Physical Inspection,1.0,1494900.0,1494900.0,1494900.0,2025-11-28,2025-11-28,ASSISTANT ENGINEER PATNA SAHIB,True,2025-11-28,1494900.0,1.0,0.0,37.0,0.0,95.0,1
Normal/Others,WS/MP053/2025-2026/220156,Bihar,PATNA,Shri Khiru Mahto (2022-28) (2022-2028),Elected MP,construction of pcc road from the house of yash jee towards  the house of mukh sadak,2025-07-19,1493100.0,2025-08-25,1493100.0,Physical Inspection,1.0,1493100.0,1493100.0,1493100.0,2025-11-17,2025-11-17,ASSISTANT ENGINEER PATNA SAHIB,True,2025-11-15,1493100.0,1.0,0.0,37.0,0.0,82.0,1
Normal/Others,WS/MP053/2025-2026/220169,Bihar,PATNA,Shri Khiru Mahto (2022-28) (2022-2028),Elected MP,Construction of PCC road from the house of Akhilesh jee to the house of Prakash jee,2025-07-19,1490900.0,2025-08-25,1490900.0,Physical Inspection,1.0,1490900.0,1490900.0,1490900.0,2025-11-28,2025-11-28,ASSISTANT ENGINEER PATNA SAHIB,True,2025-11-28,1490900.0,1.0,0.0,37.0,0.0,95.0,1
Normal/Others,WS/MP053/2025-2026/220170,Bihar,PATNA,Shri Khiru Mahto (2022-28) (2022-2028),Elected MP,construction of PCC road from the house of Raju Kumar to the house of Dinesh Mahto,2025-07-19,1484200.0,2025-08-25,1484200.0,Physical Inspection,1.0,1484200.0,1484200.0,1484200.0,2025-11-17,2025-11-17,ASSISTANT ENGINEER PATNA SAHIB,True,2025-11-15,1484200.0,1.0,0.0,37.0,0.0,82.0,1
Normal/Others,WS/MP053/2025-2026/220171,Bihar,PATNA,Shri Khiru Mahto (2022-28) (2022-2028),Elected MP,Construction of PCC road from the house of tuntun kumar towards the house of ram khelawal mahto,2025-07-19,1478900.0,2025-08-25,1478900.0,Physical Inspection,1.0,1478900.0,1478900.0,1478900.0,2025-11-28,2025-11-28,ASSISTANT ENGINEER PATNA SAHIB,True,2025-11-28,1478900.0,1.0,0.0,37.0,0.0,95.0,1
Normal/Others,WS/MP053/2025-2026/220172,Bihar,PATNA,Shri Khiru Mahto (2022-28) (2022-2028),Elected MP,Construction of PCC road from the house of manoj Mahto to the house of Ram Jee,2025-07-19,1484200.0,2025-08-25,1484200.0,Physical Inspection,1.0,1484200.0,1484200.0,1484200.0,2025-11-28,2025-11-28,ASSISTANT ENGINEER PATNA SAHIB,True,2025-11-28,1484200.0,1.0,0.0,37.0,0.0,95.0,1
Normal/Others,WS/MP053/2025-2026/220173,Bihar,PATNA,Shri Khiru Mahto (2022-28) (2022-2028),Elected MP,Construction of pcc road from the house of dina jee to the house of Rajeev Yadav,2025-07-19,1489100.0,2025-08-25,1489100.0,Physical Inspection,1.0,1489100.0,1489100.0,1489100.0,2025-11-17,2025-11-17,ASSISTANT ENGINEER PATNA SAHIB,True,2025-11-15,1489100.0,1.0,0.0,37.0,0.0,82.0,1
Normal/Others,WS/MP053/2025-2026/220194,Bihar,PATNA,Shri Khiru Mahto (2022-28) (2022-2028),Elected MP,construction of PCC road from the house of Mukesh Kumar towards the house of Rajendra Mahto,2025-07-19,1492400.0,2025-08-25,1492400.0,Physical Inspection,1.0,1492400.0,1492400.0,1492400.0,2025-11-17,2025-11-17,ASSISTANT ENGINEER PATNA SAHIB,True,2025-11-15,1492400.0,1.0,0.0,37.0,0.0,82.0,1
Normal/Others,WS/MP053/2025-2026/220195,Bihar,PATNA,Shri Khiru Mahto (2022-28) (2022-2028),Elected MP,Construction of PCC from the house of Mithlesh jee to the house of Balram Yadav,2025-07-19,1486900.0,2025-08-25,1486900.0,Physical Inspection,1.0,1486900.0,1486900.0,1486900.0,2026-03-07,2026-03-07,ASSISTANT ENGINEER PATNA SAHIB,True,2026-03-07,1486900.0,1.0,0.0,37.0,0.0,194.0,1
Normal/Others,WS/MP053/2025-2026/220196,Bihar,PATNA,Shri Khiru Mahto (2022-28) (2022-2028),Elected MP,Construction of PCC road from the house of Ritesh Yadav to the house of Karn Sharma,2025-07-19,1489700.0,2025-08-25,1489700.0,Physical Inspection,1.0,1489700.0,1489700.0,1489700.0,2025-11-15,2025-11-15,ASSISTANT ENGINEER PATNA SAHIB,True,2025-11-15,1489700.0,1.0,0.0,37.0,0.0,82.0,1
Normal/Others,WS/MP053/2025-2026/220197,Bihar,PATNA,Shri Khiru Mahto (2022-28) (2022-2028),Elected MP,construction of PCC road from the house of Sinha jee to the house of Dharmendra Kumar,2025-07-19,616800.0,2025-08-25,616800.0,Physical Inspection,1.0,616800.0,616800.0,616800.0,2026-03-07,2026-03-07,ASSISTANT ENGINEER PATNA SAHIB,True,2026-03-07,616800.0,1.0,0.0,37.0,0.0,194.0,1
Normal/Others,WS/MP053/2025-2026/229738,Bihar,PATNA,Shri Khiru Mahto (2022-28) (2022-2028),Elected MP,Construction of PCC Road from Nehru Path near kotwali Thana  to Shiv Mandir,2025-08-28,1298000.0,2025-09-12,1298000.0,Physical Inspection,1.0,1298000.0,1298000.0,1298000.0,2025-10-18,2025-10-18,ASSISTANT ENGINEER BANKIPUR,True,2025-10-17,1298000.0,1.0,0.0,15.0,0.0,35.0,1
Normal/Others,WS/MP053/2025-2026/229739,Bihar,PATNA,Shri Khiru Mahto (2022-28) (2022-2028),Elected MP,construction of PCC road from the back gate of kotwali thana to the main building,2025-08-28,1298100.0,2025-09-12,1298100.0,Physical Inspection,1.0,1298100.0,1298100.0,1298100.0,2025-10-18,2025-10-18,ASSISTANT ENGINEER BANKIPUR,True,2025-10-17,1298100.0,1.0,0.0,15.0,0.0,35.0,1
Normal/Others,WS/MP053/2025-2026/229740,Bihar,PATNA,Shri Khiru Mahto (2022-28) (2022-2028),Elected MP,Construction of PCC road from the Garage of kotwali thana to quarters in kotwali thana,2025-08-28,1247500.0,2025-09-12,1247500.0,Physical Inspection,1.0,1247500.0,1247500.0,1247500.0,2025-10-18,2025-10-18,ASSISTANT ENGINEER BANKIPUR,True,2025-10-17,1247500.0,1.0,0.0,15.0,0.0,35.0,1
Normal/Others,WS/MP053/2025-2026/229741,Bihar,PATNA,Shri Khiru Mahto (2022-28) (2022-2028),Elected MP,Construction of PCC road from the Shiv Mandir to the Staff quarters.,2025-08-28,1147900.0,2025-09-12,1147900.0,Physical Inspection,1.0,1147900.0,1147900.0,1147900.0,2025-10-18,2025-10-18,ASSISTANT ENGINEER BANKIPUR,True,2025-10-17,1147900.0,1.0,0.0,15.0,0.0,35.0,1
Normal/Others,WS/MP053/2025-2026/229754,Bihar,PATNA,Shri Khiru Mahto (2022-28) (2022-2028),Elected MP,construction of PCC road from the sampatchak main road to the house of ramesh singh,2025-08-28,1498043.0,2025-09-12,1498043.0,Physical Inspection,1.0,1498043.0,1498043.0,1498043.0,2025-11-11,2025-11-11,ASSISTANT ENGINEER FATUHA,True,2025-11-11,1498043.0,1.0,0.0,15.0,0.0,60.0,1
Normal/Others,WS/MP053/2025-2026/229755,Bihar,PATNA,Shri Khiru Mahto (2022-28) (2022-2028),Elected MP,construction of pcc road in ward 4 lakshmichak tola from the house of prakash jee to the house of Dharmendra jee,2025-08-28,1497044.0,2025-09-12,1497044.0,Physical Inspection,1.0,1497044.0,1497044.0,1497044.0,2025-11-11,2025-11-11,ASSISTANT ENGINEER FATUHA,True,2025-11-11,1497044.0,1.0,0.0,15.0,0.0,60.0,1
Normal/Others,WS/MP053/2025-2026/229756,Bihar,PATNA,Shri Khiru Mahto (2022-28) (2022-2028),Elected MP,construction of PCC road in  in ward no.11 varuna village from the house of Sunil jee to the the house of Ramaikbal jee,2025-08-28,1496012.0,2025-09-12,1496012.0,Physical Inspection,1.0,1496012.0,1496012.0,1496012.0,2025-11-15,2025-11-15,ASSISTANT ENGINEER FATUHA,True,2025-11-11,1496012.0,1.0,0.0,15.0,0.0,60.0,1
Normal/Others,WS/MP053/2025-2026/229757,Bihar,PATNA,Shri Khiru Mahto (2022-28) (2022-2028),Elected MP,"Construction of PCC road in ward no.11,Varuna village from the house of Satish Kumar to the house of Chandan Kumar",2025-08-28,1495722.0,2025-09-12,1495722.0,Physical Inspection,1.0,1495722.0,1495722.0,1495722.0,2025-11-11,2025-11-11,ASSISTANT ENGINEER FATUHA,True,2025-11-11,1495722.0,1.0,0.0,15.0,0.0,60.0,1
Normal/Others,WS/MP053/2025-2026/229758,Bihar,PATNA,Shri Khiru Mahto (2022-28) (2022-2028),Elected MP,Construction of PCC road in Ward no.13 from the house of Sudhir Kumar to the house of Vikki Kumar.,2025-08-28,1496908.0,2025-09-12,1496908.0,Physical Inspection,1.0,1496908.0,1496908.0,1496908.0,2025-11-11,2025-11-11,ASSISTANT ENGINEER FATUHA,True,2025-11-11,1496908.0,1.0,0.0,15.0,0.0,60.0,1
Normal/Others,WS/MP053/2025-2026/229767,Bihar,PATNA,Shri Khiru Mahto (2022-28) (2022-2028),Elected MP,Construction of PCC Road in ward no.1 from the house of shashi singh to the house of yugal singh,2025-08-28,1495894.0,2025-09-12,1495894.0,Physical Inspection,1.0,1495894.0,1495894.0,1495894.0,2025-11-11,2025-11-11,ASSISTANT ENGINEER FATUHA,True,2025-11-11,1495894.0,1.0,0.0,15.0,0.0,60.0,1
Normal/Others,WS/MP053/2025-2026/229768,Bihar,PATNA,Shri Khiru Mahto (2022-28) (2022-2028),Elected MP,Construction of PCC road from the house of Nagendra jee to the house of sunil jee in ward no. 02,2025-08-28,998043.0,2025-09-12,998043.0,Physical Inspection,1.0,998043.0,998043.0,998043.0,2025-11-11,2025-11-11,ASSISTANT ENGINEER FATUHA,True,2025-11-11,998043.0,1.0,0.0,15.0,0.0,60.0,1
Normal/Others,WS/MP053/2023-2024/118850,Bihar,PATNA,Shri Khiru Mahto (2022-28) (2022-2028),Elected MP,CONSTRUCTION OF PCC ROAD IN ROAD No.1 TO THE HOUSE OF SHAILESH SINGH.,2024-03-02,1459268.0,2024-03-11,1459268.0,Physical Inspection,1.0,1459268.0,1459268.0,1459268.0,2024-05-11,2024-05-11,ASSISTANT ENGINEER PATNA SAHIB,True,2024-05-25,1459268.0,1.0,0.0,9.0,0.0,75.0,1
Normal/Others,WS/MP053/2023-2024/118851,Bihar,PATNA,Shri Khiru Mahto (2022-28) (2022-2028),Elected MP,CONSTRUCTION OF PCC ROAD FROM THE HOUSE OF BHAGAT JEE TO THE HOUSE OF RAVINDRA JEE,2024-03-02,1373500.0,2024-03-11,1373500.0,Physical Inspection,1.0,1373500.0,1373500.0,1373500.0,2024-05-11,2024-05-11,ASSISTANT ENGINEER PATNA SAHIB,True,2024-05-25,1373500.0,1.0,0.0,9.0,0.0,75.0,1
Normal/Others,WS/MP053/2023-2024/118852,Bihar,PATNA,Shri Khiru Mahto (2022-28) (2022-2028),Elected MP,CONSTRUCTION OF PCC ROAD FROM THE HOUSE OF REKHA DEVI TO THE HOUSE OF CHANDRAVANSHI JEE,2024-03-02,1446500.0,2024-03-11,1446500.0,Physical Inspection,1.0,1446500.0,1446500.0,1446500.0,2024-05-16,2024-05-16,ASSISTANT ENGINEER PATNA SAHIB,True,2024-07-05,1446500.0,1.0,0.0,9.0,0.0,116.0,1
Normal/Others,WS/MP053/2023-2024/118853,Bihar,PATNA,Shri Khiru Mahto (2022-28) (2022-2028),Elected MP,CONSTRUCTION OF PCC ROAD TO THE HOUSE OF AKANSHA SINHA,2024-03-02,1454031.0,2024-03-11,1454031.0,Physical Inspection,1.0,1454031.0,1454031.0,1454031.0,2024-05-11,2024-05-11,ASSISTANT ENGINEER PATNA SAHIB,True,2024-05-25,1454031.0,1.0,0.0,9.0,0.0,75.0,1
Normal/Others,WS/MP053/2023-2024/118854,Bihar,PATNA,Shri Khiru Mahto (2022-28) (2022-2028),Elected MP,CONSTRUCTION OF PCC ROAD FROM THE HOUSE OF SANTOSH SINGH TO THE HOUSE OF S P GUPTA,2024-03-02,1366245.0,2024-03-11,1366245.0,Physical Inspection,1.0,1366245.0,1366245.0,1366245.0,2024-05-11,2024-05-11,ASSISTANT ENGINEER PATNA SAHIB,True,2024-05-25,1366245.0,1.0,0.0,9.0,0.0,75.0,1
Normal/Others,WS/MP053/2023-2024/118860,Bihar,PATNA,Shri Khiru Mahto (2022-28) (2022-2028),Elected MP,CONSTRUCTION OF PCC FROM THE HOUSE OF VIRU JEE TO THE HOUSE OF MANOJ MEHTA,2024-03-02,1351113.0,2024-03-11,1351113.0,Physical Inspection,1.0,1351113.0,1351113.0,1351113.0,2024-05-11,2024-05-11,ASSISTANT ENGINEER PATNA SAHIB,True,2024-05-25,1351113.0,1.0,0.0,9.0,0.0,75.0,1
Normal/Others,WS/MP053/2023-2024/118861,Bihar,PATNA,Shri Khiru Mahto (2022-28) (2022-2028),Elected MP,CONSTRUCTION OF PCC ROAD FROM THE HOUSE OF SURENDRA PRASAD TO THE HOUSE OF KUNDAN JEE,2024-03-02,1383100.0,2024-03-11,1383100.0,Physical Inspection,1.0,1383100.0,1383100.0,1383100.0,2024-05-15,2024-05-15,ASSISTANT ENGINEER PATNA SAHIB,True,2024-05-25,1383100.0,1.0,0.0,9.0,0.0,75.0,1
Normal/Others,WS/MP053/2023-2024/118862,Bihar,PATNA,Shri Khiru Mahto (2022-28) (2022-2028),Elected MP,CONSTRUCTION OF PCC ROAD FROM THE HOUSE OF ANKIT KUMAR TO THE HOUSE OF KANHAIYA KUMAR,2024-03-02,1384893.0,2024-03-11,1384893.0,Physical Inspection,1.0,1384893.0,1384893.0,1384893.0,2024-05-11,2024-05-11,ASSISTANT ENGINEER PATNA SAHIB,True,2024-05-25,1384893.0,1.0,0.0,9.0,0.0,75.0,1
Normal/Others,WS/MP053/2023-2024/118863,Bihar,PATNA,Shri Khiru Mahto (2022-28) (2022-2028),Elected MP,CONSTRUCTION OF PCC ROAD FROM MAIN ROAD ASHOK RAJ PATH TO THE HOUSE OF RAJIV JEE,2024-03-02,1433500.0,2024-03-11,1433500.0,Physical Inspection,1.0,1433500.0,1433500.0,1433500.0,2024-05-11,2024-05-11,ASSISTANT ENGINEER PATNA SAHIB,True,2024-05-25,1433500.0,1.0,0.0,9.0,0.0,75.0,1
Normal/Others,WS/MP053/2023-2024/120073,Bihar,PATNA,Shri Khiru Mahto (2022-28) (2022-2028),Elected MP,CONSTRUCTION OF PCC ROAD FROM THE HOUSE OF RAGHVENDRA NARAYAN PRASAD TO THE HOUSE OF RAMESHWAR SHARMA,2024-03-04,1493591.0,2024-03-14,1493591.0,Physical Inspection,1.0,1493591.0,1493591.0,1493591.0,2024-04-20,2024-04-20,VEDIKA SINGH,False,2024-06-05,1493591.0,1.0,0.0,10.0,0.0,83.0,1
Normal/Others,WS/MP053/2023-2024/120074,Bihar,PATNA,Shri Khiru Mahto (2022-28) (2022-2028),Elected MP,CONSTRUCTION OF PCC ROAD FROM THE HOUSE OF CHANDAN BABA TO THE HOUSE OF PAPPU JEE,2024-03-04,1494463.0,2024-03-14,1494463.0,Physical Inspection,1.0,1494463.0,1494463.0,1494463.0,2024-04-20,2024-04-20,VEDIKA SINGH,False,2024-05-25,1494463.0,1.0,0.0,10.0,0.0,72.0,1
Normal/Others,WS/MP053/2023-2024/120075,Bihar,PATNA,Shri Khiru Mahto (2022-28) (2022-2028),Elected MP,CONSTRUCTION OF PCC ROAD FROM THE HOUSE OF PRAMOD JEE TO THE HOUSE OF PAPPU JEE,2024-03-04,1491901.0,2024-03-14,1491901.0,Physical Inspection,1.0,1491901.0,1491901.0,1491901.0,2024-05-09,2024-05-09,VEDIKA SINGH,False,2024-06-06,1491901.0,1.0,0.0,10.0,0.0,84.0,1
Normal/Others,WS/MP053/2023-2024/120076,Bihar,PATNA,Shri Khiru Mahto (2022-28) (2022-2028),Elected MP,CONSTRUCTION OF PCC ROAD FROM THE HOUSE OF DHIRENDRA KUMAR TO THE HOUSE OF RAVISHANKAR JEE,2024-03-04,1479000.0,2024-03-14,1479000.0,Physical Inspection,1.0,1479000.0,1479000.0,1479000.0,2024-07-03,2024-07-03,VAIBHAV VATSHALYA,False,2024-09-02,1479000.0,1.0,0.0,10.0,0.0,172.0,1
Normal/Others,WS/MP053/2023-2024/120096,Bihar,PATNA,Shri Khiru Mahto (2022-28) (2022-2028),Elected MP,CONSTRUCTION OF PCC ROAD FROM THE HOUSE OF BIRENDRA SINGH TO THE SHYAM STORE,2024-03-04,1286742.0,2024-03-11,1286742.0,Physical Inspection,1.0,1286742.0,1286742.0,1286742.0,2024-05-06,2024-05-06,ASSISTANT ENGINEER BANKIPUR,True,2024-05-21,1286742.0,1.0,0.0,7.0,0.0,71.0,1
Normal/Others,WS/MP053/2023-2024/120097,Bihar,PATNA,Shri Khiru Mahto (2022-28) (2022-2028),Elected MP,CONSTRUCTION OF PCC FROM THE HOUSE OF TARKESHWAR SHAH TO THE ATTA CHAKKI,2024-03-04,1287500.0,2024-03-11,1287500.0,Physical Inspection,1.0,1287500.0,1287500.0,1287500.0,2024-05-06,2024-05-06,ASSISTANT ENGINEER BANKIPUR,True,2024-05-21,1287500.0,1.0,0.0,7.0,0.0,71.0,1
Normal/Others,WS/MP053/2023-2024/120098,Bihar,PATNA,Shri Khiru Mahto (2022-28) (2022-2028),Elected MP,CONSTRUCTION OF PCC ROAD FROM BHARTI BHAWAN TO THE HOUSE OF MANOJ PASWAN,2024-03-04,1288341.0,2024-03-11,1288341.0,Physical Inspection,1.0,1288341.0,1288341.0,1288341.0,2024-05-06,2024-05-06,ASSISTANT ENGINEER BANKIPUR,True,2024-05-21,1288341.0,1.0,0.0,7.0,0.0,71.0,1
Normal/Others,WS/MP053/2023-2024/120099,Bihar,PATNA,Shri Khiru Mahto (2022-28) (2022-2028),Elected MP,CONSTRUCTION OF PCC ROAD FROM THE HOUSE OF GOPAL JEE TO THE HOUSE OF Dr. ASHOK JEE,2024-03-04,1287273.0,2024-03-12,1287273.0,Physical Inspection,1.0,1287273.0,1287273.0,1287273.0,2024-05-06,2024-05-06,ASSISTANT ENGINEER BANKIPUR,True,2024-05-21,1287273.0,1.0,0.0,8.0,0.0,70.0,1
Normal/Others,WS/MP053/2024-2025/146925,Bihar,PATNA,Shri Khiru Mahto (2022-28) (2022-2028),Elected MP,Construction of PCC Road from Kamal Path to the house of Surendra Mahto in Rajendra Colony,2024-10-12,1387358.0,2024-10-31,1387358.0,Physical Inspection,1.0,1387358.0,1387358.0,1387358.0,2025-01-28,2025-01-28,ASSISTANT ENGINEER PATNA SAHIB,True,2025-02-27,1387358.0,1.0,0.0,19.0,0.0,119.0,1
Normal/Others,WS/MP053/2024-2025/146926,Bihar,PATNA,Shri Khiru Mahto (2022-28) (2022-2028),Elected MP,Construction of PCC Road from the house of Pankaj jee to the house of Rakesh jee in Rajendra Colony,2024-10-12,1455867.0,2024-10-31,1455867.0,Physical Inspection,1.0,1455867.0,1455867.0,1455867.0,2025-01-28,2025-01-28,ASSISTANT ENGINEER PATNA SAHIB,True,2025-02-27,1455867.0,1.0,0.0,19.0,0.0,119.0,1
Normal/Others,WS/MP053/2024-2025/146927,Bihar,PATNA,Shri Khiru Mahto (2022-28) (2022-2028),Elected MP,CONSTRUCTION OF PCC ROAD FROM THE HOUSE OF SUBODH SINGH TO THE HOUSE OF ASHOK JEE IN RAJENDRA COLONY,2024-10-12,1453347.0,2024-10-31,1453347.0,Physical Inspection,1.0,1453347.0,1453347.0,1453347.0,2025-01-28,2025-01-28,ASSISTANT ENGINEER PATNA SAHIB,True,2025-02-27,1453347.0,1.0,0.0,19.0,0.0,119.0,1
Normal/Others,WS/MP053/2024-2025/146928,Bihar,PATNA,Shri Khiru Mahto (2022-28) (2022-2028),Elected MP,CONSTRUCTION OF PCC ROAD FROM THE HOUSE OF WAKIL SAHAB TO THE HOUSE OF DR. ARVIND JEE,2024-10-12,1454459.0,2024-10-31,1454459.0,Physical Inspection,1.0,1454459.0,1454459.0,1454459.0,2025-01-28,2025-01-28,ASSISTANT ENGINEER PATNA SAHIB,True,2025-02-27,1454459.0,1.0,0.0,19.0,0.0,119.0,1
Normal/Others,WS/MP053/2024-2025/146929,Bihar,PATNA,Shri Khiru Mahto (2022-28) (2022-2028),Elected MP,CONSTRUCTION OF PCC ROAD AND DRAINAGE SYSTEM FROM GURUGOVIND SINGH MAIN ROAD TO THE BOUNDARY WALL OF SUNIL SINGH IN SHRI RAM COLONY,2024-10-12,1464352.0,2024-10-31,1464352.0,Physical Inspection,1.0,1464352.0,1464352.0,1464352.0,2025-01-28,2025-01-28,ASSISTANT ENGINEER PATNA SAHIB,True,2025-02-27,1464352.0,1.0,0.0,19.0,0.0,119.0,1
Normal/Others,WS/MP053/2024-2025/146930,Bihar,PATNA,Shri Khiru Mahto (2022-28) (2022-2028),Elected MP,CONSTRUCTION OF PCC ROAD FRORANIPUR CHAKIYA MAIN ROAD TO THE LAND OF RADHE MAHTO,2024-10-12,969582.0,2024-10-31,969582.0,Physical Inspection,1.0,969582.0,969582.0,969582.0,2025-01-28,2025-01-28,ASSISTANT ENGINEER PATNA SAHIB,True,2025-02-27,969582.0,1.0,0.0,19.0,0.0,119.0,1
Normal/Others,WS/MP053/2024-2025/146972,Bihar,PATNA,Shri Khiru Mahto (2022-28) (2022-2028),Elected MP,CONSTRUCTION OF PCC ROAD FROM THE HOUSE OF SURAJ JEE TO THE HOUSE OF MANISH KUMAR JEE ON RANIPUR CHAKIA ROAD,2024-10-12,969783.0,2024-10-31,969783.0,Physical Inspection,1.0,969783.0,969783.0,969783.0,2025-01-28,2025-01-28,ASSISTANT ENGINEER PATNA SAHIB,True,2025-02-27,969783.0,1.0,0.0,19.0,0.0,119.0,1
Normal/Others,WS/MP053/2024-2025/156956,Bihar,PATNA,Shri Khiru Mahto (2022-28) (2022-2028),Elected MP,construction of PCC Road from the house of Subodh Jee to the House of Shekhar Paswan in Ward No.1,2024-12-05,1486637.0,2024-12-31,1486637.0,Physical Inspection,1.0,1486637.0,1486637.0,1486637.0,2025-02-14,2025-02-14,VEDIKA SINGH,True,2025-07-23,1486637.0,1.0,0.0,26.0,0.0,204.0,1
Normal/Others,WS/MP053/2024-2025/156957,Bihar,PATNA,Shri Khiru Mahto (2022-28) (2022-2028),Elected MP,Construction of PCC Road from the house of VIjay Shankar jee to the house of Ravindra Pandey in ward No.1,2024-12-05,1489938.0,2024-12-31,1489938.0,Physical Inspection,1.0,1489938.0,1489938.0,1489938.0,2025-02-14,2025-02-14,VEDIKA SINGH,False,2025-07-01,1489938.0,1.0,0.0,26.0,0.0,182.0,1
Normal/Others,WS/MP053/2024-2025/156958,Bihar,PATNA,Shri Khiru Mahto (2022-28) (2022-2028),Elected MP,Construction of PCC Road from the house of Vishwanath jee to the house of Baijnath jee towards south in ward no.1,2024-12-05,1390866.0,2024-12-31,1390866.0,Physical Inspection,1.0,1390866.0,1390866.0,1390866.0,2025-02-14,2025-02-14,VEDIKA SINGH,False,2025-06-29,1390866.0,1.0,0.0,26.0,0.0,180.0,1
Normal/Others,WS/MP053/2024-2025/156959,Bihar,PATNA,Shri Khiru Mahto (2022-28) (2022-2028),Elected MP,Construction of PCC road from the house of Arvind jee towards house of Rajeev Kumar in ward no.1,2024-12-05,1295000.0,2024-12-31,1295000.0,Vendor Identification,1.0,1290892.0,1290892.0,1290892.0,2025-02-14,2025-02-14,VEDIKA SINGH,,,,0.9968277992277992,0.0,26.0,0.0,,1
Normal/Others,WS/MP053/2024-2025/156960,Bihar,PATNA,Shri Khiru Mahto (2022-28) (2022-2028),Elected MP,Construction of PCC road in babhanpura village from Shiv Mandir towards the house of Pujan jee in ward no.15,2024-12-05,1492700.0,2024-12-31,1492700.0,Physical Inspection,1.0,1492700.0,1492700.0,1492700.0,2025-02-19,2025-02-19,VEDIKA SINGH,False,2025-06-29,1492700.0,1.0,0.0,26.0,0.0,180.0,1
Normal/Others,WS/MP053/2024-2025/156961,Bihar,PATNA,Shri Khiru Mahto (2022-28) (2022-2028),Elected MP,Construction of PCC Road  in ward no.15 babhanpura village from the house of Bharat jee towards house of Birendra Prasad Jee,2024-12-05,1492793.0,2024-12-31,1492793.0,Physical Inspection,1.0,1492793.0,1492793.0,1492793.0,2025-02-19,2025-02-19,VEDIKA SINGH,True,2025-09-04,1492793.0,1.0,0.0,26.0,0.0,247.0,1
Normal/Others,WS/MP053/2024-2025/156962,Bihar,PATNA,Shri Khiru Mahto (2022-28) (2022-2028),Elected MP,Construction of PCC road in Babahnpura village of ward no.15 from the house of Kunal Kumar jee towards the house of Sudama Sharma jee,2024-12-05,1493102.0,2024-12-31,1493102.0,Physical Inspection,1.0,1493102.0,1493102.0,1493102.0,2025-02-19,2025-02-19,VEDIKA SINGH,True,2025-07-23,1493102.0,1.0,0.0,26.0,0.0,204.0,1
Normal/Others,WS/MP053/2024-2025/156987,Bihar,PATNA,Shri Khiru Mahto (2022-28) (2022-2028),Elected MP,Construction of PCC Road in Babhanpura in ward no.15 from the house of Ajay jee towards the house of Gopal Singh jee,2024-12-05,1493131.0,2024-12-31,1493131.0,Physical Inspection,1.0,1493131.0,1493131.0,1493131.0,2025-02-19,2025-02-19,VEDIKA SINGH,True,2025-07-23,1493131.0,1.0,0.0,26.0,0.0,204.0,1
Normal/Others,WS/MP053/2024-2025/156988,Bihar,PATNA,Shri Khiru Mahto (2022-28) (2022-2028),Elected MP,Construction of PCC road from the house of Avinash jee towards main road in RPS colony,2024-12-05,1202000.0,2024-12-31,1202000.0,Physical Inspection,1.0,1202000.0,1202000.0,1202000.0,2025-05-07,2025-05-07,VAIBHAV VATSHALYA,False,2025-06-20,1202000.0,1.0,0.0,26.0,0.0,171.0,1
Normal/Others,WS/MP053/2024-2025/156989,Bihar,PATNA,Shri Khiru Mahto (2022-28) (2022-2028),Elected MP,Construction of PCC Road in kothwan from the house of Murari jee towards the house of Ashok Kumar jee,2024-12-05,1250000.0,2024-12-31,1250000.0,Vendor Identification,1.0,1236900.0,1236900.0,1236900.0,2025-03-13,2025-03-13,VAIBHAV VATSHALYA,,,,0.98952,0.0,26.0,0.0,,1
Normal/Others,WS/MP053/2024-2025/156990,Bihar,PATNA,Shri Khiru Mahto (2022-28) (2022-2028),Elected MP,Construction of PCC road in Kothwan from the house of Bharat jee towards the house of Rita Devi,2024-12-05,1178500.0,2024-12-31,1178500.0,Physical Inspection,1.0,1178500.0,1178500.0,1178500.0,2025-03-13,2025-03-13,VAIBHAV VATSHALYA,False,2025-12-12,1178500.0,1.0,0.0,26.0,0.0,346.0,1
Normal/Others,WS/MP053/2024-2025/156991,Bihar,PATNA,Shri Khiru Mahto (2022-28) (2022-2028),Elected MP,Construction of PCC Road towards south from Sahu Complex in Indrapuri West,2024-12-05,1481800.0,2024-12-31,1481800.0,Physical Inspection,1.0,1481800.0,1481800.0,1481800.0,2025-02-13,2025-02-13,ASSISTANT ENGINEER BANKIPUR,True,2025-02-27,1481800.0,1.0,0.0,26.0,0.0,58.0,1
Normal/Others,WS/MP053/2024-2025/156992,Bihar,PATNA,Shri Khiru Mahto (2022-28) (2022-2028),Elected MP,Construction of PCC Road from Kanti Bhavan to Mother Teresa School,2024-12-05,1479600.0,2024-12-31,1479600.0,Physical Inspection,1.0,1479600.0,1479600.0,1479600.0,2025-02-13,2025-02-13,ASSISTANT ENGINEER BANKIPUR,True,2025-02-27,1479600.0,1.0,0.0,26.0,0.0,58.0,1
Normal/Others,WS/MP053/2024-2025/161176,Bihar,PATNA,Shri Khiru Mahto (2022-28) (2022-2028),Elected MP,Construction of PCC road in Indrapuri  from Ashirvad house to the plot of Sanjay Singh,2024-12-24,1482700.0,2024-12-31,1482700.0,Physical Inspection,1.0,1482700.0,1482700.0,1482700.0,2025-02-13,2025-02-13,ASSISTANT ENGINEER BANKIPUR,True,2025-02-27,1482700.0,1.0,0.0,7.0,0.0,58.0,1
Normal/Others,WS/MP053/2024-2025/161177,Bihar,PATNA,Shri Khiru Mahto (2022-28) (2022-2028),Elected MP,Construction of PCC road from Janak Dwar to Saroj Kunj.,2024-12-24,1481100.0,2024-12-31,1481100.0,Physical Inspection,1.0,1481100.0,1481100.0,1481100.0,2025-02-13,2025-02-13,ASSISTANT ENGINEER BANKIPUR,True,2025-02-27,1481100.0,1.0,0.0,7.0,0.0,58.0,1
Normal/Others,WS/MP053/2024-2025/161178,Bihar,PATNA,Shri Khiru Mahto (2022-28) (2022-2028),Elected MP,Construction of PCC road from the house of Ravi jee to the house of Dhananjay jee in Buddhjivi colony,2024-12-24,1009204.0,2024-12-31,1009204.0,Physical Inspection,1.0,1009204.0,1009204.0,1009204.0,2025-02-13,2025-02-13,ASSISTANT ENGINEER BANKIPUR,True,2025-02-27,1009204.0,1.0,0.0,7.0,0.0,58.0,1
Normal/Others,WS/MP053/2024-2025/163090,Bihar,PATNA,Shri Khiru Mahto (2022-28) (2022-2028),Elected MP,Construction of road with drainage system from Icon school to the house of Pankaj jee in Buddhijivi colony Road no.1,2025-01-02,1475019.0,2025-01-16,1475019.0,Physical Inspection,1.0,1475019.0,1475019.0,1475019.0,2025-02-28,2025-02-28,ASSISTANT ENGINEER BANKIPUR,True,2025-03-10,1475019.0,1.0,0.0,14.0,0.0,53.0,1
Normal/Others,WS/MP053/2024-2025/163091,Bihar,PATNA,Shri Khiru Mahto (2022-28) (2022-2028),Elected MP,construction of PCC road with drainage system from the house of Rajesh kumar to the house of Birju jee in Buddhjivi Colony Road no.1,2025-01-02,1474247.0,2025-01-16,1474247.0,Physical Inspection,1.0,1474247.0,1474247.0,1474247.0,2025-02-28,2025-02-28,ASSISTANT ENGINEER BANKIPUR,True,2025-03-10,1474247.0,1.0,0.0,14.0,0.0,53.0,1
Normal/Others,WS/MP053/2024-2025/163092,Bihar,PATNA,Shri Khiru Mahto (2022-28) (2022-2028),Elected MP,construction of PCC road from the main road of Buddhijivi colony to the house of Suraj Kumar.,2025-01-02,1476134.0,2025-01-16,1476134.0,Physical Inspection,1.0,1476134.0,1476134.0,1476134.0,2025-02-28,2025-02-28,ASSISTANT ENGINEER BANKIPUR,True,2025-03-10,1476134.0,1.0,0.0,14.0,0.0,53.0,1
Normal/Others,WS/MP053/2023-2024/43855,Bihar,MUNGER,Shri Khiru Mahto (2022-28) (2022-2028),Elected MP,"CONSTRUCTION OF PCC ROAD FROM IMLI GAACH VIA RANJAN YADAV HOUSE TO FOUR LANE IN WARD 1 PATAM WEST, DHARHARA",2023-11-02,490269.0,2023-12-28,490269.0,Physical Inspection,1.0,490269.0,490269.0,490269.0,2024-09-28,2024-09-28,AJAY KUMAR ROY,True,2025-07-26,490269.0,1.0,0.0,56.0,0.0,576.0,1
Normal/Others,WS/MP053/2023-2024/43856,Bihar,MUNGER,Shri Khiru Mahto (2022-28) (2022-2028),Elected MP,CONSTRUCTION OF PCC ROAD FROM GUHIYA POKHAR TO JOGI YADAV HOUSE KHAS PATAM IN PATAM EAST PANCHAYAT DHARAHARA,2023-11-02,489671.0,2023-12-19,489671.0,Physical Inspection,1.0,489671.0,489671.0,489671.0,2024-09-28,2024-09-28,AJAY KUMAR ROY,True,2025-07-26,489671.0,1.0,0.0,47.0,0.0,585.0,1
Normal/Others,WS/MP053/2023-2024/43857,Bihar,MUNGER,Shri Khiru Mahto (2022-28) (2022-2028),Elected MP,CONSTRUCTION OF PCC ROAD FROM MD. ALAM HOUSE TO MURGI FARM VIA SHAMSHER HOUSE IN MUKARCHAK IN BAANK PANCHAYAT,2023-11-02,489680.0,2024-02-16,489680.0,Physical Inspection,1.0,489680.0,489680.0,489680.0,2024-11-21,2024-11-21,ASHOK KUMAR,True,2024-11-21,489680.0,1.0,0.0,106.0,0.0,279.0,1
Normal/Others,WS/MP053/2023-2024/43858,Bihar,MUNGER,Shri Khiru Mahto (2022-28) (2022-2028),Elected MP,CONSTRUCTION OF PCC ROAD FROM RAJENDRA YADAV HOUSE TO NISHO YADAV IN ORA BAGICHA DHARAHARA,2023-11-02,494293.0,2024-02-07,494293.0,Physical Inspection,1.0,494293.0,494293.0,494293.0,2024-06-29,2024-06-29,NIRAJ KUMAR,True,2024-06-29,494293.0,1.0,0.0,97.0,0.0,143.0,1
Normal/Others,WS/MP053/2023-2024/43859,Bihar,MUNGER,Shri Khiru Mahto (2022-28) (2022-2028),Elected MP,CONSTRUCTION OF PCC ROAD FROM BIPIN MODI HOUSE TO PANKAJ MANDAL HOUSE VIA DEEPAK RAJAK HOUSE IN SOUTH OF DHARHARA BLOCK,2023-11-02,396106.0,2023-12-18,396106.0,Physical Inspection,1.0,396106.0,396106.0,396106.0,2024-02-12,2024-02-12,Pushpam Singh,True,2025-07-08,396106.0,1.0,0.0,46.0,0.0,568.0,1
Normal/Others,WS/MP053/2023-2024/43869,Bihar,MUNGER,Shri Khiru Mahto (2022-28) (2022-2028),Elected MP,CONSTRUCTION OF PCC ROAD FROM JAGDISH SAH HOUSE NEAR RATAN SAW TO MANOHAR TANTI HOUSE IN WARD 4 DHARHARA DAKCHIN PANCHAYAT,2023-11-02,396071.0,2023-12-18,396071.0,Physical Inspection,1.0,396071.0,396071.0,396071.0,2024-02-12,2024-02-12,Pushpam Singh,True,2025-07-08,396071.0,1.0,0.0,46.0,0.0,568.0,1
Normal/Others,WS/MP053/2023-2024/43870,Bihar,MUNGER,Shri Khiru Mahto (2022-28) (2022-2028),Elected MP,CONSTRUCTION OF PCC ROAD IN VILLAGE SABAIYA ST TOLA IN BANGALWA PANCHAYAT FROM RAJESH MARANDI HOUSE TO SUBODH MARANDI HOUSE,2023-11-02,395662.0,2023-12-18,395662.0,Physical Inspection,1.0,395662.0,395662.0,395662.0,2024-05-15,2024-05-15,Malti Devi,True,2025-07-15,395662.0,1.0,0.0,46.0,0.0,575.0,1
Normal/Others,WS/MP053/2023-2024/43871,Bihar,MUNGER,Shri Khiru Mahto (2022-28) (2022-2028),Elected MP,CONSTRUCTION OF PCC ROAD WITH NALA FROM ORTHO ROAD VIA PRAMOD YADAV HOUSE TO DAHI YADAV HOUSE IN MANGARH MAHARNNA PANCHAYAT,2023-11-02,395118.0,2023-12-18,395118.0,Physical Inspection,1.0,395118.0,395118.0,395118.0,2024-02-12,2024-02-12,Malti Devi,True,2025-07-08,395118.0,1.0,0.0,46.0,0.0,568.0,1
Normal/Others,WS/MP053/2023-2024/43872,Bihar,MUNGER,Shri Khiru Mahto (2022-28) (2022-2028),Elected MP,CONSTRUCTION OF PCC ROAD FROM MD. KASIM HOUSE TO MD. FIROJ HOUSE IN WARD 19 CHURAMBBA,2023-11-02,398981.0,2024-02-03,398981.0,Physical Inspection,1.0,398981.0,398981.0,398981.0,2024-06-03,2024-06-03,Sumit Kumar Nirala,True,2024-06-02,398981.0,1.0,0.0,93.0,0.0,120.0,1
Normal/Others,WS/MP053/2023-2024/43873,Bihar,MUNGER,Shri Khiru Mahto (2022-28) (2022-2028),Elected MP,CONSTRUCTION OF PCC ROAD FROM SAGAR JEE HOUSE TO AFTAB ALAM HOUSE AND CONSTRUCTION OF PIYAU NEAR KAHAR TOLI ASTHAN IN WARD 25,2023-11-02,392528.0,2023-12-18,392528.0,Physical Inspection,1.0,392528.0,392528.0,392528.0,2024-03-04,2024-03-04,Ravi Kumar,True,2025-07-24,392528.0,1.0,0.0,46.0,0.0,584.0,1
Normal/Others,WS/MP053/2023-2024/43874,Bihar,MUNGER,Shri Khiru Mahto (2022-28) (2022-2028),Elected MP,CONSTRUCTION OF PCC ROAD FROM SANJAY KUMAR HOUSE TO MANISH KUMAR HOUSE IN WARD 45,2023-11-02,396663.0,2023-12-19,396663.0,Physical Inspection,1.0,396663.0,396663.0,396663.0,2024-06-20,2024-06-20,AJAY KUMAR ROY,True,2024-06-20,396663.0,1.0,0.0,47.0,0.0,184.0,1
Normal/Others,WS/MP053/2023-2024/43875,Bihar,MUNGER,Shri Khiru Mahto (2022-28) (2022-2028),Elected MP,CONSTRUCTION OF PCC ROAD FROM ADVOCATE VISHWNATH SINGH HOUSE TO FR MALLIK HOUSE VIA KABRISTAN IN WARD 30,2023-11-02,397482.0,2023-12-19,397482.0,Physical Inspection,1.0,397482.0,397482.0,397482.0,2024-02-17,2024-02-17,Santosh Kumar Singh,True,2025-07-08,397482.0,1.0,0.0,47.0,0.0,567.0,1
Normal/Others,WS/MP053/2023-2024/43876,Bihar,MUNGER,Shri Khiru Mahto (2022-28) (2022-2028),Elected MP,CONSTRUCTION OF PCC ROAD FROM BHARI MIRJAPUR MASJID TO MD. HAFIJ HOUSE IN WARD 36,2023-11-02,397224.0,2024-01-06,397224.0,Physical Inspection,1.0,397224.0,397224.0,397224.0,2024-03-21,2024-03-21,Santosh Kumar Singh,True,2025-05-20,397224.0,1.0,0.0,65.0,0.0,500.0,1
Normal/Others,WS/MP053/2023-2024/43877,Bihar,MUNGER,Shri Khiru Mahto (2022-28) (2022-2028),Elected MP,CONSTRUCTION OF PCC ROAD IN WARD 7 FROM MUNNA YADAV HOUSE TO SURESH YADAV HOUSE,2023-11-02,398663.0,2023-12-18,398663.0,Physical Inspection,1.0,398663.0,398663.0,398663.0,2024-05-28,2024-05-28,Adesh Anand,True,2025-07-24,398663.0,1.0,0.0,46.0,0.0,584.0,1
Normal/Others,WS/MP053/2023-2024/43878,Bihar,MUNGER,Shri Khiru Mahto (2022-28) (2022-2028),Elected MP,CONSTRUCTION OF PCC ROAD WITH NALA IN WARD 37 FROM BAM POLICE ROAD IN BARI MIRJAPUR TO SUMAN YADAV HOUSE,2023-11-02,393594.0,2023-12-19,393594.0,Physical Inspection,1.0,393594.0,393594.0,393594.0,2024-09-23,2024-09-23,SHRAVAN KUMAR SINGH,True,2025-07-08,393594.0,1.0,0.0,47.0,0.0,567.0,1
Normal/Others,WS/MP053/2023-2024/43889,Bihar,MUNGER,Shri Khiru Mahto (2022-28) (2022-2028),Elected MP,CONSTRUCTION OF PCC ROAD FROM LAL DARWAJA DURGA ASTHAN JAI RAM YADAV TO BIRJU YADAV IN WARD NO. 2,2023-11-02,151469.0,2023-12-28,151469.0,Physical Inspection,1.0,151469.0,151469.0,151469.0,2025-02-25,2025-02-25,KUMUD KISLAY,True,2026-01-10,151469.0,1.0,0.0,56.0,0.0,744.0,1
Normal/Others,WS/MP053/2023-2024/43891,Bihar,MUNGER,Shri Khiru Mahto (2022-28) (2022-2028),Elected MP,CONSTRUCTION OF PCC ROAD FROM SANJEEV KUMAR SAHA HOUSE TO MAIN ROAD AKHARA GALI IN CHANDAN BAG WARD 39,2023-11-02,397246.0,2024-02-03,397246.0,Physical Inspection,1.0,397246.0,397246.0,397246.0,2024-06-08,2024-06-08,MOHAMMAD INAM,True,2024-06-08,397246.0,1.0,0.0,93.0,0.0,126.0,1
Normal/Others,WS/MP053/2023-2024/43892,Bihar,MUNGER,Shri Khiru Mahto (2022-28) (2022-2028),Elected MP,CONSTRUCTION OF PCC ROAD FROM SAKET KUMAR HOUSE CHANDAN KUMAR HOUSE IN WARD 45,2023-11-02,392375.0,2024-02-03,392375.0,Physical Inspection,1.0,392375.0,392375.0,392375.0,2024-06-03,2024-06-03,Pushpam Singh,True,2024-06-02,392375.0,1.0,0.0,93.0,0.0,120.0,1
Normal/Others,WS/MP053/2023-2024/43893,Bihar,MUNGER,Shri Khiru Mahto (2022-28) (2022-2028),Elected MP,CONSTRUCTION OF PCC ROAD FROM HERU DIARA BANDH TO JAHURI YADAV HOUSE IN WARD 43,2023-11-02,400000.0,2024-01-18,400000.0,Sanction,,,,,,,,,,,,0.0,77.0,,,0
Normal/Others,WS/MP053/2023-2024/43894,Bihar,MUNGER,Shri Khiru Mahto (2022-28) (2022-2028),Elected MP,CONSTRUCTION OF PCC ROAD FROM MAIN ROAD TO ASARFI JHA HOUSE IN WARD 30,2023-11-02,398714.0,2023-12-18,398714.0,Physical Inspection,1.0,398714.0,398714.0,398714.0,2024-02-17,2024-02-17,Santosh Kumar Singh,True,2025-07-08,398714.0,1.0,0.0,46.0,0.0,568.0,1
Normal/Others,WS/MP053/2023-2024/43900,Bihar,MUNGER,Shri Khiru Mahto (2022-28) (2022-2028),Elected MP,CONSTRUCTION OF PCC ROAD FROM DHARMENDRA MANDAL SELFI RESTORENT TO KAMLESH SHARMA HOUSE IN WARD 27,2023-11-02,397628.0,2023-12-18,397628.0,Physical Inspection,1.0,397628.0,397628.0,397628.0,2024-02-17,2024-02-17,Santosh Kumar Singh,True,2025-07-09,397628.0,1.0,0.0,46.0,0.0,569.0,1
Normal/Others,WS/MP053/2023-2024/43901,Bihar,MUNGER,Shri Khiru Mahto (2022-28) (2022-2028),Elected MP,CONSTRUCTION OF PCC ROAD FROM BISHNUDEV YADAV HOUSE TO SUNIL YADAV HOUSE IN WARD 43,2023-11-02,398449.0,2023-12-28,398449.0,Physical Inspection,1.0,398449.0,398449.0,398449.0,2024-07-04,2024-07-04,SANGITA DEVI,True,2024-07-04,398449.0,1.0,0.0,56.0,0.0,189.0,1
Normal/Others,WS/MP053/2023-2024/43902,Bihar,MUNGER,Shri Khiru Mahto (2022-28) (2022-2028),Elected MP,CONSTRUCTION OF PCC ROAD IN NEW GANGA NAGAR TINKU YADAV HOUSE TO ROSHAN YADAV HOUSE IN WARD NO. 1,2023-11-02,397190.0,2023-12-18,397190.0,Physical Inspection,1.0,397190.0,397190.0,397190.0,2024-06-02,2024-06-02,Amartosh Kumar,True,2024-06-02,397190.0,1.0,0.0,46.0,0.0,167.0,1
Normal/Others,WS/MP053/2023-2024/43903,Bihar,MUNGER,Shri Khiru Mahto (2022-28) (2022-2028),Elected MP,CONSTRUCTION OF BRICK SOLING AND BEAUTIFICATION IN HASANGANJ NEAR KALI ASTHAN IN WARD 44,2023-11-02,348058.0,2024-01-30,348058.0,Physical Inspection,1.0,348058.0,348058.0,348058.0,2024-06-02,2024-06-02,Samir kumar Ranjan,True,2024-06-02,348058.0,1.0,0.0,89.0,0.0,124.0,1
Normal/Others,WS/MP053/2023-2024/43904,Bihar,MUNGER,Shri Khiru Mahto (2022-28) (2022-2028),Elected MP,CONSTRUCTION OF PCC ROAD FROM RANJEET HALDAR HOUSE TO ANIMESH MISHRA HOUSE IN WARD 15,2023-11-02,397542.0,2023-12-28,397542.0,Physical Inspection,1.0,397542.0,397542.0,397542.0,2024-05-28,2024-05-28,Chhavi Kumari,True,2025-07-24,397542.0,1.0,0.0,56.0,0.0,574.0,1
Normal/Others,WS/MP053/2023-2024/43910,Bihar,MUNGER,Shri Khiru Mahto (2022-28) (2022-2028),Elected MP,CONSTRUCTION OF PCC ROAD FROM GULAB MANDAL HOUSE TO PRIMARY SCHOOL IN WARD 05,2023-11-02,398180.0,2023-12-18,398180.0,Physical Inspection,1.0,398180.0,398180.0,398180.0,2024-03-06,2024-03-06,Mukesh Kumar Singh,True,2026-01-12,398180.0,1.0,0.0,46.0,0.0,756.0,1
Normal/Others,WS/MP053/2023-2024/43911,Bihar,MUNGER,Shri Khiru Mahto (2022-28) (2022-2028),Elected MP,CONSTRUCTION OF PCC ROAD FROM MUKESH MANDAL HOUSE TO RAJARAM GUPTA HOUSE IN WARD 14 ITAHRI PANCHAYAT,2023-11-02,387537.0,2024-02-03,387537.0,Physical Inspection,1.0,387537.0,387537.0,387537.0,2024-06-29,2024-06-29,PARFULLA KUMAR,True,2024-06-29,387537.0,1.0,0.0,93.0,0.0,147.0,1
Normal/Others,WS/MP053/2023-2024/43912,Bihar,MUNGER,Shri Khiru Mahto (2022-28) (2022-2028),Elected MP,CONSTRUCTION OF PCC ROAD FROM SCHOOL NEAR ANWAR MISTRI HOUSE TO TASLEEM HOUSE IN BAKARPUR KATORIYA PANCHAYAT,2023-11-02,396802.0,2023-12-18,396802.0,Physical Inspection,1.0,396802.0,396802.0,396802.0,2024-03-04,2024-03-04,Sumit Kumar Nirala,True,2026-01-10,396802.0,1.0,0.0,46.0,0.0,754.0,1
Normal/Others,WS/MP053/2023-2024/43913,Bihar,MUNGER,Shri Khiru Mahto (2022-28) (2022-2028),Elected MP,CONSTRUCTION OF PCC ROAD WITH COVERED NALA FROM MAIN ROAD ANAND YADAV HOUSE TOI DEVAN YADAV HOUSE IN MAHULI PANCHAYAT,2023-11-02,394865.0,2024-02-05,394865.0,Physical Inspection,1.0,394865.0,394865.0,394865.0,2024-11-12,2024-11-12,KUNDAN KUMAR,True,2024-11-12,394865.0,1.0,0.0,95.0,0.0,281.0,1
Normal/Others,WS/MP053/2023-2024/43914,Bihar,MUNGER,Shri Khiru Mahto (2022-28) (2022-2028),Elected MP,CONSTRUCTION OF PCC ROAD FROM BOKU YADAV TO KAPIL YADAV GODOWN IN SHANKARPUR PANCHAYAT,2023-11-02,346702.0,2024-02-07,346702.0,Physical Inspection,1.0,346702.0,346702.0,346702.0,2024-07-05,2024-07-05,KOMAL RAJ,True,2024-07-04,346702.0,1.0,0.0,97.0,0.0,148.0,1
Normal/Others,WS/MP053/2023-2024/43916,Bihar,MUNGER,Shri Khiru Mahto (2022-28) (2022-2028),Elected MP,CONSTRUCTION OF PCC ROAD FROM SANJAY SHARMA HOUSE TO MRITUNJAY SHARMA HOUSE IN WARD 12 NAUAGARHI NORTH PANCHAYAT,2023-11-02,398435.0,2023-12-18,398435.0,Physical Inspection,1.0,398435.0,398435.0,398435.0,2024-03-04,2024-03-04,KOMAL RAJ,True,2025-07-08,398435.0,1.0,0.0,46.0,0.0,568.0,1
Normal/Others,WS/MP053/2023-2024/43917,Bihar,MUNGER,Shri Khiru Mahto (2022-28) (2022-2028),Elected MP,CONSTRUCTI0N OF PCC ROAD FROM BHAGWATI ASTHAN TO DAS TOLA IN KUTLUPUR PANCHAYAT,2023-11-02,400000.0,2024-03-04,400000.0,Sanction,,,,,,,,,,,,0.0,123.0,,,0
Normal/Others,WS/MP053/2023-2024/43918,Bihar,MUNGER,Shri Khiru Mahto (2022-28) (2022-2028),Elected MP,CONSTRUCTION OF PCC ROAD FROM GANGA YADAV HOUSE TO MASUDAN PUR IN KUTLUPUR PANCHAYAT,2023-11-02,399417.0,2024-01-22,399417.0,Physical Inspection,1.0,399417.0,399417.0,399417.0,2024-03-21,2024-03-21,Malti Devi,True,2025-07-31,399417.0,1.0,0.0,81.0,0.0,556.0,1
Normal/Others,WS/MP053/2023-2024/43919,Bihar,MUNGER,Shri Khiru Mahto (2022-28) (2022-2028),Elected MP,CONSTRUCTION OF PCC ROAD FROM MAIN ROAD TO JHAKO YADAV HOUSE  IN JAFARNAGAR PANCHAYAT,2023-11-02,397332.0,2023-12-18,397332.0,Physical Inspection,1.0,397332.0,397332.0,397332.0,2024-05-25,2024-05-25,Diwakar Kumar,True,2025-05-20,397332.0,1.0,0.0,46.0,0.0,519.0,1
Normal/Others,WS/MP053/2023-2024/43920,Bihar,MUNGER,Shri Khiru Mahto (2022-28) (2022-2028),Elected MP,CONSTRUCTION OF PCC ROAD WITH NALA AND PULIA FROM SITAKUND MINI MALL TO SIBLEE HOUSE,2023-11-02,348337.0,2024-02-03,348337.0,Physical Inspection,1.0,348337.0,348337.0,348337.0,2025-02-11,2025-02-11,PRADEEP KUMAR,True,2025-08-07,348337.0,1.0,0.0,93.0,0.0,551.0,1
Normal/Others,WS/MP053/2023-2024/43921,Bihar,MUNGER,Shri Khiru Mahto (2022-28) (2022-2028),Elected MP,CONSTRUCTION OF PCC ROAD FROM SITAKUND PATH TO SAHROOL HOUSE VIA MASJID AND CONSTRUCTION OF NALA WITH COVER IN SITAKUND HARCHAND,2023-11-02,394938.0,2024-02-21,394938.0,Physical Inspection,1.0,394938.0,394938.0,394938.0,2024-12-17,2024-12-17,Sumit Kumar Nirala,True,2024-12-16,394938.0,1.0,0.0,111.0,0.0,299.0,1
Normal/Others,WS/MP053/2023-2024/43922,Bihar,MUNGER,Shri Khiru Mahto (2022-28) (2022-2028),Elected MP,CONSTRUCTION OF PCC ROAD FROM ANIL YADAV HOUSE TO RAMSAWROOP HOUSE IN SHANKARPUR PANCHAYAT,2023-11-02,397202.0,2023-12-18,397202.0,Physical Inspection,1.0,397202.0,397202.0,397202.0,2024-03-18,2024-03-18,Subhash Construction,True,2025-08-05,397202.0,1.0,0.0,46.0,0.0,596.0,1
Normal/Others,WS/MP053/2023-2024/43935,Bihar,MUNGER,Shri Khiru Mahto (2022-28) (2022-2028),Elected MP,CONSTRUCTION OF PCC ROAD FROM BISWARI SAH HOUSE TO BANO YADAV HOUSE VIA MURARI YADAV AND GUDDU YADAV HOUSE IN BARIYARPUR,2023-11-02,399656.0,2024-02-13,399656.0,Physical Inspection,1.0,399656.0,399656.0,399656.0,2024-07-01,2024-07-01,Pushpam Singh,True,2024-06-29,399656.0,1.0,0.0,103.0,0.0,137.0,1
Normal/Others,WS/MP053/2023-2024/43895,Bihar,MUNGER,Shri Khiru Mahto (2022-28) (2022-2028),Elected MP,BEAUTIFICATION OF KARGIL CHOK NEAR NEELAM CINEMA IN WARD 10,2023-11-02,400000.0,2024-03-07,400000.0,Sanction,,,,,,,,,,,,0.0,126.0,,,0
Normal/Others,WS/MP053/2023-2024/43925,Bihar,MUNGER,Shri Khiru Mahto (2022-28) (2022-2028),Elected MP,CONSTRUCTION OF PCC ROAD FROM DELESWAR YADAV GODOWN TO TULU YADAV HOUSE IN SHANKARPUR PANCHAYAT,2023-11-02,397199.0,2023-12-18,397199.0,Physical Inspection,1.0,397199.0,397199.0,397199.0,2024-03-19,2024-03-19,Rubi Devi,True,2025-07-15,397199.0,1.0,0.0,46.0,0.0,575.0,1
Normal/Others,WS/MP053/2023-2024/43926,Bihar,MUNGER,Shri Khiru Mahto (2022-28) (2022-2028),Elected MP,CONSTRUCTION OF PCC ROAD WITH NALA FROM RAJENDRA CHOUDHARY TO SURENDRA YADAV HOUSE IN TARAPUR DIARA PANCHAYAT,2023-11-02,394877.0,2023-12-18,394877.0,Physical Inspection,1.0,394877.0,394877.0,394877.0,2024-03-04,2024-03-04,KOMAL RAJ,True,2025-07-09,394877.0,1.0,0.0,46.0,0.0,569.0,1
Normal/Others,WS/MP053/2023-2024/43927,Bihar,MUNGER,Shri Khiru Mahto (2022-28) (2022-2028),Elected MP,CONSTRUCTION OF PCC ROAD FROM RAMBILASH MANDAL HOUSE TO COMMUNITY HALL IN MAI PANCHAYAT,2023-11-02,397529.0,2023-12-18,397529.0,Physical Inspection,1.0,397529.0,397529.0,397529.0,2024-03-21,2024-03-21,Rubi Devi,True,2025-07-15,397529.0,1.0,0.0,46.0,0.0,575.0,1
Normal/Others,WS/MP053/2023-2024/43928,Bihar,MUNGER,Shri Khiru Mahto (2022-28) (2022-2028),Elected MP,CONSTRUCTION OF PCC ROAD FROM SANTOSH PANDIT HOUSE TO PARSURAM YADAV HOUSE IN JANKINAGAR PANCHAYAT,2023-11-02,344989.0,2024-02-21,344989.0,Physical Inspection,1.0,344989.0,344989.0,344989.0,2025-03-04,2025-03-04,HIMANSHU KUMAR,True,2025-07-26,344989.0,1.0,0.0,111.0,0.0,521.0,1
Normal/Others,WS/MP053/2023-2024/43929,Bihar,MUNGER,Shri Khiru Mahto (2022-28) (2022-2028),Elected MP,CONSTRUCTION OF PCC ROAD FROM SUBODH SAH HOUSE TO KUNO YADAV HOUSE IN TIKARAMPUR PANCHAYAT,2023-11-02,393753.0,2024-02-12,393753.0,Physical Inspection,1.0,393753.0,393753.0,393753.0,2025-07-14,2025-07-14,Malti Devi,True,2025-08-07,393753.0,1.0,0.0,102.0,0.0,542.0,1
Normal/Others,WS/MP053/2023-2024/43930,Bihar,MUNGER,Shri Khiru Mahto (2022-28) (2022-2028),Elected MP,CONSTRUCTION OF PCC ROAD FROM AJAY YADAV HOUSE TO PANKAJ YADAV HOUSE IN TIKARAMPUR PANCHAYAT,2023-11-02,389926.0,2024-02-12,389926.0,Physical Inspection,1.0,389926.0,389926.0,389926.0,2026-05-15,2026-05-15,Malti Devi,True,2026-03-25,389926.0,1.0,0.0,102.0,0.0,772.0,1
Normal/Others,WS/MP053/2023-2024/43931,Bihar,MUNGER,Shri Khiru Mahto (2022-28) (2022-2028),Elected MP,CONSTRUCTION OF PCC ROAD FROM WAKEEL PASWAN HOUSE TO BRAJESH SHARMA HOUSE IN NAUGARHI NORTH PANCHAYAT,2023-11-02,347950.0,2023-12-18,347950.0,Physical Inspection,1.0,347950.0,347950.0,347950.0,2024-03-04,2024-03-04,KOMAL RAJ,True,2025-07-08,347950.0,1.0,0.0,46.0,0.0,568.0,1
Normal/Others,WS/MP053/2023-2024/43932,Bihar,MUNGER,Shri Khiru Mahto (2022-28) (2022-2028),Elected MP,CONSTRUCTION OF PCC ROAD WITH NALA FROM PANI TANKI RAJENDRA CHOUDHARY HOUSE TO SURENDRA YADAV HOUSE IN WARD 4 RATANPUR,2023-11-02,394957.0,2024-02-07,394957.0,Physical Inspection,1.0,394957.0,394957.0,394957.0,2024-06-20,2024-06-20,RANJEET KUMAR YADAV,True,2024-06-20,394957.0,1.0,0.0,97.0,0.0,134.0,1
Normal/Others,WS/MP053/2023-2024/43933,Bihar,MUNGER,Shri Khiru Mahto (2022-28) (2022-2028),Elected MP,CONSTRUCTION OF PCC ROAD FROM SAHDEV MANDAL HOUSE TO RURAL ROAD PANKAJ KUMAR HOUSE IN KALYAN TOLA WARD 4 BIND DIARA,2023-11-02,395106.0,2024-01-18,395106.0,Physical Inspection,1.0,395106.0,395106.0,395106.0,2024-03-19,2024-03-19,Malti Devi,True,2025-07-12,395106.0,1.0,0.0,77.0,0.0,541.0,1
Normal/Others,WS/MP053/2023-2024/43923,Bihar,MUNGER,Shri Khiru Mahto (2022-28) (2022-2028),Elected MP,CONSTRUCTION OF SIRHI AND BEAUTIFICATION IN TALAB BEHIND NAUGARHI HIGH SCHOOL,2023-11-02,448396.0,2024-02-21,448396.0,Physical Inspection,1.0,448396.0,448396.0,448396.0,2024-07-05,2024-07-05,AHILYA KUMARI,True,2024-07-05,448396.0,1.0,0.0,111.0,0.0,135.0,1
Normal/Others,WS/MP053/2023-2024/43934,Bihar,MUNGER,Shri Khiru Mahto (2022-28) (2022-2028),Elected MP,CONSTRUCTION OF SIRHI GHAT BEHIND C B L COLLEGE IN PARIA PANCHAYAT,2023-11-02,448217.0,2024-01-30,448217.0,Physical Inspection,1.0,448217.0,448217.0,448217.0,2024-06-29,2024-06-29,PARFULLA KUMAR,True,2024-06-29,448217.0,1.0,0.0,89.0,0.0,151.0,1
Normal/Others,WS/MP053/2023-2024/43936,Bihar,MUNGER,Shri Khiru Mahto (2022-28) (2022-2028),Elected MP,CONSTRUCTION OF CHABUTRA NEAR PRASHANT KUMAR MISHRA AND JAI RAM JEE HOUSE IN WARD 05 HARINMAR PANCHAYAT,2023-11-02,339551.0,2024-02-03,339551.0,Physical Inspection,1.0,339551.0,339551.0,339551.0,2024-12-10,2024-12-10,ASHUTOSH ANAND,True,2025-08-14,339551.0,1.0,0.0,93.0,0.0,558.0,1
Normal/Others,WS/MP053/2023-2024/43937,Bihar,MUNGER,Shri Khiru Mahto (2022-28) (2022-2028),Elected MP,CONSTRUCTION OF PCC ROAD FROM DILIP PASWAN TO SEVO PASWAN HOUSE IN PASWAN TOLA KARHARIYA PURBI PANCHAYAT,2023-11-02,386933.0,2024-02-03,386933.0,Physical Inspection,1.0,386933.0,386933.0,386933.0,2024-06-03,2024-06-03,Malti Devi,True,2024-06-02,386933.0,1.0,0.0,93.0,0.0,120.0,1
Normal/Others,WS/MP053/2023-2024/43938,Bihar,MUNGER,Shri Khiru Mahto (2022-28) (2022-2028),Elected MP,CONSTRUCTION OF PCC ROAD FROM NH-80 TO RING BANDH GANGA RIVER IN BANGALEE TOLA KARHARIYA PASCHIM PANCHAYAT,2023-11-02,394738.0,2024-01-18,394738.0,Physical Inspection,1.0,394738.0,394738.0,394738.0,2024-03-19,2024-03-19,Malti Devi,True,2025-07-12,394738.0,1.0,0.0,77.0,0.0,541.0,1
Normal/Others,WS/MP053/2023-2024/43939,Bihar,MUNGER,Shri Khiru Mahto (2022-28) (2022-2028),Elected MP,CONSTRUCTION OF PCC ROAD FROM NAL JAL TANKI TO ANIL DUBE HOUSE IN WARD 04 KARHARIYA PASCHIM PANCHAYAT,2023-11-02,380712.0,2024-02-03,380712.0,Physical Inspection,1.0,380712.0,380712.0,380712.0,2026-03-24,2026-03-24,Pushpam Singh,True,2026-03-24,380712.0,1.0,0.0,93.0,0.0,780.0,1
Normal/Others,WS/MP053/2023-2024/43940,Bihar,MUNGER,Shri Khiru Mahto (2022-28) (2022-2028),Elected MP,CONSTRUCTION OF PCC ROAD FROM GAFFAR ALI HOUSE TO ASHOK CHOUDHARY HOUSE IN KARHARIA PASCHIM PANCHAYAT,2023-11-02,347127.0,2024-01-22,347127.0,Physical Inspection,1.0,347127.0,347127.0,347127.0,2024-03-16,2024-03-16,Pushpam Singh,True,2025-07-12,347127.0,1.0,0.0,81.0,0.0,537.0,1
Normal/Others,WS/MP053/2023-2024/43941,Bihar,MUNGER,Shri Khiru Mahto (2022-28) (2022-2028),Elected MP,CONSTRUCTION OF PCC ROAD FROM PINTU SINGH HOUSE TO KEDAR MANDAL HOUSE VIA AWDESH SINGH HOUSE IN WARD 08 KARHRIA SOUTH KHARIA,2023-11-02,394859.0,2024-01-22,394859.0,Physical Inspection,1.0,394859.0,394859.0,394859.0,2024-07-05,2024-07-05,Pushpam Singh,True,2024-07-04,394859.0,1.0,0.0,81.0,0.0,164.0,1
Normal/Others,WS/MP053/2023-2024/43942,Bihar,MUNGER,Shri Khiru Mahto (2022-28) (2022-2028),Elected MP,CONSTRUCTION OF PCC ROAD FROM  NH-31 TO HALDHAR SHARMA HOUSE VIA TRIVENI BHAGAT HOUSE IN BARIYARPUR NAYA CHAWNI VILLAGE IN NIRPUR PANCHAYAT,2023-11-02,392558.0,2024-02-12,392558.0,Physical Inspection,1.0,392558.0,392558.0,392558.0,2024-06-03,2024-06-03,Malti Devi,True,2024-06-02,392558.0,1.0,0.0,102.0,0.0,111.0,1
Normal/Others,WS/MP053/2023-2024/43943,Bihar,MUNGER,Shri Khiru Mahto (2022-28) (2022-2028),Elected MP,CONSTRUCTION OF PCC ROAD FROM JAGO MANDAL HOUSE TO HARDEV MANDAL HOUSE IN JHAUA BAHIYAR PANCHAYAT,2023-11-02,385542.0,2024-02-23,385542.0,Physical Inspection,1.0,385542.0,385542.0,385542.0,2024-10-16,2024-10-16,ANIL KUMAR SINGH,True,2025-07-26,385542.0,1.0,0.0,113.0,0.0,519.0,1
Normal/Others,WS/MP053/2023-2024/50996,Bihar,MUNGER,Shri Khiru Mahto (2022-28) (2022-2028),Elected MP,construction of PCC road from bridge in ward no.2 of karhariya East panchayat to the house of Babua jee,2023-11-21,395710.0,2024-01-20,395710.0,Physical Inspection,1.0,395710.0,395710.0,395710.0,2024-03-21,2024-03-21,Pushpam Singh,True,2025-07-12,395710.0,1.0,0.0,60.0,0.0,539.0,1
Normal/Others,WS/MP053/2023-2024/50997,Bihar,MUNGER,Shri Khiru Mahto (2022-28) (2022-2028),Elected MP,construction of PCC road from the house of Niranjan jee to the Railway Bridge in karhariya East Panchayat,2023-11-21,390226.0,2024-01-20,390226.0,Physical Inspection,1.0,390226.0,390226.0,390226.0,2024-03-21,2024-03-21,Pushpam Singh,True,2025-07-12,390226.0,1.0,0.0,60.0,0.0,539.0,1
Normal/Others,WS/MP053/2025-2026/229769,Bihar,NAWADA,Shri Khiru Mahto (2022-28) (2022-2028),Elected MP,Construction of a Library in Ward no. 7 in village Apsand.,2025-08-28,2211000.0,2025-09-27,2211000.0,Work partially Completed,1.0,1320479.0,1320479.0,1320479.0,2026-07-25,2026-07-25,NIVASH ENTERPRISES,,,,0.5972315694255993,0.0,30.0,0.0,,1
 ,, ,, , , ,,,,,"18,59,03,989",,,,,,,,False,,179942987.0,,,,,,0
Normal/Others,WS/MP086/2026-2027/256881,Karnataka,BENGALURU URBAN,Shri G.C. Chandrashekhar (2024-30) (2024-2030),Elected MP,"Installation of Borewell at Dattatreya ward no.61, Bangalore District, Gandhinagar Assembly constituency",2026-01-03,300000.0,2026-08-01,300000.0,Physical Inspection,1.0,299046.0,299046.0,299046.0,2026-08-17,2026-08-17,M Jayaprakash,,,,0.99682,0.0,210.0,0.0,,1
Normal/Others,,Karnataka,BENGALURU URBAN,Shri G.C. Chandrashekhar (2024-30) (2024-2030),Elected MP,"Installation of HP Motor Pump and Pipe line at Ward no.61, Bangalore District, Gandhinagar Assembly Constituency",2026-01-03,300000.0,,,,,,,,,,,,,,,,,,,0
Normal/Others,WS/MP086/2026-2027/245832,Karnataka,BENGALURU URBAN,Shri G.C. Chandrashekhar (2024-30) (2024-2030),Elected MP,"installation of new borewell at Bangalore north talluk, Kadabagere grama panchayath, Arkavathi layout",2025-11-04,400000.0,2026-05-13,400000.0,Work partially Completed,1.0,400000.0,400000.0,400000.0,2026-05-18,2026-05-18,RAJASHEKARAIAH N,,,,1.0,0.0,190.0,0.0,,1
Normal/Others,WS/MP086/2026-2027/245846,Karnataka,BENGALURU URBAN,Shri G.C. Chandrashekhar (2024-30) (2024-2030),Elected MP,"Installation of Borewell at Bangalore South talluk, H gollagalli grama panchayath, Near apartment of Doddabele village",2025-11-04,400000.0,2026-05-13,400000.0,Work partially Completed,1.0,400000.0,400000.0,400000.0,2026-05-18,2026-05-18,RAJASHEKARAIAH N,,,,1.0,0.0,190.0,0.0,,1
Normal/Others,WS/MP086/2026-2027/245852,Karnataka,BENGALURU URBAN,Shri G.C. Chandrashekhar (2024-30) (2024-2030),Elected MP,"Installation of borewell at Bangalore south talluk, kumbalagudu grama panchayath, near government school of Anchepalya",2025-11-04,400000.0,2026-05-13,400000.0,Work partially Completed,1.0,400000.0,400000.0,400000.0,2026-05-18,2026-05-18,RAJASHEKARAIAH N,,,,1.0,0.0,190.0,0.0,,1
Normal/Others,WS/MP086/2026-2027/245856,Karnataka,BENGALURU URBAN,Shri G.C. Chandrashekhar (2024-30) (2024-2030),Elected MP,"installation of new bore well at Bangalore south talluk, Somanahalli grama panchayath, Narigutte colony",2025-11-04,400000.0,2026-05-13,400000.0,Work partially Completed,1.0,400000.0,400000.0,400000.0,2026-05-18,2026-05-18,RAJASHEKARAIAH N,,,,1.0,0.0,190.0,0.0,,1
Repair and Renovation,WS/MP086/2026-2027/245861,Karnataka,BENGALURU URBAN,Shri G.C. Chandrashekhar (2024-30) (2024-2030),Elected MP,"Installation of borewell at Bangalore south talluk, K gollahalli grama panchayath, near the school of Gangasandra village",2025-11-04,275000.0,2026-05-13,275000.0,Work partially Completed,1.0,275000.0,275000.0,275000.0,2026-05-18,2026-05-18,RAJASHEKARAIAH N,,,,1.0,0.0,190.0,0.0,,1
Repair and Renovation,WS/MP086/2026-2027/245884,Karnataka,BENGALURU URBAN,Shri G.C. Chandrashekhar (2024-30) (2024-2030),Elected MP,"installation of borewell at Bangalore south talluk, K Gollahalli grama Panchayath, Near the milk booth of Gaviyanapalya village",2025-11-04,260000.0,2026-05-13,260000.0,Work partially Completed,1.0,260000.0,260000.0,260000.0,2026-05-18,2026-05-18,RAJASHEKARAIAH N,,,,1.0,0.0,190.0,0.0,,1
Repair and Renovation,WS/MP086/2026-2027/245897,Karnataka,BENGALURU URBAN,Shri G.C. Chandrashekhar (2024-30) (2024-2030),Elected MP,"installation of borewell at Bangalore south talluk, K gollahalli grama panchayath, near the bus stop of Tittahalli village",2025-11-04,275000.0,2026-05-13,275000.0,Work partially Completed,1.0,275000.0,275000.0,275000.0,2026-05-18,2026-05-18,RAJASHEKARAIAH N,,,,1.0,0.0,190.0,0.0,,1
Repair and Renovation,WS/MP086/2026-2027/245900,Karnataka,BENGALURU URBAN,Shri G.C. Chandrashekhar (2024-30) (2024-2030),Elected MP,"installation of borewell at Bangalore South talluk, K gollahalli grama panchayath, inside the village of Hampapura Janata colony",2025-11-04,260000.0,2026-05-13,260000.0,Work partially Completed,1.0,260000.0,260000.0,260000.0,2026-05-18,2026-05-18,RAJASHEKARAIAH N,,,,1.0,0.0,190.0,0.0,,1
Repair and Renovation,WS/MP086/2026-2027/245906,Karnataka,BENGALURU URBAN,Shri G.C. Chandrashekhar (2024-30) (2024-2030),Elected MP,"installation of borewell at Bangalore south talluk, Sulikere Grama panchayath, Chikkanahalli village",2025-11-04,270000.0,2026-05-13,270000.0,Work partially Completed,1.0,270000.0,270000.0,270000.0,2026-05-18,2026-05-18,RAJASHEKARAIAH N,,,,1.0,0.0,190.0,0.0,,1
Repair and Renovation,WS/MP086/2026-2027/245909,Karnataka,BENGALURU URBAN,Shri G.C. Chandrashekhar (2024-30) (2024-2030),Elected MP,"Installation of borewell at Bangalore South talluk, Sulikere grama panchayath, Near the bus stop of Chikkabasti village",2025-11-04,260000.0,2026-05-13,260000.0,Work partially Completed,1.0,260000.0,260000.0,260000.0,2026-05-18,2026-05-18,RAJASHEKARAIAH N,,,,1.0,0.0,190.0,0.0,,1
Repair and Renovation,WS/MP086/2026-2027/245925,Karnataka,BENGALURU URBAN,Shri G.C. Chandrashekhar (2024-30) (2024-2030),Elected MP,"installation of borewell at Bangalore South talluk, Ajjanahalli grama panchayath, Near Huluvenahalli SLN",2025-11-04,500000.0,2026-05-13,500000.0,Work partially Completed,1.0,500000.0,500000.0,500000.0,2026-05-18,2026-05-18,RAJASHEKARAIAH N,,,,1.0,0.0,190.0,0.0,,1
Repair and Renovation,WS/MP086/2026-2027/245930,Karnataka,BENGALURU URBAN,Shri G.C. Chandrashekhar (2024-30) (2024-2030),Elected MP,"Installation of Borewell at Bangalore South Talluk, Tavarekere Grama Panchayath, Near BWSSB pipe line",2025-11-04,230000.0,2026-05-13,230000.0,Work partially Completed,1.0,230000.0,230000.0,230000.0,2026-05-18,2026-05-18,RAJASHEKARAIAH N,,,,1.0,0.0,190.0,0.0,,1
Repair and Renovation,WS/MP086/2026-2027/245950,Karnataka,BENGALURU URBAN,Shri G.C. Chandrashekhar (2024-30) (2024-2030),Elected MP,"installation of borewell at Bangalore South talluk, Cholanayakanahalli grama panchayath, Kempagondanahalli Nagamadayana estate",2025-11-04,270000.0,2026-05-13,270000.0,Work partially Completed,1.0,270000.0,270000.0,270000.0,2026-05-18,2026-05-18,RAJASHEKARAIAH N,,,,1.0,0.0,190.0,0.0,,1
Repair and Renovation,WS/MP086/2026-2027/245970,Karnataka,BENGALURU URBAN,Shri G.C. Chandrashekhar (2024-30) (2024-2030),Elected MP,"installation of borewell at Bangalore South taluk, Kengeri Hobali, H gollahalli grama panchayath, Nagegowdanahalli village",2025-11-04,260000.0,2026-05-13,260000.0,Work partially Completed,1.0,260000.0,260000.0,260000.0,2026-05-18,2026-05-18,RAJASHEKARAIAH N,,,,1.0,0.0,190.0,0.0,,1
Repair and Renovation,WS/MP086/2026-2027/245982,Karnataka,BENGALURU URBAN,Shri G.C. Chandrashekhar (2024-30) (2024-2030),Elected MP,"Installation of borewell at Bangalore South talluk, Sulikere grama panchayath, Ramsandra Layout",2025-11-04,260000.0,2026-05-13,260000.0,Work partially Completed,1.0,260000.0,260000.0,260000.0,2026-05-18,2026-05-18,RAJASHEKARAIAH N,,,,1.0,0.0,190.0,0.0,,1
Normal/Others,WS/MP086/2026-2027/245984,Karnataka,BENGALURU URBAN,Shri G.C. Chandrashekhar (2024-30) (2024-2030),Elected MP,"Installation of borewell at Bangalore South talluk, K gollahalli grama panchayath, Tagachaguppe village, Janatha colony",2025-11-04,280000.0,2026-05-13,280000.0,Work partially Completed,1.0,280000.0,280000.0,280000.0,2026-05-18,2026-05-18,RAJASHEKARAIAH N,,,,1.0,0.0,190.0,0.0,,1
Normal/Others,WS/MP086/2025-2026/209978,Karnataka,BENGALURU URBAN,Shri G.C. Chandrashekhar (2024-30) (2024-2030),Elected MP,"installation of borewell and pipe line for ward no.147 Bangalore Urban, BTM assembly constituency, GHI Police quartres",2025-06-18,499239.0,2025-12-19,499239.0,Physical Inspection,1.0,499239.0,499239.0,499239.0,2026-01-08,2026-01-08,N G GANESH BABU,False,2026-01-08,499239.0,1.0,0.0,184.0,0.0,20.0,1
Normal/Others,WS/MP086/2025-2026/188706,Karnataka,BENGALURU URBAN,Shri G.C. Chandrashekhar (2024-30) (2024-2030),Elected MP,"New Bore Drilling Work Near Doddabasti Village Under Sulikere Gram Panchayat, Bangalore Dakshina Taluk",2025-04-02,800000.0,2025-06-21,800000.0,Work partially Completed,1.0,600000.0,600000.0,600000.0,2025-09-10,2025-09-10,RAJASHEKARAIAH N,,,,0.75,0.0,80.0,0.0,,1
Normal/Others,WS/MP086/2025-2026/188707,Karnataka,BENGALURU URBAN,Shri G.C. Chandrashekhar (2024-30) (2024-2030),Elected MP,"Work of drilling a new bore on the main road of Chikkabasti village under Sulikere Gram Panchayat, Bangalore Dakshina Taluk.",2025-04-02,400000.0,2025-06-21,400000.0,Work partially Completed,1.0,300000.0,300000.0,300000.0,2025-09-10,2025-09-10,RAJASHEKARAIAH N,,,,0.75,0.0,80.0,0.0,,1
Normal/Others,WS/MP086/2025-2026/188710,Karnataka,BENGALURU URBAN,Shri G.C. Chandrashekhar (2024-30) (2024-2030),Elected MP,"Re-installation of bore well near Chikkabasti village under Sulikere Gram Panchayat, Bangalore Dakshina Taluk.",2025-04-02,265000.0,2025-06-21,265000.0,Work partially Completed,1.0,198750.0,198750.0,198750.0,2025-09-10,2025-09-10,RAJASHEKARAIAH N,,,,0.75,0.0,80.0,0.0,,1
Normal/Others,WS/MP086/2025-2026/188713,Karnataka,BENGALURU URBAN,Shri G.C. Chandrashekhar (2024-30) (2024-2030),Elected MP,"Work of drilling a new bore inside Challaghatta village under Ramohalli Gram Panchayat, Bangalore Dakshina Taluk.",2025-04-02,410000.0,2025-06-21,410000.0,Work partially Completed,1.0,307500.0,307500.0,307500.0,2025-09-10,2025-09-10,RAJASHEKARAIAH N,,,,0.75,0.0,80.0,0.0,,1
Normal/Others,WS/MP086/2025-2026/188719,Karnataka,BENGALURU URBAN,Shri G.C. Chandrashekhar (2024-30) (2024-2030),Elected MP,"Work of drilling a new bore near Ramayyana Lake in Kodipalya Village under Ramohalli Gram Panchayat, Bangalore Dakshina Taluk.",2025-04-02,405000.0,2025-06-21,405000.0,Work partially Completed,1.0,303750.0,303750.0,303750.0,2025-09-10,2025-09-10,RAJASHEKARAIAH N,,,,0.75,0.0,80.0,0.0,,1
Normal/Others,WS/MP086/2025-2026/188721,Karnataka,BENGALURU URBAN,Shri G.C. Chandrashekhar (2024-30) (2024-2030),Elected MP,"Re-installation of Bore Well near Royal Bike Showroom Kaggalipur-1 in Kaggalipur Village under Kaggalipur Gram Panchayat, Bangalore Dakshina Taluk",2025-04-02,260000.0,2025-06-21,260000.0,Work partially Completed,1.0,195000.0,195000.0,195000.0,2025-09-10,2025-09-10,RAJASHEKARAIAH N,,,,0.75,0.0,80.0,0.0,,1
Normal/Others,WS/MP086/2025-2026/188722,Karnataka,BENGALURU URBAN,Shri G.C. Chandrashekhar (2024-30) (2024-2030),Elected MP,"Re-installation of Bore Well near Kaggalipur-2, Kaggalipur Village under Kaggalipur Gram Panchayat, Bangalore Dakshina Taluk",2025-04-02,260000.0,2025-06-21,260000.0,Work partially Completed,1.0,195000.0,195000.0,195000.0,2025-09-10,2025-09-10,RAJASHEKARAIAH N,,,,0.75,0.0,80.0,0.0,,1
Normal/Others,WS/MP086/2025-2026/188724,Karnataka,BENGALURU URBAN,Shri G.C. Chandrashekhar (2024-30) (2024-2030),Elected MP,"Installation of pump motor near Hombamma barangay of Tataguni village under Agar Gram Panchayat, Bangalore Dakshina Taluk",2025-04-02,500000.0,2025-06-21,500000.0,Work partially Completed,1.0,375000.0,375000.0,375000.0,2025-09-10,2025-09-10,RAJASHEKARAIAH N,,,,0.75,0.0,80.0,0.0,,1
Normal/Others,WS/MP086/2025-2026/188734,Karnataka,BENGALURU URBAN,Shri G.C. Chandrashekhar (2024-30) (2024-2030),Elected MP,"Installation of pump motor near Chikkakodigehalli Village Ratna Barangay under Kodigehalli Gram Panchayat, Bengaluru Uttar Taluk",2025-04-02,500000.0,2025-06-21,500000.0,Work partially Completed,1.0,375000.0,375000.0,375000.0,2025-09-10,2025-09-10,RAJASHEKARAIAH N,,,,0.75,0.0,80.0,0.0,,1
Normal/Others,WS/MP086/2025-2026/188737,Karnataka,BENGALURU URBAN,Shri G.C. Chandrashekhar (2024-30) (2024-2030),Elected MP,"New Bore Drilling Work Near Seegehalli Village Under Kodigehalli Gram Panchayat, Bangalore Uttar Taluk",2025-04-02,400000.0,2025-06-21,400000.0,Work partially Completed,1.0,300000.0,300000.0,300000.0,2025-09-10,2025-09-10,RAJASHEKARAIAH N,,,,0.75,0.0,80.0,0.0,,1
Normal/Others,WS/MP086/2025-2026/188739,Karnataka,BENGALURU URBAN,Shri G.C. Chandrashekhar (2024-30) (2024-2030),Elected MP,"New Bore Drilling Work in Dhananayakanahalli Village under Sulikere Gram Panchayat, Bangalore Dakshina Taluk",2025-04-02,400000.0,2025-06-21,400000.0,Work partially Completed,1.0,300000.0,300000.0,300000.0,2025-09-10,2025-09-10,RAJASHEKARAIAH N,,,,0.75,0.0,80.0,0.0,,1
Normal/Others,WS/MP086/2025-2026/188741,Karnataka,BENGALURU URBAN,Shri G.C. Chandrashekhar (2024-30) (2024-2030),Elected MP,"New borehole drilling work near Channenahalli Milk Producers Cooperative Society under Channenahalli Gram Panchayat, Bangalore South Taluk",2025-04-02,400000.0,2025-06-21,400000.0,Work partially Completed,1.0,300000.0,300000.0,300000.0,2025-09-10,2025-09-10,RAJASHEKARAIAH N,,,,0.75,0.0,80.0,0.0,,1
Normal/Others,WS/MP086/2025-2026/194196,Karnataka,BENGALURU URBAN,Shri G.C. Chandrashekhar (2024-30) (2024-2030),Elected MP,"Construction of borewell and pump motor at Bangalore urban, Yelahanka Talluk, Hesaraghatta Hobali, Shivakote Grama Panchayat, Muttugadahalli Village",2025-04-24,500000.0,2025-11-12,500000.0,Work Completed,1.0,499782.0,499782.0,499782.0,2025-11-12,2025-11-12,SRI BALAJI BOREWELLS,False,2025-11-12,499782.0,0.999564,0.0,202.0,0.0,0.0,1
Normal/Others,WS/MP086/2025-2026/171389,Karnataka,BENGALURU URBAN,Shri G.C. Chandrashekhar (2024-30) (2024-2030),Elected MP,"Bangalore district, Ward No.145, Construction of MS pipe and Puff roof roping for Hop Coms shop",2025-02-01,499046.0,2025-04-05,499046.0,Physical Inspection,1.0,499046.0,499046.0,499046.0,2025-06-24,2025-06-24,N G GANESH BABU,False,2025-06-24,499046.0,1.0,0.0,63.0,0.0,80.0,1
Normal/Others,WS/MP086/2025-2026/171396,Karnataka,BENGALURU URBAN,Shri G.C. Chandrashekhar (2024-30) (2024-2030),Elected MP,"Bangalore District, BTM constituency, KSRP 3 Betalian, Jakkasandra, Providing additional facilities to the existing community building",2025-02-01,499650.0,2025-04-05,499650.0,Physical Inspection,1.0,499650.0,499650.0,499650.0,2025-06-24,2025-06-24,ABHISHEK CONSTRUCTIONS,False,2025-06-24,499650.0,1.0,0.0,63.0,0.0,80.0,1
Normal/Others,WS/MP086/2024-2025/152809,Karnataka,BENGALURU URBAN,Shri G.C. Chandrashekhar (2024-30) (2024-2030),Elected MP,"Continued work of construction of library room VGS Elite International School at Bangalore North Taluk, Nagaruru Village, Dasanpura Hobli, Madnayakanahalli post",2024-11-16,1000000.0,2025-01-07,1000000.0,Physical Inspection,1.0,1000000.0,1000000.0,1000000.0,2025-09-17,2025-09-17,Dhananjaya H P,False,2025-09-17,1000000.0,1.0,0.0,52.0,0.0,253.0,1
Normal/Others,WS/MP086/2026-2027/278894,Karnataka,BENGALURU URBAN,Shri G.C. Chandrashekhar (2024-30) (2024-2030),Elected MP,"Development of college at Bangalore BTM layout, jakkasandra ward no 173, Government Higher primary school and work to be undertaken by Executive Engineer-3, KRIDL",2026-04-23,4500000.0,2026-07-14,4500000.0,Work partially Completed,2.0,3375000.0,1687500.0,2162950.0,2026-07-18,2026-07-18,N G GANESH BABU,,,,0.75,0.0,82.0,0.0,,1
Repair and Renovation,WS/MP086/2026-2027/278895,Karnataka,BENGALURU URBAN,Shri G.C. Chandrashekhar (2024-30) (2024-2030),Elected MP,"Development of Essentials at Bangalore District, BTM layout constituency, Rajendranagar GOvernment Junior Primary School",2026-04-23,500000.0,2026-08-19,500000.0,Sanction,,,,,,,,,,,,0.0,118.0,,,0
Normal/Others,WS/MP086/2026-2027/278896,Karnataka,BENGALURU URBAN,Shri G.C. Chandrashekhar (2024-30) (2024-2030),Elected MP,"Developmental work in Bangalore District, BTM layout Constituency, Rajendranagar government Lower primary school",2026-04-23,500000.0,2026-08-01,500000.0,Sanction,,,,,,,,,,,,0.0,100.0,,,0
Normal/Others,WS/MP086/2025-2026/209983,Karnataka,BENGALURU URBAN,Shri G.C. Chandrashekhar (2024-30) (2024-2030),Elected MP,"construction of compound wall at ward no.148, 20th cross, government school, Bangalore urban, BTM constituency",2025-06-18,499402.0,2025-12-20,499402.0,Physical Inspection,1.0,499402.0,499402.0,499402.0,2025-12-24,2025-12-24,B K KESHAVAMURTHY,False,2025-12-24,499402.0,1.0,0.0,185.0,0.0,4.0,1
Normal/Others,WS/MP086/2025-2026/209971,Karnataka,BENGALURU URBAN,Shri G.C. Chandrashekhar (2024-30) (2024-2030),Elected MP,"construction of Smart TV for government higher primary school, at ward no.148, ejipura, Bangalore BTM vidhanasabha constituency",2025-06-18,498999.0,2025-12-16,498999.0,Physical Inspection,1.0,498999.0,498999.0,498999.0,2025-12-24,2025-12-24,N G GANESH BABU,False,2025-12-24,498999.0,1.0,0.0,181.0,0.0,8.0,1
Normal/Others,WS/MP086/2025-2026/209975,Karnataka,BENGALURU URBAN,Shri G.C. Chandrashekhar (2024-30) (2024-2030),Elected MP,"installation of smart TV at ward No. 145, Bangalore chikkapete vidhansabha constituency",2025-06-18,498999.0,2025-12-19,498999.0,Physical Inspection,1.0,498999.0,498999.0,498999.0,2026-01-08,2026-01-08,PUNITH R,False,2026-01-08,498999.0,1.0,0.0,184.0,0.0,20.0,1
Normal/Others,WS/MP086/2025-2026/170927,Karnataka,BENGALURU URBAN,Shri G.C. Chandrashekhar (2024-30) (2024-2030),Elected MP,"construction of concrete drainage system at H hosahalli village, Hennagara grama panchayat, Anekal Taluk, Jigani Hobali",2025-01-31,499595.0,2025-06-21,499595.0,Physical Inspection,1.0,499595.0,499595.0,499595.0,2025-12-08,2025-12-08,SRI LAKSHMI NARASIMHA ENTERPRISES,False,2025-12-08,499595.0,1.0,0.0,141.0,0.0,170.0,1
Normal/Others,WS/MP086/2025-2026/196052,Karnataka,BENGALURU URBAN,Shri G.C. Chandrashekhar (2024-30) (2024-2030),Elected MP,"Bangalore Urban District, Jayanagar Vidhanasabha constituency, JP nagar ward no. 178, near 35 main road, new provision store, 12th main, conrete road",2025-05-02,2500000.0,2025-12-20,2500000.0,Work partially Completed,4.0,2499934.0,624983.5,1227154.0,2026-01-09,2026-06-29,N G GANESH BABU,,,,0.9999736,0.0,232.0,171.0,,1
Normal/Others,WS/MP086/2025-2026/196055,Karnataka,BENGALURU URBAN,Shri G.C. Chandrashekhar (2024-30) (2024-2030),Elected MP,"Bangalore Urban district, Jayanagar assembly constituency, ward 178, JP Nagar 35th main road, from Sri sai Ram medical to 12th main road, concrete road construction work",2025-05-02,2500000.0,2025-12-20,2500000.0,Work partially Completed,4.0,2499860.0,624965.0,1232543.0,2026-01-09,2026-06-29,N G GANESH BABU,,,,0.999944,0.0,232.0,171.0,,1
Normal/Others,WS/MP086/2025-2026/196057,Karnataka,BENGALURU URBAN,Shri G.C. Chandrashekhar (2024-30) (2024-2030),Elected MP,"Bangalore Urban district, Jayanagar assembly constituency, ward 178, JP nagar 6th main road to ganganagar 1st phase concrete road development work",2025-05-02,2000000.0,2025-12-20,2000000.0,Work partially Completed,4.0,1999315.0,499828.75,1018397.0,2026-03-26,2026-06-29,N G GANESH BABU,,,,0.9996575,0.0,232.0,95.0,,1
Normal/Others,WS/MP086/2025-2026/209984,Karnataka,BENGALURU URBAN,Shri G.C. Chandrashekhar (2024-30) (2024-2030),Elected MP,"construction of roads at srinivagilu main road, ward no.148, Bangalore Urban, BTM assembly constituency",2025-06-18,499625.0,2025-12-20,499625.0,Physical Inspection,1.0,499625.0,499625.0,499625.0,2025-12-24,2025-12-24,N G GANESH BABU,False,2025-12-24,499625.0,1.0,0.0,185.0,0.0,4.0,1
Normal/Others,WS/MP086/2025-2026/209988,Karnataka,BENGALURU URBAN,Shri G.C. Chandrashekhar (2024-30) (2024-2030),Elected MP,"construction of road at ward no.178, 35th cross, jayanagar assembly constituency",2025-06-18,499352.0,2026-03-06,499352.0,Physical Inspection,1.0,499352.0,499352.0,499352.0,2026-03-23,2026-03-23,N G GANESH BABU,False,2026-03-23,499352.0,1.0,0.0,261.0,0.0,17.0,1
Normal/Others,WS/MP086/2025-2026/227456,Karnataka,BENGALURU URBAN,Shri G.C. Chandrashekhar (2024-30) (2024-2030),Elected MP,"construction of cement concrete road near bangalore urban district, Yalahanka Talluk, Sasuveghatta main road to Chennakeshava home",2025-08-18,499063.0,2026-03-06,499063.0,Physical Inspection,1.0,499063.0,499063.0,499063.0,2026-03-09,2026-03-09,SKS CONSTRUCTION,False,2026-03-09,499063.0,1.0,0.0,200.0,0.0,3.0,1
Normal/Others,WS/MP086/2025-2026/227457,Karnataka,BENGALURU URBAN,Shri G.C. Chandrashekhar (2024-30) (2024-2030),Elected MP,"development of cement concrete road at Bangalore Urban, Yelahanka talluk, guddadahalli gnanabharathi school to nagesh home",2025-08-18,499596.0,2026-03-06,499596.0,Physical Inspection,1.0,499596.0,499596.0,499596.0,2026-03-09,2026-03-09,LAKSHMIKANTH B T,False,2026-03-09,499596.0,1.0,0.0,200.0,0.0,3.0,1
Normal/Others,WS/MP086/2025-2026/227459,Karnataka,BENGALURU URBAN,Shri G.C. Chandrashekhar (2024-30) (2024-2030),Elected MP,"construction of cement concrete road at Bangalore Urban, Yelahanka talluk, Hurulichikkanahalli grama panchayath,from sanjeev home to rukmini home",2025-08-18,499596.0,2026-03-06,499596.0,Physical Inspection,1.0,499596.0,499596.0,499596.0,2026-03-09,2026-03-09,LAKSHMIKANTH B T,False,2026-03-09,499596.0,1.0,0.0,200.0,0.0,3.0,1
Normal/Others,WS/MP086/2025-2026/227463,Karnataka,BENGALURU URBAN,Shri G.C. Chandrashekhar (2024-30) (2024-2030),Elected MP,"construction of cement concrete road at Bangalore urban, yelahanka talluk, hesaraghatta grama panchayath, hesaraghatta prabhu home to hema home",2025-08-18,499596.0,2026-03-06,499596.0,Physical Inspection,1.0,499596.0,499596.0,499596.0,2026-03-09,2026-03-09,N G GANESH BABU,False,2026-03-09,499596.0,1.0,0.0,200.0,0.0,3.0,1
Normal/Others,WS/MP086/2025-2026/227467,Karnataka,BENGALURU URBAN,Shri G.C. Chandrashekhar (2024-30) (2024-2030),Elected MP,"construction of cement concrete road at Bangalore urban, Yelahanka talluk, hesaraghatta village from kumar home to rajesh home",2025-08-18,499063.0,2026-02-25,499063.0,Physical Inspection,1.0,499063.0,499063.0,499063.0,2026-03-25,2026-03-25,N G GANESH BABU,False,2026-03-25,499063.0,1.0,0.0,191.0,0.0,28.0,1
Normal/Others,WS/MP086/2025-2026/227468,Karnataka,BENGALURU URBAN,Shri G.C. Chandrashekhar (2024-30) (2024-2030),Elected MP,"construction of concrete road at Bangalore Urban, Bangalore North talluk, gopalapura grama panchayath, totagere village from maranna home to viranjanappa home",2025-08-18,498416.0,2026-02-25,498416.0,Physical Inspection,1.0,498416.0,498416.0,498416.0,2026-03-25,2026-03-25,N G GANESH BABU,False,2026-03-25,498416.0,1.0,0.0,191.0,0.0,28.0,1
Normal/Others,WS/MP086/2025-2026/227469,Karnataka,BENGALURU URBAN,Shri G.C. Chandrashekhar (2024-30) (2024-2030),Elected MP,"construction of road and drainage at Bangalore Urban, Yelahanka taluk, hurali Chikkanahalli grama panchayath, shubhash nagar lataraj home to prasanna home",2025-08-18,499585.0,2026-02-25,499585.0,Physical Inspection,1.0,499585.0,499585.0,499585.0,2026-05-08,2026-05-08,SKS CONSTRUCTION,False,2026-05-08,499585.0,1.0,0.0,191.0,0.0,72.0,1
Normal/Others,WS/MP086/2025-2026/227472,Karnataka,BENGALURU URBAN,Shri G.C. Chandrashekhar (2024-30) (2024-2030),Elected MP,"construction of concrete road at Bangalore urban, yelahanka talluk,  sonnenahalli grama panchayath, challahalli village radhamma home to narayanaswamy home",2025-08-18,500000.0,2026-02-25,500000.0,Physical Inspection,1.0,499063.0,499063.0,499063.0,2026-06-19,2026-06-19,N G GANESH BABU,,,,0.998126,0.0,191.0,0.0,,1
Normal/Others,WS/MP086/2025-2026/240742,Karnataka,BENGALURU URBAN,Shri G.C. Chandrashekhar (2024-30) (2024-2030),Elected MP,"construction of concrete road at Bangalore district, Jayanagar assembly constituency, ward 168 marenahalli, 8th main road, 8th cross",2025-10-08,5500000.0,2025-12-20,5500000.0,Work partially Completed,4.0,5499713.0,1374928.25,2344349.0,2026-01-09,2026-07-14,N G GANESH BABU,,,,0.9999478181818182,0.0,73.0,186.0,,1
Normal/Others,WS/MP086/2025-2026/230178,Karnataka,BENGALURU URBAN,Shri G.C. Chandrashekhar (2024-30) (2024-2030),Elected MP,"construction of cement concrete road from vasu home to shyamanna home at bangalore urban, yelahanka talluk, sonnenahalli grama panchayath",2025-08-29,500000.0,2026-02-25,500000.0,Physical Inspection,1.0,498915.0,498915.0,498915.0,2026-07-13,2026-07-13,SKS CONSTRUCTION,,,,0.99783,0.0,180.0,0.0,,1
Normal/Others,WS/MP086/2025-2026/230180,Karnataka,BENGALURU URBAN,Shri G.C. Chandrashekhar (2024-30) (2024-2030),Elected MP,"construction of cement concrete road from purushottam home to govindaraju home at bangalore urban, yelahanka talluk, guddadahalli village",2025-08-29,499078.0,2026-02-25,499078.0,Physical Inspection,1.0,499078.0,499078.0,499078.0,2026-03-25,2026-03-25,LAKSHMIKANTH B T,False,2026-03-25,499078.0,1.0,0.0,180.0,0.0,28.0,1
Normal/Others,WS/MP086/2025-2026/230182,Karnataka,BENGALURU URBAN,Shri G.C. Chandrashekhar (2024-30) (2024-2030),Elected MP,"construction of cement concrete road from madhurai main road to kumar home at bengaluru north talluk, gopalapura grama panchayath, kukkanahalli village",2025-08-29,499389.0,2026-02-25,499389.0,Physical Inspection,1.0,499389.0,499389.0,499389.0,2026-03-25,2026-03-25,LAKSHMIKANTH B T,False,2026-03-25,499389.0,1.0,0.0,180.0,0.0,28.0,1
Normal/Others,WS/MP086/2025-2026/230187,Karnataka,BENGALURU URBAN,Shri G.C. Chandrashekhar (2024-30) (2024-2030),Elected MP,"construction of cement concrete road and drainage from siddaraju home to somanna home at yelahanka talluk, kodagi thirumalapura  village",2025-08-29,499596.0,2026-02-25,499596.0,Physical Inspection,1.0,499596.0,499596.0,499596.0,2026-05-08,2026-05-08,BASAVEGOWDA T M,False,2026-05-08,499596.0,1.0,0.0,180.0,0.0,72.0,1
Normal/Others,WS/MP086/2025-2026/230189,Karnataka,BENGALURU URBAN,Shri G.C. Chandrashekhar (2024-30) (2024-2030),Elected MP,"construction of cement concrete road from sasiveghatta village main road to vasanth home at yelahanka talluk, sasiveghatta village",2025-08-29,499078.0,2026-02-25,499078.0,Physical Inspection,1.0,499078.0,499078.0,499078.0,2026-03-25,2026-03-25,ABHISHEK CONSTRUCTIONS,False,2026-03-25,499078.0,1.0,0.0,180.0,0.0,28.0,1
Normal/Others,WS/MP086/2025-2026/230192,Karnataka,BENGALURU URBAN,Shri G.C. Chandrashekhar (2024-30) (2024-2030),Elected MP,"construction of cement concrete road from shabarinagar nagaraju home to sathish home at yelahanka talluk, hurali chikkanahalli grama panchayath",2025-08-29,499078.0,2025-12-20,499078.0,Physical Inspection,1.0,499078.0,499078.0,499078.0,2026-03-23,2026-03-23,BASAVEGOWDA T M,False,2026-03-23,499078.0,1.0,0.0,113.0,0.0,93.0,1
Normal/Others,WS/MP086/2025-2026/230195,Karnataka,BENGALURU URBAN,Shri G.C. Chandrashekhar (2024-30) (2024-2030),Elected MP,"construction of cement concrete road viji home to rajanna home at bengaluru north talluk, gopalapura grama panchayath, totagere village",2025-08-29,499182.0,2025-12-20,499182.0,Physical Inspection,1.0,499182.0,499182.0,499182.0,2026-03-23,2026-03-23,SKS CONSTRUCTION,False,2026-03-23,499182.0,1.0,0.0,113.0,0.0,93.0,1
Normal/Others,WS/MP086/2025-2026/230196,Karnataka,BENGALURU URBAN,Shri G.C. Chandrashekhar (2024-30) (2024-2030),Elected MP,"construction of cement concrete road from shekhar home to rajesh home at yelahanka talluk, kodagi thirumalapura village",2025-08-29,499063.0,2025-12-20,499063.0,Physical Inspection,1.0,499063.0,499063.0,499063.0,2026-03-23,2026-03-23,LAKSHMIKANTH B T,False,2026-03-23,499063.0,1.0,0.0,113.0,0.0,93.0,1
Normal/Others,WS/MP086/2025-2026/230197,Karnataka,BENGALURU URBAN,Shri G.C. Chandrashekhar (2024-30) (2024-2030),Elected MP,"construction of cement concrete road and drainage from hesaraghatta to hosahallipalya at yelahanka talluk, hesaraghatta grama panchayath",2025-08-29,499596.0,2025-12-20,499596.0,Physical Inspection,1.0,499596.0,499596.0,499596.0,2026-05-08,2026-05-08,BASAVEGOWDA T M,False,2026-05-08,499596.0,1.0,0.0,113.0,0.0,139.0,1
Normal/Others,WS/MP086/2025-2026/255706,Karnataka,BENGALURU URBAN,Shri G.C. Chandrashekhar (2024-30) (2024-2030),Elected MP,"development of concrete road from Bangalore North talluk, Dasanapura Hobali, Kuduregere village, Kuduregere Sasuveghatta road to 1st cross",2025-12-27,499217.0,2026-02-24,499217.0,Physical Inspection,1.0,499217.0,499217.0,499217.0,2026-03-13,2026-03-13,NAN CONSTRUCTION,False,2026-03-13,499217.0,1.0,0.0,59.0,0.0,17.0,1
Normal/Others,WS/MP086/2025-2026/255710,Karnataka,BENGALURU URBAN,Shri G.C. Chandrashekhar (2024-30) (2024-2030),Elected MP,"Construction of concrete road at Bangalore, Yelahanka talluk, Hesaraghatta hobali, Tarabanahalli Kumbarahalli Border road Lakshmipathi home to bairanna Land",2025-12-27,500000.0,2026-02-24,500000.0,Physical Inspection,1.0,498434.0,498434.0,498434.0,2026-06-19,2026-06-19,G BYLAPPA,,,,0.996868,0.0,59.0,0.0,,1
Normal/Others,WS/MP086/2025-2026/255726,Karnataka,BENGALURU URBAN,Shri G.C. Chandrashekhar (2024-30) (2024-2030),Elected MP,"Construction of Concrete road at Bangalore, Yelahanka Taluk, Hesaraghatta hobali, Kumbarahalli border road 1st cross",2025-12-27,500000.0,2026-02-24,500000.0,Physical Inspection,1.0,498434.0,498434.0,498434.0,2026-07-02,2026-07-02,BHARATH D,,,,0.996868,0.0,59.0,0.0,,1
Normal/Others,WS/MP086/2025-2026/255728,Karnataka,BENGALURU URBAN,Shri G.C. Chandrashekhar (2024-30) (2024-2030),Elected MP,"Construction of concrete road at Bangalore, Yelahanka talluk, Hesaraghatta Hobali, Kasaghattapura grama Panchayath, Narayanappa Home to Ramanjaneya Home",2025-12-27,499448.0,2026-02-24,499448.0,Physical Inspection,1.0,499448.0,499448.0,499448.0,2026-03-13,2026-03-13,VIJAYA KUMARA N,False,2026-03-13,499448.0,1.0,0.0,59.0,0.0,17.0,1
Normal/Others,WS/MP086/2025-2026/255730,Karnataka,BENGALURU URBAN,Shri G.C. Chandrashekhar (2024-30) (2024-2030),Elected MP,"Construction of concrete road at Bangalore, Yelahanka Talluk, Hesaraghatta hobali, Hurulichikkanahalli grama panchayath, Tarabanahalli pipe line road to Shreedhar home",2025-12-27,499448.0,2026-02-25,499448.0,Physical Inspection,1.0,499448.0,499448.0,499448.0,2026-03-13,2026-03-13,G BYLAPPA,False,2026-03-13,499448.0,1.0,0.0,60.0,0.0,16.0,1
Normal/Others,WS/MP086/2026-2027/263791,Karnataka,BENGALURU URBAN,Shri G.C. Chandrashekhar (2024-30) (2024-2030),Elected MP,"Bengaluru District, North Talluk, Dasanapura Hobali, Kuduregere grama, Narayanadhama main road to Kere road, Concrete road work",2026-01-31,500000.0,2026-06-19,500000.0,Physical Inspection,1.0,499286.0,499286.0,499286.0,2026-06-19,2026-06-19,G BYLAPPA,,,,0.998572,0.0,139.0,0.0,,1
Normal/Others,WS/MP086/2026-2027/263795,Karnataka,BENGALURU URBAN,Shri G.C. Chandrashekhar (2024-30) (2024-2030),Elected MP,"Development of concrete road at Bangalore District, Yelahanka Talluk, Hesaraghatta hobali, Tarabanahalli kumbarahalli road, Nagesh home to Nandakumar home",2026-01-31,500000.0,2026-06-19,500000.0,Physical Inspection,1.0,498885.0,498885.0,498885.0,2026-06-19,2026-06-19,G BYLAPPA,,,,0.99777,0.0,139.0,0.0,,1
Normal/Others,WS/MP086/2025-2026/159379,Karnataka,BENGALURU URBAN,Shri G.C. Chandrashekhar (2024-30) (2024-2030),Elected MP,"Road development work behind Yallappanapalya Village Bus Stand, Bangalore South Taluk, Bangalore urban",2024-12-17,499784.0,2025-04-09,499784.0,Physical Inspection,1.0,499784.0,499784.0,499784.0,2025-07-03,2025-07-03,N G GANESH BABU,False,2025-07-03,499784.0,1.0,0.0,113.0,0.0,85.0,1
Normal/Others,WS/MP086/2025-2026/159380,Karnataka,BENGALURU URBAN,Shri G.C. Chandrashekhar (2024-30) (2024-2030),Elected MP,"Road development work in front of Yellappanapallya Milk Producers Association, Bangalore Urban District, Bangalore South Taluk",2024-12-17,499327.0,2025-04-09,499327.0,Physical Inspection,1.0,499327.0,499327.0,499327.0,2025-07-03,2025-07-03,ABHISHEK CONSTRUCTIONS,False,2025-07-03,499327.0,1.0,0.0,113.0,0.0,85.0,1
Normal/Others,WS/MP086/2025-2026/159382,Karnataka,BENGALURU URBAN,Shri G.C. Chandrashekhar (2024-30) (2024-2030),Elected MP,"Road development works near Maramma temple at Yallappanapalya village, Bangalore South taluk, Bangalore Urban district.",2024-12-17,498202.0,2025-04-09,498202.0,Physical Inspection,1.0,498202.0,498202.0,498202.0,2025-07-03,2025-07-03,N G GANESH BABU,False,2025-07-03,498202.0,1.0,0.0,113.0,0.0,85.0,1
Normal/Others,WS/MP086/2025-2026/159383,Karnataka,BENGALURU URBAN,Shri G.C. Chandrashekhar (2024-30) (2024-2030),Elected MP,"Road development work in Yallappanapalya Village, Bangalore South Taluk, Bangalore Urban District",2024-12-17,499327.0,2025-04-09,499327.0,Physical Inspection,1.0,499327.0,499327.0,499327.0,2025-07-09,2025-07-09,CHETHAN B R,False,2025-07-09,499327.0,1.0,0.0,113.0,0.0,91.0,1
Normal/Others,WS/MP086/2025-2026/159385,Karnataka,BENGALURU URBAN,Shri G.C. Chandrashekhar (2024-30) (2024-2030),Elected MP,"Road development work from Yallappanapalya village main road to Raju's house, Bangalore Urban District, Bangalore South Taluk",2024-12-17,499054.0,2025-04-09,499054.0,Physical Inspection,1.0,499054.0,499054.0,499054.0,2025-07-03,2025-07-03,PUNITH R,False,2025-07-03,499054.0,1.0,0.0,113.0,0.0,85.0,1
Normal/Others,WS/MP086/2025-2026/159386,Karnataka,BENGALURU URBAN,Shri G.C. Chandrashekhar (2024-30) (2024-2030),Elected MP,"Road development work from Raju's house to Ramakka's house in Yallappanapalya village, Bangalore Urban District, Bangalore South Taluk",2024-12-17,499509.0,2025-04-09,499509.0,Physical Inspection,1.0,499509.0,499509.0,499509.0,2025-07-03,2025-07-03,PUNITH R,False,2025-07-03,499509.0,1.0,0.0,113.0,0.0,85.0,1
Normal/Others,WS/MP086/2025-2026/159390,Karnataka,BENGALURU URBAN,Shri G.C. Chandrashekhar (2024-30) (2024-2030),Elected MP,"Road development work from Raju's house to Lingaya's house in Yallappanapalya village, Bangalore Urban District, Bangalore South Taluk.",2024-12-17,498972.0,2025-04-09,498972.0,Physical Inspection,1.0,498972.0,498972.0,498972.0,2025-07-03,2025-07-03,N G GANESH BABU,False,2025-07-03,498972.0,1.0,0.0,113.0,0.0,85.0,1
Normal/Others,WS/MP086/2025-2026/159394,Karnataka,BENGALURU URBAN,Shri G.C. Chandrashekhar (2024-30) (2024-2030),Elected MP,"Development Work in Bangalore Urban District, Bangalore South Taluk, Kempagondanahalli Village Main Road to Majeed House Road",2024-12-17,499109.0,2025-04-09,499109.0,Physical Inspection,1.0,499109.0,499109.0,499109.0,2025-07-09,2025-07-09,CHETHAN B R,False,2025-07-09,499109.0,1.0,0.0,113.0,0.0,91.0,1
Normal/Others,WS/MP086/2025-2026/159395,Karnataka,BENGALURU URBAN,Shri G.C. Chandrashekhar (2024-30) (2024-2030),Elected MP,"Road development work from Ratnamma house to Bairamma house in Yallappanapalya village, Bangalore Urban district, Bangalore South taluk.",2024-12-17,499587.0,2025-04-09,499587.0,Physical Inspection,1.0,499587.0,499587.0,499587.0,2025-07-03,2025-07-03,B K KESHAVAMURTHY,False,2025-07-03,499587.0,1.0,0.0,113.0,0.0,85.0,1
Normal/Others,WS/MP086/2025-2026/170925,Karnataka,BENGALURU URBAN,Shri G.C. Chandrashekhar (2024-30) (2024-2030),Elected MP,"Development of Road at 9th main, 40th mainroad, ward no 178, JP nagar 1st phase, Bangalore",2025-01-31,499201.0,2025-06-21,499201.0,Physical Inspection,1.0,499201.0,499201.0,499201.0,2025-06-24,2025-06-24,N G GANESH BABU,False,2025-06-24,499201.0,1.0,0.0,141.0,0.0,3.0,1
Normal/Others,WS/MP086/2025-2026/172339,Karnataka,BENGALURU URBAN,Shri G.C. Chandrashekhar (2024-30) (2024-2030),Elected MP,"construction of concrete road at Yellappanapalya village, Mehaboob house near, Bangalore south, Bangalore",2025-02-04,499634.0,2025-04-05,499634.0,Physical Inspection,1.0,499634.0,499634.0,499634.0,2025-07-03,2025-07-03,N G GANESH BABU,False,2025-07-03,499634.0,1.0,0.0,60.0,0.0,89.0,1
Normal/Others,WS/MP086/2025-2026/209979,Karnataka,BENGALURU URBAN,Shri G.C. Chandrashekhar (2024-30) (2024-2030),Elected MP,"construction of concrete road from 12th main road obayya home to muralidhar home at ward no. 178, Bangalore Urban, Jayanagar vidhansabha constituency",2025-06-18,499494.0,2026-03-06,499494.0,Physical Inspection,1.0,499494.0,499494.0,499494.0,2026-05-08,2026-05-08,ABHISHEK CONSTRUCTIONS,False,2026-05-08,499494.0,1.0,0.0,261.0,0.0,63.0,1
Normal/Others,WS/MP086/2025-2026/209981,Karnataka,BENGALURU URBAN,Shri G.C. Chandrashekhar (2024-30) (2024-2030),Elected MP,"construction of footpath at muneshwara swamy layout, ward no.148, Bangalore BTM constituency",2025-06-18,499225.0,2025-12-19,499225.0,Physical Inspection,1.0,499225.0,499225.0,499225.0,2025-12-24,2025-12-24,PUNITH R,False,2025-12-24,499225.0,1.0,0.0,184.0,0.0,5.0,1
Normal/Others,WS/MP086/2025-2026/171330,Karnataka,BENGALURU URBAN,Shri G.C. Chandrashekhar (2024-30) (2024-2030),Elected MP,"Bangalore District, Bangalore South Taluk, Tavarekere Village, SC Colony, Solar light installment work at the road of Narasimhaiah",2025-02-01,499403.0,2025-04-05,499403.0,Physical Inspection,1.0,499403.0,499403.0,499403.0,2025-08-30,2025-08-30,N G GANESH BABU,False,2025-08-30,499403.0,1.0,0.0,63.0,0.0,147.0,1
Normal/Others,WS/MP086/2025-2026/171364,Karnataka,BENGALURU URBAN,Shri G.C. Chandrashekhar (2024-30) (2024-2030),Elected MP,"Bangalore District, Bangalore South Taluk, Tavarekere Village, SC Colony, Solar light installment work at the road of Anjanappa",2025-02-01,499403.0,2025-04-05,499403.0,Physical Inspection,1.0,499403.0,499403.0,499403.0,2025-08-30,2025-08-30,EESHANNA B,False,2025-08-30,499403.0,1.0,0.0,63.0,0.0,147.0,1
Normal/Others,WS/MP086/2025-2026/171371,Karnataka,BENGALURU URBAN,Shri G.C. Chandrashekhar (2024-30) (2024-2030),Elected MP,"Bangalore District, Bangalore South Taluk, Tavarekere Village, SC Colony, Solar light installment work at the road of Lokesh",2025-02-01,499403.0,2025-04-05,499403.0,Physical Inspection,1.0,499403.0,499403.0,499403.0,2025-08-30,2025-08-30,N G GANESH BABU,False,2025-08-30,499403.0,1.0,0.0,63.0,0.0,147.0,1
Normal/Others,WS/MP086/2025-2026/159590,Karnataka,BENGALURU URBAN,Shri G.C. Chandrashekhar (2024-30) (2024-2030),Elected MP,"Street light installation work near Koramangala Jyothinivas College under BTM Assembly Constituency, Bengaluru City District.",2024-12-18,499406.0,2025-04-05,499406.0,Physical Inspection,1.0,499406.0,499406.0,499406.0,2025-06-05,2025-06-05,N G GANESH BABU,False,2025-05-29,499406.0,1.0,0.0,108.0,0.0,54.0,1
Normal/Others,WS/MP086/2025-2026/159592,Karnataka,BENGALURU URBAN,Shri G.C. Chandrashekhar (2024-30) (2024-2030),Elected MP,"Installation of street lights from Koramangala 19th main road to Udupi Sagar Hotel in Bangalore City District, BTM Assembly Constituency.",2024-12-18,499470.0,2025-04-05,499470.0,Physical Inspection,1.0,499470.0,499470.0,499470.0,2025-05-29,2025-05-29,B K KESHAVAMURTHY,False,2025-05-29,499470.0,1.0,0.0,108.0,0.0,54.0,1
Normal/Others,WS/MP086/2025-2026/159593,Karnataka,BENGALURU URBAN,Shri G.C. Chandrashekhar (2024-30) (2024-2030),Elected MP,"Installation of street lights from Koramangala NJV Main Road to KHB Sports Village in Bangalore City District, BTM Assembly Constituency",2024-12-18,499470.0,2025-04-05,499470.0,Physical Inspection,1.0,499470.0,499470.0,499470.0,2025-05-29,2025-05-29,B K KESHAVAMURTHY,False,2025-05-29,499470.0,1.0,0.0,108.0,0.0,54.0,1
Normal/Others,WS/MP086/2025-2026/159595,Karnataka,BENGALURU URBAN,Shri G.C. Chandrashekhar (2024-30) (2024-2030),Elected MP,"Street light installation work from Koramangala Good Vibe Venture to PMR Memorial Trust under BTM Assembly Constituency, Bengaluru City District.",2024-12-18,499535.0,2025-04-05,499535.0,Physical Inspection,1.0,499535.0,499535.0,499535.0,2025-05-29,2025-05-29,PUNITH R,False,2025-05-29,499535.0,1.0,0.0,108.0,0.0,54.0,1
Normal/Others,WS/MP086/2025-2026/159602,Karnataka,BENGALURU URBAN,Shri G.C. Chandrashekhar (2024-30) (2024-2030),Elected MP,"BInstallation of street light around Prestige Pine Wood playground at Bangalore City District, Koramangala under BTM Assembly Constituency,",2024-12-18,499470.0,2025-04-05,499470.0,Physical Inspection,1.0,499470.0,499470.0,499470.0,2025-05-29,2025-05-29,EESHANNA B,False,2025-05-29,499470.0,1.0,0.0,108.0,0.0,54.0,1
Normal/Others,WS/MP086/2025-2026/230200,Karnataka,BENGALURU URBAN,Shri G.C. Chandrashekhar (2024-30) (2024-2030),Elected MP,"construction of high mask light at bangalore north talluk, tore nagasandra village",2025-08-29,497323.0,2025-12-20,497323.0,Physical Inspection,1.0,497323.0,497323.0,497323.0,2026-03-23,2026-03-23,ABHISHEK CONSTRUCTIONS,False,2026-03-23,497323.0,1.0,0.0,113.0,0.0,93.0,1
Normal/Others,WS/MP086/2025-2026/227476,Karnataka,BENGALURU URBAN,Shri G.C. Chandrashekhar (2024-30) (2024-2030),Elected MP,"development of high mask light at bangalore urban, Bangalore North talluk, heggadadevanapura village",2025-08-18,497323.0,2026-02-25,497323.0,Physical Inspection,1.0,497323.0,497323.0,497323.0,2026-03-25,2026-03-25,N G GANESH BABU,False,2026-03-25,497323.0,1.0,0.0,191.0,0.0,28.0,1
Normal/Others,WS/MP086/2025-2026/227461,Karnataka,BENGALURU URBAN,Shri G.C. Chandrashekhar (2024-30) (2024-2030),Elected MP,"istallation of high mask light at Bengaluru north talluk, hosahalli village",2025-08-18,497323.0,2026-03-06,497323.0,Physical Inspection,1.0,497323.0,497323.0,497323.0,2026-03-09,2026-03-09,N G GANESH BABU,False,2026-03-09,497323.0,1.0,0.0,200.0,0.0,3.0,1
Normal/Others,WS/MP086/2025,Karnataka,BENGALURU URBAN,Shri G.C. Chandrashekhar (2024-30) (2024-2030),Elected MP,"Construction of chain link fencing from 13th cross to 13 A cross, Ward no 178, JP nagar 1st phase, Bangalore",2025-01-31,499567.0,2025-04-09,499567.0,Physical Inspection,,,,,,,,False,2025-06-24,499567.0,,0.0,68.0,,76.0,0
Normal/Others,WS/MP086/2025-2026/161184,Karnataka,CHITRADURGA,Shri G.C. Chandrashekhar (2024-30) (2024-2030),Elected MP,"construction of bridge near chitradurga district, challakere taluk, nayakanahatti hobali, obayanahatti village",2024-12-24,490000.0,2025-07-03,490000.0,Work partially Completed,1.0,361395.0,361395.0,361395.0,2026-06-19,2026-06-19,RAJANAUIK G,,,,0.7375408163265306,0.0,191.0,0.0,,1
Normal/Others,WS/MP086/2025-2026/161185,Karnataka,CHITRADURGA,Shri G.C. Chandrashekhar (2024-30) (2024-2030),Elected MP,"construction of roads from talakunayakanahatti to obayanahatti village, in chitradurga district, challakere talluk, nayakanahatti hobli",2024-12-24,490000.0,2025-07-03,490000.0,Work partially Completed,1.0,362715.0,362715.0,362715.0,2026-06-19,2026-06-19,RAJANAUIK G,,,,0.740234693877551,0.0,191.0,0.0,,1
Normal/Others,WS/MP086/2025-2026/227349,Karnataka,DHARWAD,Shri G.C. Chandrashekhar (2024-30) (2024-2030),Elected MP,"construction of sabha bhavan at dharwad district,dharwad talluk, devarahubli village, asti no 478",2025-08-16,800000.0,2025-08-20,800000.0,Sanction,,,,,,,,,,,,0.0,4.0,,,0
Normal/Others,WS/MP086/2025-2026/172338,Karnataka,HASSAN,Shri G.C. Chandrashekhar (2024-30) (2024-2030),Elected MP,"Construction of Samudaya Bhavana at Mallinatha Pura Grama, Ramanathapura Hobali, Arakalagud Taluk, Hassan District.",2025-02-04,500000.0,2025-12-29,500000.0,Work partially Completed,2.0,498551.0,249275.5,375000.0,2026-03-24,2026-08-17,Sujay kumar,,,,0.997102,0.0,328.0,146.0,,1
Normal/Others,WS/MP086/2025-2026/172336,Karnataka,HASSAN,Shri G.C. Chandrashekhar (2024-30) (2024-2030),Elected MP,"Development of Concrete drainage from Pundu house to Masale Puttegowda house at Belavadi Grama, Doddamagge Hobali, Arakalagud Taluk, Hassan District",2025-02-04,500000.0,2025-12-29,500000.0,Work partially Completed,1.0,375000.0,375000.0,375000.0,2026-07-09,2026-07-09,BHARATHI,,,,0.75,0.0,328.0,0.0,,1
Normal/Others,WS/MP086/2025-2026/172305,Karnataka,HASSAN,Shri G.C. Chandrashekhar (2024-30) (2024-2030),Elected MP,"Development of road work from Basavapattana and Belavadi main road to Karahally Channayya and Gare Jayanna house at Belavadi Grama, Doddamagge Hobali, Arakalagud Taluk, Hassan District",2025-02-04,500000.0,2025-12-29,500000.0,Work partially Completed,1.0,375000.0,375000.0,375000.0,2026-05-05,2026-05-05,MANJEGOWDA M R,,,,0.75,0.0,328.0,0.0,,1
Normal/Others,WS/MP086/2025-2026/172334,Karnataka,HASSAN,Shri G.C. Chandrashekhar (2024-30) (2024-2030),Elected MP,"Development of road work from Thattavalu main road to Siddanakatti at Tattavalu Grama, Doddamagge Hobali, Arakalagud Taluk, Hassan District",2025-02-04,500000.0,2025-12-29,500000.0,Work partially Completed,1.0,375000.0,375000.0,375000.0,2026-05-05,2026-05-05,MANJEGOWDA M R,,,,0.75,0.0,328.0,0.0,,1
Normal/Others,WS/MP086/2025-2026/174496,Karnataka,HASSAN,Shri G.C. Chandrashekhar (2024-30) (2024-2030),Elected MP,"Development of road from the village of Navile to Prabhakar house at Kattepura Grama Panchayat, Arakalagud Talluk, Hassan district",2025-02-08,500000.0,2026-03-02,500000.0,Physical Inspection,2.0,498759.0,249379.5,375000.0,2026-03-03,2026-07-14,DHARSHAN S P,True,2026-08-30,498759.0,0.997518,0.0,387.0,133.0,181.0,1
Normal/Others,WS/MP086/2025-2026/174500,Karnataka,HASSAN,Shri G.C. Chandrashekhar (2024-30) (2024-2030),Elected MP,"Development of Road Ashokanna Site to Nale at Mallinathapura Village, Kattepura Grama Panchayath, Arakalagud Talluk, Hassan district",2025-02-08,500000.0,2026-03-02,500000.0,Physical Inspection,2.0,498889.0,249444.5,375000.0,2026-03-03,2026-07-14,DHARSHAN S P,True,2026-08-30,498889.0,0.997778,0.0,387.0,133.0,181.0,1
Normal/Others,WS/MP086/2025-2026/174503,Karnataka,HASSAN,Shri G.C. Chandrashekhar (2024-30) (2024-2030),Elected MP,"Development of Concrete road from Puttaswamygouda site to Basssappanagudi at Mallinathapura village, Kattepura Grama Panchayath, Arakalagud Talluk, Hasan district",2025-02-08,500000.0,2026-03-02,500000.0,Physical Inspection,2.0,498909.0,249454.5,375000.0,2026-03-03,2026-07-14,Manoj M S,True,2026-08-30,498909.0,0.997818,0.0,387.0,133.0,181.0,1
Normal/Others,WS/MP086/2026-2027/209969,Karnataka,MANDYA,Shri G.C. Chandrashekhar (2024-30) (2024-2030),Elected MP,"construction of kanaka bhavan at Mandya District,Mandya Talluk, Basaralu Village",2025-06-18,500000.0,2026-07-22,500000.0,Physical Inspection,1.0,497263.0,497263.0,497263.0,2026-08-11,2026-08-11,G B BAIRAVA,True,2026-08-11,497263.0,0.994526,0.0,399.0,0.0,20.0,1
Normal/Others,WS/MP086/2025-2026/227609,Karnataka,MANDYA,Shri G.C. Chandrashekhar (2024-30) (2024-2030),Elected MP,"building construction at Mandya district, Nagamangala talluk, devalapura village, devalapura raitha udpadaka company limited",2025-08-19,1000000.0,2026-02-05,1000000.0,Vendor Identification,2.0,1000000.0,500000.0,750000.0,2026-02-07,2026-07-04,KRIDL BHUSIRI ACCOUNT WORKS,,,,1.0,0.0,170.0,147.0,,1
Normal/Others,WS/MP086/2025-2026/211373,Karnataka,Bengaluru South,Shri G.C. Chandrashekhar (2024-30) (2024-2030),Elected MP,"construction of Samudhaya bhavan at Ramnagar District, Bidadi Hobali, Bairamangala Post, Anchipura Colony",2025-06-23,500000.0,2025-11-06,500000.0,Work partially Completed,1.0,375000.0,375000.0,375000.0,2025-11-10,2025-11-10,PROJECT MANAGER NIRMITHI KENDRA RAMANAGARA,,,,0.75,0.0,136.0,0.0,,1
Normal/Others,WS/MP086/2026-2027/220619,Karnataka,SHIVAMOGGA,Shri G.C. Chandrashekhar (2024-30) (2024-2030),Elected MP,"Construction of Samudhaya Bhavan at the premises of Shivamogga Jilla Okkaligara sangha, Balaraja Aras road, Shivamogga district",2025-07-21,1000000.0,2026-05-19,1000000.0,Vendor Identification,1.0,750000.0,750000.0,750000.0,2026-05-20,2026-05-20,Nirmithi Kendra Shivamogga,,,,0.75,0.0,302.0,0.0,,1
Trust and Society,WS/MP086/2025-2026/213179,Karnataka,TUMAKURU,Shri G.C. Chandrashekhar (2024-30) (2024-2030),Elected MP,"construction of shivayogishwara hostel at turuvekere town, Turuvekere talluk, Tumkur district work to be executed through Nirmiti Kendra",2025-06-28,2500000.0,2026-03-05,2500000.0,Vendor Identification,1.0,1875000.0,1875000.0,1875000.0,2026-03-10,2026-03-10,TUMKUR NIRMITHI KENDRA,,,,0.75,0.0,250.0,0.0,,1
Normal/Others,WS/MP086/2025-2026/227360,Karnataka,TUMAKURU,Shri G.C. Chandrashekhar (2024-30) (2024-2030),Elected MP,"construction of concrete draianage at Tumkur district, Tiptur talluk, kibbanahalli hobali, kottigehalli village from SC gangadharaiayana land to Basavayanna land",2025-08-16,500000.0,2025-11-05,500000.0,Sanction,,,,,,,,,,,,0.0,81.0,,,0
Normal/Others,WS/MP086/2025-2026/227366,Karnataka,TUMAKURU,Shri G.C. Chandrashekhar (2024-30) (2024-2030),Elected MP,"construction of drainage at tumkur district, tiptur talluk, kibbanahalli hobali, kappalu grama panchayath, kottigehalli village from prasad land to karadalu and kottigehalli road",2025-08-16,500000.0,2025-11-05,500000.0,Sanction,,,,,,,,,,,,0.0,81.0,,,0
Normal/Others,WS/MP086/2025-2026/150246,Karnataka,TUMAKURU,Shri G.C. Chandrashekhar (2024-30) (2024-2030),Elected MP,"construction of continued work of bridge and road at Tumkur district, Kunigal Taluk, Nagasandra Panchayath, Andanayyana Palya",2024-11-01,1200000.0,2025-06-19,1200000.0,Physical Inspection,1.0,1174341.0,1174341.0,1174341.0,2025-11-10,2025-11-10,Harish KUmar K G,True,2025-11-10,1174341.0,0.9786175,0.0,230.0,0.0,144.0,1
Normal/Others,WS/MP086/2025-2026/227367,Karnataka,TUMAKURU,Shri G.C. Chandrashekhar (2024-30) (2024-2030),Elected MP,"istallation of high mask light at tumkur district, tiptur talluk, kibbanahalli hobali, kuppalu grama panchayath, kottigehalli village in front of Shree Kalleshwara temple",2025-08-16,300000.0,2025-11-05,300000.0,Sanction,,,,,,,,,,,,0.0,81.0,,,0
Normal/Others,WS/MP086/2026-2027/169459,Karnataka,TUMAKURU,Shri G.C. Chandrashekhar (2024-30) (2024-2030),Elected MP,"Construction of High Mask Light near Ganapathi temple at Tumkur District, Tiptur Talluk, Nonavinakere Hobli, Nellikere grama Panchayath, Burudeghatta village",2025-01-28,200000.0,2026-06-20,200000.0,Work partially Completed,1.0,199245.0,199245.0,199245.0,2026-07-23,2026-07-23,CHOWDESHA U R,,,,0.996225,0.0,508.0,0.0,,1
Normal/Others,WS/MP086/2026-2027/169460,Karnataka,TUMAKURU,Shri G.C. Chandrashekhar (2024-30) (2024-2030),Elected MP,"Construction of High mask light in front of shiva temple at tumkur district, Tiptur talluk, Nonavinakere hobali, Nellikere grama panchayath, Burudeghatta village",2025-01-28,300000.0,2026-06-20,300000.0,Physical Inspection,1.0,299410.0,299410.0,299410.0,2026-07-23,2026-07-23,RAGHANJANEYA ENTERPRISES,,,,0.9980333333333333,0.0,508.0,0.0,,1
Normal/Others,WS/MP086/2026-2027/220621,Karnataka,UTTARA KANNADA,Shri G.C. Chandrashekhar (2024-30) (2024-2030),Elected MP,"construction of bridge at Uttara Kannada district, honnavara Talluk, Hodke Village",2025-07-21,500000.0,2026-07-14,500000.0,Work partially Completed,1.0,375000.0,375000.0,375000.0,2026-07-14,2026-07-14,ADARSH PANDURANG PATGAR,,,,0.75,0.0,358.0,0.0,,1
Normal/Others,WS/MP086/2025-2026/155279,Karnataka,BENGALURU RURAL,Shri G.C. Chandrashekhar (2024-30) (2024-2030),Elected MP,"construction of concrete road from venkatanarasamma home to lakshminarasimha swamy temple, hosahalli village, sasli hobli, dodballapura taluk, Bengalore rural",2024-11-27,490000.0,2025-08-16,490000.0,Physical Inspection,3.0,490000.0,163333.33333333334,245000.0,2026-01-09,2026-07-31,RAJANNA B S | SUNDARESH,,,,1.0,0.0,262.0,203.0,,2
Normal/Others,WS/MP086/2025-2026/155280,Karnataka,BENGALURU RURAL,Shri G.C. Chandrashekhar (2024-30) (2024-2030),Elected MP,"construction of concrete road from lakshminarasimha swamy temple to Kote pattabhiramaiah home, hosahalli village, sasli hobli, dodballapura taluk, Bengalore rural",2024-11-27,490000.0,2025-08-16,490000.0,Physical Inspection,3.0,490000.0,163333.33333333334,245000.0,2026-01-09,2026-07-31,SUNDARESH | GOVARDHANACHAR G,,,,1.0,0.0,262.0,203.0,,2
Normal/Others,WS/MP096/2025-2026/178440,Kerala,KANNUR,Shri Abdul Wahab (2021-27) (2021-2027),Elected MP,"Construction of Public Library at CHMKSGS School, Ward No. 13, Mattul Panchayat",2025-03-01,1000000.0,2026-01-14,1000000.0,Sanction,,,,,,,,,,,,0.0,319.0,,,0
Repair and Renovation,WS/MP096/2026-2027/224564,Kerala,KANNUR,Shri Abdul Wahab (2021-27) (2021-2027),Elected MP,"Repair and Renovation of Kallushap Kottali road or pathway, Ward no 13, Kolachery Panchayat",2025-08-03,1000000.0,2026-08-07,1000000.0,Sanction,,,,,,,,,,,,0.0,369.0,,,0
Normal/Others,WS/MP096/2025-2026/224566,Kerala,KANNUR,Shri Abdul Wahab (2021-27) (2021-2027),Elected MP,"Construction of Muzhakunnu - Vilakkode Shihab Thangal road or pathway, Muzhakkunnu Panchayat",2025-08-03,1500000.0,2025-11-11,1500000.0,Work partially Completed,1.0,1224152.0,1224152.0,1224152.0,2026-07-29,2026-07-29,V MATHAI,,,,0.8161013333333333,0.0,100.0,0.0,,1
Normal/Others,WS/MP096/2025-2026/224568,Kerala,KANNUR,Shri Abdul Wahab (2021-27) (2021-2027),Elected MP,"Construction of Mahathma Gandhi Aniyaram gas house canal road or pathway, Ward no 34, Panoor Municipality",2025-08-03,1000000.0,2026-01-23,1000000.0,Sanction,,,,,,,,,,,,0.0,173.0,,,0
Normal/Others,WS/MP096/2026-2027/269619,Kerala,KANNUR,Shri Abdul Wahab (2021-27) (2021-2027),Elected MP,"Construction of Illipuram - Mundayatt Kottam Nagar road OR pathway, Ward No.20, Pappinissery Panchayat",2026-02-19,1500000.0,2026-08-19,1500000.0,Sanction,,,,,,,,,,,,0.0,181.0,,,0
Normal/Others,WS/MP096/2025-2026/157060,Kerala,KANNUR,Shri Abdul Wahab (2021-27) (2021-2027),Elected MP,"Construction of Korangad payyankanam SC Colony road/pathway, Ward no. 14, Peringome Vayakkara Panchayat(SC/ST)",2024-12-05,988238.0,2025-10-16,988238.0,Physical Inspection,1.0,988238.0,988238.0,988238.0,2025-10-17,2025-10-17,BENNY M JOSEPH,True,2025-10-17,988238.0,1.0,0.0,315.0,0.0,1.0,1
Normal/Others,WS/MP096/2025-2026/157377,Kerala,KANNUR,Shri Abdul Wahab (2021-27) (2021-2027),Elected MP,"Construction of Eriam school - Kupperi - Kannakai road/pathway, Ward no.07 Kadannappally-Panappuzha Panchayat",2024-12-07,887708.0,2025-09-29,887708.0,Physical Inspection,1.0,887708.0,887708.0,887708.0,2025-10-06,2025-10-06,MOHANAN P,False,2025-10-06,887708.0,1.0,0.0,296.0,0.0,7.0,1
Normal/Others,WS/MP096/2025-2026/166597,Kerala,KANNUR,Shri Abdul Wahab (2021-27) (2021-2027),Elected MP,Construction of Vengad town Kuniyil road pathway ward no 03 Vengad Panchayat,2025-01-20,1000000.0,2025-12-19,1000000.0,Work Completed,1.0,871332.0,871332.0,871332.0,2026-02-10,2026-02-10,SURENDRA BABU C,True,2026-02-10,871332.0,0.871332,0.0,333.0,0.0,53.0,1
Normal/Others,WS/MP096/2025-2026/180744,Kerala,KANNUR,Shri Abdul Wahab (2021-27) (2021-2027),Elected MP,"Construction of Mayyil Koralayituruth Namaskarapalli  Vishnu temple road or pathway, Mayyil Panchayat",2025-03-10,1346756.0,2026-01-14,1346756.0,Physical Inspection,1.0,1346756.0,1346756.0,1346756.0,2026-04-18,2026-04-18,KERALA GRAMIN BANK,False,2026-04-18,1346756.0,1.0,0.0,310.0,0.0,94.0,1
Normal/Others,WS/MP096/2025-2026/180781,Kerala,KANNUR,Shri Abdul Wahab (2021-27) (2021-2027),Elected MP,"Setting up of light and beautification works at peringathur Boat Jetty, Ward No.18, Panoor Municipality",2025-03-10,1500000.0,2026-01-14,1500000.0,Sanction,,,,,,,,,,,,0.0,310.0,,,0
Normal/Others,WS/MP096/2025-2026/273563,Kerala,THIRUVANANTHAPURAM,Shri Abdul Wahab (2021-27) (2021-2027),Elected MP,"Construction 1st reach of Meeranvetty - Onnam block road or pathway, Block No.10, Ward no.11, Peringammala Panchayat",2026-03-11,358810.0,2026-03-11,358810.0,Physical Inspection,1.0,358810.0,358810.0,358810.0,2026-05-08,2026-05-08,JAYAKUMAR M G,True,2026-05-08,358810.0,1.0,0.0,0.0,0.0,58.0,1
Normal/Others,WS/MP096/2025-2026/182239,Kerala,THIRUVANANTHAPURAM,Shri Abdul Wahab (2021-27) (2021-2027),Elected MP,"Construction of Meeranvettikarikkakam - Chathimangalam - Kattilakuzhi road or pathway, Ward No.10, Peringammala Panchayat",2025-03-16,793821.0,2026-01-12,793821.0,Physical Inspection,1.0,793821.0,793821.0,793821.0,2026-05-12,2026-05-12,VIJAYASENAN NAIR,True,2026-05-12,793821.0,1.0,0.0,302.0,0.0,120.0,1
Normal/Others,WS/MP096/2025-2026/182241,Kerala,THIRUVANANTHAPURAM,Shri Abdul Wahab (2021-27) (2021-2027),Elected MP,"Construction of Konganamkodu - Kochu Karikkaakam road or pathway, ward no.09, Panavoor Panchayat",2025-03-16,998724.0,2025-05-30,998724.0,Physical Inspection,1.0,998724.0,998724.0,998724.0,2025-12-23,2025-12-23,REJITH R C,True,2025-12-23,998724.0,1.0,0.0,75.0,0.0,207.0,1
Normal/Others,WS/MP096/2025-2026/271102,Kerala,THIRUVANANTHAPURAM,Shri Abdul Wahab (2021-27) (2021-2027),Elected MP,"Construction 2nd reach of Meeranvetty  Onnam block road or pathway, Block No.06, Ward no.11, Peringammala Panchayat",2026-02-26,485418.0,2026-02-27,485418.0,Physical Inspection,1.0,485418.0,485418.0,485418.0,2026-05-12,2026-05-12,JAYAKUMAR M G,True,2026-05-12,485418.0,1.0,0.0,1.0,0.0,74.0,1
Normal/Others,WS/MP096/2024-2025/132958,Kerala,THIRUVANANTHAPURAM,Shri Abdul Wahab (2021-27) (2021-2027),Elected MP,"Setting up of High-tech theatre classroom at PTMVHSS, Maruthoorkonam, Ward no.14, Kottukal Panchayat",2024-07-04,1499700.0,2024-07-27,1499700.0,Physical Inspection,1.0,1499700.0,1499700.0,1499700.0,2024-09-05,2024-09-05,REBIN JACOB,True,2024-09-04,1499700.0,1.0,0.0,23.0,0.0,39.0,1
Normal/Others,WS/MP096/2026-2027/240459,Kerala,THIRUVANANTHAPURAM,Shri Abdul Wahab (2021-27) (2021-2027),Elected MP,"Setting up of Audio studio and Audio Lab equipments for Dept. of Communication and journalism, University of Kerala, Kariavattom, Ward No.09, Thiruvananthapuram Municipal Corporation",2025-10-07,300000.0,2026-08-04,300000.0,Sanction,,,,,,,,,,,,0.0,301.0,,,0
Normal/Others,WS/MP096/2025-2026/175036,Kerala,WAYANAD,Shri Abdul Wahab (2021-27) (2021-2027),Elected MP,"Purchasing of School bus for ALPS Naikatty, Ward no.16, Noolpuzha Panchayat (ST)",2025-02-12,2000000.0,2025-08-14,2000000.0,Work partially Completed,1.0,2000000.0,2000000.0,2000000.0,2025-08-16,2025-08-16,SML ISUZU LTD,,,,1.0,0.0,183.0,0.0,,1
Normal/Others,WS/MP096/2025-2026/181207,Kerala,WAYANAD,Shri Abdul Wahab (2021-27) (2021-2027),Elected MP,"Purchasing of School bus for WOLPS, Paralikunnu, Ward no.02, Muttil Panchayat",2025-03-12,2240000.0,2026-03-12,2240000.0,Sanction,,,,,,,,,,,,0.0,365.0,,,0
Normal/Others,WS/MP096/2025-2026/243105,Kerala,WAYANAD,Shri Abdul Wahab (2021-27) (2021-2027),Elected MP,"Purchasing of Computers and printers for WOLPS, Paralikunnu, Ward no.02, Muttil Panchayat",2025-10-21,166000.0,2026-03-07,166000.0,Sanction,,,,,,,,,,,,0.0,137.0,,,0
Normal/Others,WS/MP096/2025-2026/243104,Kerala,WAYANAD,Shri Abdul Wahab (2021-27) (2021-2027),Elected MP,"Setting up of Water cooler at WOLPS, Paralikunnu, Ward no.02, Muttil Panchayat",2025-10-21,94000.0,2026-03-07,94000.0,Sanction,,,,,,,,,,,,0.0,137.0,,,0
Normal/Others,WS/MP096/2026-2027/236443,Kerala,KASARAGOD,Shri Abdul Wahab (2021-27) (2021-2027),Elected MP,"Setting up of Low mast light at Peraal Kannur Juma Masjid Junction, Ward no.10, Puthige Panchayat",2025-09-22,200000.0,2026-08-10,200000.0,Sanction,,,,,,,,,,,,0.0,322.0,,,0
Normal/Others,WS/MP096/2025-2026/236444,Kerala,KASARAGOD,Shri Abdul Wahab (2021-27) (2021-2027),Elected MP,"Setting up of Low mast light at Sathyadka, Ward no.11, Manjeshwar Panchayat",2025-09-22,200000.0,2026-03-05,200000.0,Sanction,,,,,,,,,,,,0.0,164.0,,,0
Normal/Others,WS/MP096/2026-2027/236500,Kerala,KASARAGOD,Shri Abdul Wahab (2021-27) (2021-2027),Elected MP,"Setting up of Low mast light at Menangode Junction, Ward no.18, Chengala Panchayat",2025-09-22,200000.0,2026-08-01,200000.0,Sanction,,,,,,,,,,,,0.0,313.0,,,0
Normal/Others,WS/MP096/2026-2027/236501,Kerala,KASARAGOD,Shri Abdul Wahab (2021-27) (2021-2027),Elected MP,"Setting up of Low mast light near Noor Masjid, Azad Nagar, Ward no.16, Mogral Puthur Panchayat",2025-09-22,200000.0,2026-08-03,200000.0,Sanction,,,,,,,,,,,,0.0,315.0,,,0
Normal/Others,WS/MP096/2026-2027/236502,Kerala,KASARAGOD,Shri Abdul Wahab (2021-27) (2021-2027),Elected MP,"Setting up of Low mast light at Beejanthudukka Adimpayi junction, Ward no.13, Badiadka Panchayat",2025-09-22,200000.0,2026-08-03,200000.0,Sanction,,,,,,,,,,,,0.0,315.0,,,0
Normal/Others,WS/MP096/2025-2026/181146,Kerala,KASARAGOD,Shri Abdul Wahab (2021-27) (2021-2027),Elected MP,"Setting up of Low mast light at Chuzhikkayam - Pallithatt, ward No. 17, West Eleri Panchayat",2025-03-12,191552.0,2025-08-13,191552.0,Physical Inspection,1.0,191552.0,191552.0,191552.0,2026-05-05,2026-05-05,M S Communication,True,2026-05-05,191552.0,1.0,0.0,154.0,0.0,265.0,1
Normal/Others,WS/MP096/2026-2027/181147,Kerala,KASARAGOD,Shri Abdul Wahab (2021-27) (2021-2027),Elected MP,"Setting up of Low mast light near Moosa Haji mukk Juma Masjid, Ward No.15, Padne Panchayat",2025-03-12,210000.0,2026-07-27,210000.0,Sanction,,,,,,,,,,,,0.0,502.0,,,0
Normal/Others,WS/MP096/2025-2026/272311,Kerala,KASARAGOD,Shri Abdul Wahab (2021-27) (2021-2027),Elected MP,"Setting up of Lowmast light at Bayikotta Accademy campus, Ward no.18, Paivalike Panchayat",2026-03-04,200000.0,2026-03-05,200000.0,Sanction,,,,,,,,,,,,0.0,1.0,,,0
Normal/Others,WS/MP096/2025-2026/272616,Kerala,KASARAGOD,Shri Abdul Wahab (2021-27) (2021-2027),Elected MP,"Setting up of Low mast light at Chuzhikkayam - Pallithatt, ward No. 17, West Eleri Panchayat",2026-03-06,210000.0,2026-03-12,210000.0,Sanction,,,,,,,,,,,,0.0,6.0,,,0
Normal/Others,WS/MP096/2025-2026/181921,Kerala,KASARAGOD,Shri Abdul Wahab (2021-27) (2021-2027),Elected MP,"Construction of Arnagude SC Colony road or pathway, ward no.03, Mogral Puthur Panchayat",2025-03-14,1000000.0,2026-01-10,1000000.0,Sanction,,,,,,,,,,,,0.0,302.0,,,0
Normal/Others,WS/MP096/2025-2026/181922,Kerala,KASARAGOD,Shri Abdul Wahab (2021-27) (2021-2027),Elected MP,"Construction of Vayalodi SC Colony road or pathway, ward no.18, Thrikkarippur Panchayat",2025-03-14,700000.0,2026-01-09,700000.0,Sanction,,,,,,,,,,,,0.0,301.0,,,0
Normal/Others,WS/MP096/2024-2025/145602,Kerala,KASARAGOD,Shri Abdul Wahab (2021-27) (2021-2027),Elected MP,"Construction of Nambiarkkal – Kuthirammal NRA road /pathway, ward No. 27, Kanhangad Municipality",2024-10-05,574993.0,2025-02-01,574993.0,Physical Inspection,1.0,574993.0,574993.0,574993.0,2025-04-29,2025-04-29,BABU M JOSEPH,True,2025-04-29,574993.0,1.0,0.0,119.0,0.0,87.0,1
Normal/Others,WS/MP096/2024-2025/145604,Kerala,KASARAGOD,Shri Abdul Wahab (2021-27) (2021-2027),Elected MP,"Construction of Valliyode Khuthubiyyath Masjid road /pathway, Ward no. 14, Chemmanad Panchayat",2024-10-05,777468.0,2024-11-29,777468.0,Physical Inspection,1.0,777468.0,777468.0,777468.0,2025-02-14,2025-02-14,M M AHAMMED,True,2025-02-13,777468.0,1.0,0.0,55.0,0.0,76.0,1
Normal/Others,WS/MP096/2026,Kerala,KASARAGOD,Shri Abdul Wahab (2021-27) (2021-2027),Elected MP,"Construction of P T road drainage, Ward no.18, Chemmanad Panchayat",2025-09-22,200000.0,2026-08-01,200000.0,Sanction,,,,,,,,,,,,0.0,313.0,,,0
Normal/Others,WS/MP096/2026-2027/269600,Kerala,KASARAGOD,Shri Abdul Wahab (2021-27) (2021-2027),Elected MP,"Construction of Mookkampara - Bajathadukka SC Nagar road OR pathway, Ward No. 05, Badiadka Panchayat",2026-02-19,1500000.0,2026-08-01,1500000.0,Sanction,,,,,,,,,,,,0.0,163.0,,,0
Normal/Others,WS/MP096/2026-2027/269601,Kerala,KASARAGOD,Shri Abdul Wahab (2021-27) (2021-2027),Elected MP,"Construction of Mahin Nagar First Cross road OR pathway, Ward No. 10, Madhur Panchayat",2026-02-19,1000000.0,2026-08-17,1000000.0,Sanction,,,,,,,,,,,,0.0,179.0,,,0
Normal/Others,WS/MP096/2025-2026/170289,Kerala,KASARAGOD,Shri Abdul Wahab (2021-27) (2021-2027),Elected MP,"Setting up of Low mast light near Aazhithala Friday Cultural Centre, ward No. 25, Nileshwar Municipality",2025-01-29,200000.0,2025-04-23,200000.0,Sanction,,,,,,,,,,,,0.0,84.0,,,0
Normal/Others,WS/MP096/2025-2026/180871,Kerala,KASARAGOD,Shri Abdul Wahab (2021-27) (2021-2027),Elected MP,"Setting up of Low  Mast light near Muttumthala Juma Masjid, Ward No.18, Ajnur  Panchayath.",2025-03-11,191352.0,2025-08-13,191352.0,Physical Inspection,1.0,191352.0,191352.0,191352.0,2026-03-03,2026-03-03,M S Communication,True,2026-03-03,191352.0,1.0,0.0,155.0,0.0,202.0,1
Normal/Others,WS/MP096/2025-2026/182023,Kerala,KASARAGOD,Shri Abdul Wahab (2021-27) (2021-2027),Elected MP,"Setting up of Low mast light at infront of Govt.Higher Secondary School, Pallikkara, Ward no.18, Pallikkara Panchayat",2025-03-15,200000.0,2026-01-29,200000.0,Sanction,,,,,,,,,,,,0.0,320.0,,,0
Normal/Others,WS/MP096/2026-2027/182024,Kerala,KASARAGOD,Shri Abdul Wahab (2021-27) (2021-2027),Elected MP,"Setting up of Low mast light at infront of Bovikkanam Town Juma Masjid, Muliyar Panchayat",2025-03-15,200000.0,2026-07-21,200000.0,Sanction,,,,,,,,,,,,0.0,493.0,,,0
Normal/Others,WS/MP096/2026-2027/182026,Kerala,KASARAGOD,Shri Abdul Wahab (2021-27) (2021-2027),Elected MP,"Setting up of Lowmast light at Nehru stupa, ward no.03, Thrikkarippur  Panchayat",2025-03-15,200000.0,2026-07-27,200000.0,Sanction,,,,,,,,,,,,0.0,499.0,,,0
Normal/Others,WS/MP096/2025-2026/182027,Kerala,KASARAGOD,Shri Abdul Wahab (2021-27) (2021-2027),Elected MP,"Setting up of Low mast light at CH Centre Junction, Valvakkad,  Thrikkarippur  Panchayat",2025-03-15,200000.0,2026-02-28,200000.0,Sanction,,,,,,,,,,,,0.0,350.0,,,0
Normal/Others,WS/MP096/2026-2027/182028,Kerala,KASARAGOD,Shri Abdul Wahab (2021-27) (2021-2027),Elected MP,"Setting up of Low mast light at near Ice Plant, ward no.43, Kanhangad Municipality",2025-03-15,200000.0,2026-08-10,200000.0,Sanction,,,,,,,,,,,,0.0,513.0,,,0
Normal/Others,WS/MP096/2024-2025/162921,Kerala,KOTTAYAM,Shri Abdul Wahab (2021-27) (2021-2027),Elected MP,"Purchasing of School bus for M.M.M.U.M.UP School, Karakkad, Erattupetta Municipality",2025-01-01,2500000.0,2025-03-06,2500000.0,Work partially Completed,3.0,2426000.0,808666.6666666666,1858400.0,2025-03-27,2025-05-24,VE Commercial Vehicles Ltd | AVG VEHICLE SALES  SERVICE PVT LTD,,,,0.9704,0.0,64.0,58.0,,2
Normal/Others,WS/MP096/2024-2025/133403,Kerala,KOTTAYAM,Shri Abdul Wahab (2021-27) (2021-2027),Elected MP,"Construction of Kummanam Palli ambooram road /pathway, Ward No.07, Thiruvarpp Panchayat",2024-07-12,446326.0,2024-07-23,446326.0,Physical Inspection,1.0,446326.0,446326.0,446326.0,2025-08-14,2025-08-14,JOHNSON JOSE,False,2025-08-14,446326.0,1.0,0.0,11.0,0.0,387.0,1
Normal/Others,WS/MP096/2024-2025/133405,Kerala,KOTTAYAM,Shri Abdul Wahab (2021-27) (2021-2027),Elected MP,"Construction of Shaji Sathanam - Mundolikadavu road/pathway, Ward No.10, Vellavoor Panchayat",2024-07-12,684603.0,2024-08-07,684603.0,Physical Inspection,1.0,684603.0,684603.0,684603.0,2024-10-08,2024-10-08,Anilkumar V G,True,2024-10-08,684603.0,1.0,0.0,26.0,0.0,62.0,1
Normal/Others,WS/MP096/2024-2025/133407,Kerala,KOTTAYAM,Shri Abdul Wahab (2021-27) (2021-2027),Elected MP,"Construction of side protection at Plappalli - Manthindi SC/ST Colony Road/pathway, Ward No. 03, Koottikkal Panchayat (SC)",2024-07-12,986777.0,2024-07-23,986777.0,Physical Inspection,1.0,986777.0,986777.0,986777.0,2026-01-14,2026-01-14,JIJO MATHEW,True,2026-01-14,986777.0,1.0,0.0,11.0,0.0,540.0,1
Normal/Others,WS/MP096/2024-2025/137097,Kerala,KOTTAYAM,Shri Abdul Wahab (2021-27) (2021-2027),Elected MP,"Construction of Plappalli - Manthindi SC/ST Colony Road/pathway, Ward No. 03, Koottikkal Panchayat (SC)",2024-08-26,708944.0,2024-12-02,708944.0,Physical Inspection,1.0,708944.0,708944.0,708944.0,2026-02-02,2026-02-02,JIJO MATHEW,True,2026-02-02,708944.0,1.0,0.0,98.0,0.0,427.0,1
Normal/Others,WS/MP096/2024-2025/137098,Kerala,MALAPPURAM,Shri Abdul Wahab (2021-27) (2021-2027),Elected MP,"Construction of Chathamangalam - Viripadam road /pathway, Ward No. 11, Vazhayoor Panchayat",2024-08-26,379009.0,2024-09-04,379009.0,Physical Inspection,1.0,379009.0,379009.0,379009.0,2024-09-06,2024-09-06,ABDUL NAZEER V P,True,2024-09-06,379009.0,1.0,0.0,9.0,0.0,2.0,1
Normal/Others,WS/MP096/2025-2026/156139,Kerala,MALAPPURAM,Shri Abdul Wahab (2021-27) (2021-2027),Elected MP,"Construction of Choonoor Mundathadam - Maravattom road or pathway, Ward No.11, Ponmala Panchayat",2024-11-30,368228.0,2026-01-16,368228.0,Physical Inspection,1.0,368228.0,368228.0,368228.0,2026-02-26,2026-02-26,Niyas Perapurath Keezhuveettil,False,2026-02-26,368228.0,1.0,0.0,412.0,0.0,41.0,1
Normal/Others,WS/MP096/2024-2025/133668,Kerala,MALAPPURAM,Shri Abdul Wahab (2021-27) (2021-2027),Elected MP,"Construction of Palad -Kalamkunnu Road /pathway, Ward No. 17, Vazhikkadavu Panchayat",2024-07-18,487095.0,2024-08-29,487095.0,Physical Inspection,1.0,487095.0,487095.0,487095.0,2024-09-18,2024-09-18,SABEER P,True,2024-09-06,487095.0,1.0,0.0,42.0,0.0,8.0,1
Normal/Others,WS/MP096/2024-2025/137096,Kerala,MALAPPURAM,Shri Abdul Wahab (2021-27) (2021-2027),Elected MP,"Construction of Kayalott - Alinchuvadu road/pathway, Ward No. 19, Keezhattur Panchayat",2024-08-26,181904.0,2024-09-28,181904.0,Physical Inspection,1.0,181904.0,181904.0,181904.0,2024-09-28,2024-09-28,SHIHABUDHEEN P,True,2024-09-28,181904.0,1.0,0.0,33.0,0.0,0.0,1
Normal/Others,WS/MP096/2024-2025/132372,Kerala,MALAPPURAM,Shri Abdul Wahab (2021-27) (2021-2027),Elected MP,"Construction of Chirakkal - Kootayi Alavipadi road/pathway, ward no.03, Ponmundam Panchayat",2024-06-11,367434.0,2024-07-08,367434.0,Physical Inspection,1.0,367434.0,367434.0,367434.0,2024-07-12,2024-07-12,SAMEER HYDER,True,2024-07-12,367434.0,1.0,0.0,27.0,0.0,4.0,1
Normal/Others,WS/MP096/2024-2025/132532,Kerala,MALAPPURAM,Shri Abdul Wahab (2021-27) (2021-2027),Elected MP,Construction of PWD Mundappalam  Edayangad road or pathway ward No 08 Kondotty Municipality,2024-06-14,228870.0,2024-09-10,228870.0,Physical Inspection,1.0,228870.0,228870.0,228870.0,2024-09-11,2024-09-11,FAZALUL HAQUE K,True,2024-09-11,228870.0,1.0,0.0,88.0,0.0,1.0,1
Normal/Others,WS/MP096/2024-2025/132533,Kerala,MALAPPURAM,Shri Abdul Wahab (2021-27) (2021-2027),Elected MP,"Construction of Chekkath - Kaipatta Naduvil road /pathway, Ward No. 01, Othukkungal Panchayat",2024-06-14,356297.0,2024-07-12,356297.0,Physical Inspection,1.0,356297.0,356297.0,356297.0,2024-07-15,2024-07-15,Muhammed Nasim K,True,2024-07-15,356297.0,1.0,0.0,28.0,0.0,3.0,1
Normal/Others,WS/MP096/2024-2025/132534,Kerala,MALAPPURAM,Shri Abdul Wahab (2021-27) (2021-2027),Elected MP,"Construction of Paarangadi SC Colony road /pathway, ward No. 07, Othukkungal Panchayat (SC)",2024-06-14,127296.0,2024-07-12,127296.0,Physical Inspection,1.0,127296.0,127296.0,127296.0,2024-07-15,2024-07-15,Muhammed Nasim K,True,2024-07-15,127296.0,1.0,0.0,28.0,0.0,3.0,1
Normal/Others,WS/MP096/2024-2025/132535,Kerala,MALAPPURAM,Shri Abdul Wahab (2021-27) (2021-2027),Elected MP,"Construction of Panakkad Palli canteen road /pathway, Ward No.37, Malappuram Municipality",2024-06-14,971608.0,2024-06-15,971608.0,Physical Inspection,1.0,971608.0,971608.0,971608.0,2024-06-19,2024-06-19,SHANAVAS EV,True,2024-06-19,971608.0,1.0,0.0,1.0,0.0,4.0,1
Normal/Others,WS/MP096/2026-2027/280880,Kerala,MALAPPURAM,Shri Abdul Wahab (2021-27) (2021-2027),Elected MP,"Construction of Panichola chenan road or pathway, Ward no. 05, Karulai Panchayat",2026-05-15,402537.0,2026-05-16,402537.0,Physical Inspection,1.0,402537.0,402537.0,402537.0,2026-06-18,2026-06-18,RABEEH ABDUL MUHINI M K,True,2026-07-30,402537.0,1.0,0.0,1.0,0.0,75.0,1
Normal/Others,WS/MP096/2026-2027/239487,Kerala,MALAPPURAM,Shri Abdul Wahab (2021-27) (2021-2027),Elected MP,"Setting up of Mini mast light at Thattara  Nattuvetti road Kappattiyil junction, Ward No.30, Malappuram Municipality",2025-10-03,200000.0,2026-06-27,200000.0,Sanction,,,,,,,,,,,,0.0,267.0,,,0
Normal/Others,WS/MP096/2026-2027/239488,Kerala,MALAPPURAM,Shri Abdul Wahab (2021-27) (2021-2027),Elected MP,"Setting up of Mini mast light at Thattara  Nattuvetti road Kalarikkal junction, Ward No.30, Malappuram Municipality",2025-10-03,200000.0,2026-06-27,200000.0,Sanction,,,,,,,,,,,,0.0,267.0,,,0
Normal/Others,WS/MP096/2026-2027/239489,Kerala,MALAPPURAM,Shri Abdul Wahab (2021-27) (2021-2027),Elected MP,"Setting up of Mini mast light at Village office  Perumparamb road, Ward No.30, Malappuram Municipality",2025-10-03,200000.0,2026-06-27,200000.0,Sanction,,,,,,,,,,,,0.0,267.0,,,0
Normal/Others,WS/MP096/2026-2027/239490,Kerala,MALAPPURAM,Shri Abdul Wahab (2021-27) (2021-2027),Elected MP,"Setting up of Mini mast light Infront of Madrasa Thayyilpadi  Andikadu MSP road, Ward No.39, Malappuram Municipality",2025-10-03,200000.0,2026-06-27,200000.0,Sanction,,,,,,,,,,,,0.0,267.0,,,0
Normal/Others,WS/MP096/2026-2027/239491,Kerala,MALAPPURAM,Shri Abdul Wahab (2021-27) (2021-2027),Elected MP,"Setting up of Mini mast light at Thayyilpadi  Andikadu MSP road junction, Ward No.39, Malappuram Municipality",2025-10-03,200000.0,2026-06-27,200000.0,Sanction,,,,,,,,,,,,0.0,267.0,,,0
Normal/Others,WS/MP096/2026-2027/220990,Kerala,MALAPPURAM,Shri Abdul Wahab (2021-27) (2021-2027),Elected MP,"Setting up of Minimast light at Kallambali, Ward No. 10, Thiruvali Panchayat",2025-07-22,318000.0,2026-06-18,318000.0,Sanction,,,,,,,,,,,,0.0,331.0,,,0
Normal/Others,WS/MP096/2025-2026/220991,Kerala,MALAPPURAM,Shri Abdul Wahab (2021-27) (2021-2027),Elected MP,"Setting up of Minimast light at Eriyad Collegepadi, Ward No. 07, Thiruvali Panchayat",2025-07-22,318000.0,2026-02-09,318000.0,Sanction,,,,,,,,,,,,0.0,202.0,,,0
Normal/Others,WS/MP096/2024-2025/137104,Kerala,MALAPPURAM,Shri Abdul Wahab (2021-27) (2021-2027),Elected MP,"Construction of Muthukulam Arabic college road /pathway, Ward no. 08, Pothukkal Panchayat",2024-08-26,310263.0,2024-11-28,310263.0,Physical Inspection,1.0,310263.0,310263.0,310263.0,2025-04-05,2025-04-05,Mohammedali P K,True,2025-04-05,310263.0,1.0,0.0,94.0,0.0,128.0,1
Normal/Others,WS/MP096/2024-2025/145338,Kerala,MALAPPURAM,Shri Abdul Wahab (2021-27) (2021-2027),Elected MP,"Construction of Machingal – Pokkattiyil road/pathway, Ward No. 05, Ozhur Panchayat",2024-10-04,407534.0,2024-11-16,407534.0,Physical Inspection,1.0,407534.0,407534.0,407534.0,2025-01-23,2025-01-23,SCALA INFRASTRUCTURE,True,2025-01-22,407534.0,1.0,0.0,43.0,0.0,67.0,1
Normal/Others,WS/MP096/2024-2025/145343,Kerala,MALAPPURAM,Shri Abdul Wahab (2021-27) (2021-2027),Elected MP,"Construction of TNK - Kallidumban Kunhimuhammed road/pathway, ward No. 9, Edakkara Panchayat",2024-10-04,408921.0,2024-11-28,408921.0,Physical Inspection,1.0,408921.0,408921.0,408921.0,2025-09-24,2025-09-24,Latheef M,True,2025-09-24,408921.0,1.0,0.0,55.0,0.0,300.0,1
Normal/Others,WS/MP096/2025-2026/145344,Kerala,MALAPPURAM,Shri Abdul Wahab (2021-27) (2021-2027),Elected MP,"Construction of Chakkini Palakkode road/pathway, Ward no.40, Manjeri Municipality",2024-10-04,500000.0,2026-01-16,500000.0,Sanction,,,,,,,,,,,,0.0,469.0,,,0
Normal/Others,WS/MP096/2025-2026/180770,Kerala,MALAPPURAM,Shri Abdul Wahab (2021-27) (2021-2027),Elected MP,"Construction of Areekattparambu SC Colony road or pathway, ward No. 02, Vengara Panchayat",2025-03-10,198611.0,2026-01-15,198611.0,Physical Inspection,1.0,198611.0,198611.0,198611.0,2026-04-28,2026-04-28,KOYAKUTTY P,True,2026-04-28,198611.0,1.0,0.0,311.0,0.0,103.0,1
Normal/Others,WS/MP096/2024-2025/132559,Kerala,MALAPPURAM,Shri Abdul Wahab (2021-27) (2021-2027),Elected MP,"Construction of Pullattukulambil SC Colony Road/pathway, Ward No. 10 Kuttipuram Panchayat",2024-06-15,431178.0,2024-11-28,431178.0,Physical Inspection,1.0,431178.0,431178.0,431178.0,2025-05-26,2025-05-26,ABDULRAZACK T K,True,2026-01-29,431178.0,1.0,0.0,166.0,0.0,427.0,1
Normal/Others,WS/MP096/2024-2025/145346,Kerala,MALAPPURAM,Shri Abdul Wahab (2021-27) (2021-2027),Elected MP,"Construction of Parammalkandi – Thekke Chalil road/pathway, Ward No. 08, Kondotty Municipality",2024-10-04,248336.0,2025-03-18,248336.0,Physical Inspection,1.0,248336.0,248336.0,248336.0,2025-05-12,2025-05-12,KUTTI RAYIN KUDUKKAN,True,2025-05-09,248336.0,1.0,0.0,165.0,0.0,52.0,1
Normal/Others,WS/MP096/2024-2025/137100,Kerala,MALAPPURAM,Shri Abdul Wahab (2021-27) (2021-2027),Elected MP,"Construction of Pallipadi - Palisserikuth road /pathway, Ward No. 14, Pulpatta Panchayat",2024-08-26,335536.0,2024-09-06,335536.0,Physical Inspection,1.0,335536.0,335536.0,335536.0,2024-09-07,2024-09-07,Muhammed Shafi N,True,2024-09-07,335536.0,1.0,0.0,11.0,0.0,1.0,1
Normal/Others,WS/MP096/2024-2025/137101,Kerala,MALAPPURAM,Shri Abdul Wahab (2021-27) (2021-2027),Elected MP,"Construction of Eranjikode – Peediyekkal road/pathway, Ward No. 13, Pulpatta Panchayat",2024-08-26,267873.0,2024-09-19,267873.0,Physical Inspection,1.0,267873.0,267873.0,267873.0,2024-09-23,2024-09-23,Muhammed Shafi N,True,2024-09-23,267873.0,1.0,0.0,24.0,0.0,4.0,1
Normal/Others,WS/MP096/2024-2025/132555,Kerala,MALAPPURAM,Shri Abdul Wahab (2021-27) (2021-2027),Elected MP,"Construction of Poozhipatta town - Karinilam /pathway, Ward No. 11, Moorkkanad Panchayat",2024-06-15,396289.0,2024-07-05,396289.0,Physical Inspection,1.0,396289.0,396289.0,396289.0,2024-07-06,2024-07-06,MOHAMED SANOOJ T K,False,2024-07-06,396289.0,1.0,0.0,20.0,0.0,1.0,1
Normal/Others,WS/MP096/2024-2025/145349,Kerala,MALAPPURAM,Shri Abdul Wahab (2021-27) (2021-2027),Elected MP,"Construction of Munderi - Thorappa melethilmukku road/pathway, Ward No.02, Pothukkal Panchayat",2024-10-04,412752.0,2024-11-28,412752.0,Physical Inspection,1.0,412752.0,412752.0,412752.0,2024-12-07,2024-12-07,Niyas E,True,2024-12-07,412752.0,1.0,0.0,55.0,0.0,9.0,1
Normal/Others,WS/MP096/2024-2025/145596,Kerala,MALAPPURAM,Shri Abdul Wahab (2021-27) (2021-2027),Elected MP,"Construction of Puthuparamb sub center road/pathway, Ward No. 03, Edarikode Panchayat",2024-10-05,381886.0,2025-01-28,381886.0,Physical Inspection,1.0,381886.0,381886.0,381886.0,2025-01-28,2025-01-28,KOYAKUTTY P,True,2025-01-28,381886.0,1.0,0.0,115.0,0.0,0.0,1
Normal/Others,WS/MP096/2024-2025/145597,Kerala,MALAPPURAM,Shri Abdul Wahab (2021-27) (2021-2027),Elected MP,"Construction of PTMH road/pathway, Ward No. 16, Cheriyamundam Panchayat",2024-10-05,281103.0,2024-11-28,281103.0,Physical Inspection,1.0,281103.0,281103.0,281103.0,2025-05-15,2025-05-15,JABIR JASEEM P,True,2025-05-15,281103.0,1.0,0.0,54.0,0.0,168.0,1
Normal/Others,WS/MP096/2025-2026/145598,Kerala,MALAPPURAM,Shri Abdul Wahab (2021-27) (2021-2027),Elected MP,"Construction of Chuttuvattam West Road/pathway, Ward No. 22, Angadipuram Panchayat",2024-10-05,430334.0,2025-04-25,430334.0,Physical Inspection,1.0,430334.0,430334.0,430334.0,2025-04-26,2025-04-26,MOHAMMED SHAMEER,True,2025-04-26,430334.0,1.0,0.0,202.0,0.0,1.0,1
Normal/Others,WS/MP096/2024-2025/145351,Kerala,MALAPPURAM,Shri Abdul Wahab (2021-27) (2021-2027),Elected MP,"Construction of Ummerkoya - Muhammed haji road /pathway 2nd reach, ward No. 03, Kalikavu Panchayat",2024-10-04,472899.0,2024-12-12,472899.0,Physical Inspection,1.0,472899.0,472899.0,472899.0,2025-08-04,2025-08-04,MOHAMAD A,True,2025-07-07,472899.0,1.0,0.0,69.0,0.0,207.0,1
Normal/Others,WS/MP096/2024-2025/145352,Kerala,MALAPPURAM,Shri Abdul Wahab (2021-27) (2021-2027),Elected MP,"Construction of Paattakarambu ST Colony road /pathway, ward No. 07, Amarambalam Panchayat (ST)",2024-10-04,482509.0,2024-12-12,482509.0,Physical Inspection,1.0,482509.0,482509.0,482509.0,2025-04-03,2025-04-03,SHAUKKATHALI,True,2025-04-03,482509.0,1.0,0.0,69.0,0.0,112.0,1
Normal/Others,WS/MP096/2024-2025/145353,Kerala,MALAPPURAM,Shri Abdul Wahab (2021-27) (2021-2027),Elected MP,"Construction of Madrasa Anangot chola road/pathway, Ward No. 12, Pulamanthole Panchayat",2024-10-04,491654.0,2025-03-28,491654.0,Physical Inspection,1.0,491654.0,491654.0,491654.0,2025-03-29,2025-03-29,Bilshad,True,2025-03-29,491654.0,1.0,0.0,175.0,0.0,1.0,1
Normal/Others,WS/MP096/2024-2025/145592,Kerala,MALAPPURAM,Shri Abdul Wahab (2021-27) (2021-2027),Elected MP,"Construction of Illathparamb road/pathway, Othukku ngal Panchayat",2024-10-05,445816.0,2024-12-12,445816.0,Physical Inspection,1.0,445816.0,445816.0,445816.0,2025-12-18,2025-12-18,Shahul Hameed,True,2025-12-18,445816.0,1.0,0.0,68.0,0.0,371.0,1
Normal/Others,WS/MP096/2024-2025/145593,Kerala,MALAPPURAM,Shri Abdul Wahab (2021-27) (2021-2027),Elected MP,"Construction of Kalathingalpadi Anganvadi road /pathway, Ward No. 05, Anakayam Panachayat",2024-10-05,275899.0,2024-12-12,275899.0,Physical Inspection,1.0,275899.0,275899.0,275899.0,2025-01-20,2025-01-20,KUNCHI MOIDU K K,True,2025-01-18,275899.0,1.0,0.0,68.0,0.0,37.0,1
Normal/Others,WS/MP096/2024-2025/145594,Kerala,MALAPPURAM,Shri Abdul Wahab (2021-27) (2021-2027),Elected MP,"Construction of Thamiyedathil – Kalladiyil road/pathway, Ward No. 23, Anakayam Panchayat",2024-10-05,398750.0,2024-12-12,398750.0,Physical Inspection,1.0,398750.0,398750.0,398750.0,2025-03-11,2025-03-11,HANEEFA K V,True,2025-03-11,398750.0,1.0,0.0,68.0,0.0,89.0,1
Normal/Others,WS/MP096/2024-2025/145608,Kerala,MALAPPURAM,Shri Abdul Wahab (2021-27) (2021-2027),Elected MP,"Construction of Pattakarimb ST Colony road /pathway, ward no.07, Amarambalam Panchayat (ST)",2024-10-05,1799264.0,2024-12-12,1799264.0,Physical Inspection,1.0,1799264.0,1799264.0,1799264.0,2026-03-07,2026-03-07,IQUBAL T K,True,2026-03-07,1799264.0,1.0,0.0,68.0,0.0,450.0,1
Normal/Others,WS/MP096/2025-2026/145609,Kerala,MALAPPURAM,Shri Abdul Wahab (2021-27) (2021-2027),Elected MP,"Construction of Cheenipadi junction – Keeran colony road/pathway, Ward No. 12, Karulai Panchayat",2024-10-05,759612.0,2025-10-31,759612.0,Physical Inspection,1.0,759612.0,759612.0,759612.0,2025-11-07,2025-11-07,IQUBAL T K,True,2025-11-07,759612.0,1.0,0.0,391.0,0.0,7.0,1
Normal/Others,WS/MP096/2025-2026/145611,Kerala,MALAPPURAM,Shri Abdul Wahab (2021-27) (2021-2027),Elected MP,Ramankuth under passage – construction of retaining wall and approach road work in Nilambur Municipality (Ward No.20),2024-10-05,3946603.0,2025-07-01,3946603.0,Physical Inspection,3.0,3946603.0,1315534.3333333333,2731500.0,2025-07-15,2026-08-04,TROWEL CONSTRUCTIONS PRIVATE LIMITED | Secretary  Nilambur Municipality,False,2025-07-15,3946603.0,1.0,0.0,269.0,385.0,14.0,2
Normal/Others,WS/MP096/2024-2025/145600,Kerala,MALAPPURAM,Shri Abdul Wahab (2021-27) (2021-2027),Elected MP,"Construction of Karinthar – TP Colony road/pathway, Ward No. 13, Karulai Panchayat",2024-10-05,366609.0,2024-12-12,366609.0,Physical Inspection,1.0,366609.0,366609.0,366609.0,2026-03-05,2026-03-05,RAHINA MADASSERY,True,2026-03-05,366609.0,1.0,0.0,68.0,0.0,448.0,1
Normal/Others,WS/MP096/2025-2026/145601,Kerala,MALAPPURAM,Shri Abdul Wahab (2021-27) (2021-2027),Elected MP,"Construction of Kakkad – Pottippara road/pathway, Ward no. 15, Pulamanthole Panchayat",2024-10-05,291576.0,2025-09-26,291576.0,Physical Inspection,1.0,291576.0,291576.0,291576.0,2025-11-05,2025-11-05,M C ABDULNASAR,True,2025-11-05,291576.0,1.0,0.0,356.0,0.0,40.0,1
Normal/Others,WS/MP096/2025-2026/181145,Kerala,MALAPPURAM,Shri Abdul Wahab (2021-27) (2021-2027),Elected MP,"Construction of Thanikkal Thozhuthumpilakkal road Ward No.10, Valiyad Side Kodur Panchayath",2025-03-12,500223.0,2026-01-15,500223.0,Physical Inspection,1.0,500223.0,500223.0,500223.0,2026-07-01,2026-07-01,Shamsudheen K,True,2026-08-06,500223.0,1.0,0.0,309.0,0.0,203.0,1
Normal/Others,WS/MP096/2025-2026/177185,Kerala,MALAPPURAM,Shri Abdul Wahab (2021-27) (2021-2027),Elected MP,"Construction of Parekkad Kadooran road or pathway, Ward No. 03, Chaliyar Panchayat",2025-02-24,600000.0,2026-01-14,600000.0,Sanction,,,,,,,,,,,,0.0,324.0,,,0
Normal/Others,WS/MP096/2025-2026/177186,Kerala,MALAPPURAM,Shri Abdul Wahab (2021-27) (2021-2027),Elected MP,"Construction of Vettekkode Masjidnnoor road pathway, Ward No.11, Chaliyar Panchayat",2025-02-24,300000.0,2026-01-14,300000.0,Sanction,,,,,,,,,,,,0.0,324.0,,,0
Normal/Others,WS/MP096/2025-2026/177187,Kerala,MALAPPURAM,Shri Abdul Wahab (2021-27) (2021-2027),Elected MP,"Construction of Myladi Pallipadi ring road or pathway, Ward No.08, Chaliyar Panchayat",2025-02-24,600000.0,2026-01-14,600000.0,Sanction,,,,,,,,,,,,0.0,324.0,,,0
Normal/Others,WS/MP096/2025-2026/177188,Kerala,MALAPPURAM,Shri Abdul Wahab (2021-27) (2021-2027),Elected MP,"Construction of Kizhakke Kaipalli Colony road  or pathway, Ward No.15, Pothukallu panchayat",2025-02-24,766850.0,2026-01-14,766850.0,Physical Inspection,1.0,766850.0,766850.0,766850.0,2026-07-02,2026-07-02,Binu M George,True,2026-08-06,766850.0,1.0,0.0,324.0,0.0,204.0,1
Normal/Others,WS/MP096/2025-2026/177198,Kerala,MALAPPURAM,Shri Abdul Wahab (2021-27) (2021-2027),Elected MP,"Construction of Kotayil Akaipotta road or pathway, Wad No. 01 Vazhayoor Panchayat",2025-02-24,391909.0,2026-01-13,391909.0,Physical Inspection,1.0,391909.0,391909.0,391909.0,2026-08-01,2026-08-01,ABDUL LATHEEF K,True,2026-08-18,391909.0,1.0,0.0,323.0,0.0,217.0,1
Normal/Others,WS/MP096/2025-2026/177209,Kerala,MALAPPURAM,Shri Abdul Wahab (2021-27) (2021-2027),Elected MP,"Construction of Valanthode  Kandillapara ST Colony road or pathway, Ward No.01, Chaliyar Panchayat",2025-02-24,600000.0,2026-01-14,600000.0,Sanction,,,,,,,,,,,,0.0,324.0,,,0
Normal/Others,WS/MP096/2025-2026/240461,Kerala,MALAPPURAM,Shri Abdul Wahab (2021-27) (2021-2027),Elected MP,"Construction of Parakkapadam  Paramala road or pathway, Ward No.15, Amarambalam Panchayat",2025-10-07,250000.0,2026-01-14,250000.0,Sanction,,,,,,,,,,,,0.0,99.0,,,0
Normal/Others,WS/MP096/2025-2026/240462,Kerala,MALAPPURAM,Shri Abdul Wahab (2021-27) (2021-2027),Elected MP,"Construction of Ellumparamb  Ponamkallu road or pathway, Ward No.06, Amarambalam Panchayat",2025-10-07,250000.0,2026-01-14,250000.0,Sanction,,,,,,,,,,,,0.0,99.0,,,0
Normal/Others,WS/MP096/2026-2027/240463,Kerala,MALAPPURAM,Shri Abdul Wahab (2021-27) (2021-2027),Elected MP,"Construction of Shanipadi road or pathway, Ward No.13, Amarambalam Panchayat",2025-10-07,200000.0,2026-05-23,200000.0,Sanction,,,,,,,,,,,,0.0,228.0,,,0
Normal/Others,WS/MP096/2025-2026/240465,Kerala,MALAPPURAM,Shri Abdul Wahab (2021-27) (2021-2027),Elected MP,"Construction of Muthukad Arjundas Smaraka road or pathway, Ward no.21, Nilambur Municipality",2025-10-07,420000.0,2026-02-23,420000.0,Sanction,,,,,,,,,,,,0.0,139.0,,,0
Normal/Others,WS/MP096/2025-2026/181252,Kerala,MALAPPURAM,Shri Abdul Wahab (2021-27) (2021-2027),Elected MP,"Construction of Churangara Tharayilpeedika parakuzhi road or  pathway, Ward No 15, Ozhur Panchayath",2025-03-12,818016.0,2026-01-14,818016.0,Physical Inspection,1.0,818016.0,818016.0,818016.0,2026-05-16,2026-05-16,JABIR JASEEM P,True,2026-05-12,818016.0,1.0,0.0,308.0,0.0,118.0,1
Normal/Others,WS/MP096/2025-2026/181254,Kerala,MALAPPURAM,Shri Abdul Wahab (2021-27) (2021-2027),Elected MP,"Puliyakkode Sadh Gramam Road Side Protection and Puliyakkode Sadh Gramam Vayal Road Concrete and Side Protection, Ward No.05,Porur Panchayath",2025-03-12,1122289.0,2026-01-15,1122289.0,Physical Inspection,1.0,1122289.0,1122289.0,1122289.0,2026-08-06,2026-08-06,MUHAMMED SHAFI VEMMULLY,True,2026-08-11,1122289.0,1.0,0.0,309.0,0.0,208.0,1
Normal/Others,WS/MP096/2025-2026/181257,Kerala,MALAPPURAM,Shri Abdul Wahab (2021-27) (2021-2027),Elected MP,"Construction of Kunnummal colony - Puthan peedikathodika road or pathway, Ward No.08, Thazhekode Panchayat",2025-03-12,1000000.0,2026-01-14,1000000.0,Sanction,,,,,,,,,,,,0.0,308.0,,,0
Normal/Others,WS/MP096/2025-2026/182268,Kerala,MALAPPURAM,Shri Abdul Wahab (2021-27) (2021-2027),Elected MP,"Construction of Kuttpulikkal road or pathway, Ward No.03, Anakkayam Panchayath",2025-03-16,288130.0,2026-01-14,288130.0,Physical Inspection,1.0,288130.0,288130.0,288130.0,2026-08-06,2026-08-06,Shahul Hameed,True,2026-08-19,288130.0,1.0,0.0,304.0,0.0,217.0,1
Normal/Others,WS/MP096/2025-2026/182269,Kerala,MALAPPURAM,Shri Abdul Wahab (2021-27) (2021-2027),Elected MP,"Construction of Neendarathil Colony Mattai road or pathway, Ward No.03, Pookottur Panchayath",2025-03-16,474937.0,2026-01-14,474937.0,Physical Inspection,1.0,474937.0,474937.0,474937.0,2026-08-10,2026-08-10,Kunhayammu M,True,2026-08-19,474937.0,1.0,0.0,304.0,0.0,217.0,1
Normal/Others,WS/MP096/2024-2025/137103,Kerala,MALAPPURAM,Shri Abdul Wahab (2021-27) (2021-2027),Elected MP,"Setting up of Furniture and white board for Govt. Model pre-school, Jawahar Colony, Ward no. 06, Nilambur Municipality (SC)",2024-08-26,48931.0,2025-02-14,48931.0,Physical Inspection,1.0,48931.0,48931.0,48931.0,2025-02-14,2025-02-14,Manager,True,2025-02-14,48931.0,1.0,0.0,172.0,0.0,0.0,1
Normal/Others,WS/MP096/2026-2027/145613,Kerala,MALAPPURAM,Shri Abdul Wahab (2021-27) (2021-2027),Elected MP,"Setting up of Furniture for Govt. Model Pre-school, Jawahar colony, Ward No.06, Nilambur Municipality (SC)",2024-10-05,49000.0,2026-08-04,49000.0,Physical Inspection,1.0,48212.0,48212.0,48212.0,2026-08-24,2026-08-24,Manager,,,,0.9839183673469388,0.0,668.0,0.0,,1
Normal/Others,WS/MP096/2025-2026/145615,Kerala,MALAPPURAM,Shri Abdul Wahab (2021-27) (2021-2027),Elected MP,"Purchasing of Books for Govt. Model Pre-school, Jawahar colony, Ward No.06, Nilambur Municipality   (SC)",2024-10-05,30000.0,2025-05-21,30000.0,Physical Inspection,1.0,30000.0,30000.0,30000.0,2025-05-24,2025-05-24,Edutex Enterprises,True,2025-05-24,30000.0,1.0,0.0,228.0,0.0,3.0,1
Normal/Others,WS/MP096/2024-2025/145595,Kerala,MALAPPURAM,Shri Abdul Wahab (2021-27) (2021-2027),Elected MP,"Installation of sound system at Govt. UP School, Myladi, Ward No. 08, Chaliyar Panchayat",2024-10-05,112580.0,2024-12-12,112580.0,Physical Inspection,1.0,112580.0,112580.0,112580.0,2026-03-21,2026-03-21,Sidhikul Akbar Pathari,True,2026-03-19,112580.0,1.0,0.0,68.0,0.0,462.0,1
Normal/Others,WS/MP096/2025-2026/243720,Kerala,MALAPPURAM,Shri Abdul Wahab (2021-27) (2021-2027),Elected MP,Setting up of Mobile Animal Facilitation unit for the tribal famiies in Nilambur Taluk of Malappuram district through the Extension centre of Kerala Veterinary University,2025-10-24,2498901.0,2025-11-14,2498901.0,Physical Inspection,16.0,2498901.0,156181.3125,1530567.0,2025-12-20,2026-06-16,Sakhariya Sadique Madhurakkariyan | The Digital Hub | Chemind Chemicals | Blue Dart Diagnostics | Biomart Diagnostics and Surgicals | QUBEC BIOSOLUTIONS PRIVATE LIMITED | Manager | Tricare Service Solution | ASK FOR IT SOLUTION | MICROGENE DIAGNOSTIC SYSTEMS PVT LTD | Mahindra And Mahindra Limited | Auro Biotechnologies Pvt Ltd | Showkathali Vadakkumpadam,True,2026-08-06,2498901.0,1.0,0.0,21.0,178.0,265.0,13
Normal/Others,WS/MP096/2024-2025/164712,Kerala,MALAPPURAM,Shri Abdul Wahab (2021-27) (2021-2027),Elected MP,"Purchasing of School bus for JNRHSS, Edavanna Ward No. 08, Edavanna Panchayat.",2025-01-10,2200000.0,2025-01-13,2200000.0,Physical Inspection,2.0,2200000.0,1100000.0,2147600.0,2025-01-14,2025-01-20,MAHINDRA AND MAHINDRA LIMITED | PRINCIPAL OF JNR GIRLS HIGHER SECONDARY SCHOOL,True,2025-01-14,2200000.0,1.0,0.0,3.0,6.0,1.0,2
Normal/Others,WS/MP096/2025-2026/174811,Kerala,MALAPPURAM,Shri Abdul Wahab (2021-27) (2021-2027),Elected MP,"Setting up Multimedia Projectors for GUP School Vettecode, Manjeri Municipality",2025-02-10,348402.0,2025-04-11,348402.0,Physical Inspection,1.0,348402.0,348402.0,348402.0,2025-07-03,2025-07-03,KELTRON,True,2025-07-03,348402.0,1.0,0.0,60.0,0.0,83.0,1
Normal/Others,WS/MP096/2025-2026/237609,Kerala,MALAPPURAM,Shri Abdul Wahab (2021-27) (2021-2027),Elected MP,"Construction of Playground at GMLP School, Mapprom, Vazhakkad Panchayat",2025-09-25,2500000.0,2026-01-14,2500000.0,Sanction,,,,,,,,,,,,0.0,111.0,,,0
Normal/Others,WS/MP096/2024-2025/137099,Kerala,MALAPPURAM,Shri Abdul Wahab (2021-27) (2021-2027),Elected MP,"1.	Purchasing of Computers and accessories for GVHSS, Kalpakanchery, Ward No. 12, Kalpakanchery Panchayat",2024-08-26,500000.0,2024-09-19,500000.0,Physical Inspection,1.0,500000.0,500000.0,500000.0,2024-09-19,2024-09-19,REBIN JACOB,True,2026-01-29,500000.0,1.0,0.0,24.0,0.0,497.0,1
Normal/Others,WS/MP096/2024-2025/145350,Kerala,MALAPPURAM,Shri Abdul Wahab (2021-27) (2021-2027),Elected MP,"Purchasing of Computers, printer and projector to GLPS Pallisseri, Ward No. 4, Kalikavu Panchayat",2024-10-04,500000.0,2024-11-28,500000.0,Work partially Completed,2.0,333985.0,166992.5,303990.0,2024-12-04,2024-12-04,CBS Corporate Business Solution Private Limited | ADVANCE INFOSOLUTIONS PVT LTD,,,,0.66797,0.0,55.0,0.0,,2
Normal/Others,WS/MP096/2025-2026/156314,Kerala,MALAPPURAM,Shri Abdul Wahab (2021-27) (2021-2027),Elected MP,"Purchasing of computers and accessories for KMHS School Karulai, Karulai Panchayat",2024-12-01,528105.0,2025-04-11,528105.0,Physical Inspection,1.0,528105.0,528105.0,528105.0,2025-07-03,2025-07-03,KELTRON,True,2025-05-22,528105.0,1.0,0.0,131.0,0.0,41.0,1
Normal/Others,WS/MP096/2025-2026/156316,Kerala,MALAPPURAM,Shri Abdul Wahab (2021-27) (2021-2027),Elected MP,"Purchasing of Computers and accessories for AMLP School, Pullancheri, Ward no.28, Manjeri Municipality",2024-12-01,350000.0,2025-04-11,350000.0,Physical Inspection,1.0,350000.0,350000.0,350000.0,2025-07-03,2025-07-03,KELTRON,True,2025-05-22,350000.0,1.0,0.0,131.0,0.0,41.0,1
Normal/Others,WS/MP096/2025-2026/156429,Kerala,MALAPPURAM,Shri Abdul Wahab (2021-27) (2021-2027),Elected MP,"Purchasing of computers and accessories for Bharath Matha AUPS, Muthukad, Ward No. 21, Nilambur Municipality",2024-12-02,200000.0,2025-07-04,200000.0,Physical Inspection,1.0,200000.0,200000.0,200000.0,2025-08-13,2025-08-13,KELTRON,True,2025-08-13,200000.0,1.0,0.0,214.0,0.0,40.0,1
Normal/Others,WS/MP096/2024-2025/149762,Kerala,MALAPPURAM,Shri Abdul Wahab (2021-27) (2021-2027),Elected MP,"Installation of Sound system at GLPS Poolappadam, Ward No.15, Pothukkal Panchayat",2024-10-29,300000.0,2024-11-20,300000.0,Physical Inspection,1.0,300000.0,300000.0,300000.0,2024-11-28,2024-11-28,AJEESH AVUNHIPURAM,True,2024-11-28,300000.0,1.0,0.0,22.0,0.0,8.0,1
Normal/Others,WS/MP096/2025-2026/181261,Kerala,MALAPPURAM,Shri Abdul Wahab (2021-27) (2021-2027),Elected MP,"Purchasing of Computers for GLPS, Pathiri padam, Edakkara Panchayat",2025-03-12,660000.0,2026-01-14,660000.0,Physical Inspection,1.0,660000.0,660000.0,660000.0,2026-03-23,2026-03-23,KELTRON,True,2026-03-23,660000.0,1.0,0.0,308.0,0.0,68.0,1
Normal/Others,WS/MP096/2025-2026/181262,Kerala,MALAPPURAM,Shri Abdul Wahab (2021-27) (2021-2027),Elected MP,"Purchasing of Computers for GMLP School, Mampad, Mampad Panchayat",2025-03-12,141750.0,2026-01-15,141750.0,Physical Inspection,1.0,141750.0,141750.0,141750.0,2026-03-14,2026-03-14,IT PROFESSIONALS CO OPERATIVE SOCEITY,True,2026-03-14,141750.0,1.0,0.0,309.0,0.0,58.0,1
Normal/Others,WS/MP096/2025-2026/181264,Kerala,MALAPPURAM,Shri Abdul Wahab (2021-27) (2021-2027),Elected MP,"Setting up of Smart TV at Devadhar ALP School, Pulliyil, Ward no.01, Karulai Panchayat",2025-03-12,199933.0,2026-01-14,199933.0,Physical Inspection,1.0,199933.0,199933.0,199933.0,2026-06-27,2026-06-27,KELTRON,True,2026-07-30,199933.0,1.0,0.0,308.0,0.0,197.0,1
Normal/Others,WS/MP096/2025-2026/220607,Kerala,MALAPPURAM,Shri Abdul Wahab (2021-27) (2021-2027),Elected MP,"Setting up of Smart classrooms at Govt. UP School, Myladi, Chaliyar Panchayat",2025-07-21,300000.0,2026-01-14,300000.0,Sanction,,,,,,,,,,,,0.0,177.0,,,0
Normal/Others,WS/MP096/2025-2026/220614,Kerala,MALAPPURAM,Shri Abdul Wahab (2021-27) (2021-2027),Elected MP,"Purchasing of Computers for Munda muslim orphanage LP School, ward no.18, Vazhikadavu Panchayat",2025-07-21,500000.0,2026-01-14,500000.0,Sanction,,,,,,,,,,,,0.0,177.0,,,0
Trust and Society,WS/MP096/2026-2027/295064,Kerala,MALAPPURAM,Shri Abdul Wahab (2021-27) (2021-2027),Elected MP,"Setting up of Lift at Pulikkottil Hyder Smaraka Kala Padana Kendram, Wandoor Panchayat",2026-07-14,2200000.0,2026-07-17,2200000.0,Work partially Completed,1.0,1159461.0,1159461.0,1159461.0,2026-07-17,2026-07-17,SPRING FIELD DEVELOPERS,,,,0.5270277272727273,0.0,3.0,0.0,,1
Normal/Others,WS/MP096/2026-2027/190800,Kerala,MALAPPURAM,Shri Abdul Wahab (2021-27) (2021-2027),Elected MP,"Construction of Multipurpose community hall at Chelasserikunnu ST Nagar, Ward No.28, Nilambur Municipality",2025-04-12,2000000.0,2026-05-15,2000000.0,Sanction,,,,,,,,,,,,0.0,398.0,,,0
Normal/Others,WS/MP096/2025-2026/145348,Kerala,MALAPPURAM,Shri Abdul Wahab (2021-27) (2021-2027),Elected MP,"Construction of a portion of the first storey building of C H Mohammed Koya Chair for Studies on Developing Societies at University of Calicut, Ward No.22, Pallikkal Panchayat",2024-10-04,2317482.0,2025-07-23,2317482.0,Physical Inspection,2.0,2317482.0,1158741.0,1914403.0,2026-05-05,2026-07-16,REJEESH M | SAAD BIN BASHEER,True,2026-07-30,2317482.0,1.0,0.0,292.0,72.0,372.0,2
Normal/Others,WS/MP096/2026-2027/288359,Kerala,MALAPPURAM,Shri Abdul Wahab (2021-27) (2021-2027),Elected MP,"Construction of Building for the CH Mohammed Koya Chair for studies on Developing Societies, University of Calicut, Pallikkal Panchayath (Construction of balance portion of the first floor of the building)",2026-06-23,1500000.0,2026-07-16,1500000.0,Sanction,,,,,,,,,,,,0.0,23.0,,,0
Normal/Others,WS/MP096/2024-2025/145347,Kerala,MALAPPURAM,Shri Abdul Wahab (2021-27) (2021-2027),Elected MP,"Construction of side protection wall at town square, Wandoor, ward no. 19, Wandoor Panchayat",2024-10-04,500000.0,2024-11-28,500000.0,Sanction,,,,,,,,,,,,0.0,55.0,,,0
Trust and Society,WS/MP096/2025-2026/234148,Kerala,MALAPPURAM,Shri Abdul Wahab (2021-27) (2021-2027),Elected MP,"Construction of Compound wall for Sayyid Muhammed Ali Shihab Thangal Memorial Arts and Science Womens College, Ward no.15, Athavanad Panchayath.",2025-09-15,2582051.0,2025-09-22,2582051.0,Physical Inspection,1.0,2582051.0,2582051.0,2582051.0,2025-10-24,2025-10-24,JAFAR,True,2025-10-24,2582051.0,1.0,0.0,7.0,0.0,32.0,1
Normal/Others,WS/MP096/2025-2026/145605,Kerala,MALAPPURAM,Shri Abdul Wahab (2021-27) (2021-2027),Elected MP,"Construction of additional rooms for magistrate court, Nilambur. Ward no. 33, Nilambur Municipality.",2024-10-05,286028.0,2025-04-11,286028.0,Physical Inspection,1.0,286028.0,286028.0,286028.0,2025-05-14,2025-05-14,Sakkeer K,True,2025-05-06,286028.0,1.0,0.0,188.0,0.0,25.0,1
Normal/Others,WS/MP096/2026-2027/182272,Kerala,MALAPPURAM,Shri Abdul Wahab (2021-27) (2021-2027),Elected MP,"Purchasing of Inflatable Boad (Rubber Dinghy) with Outboard Engine at Flood Disaster Area, Fire and Rescue Station Nilambur, Nilambur Municipality",2025-03-16,700000.0,2026-05-15,700000.0,Sanction,,,,,,,,,,,,0.0,425.0,,,0
Normal/Others,WS/MP096/2026-2027/269642,Kerala,MALAPPURAM,Shri Abdul Wahab (2021-27) (2021-2027),Elected MP,"Construction of Bus Stop Cabin at Kodathipadi, Nilambur Municipality",2026-02-19,1500000.0,2026-05-15,1500000.0,Sanction,,,,,,,,,,,,0.0,85.0,,,0
Normal/Others,WS/MP096/2025-2026/220993,Kerala,MALAPPURAM,Shri Abdul Wahab (2021-27) (2021-2027),Elected MP,"Construction of Puliyattukulam Smart road or pathway, Ward No.13, Kodur Panchayat",2025-07-22,333280.0,2026-01-15,333280.0,Physical Inspection,1.0,333280.0,333280.0,333280.0,2026-06-24,2026-06-24,Shamsudheen K,True,2026-08-06,333280.0,1.0,0.0,177.0,0.0,203.0,1
Normal/Others,WS/MP096/2025-2026/220994,Kerala,MALAPPURAM,Shri Abdul Wahab (2021-27) (2021-2027),Elected MP,"Construction of Malaparamb - Vallanchira road or pathway, Ward no. 14, Anakkayam Panchayat",2025-07-22,400000.0,2026-03-06,400000.0,Sanction,,,,,,,,,,,,0.0,227.0,,,0
Normal/Others,WS/MP096/2025-2026/220997,Kerala,MALAPPURAM,Shri Abdul Wahab (2021-27) (2021-2027),Elected MP,"Construction of CNG Kalamkunnu road or pathway, Ward No.17, Vazhikadavu Panchayat",2025-07-22,500000.0,2026-01-14,500000.0,Sanction,,,,,,,,,,,,0.0,176.0,,,0
Normal/Others,WS/MP096/2025-2026/220998,Kerala,MALAPPURAM,Shri Abdul Wahab (2021-27) (2021-2027),Elected MP,"Construction of Pokkattukuzhi  Perunnamkunnu Link road or pathway, ward no.04, Irimbiliyam Panchayat",2025-07-22,770929.0,2026-01-14,770929.0,Physical Inspection,1.0,770929.0,770929.0,770929.0,2026-04-27,2026-04-27,YOUSUF CHUNKATH,True,2026-07-30,770929.0,1.0,0.0,176.0,0.0,197.0,1
Repair and Renovation,WS/MP096/2026-2027/221003,Kerala,MALAPPURAM,Shri Abdul Wahab (2021-27) (2021-2027),Elected MP,"Construction of Onnapuda Cheerambathur Parappil road or pathway, Ward No.05, Moorkkanad Panchayat",2025-07-22,1500000.0,2026-07-16,1500000.0,Sanction,,,,,,,,,,,,0.0,359.0,,,0
Normal/Others,WS/MP096/2025-2026/221007,Kerala,MALAPPURAM,Shri Abdul Wahab (2021-27) (2021-2027),Elected MP,"Construction of Njanjipoyi - Elassery road or pathway, ward no.19, Urgattiri Panchayat",2025-07-22,500000.0,2026-01-15,500000.0,Sanction,,,,,,,,,,,,0.0,177.0,,,0
Normal/Others,WS/MP096/2025-2026/221008,Kerala,MALAPPURAM,Shri Abdul Wahab (2021-27) (2021-2027),Elected MP,"Construction of Palode - Mulanppilakkal road or pathway, ward no.19, Urgattiri Panchayat",2025-07-22,256570.0,2026-01-15,256570.0,Physical Inspection,1.0,256570.0,256570.0,256570.0,2026-05-08,2026-05-08,ISMAAIL P,False,2026-05-08,256570.0,1.0,0.0,177.0,0.0,113.0,1
Normal/Others,WS/MP096/2025-2026/221013,Kerala,MALAPPURAM,Shri Abdul Wahab (2021-27) (2021-2027),Elected MP,"Construction of Parammal Anganvadi - Parachina road or pathway, ward no. 12, Kodur Panchayat",2025-07-22,399174.0,2026-01-15,399174.0,Physical Inspection,1.0,399174.0,399174.0,399174.0,2026-03-27,2026-03-27,Shamsudheen K,False,2026-03-27,399174.0,1.0,0.0,177.0,0.0,71.0,1
Normal/Others,WS/MP096/2025-2026/269646,Kerala,MALAPPURAM,Shri Abdul Wahab (2021-27) (2021-2027),Elected MP,"Construction of Plywood Palanthodi road or pathway, Ward No.5, Manjeri Municipality",2026-02-19,500000.0,2026-03-16,500000.0,Sanction,,,,,,,,,,,,0.0,25.0,,,0
Normal/Others,WS/MP096/2025-2026/257544,Kerala,MALAPPURAM,Shri Abdul Wahab (2021-27) (2021-2027),Elected MP,"Construction of Side protection of Theatre road, ward no.02, Karulai Panchayat",2026-01-06,750000.0,2026-03-17,750000.0,Sanction,,,,,,,,,,,,0.0,70.0,,,0
Normal/Others,WS/MP096/2025-2026/237553,Kerala,MALAPPURAM,Shri Abdul Wahab (2021-27) (2021-2027),Elected MP,"Construction of Muppini  Nanipadi road or pathway, Ward no.14, Edakkara Panchayat",2025-09-25,500000.0,2026-01-14,500000.0,Sanction,,,,,,,,,,,,0.0,111.0,,,0
Normal/Others,WS/MP096/2025-2026/237554,Kerala,MALAPPURAM,Shri Abdul Wahab (2021-27) (2021-2027),Elected MP,"Construction of Valoringal Anganvadi road or pathway, Ward no.08, Thiruvali Panchayat",2025-09-25,250000.0,2026-02-09,250000.0,Sanction,,,,,,,,,,,,0.0,137.0,,,0
Normal/Others,WS/MP096/2024-2025/145345,Kerala,MALAPPURAM,Shri Abdul Wahab (2021-27) (2021-2027),Elected MP,"Purchasing of Vehicle (Mahindra Bolero) for IGMMR School, Nilambur, Ward No. 06, Nilambur Municipality (ST)",2024-10-04,916838.0,2025-01-13,916838.0,Physical Inspection,1.0,916838.0,916838.0,916838.0,2025-01-15,2025-01-15,Mahindra  Ltd,True,2026-08-07,916838.0,1.0,0.0,101.0,0.0,571.0,1
Normal/Others,WS/MP096/2024-2025/137102,Kerala,MALAPPURAM,Shri Abdul Wahab (2021-27) (2021-2027),Elected MP,"Purchasing of School Bus for GLPS Vendekkumpotty, Ward No.04, Vazhikadavu Panchayat",2024-08-26,1873200.0,2024-08-30,1873200.0,Physical Inspection,2.0,1873200.0,936600.0,1800000.0,2024-09-24,2024-11-15,Silver Motors | SML ISUZU LTD,True,2024-09-24,1873200.0,1.0,0.0,4.0,52.0,25.0,2
Normal/Others,WS/MP096/2026-2027/271270,Kerala,MALAPPURAM,Shri Abdul Wahab (2021-27) (2021-2027),Elected MP,"Purchasing of Schoolbus for GUPS Eranhimangad, Chaliyar Panchayat",2026-02-26,1600000.0,2026-05-15,1600000.0,Vendor Identification,1.0,1455771.0,1455771.0,1455771.0,2026-08-09,2026-08-09,TATA MOTORS,,,,0.909856875,0.0,78.0,0.0,,1
Normal/Others,WS/MP096/2025-2026/220989,Kerala,MALAPPURAM,Shri Abdul Wahab (2021-27) (2021-2027),Elected MP,"Purchasing of School bus for JNRHSS, Edavanna Ward No. 08, Edavanna Panchayat",2025-07-22,2172209.0,2025-11-11,2172209.0,Physical Inspection,2.0,2172209.0,1086104.5,2090238.0,2026-05-15,2026-05-15,PRINCIPAL OF JNR GIRLS HIGHER SECONDARY SCHOOL | Mahindra And Mahindra Limited,True,2026-08-06,2172209.0,1.0,0.0,112.0,0.0,268.0,2
Normal/Others,WS/MP096/2025-2026/237565,Kerala,MALAPPURAM,Shri Abdul Wahab (2021-27) (2021-2027),Elected MP,"Construction of Kalathilpadi Durgadevi Kshethram road or pathway, Ward No.12, Muthuvallur Panchayat",2025-09-25,708470.0,2026-01-14,708470.0,Physical Inspection,1.0,708470.0,708470.0,708470.0,2026-08-01,2026-08-01,MOIDEEN PARA EDAPALLIYALY,True,2026-08-10,708470.0,1.0,0.0,111.0,0.0,208.0,1
Normal/Others,WS/MP096/2025-2026/237569,Kerala,MALAPPURAM,Shri Abdul Wahab (2021-27) (2021-2027),Elected MP,"Construction of Poosali road or pathway, Ward No.7, Nannammukku Panchayat",2025-09-25,395174.0,2026-01-14,395174.0,Physical Inspection,1.0,395174.0,395174.0,395174.0,2026-05-07,2026-05-07,RAFEEQ K A,False,2026-05-07,395174.0,1.0,0.0,111.0,0.0,113.0,1
Normal/Others,WS/MP096/2025-2026/237570,Kerala,MALAPPURAM,Shri Abdul Wahab (2021-27) (2021-2027),Elected MP,"Construction of Kottarath road or pathway, Ward No.7, Nannammukku Panchayat",2025-09-25,300000.0,2026-01-14,300000.0,Sanction,,,,,,,,,,,,0.0,111.0,,,0
Repair and Renovation,WS/MP096/2025-2026/238396,Kerala,MALAPPURAM,Shri Abdul Wahab (2021-27) (2021-2027),Elected MP,"Construction of Kaliyeparamb  Cholakkal road  or pathway, Ward no.12, Pookkottur panchayat",2025-09-27,473538.0,2026-01-15,473538.0,Physical Inspection,1.0,473538.0,473538.0,473538.0,2026-08-11,2026-08-11,Shihabudheen,True,2026-08-19,473538.0,1.0,0.0,110.0,0.0,216.0,1
Normal/Others,WS/MP096/2025-2026/190798,Kerala,MALAPPURAM,Shri Abdul Wahab (2021-27) (2021-2027),Elected MP,"Construction of SNDP Vasudevanpadi road or pathway, Ward No.16, Edakkara Panchayat",2025-04-12,384352.0,2026-01-14,384352.0,Physical Inspection,1.0,384352.0,384352.0,384352.0,2026-07-02,2026-07-02,Binu M George,True,2026-08-06,384352.0,1.0,0.0,277.0,0.0,204.0,1
Normal/Others,WS/MP096/2025-2026/190714,Kerala,MALAPPURAM,Shri Abdul Wahab (2021-27) (2021-2027),Elected MP,Construction of Churangara Tharayil peedika prakuzhi road to Thalakkattoor churangara road or pathway Ward no 15 Ozhur Panchayat,2025-04-12,818329.0,2026-01-14,818329.0,Physical Inspection,1.0,818329.0,818329.0,818329.0,2026-05-16,2026-05-16,JABIR JASEEM P,True,2026-05-12,818329.0,1.0,0.0,277.0,0.0,118.0,1
Repair and Renovation,WS/MP096/2025-2026/190716,Kerala,MALAPPURAM,Shri Abdul Wahab (2021-27) (2021-2027),Elected MP,Construction of Mulepadam  Alakkal  Vijaya puram road or pathway ward no 14 Chaliyar Panchayat,2025-04-12,2412739.0,2026-01-14,2412739.0,Physical Inspection,1.0,2412739.0,2412739.0,2412739.0,2026-07-17,2026-07-17,N S James,True,2026-08-06,2412739.0,1.0,0.0,277.0,0.0,204.0,1
Normal/Others,WS/MP096/2025-2026/190717,Kerala,MALAPPURAM,Shri Abdul Wahab (2021-27) (2021-2027),Elected MP,Construction of Ayanikkad Billoonikkunnu road or pathway ward no 38 Malappuram Municipality,2025-04-12,3633700.0,2026-01-16,3633700.0,Physical Inspection,1.0,3633700.0,3633700.0,3633700.0,2026-04-23,2026-04-23,PM ABDUL KAREEM,True,2026-04-23,3633700.0,1.0,0.0,279.0,0.0,97.0,1
Normal/Others,WS/MP096/2025-2026/219360,Kerala,MALAPPURAM,Shri Abdul Wahab (2021-27) (2021-2027),Elected MP,Construction of Thalipadam  Kotamala road or pathway Ward No 03 Moothedam Panchayat,2025-07-17,1000000.0,2026-01-14,1000000.0,Sanction,,,,,,,,,,,,0.0,181.0,,,0
Normal/Others,WS/MP096/2025-2026/219361,Kerala,MALAPPURAM,Shri Abdul Wahab (2021-27) (2021-2027),Elected MP,Construction of Poongalam kai  Kotamala road or pathway Ward No 15 Moothedam Panchayat,2025-07-17,1000000.0,2026-01-14,1000000.0,Sanction,,,,,,,,,,,,0.0,181.0,,,0
Normal/Others,WS/MP096/2025-2026/219368,Kerala,MALAPPURAM,Shri Abdul Wahab (2021-27) (2021-2027),Elected MP,Construction of Vadakkan Paloor Karipankunnu road or pathway Pulamanthole Panchayat,2025-07-17,500000.0,2026-01-14,500000.0,Sanction,,,,,,,,,,,,0.0,181.0,,,0
Normal/Others,WS/MP096/2025-2026/219369,Kerala,MALAPPURAM,Shri Abdul Wahab (2021-27) (2021-2027),Elected MP,Construction of Parakkadavu quarry road or pathway Ward No 15 Pulamanthole Panchayat,2025-07-17,500000.0,2026-01-14,500000.0,Sanction,,,,,,,,,,,,0.0,181.0,,,0
Normal/Others,WS/MP096/2025-2026/219370,Kerala,MALAPPURAM,Shri Abdul Wahab (2021-27) (2021-2027),Elected MP,Construction of Chemmala pump house road or pathway Ward No 17 Pulamanthole Panchayat,2025-07-17,500000.0,2026-01-14,500000.0,Sanction,,,,,,,,,,,,0.0,181.0,,,0
Normal/Others,WS/MP096/2025-2026/219371,Kerala,MALAPPURAM,Shri Abdul Wahab (2021-27) (2021-2027),Elected MP,Construction of Chakkambalam - Kizhisheri road or pathway Ward No 08 Pulamanthole Panchayat,2025-07-17,500000.0,2026-01-14,500000.0,Sanction,,,,,,,,,,,,0.0,181.0,,,0
Normal/Others,WS/MP096/2025-2026/219372,Kerala,MALAPPURAM,Shri Abdul Wahab (2021-27) (2021-2027),Elected MP,Construction of Kolliyath Anganvadi road or pathway Ward No 17 Pulamanthole Panchayat,2025-07-17,500000.0,2026-01-14,500000.0,Sanction,,,,,,,,,,,,0.0,181.0,,,0
Normal/Others,WS/MP096/2025-2026/180780,Kerala,MALAPPURAM,Shri Abdul Wahab (2021-27) (2021-2027),Elected MP,"Installing of Medium mast light at Edassery Kadavu bridge, Ward No. 02, Cheekode Panchayat",2025-03-10,318000.0,2026-01-15,318000.0,Sanction,,,,,,,,,,,,0.0,311.0,,,0
Normal/Others,WS/MP096/2024-2025/145599,Kerala,MALAPPURAM,Shri Abdul Wahab (2021-27) (2021-2027),Elected MP,"Setting of Medium mast light at Muthanthandu colony, Venthodampadi, Ward No.03, Kalikavu Panchayat (SC)",2024-10-05,318000.0,2024-12-12,318000.0,Sanction,,,,,,,,,,,,0.0,68.0,,,0
Normal/Others,WS/MP096/2026-2027/283453,Kerala,MALAPPURAM,Shri Abdul Wahab (2021-27) (2021-2027),Elected MP,"Drawing Street main line at Pattikkad West, Ward No.14, Keezhattoor Panchayat",2026-05-24,653000.0,2026-07-16,653000.0,Vendor Identification,1.0,652900.0,652900.0,652900.0,2026-07-27,2026-07-27,NON OPERATIVE REVENUE COLL ELE SEC PATTIKKAD CHUNGAM,,,,0.9998468606431853,0.0,53.0,0.0,,1
Trust and Society,WS/MP096/2025-2026/180743,Kerala,MALAPPURAM,Shri Abdul Wahab (2021-27) (2021-2027),Elected MP,"Installing of solar power plant at Sullamusalam Science College, Areekode, Areekode Panchayat",2025-03-10,948100.0,2025-07-03,948100.0,Physical Inspection,1.0,948100.0,948100.0,948100.0,2025-07-31,2025-07-31,District Engineer ANERT Malappuram,False,2025-07-31,948100.0,1.0,0.0,115.0,0.0,28.0,1
Normal/Others,WS/MP096/2025-2026/238407,Kerala,MALAPPURAM,Shri Abdul Wahab (2021-27) (2021-2027),Elected MP,"Purchasing of Books for Grama Malayalam Library and Reading room, Ward No. 05, Karulai Panchayat",2025-09-27,50000.0,2026-01-14,50000.0,Physical Inspection,1.0,50000.0,50000.0,50000.0,2026-03-07,2026-03-07,DC BOOKS,True,2026-03-07,50000.0,1.0,0.0,109.0,0.0,52.0,1
Normal/Others,WS/MP096/2025-2026/269871,Kerala,MALAPPURAM,Shri Abdul Wahab (2021-27) (2021-2027),Elected MP,"Installing of Medium mast light at Punchakunnu junction, Ward No. 07 Amarambalam Panchayat",2026-02-20,318000.0,2026-02-26,318000.0,Sanction,,,,,,,,,,,,0.0,6.0,,,0
Normal/Others,WS/MP096/2025-2026/156041,Kerala,MALAPPURAM,Shri Abdul Wahab (2021-27) (2021-2027),Elected MP,"Installation of High Mast light in front of Amal College of Advanced Studies, Myladi. Ward No 08, Chaliyar Panchayath",2024-11-30,565870.0,2026-03-17,565870.0,Physical Inspection,1.0,565870.0,565870.0,565870.0,2026-08-17,2026-08-17,DEPUTY MANAGER KELTRON,True,2026-08-11,565870.0,1.0,0.0,472.0,0.0,147.0,1
Normal/Others,WS/MP096/2024-2025/149252,Kerala,KOZHIKODE,Shri Abdul Wahab (2021-27) (2021-2027),Elected MP,"Setting up of High mast light at Vayalpeedika town, Ward no.02, Vanimal Panchayat",2024-10-24,524000.0,2024-12-07,524000.0,Physical Inspection,1.0,476000.0,476000.0,476000.0,2026-03-19,2026-03-19,DEPUTY MANAGER KELTRON,True,2026-03-18,476000.0,0.9083969465648855,0.0,44.0,0.0,466.0,1
Normal/Others,WS/MP096/2024-2025/132560,Kerala,KOZHIKODE,Shri Abdul Wahab (2021-27) (2021-2027),Elected MP,"Setting up of low mast light at Kopprakkalli, Ward Mp.17, Kadalundi Panchayath",2024-06-15,136886.0,2024-06-22,136886.0,Physical Inspection,1.0,136886.0,136886.0,136886.0,2024-07-24,2024-07-24,Kerala Electrical And Allied Engineering Company,True,2024-07-24,136886.0,1.0,0.0,7.0,0.0,32.0,1
Normal/Others,WS/MP096/2024-2025/132561,Kerala,KOZHIKODE,Shri Abdul Wahab (2021-27) (2021-2027),Elected MP,"Setting up of low mast light at Marakkattil - Srambya road Junction, Ward No.17, Kadalundi Panchayath.",2024-06-15,136886.0,2024-07-06,136886.0,Physical Inspection,1.0,136886.0,136886.0,136886.0,2024-08-22,2024-08-22,Kerala Electrical And Allied Engineering Company,True,2024-08-22,136886.0,1.0,0.0,21.0,0.0,47.0,1
Repair and Renovation,WS/MP096/2026-2027/220579,Kerala,KOZHIKODE,Shri Abdul Wahab (2021-27) (2021-2027),Elected MP,"Construction of Murichandi Thazhe - Kadameri UP School road or pathway, Ward No.06, Ayancheri Panchayat",2025-07-21,1000000.0,2026-08-10,1000000.0,Sanction,,,,,,,,,,,,0.0,385.0,,,0
Normal/Others,WS/MP096/2026-2027/246501,Kerala,KOZHIKODE,Shri Abdul Wahab (2021-27) (2021-2027),Elected MP,"Purchasing of School bus for IUM LP School, Kannoottippara, Kattipara Panchayat",2025-11-06,2000000.0,2026-05-20,2000000.0,Vendor Identification,1.0,1753560.0,1753560.0,1753560.0,2026-05-20,2026-05-20,TATA MOTORS,,,,0.87678,0.0,195.0,0.0,,1
Repair and Renovation,WS/MP096/2026-2027/237558,Kerala,KOZHIKODE,Shri Abdul Wahab (2021-27) (2021-2027),Elected MP,"Construction of Karukulathil thazhe Kannati LP School road or pathway, Ward no.11, Changaroth Panchayat",2025-09-25,1000000.0,2026-08-10,1000000.0,Sanction,,,,,,,,,,,,0.0,319.0,,,0
Normal/Others,WS/MP096/2026-2027/233087,Kerala,KOZHIKODE,Shri Abdul Wahab (2021-27) (2021-2027),Elected MP,"Construction of Chuzhalikkara Puliyarakkal road or pathway, Ward No.17, Kizhakkoth Panchayat",2025-09-12,500000.0,2026-07-13,500000.0,Physical Inspection,1.0,370111.0,370111.0,370111.0,2026-07-20,2026-07-20,MASS LABOUR CONTRACT SOCIETY LTD,True,2026-08-13,370111.0,0.740222,0.0,304.0,0.0,31.0,1
Normal/Others,WS/MP096/2024-2025/164035,Kerala,KOZHIKODE,Shri Abdul Wahab (2021-27) (2021-2027),Elected MP,"Purchasing of Computers and accessories for Farook College Autonomous, Feroke. Ramanattukara Municipality.",2025-01-07,970934.0,2025-01-10,970934.0,Physical Inspection,6.0,970934.0,161822.33333333334,724656.0,2025-01-16,2025-01-16,SJ Associates | Radha Electronics Private Limited | Hykon India Limited | Amster Business Corporation,True,2025-01-16,970934.0,1.0,0.0,3.0,0.0,6.0,4
Normal/Others,WS/MP096/2025-2026/167551,Kerala,KOZHIKODE,Shri Abdul Wahab (2021-27) (2021-2027),Elected MP,"Purchasing of School bus for Calicut orphanage ALP School Kolathara, Ward No. 42, Kozhikkode Corporation",2025-01-21,2015000.0,2025-09-09,2015000.0,Physical Inspection,2.0,1992798.0,996399.0,1923728.0,2025-09-19,2025-09-19,HEADMASTER CALICUT ORPHANAGE ALPS | SML ISUZU LTD,True,2025-09-09,1992798.0,0.9889816377171216,0.0,231.0,0.0,0.0,2
Normal/Others,WS/MP096/2026-2027/182245,Kerala,KOZHIKODE,Shri Abdul Wahab (2021-27) (2021-2027),Elected MP,"Construction of Nalupurkkal  - Puzhakkarantavida Puzhayoram road or pathway, ward no.36, Vatakara Municipality",2025-03-16,1000000.0,2026-07-23,1000000.0,Work partially Completed,1.0,946091.0,946091.0,946091.0,2026-08-04,2026-08-04,DINESAN K,,,,0.946091,0.0,494.0,0.0,,1
Normal/Others,WS/MP096/2024-2025/132558,Kerala,KOZHIKODE,Shri Abdul Wahab (2021-27) (2021-2027),Elected MP,"Construction of Kolorkkandi - Chathan parambu Temple Road/Pathway Ward No.13, Kizhariyoor Panchayat, Kozhikode District",2024-06-15,481516.0,2024-07-06,481516.0,Physical Inspection,1.0,481516.0,481516.0,481516.0,2025-02-23,2025-02-23,RAVATTAMANGALAM LCCS,True,2025-02-23,481516.0,1.0,0.0,21.0,0.0,232.0,1
Normal/Others,WS/MP096/2024-2025/146754,Kerala,KOZHIKODE,Shri Abdul Wahab (2021-27) (2021-2027),Elected MP,"Construction of Purathoottayil – Velinjiratt road /pathway, Ward No. 08, Ayancheri Panchayat",2024-10-11,890000.0,2024-12-07,890000.0,Sanction,,,,,,,,,,,,0.0,57.0,,,0
Normal/Others,WS/MP096/2025-2026/182034,Kerala,ALAPPUZHA,Shri Abdul Wahab (2021-27) (2021-2027),Elected MP,"Construction of Panoor Pallimukku beach road or pathway, ward no.14, Thrikkunnappuzha panchayath",2025-03-15,700000.0,2026-02-13,700000.0,Sanction,,,,,,,,,,,,0.0,335.0,,,0
Normal/Others,WS/MP096/2026-2027/182033,Kerala,ALAPPUZHA,Shri Abdul Wahab (2021-27) (2021-2027),Elected MP,"Laying of concrete paver blocks and Tiles with construction of drainage at Cheeramath - Pancheri road or pathway, ward no.03, Kayamkulam Municipality",2025-03-15,1500000.0,2026-05-16,1500000.0,Work partially Completed,1.0,1239866.0,1239866.0,1239866.0,2026-07-09,2026-07-09,MUHAMMED SADIQ,,,,0.8265773333333334,0.0,427.0,0.0,,1
Normal/Others,WS/MP096/2025-2026/254632,Kerala,KOLLAM,Shri Abdul Wahab (2021-27) (2021-2027),Elected MP,Supply of Electric wheel chair with accessories for a beneficiary at Vayanasala Ward with 80 percentage disability Ward No 07 Poruvazhy Panchayat,2025-12-17,500000.0,2026-02-09,500000.0,Sanction,,,,,,,,,,,,0.0,54.0,,,0
Normal/Others,WS/MP096/2025-2026/182270,Kerala,KOLLAM,Shri Abdul Wahab (2021-27) (2021-2027),Elected MP,"Construction of Tharavattathu - Kannankara Road or Pathway, Ward No.23, Thevalakkara Panchayat",2025-03-16,500000.0,2025-07-14,500000.0,Physical Inspection,1.0,400111.0,400111.0,400111.0,2026-03-17,2026-03-17,BAHULAYAN S,True,2026-03-17,400111.0,0.800222,0.0,120.0,0.0,246.0,1
Normal/Others,WS/MP096/2025-2026/182271,Kerala,KOLLAM,Shri Abdul Wahab (2021-27) (2021-2027),Elected MP,"Construction of Kodampil - Kallelibhagam road or pathway, Ward No.23, Thevalakkara Panchayat",2025-03-16,500000.0,2025-07-14,500000.0,Physical Inspection,1.0,398780.0,398780.0,398780.0,2026-05-06,2026-05-06,Rajesh Kumar S,True,2026-05-06,398780.0,0.79756,0.0,120.0,0.0,296.0,1
Normal/Others,WS/MP096/2025-2026/236435,Kerala,KOLLAM,Shri Abdul Wahab (2021-27) (2021-2027),Elected MP,"Setting up of mini mast light at Muzhangadi junction, Ward no. 03, Ochira Panchayat",2025-09-22,300000.0,2026-02-10,300000.0,Work Completed,1.0,214100.0,214100.0,214100.0,2026-02-25,2026-02-25,Kerala ELectrical and Allied Engineering,True,2026-02-24,214100.0,0.7136666666666667,0.0,141.0,0.0,14.0,1
Normal/Others,WS/MP096/2025-2026/181241,Kerala,KOLLAM,Shri Abdul Wahab (2021-27) (2021-2027),Elected MP,"Construction of Kulatharaman Foot bridge, Ward No. 20, Piravanthoor Panchayat,Kollam District",2025-03-12,700000.0,2025-04-22,700000.0,Sanction,,,,,,,,,,,,0.0,41.0,,,0
Normal/Others,WS/MP096/2025-2026/181242,Kerala,KOLLAM,Shri Abdul Wahab (2021-27) (2021-2027),Elected MP,"Setting up of Mini Mast light at Kunduman Thaikav junction, Ward No. 06, Adichanalloor Panchayat ,Kollam District",2025-03-12,290652.0,2025-04-01,290652.0,Physical Inspection,1.0,290652.0,290652.0,290652.0,2025-12-20,2025-12-20,Kerala ELectrical and Allied Engineering,False,2025-12-20,290652.0,1.0,0.0,20.0,0.0,263.0,1
Normal/Others,WS/MP096/2025-2026/181243,Kerala,KOLLAM,Shri Abdul Wahab (2021-27) (2021-2027),Elected MP,"Setting up of Mini Mast light at Chekkanazhak junction, Ward No. 17, Paravoor Municipality, Kollam District",2025-03-12,300000.0,2026-01-17,300000.0,Sanction,,,,,,,,,,,,0.0,311.0,,,0
Normal/Others,WS/MP096/2025-2026/181244,Kerala,KOLLAM,Shri Abdul Wahab (2021-27) (2021-2027),Elected MP,"Setting up of Mini Mast light at Karikonam Juma Masjid junction, Ward No. 12, Ilamad Panchayat,Kollam District",2025-03-12,198795.0,2025-05-13,198795.0,Physical Inspection,1.0,198795.0,198795.0,198795.0,2026-07-16,2026-07-16,OVONIC ENERGY ENGINEERING PVT LTD,True,2026-07-24,198795.0,1.0,0.0,62.0,0.0,437.0,1
Normal/Others,WS/MP096/2024-2025/174870,Kerala,KOLLAM,Shri Abdul Wahab (2021-27) (2021-2027),Elected MP,"Setting up of mini mast light at Kunnoothara Mukku, Ward no. 02, Padinjarekallada Panchayat",2025-02-11,295500.0,2025-03-15,295500.0,Physical Inspection,1.0,285925.0,285925.0,285925.0,2026-05-20,2026-05-20,Kerala ELectrical and Allied Engineering,,,,0.9675972927241963,0.0,32.0,0.0,,1
Normal/Others,WS/MP096/2024-2025/174069,Kerala,KOLLAM,Shri Abdul Wahab (2021-27) (2021-2027),Elected MP,"Setting up of mini mast light at Perumburam junction, Ward no. 16, Velinalloor Panchayat",2025-02-07,169597.0,2025-03-15,169597.0,Physical Inspection,1.0,169597.0,169597.0,169597.0,2026-07-16,2026-07-16,OVONIC ENERGY ENGINEERING PVT LTD,True,2026-07-24,169597.0,1.0,0.0,36.0,0.0,496.0,1
Normal/Others,WS/MP096/2024-2025/174070,Kerala,KOLLAM,Shri Abdul Wahab (2021-27) (2021-2027),Elected MP,"Setting up of mini mast light at Pulikudi junction, Ward no. 06, Velinalloor Panchayat",2025-02-07,169597.0,2025-03-15,169597.0,Physical Inspection,1.0,169597.0,169597.0,169597.0,2026-07-16,2026-07-16,OVONIC ENERGY ENGINEERING PVT LTD,True,2026-07-24,169597.0,1.0,0.0,36.0,0.0,496.0,1
Normal/Others,WS/MP096/2024-2025/174073,Kerala,KOLLAM,Shri Abdul Wahab (2021-27) (2021-2027),Elected MP,"Setting up of mini mast light at Aalinmood junction, Ward no. 19, Thrikkovilvattam Panchayat",2025-02-07,234500.0,2025-03-15,234500.0,Physical Inspection,1.0,225314.0,225314.0,225314.0,2026-05-12,2026-05-12,Kerala ELectrical and Allied Engineering,False,2026-05-11,225314.0,0.9608272921108743,0.0,36.0,0.0,422.0,1
Normal/Others,WS/MP096/2024-2025/132536,Kerala,THRISSUR,Shri Abdul Wahab (2021-27) (2021-2027),Elected MP,"Setting up of High Mast light at Potta Pattiyethukunnu Colony, Ward No.08, Pazhayannur  Panchayath (SC)",2024-06-14,492987.0,2024-09-10,492987.0,Physical Inspection,1.0,492987.0,492987.0,492987.0,2024-10-07,2024-10-07,Kerala Electrical And Allied Engineering Company,False,2024-10-07,492987.0,1.0,0.0,88.0,0.0,27.0,1
Normal/Others,WS/MP096/2024-2025/132537,Kerala,THRISSUR,Shri Abdul Wahab (2021-27) (2021-2027),Elected MP,"Setting up of High Mast light at Potta  Colony, Ward No.07, Pazhayannur  Panchayath (SC)",2024-06-14,492987.0,2024-09-10,492987.0,Physical Inspection,1.0,492987.0,492987.0,492987.0,2024-10-08,2024-10-08,Kerala Electrical And Allied Engineering Company,False,2024-10-08,492987.0,1.0,0.0,88.0,0.0,28.0,1
Normal/Others,WS/MP096/2024-2025/132557,Kerala,THRISSUR,Shri Abdul Wahab (2021-27) (2021-2027),Elected MP,"Construction of Mahatma Gandhi road / pathway Ward No.01, Engadiyoor Panchayath.",2024-06-15,1000000.0,2025-01-15,1000000.0,Sanction,,,,,,,,,,,,0.0,214.0,,,0
Normal/Others,WS/MP096/2024,Kerala,THRISSUR,Shri Abdul Wahab (2021-27) (2021-2027),Elected MP,"Purchasing books for Thalassery Grameena Vayanashala at Thalassery, Deshamangalam Panchayat",2024-06-15,50000.0,2024-09-25,50000.0,Physical Inspection,,,,,,,,True,2024-10-08,50000.0,,0.0,102.0,,13.0,0
Normal/Others,WS/MP096/2026-2027/177171,Kerala,PALAKKAD,Shri Abdul Wahab (2021-27) (2021-2027),Elected MP,"Irrigation scheme at Vaaliparamb Harijan Nagar, Ward No.01, Nellaya Panchayat",2025-02-24,300000.0,2026-08-07,300000.0,Sanction,,,,,,,,,,,,0.0,529.0,,,0
Normal/Others,WS/MP096/2024-2025/132959,Kerala,PALAKKAD,Shri Abdul Wahab (2021-27) (2021-2027),Elected MP,"Construction of Kalathumpadi - Thottappaya, road/pathway, Ward No. 04, Chalavara Panchayat",2024-07-04,238484.0,2024-12-30,238484.0,Physical Inspection,1.0,238484.0,238484.0,238484.0,2025-05-02,2025-05-02,Rajesh P,True,2025-05-02,238484.0,1.0,0.0,179.0,0.0,123.0,1
Normal/Others,WS/MP096/2024-2025/132960,Kerala,PALAKKAD,Shri Abdul Wahab (2021-27) (2021-2027),Elected MP,"Construction of Pallimukku - Chembalath colonythodu road/pathway, Ward No. 04, Chalavara Panchayat (SC)",2024-07-04,407336.0,2024-12-30,407336.0,Physical Inspection,2.0,407336.0,203668.0,252753.0,2025-04-24,2025-06-16,E K Abdulsalam,True,2025-05-30,407336.0,1.0,0.0,179.0,53.0,151.0,1
Normal/Others,WS/MP096/2024-2025/132961,Kerala,PALAKKAD,Shri Abdul Wahab (2021-27) (2021-2027),Elected MP,"Construction of Chemmatupadi road/pathway, Ward No. 1, Nellaya Panchayat (SC)",2024-07-04,422950.0,2024-11-01,422950.0,Physical Inspection,1.0,422950.0,422950.0,422950.0,2024-11-04,2024-11-04,RINIL BABU,True,2024-11-04,422950.0,1.0,0.0,120.0,0.0,3.0,1
Normal/Others,WS/MP096/2025-2026/177173,Kerala,PALAKKAD,Shri Abdul Wahab (2021-27) (2021-2027),Elected MP,Construction of Kudumpatta  Kootampidav  National LP School road or pathway Ward No 01 Nellaya Panchayat,2025-02-24,701265.0,2025-08-07,701265.0,Physical Inspection,1.0,701265.0,701265.0,701265.0,2026-01-29,2026-01-29,MUNEER,True,2026-01-29,701265.0,1.0,0.0,164.0,0.0,175.0,1
Normal/Others,WS/MP096/2026-2027/177181,Kerala,PALAKKAD,Shri Abdul Wahab (2021-27) (2021-2027),Elected MP,"Construction of Ariyoor Paduvilkulamb road or pathway, Ward No.09 Kottopadam Panchayat",2025-02-24,647657.0,2026-05-15,647657.0,Physical Inspection,1.0,647657.0,647657.0,647657.0,2026-05-18,2026-05-18,BASHEER N,True,2026-08-14,647657.0,1.0,0.0,445.0,0.0,91.0,1
Repair and Renovation,WS/MP096/2025-2026/177183,Kerala,PALAKKAD,Shri Abdul Wahab (2021-27) (2021-2027),Elected MP,Construction of Nadaparamb mill  Karambathoor road or pathway Ward No.02  Paruthoor Panchayat,2025-02-24,795855.0,2025-12-29,795855.0,Physical Inspection,1.0,795855.0,795855.0,795855.0,2026-07-03,2026-07-03,P NOUSHAD,True,2026-07-23,795855.0,1.0,0.0,308.0,0.0,206.0,1
Normal/Others,WS/MP096/2025-2026/177184,Kerala,PALAKKAD,Shri Abdul Wahab (2021-27) (2021-2027),Elected MP,"Construction of Manakkalthodi Salafi masjid road or pathway, Ward No. 09, Ananganadi Panchayat",2025-02-24,592859.0,2026-01-14,592859.0,Physical Inspection,1.0,592859.0,592859.0,592859.0,2026-06-30,2026-06-30,MUHAMMED SHAFI P A,True,2026-07-17,592859.0,1.0,0.0,324.0,0.0,184.0,1
Normal/Others,WS/MP096/2026-2027/237582,Kerala,PALAKKAD,Shri Abdul Wahab (2021-27) (2021-2027),Elected MP,"Setting up of medium mast light at Peringannur  Chellipadi Viruttanam road junction, Ward No.08, Thirumittacode Panchayat",2025-09-25,350000.0,2026-08-07,350000.0,Sanction,,,,,,,,,,,,0.0,316.0,,,0
Normal/Others,WS/MP096/2026-2027/243116,Kerala,PALAKKAD,Shri Abdul Wahab (2021-27) (2021-2027),Elected MP,"Setting up of Mini mast light at Mannaraparamb Motorpadi, Ward No.7, Kappur Panchayat",2025-10-21,250000.0,2026-08-07,250000.0,Sanction,,,,,,,,,,,,0.0,290.0,,,0
Normal/Others,WS/MP096/2026-2027/243117,Kerala,PALAKKAD,Shri Abdul Wahab (2021-27) (2021-2027),Elected MP,"Setting up of Mini mast light Infront of Darul Afthal, Ward No.3, Koppam Panchayat",2025-10-21,250000.0,2026-08-06,250000.0,Sanction,,,,,,,,,,,,0.0,289.0,,,0
Normal/Others,WS/MP096/2026-2027/243121,Kerala,PALAKKAD,Shri Abdul Wahab (2021-27) (2021-2027),Elected MP,"Setting up of Mini mast light at Sulaimanpadi, Ward No.10, Thirumittacode Panchayat",2025-10-21,250000.0,2026-08-07,250000.0,Sanction,,,,,,,,,,,,0.0,290.0,,,0
Normal/Others,WS/MP096/2026-2027/243124,Kerala,PALAKKAD,Shri Abdul Wahab (2021-27) (2021-2027),Elected MP,"Setting up of Mini mast light at Maniyamkode, Ward No.10, Mannur Panchayat",2025-10-21,250000.0,2026-07-22,250000.0,Sanction,,,,,,,,,,,,0.0,274.0,,,0
Normal/Others,WS/MP096/2026-2027/243125,Kerala,PALAKKAD,Shri Abdul Wahab (2021-27) (2021-2027),Elected MP,"Setting up of Mini mast light at Kozhichunda, Ward No.5, Mannur Panchayat",2025-10-21,250000.0,2026-07-22,250000.0,Sanction,,,,,,,,,,,,0.0,274.0,,,0
Normal/Others,WS/MP096/2026-2027/243127,Kerala,PALAKKAD,Shri Abdul Wahab (2021-27) (2021-2027),Elected MP,"Setting up of Mini mast light at Parakkalpadi nagar, Ward No.11, Koppam Panchayat",2025-10-21,250000.0,2026-08-06,250000.0,Sanction,,,,,,,,,,,,0.0,289.0,,,0
Normal/Others,WS/MP096/2025-2026/273965,Kerala,IDUKKI,Shri Abdul Wahab (2021-27) (2021-2027),Elected MP,"Construction of Chenkulam Mangapara Ambazhachal road or pathway, Ward No. 03, Vellathooval Panchayat",2026-03-12,1000000.0,2026-03-13,1000000.0,Work Completed,1.0,968677.0,968677.0,968677.0,2026-03-13,2026-03-13,Secretary Highrange Labour Contract Co Operative Society,True,2026-03-13,968677.0,0.968677,0.0,1.0,0.0,0.0,1
Normal/Others,WS/MP096/2024-2025/181209,Kerala,IDUKKI,Shri Abdul Wahab (2021-27) (2021-2027),Elected MP,"Construction of 12th Mile - Mezhukumchal Bridge, Ward No.18, Adimali Panchayat, Idukki District",2025-03-12,2500000.0,2025-03-29,2500000.0,Sanction,,,,,,,,,,,,0.0,17.0,,,0
Normal/Others,WS/MP096/2024-2025/117361,Kerala,IDUKKI,Shri Abdul Wahab (2021-27) (2021-2027),Elected MP,"Marthoma M S Colony - Parekkandam Link road/Pathway, Ward No.11, Edavetty Panchayat",2024-02-29,464853.0,2024-07-05,464853.0,Physical Inspection,1.0,464853.0,464853.0,464853.0,2024-12-07,2024-12-07,Biju Peter,True,2024-12-06,464853.0,1.0,0.0,127.0,0.0,154.0,1
Normal/Others,WS/MP096/2024-2025/182031,Kerala,IDUKKI,Shri Abdul Wahab (2021-27) (2021-2027),Elected MP,"Construction of Kuthirayalakkudi - View point road or pathway, Ward No.07, Adimaly Panchayat",2025-03-15,1458585.0,2025-03-26,1458585.0,Physical Inspection,1.0,1458585.0,1458585.0,1458585.0,2025-03-28,2025-03-28,M A Sainudheen,False,2025-03-28,1458585.0,1.0,0.0,11.0,0.0,2.0,1
Normal/Others,WS/MP096/2025-2026/180776,Kerala,IDUKKI,Shri Abdul Wahab (2021-27) (2021-2027),Elected MP,"Construction of Khadarpilla road or pathway, ward No.14, Thodupuzha Municipality",2025-03-10,200000.0,2025-05-08,200000.0,Physical Inspection,1.0,184579.0,184579.0,184579.0,2026-07-10,2026-07-10,Jaleel Jabbar,,,,0.922895,0.0,59.0,0.0,,1
Normal/Others,WS/MP18226/2025-2026/217170,Uttar Pradesh,KHERI,UTKARSH VERMA MADHUR,KHERI,"R.O. Plant Installation Work for Public Drinking Water System near Gurunanak Vidya Sabha Girls Inter College, Lakhimpur Kheri.",2025-07-11,478463.0,2025-09-27,478463.0,Physical Inspection,3.0,478463.0,159487.66666666666,331034.0,2025-12-09,2026-07-06,RAMA KANT,True,2026-07-29,478463.0,1.0,0.0,78.0,209.0,305.0,1
Normal/Others,WS/MP18226/2025-2026/222402,Uttar Pradesh,KHERI,UTKARSH VERMA MADHUR,KHERI,Interlocking  construction work from Sampurna Nagar Road to Sent. N. College Gate Palika Kalan,2025-07-26,1781605.0,2025-09-27,1781605.0,Physical Inspection,2.0,1781605.0,890802.5,1332742.0,2025-12-09,2026-01-29,Shiv kumar thekedar,False,2026-04-25,1781605.0,1.0,0.0,63.0,51.0,210.0,1
Normal/Others,WS/MP18226/2025-2026/259879,Uttar Pradesh,KHERI,UTKARSH VERMA MADHUR,KHERI,Vikas Khand Bankeganj ke Gram Wajeernager ke gra Amjabehar Me Shri Ramesh Bhargaw ke Makan se Shri meva ke Makan tak interloking avm Nali Nirmar,2026-01-19,1579800.0,2026-03-28,1579800.0,Vendor Identification,2.0,1578440.0,789220.0,1176897.0,2026-07-02,2026-08-12,Shiv kumar thekedar,,,,0.9991391315356374,0.0,68.0,41.0,,1
Normal/Others,WS/MP18226/2025-2026/259880,Uttar Pradesh,KHERI,UTKARSH VERMA MADHUR,KHERI,Vikas Khand Bankeganj ke Gram Wajeernager ke gra Lalanganj me Kamalluddin ke Makan se Anish ke Makan tak interloking avm Nali Nirmar,2026-01-19,1105200.0,2026-03-28,1105200.0,Vendor Identification,2.0,1092688.0,546344.0,828900.0,2026-07-02,2026-08-12,Shiv kumar thekedar,,,,0.9886789721317408,0.0,68.0,41.0,,1
Normal/Others,WS/MP18226/2026-2027/293823,Uttar Pradesh,KHERI,UTKARSH VERMA MADHUR,KHERI,Mo. Patel Nager me Rohit Batham ke makan se shri Sidharth verma Adocate ke makan tak Lanth 120,2026-07-16,1705100.0,2026-07-21,1705100.0,Sanction,,,,,,,,,,,,0.0,5.0,,,0
Normal/Others,WS/MP18226/2024-2025/170172,Uttar Pradesh,KHERI,UTKARSH VERMA MADHUR,KHERI,Construction of rapata on drain on Padukhia-Trikoliya connecting road in village Padukhia of Gram Panchayat Gauriya,2025-01-29,6798710.0,2025-02-17,6798710.0,Physical Inspection,2.0,6798710.0,3399355.0,4354605.0,2025-05-27,2025-06-28,Ranjeet Kumar Verma Contractor,False,2026-01-21,6798710.0,1.0,0.0,19.0,32.0,338.0,1
Normal/Others,WS/MP18226/2026-2027/286210,Uttar Pradesh,KHERI,UTKARSH VERMA MADHUR,KHERI,"vikas khand behajm ke vibhinya gram panchayate madhiya mein 2, karipokhar mein 1 evam oil dehat ke gram pahadkhopurva mein 2 sthalo par semi highmast light ka adhishthapan karya",2026-06-18,789000.0,2026-07-17,789000.0,Sanction,,,,,,,,,,,,0.0,29.0,,,0
Normal/Others,WS/MP18226/2026-2027/286211,Uttar Pradesh,KHERI,UTKARSH VERMA MADHUR,KHERI,vikas khand phoolbehad ke gram mudiya mistra alg-alg 3 sthalon par 6 ve semi highmast light ka adhishthapan karya,2026-06-18,473400.0,2026-07-17,473400.0,Sanction,,,,,,,,,,,,0.0,29.0,,,0
Normal/Others,WS/MP18226/2026-2027/286212,Uttar Pradesh,KHERI,UTKARSH VERMA MADHUR,KHERI,Vikas khand nakaha ke vibhinn 22 sthalon par 6ve semi highmast lighton ka adhishthapan karya,2026-06-18,3471400.0,2026-07-17,3471400.0,Sanction,,,,,,,,,,,,0.0,29.0,,,0
Normal/Others,WS/MP18226/2025-2026/222403,Uttar Pradesh,KHERI,UTKARSH VERMA MADHUR,KHERI,Gram Panchayat koraiya lohana ke gram Lakshmipur me Tirahe par Parmod Verma  ke Makan ke Pass 6th semi High Mast Light ka adhishthapan kary.,2025-07-26,156959.0,2025-09-27,156959.0,Physical Inspection,2.0,156959.0,78479.5,107562.0,2025-12-20,2026-02-26,Shiv kumar thekedar,True,2026-07-29,156959.0,1.0,0.0,63.0,68.0,305.0,1
Normal/Others,WS/MP18226/2025-2026/222414,Uttar Pradesh,KHERI,UTKARSH VERMA MADHUR,KHERI,Installation work of 6th semi high mast laight near the trisection in village Ayodhyapur in Gram Panchayat Banbudheli.,2025-07-26,156959.0,2025-09-27,156959.0,Physical Inspection,2.0,156959.0,78479.5,107562.0,2025-12-20,2026-02-26,Shiv kumar thekedar,True,2026-07-29,156959.0,1.0,0.0,63.0,68.0,305.0,1
Normal/Others,WS/MP18226/2025-2026/222415,Uttar Pradesh,KHERI,UTKARSH VERMA MADHUR,KHERI,Installation work of 6th semi high mast light near the Tiraha in village Amberpur of Gram Panchayat Datpur Rampur.,2025-07-26,156959.0,2025-09-27,156959.0,Physical Inspection,2.0,156959.0,78479.5,107562.0,2025-12-20,2026-02-26,Shiv kumar thekedar,True,2026-07-28,156959.0,1.0,0.0,63.0,68.0,304.0,1
Normal/Others,WS/MP18226/2025-2026/222416,Uttar Pradesh,KHERI,UTKARSH VERMA MADHUR,KHERI,Installation work of 6th semi high mast light near the Tiraha of Gram Panchayat Datpur Rampur Majra Rampur.,2025-07-26,156959.0,2025-09-27,156959.0,Physical Inspection,2.0,156959.0,78479.5,107562.0,2025-12-20,2026-02-26,Shiv kumar thekedar,True,2026-07-28,156959.0,1.0,0.0,63.0,68.0,304.0,1
Normal/Others,WS/MP18226/2025-2026/222417,Uttar Pradesh,KHERI,UTKARSH VERMA MADHUR,KHERI,Gram panchayat ramapur grant No. 18 Tirahe ke paas 6th semi High mast light ka sthapana kary.,2025-07-26,156959.0,2025-09-27,156959.0,Physical Inspection,2.0,156959.0,78479.5,107562.0,2025-12-20,2026-02-26,Shiv kumar thekedar,True,2026-07-28,156959.0,1.0,0.0,63.0,68.0,304.0,1
Normal/Others,WS/MP18226/2025-2026/222418,Uttar Pradesh,KHERI,UTKARSH VERMA MADHUR,KHERI,Installation work of 6th semi high mast light near Mataji temple in village Nauvakheda of G.P. Bharigwa,2025-07-26,156959.0,2025-09-27,156959.0,Physical Inspection,2.0,156959.0,78479.5,107562.0,2025-12-20,2026-02-26,Shiv kumar thekedar,True,2026-07-28,156959.0,1.0,0.0,63.0,68.0,304.0,1
Normal/Others,WS/MP18226/2025-2026/222419,Uttar Pradesh,KHERI,UTKARSH VERMA MADHUR,KHERI,Installation work of 6th semi high mast light near Mataji temple in Gram Panchayat Sansarpur.,2025-07-26,156959.0,2025-09-27,156959.0,Physical Inspection,2.0,156959.0,78479.5,107562.0,2025-12-20,2026-02-26,Shiv kumar thekedar,True,2026-07-28,156959.0,1.0,0.0,63.0,68.0,304.0,1
Normal/Others,WS/MP18226/2025-2026/222420,Uttar Pradesh,KHERI,UTKARSH VERMA MADHUR,KHERI,Installation work of 6th semi high mast light near the masjid in Gram Panchayat Sansarpur.,2025-07-26,156959.0,2025-09-27,156959.0,Physical Inspection,2.0,156959.0,78479.5,107562.0,2025-12-20,2026-02-26,Shiv kumar thekedar,True,2026-07-23,156959.0,1.0,0.0,63.0,68.0,299.0,1
Normal/Others,WS/MP18226/2025-2026/222421,Uttar Pradesh,KHERI,UTKARSH VERMA MADHUR,KHERI,Installation work of 6th semi high mast light near village Chhattipur intersection of Gram Panchayat Rampur Grant No. 18.,2025-07-26,156959.0,2025-09-27,156959.0,Physical Inspection,2.0,156959.0,78479.5,107562.0,2025-12-20,2026-02-26,Shiv kumar thekedar,True,2026-07-23,156959.0,1.0,0.0,63.0,68.0,299.0,1
Normal/Others,WS/MP18226/2025-2026/222422,Uttar Pradesh,KHERI,UTKARSH VERMA MADHUR,KHERI,Installation work of 6th semi high mast light near the intersection in Grant No. 10 of Gram Panchayat Bankepur.,2025-07-26,156959.0,2025-09-27,156959.0,Physical Inspection,2.0,156959.0,78479.5,107562.0,2025-12-20,2026-02-26,Shiv kumar thekedar,True,2026-07-23,156959.0,1.0,0.0,63.0,68.0,299.0,1
Normal/Others,WS/MP18226/2025-2026/222571,Uttar Pradesh,KHERI,UTKARSH VERMA MADHUR,KHERI,Installation work of 6th semi high mast light near the tiraha in Village Panchayat Saukhia.,2025-07-26,156959.0,2025-09-27,156959.0,Physical Inspection,2.0,156959.0,78479.5,107562.0,2025-12-20,2026-02-26,Shiv kumar thekedar,True,2026-07-23,156959.0,1.0,0.0,63.0,68.0,299.0,1
Normal/Others,WS/MP18226/2025-2026/222572,Uttar Pradesh,KHERI,UTKARSH VERMA MADHUR,KHERI,Installation work of 6th semi high mast light near the masjid in village Panchayat saukhiya.,2025-07-26,156959.0,2025-09-27,156959.0,Physical Inspection,2.0,156959.0,78479.5,107562.0,2025-12-20,2026-02-26,Shiv kumar thekedar,True,2026-07-23,156959.0,1.0,0.0,63.0,68.0,299.0,1
Normal/Others,WS/MP18226/2025-2026/222573,Uttar Pradesh,KHERI,UTKARSH VERMA MADHUR,KHERI,Installation work of 6th semi high mast light near the Tiraha in village Talfipur of Gram Panchayat Rampur Grant No. 18.,2025-07-26,156959.0,2025-09-27,156959.0,Physical Inspection,2.0,156959.0,78479.5,107562.0,2025-12-20,2026-02-26,Shiv kumar thekedar,True,2026-07-23,156959.0,1.0,0.0,63.0,68.0,299.0,1
Normal/Others,WS/MP18226/2025-2026/222574,Uttar Pradesh,KHERI,UTKARSH VERMA MADHUR,KHERI,Installation work of 6th semi high mast light near the temple in village Dharampur of Gram Panchayat Grant No. 11.,2025-07-26,156959.0,2025-09-27,156959.0,Physical Inspection,2.0,156959.0,78479.5,107562.0,2025-12-20,2026-02-26,Shiv kumar thekedar,True,2026-07-23,156959.0,1.0,0.0,63.0,68.0,299.0,1
Normal/Others,WS/MP18226/2025-2026/222575,Uttar Pradesh,KHERI,UTKARSH VERMA MADHUR,KHERI,Installation work of 6th semi high mast light near the Masjid in village Angadpur of Gram Panchayat Datpur Grant.,2025-07-26,156959.0,2025-09-27,156959.0,Physical Inspection,2.0,156959.0,78479.5,107562.0,2025-12-20,2026-02-26,Shiv kumar thekedar,True,2026-07-23,156959.0,1.0,0.0,63.0,68.0,299.0,1
Normal/Others,WS/MP18226/2025-2026/222576,Uttar Pradesh,KHERI,UTKARSH VERMA MADHUR,KHERI,Installation work of 6th semi high mast light near Dhyanchandra Baba Temple in Village Bujhwa of Gram Panchayat Grant No. 14.,2025-07-26,179755.0,2025-09-27,179755.0,Physical Inspection,2.0,179755.0,89877.5,130358.0,2025-12-20,2026-02-26,Shiv kumar thekedar,True,2026-07-23,179755.0,1.0,0.0,63.0,68.0,299.0,1
Normal/Others,WS/MP18226/2025-2026/222577,Uttar Pradesh,KHERI,UTKARSH VERMA MADHUR,KHERI,Installation work of 6th semi high mast light near village Sarkargarh Masjid of Gram Panchayat Rampur Grant No. 18.,2025-07-26,156959.0,2025-09-27,156959.0,Physical Inspection,2.0,156959.0,78479.5,107562.0,2025-12-20,2026-02-26,Shiv kumar thekedar,True,2026-07-23,156959.0,1.0,0.0,63.0,68.0,299.0,1
Normal/Others,WS/MP18226/2025-2026/222578,Uttar Pradesh,KHERI,UTKARSH VERMA MADHUR,KHERI,Installation work of 6th semi high mast light near the Tiraha of Gram Panchayat Babarpur Bargadiya.,2025-07-26,156959.0,2025-09-27,156959.0,Physical Inspection,2.0,156959.0,78479.5,107562.0,2025-12-20,2026-02-26,Shiv kumar thekedar,True,2026-07-23,156959.0,1.0,0.0,63.0,68.0,299.0,1
Normal/Others,WS/MP18226/2025-2026/222579,Uttar Pradesh,KHERI,UTKARSH VERMA MADHUR,KHERI,Installation work of 6th semi high mast light near Ambedkar Park in village Motipur of Gram Panchayat Grant No. 14.,2025-07-26,156959.0,2025-09-27,156959.0,Physical Inspection,2.0,156959.0,78479.5,107562.0,2025-12-20,2026-02-26,Shiv kumar thekedar,True,2026-07-23,156959.0,1.0,0.0,63.0,68.0,299.0,1
Normal/Others,WS/MP18226/2025-2026/222580,Uttar Pradesh,KHERI,UTKARSH VERMA MADHUR,KHERI,Installation work of 6th semi high mast light near Lochanpur Gurudwara in Village Dalpur in Gram Panchayat Dalpur Grant.,2025-07-26,160967.0,2025-09-27,160967.0,Physical Inspection,2.0,160967.0,80483.5,111570.0,2025-12-20,2026-02-26,Shiv kumar thekedar,True,2026-07-23,160967.0,1.0,0.0,63.0,68.0,299.0,1
Normal/Others,WS/MP18226/2025-2026/222588,Uttar Pradesh,KHERI,UTKARSH VERMA MADHUR,KHERI,Installation work of 6th semi high mast light near Chhatra veerbaba place in Gram Panchayat Grant No. 18.,2025-07-26,156959.0,2025-09-27,156959.0,Physical Inspection,2.0,156959.0,78479.5,107562.0,2025-12-20,2026-02-26,Shiv kumar thekedar,True,2026-07-23,156959.0,1.0,0.0,63.0,68.0,299.0,1
Normal/Others,WS/MP18226/2025-2026/222589,Uttar Pradesh,KHERI,UTKARSH VERMA MADHUR,KHERI,Installation work of 6th semi high mast light near the masjid in village Ujagarpur of Gram Panchayat Dalpur Grant.,2025-07-26,156959.0,2025-09-27,156959.0,Physical Inspection,2.0,156959.0,78479.5,107562.0,2025-12-20,2026-02-26,Shiv kumar thekedar,True,2026-07-23,156959.0,1.0,0.0,63.0,68.0,299.0,1
Normal/Others,WS/MP18226/2025-2026/222590,Uttar Pradesh,KHERI,UTKARSH VERMA MADHUR,KHERI,Installation work of 6th semi high mast light near village Muradpur Masjid under Gram Panchayat Grant No. 18.,2025-07-26,156959.0,2025-09-27,156959.0,Physical Inspection,2.0,156959.0,78479.5,107562.0,2025-12-20,2026-02-26,Shiv kumar thekedar,True,2026-07-23,156959.0,1.0,0.0,63.0,68.0,299.0,1
Normal/Others,WS/MP18226/2025-2026/222591,Uttar Pradesh,KHERI,UTKARSH VERMA MADHUR,KHERI,Installation work of 6th semi high mast light near Banjarangwali temple in village Laxmipur of Gram Panchayat Koraiya Lohan.,2025-07-26,156959.0,2025-09-27,156959.0,Physical Inspection,2.0,156959.0,78479.5,107562.0,2025-12-20,2026-02-26,Shiv kumar thekedar,True,2026-07-23,156959.0,1.0,0.0,63.0,68.0,299.0,1
Normal/Others,WS/MP18226/2025-2026/222592,Uttar Pradesh,KHERI,UTKARSH VERMA MADHUR,KHERI,Installation work of 6th semi high mast light near Gram Panchayat Virandavan Ambedkar Park of Gram Panchayat Rampur Datpur.,2025-07-26,156959.0,2025-09-27,156959.0,Physical Inspection,2.0,156959.0,78479.5,107562.0,2025-12-20,2026-02-26,Shiv kumar thekedar,True,2026-07-23,156959.0,1.0,0.0,63.0,68.0,299.0,1
Normal/Others,WS/MP18226/2025-2026/222593,Uttar Pradesh,KHERI,UTKARSH VERMA MADHUR,KHERI,Installation work of 6th semi high mast light near the house of Shri Jagdish Prasad in village Bajar ganj of Gram Panchayat Koraiya Lohan.,2025-07-26,156959.0,2025-09-27,156959.0,Physical Inspection,2.0,156959.0,78479.5,107562.0,2025-12-20,2026-02-26,Shiv kumar thekedar,True,2026-07-23,156959.0,1.0,0.0,63.0,68.0,299.0,1
Normal/Others,WS/MP18226/2025-2026/222594,Uttar Pradesh,KHERI,UTKARSH VERMA MADHUR,KHERI,Installation work of 6th semi high mast light near Gurudwara in village Dhaurahra Buzurg of Gram Panchayat  Kushmori.,2025-07-26,156959.0,2025-09-27,156959.0,Physical Inspection,2.0,156959.0,78479.5,107562.0,2025-12-20,2026-02-26,Shiv kumar thekedar,True,2026-07-23,156959.0,1.0,0.0,63.0,68.0,299.0,1
Normal/Others,WS/MP18226/2025-2026/222595,Uttar Pradesh,KHERI,UTKARSH VERMA MADHUR,KHERI,Installation work of 6th semi high mast light near the house of Shri Sardar Rajwant Singh in village Manwapur Farm of Gram Panchayat Bhagoda.,2025-07-26,156959.0,2025-09-27,156959.0,Physical Inspection,2.0,156959.0,78479.5,107562.0,2025-12-20,2026-02-26,Shiv kumar thekedar,True,2026-07-29,156959.0,1.0,0.0,63.0,68.0,305.0,1
Normal/Others,WS/MP18226/2025-2026/233192,Uttar Pradesh,KHERI,UTKARSH VERMA MADHUR,KHERI,Installation work of the 6th semi high mast light near the Mata ji temple in village Sahyhibara of Gram Panchayat Behra Multan.,2025-09-12,156974.0,2025-11-28,156974.0,Physical Inspection,2.0,156974.0,78487.0,107572.0,2026-02-07,2026-04-22,Shiv kumar thekedar,True,2026-07-23,156974.0,1.0,0.0,77.0,74.0,237.0,1
Normal/Others,WS/MP18226/2025-2026/233193,Uttar Pradesh,KHERI,UTKARSH VERMA MADHUR,KHERI,Installation work of the 6th semi high mast light near the temple of Baghun Bhuhar Baba in the village of Chandanapur Gram Panchayat.,2025-09-12,156974.0,2025-11-28,156974.0,Physical Inspection,2.0,156974.0,78487.0,107572.0,2026-02-07,2026-04-22,Shiv kumar thekedar,True,2026-07-23,156974.0,1.0,0.0,77.0,74.0,237.0,1
Normal/Others,WS/MP18226/2025-2026/233194,Uttar Pradesh,KHERI,UTKARSH VERMA MADHUR,KHERI,Installation work of the 6th semi high mast light near Shankar ji Temple in Village Panchayat Mohaddinpur.,2025-09-12,156974.0,2025-11-28,156974.0,Physical Inspection,2.0,156974.0,78487.0,107572.0,2026-02-07,2026-04-22,Shiv kumar thekedar,True,2026-07-23,156974.0,1.0,0.0,77.0,74.0,237.0,1
Normal/Others,WS/MP18226/2025-2026/233195,Uttar Pradesh,KHERI,UTKARSH VERMA MADHUR,KHERI,Installation work of the 6th semi high mast light near the gate of the cemetery in village Rasulpur of Gram Panchayat Rasulpur.,2025-09-12,156974.0,2025-11-28,156974.0,Physical Inspection,2.0,156974.0,78487.0,107572.0,2026-02-07,2026-04-22,Shiv kumar thekedar,True,2026-07-23,156974.0,1.0,0.0,77.0,74.0,237.0,1
Normal/Others,WS/MP18226/2025-2026/233196,Uttar Pradesh,KHERI,UTKARSH VERMA MADHUR,KHERI,Installation work of 6th semi high mast light near Gram Panchayat Harinagar Bazar.,2025-09-12,156974.0,2025-11-28,156974.0,Physical Inspection,2.0,156974.0,78487.0,107572.0,2026-02-07,2026-04-22,Shiv kumar thekedar,True,2026-07-23,156974.0,1.0,0.0,77.0,74.0,237.0,1
Normal/Others,WS/MP18226/2025-2026/233197,Uttar Pradesh,KHERI,UTKARSH VERMA MADHUR,KHERI,"Installation work of the 6th semi high mast light near the house of Shri Sher Singh Yadav Assembly Speaker, SP in village Panchayat Muda Khalsa.",2025-09-12,156974.0,2025-11-28,156974.0,Physical Inspection,2.0,156974.0,78487.0,107572.0,2026-02-07,2026-04-22,Shiv kumar thekedar,True,2026-07-23,156974.0,1.0,0.0,77.0,74.0,237.0,1
Normal/Others,WS/MP18226/2025-2026/233198,Uttar Pradesh,KHERI,UTKARSH VERMA MADHUR,KHERI,Installation work of the 6th semi high mast light near the ancient Dev Sthal in Gram Panchayat Sisoukan.,2025-09-12,156974.0,2025-11-28,156974.0,Physical Inspection,2.0,156974.0,78487.0,107572.0,2026-02-07,2026-04-22,Shiv kumar thekedar,True,2026-07-23,156974.0,1.0,0.0,77.0,74.0,237.0,1
Normal/Others,WS/MP18226/2025-2026/233199,Uttar Pradesh,KHERI,UTKARSH VERMA MADHUR,KHERI,Installation work of the 6th semi high mast light near the village Ashrafiganj (Bhooda) temple of Gram Panchayat Sheetlpur Grant.,2025-09-12,156974.0,2025-11-28,156974.0,Physical Inspection,2.0,156974.0,78487.0,107572.0,2026-02-07,2026-04-22,Shiv kumar thekedar,True,2026-07-23,156974.0,1.0,0.0,77.0,74.0,237.0,1
Normal/Others,WS/MP18226/2025-2026/233200,Uttar Pradesh,KHERI,UTKARSH VERMA MADHUR,KHERI,Installation work of the 6th semi high mast light near Hanuman temple near Maheshpur bridge in Gram Panchayat Jungle No. 13.,2025-09-12,156974.0,2025-11-28,156974.0,Physical Inspection,2.0,156974.0,78487.0,107572.0,2026-02-07,2026-04-22,Shiv kumar thekedar,True,2026-07-23,156974.0,1.0,0.0,77.0,74.0,237.0,1
Normal/Others,WS/MP18226/2025-2026/233201,Uttar Pradesh,KHERI,UTKARSH VERMA MADHUR,KHERI,Installation work of the 6th semi high mast light at the intersection of Shri Naeem Khan in village Kaparaha of Gram Panchayat Kaparaha,2025-09-12,156974.0,2025-11-28,156974.0,Physical Inspection,2.0,156974.0,78487.0,107572.0,2026-02-07,2026-04-22,Shiv kumar thekedar,True,2026-07-23,156974.0,1.0,0.0,77.0,74.0,237.0,1
Normal/Others,WS/MP18226/2025-2026/233202,Uttar Pradesh,KHERI,UTKARSH VERMA MADHUR,KHERI,Installation work of the 6th semi high mast light near Tedhnath Baba temple in Magdapur village panchayat.,2025-09-12,156974.0,2025-11-28,156974.0,Physical Inspection,2.0,156974.0,78487.0,107572.0,2026-02-07,2026-04-22,Shiv kumar thekedar,True,2026-07-23,156974.0,1.0,0.0,77.0,74.0,237.0,1
Normal/Others,WS/MP18226/2025-2026/233239,Uttar Pradesh,KHERI,UTKARSH VERMA MADHUR,KHERI,Installation work of 6th semi high mast light at Gram Panchayat Baghel Chauraha.,2025-09-12,156974.0,2025-11-28,156974.0,Physical Inspection,2.0,156974.0,78487.0,107572.0,2026-02-07,2026-04-22,Shiv kumar thekedar,True,2026-07-23,156974.0,1.0,0.0,77.0,74.0,237.0,1
Normal/Others,WS/MP18226/2025-2026/233240,Uttar Pradesh,KHERI,UTKARSH VERMA MADHUR,KHERI,Installation work of the 6th semi high mast light near the house of Shri Pappu at village Pakaria intersection of Gram Panchayat Belhari.,2025-09-12,156974.0,2025-11-28,156974.0,Physical Inspection,2.0,156974.0,78487.0,107572.0,2026-02-07,2026-04-22,Shiv kumar thekedar,True,2026-07-23,156974.0,1.0,0.0,77.0,74.0,237.0,1
Normal/Others,WS/MP18226/2025-2026/233241,Uttar Pradesh,KHERI,UTKARSH VERMA MADHUR,KHERI,Installation work of the 6th semi high mast light in front of the Panchayat Bhawan in Gram Panchayat Gharathaniyan.,2025-09-12,156974.0,2025-11-28,156974.0,Physical Inspection,2.0,156974.0,78487.0,107572.0,2026-02-07,2026-04-22,Shiv kumar thekedar,True,2026-07-23,156974.0,1.0,0.0,77.0,74.0,237.0,1
Normal/Others,WS/MP18226/2025-2026/233242,Uttar Pradesh,KHERI,UTKARSH VERMA MADHUR,KHERI,Installation work of the 6th semi high mast light near the temple by Thakur in Gram Panchayat Gharthaniyan.,2025-09-12,156974.0,2025-11-28,156974.0,Physical Inspection,2.0,156974.0,78487.0,107572.0,2026-02-07,2026-04-22,Shiv kumar thekedar,True,2026-07-23,156974.0,1.0,0.0,77.0,74.0,237.0,1
Normal/Others,WS/MP18226/2025-2026/233243,Uttar Pradesh,KHERI,UTKARSH VERMA MADHUR,KHERI,Installation work of the 6th semi high mast light near Noorie Jama Masjid and Madrasa of Gram Panchayat Ameer Nagar,2025-09-12,164641.0,2025-11-28,164641.0,Physical Inspection,2.0,164641.0,82320.5,115236.0,2026-02-07,2026-04-22,Shiv kumar thekedar,True,2026-07-23,164641.0,1.0,0.0,77.0,74.0,237.0,1
Normal/Others,WS/MP18226/2025-2026/233244,Uttar Pradesh,KHERI,UTKARSH VERMA MADHUR,KHERI,Installation work of the 6th semi high mast light near Kadri Masjid Chaturi road of Gram Panchayat Ameer Nagar.,2025-09-12,167195.0,2025-11-28,167195.0,Physical Inspection,2.0,167195.0,83597.5,117792.0,2026-02-07,2026-04-22,Shiv kumar thekedar,True,2026-07-23,167195.0,1.0,0.0,77.0,74.0,237.0,1
Normal/Others,WS/MP18226/2025-2026/233245,Uttar Pradesh,KHERI,UTKARSH VERMA MADHUR,KHERI,Installation work of the 6th semi high mast light near Mohammadpur Noori Masjid of Gram Panchayat Ameer Nagar village.,2025-09-12,156974.0,2025-11-28,156974.0,Physical Inspection,2.0,156974.0,78487.0,107572.0,2026-02-07,2026-04-22,Shiv kumar thekedar,True,2026-07-23,156974.0,1.0,0.0,77.0,74.0,237.0,1
Normal/Others,WS/MP18226/2025-2026/233246,Uttar Pradesh,KHERI,UTKARSH VERMA MADHUR,KHERI,Installation work of the 6th semi high mast light near Mujha Masjid of Gram Panchayat Parasan.,2025-09-12,156974.0,2025-11-28,156974.0,Physical Inspection,2.0,156974.0,78487.0,107572.0,2026-02-07,2026-04-22,Shiv kumar thekedar,True,2026-07-23,156974.0,1.0,0.0,77.0,74.0,237.0,1
Normal/Others,WS/MP18226/2025-2026/233247,Uttar Pradesh,KHERI,UTKARSH VERMA MADHUR,KHERI,Installation work of the 6th semi high mast light near Mohammadpur Raza Masjid in Gram Panchayat Amir Nagar village.,2025-09-12,156974.0,2025-11-28,156974.0,Physical Inspection,2.0,156974.0,78487.0,107572.0,2026-02-07,2026-04-22,Shiv kumar thekedar,True,2026-07-23,156974.0,1.0,0.0,77.0,74.0,237.0,1
Normal/Others,WS/MP18226/2025-2026/233248,Uttar Pradesh,KHERI,UTKARSH VERMA MADHUR,KHERI,Installation work of the 6th semi high mast light near Auliya Masjid and Mazar of Gram Panchayat Amir Nagar.,2025-09-12,170261.0,2025-11-28,170261.0,Physical Inspection,2.0,170261.0,85130.5,120859.0,2026-02-07,2026-04-22,Shiv kumar thekedar,True,2026-07-23,170261.0,1.0,0.0,77.0,74.0,237.0,1
Normal/Others,WS/MP18226/2025-2026/233249,Uttar Pradesh,KHERI,UTKARSH VERMA MADHUR,KHERI,Installation work of the 6th semi high mast light near Mohammadpur Idgah and Madrasa Masjid of Gram Panchayat Amir Nagar.,2025-09-12,164641.0,2025-11-28,164641.0,Physical Inspection,2.0,164641.0,82320.5,115236.0,2026-02-07,2026-04-22,Shiv kumar thekedar,True,2026-07-23,164641.0,1.0,0.0,77.0,74.0,237.0,1
Normal/Others,WS/MP18226/2025-2026/233272,Uttar Pradesh,KHERI,UTKARSH VERMA MADHUR,KHERI,Installation work of 6th semi high mast light near Durga Mata temple in Gram Panchayat Anjanapur,2025-09-12,156975.0,2025-11-28,156975.0,Physical Inspection,2.0,156975.0,78487.5,107572.0,2026-02-07,2026-04-22,Shiv kumar thekedar,True,2026-07-23,156975.0,1.0,0.0,77.0,74.0,237.0,1
Normal/Others,WS/MP18226/2025-2026/233273,Uttar Pradesh,KHERI,UTKARSH VERMA MADHUR,KHERI,Installation work of the 6th semi high mast light near the house of Shri Goge son of Shri Bhogai at the intersection in Gram Panchayat Sada.,2025-09-12,156975.0,2025-11-28,156975.0,Physical Inspection,2.0,156975.0,78487.5,107572.0,2026-02-07,2026-04-22,Shiv kumar thekedar,True,2026-07-23,156975.0,1.0,0.0,77.0,74.0,237.0,1
Normal/Others,WS/MP18226/2025-2026/233274,Uttar Pradesh,KHERI,UTKARSH VERMA MADHUR,KHERI,Installation work of the 6th semi high mast light near the Gram Panchayat house in village Bedha Surtiha of Gram Panchayat Jungle No. 11,2025-09-12,156975.0,2025-11-28,156975.0,Physical Inspection,2.0,156975.0,78487.5,107572.0,2026-02-07,2026-04-22,Shiv kumar thekedar,True,2026-07-23,156975.0,1.0,0.0,77.0,74.0,237.0,1
Normal/Others,WS/MP18226/2025-2026/233275,Uttar Pradesh,KHERI,UTKARSH VERMA MADHUR,KHERI,Installation work of the 6th semi high mast light in the playground of village Binauwa Nagar of Gram Panchayat Jungle No. 11.,2025-09-12,156975.0,2025-11-28,156975.0,Physical Inspection,2.0,156975.0,78487.5,107572.0,2026-02-07,2026-04-22,Shiv kumar thekedar,True,2026-07-23,156975.0,1.0,0.0,77.0,74.0,237.0,1
Normal/Others,WS/MP18226/2025-2026/233276,Uttar Pradesh,KHERI,UTKARSH VERMA MADHUR,KHERI,Installation work of the 6th semi high mast light in from of Shri Manohar Yadav Pradhan son Shri Chandrabhal near Shiva temple in Gram Panchayat Narhar,2025-09-12,156975.0,2025-11-28,156975.0,Physical Inspection,2.0,156975.0,78487.5,107572.0,2026-02-07,2026-04-22,Shiv kumar thekedar,True,2026-07-23,156975.0,1.0,0.0,77.0,74.0,237.0,1
Normal/Others,WS/MP18226/2025-2026/233277,Uttar Pradesh,KHERI,UTKARSH VERMA MADHUR,KHERI,"Installation work of the 6th semi high mast light in front of Shri Malti Prasad, near the place of Gupti Baba in village Mainha Ghat of Gram Panchayat Narhar",2025-09-12,156975.0,2025-11-28,156975.0,Physical Inspection,2.0,156975.0,78487.5,107572.0,2026-02-07,2026-04-22,Shiv kumar thekedar,True,2026-07-23,156975.0,1.0,0.0,77.0,74.0,237.0,1
Normal/Others,WS/MP18226/2025-2026/233278,Uttar Pradesh,KHERI,UTKARSH VERMA MADHUR,KHERI,Installation work of the 6th semi high mast light near the house of Shri Rajendra Singh son of Shri Amar Singh in village Bacchu Purva of Gram Panchayat Basaigapur,2025-09-12,189169.0,2025-11-28,189169.0,Physical Inspection,2.0,189169.0,94584.5,139766.0,2026-02-07,2026-04-22,Shiv kumar thekedar,True,2026-07-23,189169.0,1.0,0.0,77.0,74.0,237.0,1
Normal/Others,WS/MP18226/2025-2026/233279,Uttar Pradesh,KHERI,UTKARSH VERMA MADHUR,KHERI,Installation work of 6th semi high mast light at Mozmabad Gurudwara in Gram Panchayat Mozmabad,2025-09-12,201435.0,2025-11-28,201435.0,Physical Inspection,2.0,201435.0,100717.5,151687.0,2026-02-07,2026-04-22,Shiv kumar thekedar,True,2026-07-23,201435.0,1.0,0.0,77.0,74.0,237.0,1
Normal/Others,WS/MP18226/2025-2026/233280,Uttar Pradesh,KHERI,UTKARSH VERMA MADHUR,KHERI,Installation work of the 6th semi high mast light near the house of Shri Chhote Salmani in village Deoria of Gram Panchayat Deoria.,2025-09-12,156975.0,2025-11-28,156975.0,Physical Inspection,2.0,156975.0,78487.5,107572.0,2026-02-07,2026-04-22,Shiv kumar thekedar,True,2026-07-23,156975.0,1.0,0.0,77.0,74.0,237.0,1
Normal/Others,WS/MP18226/2025-2026/233281,Uttar Pradesh,KHERI,UTKARSH VERMA MADHUR,KHERI,Installation work of the 6th semi high mast light at the mausoleum in Amritapur village panchayat,2025-09-12,174861.0,2025-11-28,174861.0,Physical Inspection,2.0,174861.0,87430.5,125458.0,2026-02-07,2026-04-22,Shiv kumar thekedar,True,2026-07-23,174861.0,1.0,0.0,77.0,74.0,237.0,1
Normal/Others,WS/MP18226/2025-2026/233354,Uttar Pradesh,KHERI,UTKARSH VERMA MADHUR,KHERI,Installation work of the 6th semi high mast light near Singh Sabha Gurdwara Krhiya in Krhiya village of Gram Panchayat Deoria.,2025-09-12,156975.0,2025-11-28,156975.0,Physical Inspection,2.0,156975.0,78487.5,107572.0,2026-02-07,2026-04-22,Shiv kumar thekedar,True,2026-07-23,156975.0,1.0,0.0,77.0,74.0,237.0,1
Normal/Others,WS/MP18226/2025-2026/233355,Uttar Pradesh,KHERI,UTKARSH VERMA MADHUR,KHERI,Installation work of the 6th semi high mast light near Ambedkar Park in village Sabar Chaura of Gram Panchayat Rajapur,2025-09-12,156975.0,2025-11-28,156975.0,Physical Inspection,2.0,156975.0,78487.5,107572.0,2026-02-07,2026-04-22,Shiv kumar thekedar,True,2026-07-23,156975.0,1.0,0.0,77.0,74.0,237.0,1
Normal/Others,WS/MP18226/2025-2026/233356,Uttar Pradesh,KHERI,UTKARSH VERMA MADHUR,KHERI,Installation work of the 6th semi high mast light near the masjid in village Milpurwa of Gram Panchayat Sarwa.,2025-09-12,174861.0,2025-11-28,174861.0,Physical Inspection,2.0,174861.0,87430.5,125458.0,2026-02-07,2026-04-22,Shiv kumar thekedar,True,2026-07-23,174861.0,1.0,0.0,77.0,74.0,237.0,1
Normal/Others,WS/MP18226/2025-2026/233357,Uttar Pradesh,KHERI,UTKARSH VERMA MADHUR,KHERI,Installation work of the 6th semi high mast light near Gram Panchayat Sikandrapur Gurudwara Shri Guru Singh Sabha Sikandrapur Amkota.,2025-09-12,156975.0,2025-11-28,156975.0,Physical Inspection,2.0,156975.0,78487.5,107572.0,2026-02-07,2026-04-22,Shiv kumar thekedar,True,2026-07-23,156975.0,1.0,0.0,77.0,74.0,237.0,1
Normal/Others,WS/MP18226/2025-2026/233358,Uttar Pradesh,KHERI,UTKARSH VERMA MADHUR,KHERI,Installation work of the 6th semi high mast light near the mosque in village Hazratpur of Gram Panchayat Hazratpur.,2025-09-12,156975.0,2025-11-28,156975.0,Physical Inspection,2.0,156975.0,78487.5,107572.0,2026-02-07,2026-04-22,Shiv kumar thekedar,True,2026-07-23,156975.0,1.0,0.0,77.0,74.0,237.0,1
Normal/Others,WS/MP18226/2025-2026/233359,Uttar Pradesh,KHERI,UTKARSH VERMA MADHUR,KHERI,Installation work of the 6th semi high mast light near the Durga Devi temple in the village Gadarianpurwa of the Gram Panchayat Tetarpur,2025-09-12,156975.0,2025-11-28,156975.0,Physical Inspection,2.0,156975.0,78487.5,107572.0,2026-02-07,2026-04-22,Shiv kumar thekedar,True,2026-07-23,156975.0,1.0,0.0,77.0,74.0,237.0,1
Normal/Others,WS/MP18226/2025-2026/233360,Uttar Pradesh,KHERI,UTKARSH VERMA MADHUR,KHERI,Installation work of the 6th semi high mast light near the Shiva temple in Rampurwa village of Gram Panchayat Narhar,2025-09-12,156975.0,2025-11-28,156975.0,Physical Inspection,2.0,156975.0,78487.5,107572.0,2026-02-07,2026-04-22,Shiv kumar thekedar,True,2026-07-23,156975.0,1.0,0.0,77.0,74.0,237.0,1
Normal/Others,WS/MP18226/2025-2026/233361,Uttar Pradesh,KHERI,UTKARSH VERMA MADHUR,KHERI,Installation work of the 6th semi high mast light near Masjid Rasidiya in Hajipurwa of Gram Panchayat Odarhana.,2025-09-12,172306.0,2025-11-28,172306.0,Physical Inspection,2.0,172306.0,86153.0,122903.0,2026-02-07,2026-04-22,Shiv kumar thekedar,True,2026-07-23,172306.0,1.0,0.0,77.0,74.0,237.0,1
Normal/Others,WS/MP18226/2025-2026/233362,Uttar Pradesh,KHERI,UTKARSH VERMA MADHUR,KHERI,Installation work of the 6th semi high mast light near Masjid Quba in Hajipurwa of Gram Panchayat Odarhana,2025-09-12,156975.0,2025-11-28,156975.0,Physical Inspection,2.0,156975.0,78487.5,107572.0,2026-02-07,2026-04-22,Shiv kumar thekedar,True,2026-07-23,156975.0,1.0,0.0,77.0,74.0,237.0,1
Normal/Others,WS/MP18226/2025-2026/233363,Uttar Pradesh,KHERI,UTKARSH VERMA MADHUR,KHERI,Installation work of the 6th semi high mast light near the house of Murari Giri in Gram Panchayat Laukhiya,2025-09-12,156975.0,2025-11-28,156975.0,Physical Inspection,2.0,156975.0,78487.5,107572.0,2026-02-07,2026-04-22,Shiv kumar thekedar,True,2026-07-23,156975.0,1.0,0.0,77.0,74.0,237.0,1
Normal/Others,WS/MP18226/2025-2026/234498,Uttar Pradesh,KHERI,UTKARSH VERMA MADHUR,KHERI,Installation work of the 6th semi high mast light near Shri Gurunanak Dev Ji Gurudwara in Village Panchayat Safipur.,2025-09-16,156975.0,2025-11-28,156975.0,Physical Inspection,2.0,156975.0,78487.5,107572.0,2026-02-07,2026-04-22,Shiv kumar thekedar,True,2026-07-23,156975.0,1.0,0.0,73.0,74.0,237.0,1
Normal/Others,WS/MP18226/2025-2026/234499,Uttar Pradesh,KHERI,UTKARSH VERMA MADHUR,KHERI,Installation work of the 6th semi high mast light near Ambedkar Park in village Balwapur of Gram Panchayat Pipra Marora,2025-09-16,156975.0,2025-11-28,156975.0,Physical Inspection,2.0,156975.0,78487.5,107572.0,2026-02-07,2026-04-22,Shiv kumar thekedar,True,2026-07-23,156975.0,1.0,0.0,73.0,74.0,237.0,1
Normal/Others,WS/MP18226/2025-2026/234500,Uttar Pradesh,KHERI,UTKARSH VERMA MADHUR,KHERI,Installation work of the 6th semi high mast light near the old Jama Masjid in Gram Panchayat Aggar Khurd,2025-09-16,156975.0,2025-11-28,156975.0,Physical Inspection,2.0,156975.0,78487.5,107572.0,2026-02-07,2026-04-22,Shiv kumar thekedar,True,2026-07-23,156975.0,1.0,0.0,73.0,74.0,237.0,1
Normal/Others,WS/MP18226/2025-2026/234501,Uttar Pradesh,KHERI,UTKARSH VERMA MADHUR,KHERI,Installation work of the 6th semi high mast light near Qadri Masjid in Gram Panchayat Aggar Khurd,2025-09-16,156975.0,2025-11-28,156975.0,Physical Inspection,2.0,156975.0,78487.5,107572.0,2026-02-07,2026-04-22,Shiv kumar thekedar,True,2026-07-23,156975.0,1.0,0.0,73.0,74.0,237.0,1
Normal/Others,WS/MP18226/2025-2026/234502,Uttar Pradesh,KHERI,UTKARSH VERMA MADHUR,KHERI,Installation work of the 6th semi high mast light near the masjid in Gram Panchayat Ramnagar Khurd,2025-09-16,156975.0,2025-11-28,156975.0,Physical Inspection,2.0,156975.0,78487.5,107572.0,2026-02-07,2026-04-22,Shiv kumar thekedar,True,2026-07-23,156975.0,1.0,0.0,73.0,74.0,237.0,1
Normal/Others,WS/MP18226/2025-2026/234503,Uttar Pradesh,KHERI,UTKARSH VERMA MADHUR,KHERI,Installation work of the 6th semi high mast light near the house of Shri Dinesh Bhargava in Gram Pipra gram Panchayat Baraula.,2025-09-16,156975.0,2025-11-28,156975.0,Physical Inspection,2.0,156975.0,78487.5,107572.0,2026-02-07,2026-04-22,Shiv kumar thekedar,True,2026-07-23,156975.0,1.0,0.0,73.0,74.0,237.0,1
Normal/Others,WS/MP18226/2025-2026/234504,Uttar Pradesh,KHERI,UTKARSH VERMA MADHUR,KHERI,Installation work of the 6th semi high mast light near the house of Shri Raunak in Gram Panchayat Basaigapur Bazar,2025-09-16,156975.0,2025-11-28,156975.0,Physical Inspection,2.0,156975.0,78487.5,107572.0,2026-02-07,2026-04-22,Shiv kumar thekedar,True,2026-07-23,156975.0,1.0,0.0,73.0,74.0,237.0,1
Normal/Others,WS/MP18226/2025-2026/252457,Uttar Pradesh,KHERI,UTKARSH VERMA MADHUR,KHERI,Gram Musepur kala Me Masjid ke Samane 01 Semi high Mast Light 6th ka Adhishtapan kary,2025-12-06,156959.0,2026-01-29,156959.0,Physical Inspection,2.0,156959.0,78479.5,107562.0,2026-03-24,2026-05-27,Shiv kumar thekedar,True,2026-07-23,156959.0,1.0,0.0,54.0,64.0,175.0,1
Normal/Others,WS/MP18226/2025-2026/252458,Uttar Pradesh,KHERI,UTKARSH VERMA MADHUR,KHERI,Gram Musepur kala ke Bhudpurwa Me Mata ji ke Mandir ke Pass 01 Semi high Mast Light 6th ka Adhishtapan kary.,2025-12-06,156959.0,2026-01-29,156959.0,Physical Inspection,2.0,156959.0,78479.5,107562.0,2026-03-24,2026-05-27,Shiv kumar thekedar,True,2026-07-23,156959.0,1.0,0.0,54.0,64.0,175.0,1
Normal/Others,WS/MP18226/2025-2026/252459,Uttar Pradesh,KHERI,UTKARSH VERMA MADHUR,KHERI,Gram Gopalapur me Shivdevi Vidhya Mandir Intercolleg ke Pass 01 Semi high Mast Light 6th ka Adhishtapan kary.,2025-12-06,156959.0,2026-01-29,156959.0,Physical Inspection,2.0,156959.0,78479.5,107562.0,2026-03-24,2026-05-27,Shiv kumar thekedar,True,2026-07-23,156959.0,1.0,0.0,54.0,64.0,175.0,1
Normal/Others,WS/MP18226/2025-2026/252461,Uttar Pradesh,KHERI,UTKARSH VERMA MADHUR,KHERI,Gram Gopalapur me Ganw ke Paschim Jidbaba Sthan ke pass 01 Semi high Mast Light 6th ka Adhishtapan kary.,2025-12-06,156959.0,2026-01-29,156959.0,Physical Inspection,2.0,156959.0,78479.5,107562.0,2026-03-24,2026-05-27,Shiv kumar thekedar,True,2026-07-23,156959.0,1.0,0.0,54.0,64.0,175.0,1
Normal/Others,WS/MP18226/2025-2026/252462,Uttar Pradesh,KHERI,UTKARSH VERMA MADHUR,KHERI,Gram Panchay Salempur Koun me Sadashiv Verma ki dukan ke Pass 01 Semi high Mast Light 6th ka Adhishtapan kary.,2025-12-06,156959.0,2026-01-29,156959.0,Physical Inspection,2.0,156959.0,78479.5,107562.0,2026-03-24,2026-05-27,Shiv kumar thekedar,True,2026-07-23,156959.0,1.0,0.0,54.0,64.0,175.0,1
Normal/Others,WS/MP18226/2025-2026/252463,Uttar Pradesh,KHERI,UTKARSH VERMA MADHUR,KHERI,Gram Panchayt Sarkhanpur me Badi Masjid ke Pass 01 Semi high Mast Light 6th ka Adhishtapan kary.,2025-12-06,156959.0,2026-01-29,156959.0,Physical Inspection,2.0,156959.0,78479.5,107562.0,2026-03-24,2026-05-27,Shiv kumar thekedar,True,2026-07-23,156959.0,1.0,0.0,54.0,64.0,175.0,1
Normal/Others,WS/MP18226/2025-2026/252464,Uttar Pradesh,KHERI,UTKARSH VERMA MADHUR,KHERI,Gram Panchayt Sarkhanpur me Shiv Mandir ke Pass 01 Semi high Mast Light 6th ka Adhishtapan kary.,2025-12-06,156959.0,2026-01-29,156959.0,Physical Inspection,2.0,156959.0,78479.5,107562.0,2026-03-24,2026-05-27,Shiv kumar thekedar,True,2026-07-23,156959.0,1.0,0.0,54.0,64.0,175.0,1
Normal/Others,WS/MP18226/2025-2026/252465,Uttar Pradesh,KHERI,UTKARSH VERMA MADHUR,KHERI,Gram Gopalpur ke Diya ratanpurwa me Shiv Mandir ke Pass 01 Semi high Mast Light 6th ka Adhishtapan kary,2025-12-06,156959.0,2026-01-29,156959.0,Physical Inspection,2.0,156959.0,78479.5,107562.0,2026-03-24,2026-05-27,Shiv kumar thekedar,True,2026-07-23,156959.0,1.0,0.0,54.0,64.0,175.0,1
Normal/Others,WS/MP18226/2025-2026/252466,Uttar Pradesh,KHERI,UTKARSH VERMA MADHUR,KHERI,Gram Kadipur me Masjid ke Pass 01 Semi high Mast Light 6th ka Adhishtapan kary.,2025-12-06,156959.0,2026-01-29,156959.0,Physical Inspection,2.0,156959.0,78479.5,107562.0,2026-03-24,2026-05-27,Shiv kumar thekedar,True,2026-07-23,156959.0,1.0,0.0,54.0,64.0,175.0,1
Normal/Others,WS/MP18226/2025-2026/252467,Uttar Pradesh,KHERI,UTKARSH VERMA MADHUR,KHERI,Gram Mahmmadpur Mahewa me Shiv Mandir ke Pass 1 Semi high Mast Light 6th ka Adhishtapan kary,2025-12-06,156959.0,2026-01-29,156959.0,Physical Inspection,2.0,156959.0,78479.5,107562.0,2026-03-24,2026-05-27,Shiv kumar thekedar,True,2026-07-23,156959.0,1.0,0.0,54.0,64.0,175.0,1
Normal/Others,WS/MP18226/2025-2026/252468,Uttar Pradesh,KHERI,UTKARSH VERMA MADHUR,KHERI,Gram Ekbalpur me Radha Kirshn Mandir (Thakur dwara) ke Pass 01 Semi high Mast Light 6th ka Adhishtapan kary.,2025-12-06,156959.0,2026-01-29,156959.0,Physical Inspection,2.0,156959.0,78479.5,107562.0,2026-03-24,2026-05-27,Shiv kumar thekedar,True,2026-07-23,156959.0,1.0,0.0,54.0,64.0,175.0,1
Normal/Others,WS/MP18226/2025-2026/252469,Uttar Pradesh,KHERI,UTKARSH VERMA MADHUR,KHERI,Gram Pipr Karam Chand me Durgamata Mandir ke pass 1 Semi high Mast Light 6th ka Adhishtapan kary,2025-12-06,156959.0,2026-01-29,156959.0,Physical Inspection,2.0,156959.0,78479.5,107562.0,2026-03-24,2026-05-27,Shiv kumar thekedar,True,2026-07-23,156959.0,1.0,0.0,54.0,64.0,175.0,1
Normal/Others,WS/MP18226/2025-2026/252470,Uttar Pradesh,KHERI,UTKARSH VERMA MADHUR,KHERI,Gram Mahngukhera me Ambedkar Park ke Pass 1 Semi high Mast Light 6th ka Adhishtapan kary,2025-12-06,156959.0,2026-01-29,156959.0,Physical Inspection,2.0,156959.0,78479.5,107562.0,2026-03-24,2026-05-27,Shiv kumar thekedar,True,2026-07-23,156959.0,1.0,0.0,54.0,64.0,175.0,1
Normal/Others,WS/MP18226/2025-2026/252471,Uttar Pradesh,KHERI,UTKARSH VERMA MADHUR,KHERI,Gram Chhauchh Ke Mohalla Dr. Kaushal Kishor me Shri Indresh Verma Ke Makan ke Pass 1 Semi high Mast Light 6th ka Adhishtapan kary,2025-12-06,156959.0,2026-01-29,156959.0,Physical Inspection,2.0,156959.0,78479.5,107562.0,2026-03-24,2026-05-27,Shiv kumar thekedar,True,2026-07-23,156959.0,1.0,0.0,54.0,64.0,175.0,1
Normal/Others,WS/MP18226/2025-2026/252472,Uttar Pradesh,KHERI,UTKARSH VERMA MADHUR,KHERI,Gram Keshavpur ke Pithwapur me Bhuiaa Mata Mandir ke Pass 1 Semi high Mast Light 6th ka Adhishtapan kary,2025-12-06,156959.0,2026-01-29,156959.0,Physical Inspection,2.0,156959.0,78479.5,107562.0,2026-03-24,2026-05-27,Shiv kumar thekedar,True,2026-07-23,156959.0,1.0,0.0,54.0,64.0,175.0,1
Normal/Others,WS/MP18226/2025-2026/252473,Uttar Pradesh,KHERI,UTKARSH VERMA MADHUR,KHERI,Gram Banwaripur me Shiv Mandir ke Nikat 1 Semi high Mast Light 6th ka Adhishtapan kary,2025-12-06,156959.0,2026-01-29,156959.0,Physical Inspection,2.0,156959.0,78479.5,107562.0,2026-03-24,2026-05-27,Shiv kumar thekedar,True,2026-07-23,156959.0,1.0,0.0,54.0,64.0,175.0,1
Normal/Others,WS/MP18226/2025-2026/252474,Uttar Pradesh,KHERI,UTKARSH VERMA MADHUR,KHERI,Gram Rajapur ke Piparia me Mata ji ke Madir ke Pass 1 Semi high Mast Light 6th ka Adhishtapan kary,2025-12-06,156959.0,2026-01-29,156959.0,Physical Inspection,2.0,156959.0,78479.5,107562.0,2026-03-24,2026-05-27,Shiv kumar thekedar,True,2026-07-23,156959.0,1.0,0.0,54.0,64.0,175.0,1
Normal/Others,WS/MP18226/2025-2026/252475,Uttar Pradesh,KHERI,UTKARSH VERMA MADHUR,KHERI,Gram Saidapur Karanpur me Kasiram ke Makan ke Pass 1 Semi high Mast Light 6th ka Adhishtapan kary,2025-12-06,156959.0,2026-01-29,156959.0,Physical Inspection,2.0,156959.0,78479.5,107562.0,2026-03-24,2026-05-27,Shiv kumar thekedar,True,2026-07-23,156959.0,1.0,0.0,54.0,64.0,175.0,1
Normal/Others,WS/MP18226/2025-2026/252476,Uttar Pradesh,KHERI,UTKARSH VERMA MADHUR,KHERI,Gram Saidapur Karanpur ke Sadhauna me Hanuman Mandir ke Pass 1 Semi high Mast Light 6th ka Adhishtapan kary,2025-12-06,156959.0,2026-01-29,156959.0,Physical Inspection,2.0,156959.0,78479.5,107562.0,2026-03-24,2026-05-27,Shiv kumar thekedar,True,2026-07-23,156959.0,1.0,0.0,54.0,64.0,175.0,1
Normal/Others,WS/MP18226/2025-2026/252477,Uttar Pradesh,KHERI,UTKARSH VERMA MADHUR,KHERI,Gram Murtiha me Masjid ke Samne 1 Semi high Mast Light 6th ka Adhishtapan kary,2025-12-06,156959.0,2026-01-29,156959.0,Physical Inspection,2.0,156959.0,78479.5,107562.0,2026-03-24,2026-05-27,Shiv kumar thekedar,True,2026-07-23,156959.0,1.0,0.0,54.0,64.0,175.0,1
Normal/Others,WS/MP18226/2025-2026/252478,Uttar Pradesh,KHERI,UTKARSH VERMA MADHUR,KHERI,Gram Barkherwa me Masjid ke Pass 1 Semi high Mast Light 6th ka Adhishtapan kary,2025-12-06,156959.0,2026-01-29,156959.0,Physical Inspection,2.0,156959.0,78479.5,107562.0,2026-03-24,2026-05-27,Shiv kumar thekedar,True,2026-07-23,156959.0,1.0,0.0,54.0,64.0,175.0,1
Normal/Others,WS/MP18226/2025-2026/252479,Uttar Pradesh,KHERI,UTKARSH VERMA MADHUR,KHERI,Gram Barkherwa ke Aithapur me Gurudwre ke Pass 1 Semi high Mast Light 6th ka Adhishtapan kary,2025-12-06,156959.0,2026-01-29,156959.0,Physical Inspection,2.0,156959.0,78479.5,107562.0,2026-03-24,2026-05-27,Shiv kumar thekedar,True,2026-07-23,156959.0,1.0,0.0,54.0,64.0,175.0,1
Normal/Others,WS/MP18226/2025-2026/252480,Uttar Pradesh,KHERI,UTKARSH VERMA MADHUR,KHERI,Gram Rampur Gokul me Manjha Gurudwara ke Pass 1 Semi high Mast Light 6th ka Adhishtapan kary,2025-12-06,156959.0,2026-01-29,156959.0,Physical Inspection,2.0,156959.0,78479.5,107562.0,2026-03-24,2026-05-27,Shiv kumar thekedar,True,2026-07-23,156959.0,1.0,0.0,54.0,64.0,175.0,1
Normal/Others,WS/MP18226/2025-2026/252498,Uttar Pradesh,KHERI,UTKARSH VERMA MADHUR,KHERI,Gram Khambhol me Faruk ke Makan ke  Pass Tirahe par 1semi High Mast Light 6th ka Adhishtapan kary.,2025-12-06,156959.0,2026-01-29,156959.0,Physical Inspection,2.0,156959.0,78479.5,107562.0,2026-03-24,2026-05-27,Shiv kumar thekedar,True,2026-07-23,156959.0,1.0,0.0,54.0,64.0,175.0,1
Normal/Others,WS/MP18226/2025-2026/252499,Uttar Pradesh,KHERI,UTKARSH VERMA MADHUR,KHERI,Gram Behta ke Bargadiya me Bajrangbali Mandir pass 1semi High Mast Light 6th ka Adhishtapan kary.,2025-12-06,156959.0,2026-01-29,156959.0,Physical Inspection,2.0,156959.0,78479.5,107562.0,2026-03-24,2026-05-27,Shiv kumar thekedar,True,2026-07-23,156959.0,1.0,0.0,54.0,64.0,175.0,1
Normal/Others,WS/MP18226/2025-2026/252500,Uttar Pradesh,KHERI,UTKARSH VERMA MADHUR,KHERI,Gram bijhouli ke Chintapurwa me Shiv Mandir ke pass 1semi High Mast Light 6th ka Adhishtapan kary.,2025-12-06,156959.0,2026-01-29,156959.0,Physical Inspection,2.0,156959.0,78479.5,107562.0,2026-03-24,2026-05-27,Shiv kumar thekedar,True,2026-07-29,156959.0,1.0,0.0,54.0,64.0,181.0,1
Normal/Others,WS/MP18226/2025-2026/252501,Uttar Pradesh,KHERI,UTKARSH VERMA MADHUR,KHERI,Gram Southan me Masjid ke pass 1semi High Mast Light 6th ka Adhishtapan kary.,2025-12-06,156959.0,2026-01-29,156959.0,Physical Inspection,2.0,156959.0,78479.5,107562.0,2026-03-24,2026-05-27,Shiv kumar thekedar,True,2026-07-23,156959.0,1.0,0.0,54.0,64.0,175.0,1
Normal/Others,WS/MP18226/2025-2026/252502,Uttar Pradesh,KHERI,UTKARSH VERMA MADHUR,KHERI,Gram Southan me Devi Mandir ke pass 1semi High Mast Light 6th ka Adhishtapan kary.,2025-12-06,156959.0,2026-01-29,156959.0,Physical Inspection,2.0,156959.0,78479.5,107562.0,2026-03-24,2026-05-27,Shiv kumar thekedar,True,2026-07-23,156959.0,1.0,0.0,54.0,64.0,175.0,1
Normal/Others,WS/MP18226/2025-2026/252503,Uttar Pradesh,KHERI,UTKARSH VERMA MADHUR,KHERI,Gram Gunchi rajaganj me dhanigawan me sunder lal vishykrma ke makan ke pass 1semi High Mast Light 6th ka Adhishtapan kary.,2025-12-06,156959.0,2026-01-29,156959.0,Physical Inspection,2.0,156959.0,78479.5,107562.0,2026-03-24,2026-05-27,Shiv kumar thekedar,True,2026-07-23,156959.0,1.0,0.0,54.0,64.0,175.0,1
Normal/Others,WS/MP18226/2025-2026/252504,Uttar Pradesh,KHERI,UTKARSH VERMA MADHUR,KHERI,Gram Bhalliya Bujurg me Masjid ke pass 1semi High Mast Light 6th ka Adhishtapan kary.,2025-12-06,156959.0,2026-01-29,156959.0,Physical Inspection,2.0,156959.0,78479.5,107562.0,2026-03-24,2026-05-27,Shiv kumar thekedar,True,2026-07-23,156959.0,1.0,0.0,54.0,64.0,175.0,1
Normal/Others,WS/MP18226/2025-2026/252505,Uttar Pradesh,KHERI,UTKARSH VERMA MADHUR,KHERI,Gram jignaha me Mahender Pal ke hata ke Pass 1semi High Mast Light 6th ka Adhishtapan kary.,2025-12-06,156959.0,2026-01-29,156959.0,Physical Inspection,2.0,156959.0,78479.5,107562.0,2026-03-24,2026-05-27,Shiv kumar thekedar,True,2026-07-23,156959.0,1.0,0.0,54.0,64.0,175.0,1
Normal/Others,WS/MP18226/2025-2026/252506,Uttar Pradesh,KHERI,UTKARSH VERMA MADHUR,KHERI,Gram jaitapur me shiv Mandir ke pass 1semi High Mast Light 6th ka Adhishtapan kary.,2025-12-06,156959.0,2026-01-29,156959.0,Physical Inspection,2.0,156959.0,78479.5,107562.0,2026-03-24,2026-05-27,Shiv kumar thekedar,True,2026-07-23,156959.0,1.0,0.0,54.0,64.0,175.0,1
Normal/Others,WS/MP18226/2025-2026/252507,Uttar Pradesh,KHERI,UTKARSH VERMA MADHUR,KHERI,Gram Fardahan me Thakur ji Mahraj Mandir ke pass 1semi High Mast Light 6th ka Adhishtapan kary.,2025-12-06,156959.0,2026-01-29,156959.0,Physical Inspection,2.0,156959.0,78479.5,107562.0,2026-03-24,2026-05-27,Shiv kumar thekedar,True,2026-07-23,156959.0,1.0,0.0,54.0,64.0,175.0,1
Normal/Others,WS/MP18226/2025-2026/252508,Uttar Pradesh,KHERI,UTKARSH VERMA MADHUR,KHERI,Gram Aman lala me Shiv Mandir ke Pass 1semi High Mast Light 6th ka Adhishtapan kary.,2025-12-06,156959.0,2026-01-29,156959.0,Physical Inspection,2.0,156959.0,78479.5,107562.0,2026-03-24,2026-05-27,Shiv kumar thekedar,True,2026-07-23,156959.0,1.0,0.0,54.0,64.0,175.0,1
Normal/Others,WS/MP18226/2025-2026/252509,Uttar Pradesh,KHERI,UTKARSH VERMA MADHUR,KHERI,Gram Kala Dund me Veer baba ke Sthan ke pass 1semi High Mast Light 6th ka Adhishtapan kary.,2025-12-06,156959.0,2026-01-29,156959.0,Physical Inspection,2.0,156959.0,78479.5,107562.0,2026-03-24,2026-05-27,Shiv kumar thekedar,True,2026-07-23,156959.0,1.0,0.0,54.0,64.0,175.0,1
Normal/Others,WS/MP18226/2025-2026/252510,Uttar Pradesh,KHERI,UTKARSH VERMA MADHUR,KHERI,Mohall Gotaiyabag ki Balmiki Basti me Hanuman Mandir ke Pass  1 semi High Mast Light 6th ka Adhishtapan kary.,2025-12-06,156959.0,2026-01-29,156959.0,Physical Inspection,2.0,156959.0,78479.5,107562.0,2026-03-24,2026-05-27,Shiv kumar thekedar,True,2026-07-23,156959.0,1.0,0.0,54.0,64.0,175.0,1
Normal/Others,WS/MP18226/2025-2026/252513,Uttar Pradesh,KHERI,UTKARSH VERMA MADHUR,KHERI,Gram Raghunathpurwa e Ramjanki Mandir ke Pass 01 Semi high Mast Light 6th ka Adhishtapan kary.,2025-12-06,156959.0,2026-01-29,156959.0,Physical Inspection,2.0,156959.0,78479.5,107562.0,2026-03-24,2026-05-27,RAMA KANT,True,2026-07-23,156959.0,1.0,0.0,54.0,64.0,175.0,1
Normal/Others,WS/MP18226/2025-2026/252514,Uttar Pradesh,KHERI,UTKARSH VERMA MADHUR,KHERI,Gram Barter Chaurahe Par Ex Pardhan Munna lal Verma ki dukan Jansewakener ke samne 1 Semi high Mast Light 6th ka Adhishtapan kary.,2025-12-06,156959.0,2026-01-29,156959.0,Physical Inspection,2.0,156959.0,78479.5,107562.0,2026-03-24,2026-05-27,RAMA KANT,True,2026-07-23,156959.0,1.0,0.0,54.0,64.0,175.0,1
Normal/Others,WS/MP18226/2025-2026/252515,Uttar Pradesh,KHERI,UTKARSH VERMA MADHUR,KHERI,Gram Madrahi me Shiv Mandir ke Pass 01 Semi high Mast Light 6th ka Adhishtapan kary.,2025-12-06,156959.0,2026-01-29,156959.0,Physical Inspection,2.0,156959.0,78479.5,107562.0,2026-03-24,2026-05-27,RAMA KANT,True,2026-07-23,156959.0,1.0,0.0,54.0,64.0,175.0,1
Normal/Others,WS/MP18226/2025-2026/252516,Uttar Pradesh,KHERI,UTKARSH VERMA MADHUR,KHERI,Gram Siayathu ke Baikuntha me Bich Ganwa chaurahe par 01 Semi high Mast Light 6th ka Adhishtapan kary.,2025-12-06,156959.0,2026-01-29,156959.0,Physical Inspection,2.0,156959.0,78479.5,107562.0,2026-03-24,2026-05-27,RAMA KANT,True,2026-07-23,156959.0,1.0,0.0,54.0,64.0,175.0,1
Normal/Others,WS/MP18226/2025-2026/252517,Uttar Pradesh,KHERI,UTKARSH VERMA MADHUR,KHERI,Gram Baikuntha me Brahma baba ke Sthan par 01 Semi high Mast Light 6th ka Adhishtapan kary.,2025-12-06,156959.0,2026-01-29,156959.0,Physical Inspection,2.0,156959.0,78479.5,107562.0,2026-03-24,2026-05-27,RAMA KANT,True,2026-07-23,156959.0,1.0,0.0,54.0,64.0,175.0,1
Normal/Others,WS/MP18226/2025-2026/252537,Uttar Pradesh,KHERI,UTKARSH VERMA MADHUR,KHERI,Gram Amkotwa ke Amkotwapurwa  Chaurahe par 01 Semi high Mast Light 6th ka Adhishtapan kary.,2025-12-06,156959.0,2026-01-29,156959.0,Physical Inspection,2.0,156959.0,78479.5,107562.0,2026-03-24,2026-05-27,Shiv kumar thekedar,True,2026-07-23,156959.0,1.0,0.0,54.0,64.0,175.0,1
Normal/Others,WS/MP18226/2025-2026/252538,Uttar Pradesh,KHERI,UTKARSH VERMA MADHUR,KHERI,Gram Hanumand Mandir Vidhayla ke pass 01 Semi high Mast Light 6th ka Adhishtapan kary.,2025-12-06,156959.0,2026-01-29,156959.0,Physical Inspection,2.0,156959.0,78479.5,107562.0,2026-03-24,2026-05-27,Shiv kumar thekedar,True,2026-07-23,156959.0,1.0,0.0,54.0,64.0,175.0,1
Normal/Others,WS/MP18226/2025-2026/252539,Uttar Pradesh,KHERI,UTKARSH VERMA MADHUR,KHERI,Gram Badag Gaon me Chakai me Shiv Mandir ke pass 1 semi high Mast Light 6th ka Adhishtapan kary.,2025-12-06,156959.0,2026-01-29,156959.0,Physical Inspection,2.0,156959.0,78479.5,107562.0,2026-03-24,2026-05-27,Shiv kumar thekedar,True,2026-07-23,156959.0,1.0,0.0,54.0,64.0,175.0,1
Normal/Others,WS/MP18226/2025-2026/252540,Uttar Pradesh,KHERI,UTKARSH VERMA MADHUR,KHERI,Gram Korraiya Dhara me Durga Mata Mandir ke pass 01 Semi high Mast Light 6th ka Adhishtapan kary.,2025-12-06,156959.0,2026-01-29,156959.0,Physical Inspection,2.0,156959.0,78479.5,107562.0,2026-03-24,2026-05-27,Shiv kumar thekedar,True,2026-07-23,156959.0,1.0,0.0,54.0,64.0,175.0,1
Normal/Others,WS/MP18226/2025-2026/252541,Uttar Pradesh,KHERI,UTKARSH VERMA MADHUR,KHERI,Gram Korraiyapurwa me Shankerji ke Mandir ke pass 01 Semi high Mast Light 6th ka Adhishtapan kary.,2025-12-06,156959.0,2026-01-29,156959.0,Physical Inspection,2.0,156959.0,78479.5,107562.0,2026-03-24,2026-05-27,Shiv kumar thekedar,True,2026-07-23,156959.0,1.0,0.0,54.0,64.0,175.0,1
Normal/Others,WS/MP18226/2025-2026/252542,Uttar Pradesh,KHERI,UTKARSH VERMA MADHUR,KHERI,Gram Nizampur Nakti me Hanuman Mandir ke pass 01 Semi high Mast Light 6th ka Adhishtapan kary.,2025-12-06,156959.0,2026-01-29,156959.0,Physical Inspection,2.0,156959.0,78479.5,107562.0,2026-03-24,2026-05-27,Shiv kumar thekedar,True,2026-07-23,156959.0,1.0,0.0,54.0,64.0,175.0,1
Normal/Others,WS/MP18226/2025-2026/252543,Uttar Pradesh,KHERI,UTKARSH VERMA MADHUR,KHERI,Gram Jiganiyan me Siyaram Kanwajia ajodhi prsad ke Makan ke pass 01 Semi high Mast Light 6th ka Adhishtapan kary.,2025-12-06,156959.0,2026-01-29,156959.0,Physical Inspection,2.0,156959.0,78479.5,107562.0,2026-03-24,2026-05-27,Shiv kumar thekedar,True,2026-07-23,156959.0,1.0,0.0,54.0,64.0,175.0,1
Normal/Others,WS/MP18226/2025-2026/252544,Uttar Pradesh,KHERI,UTKARSH VERMA MADHUR,KHERI,Gram Chakai me Shri Saroj verma ke Makan ke pass 01 Semi high Mast Light 6th ka Adhishtapan kary.,2025-12-06,156959.0,2026-01-29,156959.0,Physical Inspection,2.0,156959.0,78479.5,107562.0,2026-03-24,2026-05-27,Shiv kumar thekedar,True,2026-07-23,156959.0,1.0,0.0,54.0,64.0,175.0,1
Normal/Others,WS/MP18226/2025-2026/252546,Uttar Pradesh,KHERI,UTKARSH VERMA MADHUR,KHERI,Gram Atkohna me Majhra Ramlal me Jagdish Prasad Ex Pramukh ke Makan ke pass 01 Semi high Mast Light 6th ka Adhishtapan kary.,2025-12-06,156959.0,2026-01-29,156959.0,Physical Inspection,2.0,156959.0,78479.5,107562.0,2026-03-24,2026-05-27,Shiv kumar thekedar,True,2026-07-23,156959.0,1.0,0.0,54.0,64.0,175.0,1
Normal/Others,WS/MP18226/2025-2026/252547,Uttar Pradesh,KHERI,UTKARSH VERMA MADHUR,KHERI,Gram Matehi ke Vajirpurwa me Masjid ke pass 01 Semi high Mast Light 6th ka Adhishtapan kary.,2025-12-06,156959.0,2026-01-29,156959.0,Physical Inspection,2.0,156959.0,78479.5,107562.0,2026-03-24,2026-05-27,Shiv kumar thekedar,True,2026-07-23,156959.0,1.0,0.0,54.0,64.0,175.0,1
Normal/Others,WS/MP18226/2025-2026/252548,Uttar Pradesh,KHERI,UTKARSH VERMA MADHUR,KHERI,Gram Nakaha me jama Masjid ke pass 01 Semi high Mast Light 6th ka Adhishtapan kary.,2025-12-06,156959.0,2026-01-29,156959.0,Physical Inspection,2.0,156959.0,78479.5,107562.0,2026-03-24,2026-05-27,Shiv kumar thekedar,True,2026-07-23,156959.0,1.0,0.0,54.0,64.0,175.0,1
Normal/Others,WS/MP18226/2025-2026/252549,Uttar Pradesh,KHERI,UTKARSH VERMA MADHUR,KHERI,Gram Nakaha me Daxin Masjid ke pass 01 Semi high Mast Light 6th ka Adhishtapan kary.,2025-12-06,156959.0,2026-01-29,156959.0,Physical Inspection,2.0,156959.0,78479.5,107562.0,2026-03-24,2026-05-27,Shiv kumar thekedar,True,2026-07-23,156959.0,1.0,0.0,54.0,64.0,175.0,1
Normal/Others,WS/MP18226/2025-2026/252550,Uttar Pradesh,KHERI,UTKARSH VERMA MADHUR,KHERI,Gram Ashogapur ke Kewalpurwa me Masjid ke pass 01 Semi high Mast Light 6th ka Adhishtapan kary.,2025-12-06,156959.0,2026-01-29,156959.0,Physical Inspection,2.0,156959.0,78479.5,107562.0,2026-03-24,2026-05-27,Shiv kumar thekedar,True,2026-07-23,156959.0,1.0,0.0,54.0,64.0,175.0,1
Normal/Others,WS/MP18226/2025-2026/252554,Uttar Pradesh,KHERI,UTKARSH VERMA MADHUR,KHERI,Gram Sudulhapur me Ambedkar Murti ke 01 Semi high Mast Light 6th ka Adhishtapan kary.,2025-12-06,156959.0,2026-01-29,156959.0,Physical Inspection,2.0,156959.0,78479.5,107562.0,2026-03-24,2026-05-27,Shiv kumar thekedar,True,2026-07-23,156959.0,1.0,0.0,54.0,64.0,175.0,1
Normal/Others,WS/MP18226/2025-2026/252555,Uttar Pradesh,KHERI,UTKARSH VERMA MADHUR,KHERI,Gram Korraiya Dhara me Pani ki Tanki ke Pass 01 Semi high Mast Light 6th ka Adhishtapan kary.,2025-12-06,156959.0,2026-01-29,156959.0,Physical Inspection,2.0,156959.0,78479.5,107562.0,2026-03-24,2026-05-27,Shiv kumar thekedar,True,2026-07-23,156959.0,1.0,0.0,54.0,64.0,175.0,1
Normal/Others,WS/MP18226/2025-2026/252556,Uttar Pradesh,KHERI,UTKARSH VERMA MADHUR,KHERI,Gram Korraiya sanjar me Rinku ki Dairy pe Pass 01 Semi high Mast Light 6th ka Adhishtapan kary.,2025-12-06,156959.0,2026-01-29,156959.0,Physical Inspection,2.0,156959.0,78479.5,107562.0,2026-03-24,2026-05-27,Shiv kumar thekedar,True,2026-07-23,156959.0,1.0,0.0,54.0,64.0,175.0,1
Normal/Others,WS/MP18226/2025-2026/252557,Uttar Pradesh,KHERI,UTKARSH VERMA MADHUR,KHERI,Gram Korraiya Dhara me Ganw ke Bich Bachan singh ke Makan ke Pass 01 Semi high Mast Light 6th ka Adhishtapan kary.,2025-12-06,156959.0,2026-01-29,156959.0,Physical Inspection,2.0,156959.0,78479.5,107562.0,2026-03-24,2026-05-27,Shiv kumar thekedar,True,2026-07-23,156959.0,1.0,0.0,54.0,64.0,175.0,1
Normal/Others,WS/MP18226/2025-2026/252558,Uttar Pradesh,KHERI,UTKARSH VERMA MADHUR,KHERI,Gram Belhaura ke Shivrampurwa me Harishanker ke Makan ke Pass Shivmandir par 01 Semi high Mast Light 6th ka Adhishtapan kary.,2025-12-06,156959.0,2026-01-29,156959.0,Physical Inspection,2.0,156959.0,78479.5,107562.0,2026-03-24,2026-05-27,Shiv kumar thekedar,True,2026-07-23,156959.0,1.0,0.0,54.0,64.0,175.0,1
Normal/Others,WS/MP18226/2025-2026/252559,Uttar Pradesh,KHERI,UTKARSH VERMA MADHUR,KHERI,Gram Nakaha me Shri Panchamukhi Ganesh Mandir ke ke Pass 01 Semi high Mast Light 6th ka Adhishtapan kary.,2025-12-06,156959.0,2026-01-29,156959.0,Physical Inspection,2.0,156959.0,78479.5,107562.0,2026-03-24,2026-05-27,Shiv kumar thekedar,True,2026-07-23,156959.0,1.0,0.0,54.0,64.0,175.0,1
Normal/Others,WS/MP18226/2025-2026/252560,Uttar Pradesh,KHERI,UTKARSH VERMA MADHUR,KHERI,Gram Gulariya me Shiv mandir ke nikat Shantosh ke Makan ke Pass 01 Semi high Mast Light 6th ka Adhishtapan kary.,2025-12-06,156959.0,2026-01-29,156959.0,Physical Inspection,2.0,156959.0,78479.5,107562.0,2026-03-24,2026-05-27,Shiv kumar thekedar,True,2026-07-23,156959.0,1.0,0.0,54.0,64.0,175.0,1
Normal/Others,WS/MP18226/2025-2026/252561,Uttar Pradesh,KHERI,UTKARSH VERMA MADHUR,KHERI,Gram Katkusma Masjid ke Pass 01 Semi high Mast Light 6th ka Adhishtapan kary.,2025-12-06,156959.0,2026-01-29,156959.0,Physical Inspection,2.0,156959.0,78479.5,107562.0,2026-03-24,2026-05-27,Shiv kumar thekedar,True,2026-07-23,156959.0,1.0,0.0,54.0,64.0,175.0,1
Normal/Others,WS/MP18226/2025-2026/252562,Uttar Pradesh,KHERI,UTKARSH VERMA MADHUR,KHERI,Gram Amkotwa me Shiv Mandir ke Pass 01 Semi high Mast Light 6th ka Adhishtapan kary.,2025-12-06,156959.0,2026-01-29,156959.0,Physical Inspection,2.0,156959.0,78479.5,107562.0,2026-03-24,2026-05-27,Shiv kumar thekedar,True,2026-07-23,156959.0,1.0,0.0,54.0,64.0,175.0,1
Normal/Others,WS/MP18226/2025-2026/252563,Uttar Pradesh,KHERI,UTKARSH VERMA MADHUR,KHERI,Gram Pakriya me Budhwa me Shrikrshna Bhargaw ke Makan ke  Pass 01 Semi high Mast Light 6th ka Adhishtapan kary.,2025-12-06,156959.0,2026-01-29,156959.0,Physical Inspection,2.0,156959.0,78479.5,107562.0,2026-03-24,2026-05-27,Shiv kumar thekedar,True,2026-07-23,156959.0,1.0,0.0,54.0,64.0,175.0,1
Normal/Others,WS/MP18226/2025-2026/252564,Uttar Pradesh,KHERI,UTKARSH VERMA MADHUR,KHERI,Gram Pakriya me Budhwa me Bahouri lal nishad ke Makan ke Pass 01 Semi high Mast Light 6th ka Adhishtapan kary.,2025-12-06,156959.0,2026-01-29,156959.0,Physical Inspection,2.0,156959.0,78479.5,107562.0,2026-03-24,2026-05-27,Shiv kumar thekedar,True,2026-07-23,156959.0,1.0,0.0,54.0,64.0,175.0,1
Normal/Others,WS/MP18226/2025-2026/252565,Uttar Pradesh,KHERI,UTKARSH VERMA MADHUR,KHERI,Gram Banjriya ke Semraha Purwa me Shiv Mandir ke Pass 01 Semi high Mast Light 6th ka Adhishtapan kary.,2025-12-06,156959.0,2026-01-29,156959.0,Physical Inspection,2.0,156959.0,78479.5,107562.0,2026-03-24,2026-05-27,Shiv kumar thekedar,True,2026-07-23,156959.0,1.0,0.0,54.0,64.0,175.0,1
Normal/Others,WS/MP18226/2025-2026/252566,Uttar Pradesh,KHERI,UTKARSH VERMA MADHUR,KHERI,Gram Daudpur me devi Mandir ke pass 01 Semi high Mast Light 6th ka Adhishtapan kary.,2025-12-06,156959.0,2026-01-29,156959.0,Physical Inspection,2.0,156959.0,78479.5,107562.0,2026-03-24,2026-05-27,Shiv kumar thekedar,True,2026-07-23,156959.0,1.0,0.0,54.0,64.0,175.0,1
Normal/Others,WS/MP18226/2025-2026/252567,Uttar Pradesh,KHERI,UTKARSH VERMA MADHUR,KHERI,Gram Kotthiya me Satti Mata Mandir ke Pass 01 Semi high Mast Light 6th ka Adhishtapan kary.,2025-12-06,156959.0,2026-01-29,156959.0,Physical Inspection,2.0,156959.0,78479.5,107562.0,2026-03-24,2026-05-27,Shiv kumar thekedar,True,2026-07-23,156959.0,1.0,0.0,54.0,64.0,175.0,1
Normal/Others,WS/MP18226/2025-2026/259848,Uttar Pradesh,KHERI,UTKARSH VERMA MADHUR,KHERI,Installation of 6th phase semi-high mast lights in Lakhimpur Development Block at 9 different locations as per the attached list.,2026-01-19,1412632.0,2026-03-07,1412632.0,Physical Inspection,2.0,1412632.0,706316.0,968050.0,2026-05-12,2026-07-02,Shiv kumar thekedar,True,2026-07-29,1412632.0,1.0,0.0,47.0,51.0,144.0,1
Normal/Others,WS/MP18226/2025-2026/259849,Uttar Pradesh,KHERI,UTKARSH VERMA MADHUR,KHERI,Installation of 6th phase semi-high mast lights in Nighasan Development Block at 14 different locations as per the attached list.,2026-01-19,2197428.0,2026-03-07,2197428.0,Physical Inspection,2.0,2197428.0,1098714.0,1505855.0,2026-05-14,2026-07-02,Shiv kumar thekedar,True,2026-07-29,2197428.0,1.0,0.0,47.0,49.0,144.0,1
Normal/Others,WS/MP18226/2025-2026/259851,Uttar Pradesh,KHERI,UTKARSH VERMA MADHUR,KHERI,Installation of 6th phase semi-high mast lights in Bankeganj Development Block at 12 different locations as per the attached list.,2026-01-19,1883510.0,2026-03-07,1883510.0,Physical Inspection,2.0,1883510.0,941755.0,1290732.0,2026-05-12,2026-07-02,Shiv kumar thekedar,True,2026-07-29,1883510.0,1.0,0.0,47.0,51.0,144.0,1
Normal/Others,WS/MP18226/2025-2026/259852,Uttar Pradesh,KHERI,UTKARSH VERMA MADHUR,KHERI,Installation work of 6th phase semi-high mast lights in Bankeganj Development Block at 15 different locations as per the attached list.,2026-01-19,2354387.0,2026-03-07,2354387.0,Physical Inspection,2.0,2354387.0,1177193.5,1613416.0,2026-05-12,2026-07-02,Shiv kumar thekedar,True,2026-07-29,2354387.0,1.0,0.0,47.0,51.0,144.0,1
Normal/Others,WS/MP18226/2024-2025/168942,Uttar Pradesh,KHERI,UTKARSH VERMA MADHUR,KHERI,Installation work of a semi high mast light 6 way near Shivala intersection in village Midaniya Shivalapurwa,2025-01-25,166050.0,2025-03-17,166050.0,Physical Inspection,2.0,166050.0,83025.0,108349.0,2025-06-25,2025-09-21,Shiv Kumar,False,2026-01-21,166050.0,1.0,0.0,51.0,88.0,310.0,1
Normal/Others,WS/MP18226/2024-2025/168943,Uttar Pradesh,KHERI,UTKARSH VERMA MADHUR,KHERI,Installation work of a semi high mast light 6 way near Mata Rani Mandir intersection in village Mathana.,2025-01-25,166050.0,2025-03-17,166050.0,Physical Inspection,2.0,166050.0,83025.0,108349.0,2025-06-25,2025-09-21,Shiv Kumar,False,2026-01-21,166050.0,1.0,0.0,51.0,88.0,310.0,1
Normal/Others,WS/MP18226/2024-2025/168944,Uttar Pradesh,KHERI,UTKARSH VERMA MADHUR,KHERI,Installation work of a semi high mast light 6 way near Matarani and Shiv Ji Mandir intersection in village Bhansadiya.,2025-01-25,166050.0,2025-03-17,166050.0,Physical Inspection,2.0,166050.0,83025.0,108349.0,2025-06-25,2025-09-21,Shiv Kumar,False,2026-01-21,166050.0,1.0,0.0,51.0,88.0,310.0,1
Normal/Others,WS/MP18226/2024-2025/168945,Uttar Pradesh,KHERI,UTKARSH VERMA MADHUR,KHERI,Installation work of a semi high mast light 6 way near Shiv ji temple intersection in village Chhauch.,2025-01-25,166050.0,2025-03-17,166050.0,Physical Inspection,2.0,166050.0,83025.0,108349.0,2025-06-25,2025-09-21,Shiv Kumar,False,2026-01-21,166050.0,1.0,0.0,51.0,88.0,310.0,1
Normal/Others,WS/MP18226/2024-2025/168946,Uttar Pradesh,KHERI,UTKARSH VERMA MADHUR,KHERI,Installation work of a semi high mast light 6 way near the masjid intersection in village Chhauch.,2025-01-25,166050.0,2025-03-17,166050.0,Physical Inspection,2.0,166050.0,83025.0,108349.0,2025-06-25,2025-09-21,Shiv Kumar,False,2026-01-21,166050.0,1.0,0.0,51.0,88.0,310.0,1
Normal/Others,WS/MP18226/2024-2025/168947,Uttar Pradesh,KHERI,UTKARSH VERMA MADHUR,KHERI,Installation work of a semi high mast light 6 way near Ved Mata Gayatri Shakti Peeth intersection in Municipality Lakhimpur.,2025-01-25,166050.0,2025-03-17,166050.0,Physical Inspection,2.0,166050.0,83025.0,108349.0,2025-06-25,2025-09-22,Shiv Kumar,False,2026-01-21,166050.0,1.0,0.0,51.0,89.0,310.0,1
Normal/Others,WS/MP18226/2024-2025/168948,Uttar Pradesh,KHERI,UTKARSH VERMA MADHUR,KHERI,Installation work of a semi high mast light 6 way near the masjid intersection in village Shivalapurwa.,2025-01-25,166050.0,2025-03-17,166050.0,Physical Inspection,2.0,166050.0,83025.0,108349.0,2025-06-25,2025-09-21,Shiv Kumar,False,2026-01-21,166050.0,1.0,0.0,51.0,88.0,310.0,1
Normal/Others,WS/MP18226/2024-2025/168949,Uttar Pradesh,KHERI,UTKARSH VERMA MADHUR,KHERI,Installation work of a semi high mast light 6 way near Shitala Mata Mandir intersection in village Katiya.,2025-01-25,166050.0,2025-03-17,166050.0,Physical Inspection,2.0,166050.0,83025.0,108349.0,2025-06-26,2025-09-21,Shiv Kumar,False,2026-01-21,166050.0,1.0,0.0,51.0,87.0,310.0,1
Normal/Others,WS/MP18226/2024-2025/168950,Uttar Pradesh,KHERI,UTKARSH VERMA MADHUR,KHERI,Installation work of a semi high mast light 6 way near the intersection of the house of Prithvipal Bhargava former head in village Markhapur.,2025-01-25,166050.0,2025-03-17,166050.0,Physical Inspection,2.0,166050.0,83025.0,108349.0,2025-06-26,2025-09-21,Shiv Kumar,False,2026-01-21,166050.0,1.0,0.0,51.0,87.0,310.0,1
Normal/Others,WS/MP18226/2024-2025/168951,Uttar Pradesh,KHERI,UTKARSH VERMA MADHUR,KHERI,Installation work of a semi high mast light 6 way near the intersection of Chhanga Lal BDC house in village Saidhari.,2025-01-25,166050.0,2025-03-17,166050.0,Physical Inspection,2.0,166050.0,83025.0,108349.0,2025-06-26,2025-09-21,Shiv Kumar,False,2026-01-21,166050.0,1.0,0.0,51.0,87.0,310.0,1
Normal/Others,WS/MP18226/2024-2025/168961,Uttar Pradesh,KHERI,UTKARSH VERMA MADHUR,KHERI,Installation work of a semi high mast light 6 way near Nakki Baba Mandir intersection in village Sehrua.,2025-01-25,166050.0,2025-03-17,166050.0,Physical Inspection,2.0,166050.0,83025.0,108349.0,2025-06-26,2025-09-21,Shiv Kumar,False,2026-01-21,166050.0,1.0,0.0,51.0,87.0,310.0,1
Normal/Others,WS/MP18226/2024-2025/168962,Uttar Pradesh,KHERI,UTKARSH VERMA MADHUR,KHERI,Installation work of a semi high mast light 6 way near the intersection of Kali Mandir in the middle of village Jhasiya Katiya.,2025-01-25,166050.0,2025-03-17,166050.0,Physical Inspection,2.0,166050.0,83025.0,108349.0,2025-06-26,2025-09-21,Shiv Kumar,False,2026-01-21,166050.0,1.0,0.0,51.0,87.0,310.0,1
Normal/Others,WS/MP18226/2024-2025/168963,Uttar Pradesh,KHERI,UTKARSH VERMA MADHUR,KHERI,Installation work of a semi high mast light 6 way near the masjid intersection in village Hardaspur.,2025-01-25,166050.0,2025-03-17,166050.0,Physical Inspection,2.0,166050.0,83025.0,108349.0,2025-06-26,2025-09-21,Shiv Kumar,False,2026-01-21,166050.0,1.0,0.0,51.0,87.0,310.0,1
Normal/Others,WS/MP18226/2024-2025/168964,Uttar Pradesh,KHERI,UTKARSH VERMA MADHUR,KHERI,Installation work of a semi high mast light 6 way near Hanuman Mandir intersection in village Bairagar.,2025-01-25,166050.0,2025-03-12,166050.0,Physical Inspection,2.0,166050.0,83025.0,108349.0,2025-06-26,2025-09-21,Shiv Kumar,False,2026-01-21,166050.0,1.0,0.0,46.0,87.0,315.0,1
Normal/Others,WS/MP18226/2024-2025/168965,Uttar Pradesh,KHERI,UTKARSH VERMA MADHUR,KHERI,Installation work of a semi high mast light 6 way near Jama Gaunsia Masjid intersection in village Parsadaha.,2025-01-25,166050.0,2025-03-12,166050.0,Physical Inspection,2.0,166050.0,83025.0,108349.0,2025-06-26,2025-09-21,Shiv Kumar,False,2026-01-21,166050.0,1.0,0.0,46.0,87.0,315.0,1
Normal/Others,WS/MP18226/2024-2025/168966,Uttar Pradesh,KHERI,UTKARSH VERMA MADHUR,KHERI,Installation work of a semi high mast light 6 way near Kali Mata Mandir intersection in village Jamuniya.,2025-01-25,166050.0,2025-03-12,166050.0,Physical Inspection,2.0,166050.0,83025.0,108349.0,2025-06-26,2025-09-21,Shiv Kumar,False,2026-01-21,166050.0,1.0,0.0,46.0,87.0,315.0,1
Normal/Others,WS/MP18226/2024-2025/168967,Uttar Pradesh,KHERI,UTKARSH VERMA MADHUR,KHERI,Installation work of a semi high mast light 6 way near the intersection of Bhagauti Mata Temple in village Raipur.,2025-01-25,166033.0,2025-03-12,166033.0,Physical Inspection,2.0,166033.0,83016.5,108338.0,2025-05-26,2025-09-20,Shiv Kumar,False,2026-01-21,166033.0,1.0,0.0,46.0,117.0,315.0,1
Normal/Others,WS/MP18226/2024-2025/168968,Uttar Pradesh,KHERI,UTKARSH VERMA MADHUR,KHERI,Installation work of a semi high mast light 6 way near the temple intersection in village Banika.,2025-01-25,166033.0,2025-03-12,166033.0,Physical Inspection,2.0,166033.0,83016.5,108338.0,2025-05-26,2025-09-20,Shiv Kumar,False,2026-01-21,166033.0,1.0,0.0,46.0,117.0,315.0,1
Normal/Others,WS/MP18226/2024-2025/168969,Uttar Pradesh,KHERI,UTKARSH VERMA MADHUR,KHERI,Installation work of a semi high mast light 6 way near the intersection of Gurudwara in village Banika.,2025-01-25,166033.0,2025-03-12,166033.0,Physical Inspection,2.0,166033.0,83016.5,108338.0,2025-05-26,2025-09-20,Shiv Kumar,False,2026-01-21,166033.0,1.0,0.0,46.0,117.0,315.0,1
Normal/Others,WS/MP18226/2024-2025/168970,Uttar Pradesh,KHERI,UTKARSH VERMA MADHUR,KHERI,Installation work of a semi high mast light 6 way near Khanipur Gurudwara intersection in village Khanipur.,2025-01-25,166033.0,2025-03-12,166033.0,Physical Inspection,2.0,166033.0,83016.5,114040.0,2025-06-28,2025-09-20,Shiv Kumar,True,2026-01-20,166033.0,1.0,0.0,46.0,84.0,314.0,1
Normal/Others,WS/MP18226/2024-2025/168979,Uttar Pradesh,KHERI,UTKARSH VERMA MADHUR,KHERI,Installation work of a semi high mast light 6 way near Raghav Ji Mandir intersection in village Nakaha.,2025-01-25,166033.0,2025-03-12,166033.0,Physical Inspection,2.0,166033.0,83016.5,114040.0,2025-06-28,2025-09-20,Shiv Kumar,False,2026-01-20,166033.0,1.0,0.0,46.0,84.0,314.0,1
Normal/Others,WS/MP18226/2024-2025/168980,Uttar Pradesh,KHERI,UTKARSH VERMA MADHUR,KHERI,Installation work of a semi high mast light 6 way near Noori Barkati Masjid intersection in village Nakaha.,2025-01-25,166033.0,2025-03-12,166033.0,Physical Inspection,2.0,166033.0,83016.5,114040.0,2025-06-28,2025-09-20,Shiv Kumar,True,2026-01-20,166033.0,1.0,0.0,46.0,84.0,314.0,1
Normal/Others,WS/MP18226/2024-2025/168981,Uttar Pradesh,KHERI,UTKARSH VERMA MADHUR,KHERI,Installation work of a semi high mast light 6 way near Radhakrishna Temple intersection in village Nakaha.,2025-01-25,166033.0,2025-03-12,166033.0,Physical Inspection,2.0,166033.0,83016.5,114040.0,2025-06-28,2025-09-20,Shiv Kumar,True,2026-01-20,166033.0,1.0,0.0,46.0,84.0,314.0,1
Normal/Others,WS/MP18226/2024-2025/168982,Uttar Pradesh,KHERI,UTKARSH VERMA MADHUR,KHERI,Installation work of a semi high mast light 6 way near the temple intersection by Thakur in village Katkusama.,2025-01-25,166033.0,2025-03-12,166033.0,Physical Inspection,2.0,166033.0,83016.5,114040.0,2025-06-28,2025-09-20,Shiv Kumar,True,2026-01-20,166033.0,1.0,0.0,46.0,84.0,314.0,1
Normal/Others,WS/MP18226/2024-2025/168983,Uttar Pradesh,KHERI,UTKARSH VERMA MADHUR,KHERI,Installation work of a semi high mast light 6 way near Durga Devi Temple intersection in village Jagsad.,2025-01-25,166033.0,2025-03-12,166033.0,Physical Inspection,2.0,166033.0,83016.5,114040.0,2025-06-28,2025-09-20,Shiv Kumar,True,2026-01-20,166033.0,1.0,0.0,46.0,84.0,314.0,1
Normal/Others,WS/MP18226/2024-2025/168984,Uttar Pradesh,KHERI,UTKARSH VERMA MADHUR,KHERI,Installation work of a semi high mast light 6 way near Sati Mata Mandir intersection in village Sakethu.,2025-01-25,166033.0,2025-03-12,166033.0,Physical Inspection,2.0,166033.0,83016.5,114040.0,2025-06-28,2025-09-20,Shiv Kumar,True,2026-01-20,166033.0,1.0,0.0,46.0,84.0,314.0,1
Normal/Others,WS/MP18226/2024-2025/168987,Uttar Pradesh,KHERI,UTKARSH VERMA MADHUR,KHERI,Installation work of a semi high mast light 6 way near Devi Mandir intersection in village Chahamalpur.,2025-01-25,166033.0,2025-03-12,166033.0,Physical Inspection,2.0,166033.0,83016.5,114040.0,2025-06-28,2025-09-20,Shiv Kumar,True,2026-01-20,166033.0,1.0,0.0,46.0,84.0,314.0,1
Normal/Others,WS/MP18226/2024-2025/168989,Uttar Pradesh,KHERI,UTKARSH VERMA MADHUR,KHERI,Installation work of a semi high mast light 6 way near Mahakaleshwar Temple intersection in village Badhaidih (Parsia).,2025-01-25,166033.0,2025-03-12,166033.0,Physical Inspection,2.0,166033.0,83016.5,114040.0,2025-06-28,2025-09-20,Shiv Kumar,True,2026-01-20,166033.0,1.0,0.0,46.0,84.0,314.0,1
Normal/Others,WS/MP18226/2024-2025/168990,Uttar Pradesh,KHERI,UTKARSH VERMA MADHUR,KHERI,Installation work of a semi high mast light 6 way near Madrasa wali Masjid intersection in village Emamipurwa.,2025-01-25,166033.0,2025-03-12,166033.0,Physical Inspection,2.0,166033.0,83016.5,114040.0,2025-06-28,2025-09-20,Shiv Kumar,True,2026-01-20,166033.0,1.0,0.0,46.0,84.0,314.0,1
Normal/Others,WS/MP18226/2024-2025/168991,Uttar Pradesh,KHERI,UTKARSH VERMA MADHUR,KHERI,Installation work of a semi high mast light 6 way near Madina Masjid intersection in village Jhampurwa.,2025-01-25,166033.0,2025-03-12,166033.0,Physical Inspection,2.0,166033.0,83016.5,114040.0,2025-06-28,2025-09-20,Shiv Kumar,True,2026-01-20,166033.0,1.0,0.0,46.0,84.0,314.0,1
Normal/Others,WS/MP18226/2024-2025/168994,Uttar Pradesh,KHERI,UTKARSH VERMA MADHUR,KHERI,Installation work of a semi high mast light 6 way near Hanuman Mandir intersection in village Bhiraghasi.,2025-01-25,166033.0,2025-03-12,166033.0,Physical Inspection,2.0,166033.0,83016.5,114040.0,2025-06-28,2025-09-20,Shiv Kumar,True,2026-01-20,166033.0,1.0,0.0,46.0,84.0,314.0,1
Normal/Others,WS/MP18226/2024-2025/168995,Uttar Pradesh,KHERI,UTKARSH VERMA MADHUR,KHERI,Installation work of a semi high mast light 6 way near Jama Masjid intersection in village Bhiraghasi.,2025-01-25,166033.0,2025-03-12,166033.0,Physical Inspection,2.0,166033.0,83016.5,114040.0,2025-06-28,2025-09-20,Shiv Kumar,True,2026-01-20,166033.0,1.0,0.0,46.0,84.0,314.0,1
Normal/Others,WS/MP18226/2024-2025/168996,Uttar Pradesh,KHERI,UTKARSH VERMA MADHUR,KHERI,Installation work of a semi high mast light 6 way near Sumer Giri Baba Mandir intersection in village Belwa.,2025-01-25,166033.0,2025-03-12,166033.0,Physical Inspection,2.0,166033.0,83016.5,114040.0,2025-06-28,2025-09-20,Shiv Kumar,True,2026-01-20,166033.0,1.0,0.0,46.0,84.0,314.0,1
Normal/Others,WS/MP18226/2024-2025/168997,Uttar Pradesh,KHERI,UTKARSH VERMA MADHUR,KHERI,Installation work of a semi high mast light 6 way near Jind Baba intersection in village Bhagha.,2025-01-25,166033.0,2025-03-12,166033.0,Physical Inspection,2.0,166033.0,83016.5,114040.0,2025-06-28,2025-09-20,Shiv Kumar,True,2026-01-20,166033.0,1.0,0.0,46.0,84.0,314.0,1
Normal/Others,WS/MP18226/2024-2025/168998,Uttar Pradesh,KHERI,UTKARSH VERMA MADHUR,KHERI,Installation work of a semi high mast light 6 way near the old Jama Masjid intersection in village Ghosiana (Banjaria).,2025-01-25,166033.0,2025-03-12,166033.0,Physical Inspection,2.0,166033.0,83016.5,114040.0,2025-06-28,2025-09-20,Shiv Kumar,True,2026-01-20,166033.0,1.0,0.0,46.0,84.0,314.0,1
Normal/Others,WS/MP18226/2024-2025/168999,Uttar Pradesh,KHERI,UTKARSH VERMA MADHUR,KHERI,Installation work of a semi high mast light 6 way near Mata Ji Mandir intersection in village Saidapur (Siraincha).,2025-01-25,166033.0,2025-03-12,166033.0,Physical Inspection,2.0,166033.0,83016.5,114040.0,2025-06-28,2025-09-20,Shiv Kumar,True,2026-01-20,166033.0,1.0,0.0,46.0,84.0,314.0,1
Normal/Others,WS/MP18226/2024-2025/169000,Uttar Pradesh,KHERI,UTKARSH VERMA MADHUR,KHERI,Installation work of a semi high mast light 6 way near Dev Sthan intersection in village Trikauliyapurwa.,2025-01-25,166033.0,2025-03-12,166033.0,Physical Inspection,2.0,166033.0,83016.5,114040.0,2025-06-28,2025-09-20,Shiv Kumar,True,2026-01-20,166033.0,1.0,0.0,46.0,84.0,314.0,1
Normal/Others,WS/MP18226/2024-2025/169001,Uttar Pradesh,KHERI,UTKARSH VERMA MADHUR,KHERI,Installation work of a semi high mast light 6 way near Kali Mata Mandir intersection in village Mahola.,2025-01-25,166033.0,2025-03-12,166033.0,Physical Inspection,2.0,166033.0,83016.5,114040.0,2025-06-28,2025-09-20,Shiv Kumar,True,2026-01-20,166033.0,1.0,0.0,46.0,84.0,314.0,1
Normal/Others,WS/MP18226/2024-2025/169002,Uttar Pradesh,KHERI,UTKARSH VERMA MADHUR,KHERI,Installation work of a semi high mast light 6 way near Shiv Ji Mandir intersection in village Devaria.,2025-01-25,166033.0,2025-03-12,166033.0,Physical Inspection,2.0,166033.0,83016.5,114040.0,2025-06-28,2025-09-20,Shiv Kumar,True,2026-01-21,166033.0,1.0,0.0,46.0,84.0,315.0,1
Normal/Others,WS/MP18226/2024-2025/169003,Uttar Pradesh,KHERI,UTKARSH VERMA MADHUR,KHERI,Installation work of a semi high mast light 6 way near the Masjid intersection in village Deoria.,2025-01-25,166033.0,2025-03-12,166033.0,Physical Inspection,2.0,166033.0,83016.5,114040.0,2025-06-28,2025-09-20,Shiv Kumar,True,2026-01-20,166033.0,1.0,0.0,46.0,84.0,314.0,1
Normal/Others,WS/MP18226/2024-2025/169018,Uttar Pradesh,KHERI,UTKARSH VERMA MADHUR,KHERI,Installation work of a semi high mast light 6 way near Kali Mata Mandir intersection in village Mohaddipur.,2025-01-25,166033.0,2025-03-12,166033.0,Physical Inspection,2.0,166033.0,83016.5,114040.0,2025-06-28,2025-09-20,Shiv Kumar,True,2026-01-20,166033.0,1.0,0.0,46.0,84.0,314.0,1
Normal/Others,WS/MP18226/2024-2025/169019,Uttar Pradesh,KHERI,UTKARSH VERMA MADHUR,KHERI,Installation work of a semi high mast light 6 way near Shankar Ji Mandir intersection in village Sunda.,2025-01-25,166033.0,2025-03-12,166033.0,Physical Inspection,2.0,166033.0,83016.5,114040.0,2025-06-28,2025-09-20,Shiv Kumar,True,2026-01-21,166033.0,1.0,0.0,46.0,84.0,315.0,1
Normal/Others,WS/MP18226/2024-2025/169020,Uttar Pradesh,KHERI,UTKARSH VERMA MADHUR,KHERI,Installation work of a semi high mast light 6 way near the intersection of Shankar ji temple in village Padri.,2025-01-25,166033.0,2025-03-12,166033.0,Physical Inspection,2.0,166033.0,83016.5,114040.0,2025-06-28,2025-09-20,Shiv Kumar,False,2026-01-21,166033.0,1.0,0.0,46.0,84.0,315.0,1
Normal/Others,WS/MP18226/2024-2025/169021,Uttar Pradesh,KHERI,UTKARSH VERMA MADHUR,KHERI,Installation work of a semi high mast light 6 way near Shankar Ji Mandir intersection in village Chaupur.,2025-01-25,166033.0,2025-03-12,166033.0,Physical Inspection,2.0,166033.0,83016.5,114040.0,2025-06-28,2025-09-20,Shiv Kumar,False,2026-01-21,166033.0,1.0,0.0,46.0,84.0,315.0,1
Normal/Others,WS/MP18226/2024-2025/169022,Uttar Pradesh,KHERI,UTKARSH VERMA MADHUR,KHERI,Installation work of a semi high mast light 6 way near Chhatrapal house intersection in village Ashogapur,2025-01-25,166033.0,2025-03-12,166033.0,Physical Inspection,2.0,166033.0,83016.5,114040.0,2025-06-28,2025-09-20,Shiv Kumar,False,2026-01-21,166033.0,1.0,0.0,46.0,84.0,315.0,1
Normal/Others,WS/MP18226/2024-2025/169023,Uttar Pradesh,KHERI,UTKARSH VERMA MADHUR,KHERI,Installation work of a semi high mast light 6 way near Sardar Gurudayal Singh house intersection in village Basaigapur.,2025-01-25,166033.0,2025-03-12,166033.0,Physical Inspection,2.0,166033.0,83016.5,114040.0,2025-06-28,2025-09-20,Shiv Kumar,False,2026-01-21,166033.0,1.0,0.0,46.0,84.0,315.0,1
Normal/Others,WS/MP18226/2024-2025/169024,Uttar Pradesh,KHERI,UTKARSH VERMA MADHUR,KHERI,Installation work of a semi high mast light 6 way near Babbu Rastogi house intersection in village Amritaganj.,2025-01-25,166033.0,2025-03-12,166033.0,Physical Inspection,2.0,166033.0,83016.5,114040.0,2025-06-28,2025-09-20,Shiv Kumar,False,2026-01-21,166033.0,1.0,0.0,46.0,84.0,315.0,1
Normal/Others,WS/MP18226/2024-2025/169025,Uttar Pradesh,KHERI,UTKARSH VERMA MADHUR,KHERI,Installation work of a semi high mast light 6way near the intersection of Narendra Kumar Verma Purv pradhan  house in village Chahamalpur.,2025-01-25,166033.0,2025-03-12,166033.0,Physical Inspection,2.0,166033.0,83016.5,114040.0,2025-06-28,2025-09-20,Shiv Kumar,True,2026-01-21,166033.0,1.0,0.0,46.0,84.0,315.0,1
Normal/Others,WS/MP18226/2024-2025/169026,Uttar Pradesh,KHERI,UTKARSH VERMA MADHUR,KHERI,Installation work of a semi high mast light 6 way near the house intersection of Siyaram Bhargava Purv pradhan head in village Matehi.,2025-01-25,166033.0,2025-03-12,166033.0,Physical Inspection,2.0,166033.0,83016.5,114040.0,2025-06-28,2025-09-20,Shiv Kumar,True,2026-01-21,166033.0,1.0,0.0,46.0,84.0,315.0,1
Normal/Others,WS/MP18226/2024-2025/169027,Uttar Pradesh,KHERI,UTKARSH VERMA MADHUR,KHERI,Installation work of a semi high mast light 6 way near the temple intersection near Shankar Baksh Singh in village Saidipur Harraiya.,2025-01-25,166033.0,2025-03-12,166033.0,Physical Inspection,2.0,166033.0,83016.5,114040.0,2025-06-28,2025-09-20,Shiv Kumar,False,2026-01-21,166033.0,1.0,0.0,46.0,84.0,315.0,1
Normal/Others,WS/MP18226/2024-2025/169042,Uttar Pradesh,KHERI,UTKARSH VERMA MADHUR,KHERI,Installation work of a semi high mast light 6 way near Durga Mandir intersection in village Jagdishpur of Gram Panchayat Saidapur Bhau.,2025-01-25,166050.0,2025-03-12,166050.0,Physical Inspection,2.0,166050.0,83025.0,108349.0,2025-06-25,2025-09-21,Shiv Kumar,False,2026-01-21,166050.0,1.0,0.0,46.0,88.0,315.0,1
Normal/Others,WS/MP18226/2024-2025/169043,Uttar Pradesh,KHERI,UTKARSH VERMA MADHUR,KHERI,Installation work of a semi high mast light 6way near village Ghosiana Masjid intersection of Gram Panchayat Saidapur Devkali.,2025-01-25,166050.0,2025-03-12,166050.0,Physical Inspection,2.0,166050.0,83025.0,108349.0,2025-06-25,2025-09-21,Shiv Kumar,False,2026-01-21,166050.0,1.0,0.0,46.0,88.0,315.0,1
Normal/Others,WS/MP18226/2024-2025/169044,Uttar Pradesh,KHERI,UTKARSH VERMA MADHUR,KHERI,Installation work of a semi high mast light 6 way near the intersection of the house of Honorable Purv MLA Ram Sharan ji in Village Panchayat Ramuapur Bijauli.,2025-01-25,166050.0,2025-03-12,166050.0,Physical Inspection,2.0,166050.0,83025.0,108349.0,2025-06-25,2025-09-21,Shiv Kumar,False,2026-01-21,166050.0,1.0,0.0,46.0,88.0,315.0,1
Normal/Others,WS/MP18226/2024-2025/169045,Uttar Pradesh,KHERI,UTKARSH VERMA MADHUR,KHERI,Installation work of a semi high mast light 6 way near Arvind Raj house intersection in Gram Panchayat Pachpedwa.,2025-01-25,166050.0,2025-03-12,166050.0,Physical Inspection,2.0,166050.0,83025.0,108349.0,2025-06-25,2025-09-21,Shiv Kumar,False,2026-01-21,166050.0,1.0,0.0,46.0,88.0,315.0,1
Normal/Others,WS/MP18226/2024-2025/169046,Uttar Pradesh,KHERI,UTKARSH VERMA MADHUR,KHERI,Installation work of a semi high mast light 6 way near Mahesh Kanojia house intersection in Gram Panchayat Rajaganj.,2025-01-25,166050.0,2025-03-12,166050.0,Physical Inspection,2.0,166050.0,83025.0,108349.0,2025-06-25,2025-09-21,Shiv Kumar,False,2026-01-21,166050.0,1.0,0.0,46.0,88.0,315.0,1
Normal/Others,WS/MP18226/2024-2025/169047,Uttar Pradesh,KHERI,UTKARSH VERMA MADHUR,KHERI,Installation work of a semi high mast light 6 way near Veerpal Verma house intersection in Gram Panchayat Jiganha.,2025-01-25,166050.0,2025-03-12,166050.0,Physical Inspection,2.0,166050.0,83025.0,108349.0,2025-06-25,2025-09-21,Shiv Kumar,False,2026-01-21,166050.0,1.0,0.0,46.0,88.0,315.0,1
Normal/Others,WS/MP18226/2024-2025/169048,Uttar Pradesh,KHERI,UTKARSH VERMA MADHUR,KHERI,Installation work of a semi high mast light 6 way near the temple intersection in village Karanpur in Gram Panchayat Karanpur.,2025-01-25,166050.0,2025-03-12,166050.0,Physical Inspection,2.0,166050.0,83025.0,108349.0,2025-06-25,2025-09-21,Shiv Kumar,False,2026-01-21,166050.0,1.0,0.0,46.0,88.0,315.0,1
Normal/Others,WS/MP18226/2024-2025/169049,Uttar Pradesh,KHERI,UTKARSH VERMA MADHUR,KHERI,Installation work of a semi high mast light 6way near the temple intersection in Gram Panchayat Murtiha.,2025-01-25,166050.0,2025-03-12,166050.0,Physical Inspection,2.0,166050.0,83025.0,108349.0,2025-06-25,2025-09-21,Shiv Kumar,False,2026-01-21,166050.0,1.0,0.0,46.0,88.0,315.0,1
Normal/Others,WS/MP18226/2024-2025/169050,Uttar Pradesh,KHERI,UTKARSH VERMA MADHUR,KHERI,Installation work of a semi high mast light 6 way near village Rajepur Devi Mandir intersection of Gram Panchayat Kaimhra.,2025-01-25,166050.0,2025-03-12,166050.0,Physical Inspection,2.0,166050.0,83025.0,108349.0,2025-06-25,2025-09-21,Shiv Kumar,False,2026-01-21,166050.0,1.0,0.0,46.0,88.0,315.0,1
Normal/Others,WS/MP18226/2024-2025/169051,Uttar Pradesh,KHERI,UTKARSH VERMA MADHUR,KHERI,Installation work of a semi high mast light 6 way near Khakhraha Mandir intersection in Gram Panchayat Aman Lala.,2025-01-25,166050.0,2025-03-12,166050.0,Physical Inspection,2.0,166050.0,83025.0,108349.0,2025-06-25,2025-09-21,Shiv Kumar,False,2026-01-21,166050.0,1.0,0.0,46.0,88.0,315.0,1
Normal/Others,WS/MP18226/2024-2025/169054,Uttar Pradesh,KHERI,UTKARSH VERMA MADHUR,KHERI,Installation work of a semi high mast light 6 way near Durga Mandir intersection in village Pipariya Andu of Gram Panchayat Lakesar.,2025-01-25,166050.0,2025-03-12,166050.0,Physical Inspection,2.0,166050.0,83025.0,108349.0,2025-06-25,2025-09-21,Shiv Kumar,False,2026-01-21,166050.0,1.0,0.0,46.0,88.0,315.0,1
Normal/Others,WS/MP18226/2024-2025/169055,Uttar Pradesh,KHERI,UTKARSH VERMA MADHUR,KHERI,Installation work of a semi high mast light 6way at the intersection near the masjid in Gram Panchayat Raunsa.,2025-01-25,166050.0,2025-03-12,166050.0,Physical Inspection,2.0,166050.0,83025.0,108349.0,2025-06-25,2025-09-21,Shiv Kumar,False,2026-01-21,166050.0,1.0,0.0,46.0,88.0,315.0,1
Normal/Others,WS/MP18226/2024-2025/169056,Uttar Pradesh,KHERI,UTKARSH VERMA MADHUR,KHERI,Installation work of a semi high mast light 6 way near Mote Baba Mandir intersection in Gram Panchayat Kodhaiya.,2025-01-25,166050.0,2025-03-12,166050.0,Physical Inspection,2.0,166050.0,83025.0,108349.0,2025-06-25,2025-09-21,Shiv Kumar,False,2026-01-21,166050.0,1.0,0.0,46.0,88.0,315.0,1
Normal/Others,WS/MP18226/2024-2025/169057,Uttar Pradesh,KHERI,UTKARSH VERMA MADHUR,KHERI,Installation work of a semi high mast light 6 way near Shiv Mandir intersection in village Nardwalpurwa of Gram Panchayat Nardwal.,2025-01-25,166050.0,2025-03-12,166050.0,Physical Inspection,2.0,166050.0,83025.0,108349.0,2025-06-25,2025-09-21,Shiv Kumar,False,2026-01-21,166050.0,1.0,0.0,46.0,88.0,315.0,1
Normal/Others,WS/MP18226/2024-2025/169058,Uttar Pradesh,KHERI,UTKARSH VERMA MADHUR,KHERI,Installation work of a semi high mast light 6 way near Sandiline Patel Kisan Seva Kendra petrol pump intersection in Gram Panchayat Saidapur Devkali.,2025-01-25,166050.0,2025-03-12,166050.0,Physical Inspection,2.0,166050.0,83025.0,108349.0,2025-06-25,2025-09-21,Shiv Kumar,False,2026-01-21,166050.0,1.0,0.0,46.0,88.0,315.0,1
Normal/Others,WS/MP18226/2024-2025/169059,Uttar Pradesh,KHERI,UTKARSH VERMA MADHUR,KHERI,Installation work of a semi high mast light 6 way near Devraha Dev Sthan intersection in Gram Panchayat Parsehra Bujurg.,2025-01-25,166033.0,2025-03-12,166033.0,Physical Inspection,2.0,166033.0,83016.5,108338.0,2025-05-26,2025-09-20,Shiv Kumar,False,2026-01-21,166033.0,1.0,0.0,46.0,117.0,315.0,1
Normal/Others,WS/MP18226/2024-2025/169060,Uttar Pradesh,KHERI,UTKARSH VERMA MADHUR,KHERI,Installation work of a semi high mast light 6 way near Uttam Bhaiya Saraswati Vigha Mandir intersection in Gram Panchayat Kotri.,2025-01-25,166033.0,2025-03-12,166033.0,Physical Inspection,2.0,166033.0,83016.5,108338.0,2025-05-26,2025-09-20,Shiv Kumar,False,2026-01-21,166033.0,1.0,0.0,46.0,117.0,315.0,1
Normal/Others,WS/MP18226/2024-2025/169061,Uttar Pradesh,KHERI,UTKARSH VERMA MADHUR,KHERI,Installation work of a semi high mast light 6way near Lord Buddha Temple intersection in Gram Panchayat Bhaduri.,2025-01-25,166033.0,2025-03-12,166033.0,Physical Inspection,2.0,166033.0,83016.5,108338.0,2025-05-26,2025-09-20,Shiv Kumar,False,2026-01-21,166033.0,1.0,0.0,46.0,117.0,315.0,1
Normal/Others,WS/MP18226/2024-2025/169062,Uttar Pradesh,KHERI,UTKARSH VERMA MADHUR,KHERI,Installation work of a semi high mast light 6 way near the masjid intersection in village Gopalapur of Gram Panchayat Bhaduri.,2025-01-25,166033.0,2025-03-12,166033.0,Physical Inspection,2.0,166033.0,83016.5,108338.0,2025-05-26,2025-09-20,Shiv Kumar,False,2026-01-21,166033.0,1.0,0.0,46.0,117.0,315.0,1
Normal/Others,WS/MP18226/2024-2025/169063,Uttar Pradesh,KHERI,UTKARSH VERMA MADHUR,KHERI,Installation work of a semi high mast light 6 way near the intersection in Bhadura Bazaar of Gram Panchayat Shankarpur.,2025-01-25,166033.0,2025-03-12,166033.0,Physical Inspection,2.0,166033.0,83016.5,108338.0,2025-05-26,2025-09-20,Shiv Kumar,False,2026-01-21,166033.0,1.0,0.0,46.0,117.0,315.0,1
Normal/Others,WS/MP18226/2024-2025/169071,Uttar Pradesh,KHERI,UTKARSH VERMA MADHUR,KHERI,Installation work of a semi high mast light 6way near Pehalwan Baba intersection in Gram Panchayat Koraiya Mufarat.,2025-01-25,166033.0,2025-03-12,166033.0,Physical Inspection,2.0,166033.0,83016.5,108338.0,2025-05-26,2025-09-20,Shiv Kumar,False,2026-01-21,166033.0,1.0,0.0,46.0,117.0,315.0,1
Normal/Others,WS/MP18226/2024-2025/169072,Uttar Pradesh,KHERI,UTKARSH VERMA MADHUR,KHERI,Installation work of a semi high mast light 6 way near Anup Verma house Tirahe in village Lakshman Nagar of Gram Panchayat Siyathu.,2025-01-25,166033.0,2025-03-12,166033.0,Physical Inspection,2.0,166033.0,83016.5,108338.0,2025-05-26,2025-09-20,Shiv Kumar,False,2026-01-21,166033.0,1.0,0.0,46.0,117.0,315.0,1
Normal/Others,WS/MP18226/2024-2025/169073,Uttar Pradesh,KHERI,UTKARSH VERMA MADHUR,KHERI,Installation work of a semi high mast light 6 way near the market intersection in Gram Panchayat Baragaon.,2025-01-25,166033.0,2025-03-12,166033.0,Physical Inspection,2.0,166033.0,83016.5,114040.0,2025-06-28,2025-09-20,Shiv Kumar,True,2026-01-21,166033.0,1.0,0.0,46.0,84.0,315.0,1
Normal/Others,WS/MP18226/2024-2025/169074,Uttar Pradesh,KHERI,UTKARSH VERMA MADHUR,KHERI,Installation work of a semi high mast light 6way near Nag Baba Sthan Bazar intersection in Gram Panchayat Patrasi.,2025-01-25,166033.0,2025-03-12,166033.0,Physical Inspection,2.0,166033.0,83016.5,114040.0,2025-06-28,2025-09-20,Shiv Kumar,True,2026-01-21,166033.0,1.0,0.0,46.0,84.0,315.0,1
Normal/Others,WS/MP18226/2024-2025/169075,Uttar Pradesh,KHERI,UTKARSH VERMA MADHUR,KHERI,Installation work of a semi high mast light 6way near Surendra Verma house intersection in village Muradnagar of Gram Panchayat Patrasi.,2025-01-25,166033.0,2025-03-12,166033.0,Physical Inspection,2.0,166033.0,83016.5,114040.0,2025-06-28,2025-09-20,Shiv Kumar,True,2026-01-21,166033.0,1.0,0.0,46.0,84.0,315.0,1
Normal/Others,WS/MP18226/2024-2025/169076,Uttar Pradesh,KHERI,UTKARSH VERMA MADHUR,KHERI,Installation work of a semi high mast light 6way near Devi Mandir intersection in Gram Panchayat Hindolna village Gungepur.,2025-01-25,166050.0,2025-03-12,166050.0,Physical Inspection,2.0,166050.0,83025.0,108349.0,2025-07-12,2025-09-22,Shiv Kumar,True,2026-01-21,166050.0,1.0,0.0,46.0,72.0,315.0,1
Normal/Others,WS/MP18226/2024-2025/169077,Uttar Pradesh,KHERI,UTKARSH VERMA MADHUR,KHERI,Installation work of a semi high mast light 6 way near village Chandrika Gaudhi Shiv Mandir intersection of Gram Panchayat Odara.,2025-01-25,166033.0,2025-03-12,166033.0,Physical Inspection,2.0,166033.0,83016.5,114040.0,2025-06-28,2025-09-20,Shiv Kumar,True,2026-01-21,166033.0,1.0,0.0,46.0,84.0,315.0,1
Normal/Others,WS/MP18226/2024-2025/169078,Uttar Pradesh,KHERI,UTKARSH VERMA MADHUR,KHERI,Installation work of a semi high mast light 6way near the intersection of market temple in Gram Panchayat Korara.,2025-01-25,166050.0,2025-03-12,166050.0,Physical Inspection,2.0,166050.0,83025.0,108349.0,2025-07-12,2025-09-22,Shiv Kumar,True,2026-01-21,166050.0,1.0,0.0,46.0,72.0,315.0,1
Normal/Others,WS/MP18226/2024-2025/169079,Uttar Pradesh,KHERI,UTKARSH VERMA MADHUR,KHERI,Installation work of a semi high mast light 6 way near the Shiva temple of Gram Panchayat Maujmabad,2025-01-25,166050.0,2025-03-12,166050.0,Physical Inspection,2.0,166050.0,83025.0,108349.0,2025-07-12,2025-09-22,Shiv Kumar,True,2026-01-21,166050.0,1.0,0.0,46.0,72.0,315.0,1
Normal/Others,WS/MP18226/2024-2025/169080,Uttar Pradesh,KHERI,UTKARSH VERMA MADHUR,KHERI,Installation work of a semi high mast light 6 way near village Nakaha Pipri Gurudwara intersection of Gram Panchayat Chapartala.,2025-01-25,166050.0,2025-03-12,166050.0,Physical Inspection,2.0,166050.0,83025.0,108349.0,2025-07-12,2025-09-22,Shiv Kumar,True,2026-01-21,166050.0,1.0,0.0,46.0,72.0,315.0,1
Normal/Others,WS/MP18226/2024-2025/169155,Uttar Pradesh,KHERI,UTKARSH VERMA MADHUR,KHERI,Installation work of a semi high mast light 6 way at the intersection of the Devi temple near Shri Shatruhan Lal in village panchayat Kolhauri,2025-01-27,166050.0,2025-03-12,166050.0,Physical Inspection,2.0,166050.0,83025.0,108349.0,2025-07-12,2025-09-22,Shiv Kumar,True,2026-01-21,166050.0,1.0,0.0,44.0,72.0,315.0,1
Normal/Others,WS/MP18226/2024-2025/169156,Uttar Pradesh,KHERI,UTKARSH VERMA MADHUR,KHERI,Installation work of a semi high mast light 6way near Haji Masjid intersection in Gram Panchayat Padaria.,2025-01-27,166050.0,2025-03-12,166050.0,Physical Inspection,2.0,166050.0,83025.0,108349.0,2025-07-12,2025-09-22,Shiv Kumar,True,2026-01-21,166050.0,1.0,0.0,44.0,72.0,315.0,1
Normal/Others,WS/MP18226/2024-2025/169157,Uttar Pradesh,KHERI,UTKARSH VERMA MADHUR,KHERI,Installation work of a semi high mast light 6 way near the intersection of Jhala of Majra Liloti Ma. Trilok Singh ji of Gram Panchayat Pipra Marora.,2025-01-27,166050.0,2025-03-12,166050.0,Physical Inspection,2.0,166050.0,83025.0,108349.0,2025-07-12,2025-09-22,Shiv Kumar,True,2026-01-21,166050.0,1.0,0.0,44.0,72.0,315.0,1
Normal/Others,WS/MP18226/2024-2025/169158,Uttar Pradesh,KHERI,UTKARSH VERMA MADHUR,KHERI,Installation work of a semi high mast light 6 way near the masjit  intersection in Gram Panchayat Sunderwal.,2025-01-27,166050.0,2025-03-12,166050.0,Physical Inspection,2.0,166050.0,83025.0,108349.0,2025-07-12,2025-09-22,Shiv Kumar,True,2026-01-21,166050.0,1.0,0.0,44.0,72.0,315.0,1
Normal/Others,WS/MP18226/2024-2025/169159,Uttar Pradesh,KHERI,UTKARSH VERMA MADHUR,KHERI,Installation work of a semi high mast light 6 way at the intersection near Phool Singh house in Gram Panchayat Belhan.,2025-01-27,166050.0,2025-03-12,166050.0,Physical Inspection,2.0,166050.0,83025.0,108349.0,2025-07-12,2025-09-22,Shiv Kumar,True,2026-01-21,166050.0,1.0,0.0,44.0,72.0,315.0,1
Normal/Others,WS/MP18226/2024-2025/169160,Uttar Pradesh,KHERI,UTKARSH VERMA MADHUR,KHERI,Installation work of a semi high mast light 6 way at the intersection near Ranveer Yadav house in Majra Chhoti Khabhi of Gram Panchayat Srinagar.,2025-01-27,166050.0,2025-03-12,166050.0,Physical Inspection,2.0,166050.0,83025.0,108349.0,2025-07-12,2025-09-22,Shiv Kumar,True,2026-01-21,166050.0,1.0,0.0,44.0,72.0,315.0,1
Normal/Others,WS/MP18226/2024-2025/169161,Uttar Pradesh,KHERI,UTKARSH VERMA MADHUR,KHERI,Installation work of a semi high mast light 6 way near Gram Tendua Masjid intersection of Gram Panchayat Tendua.,2025-01-27,166050.0,2025-03-12,166050.0,Physical Inspection,2.0,166050.0,83025.0,108349.0,2025-07-12,2025-09-22,Shiv Kumar,True,2026-01-21,166050.0,1.0,0.0,44.0,72.0,315.0,1
Normal/Others,WS/MP18226/2024-2025/169162,Uttar Pradesh,KHERI,UTKARSH VERMA MADHUR,KHERI,Installation work of a semi high mast light 6 way near the masjid intersection in village Manglipurwa of Gram Panchayat Pipragum.,2025-01-27,166050.0,2025-03-12,166050.0,Physical Inspection,2.0,166050.0,83025.0,108349.0,2025-07-12,2025-09-22,Shiv Kumar,True,2026-01-21,166050.0,1.0,0.0,44.0,72.0,315.0,1
Normal/Others,WS/MP18226/2024-2025/169220,Uttar Pradesh,KHERI,UTKARSH VERMA MADHUR,KHERI,Installation work of a semi high mast light 6 way near Shiv Mandir intersection in village Ramanagara of Gram Panchayat Maksoha.,2025-01-27,166050.0,2025-03-12,166050.0,Physical Inspection,2.0,166050.0,83025.0,108349.0,2025-07-12,2025-09-22,Shiv Kumar,True,2026-01-21,166050.0,1.0,0.0,44.0,72.0,315.0,1
Normal/Others,WS/MP18226/2024-2025/169222,Uttar Pradesh,KHERI,UTKARSH VERMA MADHUR,KHERI,Installation work of a semi high mast light 6 way near Tihulia Gunrudwara intersection of Gram Panchayat Delelnagar.,2025-01-27,166050.0,2025-03-12,166050.0,Physical Inspection,2.0,166050.0,83025.0,108349.0,2025-07-12,2025-09-22,Shiv Kumar,True,2026-01-21,166050.0,1.0,0.0,44.0,72.0,315.0,1
Normal/Others,WS/MP18226/2024-2025/169224,Uttar Pradesh,KHERI,UTKARSH VERMA MADHUR,KHERI,Installation work of a semi high mast light 6 way near Atkohana Salarpur Gurudwara intersection of Gram Panchayat Sisaura.,2025-01-27,166050.0,2025-03-12,166050.0,Physical Inspection,2.0,166050.0,83025.0,108349.0,2025-07-12,2025-09-22,Shiv Kumar,True,2026-01-21,166050.0,1.0,0.0,44.0,72.0,315.0,1
Normal/Others,WS/MP18226/2024-2025/169225,Uttar Pradesh,KHERI,UTKARSH VERMA MADHUR,KHERI,Installation work of a semi high mast light 6 way near Gurudwara intersection of Ranjitpurwa of Gram Panchayat Baraula.,2025-01-27,166050.0,2025-03-12,166050.0,Physical Inspection,2.0,166050.0,83025.0,108349.0,2025-07-12,2025-09-22,Shiv Kumar,True,2026-01-21,166050.0,1.0,0.0,44.0,72.0,315.0,1
Normal/Others,WS/MP18226/2024-2025/169226,Uttar Pradesh,KHERI,UTKARSH VERMA MADHUR,KHERI,Installation work of a semi high mast light 6 way near Hargovind Dham Gurudwara intersection of Gram Panchayat Maheva.,2025-01-27,166050.0,2025-03-12,166050.0,Physical Inspection,2.0,166050.0,83025.0,108349.0,2025-07-12,2025-09-22,Shiv Kumar,True,2026-01-21,166050.0,1.0,0.0,44.0,72.0,315.0,1
Normal/Others,WS/MP18226/2024-2025/169227,Uttar Pradesh,KHERI,UTKARSH VERMA MADHUR,KHERI,Installation work of a semi high mast light 6 way near Gurudwara Singh Sabha intersection in Gram Panchayat Sisauna.,2025-01-27,166050.0,2025-03-17,166050.0,Physical Inspection,2.0,166050.0,83025.0,108349.0,2025-07-12,2025-09-22,Shiv Kumar,True,2026-01-21,166050.0,1.0,0.0,49.0,72.0,310.0,1
Normal/Others,WS/MP18226/2024-2025/169228,Uttar Pradesh,KHERI,UTKARSH VERMA MADHUR,KHERI,Installation work of a semi high mast light 6 way near Gurdwara Singh Sabha Sada intersection of Gram Panchayat Anjanapur.,2025-01-27,166050.0,2025-03-12,166050.0,Physical Inspection,2.0,166050.0,83025.0,108349.0,2025-07-12,2025-09-22,Shiv Kumar,True,2026-01-21,166050.0,1.0,0.0,44.0,72.0,315.0,1
Normal/Others,WS/MP18226/2024-2025/169229,Uttar Pradesh,KHERI,UTKARSH VERMA MADHUR,KHERI,Installation work of a semi high mast light 6 way near Gurdwara Singh Sabha Nanakpurwa intersection of Gram Panchayat Maheva.,2025-01-27,166050.0,2025-03-12,166050.0,Physical Inspection,2.0,166050.0,83025.0,108349.0,2025-07-12,2025-09-22,Shiv Kumar,True,2026-01-21,166050.0,1.0,0.0,44.0,72.0,315.0,1
Normal/Others,WS/MP18226/2024-2025/169242,Uttar Pradesh,KHERI,UTKARSH VERMA MADHUR,KHERI,Installation work of a semi high mast light 6 way near Gurdwara Singh Sabha Kuwarnapur intersection of Gram Panchayat Maheva.,2025-01-27,166050.0,2025-03-12,166050.0,Physical Inspection,2.0,166050.0,83025.0,108349.0,2025-07-12,2025-09-22,Shiv Kumar,True,2026-01-21,166050.0,1.0,0.0,44.0,72.0,315.0,1
Normal/Others,WS/MP18226/2024-2025/169243,Uttar Pradesh,KHERI,UTKARSH VERMA MADHUR,KHERI,Installation work of a semi high mast light 6 way near Gardaha Masjid intersection in village Gardaha.,2025-01-27,166033.0,2025-03-12,166033.0,Physical Inspection,2.0,166033.0,83016.5,108338.0,2025-05-29,2025-09-21,Shiv Kumar,True,2026-04-23,166033.0,1.0,0.0,44.0,115.0,407.0,1
Normal/Others,WS/MP18226/2024-2025/169244,Uttar Pradesh,KHERI,UTKARSH VERMA MADHUR,KHERI,Installation work of a semi high mast light 6 way near Rasoolpur Masjid intersection in village Rasoolpur.,2025-01-27,166033.0,2025-03-12,166033.0,Physical Inspection,2.0,166033.0,83016.5,108338.0,2025-05-29,2025-09-21,Shiv Kumar,False,2026-01-21,166033.0,1.0,0.0,44.0,115.0,315.0,1
Normal/Others,WS/MP18226/2024-2025/169245,Uttar Pradesh,KHERI,UTKARSH VERMA MADHUR,KHERI,Installation work of a semi high mast light 6 way near Chhaturi Masjid intersection in village Chhaturi.,2025-01-27,166033.0,2025-03-12,166033.0,Physical Inspection,2.0,166033.0,83016.5,108338.0,2025-05-29,2025-09-21,Shiv Kumar,False,2026-01-21,166033.0,1.0,0.0,44.0,115.0,315.0,1
Normal/Others,WS/MP18226/2024-2025/169246,Uttar Pradesh,KHERI,UTKARSH VERMA MADHUR,KHERI,Installation work of a semi high mast light 6 way near Amirnagar Bazaar wali Masjid intersection in village Amirnagar.,2025-01-27,166033.0,2025-03-12,166033.0,Physical Inspection,2.0,166033.0,83016.5,108338.0,2025-05-26,2025-09-21,Shiv Kumar,False,2026-01-21,166033.0,1.0,0.0,44.0,118.0,315.0,1
Normal/Others,WS/MP18226/2024-2025/169247,Uttar Pradesh,KHERI,UTKARSH VERMA MADHUR,KHERI,Installation work of a semi high mast light 6 way near Deoria Masjid intersection in village Deoria.,2025-01-27,166033.0,2025-03-12,166033.0,Physical Inspection,2.0,166033.0,83016.5,108338.0,2025-05-29,2025-09-21,Shiv Kumar,False,2026-01-21,166033.0,1.0,0.0,44.0,115.0,315.0,1
Normal/Others,WS/MP18226/2024-2025/169248,Uttar Pradesh,KHERI,UTKARSH VERMA MADHUR,KHERI,Installation work of a semi high mast light 6 way near Mathana Masjid intersection in village Mathana.,2025-01-27,166033.0,2025-03-12,166033.0,Physical Inspection,2.0,166033.0,83016.5,108338.0,2025-05-29,2025-09-21,Shiv Kumar,False,2026-01-21,166033.0,1.0,0.0,44.0,115.0,315.0,1
Normal/Others,WS/MP18226/2024-2025/169249,Uttar Pradesh,KHERI,UTKARSH VERMA MADHUR,KHERI,Installation work of a semi high mast light 6 way near the intersection of Takiya Gaurav Raj house in village Takiya.,2025-01-27,166033.0,2025-03-12,166033.0,Physical Inspection,2.0,166033.0,83016.5,108338.0,2025-05-26,2025-09-21,Shiv Kumar,False,2026-01-21,166033.0,1.0,0.0,44.0,118.0,315.0,1
Normal/Others,WS/MP18226/2024-2025/169250,Uttar Pradesh,KHERI,UTKARSH VERMA MADHUR,KHERI,Installation work of a semi high mast light 6 way near Mamri Bazar intersection in village Mamri.,2025-01-27,166033.0,2025-03-12,166033.0,Physical Inspection,2.0,166033.0,83016.5,108338.0,2025-05-26,2025-09-21,Shiv Kumar,False,2026-01-21,166033.0,1.0,0.0,44.0,118.0,315.0,1
Normal/Others,WS/MP18226/2024-2025/169251,Uttar Pradesh,KHERI,UTKARSH VERMA MADHUR,KHERI,Installation work of a semi high mast light 6 way near Awadhesh Verma Medical intersection in village Ajan.,2025-01-27,166033.0,2025-03-12,166033.0,Physical Inspection,2.0,166033.0,83016.5,108338.0,2025-05-29,2025-09-21,Shiv Kumar,False,2026-01-21,166033.0,1.0,0.0,44.0,115.0,315.0,1
Normal/Others,WS/MP18226/2024-2025/169275,Uttar Pradesh,KHERI,UTKARSH VERMA MADHUR,KHERI,Installation work of a semi high mast light 6 way near Dhiravan Nuruddin Ansari Masjid intersection in village Dhiravan.,2025-01-27,166033.0,2025-03-12,166033.0,Physical Inspection,2.0,166033.0,83016.5,108338.0,2025-05-29,2025-09-21,Shiv Kumar,False,2026-01-21,166033.0,1.0,0.0,44.0,115.0,315.0,1
Normal/Others,WS/MP18226/2024-2025/169276,Uttar Pradesh,KHERI,UTKARSH VERMA MADHUR,KHERI,Installation work of a semi high mast light 6 way near Hanuman Mandir intersection in village Dhiravan.,2025-01-27,166033.0,2025-03-12,166033.0,Physical Inspection,2.0,166033.0,83016.5,108338.0,2025-05-29,2025-09-21,Shiv Kumar,False,2026-01-21,166033.0,1.0,0.0,44.0,115.0,315.0,1
Normal/Others,WS/MP18226/2024-2025/169277,Uttar Pradesh,KHERI,UTKARSH VERMA MADHUR,KHERI,Installation work of a semi high mast light 6 way near the masjid intersection in village Nayagaon.,2025-01-27,166033.0,2025-03-12,166033.0,Physical Inspection,2.0,166033.0,83016.5,108338.0,2025-05-26,2025-09-21,Shiv Kumar,False,2026-01-21,166033.0,1.0,0.0,44.0,118.0,315.0,1
Normal/Others,WS/MP18226/2024-2025/169278,Uttar Pradesh,KHERI,UTKARSH VERMA MADHUR,KHERI,Installation work of a semi high mast light 6 way near Ganeshpur Masjid intersection in village Ganeshpur.,2025-01-27,166033.0,2025-03-12,166033.0,Physical Inspection,2.0,166033.0,83016.5,108338.0,2025-05-26,2025-09-21,Shiv Kumar,False,2026-01-21,166033.0,1.0,0.0,44.0,118.0,315.0,1
Normal/Others,WS/MP18226/2024-2025/169279,Uttar Pradesh,KHERI,UTKARSH VERMA MADHUR,KHERI,Installation work of a semi high mast light 6 way near hospital intersection of Gendan Lal Verma in village Belhari.,2025-01-27,166033.0,2025-03-12,166033.0,Physical Inspection,2.0,166033.0,83016.5,108338.0,2025-05-26,2025-09-21,Shiv Kumar,False,2026-01-21,166033.0,1.0,0.0,44.0,118.0,315.0,1
Normal/Others,WS/MP18226/2024-2025/169280,Uttar Pradesh,KHERI,UTKARSH VERMA MADHUR,KHERI,Installation work of a semi high mast light 6 way near Rehman Ali house intersection in village Secanderabad.,2025-01-27,166033.0,2025-03-12,166033.0,Physical Inspection,2.0,166033.0,83016.5,108338.0,2025-05-26,2025-09-21,Shiv Kumar,False,2026-01-21,166033.0,1.0,0.0,44.0,118.0,315.0,1
Normal/Others,WS/MP18226/2024-2025/169281,Uttar Pradesh,KHERI,UTKARSH VERMA MADHUR,KHERI,Installation work of a semi high mast light 6 way near Gurudwara intersection in village Harinagar.,2025-01-27,166033.0,2025-03-12,166033.0,Physical Inspection,2.0,166033.0,83016.5,108338.0,2025-05-26,2025-09-21,Shiv Kumar,False,2026-01-21,166033.0,1.0,0.0,44.0,118.0,315.0,1
Normal/Others,WS/MP18226/2024-2025/169282,Uttar Pradesh,KHERI,UTKARSH VERMA MADHUR,KHERI,Installation work of a semi high mast light 6 way near Lakhaha Gurudwara intersection in village Lakhaha.,2025-01-27,166033.0,2025-03-12,166033.0,Physical Inspection,2.0,166033.0,83016.5,108338.0,2025-05-29,2025-09-21,Shiv Kumar,False,2026-01-21,166033.0,1.0,0.0,44.0,115.0,315.0,1
Normal/Others,WS/MP18226/2024-2025/169283,Uttar Pradesh,KHERI,UTKARSH VERMA MADHUR,KHERI,Installation work of a semi high mast light 6 way  near Gurudwara intersection in village Subhashnagar.,2025-01-27,166033.0,2025-03-12,166033.0,Physical Inspection,2.0,166033.0,83016.5,108338.0,2025-05-29,2025-09-21,Shiv Kumar,False,2026-01-21,166033.0,1.0,0.0,44.0,115.0,315.0,1
Normal/Others,WS/MP18226/2024-2025/169284,Uttar Pradesh,KHERI,UTKARSH VERMA MADHUR,KHERI,Installation work of a semi high mast light 6 way near Gurudwara intersection in village Hazratpur.,2025-01-27,166033.0,2025-03-12,166033.0,Physical Inspection,2.0,166033.0,83016.5,108338.0,2025-05-29,2025-09-21,Shiv Kumar,False,2026-01-21,166033.0,1.0,0.0,44.0,115.0,315.0,1
Normal/Others,WS/MP18226/2024-2025/169312,Uttar Pradesh,KHERI,UTKARSH VERMA MADHUR,KHERI,Installation work of a semi high mast light 6 way near Gurudwara intersection in village Veerpur.,2025-01-27,166033.0,2025-03-12,166033.0,Physical Inspection,2.0,166033.0,83016.5,108338.0,2025-05-29,2025-09-21,Shiv Kumar,False,2026-01-21,166033.0,1.0,0.0,44.0,115.0,315.0,1
Normal/Others,WS/MP18226/2024-2025/169313,Uttar Pradesh,KHERI,UTKARSH VERMA MADHUR,KHERI,Installation work of a semi high mast light 6 way  near the intersection of Mukesh Verma house in village Nangapur.,2025-01-27,166033.0,2025-03-12,166033.0,Physical Inspection,2.0,166033.0,83016.5,108338.0,2025-05-29,2025-09-21,Shiv Kumar,False,2026-01-21,166033.0,1.0,0.0,44.0,115.0,315.0,1
Normal/Others,WS/MP18226/2024-2025/169314,Uttar Pradesh,KHERI,UTKARSH VERMA MADHUR,KHERI,Installation work of a semi high mast light 6 way  near the intersection of Brijendra Patel house in village Pareli.,2025-01-27,166033.0,2025-03-12,166033.0,Physical Inspection,2.0,166033.0,83016.5,108338.0,2025-05-26,2025-09-21,Shiv Kumar,False,2026-01-21,166033.0,1.0,0.0,44.0,118.0,315.0,1
Normal/Others,WS/MP18226/2024-2025/169315,Uttar Pradesh,KHERI,UTKARSH VERMA MADHUR,KHERI,Installation work of a semi high mast light 6 way near Ahidanav Baba house intersection in village Khargapur.,2025-01-27,166033.0,2025-03-12,166033.0,Physical Inspection,2.0,166033.0,83016.5,108338.0,2025-05-29,2025-09-21,Shiv Kumar,False,2026-01-21,166033.0,1.0,0.0,44.0,115.0,315.0,1
Normal/Others,WS/MP18226/2024-2025/169316,Uttar Pradesh,KHERI,UTKARSH VERMA MADHUR,KHERI,Installation work of a semi high mast light 6 way  near Jalalpur main intersection in village Jalalpur.,2025-01-27,166050.0,2025-03-12,166050.0,Physical Inspection,2.0,166050.0,83025.0,108349.0,2025-06-05,2025-09-21,Shiv Kumar,False,2026-01-21,166050.0,1.0,0.0,44.0,108.0,315.0,1
Normal/Others,WS/MP18226/2024-2025/169317,Uttar Pradesh,KHERI,UTKARSH VERMA MADHUR,KHERI,Installation work of a semi high mast light 6 way near the intersection of Arvind Verma house in village Maharajnagar.,2025-01-27,166050.0,2025-03-12,166050.0,Physical Inspection,2.0,166050.0,83025.0,108349.0,2025-05-29,2025-09-21,Shiv Kumar,False,2026-01-21,166050.0,1.0,0.0,44.0,115.0,315.0,1
Normal/Others,WS/MP18226/2024-2025/169318,Uttar Pradesh,KHERI,UTKARSH VERMA MADHUR,KHERI,Installation work of a semi high mast light 6 way  near the intersection in village Bhundwara.,2025-01-27,166050.0,2025-03-12,166050.0,Physical Inspection,2.0,166050.0,83025.0,108349.0,2025-05-29,2025-09-21,Shiv Kumar,False,2026-01-21,166050.0,1.0,0.0,44.0,115.0,315.0,1
Normal/Others,WS/MP18226/2024-2025/169319,Uttar Pradesh,KHERI,UTKARSH VERMA MADHUR,KHERI,Installation work of a semi high mast light 6 way near Mata Ji Ka Mandir intersection in village Wazirnagar.,2025-01-27,166050.0,2025-03-12,166050.0,Physical Inspection,2.0,166050.0,83025.0,108349.0,2025-05-29,2025-09-21,Shiv Kumar,False,2026-01-21,166050.0,1.0,0.0,44.0,115.0,315.0,1
Normal/Others,WS/MP18226/2024-2025/169320,Uttar Pradesh,KHERI,UTKARSH VERMA MADHUR,KHERI,Installation work of a semi high mast light 6 way  near Lalganj Masjid intersection in village Lalganj.,2025-01-27,166050.0,2025-03-12,166050.0,Physical Inspection,2.0,166050.0,83025.0,108349.0,2025-05-29,2025-09-21,Shiv Kumar,False,2026-01-21,166050.0,1.0,0.0,44.0,115.0,315.0,1
Normal/Others,WS/MP18226/2024-2025/169321,Uttar Pradesh,KHERI,UTKARSH VERMA MADHUR,KHERI,Installation work of a semi high mast light 6 way  near Aliganj Zaheer Khan shop intersection in village Aliganj.,2025-01-27,166050.0,2025-03-12,166050.0,Physical Inspection,2.0,166050.0,83025.0,108349.0,2025-05-29,2025-09-21,Shiv Kumar,False,2026-01-21,166050.0,1.0,0.0,44.0,115.0,315.0,1
Normal/Others,WS/MP18226/2024-2025/169330,Uttar Pradesh,KHERI,UTKARSH VERMA MADHUR,KHERI,Installation work of a semi high mast light 6 way near Pastor Gurudwara intersection in village Pastor.,2025-01-27,166050.0,2025-03-12,166050.0,Physical Inspection,2.0,166050.0,83025.0,108349.0,2025-05-29,2025-09-21,Shiv Kumar,False,2026-01-21,166050.0,1.0,0.0,44.0,115.0,315.0,1
Normal/Others,WS/MP18226/2024-2025/169331,Uttar Pradesh,KHERI,UTKARSH VERMA MADHUR,KHERI,Installation work of a semi high mast light 6 way near Shankarji temple in Majra Maharajnagar of Gram Panchayat Wazirnagar,2025-01-27,166050.0,2025-03-12,166050.0,Physical Inspection,2.0,166050.0,83025.0,108349.0,2025-05-29,2025-09-21,Shiv Kumar,False,2026-01-21,166050.0,1.0,0.0,44.0,115.0,315.0,1
Normal/Others,WS/MP18226/2024-2025/169332,Uttar Pradesh,KHERI,UTKARSH VERMA MADHUR,KHERI,Installation work of a semi high mast light 6 way near Billinganj Chhotu Mahavat intersection in village Billinganj.,2025-01-27,166050.0,2025-03-12,166050.0,Physical Inspection,2.0,166050.0,83025.0,108349.0,2025-05-29,2025-09-21,Shiv Kumar,True,2026-04-23,166050.0,1.0,0.0,44.0,115.0,407.0,1
Normal/Others,WS/MP18226/2024-2025/169333,Uttar Pradesh,KHERI,UTKARSH VERMA MADHUR,KHERI,Installation work of a semi high mast light 6 way near the house intersection of Maharaj Nagar Man Singh in Village Maharaj Nagar.,2025-01-27,166050.0,2025-03-12,166050.0,Physical Inspection,2.0,166050.0,83025.0,108349.0,2025-05-29,2025-09-21,Shiv Kumar,True,2026-04-23,166050.0,1.0,0.0,44.0,115.0,407.0,1
Normal/Others,WS/MP18226/2024-2025/169334,Uttar Pradesh,KHERI,UTKARSH VERMA MADHUR,KHERI,Installation work of a semi high mast light 6 way  near the intersection of Koiliha Baba Saheb in village Koilhiya.,2025-01-27,166050.0,2025-03-12,166050.0,Physical Inspection,2.0,166050.0,83025.0,108349.0,2025-05-29,2025-09-21,Shiv Kumar,True,2026-04-23,166050.0,1.0,0.0,44.0,115.0,407.0,1
Normal/Others,WS/MP18226/2024-2025/169335,Uttar Pradesh,KHERI,UTKARSH VERMA MADHUR,KHERI,Installation work of a semi high mast light 6 way near the house intersection of Babesar Santram Bhurji in village Babesar.,2025-01-27,166050.0,2025-03-12,166050.0,Physical Inspection,2.0,166050.0,83025.0,108349.0,2025-05-29,2025-09-21,Shiv Kumar,False,2026-04-23,166050.0,1.0,0.0,44.0,115.0,407.0,1
Normal/Others,WS/MP18226/2024-2025/169336,Uttar Pradesh,KHERI,UTKARSH VERMA MADHUR,KHERI,Installation work of a semi high mast light 6 way near the house intersection of Bachchu Khan in village Laguchi.,2025-01-27,166050.0,2025-03-12,166050.0,Physical Inspection,2.0,166050.0,83025.0,108349.0,2025-05-29,2025-09-21,Shiv Kumar,False,2026-01-21,166050.0,1.0,0.0,44.0,115.0,315.0,1
Normal/Others,WS/MP18226/2024-2025/169337,Uttar Pradesh,KHERI,UTKARSH VERMA MADHUR,KHERI,Installation work of a semi high mast light 6 way near the masjid  intersection in village Ibrahimpur.,2025-01-27,166050.0,2025-03-12,166050.0,Physical Inspection,2.0,166050.0,83025.0,108349.0,2025-05-29,2025-09-21,Shiv Kumar,True,2026-04-23,166050.0,1.0,0.0,44.0,115.0,407.0,1
Normal/Others,WS/MP18226/2024-2025/169338,Uttar Pradesh,KHERI,UTKARSH VERMA MADHUR,KHERI,Installation work of a semi high mast light 6 way near Gurudwara intersection in village Muda Savaran.,2025-01-27,166050.0,2025-03-12,166050.0,Physical Inspection,2.0,166050.0,83025.0,108349.0,2025-05-29,2025-09-21,Shiv Kumar,True,2026-04-23,166050.0,1.0,0.0,44.0,115.0,407.0,1
Normal/Others,WS/MP18226/2024-2025/169339,Uttar Pradesh,KHERI,UTKARSH VERMA MADHUR,KHERI,Installation work of a semi high mast light 6 way near Gurudwara intersection in village Padriyatula.,2025-01-27,166050.0,2025-03-12,166050.0,Physical Inspection,2.0,166050.0,83025.0,108349.0,2025-05-29,2025-09-21,Shiv Kumar,True,2026-04-23,166050.0,1.0,0.0,44.0,115.0,407.0,1
Normal/Others,WS/MP18226/2024-2025/169343,Uttar Pradesh,KHERI,UTKARSH VERMA MADHUR,KHERI,Installation work of a semi high mast light 6 way near Neeraj Verma shop intersection in village Rasoolpanah.,2025-01-27,166050.0,2025-03-12,166050.0,Physical Inspection,2.0,166050.0,83025.0,108349.0,2025-05-29,2025-09-21,Shiv Kumar,False,2026-03-19,166050.0,1.0,0.0,44.0,115.0,372.0,1
Normal/Others,WS/MP18226/2024-2025/169344,Uttar Pradesh,KHERI,UTKARSH VERMA MADHUR,KHERI,Installation work of a semi high mast light 6 way near Gurudwara of Gram Panchayat Malpur,2025-01-27,166050.0,2025-03-12,166050.0,Physical Inspection,2.0,166050.0,83025.0,108349.0,2025-05-29,2025-09-21,Shiv Kumar,False,2026-03-19,166050.0,1.0,0.0,44.0,115.0,372.0,1
Normal/Others,WS/MP18226/2024-2025/169345,Uttar Pradesh,KHERI,UTKARSH VERMA MADHUR,KHERI,Installation work of a semi high mast light 6 way near Gurudwara intersection in village Ambara.,2025-01-27,166050.0,2025-03-12,166050.0,Physical Inspection,2.0,166050.0,83025.0,108349.0,2025-05-29,2025-09-21,Shiv Kumar,False,2026-03-19,166050.0,1.0,0.0,44.0,115.0,372.0,1
Normal/Others,WS/MP18226/2024-2025/169346,Uttar Pradesh,KHERI,UTKARSH VERMA MADHUR,KHERI,Installation work of a semi high mast light 6 way near Gurudwara intersection in village Akalgarh.,2025-01-27,166050.0,2025-03-12,166050.0,Physical Inspection,2.0,166050.0,83025.0,108349.0,2025-05-29,2025-09-21,Shiv Kumar,False,2026-03-19,166050.0,1.0,0.0,44.0,115.0,372.0,1
Normal/Others,WS/MP18226/2024-2025/169348,Uttar Pradesh,KHERI,UTKARSH VERMA MADHUR,KHERI,Installation work of a semi high mast light 6 way near Gurudwara intersection in village Daudpur.,2025-01-27,166050.0,2025-03-12,166050.0,Physical Inspection,2.0,166050.0,83025.0,108349.0,2025-05-29,2025-09-21,Shiv Kumar,False,2026-03-19,166050.0,1.0,0.0,44.0,115.0,372.0,1
Normal/Others,WS/MP18226/2024-2025/169349,Uttar Pradesh,KHERI,UTKARSH VERMA MADHUR,KHERI,Installation work of a semi high mast light 6 way near Gurudwara intersection in village Johaura.,2025-01-27,166050.0,2025-03-12,166050.0,Physical Inspection,2.0,166050.0,83025.0,108349.0,2025-05-29,2025-09-21,Shiv Kumar,False,2026-03-19,166050.0,1.0,0.0,44.0,115.0,372.0,1
Normal/Others,WS/MP18226/2024-2025/169350,Uttar Pradesh,KHERI,UTKARSH VERMA MADHUR,KHERI,Installation work of a semi high mast light 6 way near Basant Kashyap house intersection in village Ramnagar.,2025-01-27,166050.0,2025-03-12,166050.0,Physical Inspection,2.0,166050.0,83025.0,108349.0,2025-05-29,2025-09-21,Shiv Kumar,False,2026-03-19,166050.0,1.0,0.0,44.0,115.0,372.0,1
Normal/Others,WS/MP18226/2024-2025/169351,Uttar Pradesh,KHERI,UTKARSH VERMA MADHUR,KHERI,Installation work of a semi high mast light 6 way near the house intersection of Sukhwinder Singh son of Gulzar Singh in village Daudpur.,2025-01-27,166050.0,2025-03-12,166050.0,Physical Inspection,2.0,166050.0,83025.0,108349.0,2025-05-29,2025-09-21,Shiv Kumar,False,2026-03-19,166050.0,1.0,0.0,44.0,115.0,372.0,1
Normal/Others,WS/MP18226/2024-2025/169352,Uttar Pradesh,KHERI,UTKARSH VERMA MADHUR,KHERI,Installation work of a semi high mast light 6 way near the newly constructed Gurudwara intersection in village Jahanpur.,2025-01-27,166050.0,2025-03-12,166050.0,Physical Inspection,2.0,166050.0,83025.0,108349.0,2025-05-29,2025-09-21,Shiv Kumar,False,2026-01-21,166050.0,1.0,0.0,44.0,115.0,315.0,1
Normal/Others,WS/MP18226/2024-2025/169353,Uttar Pradesh,KHERI,UTKARSH VERMA MADHUR,KHERI,Installation work of a semi high mast light 6 way near Gurudwara intersection in village Baslipur.,2025-01-27,166050.0,2025-03-12,166050.0,Physical Inspection,2.0,166050.0,83025.0,108349.0,2025-05-29,2025-09-21,Shiv Kumar,False,2026-01-21,166050.0,1.0,0.0,44.0,115.0,315.0,1
Normal/Others,WS/MP18226/2024-2025/169356,Uttar Pradesh,KHERI,UTKARSH VERMA MADHUR,KHERI,Installation work of a semi high mast light 6 way near the masjid intersection in village Subhanipurwa of Gram Panchayat Dhakherwa Nankar.,2025-01-27,166050.0,2025-03-12,166050.0,Physical Inspection,2.0,166050.0,83025.0,108349.0,2025-07-12,2025-09-21,Shiv Kumar,True,2026-01-21,166050.0,1.0,0.0,44.0,71.0,315.0,1
Normal/Others,WS/MP18226/2024-2025/169357,Uttar Pradesh,KHERI,UTKARSH VERMA MADHUR,KHERI,Installation work of a semi high mast light 6 way near the temple intersection at Pasian Purva in Gram Panchayat Dhakherwa Nankar.,2025-01-27,166050.0,2025-03-12,166050.0,Physical Inspection,2.0,166050.0,83025.0,108349.0,2025-07-12,2025-09-21,Shiv Kumar,True,2026-01-21,166050.0,1.0,0.0,44.0,71.0,315.0,1
Normal/Others,WS/MP18226/2024-2025/169358,Uttar Pradesh,KHERI,UTKARSH VERMA MADHUR,KHERI,Installation work of a semi high mast light 6 way near Mote Baba Mandir intersection in Gram Panchayat Majhra purab,2025-01-27,166050.0,2025-03-12,166050.0,Physical Inspection,2.0,166050.0,83025.0,108349.0,2025-07-12,2025-09-22,Shiv Kumar,True,2026-01-21,166050.0,1.0,0.0,44.0,72.0,315.0,1
Normal/Others,WS/MP18226/2024-2025/169359,Uttar Pradesh,KHERI,UTKARSH VERMA MADHUR,KHERI,Installation work of a semi high mast light 6 way near Shiv Mandir intersection in Gram Panchayat Teliar.,2025-01-27,166050.0,2025-03-12,166050.0,Physical Inspection,2.0,166050.0,83025.0,108349.0,2025-07-12,2025-09-22,Shiv Kumar,True,2026-01-21,166050.0,1.0,0.0,44.0,72.0,315.0,1
Normal/Others,WS/MP18226/2024-2025/169360,Uttar Pradesh,KHERI,UTKARSH VERMA MADHUR,KHERI,Installation work of a semi high mast light 6 way near Malagar Farm Gurudwara intersection in Gram Panchayat Khairtiya.,2025-01-27,166050.0,2025-03-12,166050.0,Physical Inspection,2.0,166050.0,83025.0,108349.0,2025-07-12,2025-09-22,Shiv Kumar,True,2026-01-21,166050.0,1.0,0.0,44.0,72.0,315.0,1
Normal/Others,WS/MP18226/2024-2025/169361,Uttar Pradesh,KHERI,UTKARSH VERMA MADHUR,KHERI,Installation work of a semi high mast light 6 way near Shankar ji temple intersection in Gram Panchayat Bairiya.,2025-01-27,166050.0,2025-03-12,166050.0,Physical Inspection,2.0,166050.0,83025.0,108349.0,2025-07-12,2025-09-22,Shiv Kumar,True,2026-01-21,166050.0,1.0,0.0,44.0,72.0,315.0,1
Normal/Others,WS/MP18226/2024-2025/169362,Uttar Pradesh,KHERI,UTKARSH VERMA MADHUR,KHERI,Installation work of a semi high mast light 6 way near Shiv Mandir intersection in Bokariya of Gram Panchayat Teliar.,2025-01-27,166050.0,2025-03-12,166050.0,Physical Inspection,2.0,166050.0,83025.0,108349.0,2025-07-12,2025-09-22,Shiv Kumar,True,2026-01-21,166050.0,1.0,0.0,44.0,72.0,315.0,1
Normal/Others,WS/MP18226/2024-2025/169363,Uttar Pradesh,KHERI,UTKARSH VERMA MADHUR,KHERI,Installation work of a semi high mast light 6 way near Barkati Masjid intersection in Gram Panchayat Sujanpur.,2025-01-27,166050.0,2025-03-12,166050.0,Physical Inspection,2.0,166050.0,83025.0,108349.0,2025-07-12,2025-09-22,Shiv Kumar,True,2026-01-21,166050.0,1.0,0.0,44.0,72.0,315.0,1
Normal/Others,WS/MP18226/2024-2025/169364,Uttar Pradesh,KHERI,UTKARSH VERMA MADHUR,KHERI,Installation work of a semi high mast light 6 way near the masjid intersection in Gram Panchayat Chhedipurwa.,2025-01-27,166050.0,2025-03-12,166050.0,Physical Inspection,2.0,166050.0,83025.0,108349.0,2025-07-12,2025-09-22,Shiv Kumar,True,2026-01-21,166050.0,1.0,0.0,44.0,72.0,315.0,1
Normal/Others,WS/MP18226/2024-2025/169367,Uttar Pradesh,KHERI,UTKARSH VERMA MADHUR,KHERI,Installation work of a semi high mast light 6 way near Maa Raj Rajeshwari Devi Temple intersection in Gram Panchayat Semri.,2025-01-27,166050.0,2025-03-12,166050.0,Physical Inspection,2.0,166050.0,83025.0,108349.0,2025-07-12,2025-09-22,Shiv Kumar,True,2026-01-21,166050.0,1.0,0.0,44.0,72.0,315.0,1
Normal/Others,WS/MP18226/2024-2025/169368,Uttar Pradesh,KHERI,UTKARSH VERMA MADHUR,KHERI,Installation work of a semi high mast light 6 way near Noori Masjid intersection in Gram Panchayat Danduri.,2025-01-27,166050.0,2025-03-12,166050.0,Physical Inspection,2.0,166050.0,83025.0,108349.0,2025-07-12,2025-09-22,Shiv Kumar,True,2026-01-21,166050.0,1.0,0.0,44.0,72.0,315.0,1
Normal/Others,WS/MP18226/2024-2025/169369,Uttar Pradesh,KHERI,UTKARSH VERMA MADHUR,KHERI,Installation work of a semi high mast light 6 way near the intersection in Majra Bhagharpurva of Gram Panchayat Chandpura.,2025-01-27,166050.0,2025-03-12,166050.0,Physical Inspection,2.0,166050.0,83025.0,108349.0,2025-07-12,2025-09-22,Shiv Kumar,True,2026-01-21,166050.0,1.0,0.0,44.0,72.0,315.0,1
Normal/Others,WS/MP18226/2024-2025/169370,Uttar Pradesh,KHERI,UTKARSH VERMA MADHUR,KHERI,Installation work of a semi high mast light 6 way near Jama Masjid intersection in Gram Panchayat Kharwahiya No. 2.,2025-01-27,166050.0,2025-03-12,166050.0,Physical Inspection,2.0,166050.0,83025.0,108349.0,2025-07-12,2025-09-22,Shiv Kumar,True,2026-01-21,166050.0,1.0,0.0,44.0,72.0,315.0,1
Normal/Others,WS/MP18226/2024-2025/169371,Uttar Pradesh,KHERI,UTKARSH VERMA MADHUR,KHERI,Installation work of a semi high mast light 6 way near Banaras Kashyap house intersection in Gram Panchayat Sinsaiya.,2025-01-27,166050.0,2025-03-12,166050.0,Physical Inspection,2.0,166050.0,83025.0,108349.0,2025-07-12,2025-09-22,Shiv Kumar,True,2026-01-21,166050.0,1.0,0.0,44.0,72.0,315.0,1
Normal/Others,WS/MP18226/2024-2025/169372,Uttar Pradesh,KHERI,UTKARSH VERMA MADHUR,KHERI,Installation work of a semi high mast light 6 way near the masjid  intersection in village Mahadev of Gram Panchayat Sohariya.,2025-01-27,166050.0,2025-03-12,166050.0,Physical Inspection,2.0,166050.0,83025.0,108349.0,2025-07-12,2025-09-22,Shiv Kumar,True,2026-01-21,166050.0,1.0,0.0,44.0,72.0,315.0,1
Normal/Others,WS/MP18226/2024-2025/169373,Uttar Pradesh,KHERI,UTKARSH VERMA MADHUR,KHERI,Installation work of a high semi mast light 6 way near village Bangli Colony intersection of village Panchayat Tahara.,2025-01-27,166050.0,2025-03-12,166050.0,Physical Inspection,2.0,166050.0,83025.0,108349.0,2025-07-12,2025-09-22,Shiv Kumar,True,2026-01-21,166050.0,1.0,0.0,44.0,72.0,315.0,1
Normal/Others,WS/MP18226/2024-2025/169374,Uttar Pradesh,KHERI,UTKARSH VERMA MADHUR,KHERI,Installation work of a semi high mast light 6 way near Shiv Mandir intersection in Mallabehad village Panchayat Mallabehad.,2025-01-27,166050.0,2025-03-12,166050.0,Physical Inspection,2.0,166050.0,83025.0,108349.0,2025-07-12,2025-09-22,Shiv Kumar,True,2026-01-21,166050.0,1.0,0.0,44.0,72.0,315.0,1
Normal/Others,WS/MP18226/2024-2025/169375,Uttar Pradesh,KHERI,UTKARSH VERMA MADHUR,KHERI,Installation work of a semi high mast light 6 way near village Podkhiya Bala Ji Mandir intersection of Gram Panchayat Gauria.,2025-01-27,166050.0,2025-03-12,166050.0,Physical Inspection,2.0,166050.0,83025.0,108349.0,2025-07-12,2025-09-22,Shiv Kumar,True,2026-01-21,166050.0,1.0,0.0,44.0,72.0,315.0,1
Normal/Others,WS/MP18226/2024-2025/169376,Uttar Pradesh,KHERI,UTKARSH VERMA MADHUR,KHERI,Installation work of a semi high mast light 6 way near Okeshar Nath temple intersection in village Ballipur.,2025-01-27,166033.0,2025-03-12,166033.0,Physical Inspection,2.0,166033.0,83016.5,108338.0,2025-07-12,2025-09-21,Shiv Kumar,True,2026-01-21,166033.0,1.0,0.0,44.0,71.0,315.0,1
Normal/Others,WS/MP18226/2024-2025/169838,Uttar Pradesh,KHERI,UTKARSH VERMA MADHUR,KHERI,Installation work of a semi high mast light 6 way near Mata Ji Mandir intersection in village Gangabehad.,2025-01-29,166033.0,2025-03-12,166033.0,Physical Inspection,2.0,166033.0,83016.5,108338.0,2025-07-12,2025-09-21,Shiv Kumar,True,2026-01-21,166033.0,1.0,0.0,42.0,71.0,315.0,1
Normal/Others,WS/MP18226/2024-2025/169839,Uttar Pradesh,KHERI,UTKARSH VERMA MADHUR,KHERI,Installation work of a semi high mast light 6 way near Rani Farm Gurudwara intersection in village Ludhauri.,2025-01-29,166033.0,2025-03-12,166033.0,Physical Inspection,2.0,166033.0,83016.5,108338.0,2025-07-12,2025-09-21,Shiv Kumar,True,2026-01-21,166033.0,1.0,0.0,42.0,71.0,315.0,1
Normal/Others,WS/MP18226/2024-2025/169840,Uttar Pradesh,KHERI,UTKARSH VERMA MADHUR,KHERI,Installation work of a semi high mast light 6 way near the Shiv Mandir intersection in village Chudatanda of G.P. Ludhauri.,2025-01-29,166033.0,2025-03-12,166033.0,Physical Inspection,2.0,166033.0,83016.5,108338.0,2025-07-12,2025-09-21,Shiv Kumar,True,2026-01-21,166033.0,1.0,0.0,42.0,71.0,315.0,1
Normal/Others,WS/MP18226/2024-2025/169841,Uttar Pradesh,KHERI,UTKARSH VERMA MADHUR,KHERI,Installation work of a semi high mast light 6 way near village Dhakherwa Khalsa Masjid intersection.,2025-01-29,166033.0,2025-03-12,166033.0,Physical Inspection,2.0,166033.0,83016.5,108338.0,2025-07-12,2025-09-21,Shiv Kumar,True,2026-01-21,166033.0,1.0,0.0,42.0,71.0,315.0,1
Normal/Others,WS/MP18226/2024-2025/169851,Uttar Pradesh,KHERI,UTKARSH VERMA MADHUR,KHERI,Installation work of a semi high mast light 6 way near Bajranggarh Farm Gurudwara intersection of village Dhakherwa Khalsa.,2025-01-29,166033.0,2025-03-12,166033.0,Physical Inspection,2.0,166033.0,83016.5,108338.0,2025-07-12,2025-09-21,Shiv Kumar,True,2026-01-21,166033.0,1.0,0.0,42.0,71.0,315.0,1
Normal/Others,WS/MP18226/2024-2025/169852,Uttar Pradesh,KHERI,UTKARSH VERMA MADHUR,KHERI,Installation work of a semi high mast light 6 way near Jama Masjid intersection in Nagar panchayt Nighasan.,2025-01-29,166033.0,2025-03-12,166033.0,Physical Inspection,2.0,166033.0,83016.5,108338.0,2025-07-12,2025-09-21,Shiv Kumar,True,2026-01-21,166033.0,1.0,0.0,42.0,71.0,315.0,1
Normal/Others,WS/MP18226/2024-2025/169853,Uttar Pradesh,KHERI,UTKARSH VERMA MADHUR,KHERI,Installation work of a semi high mast light 6 way at the intersection near Arif house in Mo. Atal Nagar (Buddhipurwa) of Nagar Panchayat Nighasan.,2025-01-29,166033.0,2025-03-12,166033.0,Physical Inspection,2.0,166033.0,83016.5,108338.0,2025-07-12,2025-09-21,Shiv Kumar,True,2026-01-21,166033.0,1.0,0.0,42.0,71.0,315.0,1
Normal/Others,WS/MP18226/2024-2025/169854,Uttar Pradesh,KHERI,UTKARSH VERMA MADHUR,KHERI,Installation work of a semi high mast light 6 way near Gurudwara intersection in Nagar Panchayat Nighasan.,2025-01-29,166033.0,2025-03-12,166033.0,Physical Inspection,2.0,166033.0,83016.5,108338.0,2025-07-12,2025-09-21,Shiv Kumar,True,2026-01-21,166033.0,1.0,0.0,42.0,71.0,315.0,1
Normal/Others,WS/MP18226/2024-2025/169855,Uttar Pradesh,KHERI,UTKARSH VERMA MADHUR,KHERI,Installation work of a semi high mast light 6 way near Shani Maharaj Mandir intersection in Mo. Patelnagar Chaudharypurwa Nagar Panchayt Nighasan.,2025-01-29,166033.0,2025-03-12,166033.0,Physical Inspection,2.0,166033.0,83016.5,108338.0,2025-07-12,2025-09-21,Shiv Kumar,True,2026-01-21,166033.0,1.0,0.0,42.0,71.0,315.0,1
Normal/Others,WS/MP18226/2024-2025/169856,Uttar Pradesh,KHERI,UTKARSH VERMA MADHUR,KHERI,Installation work of a semi high mast light 6 way near Devhara Baba Mandir intersection in Gram Panchayat Ludhauri village Jokhipurwa.,2025-01-29,166033.0,2025-03-12,166033.0,Physical Inspection,2.0,166033.0,83016.5,108338.0,2025-07-12,2025-09-21,Shiv Kumar,True,2026-01-21,166033.0,1.0,0.0,42.0,71.0,315.0,1
Normal/Others,WS/MP18226/2024-2025/169880,Uttar Pradesh,KHERI,UTKARSH VERMA MADHUR,KHERI,Installation work of a semi high mast light 6 way near the masjid intersection in village Bamhanpur.,2025-01-29,166033.0,2025-03-12,166033.0,Physical Inspection,2.0,166033.0,83016.5,108338.0,2025-07-12,2025-09-21,Shiv Kumar,True,2026-01-21,166033.0,1.0,0.0,42.0,71.0,315.0,1
Normal/Others,WS/MP18226/2024-2025/169881,Uttar Pradesh,KHERI,UTKARSH VERMA MADHUR,KHERI,Installation work of a semi high mast light 6 way near the masjid intersection in village Dharmapur.,2025-01-29,166033.0,2025-03-12,166033.0,Physical Inspection,2.0,166033.0,83016.5,108338.0,2025-07-13,2025-09-21,Shiv Kumar,True,2026-01-21,166033.0,1.0,0.0,42.0,70.0,315.0,1
Normal/Others,WS/MP18226/2024-2025/169882,Uttar Pradesh,KHERI,UTKARSH VERMA MADHUR,KHERI,Installation work of a semi high mast light 6 way near village Dwarikapurva Masjid intersection of Gram Panchayat Gangabehar.,2025-01-29,166033.0,2025-03-12,166033.0,Physical Inspection,2.0,166033.0,83016.5,108338.0,2025-07-13,2025-09-21,Shiv Kumar,True,2026-01-21,166033.0,1.0,0.0,42.0,70.0,315.0,1
Normal/Others,WS/MP18226/2024-2025/169883,Uttar Pradesh,KHERI,UTKARSH VERMA MADHUR,KHERI,Installation work of a semi high mast light 6 way near Jama Masjid intersection in village Sahankheda.,2025-01-29,166033.0,2025-03-12,166033.0,Physical Inspection,2.0,166033.0,83016.5,108338.0,2025-07-13,2025-09-21,Shiv Kumar,True,2026-01-21,166033.0,1.0,0.0,42.0,70.0,315.0,1
Normal/Others,WS/MP18226/2024-2025/169884,Uttar Pradesh,KHERI,UTKARSH VERMA MADHUR,KHERI,Installation work of a semi high mast light 6 way near Jama Masjid intersection in village Khamaria Koilar.,2025-01-29,166033.0,2025-03-12,166033.0,Physical Inspection,2.0,166033.0,83016.5,108338.0,2025-07-13,2025-09-21,Shiv Kumar,True,2026-01-21,166033.0,1.0,0.0,42.0,70.0,315.0,1
Normal/Others,WS/MP18226/2024-2025/169885,Uttar Pradesh,KHERI,UTKARSH VERMA MADHUR,KHERI,Installation work of a semi high mast light 6 way near the intersection at Gurudwara Kaudiyala Ghat in village Barsola Kalan,2025-01-29,166033.0,2025-03-12,166033.0,Physical Inspection,2.0,166033.0,83016.5,108338.0,2025-07-13,2025-09-21,Shiv Kumar,True,2026-01-21,166033.0,1.0,0.0,42.0,70.0,315.0,1
Normal/Others,WS/MP18226/2024-2025/169886,Uttar Pradesh,KHERI,UTKARSH VERMA MADHUR,KHERI,Installation work of a semi high mast light 6 way near Gurudwara Charahe in village Ganganagar.,2025-01-29,166033.0,2025-03-12,166033.0,Physical Inspection,2.0,166033.0,83016.5,108338.0,2025-07-13,2025-09-21,Shiv Kumar,True,2026-01-21,166033.0,1.0,0.0,42.0,70.0,315.0,1
Normal/Others,WS/MP18226/2024-2025/169887,Uttar Pradesh,KHERI,UTKARSH VERMA MADHUR,KHERI,Installation work of a semi high mast light 6 way near Jama Masjid intersection in village Binaura.,2025-01-29,166033.0,2025-03-12,166033.0,Physical Inspection,2.0,166033.0,83016.5,108338.0,2025-07-13,2025-09-21,Shiv Kumar,True,2026-01-21,166033.0,1.0,0.0,42.0,70.0,315.0,1
Normal/Others,WS/MP18226/2024-2025/169888,Uttar Pradesh,KHERI,UTKARSH VERMA MADHUR,KHERI,Installation work of a semi high mast light 6 way near Sidhauna intersection in village Sindhauna.,2025-01-29,166033.0,2025-03-12,166033.0,Physical Inspection,2.0,166033.0,83016.5,108338.0,2025-07-13,2025-09-21,Shiv Kumar,True,2026-01-21,166033.0,1.0,0.0,42.0,70.0,315.0,1
Normal/Others,WS/MP18226/2024-2025/169889,Uttar Pradesh,KHERI,UTKARSH VERMA MADHUR,KHERI,Installation work of a semi high mast light 6 way near Durga Mandir intersection in Gram Panchayat Barautha village Kurminpurwa.,2025-01-29,166033.0,2025-03-12,166033.0,Physical Inspection,2.0,166033.0,83016.5,108338.0,2025-07-13,2025-09-21,Shiv Kumar,True,2026-01-21,166033.0,1.0,0.0,42.0,70.0,315.0,1
Normal/Others,WS/MP18226/2024-2025/169918,Uttar Pradesh,KHERI,UTKARSH VERMA MADHUR,KHERI,Installation work of a semi high mast light 6 way near Syed Farm intersection in village Boudhiya Kalan.,2025-01-29,166033.0,2025-03-12,166033.0,Physical Inspection,2.0,166033.0,83016.5,108338.0,2025-07-13,2025-09-21,Shiv Kumar,True,2026-01-21,166033.0,1.0,0.0,42.0,70.0,315.0,1
Normal/Others,WS/MP18226/2024-2025/169919,Uttar Pradesh,KHERI,UTKARSH VERMA MADHUR,KHERI,Installation work of a semi high mast light 6 way near Kadiya intersection in Gram Panchayat Bhedauri village Belrayon.,2025-01-29,166033.0,2025-03-12,166033.0,Physical Inspection,2.0,166033.0,83016.5,108338.0,2025-07-13,2025-09-21,Shiv Kumar,True,2026-01-21,166033.0,1.0,0.0,42.0,70.0,315.0,1
Normal/Others,WS/MP18226/2024-2025/169920,Uttar Pradesh,KHERI,UTKARSH VERMA MADHUR,KHERI,Installation work of a semi high mast light 6 way near the intersection in village Belaparsua.,2025-01-29,166033.0,2025-03-12,166033.0,Physical Inspection,2.0,166033.0,83016.5,108338.0,2025-07-13,2025-09-21,Shiv Kumar,True,2026-01-21,166033.0,1.0,0.0,42.0,70.0,315.0,1
Normal/Others,WS/MP18226/2024-2025/169921,Uttar Pradesh,KHERI,UTKARSH VERMA MADHUR,KHERI,Installation work of a semi high mast light 6 way near Gurudwara intersection in village Majha.,2025-01-29,166033.0,2025-03-12,166033.0,Physical Inspection,2.0,166033.0,83016.5,108338.0,2025-07-13,2025-09-21,Shiv Kumar,True,2026-01-21,166033.0,1.0,0.0,42.0,70.0,315.0,1
Normal/Others,WS/MP18226/2024-2025/169922,Uttar Pradesh,KHERI,UTKARSH VERMA MADHUR,KHERI,Installation work of a semi high mast light 6 way near the temple intersection near the house of Rajesh Chaturvedi in Atal Nagar of Nagar Panchayat Nighasan.,2025-01-29,166033.0,2025-03-12,166033.0,Physical Inspection,2.0,166033.0,83016.5,108338.0,2025-07-13,2025-09-21,Shiv Kumar,True,2026-01-21,166033.0,1.0,0.0,42.0,70.0,315.0,1
Normal/Others,WS/MP18226/2024-2025/169923,Uttar Pradesh,KHERI,UTKARSH VERMA MADHUR,KHERI,Installation work of a semi high mast light 6 way near the masjid intersection in village Lalpur of Gram Panchayat Lalpur.,2025-01-29,166033.0,2025-03-12,166033.0,Physical Inspection,2.0,166033.0,83016.5,108338.0,2025-07-13,2025-09-21,Shiv Kumar,True,2026-01-21,166033.0,1.0,0.0,42.0,70.0,315.0,1
Normal/Others,WS/MP18226/2024-2025/169924,Uttar Pradesh,KHERI,UTKARSH VERMA MADHUR,KHERI,Installation work of a semi high mast light 6 way near Devi Mandir intersection in village Pachpedi of Gram Panchayat Mudabujurg.,2025-01-29,166033.0,2025-03-12,166033.0,Physical Inspection,2.0,166033.0,83016.5,108338.0,2025-07-13,2025-09-21,Shiv Kumar,True,2026-01-21,166033.0,1.0,0.0,42.0,70.0,315.0,1
Normal/Others,WS/MP18226/2024-2025/169925,Uttar Pradesh,KHERI,UTKARSH VERMA MADHUR,KHERI,Installation work of a semi high mast light 6 way near village Tara Nagar Mandir intersection of Gram Panchayat Mudabujurg.,2025-01-29,166033.0,2025-03-12,166033.0,Physical Inspection,2.0,166033.0,83016.5,108338.0,2025-07-13,2025-09-21,Shiv Kumar,True,2026-01-21,166033.0,1.0,0.0,42.0,70.0,315.0,1
Normal/Others,WS/MP18226/2024-2025/169926,Uttar Pradesh,KHERI,UTKARSH VERMA MADHUR,KHERI,Installation work of a semi high mast light 6 way near village Harisinghpur Masjid intersection of Gram Panchayat Harisinghpur.,2025-01-29,166033.0,2025-03-12,166033.0,Physical Inspection,2.0,166033.0,83016.5,108338.0,2025-07-13,2025-09-21,Shiv Kumar,True,2026-01-21,166033.0,1.0,0.0,42.0,70.0,315.0,1
Normal/Others,WS/MP18226/2024-2025/169927,Uttar Pradesh,KHERI,UTKARSH VERMA MADHUR,KHERI,Installation work of a semi high mast light 6 way near Tikona Baba intersection in village Adalabad.,2025-01-29,166033.0,2025-03-12,166033.0,Physical Inspection,2.0,166033.0,83016.5,108338.0,2025-07-13,2025-09-21,Shiv Kumar,True,2026-01-21,166033.0,1.0,0.0,42.0,70.0,315.0,1
Normal/Others,WS/MP233/2025-2026/227934,Nagaland,DIMAPUR,Smt. S. Phangnon Konyak (2022-28) (2022-2028),Elected MP,"The music school at Dimapur need to be upgraded by providing musical instruments, as the enrolment is growing. This will help nurture young talents in and around Dimapur and music lovers from across the state.",2025-08-23,500000.0,2025-10-22,500000.0,Physical Inspection,1.0,500000.0,500000.0,500000.0,2025-10-22,2025-10-22,MR KASHITO KIBA,True,2026-02-25,500000.0,1.0,0.0,60.0,0.0,126.0,1
Normal/Others,WS/MP233/2025-2026/230254,Nagaland,MON,Smt. S. Phangnon Konyak (2022-28) (2022-2028),Elected MP,"Providing the sports equipments to Mon District Athletics Association will help the young athletes in various field of sports, as the association has 9 trained Technical Official with no support, if the proper equipments are being provided the organisation can guide and mould the youths of Mon District.",2025-08-29,500000.0,2025-10-24,500000.0,Physical Inspection,1.0,500000.0,500000.0,500000.0,2025-10-24,2025-10-24,A RHENAM KONYAK,True,2026-03-02,500000.0,1.0,0.0,56.0,0.0,129.0,1
Normal/Others,WS/MP233/2025-2026/239054,Nagaland,MON,Smt. S. Phangnon Konyak (2022-28) (2022-2028),Elected MP,Organising Sansad Khel Mahotsav under PM Modi in the 17 district of Nagaland at Village level to district level. which will uplift the sport talent across the State to participate in the national and International level as well.,2025-09-29,5304000.0,2025-10-21,5304000.0,Physical Inspection,1.0,5304000.0,5304000.0,5304000.0,2025-10-21,2025-10-21,L Shojila Yimchunger,True,2026-03-02,5304000.0,1.0,0.0,22.0,0.0,132.0,1
Normal/Others,WS/MP233/2025-2026/249157,Nagaland,MON,Smt. S. Phangnon Konyak (2022-28) (2022-2028),Elected MP,Expansion of existing volleyball court into a full football ground in which the community can use for any kind of event such as sports and cultural programme.,2025-11-18,400000.0,2025-12-09,400000.0,Physical Inspection,2.0,400000.0,200000.0,240000.0,2025-12-10,2026-01-20,Tinge N Konyak,True,2026-03-10,400000.0,1.0,0.0,21.0,41.0,91.0,1
Normal/Others,WS/MP233/2025-2026/227941,Nagaland,MON,Smt. S. Phangnon Konyak (2022-28) (2022-2028),Elected MP,Solar power grid at Lower Tiru and Upper Tiru will ensure continuous supply of power to this two villages. it will also help the villagers to continue with their economic activity during night time and access to clean energy,2025-08-23,1000000.0,2025-10-14,1000000.0,Physical Inspection,1.0,1000000.0,1000000.0,1000000.0,2025-10-14,2025-10-14,ALEM N KONYAK,True,2026-03-10,1000000.0,1.0,0.0,52.0,0.0,147.0,1
Normal/Others,WS/MP233/2025-2026/227942,Nagaland,MON,Smt. S. Phangnon Konyak (2022-28) (2022-2028),Elected MP,Solar power grid at Lower Tiru and Upper Tiru will ensure continuous supply of power to this two villages. it will also help the villagers to continue with their economic activity during night time and access to clean energy,2025-08-23,1000000.0,2025-10-14,1000000.0,Physical Inspection,1.0,1000000.0,1000000.0,1000000.0,2025-10-14,2025-10-14,ALEM N KONYAK,True,2026-03-10,1000000.0,1.0,0.0,52.0,0.0,147.0,1
Normal/Others,WS/MP233/2025-2026/227312,Nagaland,MON,Smt. S. Phangnon Konyak (2022-28) (2022-2028),Elected MP,installation of Solar power grid at Oting Village will ensure continuous supply of power to the villages. This will also help the villagers to continue with their economic activity during night time and access to clean energy.,2025-08-23,1000000.0,2025-10-10,1000000.0,Physical Inspection,1.0,1000000.0,1000000.0,1000000.0,2025-10-10,2025-10-10,ALEM N KONYAK,True,2026-03-10,1000000.0,1.0,0.0,48.0,0.0,151.0,1
Normal/Others,WS/MP233/2025-2026/225200,Nagaland,MON,Smt. S. Phangnon Konyak (2022-28) (2022-2028),Elected MP,"Mon migration trail, a youth migration monitoring system developed by Mon District Police. To mitigate the various issues faced by youth who are migrating to various cities in search of livelihood opportunities. This app will assist them in getting access to timely help from law enforcement agencies when the need arises and will also address trafficking issues",2025-08-05,800000.0,2025-09-03,800000.0,Physical Inspection,1.0,800000.0,800000.0,800000.0,2025-09-03,2025-09-03,M SUPDT OF POLICEMON,True,2025-09-03,800000.0,1.0,0.0,29.0,0.0,0.0,1
Normal/Others,WS/MP233/2025-2026/246829,Nagaland,MON,Smt. S. Phangnon Konyak (2022-28) (2022-2028),Elected MP,"Shangnyu Village is approximately 18 kilometers from district headquarter Mon, Nagaland and it has a population of around 1850. As describe and witness the village are lack of development which include sports infrastructure, therefore as demanded by the village head and youth leaders, the village will be provided with the construction of Concrete Pavilion at the village local ground which will be very helpful for the community in sports and for various gathering.",2025-11-07,1500000.0,2025-12-09,1500000.0,Physical Inspection,2.0,1500000.0,750000.0,900000.0,2025-12-10,2026-03-02,N Khongwang Konyak,False,2026-03-06,1500000.0,1.0,0.0,32.0,82.0,87.0,1
Normal/Others,WS/MP233/2026-2027/286110,Nagaland,MON,Smt. S. Phangnon Konyak (2022-28) (2022-2028),Elected MP,"The road maintenance work includes repair of damaged road portions, filling of potholes, surface improvement, and necessary restoration works to enhance the durability and usability of the road. Proper attention will also be given to maintaining water drainage and preventing further deterioration of the road during adverse weather conditions. The project aims to provide better connectivity, reduce travel difficulties, and improve access to essential services, markets, schools etc...",2026-06-16,520000.0,2026-07-15,520000.0,Work partially Completed,1.0,312000.0,312000.0,312000.0,2026-07-15,2026-07-15,K Pulei Konyak and Merenla K,,,,0.6,0.0,29.0,0.0,,1
Normal/Others,WS/MP233/2025-2026/202323,Nagaland,MON,Smt. S. Phangnon Konyak (2022-28) (2022-2028),Elected MP,Construction of Road from Chingai Ward Junction to DIC Office Mon,2025-05-21,21000000.0,2025-06-20,21000000.0,Physical Inspection,2.0,21000000.0,10500000.0,10500000.0,2025-06-20,2025-10-31,H NYAMTO KONYAK,True,2026-01-20,21000000.0,1.0,0.0,30.0,133.0,214.0,1
Normal/Others,WS/MP233/2023-2024/56829,Nagaland,MON,Smt. S. Phangnon Konyak (2022-28) (2022-2028),Elected MP,Repair of approach road to Shantham Ward.,2023-12-05,1000000.0,2023-12-21,1000000.0,Physical Inspection,2.0,1000000.0,500000.0,500000.0,2023-12-23,2024-03-09,T N NAIWANG KONYAK,True,2024-08-14,1000000.0,1.0,0.0,16.0,77.0,237.0,1
Normal/Others,WS/MP233/2023-2024/56800,Nagaland,MON,Smt. S. Phangnon Konyak (2022-28) (2022-2028),Elected MP,Repair of approach road to Chingai ward,2023-12-05,1500000.0,2023-12-21,1500000.0,Physical Inspection,2.0,1500000.0,750000.0,750000.0,2023-12-22,2024-03-10,YAPHO KONYAK,True,2024-08-14,1500000.0,1.0,0.0,16.0,79.0,237.0,1
Normal/Others,WS/MP233/2024-2025/133826,Nagaland,MON,Smt. S. Phangnon Konyak (2022-28) (2022-2028),Elected MP,Construction of Approach Road,2024-07-20,1200000.0,2024-11-09,1200000.0,Physical Inspection,2.0,1200000.0,600000.0,600000.0,2024-11-09,2025-12-17,N AMSHA KONYAK,True,2026-01-30,1200000.0,1.0,0.0,112.0,403.0,447.0,1
Normal/Others,WS/MP233/2025-2026/225208,Nagaland,MON,Smt. S. Phangnon Konyak (2022-28) (2022-2028),Elected MP,"The connecting road of the lower lane caters to hundreds of households and is the only road link has not been repaired for more than a decade. The construction of this road at Daily market will help the people, especially students of the locality in their daily commute",2025-08-05,10000000.0,2025-09-05,10000000.0,Physical Inspection,2.0,10000000.0,5000000.0,6000000.0,2025-09-10,2025-11-01,H L Tongwang,True,2026-02-27,10000000.0,1.0,0.0,31.0,52.0,175.0,1
Normal/Others,WS/MP233/2025-2026/239079,Nagaland,MON,Smt. S. Phangnon Konyak (2022-28) (2022-2028),Elected MP,"Construction of proper footpath,  at Tanlao ward, Mon Town will benefit over 300 house hold living in the area and its adjacent Douglas colony for better accessibility and connection to the rest of the town.",2025-09-29,1000000.0,2025-10-27,1000000.0,Physical Inspection,1.0,1000000.0,1000000.0,1000000.0,2025-10-27,2025-10-27,Peter N Konyak,True,2026-03-11,1000000.0,1.0,0.0,28.0,0.0,135.0,1
Normal/Others,WS/MP233/2025-2026/266721,Nagaland,MON,Smt. S. Phangnon Konyak (2022-28) (2022-2028),Elected MP,"Construction of footpath over drainage at sonari road NH below DC hill will be convenient for all the public as being a busiest traffic road the footpath will also served as safety for the people on foot. Modern footpaths benefit vulnerable groups like the elderly, children, people with disabilities using ramps, smooth surfaces, adequate width. This supports equitable. Drainage systems rarely provide such direct social inclusion",2026-02-06,1000000.0,2026-02-20,1000000.0,Physical Inspection,1.0,1000000.0,1000000.0,1000000.0,2026-02-23,2026-02-23,Wanglam Konyak,True,2026-03-10,1000000.0,1.0,0.0,14.0,0.0,18.0,1
Normal/Others,WS/MP233/2025-2026/249163,Nagaland,MON,Smt. S. Phangnon Konyak (2022-28) (2022-2028),Elected MP,"Shantham ward located in Mon Town, Mon District with the population of around 1800, the construction of Drainage cum Footsteps 300 meter length in order to control float from rain water and wastewater as well as for the convenient shortcut footsteps  from ADC road to Govt. Higher Secondary School, Mon Town -C, which will be much help and convenient for the students",2025-11-18,1000000.0,2025-12-09,1000000.0,Physical Inspection,2.0,1000000.0,500000.0,600000.0,2025-12-10,2026-01-20,Yanga Y Konyak,True,2026-02-27,1000000.0,1.0,0.0,21.0,41.0,80.0,1
Normal/Others,WS/MP233/2026-2027/280805,Nagaland,MON,Smt. S. Phangnon Konyak (2022-28) (2022-2028),Elected MP,"Construction of Footpaths in Hill and Rural Areas  The construction of footpaths in hill and rural areas is very important for improving daily life, safety, and connectivity of villages. In many hilly regions, roads are limited and people mostly travel on foot to reach schools, farms, markets, water sources, and health centres. Proper footpaths help villagers move safely and easily, especially during rainy seasons when the terrain becomes slippery and dangerous.",2026-05-15,2600000.0,2026-05-19,2600000.0,Work partially Completed,2.0,2600000.0,1300000.0,1820000.0,2026-05-19,2026-07-15,Naiwang Konyak,,,,1.0,0.0,4.0,57.0,,1
Normal/Others,WS/MP233/2025,Nagaland,MON,Smt. S. Phangnon Konyak (2022-28) (2022-2028),Elected MP,"Construction of a Footsteps pathway measuring approximately 220 to 250 meters in length. The proposed pathway will connect the Circular Road near SIB office, located adjacent to the Assam Rifle Camp, to the Old Government Quarters of the Agriculture Department. The work includes. Site clearing and levelling, Construction of concrete footsteps steps along the identified gradient. Installation of side drainage necessary. Providing proper finishing for safe pedestrian movement.",2025-11-18,600000.0,2025-12-09,600000.0,Physical Inspection,,,,,,,,True,2026-02-20,1000000.0,,0.0,21.0,,73.0,0
Normal/Others,WS/MP233/2026-2027/280806,Nagaland,MON,Smt. S. Phangnon Konyak (2022-28) (2022-2028),Elected MP,"Plantation of tree and fruits tree offer a wild range advantages that go far beyond just getting fruits. they combine general benefits of tree plantation with specific food producing and economic perks, some of the benefits are, carbon Claustration and climate action, Air and water purification, soil conservation, biodiversity support, free or low cost food, low maintenance, specific advantage in region like in Nagaland, India high rainfall and suitable climate for many tropical fruits tree.",2026-05-15,3000000.0,2026-06-22,3000000.0,Work partially Completed,2.0,3000000.0,1500000.0,2220000.0,2026-06-22,2026-08-04,N Phamlih Friday,,,,1.0,0.0,38.0,43.0,,1
Normal/Others,WS/MP233/2026-2027/286222,Nagaland,MON,Smt. S. Phangnon Konyak (2022-28) (2022-2028),Elected MP,"The project involves the plantation of various suitable tree species, including indigenous, fruit-bearing, and shade-providing trees, along with necessary activities such as site preparation, sapling procurement, plantation, and initial maintenance. The initiative will contribute towards improving air quality, reducing soil erosion, supporting biodiversity, and creating a greener landscape for future generations. The project reflects the commitment towards sustainable development and environment",2026-06-16,520000.0,2026-08-06,520000.0,Work partially Completed,1.0,320000.0,320000.0,320000.0,2026-08-10,2026-08-10,Phowang,,,,0.6153846153846154,0.0,51.0,0.0,,1
Normal/Others,WS/MP233/2025-2026/248293,Nagaland,MON,Smt. S. Phangnon Konyak (2022-28) (2022-2028),Elected MP,Tree and crops plantation on a degraded mining land.,2025-11-14,1000000.0,2026-02-06,1000000.0,Physical Inspection,2.0,1000000.0,500000.0,500000.0,2026-02-07,2026-03-11,TEMWANG,True,2026-03-26,1000000.0,1.0,0.0,84.0,32.0,48.0,1
Normal/Others,WS/MP233/2023-2024/56813,Nagaland,MON,Smt. S. Phangnon Konyak (2022-28) (2022-2028),Elected MP,"Construction of boundary wall near DC’s Residence, Mon.",2023-12-05,1000000.0,2023-12-22,1000000.0,Physical Inspection,2.0,1000000.0,500000.0,500000.0,2023-12-24,2024-04-29,PHANWANG KONYAK,True,2024-08-14,1000000.0,1.0,0.0,17.0,127.0,236.0,1
Normal/Others,WS/MP233/2024-2025/133823,Nagaland,MON,Smt. S. Phangnon Konyak (2022-28) (2022-2028),Elected MP,Construction of Heritage Site at Mon,2024-07-20,6000000.0,2024-08-05,6000000.0,Physical Inspection,2.0,6000000.0,3000000.0,3000000.0,2024-08-05,2025-03-31,PHANWANG KONYAK,False,2024-08-14,6000000.0,1.0,0.0,16.0,238.0,9.0,1
Normal/Others,WS/MP233/2026-2027/285838,Nagaland,MON,Smt. S. Phangnon Konyak (2022-28) (2022-2028),Elected MP,"The Heritage Hall will stand as a symbol of cultural identity and community development, contributing to the preservation of heritage while meeting the growing needs of the people. The additional financial support will ensure that the project achieves its intended objectives and is to complete successfully for the long-term benefit of the community. The fund will be utilized for completing the remaining construction works, including structural finishing, electrical installations, interior works.",2026-06-16,3000000.0,2026-07-15,3000000.0,Work partially Completed,1.0,3000000.0,3000000.0,3000000.0,2026-07-15,2026-07-15,YAPHO KONYAK,,,,1.0,0.0,29.0,0.0,,1
Normal/Others,WS/MP233/2026-2027/285812,Nagaland,MON,Smt. S. Phangnon Konyak (2022-28) (2022-2028),Elected MP,"The construction of a Traditional Hall at Shangnyu Village is undertaken to provide a common community space for cultural activities, traditional gatherings, meetings, and social events. The project aims to preserve and promote local traditions while providing a suitable facility for the villagers. The work includes site preparation, foundation construction, erection of the hall structure, roofing, flooring, electrical installation. Traditional Hall will serve as an important community asset.",2026-06-16,3000000.0,2026-07-15,3000000.0,Work partially Completed,1.0,1800000.0,1800000.0,1800000.0,2026-07-15,2026-07-15,N Khongwang Konyak,,,,0.6,0.0,29.0,0.0,,1
Normal/Others,WS/MP233/2026-2027/280801,Nagaland,MON,Smt. S. Phangnon Konyak (2022-28) (2022-2028),Elected MP,"Construction of waiting or bus sheds will provide Significant practical benefits in rural hilly village especially in region like Nagaland India where roads are winding, public transport is infrequent, weather is unpredictable and villages are often remote benefits protection from harsh weather, shelter from rain, wind extreme heat. this waiting shed will be as multipurpose use and low cost community asset.",2026-05-15,3500000.0,2026-05-19,3500000.0,Work partially Completed,2.0,3500000.0,1750000.0,2450000.0,2026-05-19,2026-07-15,Tingyu Konyak,,,,1.0,0.0,4.0,57.0,,1
Normal/Others,WS/MP233/2025-2026/248292,Nagaland,MON,Smt. S. Phangnon Konyak (2022-28) (2022-2028),Elected MP,Mobile Libraries for Mon District in order to upliftment and development of Konyak dialect.,2025-11-14,1000000.0,2026-01-17,1000000.0,Physical Inspection,1.0,1000000.0,1000000.0,1000000.0,2026-01-17,2026-01-17,S Manlip Konyak,True,2026-01-17,1000000.0,1.0,0.0,64.0,0.0,0.0,1
Normal/Others,WS/MP233/2024-2025/133828,Nagaland,MON,Smt. S. Phangnon Konyak (2022-28) (2022-2028),Elected MP,Upgradation of Weaving Infrastructure,2024-07-20,300000.0,2024-10-06,300000.0,Physical Inspection,2.0,300000.0,150000.0,200000.0,2024-10-06,2024-10-16,P NGINJAI KONYAK,True,2024-10-16,300000.0,1.0,0.0,78.0,10.0,10.0,1
Normal/Others,WS/MP233/2025-2026/225203,Nagaland,MON,Smt. S. Phangnon Konyak (2022-28) (2022-2028),Elected MP,"Wangkhao College, the only government college in the district catering to approximately six hundred students has acute shortage of water supply in the campus. Hence, the construction of bore well and installation of a filtration system will help facilitate the supply of proper drinking water to the faculty and students",2025-08-05,2000000.0,2025-09-03,2000000.0,Physical Inspection,2.0,2000000.0,1000000.0,1200000.0,2025-09-10,2026-03-02,Pangom Konyak,False,2026-03-11,2000000.0,1.0,0.0,29.0,173.0,189.0,1
Normal/Others,WS/MP233/2026-2027/285801,Nagaland,MON,Smt. S. Phangnon Konyak (2022-28) (2022-2028),Elected MP,"The completed water tank will enhance water availability and storage capacity for around 500 households in Shantham Ward, supporting improved sanitation, hygiene, and community welfare.. Construction of tank structure using suitable materials to ensure strength, durability, and water-tightness. Installation of inlet, outlet, overflow, and distribution arrangements. Plastering, waterproofing, and finishing works to maintain water quality and reduce leakage. Necessary pipeline connections.",2026-06-16,312000.0,2026-07-15,312000.0,Work partially Completed,1.0,187200.0,187200.0,187200.0,2026-07-15,2026-07-15,Jacob S Konyak,,,,0.6,0.0,29.0,0.0,,1
Normal/Others,WS/MP233/2025-2026/249134,Nagaland,MON,Smt. S. Phangnon Konyak (2022-28) (2022-2028),Elected MP,"The construction of this CRSM drain will greatly benefit the locality as it serves as the primary outlet for stormwater and wastewater from the main bazaar, improving drainage and reducing flooding risks.",2025-11-18,1040000.0,2025-12-09,1040000.0,Physical Inspection,2.0,1040000.0,520000.0,520000.0,2025-12-09,2026-03-02,Nguphon Konyak,True,2026-03-13,1040000.0,1.0,0.0,21.0,83.0,94.0,1
Normal/Others,WS/MP233/2025-2026/251284,Nagaland,MON,Smt. S. Phangnon Konyak (2022-28) (2022-2028),Elected MP,"Construction of Medium scale stormwater, wastewater drainage system with open RCC drains will benefits. prevents water accumulation that leads to water logging and soil erosion. prevent contamination of drinking water sources by keeping sewage and waste water separate from clean water, prevents soil erosion.",2025-11-29,3500000.0,2025-12-09,3500000.0,Physical Inspection,2.0,3500000.0,1750000.0,2100000.0,2025-12-10,2026-01-20,Nyelei Konyak,True,2026-03-01,3500000.0,1.0,0.0,10.0,41.0,82.0,1
Normal/Others,WS/MP233/2024-2025/133822,Nagaland,MON,Smt. S. Phangnon Konyak (2022-28) (2022-2028),Elected MP,Construction of Drainage below Vinngoi,2024-07-20,1000000.0,2024-11-29,1000000.0,Physical Inspection,2.0,1000000.0,500000.0,500000.0,2024-11-29,2025-03-21,PANGZEI N KONYAK,True,2026-01-30,1000000.0,1.0,0.0,132.0,112.0,427.0,1
Normal/Others,WS/MP233/2023-2024/56790,Nagaland,MON,Smt. S. Phangnon Konyak (2022-28) (2022-2028),Elected MP,Construction of Multipurpose Hall at Langsa Hill School.,2023-12-05,10000000.0,2023-12-22,10000000.0,Physical Inspection,2.0,10000000.0,5000000.0,5000000.0,2023-12-23,2024-05-10,T YAHNA KONYAK,True,2024-08-14,10000000.0,1.0,0.0,17.0,139.0,236.0,1
Normal/Others,WS/MP233/2023-2024/56811,Nagaland,MON,Smt. S. Phangnon Konyak (2022-28) (2022-2028),Elected MP,Construction of Hall at Konjong School.,2023-12-05,5000000.0,2023-12-22,5000000.0,Physical Inspection,2.0,5000000.0,2500000.0,2500000.0,2023-12-23,2024-06-15,A PEIHWANG WANGSA,True,2024-08-14,5000000.0,1.0,0.0,17.0,175.0,236.0,1
Normal/Others,WS/MP233/2024-2025/133817,Nagaland,MON,Smt. S. Phangnon Konyak (2022-28) (2022-2028),Elected MP,Construction of Drainage,2024-07-20,3000000.0,2024-09-12,3000000.0,Physical Inspection,2.0,3000000.0,1500000.0,1500000.0,2024-09-12,2024-11-19,Y YINGLIH,True,2025-04-03,3000000.0,1.0,0.0,54.0,68.0,203.0,1
Normal/Others,WS/MP233/2023-2024/56818,Nagaland,MON,Smt. S. Phangnon Konyak (2022-28) (2022-2028),Elected MP,Construction of Public Toilet,2023-12-05,1000000.0,2023-12-22,1000000.0,Physical Inspection,2.0,1000000.0,500000.0,500000.0,2023-12-23,2024-04-25,MANLI KONYAK,True,2024-08-14,1000000.0,1.0,0.0,17.0,124.0,236.0,1
Normal/Others,WS/MP233/2023-2024/56830,Nagaland,MON,Smt. S. Phangnon Konyak (2022-28) (2022-2028),Elected MP,Construction of Irrigation canal and dam.,2023-12-05,4000000.0,2023-12-17,4000000.0,Physical Inspection,2.0,4000000.0,2000000.0,2000000.0,2023-12-18,2024-02-26,TEMWANG,True,2024-02-26,4000000.0,1.0,0.0,12.0,70.0,71.0,1
Normal/Others,WS/MP233/2024,Nagaland,MON,Smt. S. Phangnon Konyak (2022-28) (2022-2028),Elected MP,Prevention of Agricultural Land Erosion and Flood at Tizit River,2024-07-20,25000000.0,2024-07-31,25000000.0,Physical Inspection,,,,,,,,True,2026-01-12,25000000.0,,0.0,11.0,,530.0,0
Normal/Others,WS/MP233/2026,Nagaland,MON,Smt. S. Phangnon Konyak (2022-28) (2022-2028),Elected MP,,2026-07-21,9500000.0,2026-07-24,9500000.0,Work partially Completed,,,,,,,,,,,,0.0,3.0,,,0
Normal/Others,WS/MP233/2025-2026/250935,Nagaland,Chumoukedima,Smt. S. Phangnon Konyak (2022-28) (2022-2028),Elected MP,"The Chakhroma Wrestling Meet is one of the most prominent traditional sporting events in Chumukedima Village under Chumukedima District. it brings all the athletes, youth together and spectator from across Nagaland. the upcoming edition holds special significance as it aims to promote Indigenous Naga Wrestling and also highlight traditional belt, which is global recognition. therefore, under MPLADS the Wrestling Mat will be provided to uplift and push the athletic for the Asian Games.",2025-11-27,400000.0,2026-01-17,400000.0,Physical Inspection,1.0,400000.0,400000.0,400000.0,2026-01-17,2026-01-17,Medochuzo Medoze,True,2026-01-17,400000.0,1.0,0.0,51.0,0.0,0.0,1
Normal/Others,WS/MP233/2024-2025/56847,Nagaland,PEREN,Smt. S. Phangnon Konyak (2022-28) (2022-2028),Elected MP,Construction of Public Toilet.,2023-12-05,1000000.0,2024-08-08,1000000.0,Physical Inspection,2.0,1000000.0,500000.0,500000.0,2024-08-08,2024-09-10,MELANDIALLIU NBUNG,True,2024-12-02,1000000.0,1.0,0.0,247.0,33.0,116.0,1
Normal/Others,WS/MP233/2024-2025/133819,Nagaland,PEREN,Smt. S. Phangnon Konyak (2022-28) (2022-2028),Elected MP,Upgradation of Computer Infrastructure at St. Xavier College,2024-07-20,1500000.0,2024-09-07,1500000.0,Physical Inspection,1.0,1500000.0,1500000.0,1500000.0,2024-09-07,2024-09-07,PRINCIPAL ST XAVIER COLLEGE,True,2024-12-02,1500000.0,1.0,0.0,49.0,0.0,86.0,1
Normal/Others,WS/MP233/2024-2025/133816,Nagaland,KOHIMA,Smt. S. Phangnon Konyak (2022-28) (2022-2028),Elected MP,Construction of Drainage,2024-07-20,1000000.0,2024-12-19,1000000.0,Physical Inspection,2.0,1000000.0,500000.0,500000.0,2025-01-30,2025-03-28,Ruokuokhrielie Alex Rutsa,False,2025-07-08,1000000.0,1.0,0.0,152.0,57.0,201.0,1
Normal/Others,WS/MP233/2025-2026/227148,Nagaland,KOHIMA,Smt. S. Phangnon Konyak (2022-28) (2022-2028),Elected MP,The construction of toilet facility at Ruzhukhrie government school would provide clean and accessible toilet facilities ensuring comfort and hygiene for the students.,2025-08-23,1000000.0,2025-12-09,1000000.0,Physical Inspection,2.0,1000000.0,500000.0,600000.0,2025-12-09,2026-03-06,KHRIELIE USOU,False,2026-03-13,1000000.0,1.0,0.0,108.0,87.0,94.0,1
Normal/Others,WS/MP233/2025-2026/225201,Nagaland,KOHIMA,Smt. S. Phangnon Konyak (2022-28) (2022-2028),Elected MP,The installation of ANPR camera has become a necessity in the state of Nagaland. This will provide specific information about the movement of vehicle to maintain law and order in the state. It will also act as a deterrent to criminals trying to commit crimes and will help the police force in executing their duty effectively and efficiently,2025-08-05,2000000.0,2025-12-18,2000000.0,Work partially Completed,1.0,2000000.0,2000000.0,2000000.0,2025-12-18,2025-12-18,Nagaland Police ANPR,,,,1.0,0.0,135.0,0.0,,1
Normal/Others,WS/MP233/2025-2026/227169,Nagaland,KOHIMA,Smt. S. Phangnon Konyak (2022-28) (2022-2028),Elected MP,Providing sporting equipments for the people of Merema Village.,2025-08-14,300000.0,2025-10-21,300000.0,Work partially Completed,1.0,300000.0,300000.0,300000.0,2025-10-21,2025-10-21,Menovikho Viyie,,,,1.0,0.0,68.0,0.0,,1
Normal/Others,WS/MP233/2024-2025/133820,Nagaland,Tseminyu,Smt. S. Phangnon Konyak (2022-28) (2022-2028),Elected MP,Beautification of Village,2024-07-20,500000.0,2024-11-21,500000.0,Physical Inspection,2.0,500000.0,250000.0,250000.0,2024-12-03,2024-12-20,THOMAS MAGH,True,2024-12-20,500000.0,1.0,0.0,124.0,17.0,29.0,1
Normal/Others,WS/MP233/2025-2026/225205,Nagaland,PHEK,Smt. S. Phangnon Konyak (2022-28) (2022-2028),Elected MP,The construction of waste management unit at khezhakeno village will help the villagers to dispose the waste accumulated in the village in a scientific way. This will help keep the environment clean and healthy.,2025-08-05,500000.0,2025-10-31,500000.0,Physical Inspection,2.0,500000.0,250000.0,250000.0,2025-10-31,2025-12-11,Pfutsudulo Meche,False,2026-01-14,500000.0,1.0,0.0,87.0,41.0,75.0,1
Normal/Others,WS/MP233/2025-2026/239108,Nagaland,MOKOKCHUNG,Smt. S. Phangnon Konyak (2022-28) (2022-2028),Elected MP,"The Construction of boundary wall of existing community building at Luyong, Molungyimsen which will served as a protection to the public property and as a boundary to avoid land encroachment.",2025-09-29,3000000.0,2025-12-15,3000000.0,Physical Inspection,2.0,3000000.0,1500000.0,1500000.0,2025-12-15,2026-02-25,Masaienla,True,2026-03-01,3000000.0,1.0,0.0,77.0,72.0,76.0,1
Normal/Others,WS/MP233/2025-2026/227311,Nagaland,MOKOKCHUNG,Smt. S. Phangnon Konyak (2022-28) (2022-2028),Elected MP,"Providing Musical instrument to the community would be much help for the youth of Luyong villager of Tuli so that their involvement in the field of Art, culture and music at the same time can improved and polish the talented youth.",2025-08-23,300000.0,2025-10-27,300000.0,Physical Inspection,1.0,300000.0,300000.0,300000.0,2025-10-27,2025-10-27,I WATI JAMIR,True,2026-02-08,300000.0,1.0,0.0,65.0,0.0,104.0,1
Normal/Others,WS/MP233/2024-2025/133814,Nagaland,MOKOKCHUNG,Smt. S. Phangnon Konyak (2022-28) (2022-2028),Elected MP,Construction of Cemetery Footsteps,2024-07-20,2000000.0,2024-10-04,2000000.0,Physical Inspection,2.0,2000000.0,1000000.0,1000000.0,2024-10-04,2024-12-04,Imnasenla Lemtur,True,2024-12-06,2000000.0,1.0,0.0,76.0,61.0,63.0,1
Normal/Others,WS/MP233/2024-2025/133824,Nagaland,WOKHA,Smt. S. Phangnon Konyak (2022-28) (2022-2028),Elected MP,Construction of Rostrum,2024-07-20,1000000.0,2024-12-02,1000000.0,Physical Inspection,2.0,1000000.0,500000.0,600000.0,2024-12-18,2025-02-21,CHENIRAO,True,2025-05-05,1000000.0,1.0,0.0,135.0,65.0,154.0,1
Normal/Others,WS/MP233/2024-2025/133815,Nagaland,WOKHA,Smt. S. Phangnon Konyak (2022-28) (2022-2028),Elected MP,Construction of Community Hall,2024-07-20,2500000.0,2024-12-02,2500000.0,Physical Inspection,2.0,2500000.0,1250000.0,1500000.0,2024-12-18,2025-02-21,YIBOMO LOTHA,True,2025-05-05,2500000.0,1.0,0.0,135.0,65.0,154.0,1
Normal/Others,WS/MP233/2026-2027/302520,Nagaland,WOKHA,Smt. S. Phangnon Konyak (2022-28) (2022-2028),Elected MP,"Construction of New fishery pond for the community at Baghty Town, Wokha district.",2026-08-10,312000.0,2026-08-28,312000.0,Work partially Completed,1.0,312000.0,312000.0,312000.0,2026-08-28,2026-08-28,Lochumlo R Tungoe,,,,1.0,0.0,18.0,0.0,,1
Normal/Others,WS/MP233/2026-2027/281628,Nagaland,WOKHA,Smt. S. Phangnon Konyak (2022-28) (2022-2028),Elected MP,"Construction of Fishery Project at Longjung Village, Bhandari, Wokha The proposed fishery project aims to develop a sustainable and eco-friendly fish farming system in hilly areas by utilizing available natural water resources and suitable land conditions. The project will support livelihood generation, improve local fish production, and promote rural economic development. Site Development, Land clearing, levelling, and slope stabilization. Construction of access pathways and drainage systems.",2026-05-18,4264000.0,2026-06-24,4264000.0,Work partially Completed,2.0,4264000.0,2132000.0,2984800.0,2026-06-24,2026-07-30,MERITHUNG LOTHA,,,,1.0,0.0,37.0,36.0,,1
Normal/Others,WS/MP233/2026-2027/281641,Nagaland,WOKHA,Smt. S. Phangnon Konyak (2022-28) (2022-2028),Elected MP,"Construction of Fishery Project at Liphi,Khumsu Village, Bhandari, Wokha The proposed fishery project aims to develop a sustainable and eco-friendly fish farming system in hilly areas by utilizing available natural water resources and suitable land conditions. The project will support livelihood generation, improve local fish production, and promote rural economic development. Site Development, Land clearing, levelling, and slope stabilization. Construction of access pathways and drainage system",2026-05-18,4680000.0,2026-06-24,4680000.0,Work partially Completed,2.0,4680000.0,2340000.0,3276000.0,2026-06-24,2026-07-30,M DANIEL LOTHA,,,,1.0,0.0,37.0,36.0,,1
Normal/Others,WS/MP233/2026-2027/281649,Nagaland,WOKHA,Smt. S. Phangnon Konyak (2022-28) (2022-2028),Elected MP,"Construction of Fishery Project at Longjung Village, Bhandari, Wokha The proposed fishery project aims to develop a sustainable and eco-friendly fish farming system in hilly areas by utilizing available natural water resources and suitable land conditions. The project will support livelihood generation, improve local fish production, and promote rural economic development. Site Development, Land clearing, levelling, and slope stabilization. Construction of access pathways and drainage systems.",2026-05-18,4680000.0,2026-06-24,4680000.0,Work partially Completed,2.0,4680000.0,2340000.0,3276000.0,2026-06-24,2026-07-30,MHONYANI EZUNG,,,,1.0,0.0,37.0,36.0,,1
Normal/Others,WS/MP233/2023-2024/56815,Nagaland,LONGLENG,Smt. S. Phangnon Konyak (2022-28) (2022-2028),Elected MP,Providing drain and gutters for public drainage.,2023-12-05,1000000.0,2024-02-27,1000000.0,Physical Inspection,2.0,1000000.0,500000.0,500000.0,2024-02-27,2024-03-09,C MANLANG ANGTO,True,2024-03-09,1000000.0,1.0,0.0,84.0,11.0,11.0,1
Normal/Others,WS/MP233/2024-2025/133827,Nagaland,TUENSANG,Smt. S. Phangnon Konyak (2022-28) (2022-2028),Elected MP,Water Tank at Tuensang Town Cemetery,2024-07-20,2000000.0,2024-10-19,2000000.0,Physical Inspection,2.0,2000000.0,1000000.0,1000000.0,2024-10-20,2024-11-27,YANGDIPI SANGTAM,True,2024-12-02,2000000.0,1.0,0.0,91.0,38.0,44.0,1
Normal/Others,WS/MP233/2025-2026/230257,Nagaland,TUENSANG,Smt. S. Phangnon Konyak (2022-28) (2022-2028),Elected MP,"Water Reservoir tank is very important for the colony where there are more than 100 house hold. Therefore, construction of water tank size of 50x50 reservoir in the ward is a need of the hour, where the peoples depend on it.",2025-08-29,1000000.0,2025-12-01,1000000.0,Physical Inspection,2.0,1000000.0,500000.0,600000.0,2025-12-01,2026-02-06,Y P CHILLIO,True,2026-02-20,1000000.0,1.0,0.0,94.0,67.0,81.0,1
Normal/Others,WS/MP233/2025-2026/251266,Nagaland,TUENSANG,Smt. S. Phangnon Konyak (2022-28) (2022-2028),Elected MP,"Approach road to nangke yatong park, and connection of link road by fresh cutting of earth. This  project will help for the development of public park which will be a recreational place for any visitor to the village. It will get hold for all  overview of Neighbouring village.",2025-11-29,1500000.0,2026-02-25,1500000.0,Physical Inspection,1.0,1500000.0,1500000.0,1500000.0,2026-03-02,2026-03-02,Yemshangmongba,False,2026-03-02,1500000.0,1.0,0.0,88.0,0.0,5.0,1
Normal/Others,WS/MP233/2023-2024/56789,Nagaland,Shamator,Smt. S. Phangnon Konyak (2022-28) (2022-2028),Elected MP,Construction of Guest House.,2023-12-05,10500000.0,2024-01-06,10500000.0,Vendor Identification,1.0,10500000.0,10500000.0,10500000.0,2024-01-10,2024-01-10,Y RHEKHUM,,,,1.0,0.0,32.0,0.0,,1
Normal/Others,WS/MP233/2023-2024/56788,Nagaland,KIPHIRE,Smt. S. Phangnon Konyak (2022-28) (2022-2028),Elected MP,Construction of approach road to kithu paddy field (2.5kms),2023-12-05,2500000.0,2024-03-01,2500000.0,Physical Inspection,2.0,2500000.0,1250000.0,1250000.0,2024-03-04,2024-07-26,TRIBAL ENTERPRISE,True,2024-08-14,2500000.0,1.0,0.0,87.0,144.0,166.0,1
Normal/Others,WS/MP233/2025-2026/229712,Nagaland,Noklak,Smt. S. Phangnon Konyak (2022-28) (2022-2028),Elected MP,"Heritage Home Stay is the only Govt. registration Home stay in Noklak District. it has been drowning its service since 2021. it is in need of major repairing of the roof, ceiling and electrification to provide better service to the people.",2025-08-28,1000000.0,2025-12-09,1000000.0,Physical Inspection,2.0,1000000.0,500000.0,600000.0,2025-12-09,2026-02-18,LAMSONG,True,2026-03-05,1000000.0,1.0,0.0,103.0,71.0,86.0,1
Normal/Others,WS/MP672/2024-2025/181699,Maharashtra,NAGPUR,Nitin Jairam Gadkari,NAGPUR,"Construction of Community Hall at Saroj Nagar Society, Hajari Pahad, Nagpur.",2025-03-13,4996000.0,2025-03-22,4996000.0,Sanction,,,,,,,,,,,,0.0,9.0,,,0
Normal/Others,WS/MP672/2025-2026/181702,Maharashtra,NAGPUR,Nitin Jairam Gadkari,NAGPUR,Construction of Community Hall on Plot No.134 (Land of NIT) at Mahalgi Nagar.,2025-03-13,3000000.0,2025-11-26,3000000.0,Physical Inspection,1.0,2232096.0,2232096.0,2232096.0,2025-11-27,2025-11-27,Nandkishor Namdeorao Thote,True,2025-11-27,2232096.0,0.744032,0.0,258.0,0.0,1.0,1
Normal/Others,WS/MP672/2026-2027/247099,Maharashtra,NAGPUR,Nitin Jairam Gadkari,NAGPUR,"Construction of Community Hall at Jagdish Nagar, Nagpur.",2025-11-09,2500000.0,2026-05-14,2500000.0,Work Completed,1.0,1965693.0,1965693.0,1965693.0,2026-05-14,2026-05-14,Patel Associates,True,2026-05-14,1965693.0,0.7862772,0.0,186.0,0.0,0.0,1
Normal/Others,WS/MP672/2026-2027/291742,Maharashtra,NAGPUR,Nitin Jairam Gadkari,NAGPUR,"Construction of community hall at Santaji Nagar, Dandekar Layout infront of Ganesh Mandir nagpur.",2026-07-03,5000000.0,2026-07-07,5000000.0,Physical Inspection,1.0,3201581.0,3201581.0,3201581.0,2026-07-07,2026-07-07,Dhiraj Baba Virkhare,,,,0.6403162,0.0,4.0,0.0,,1
Repair and Renovation,WS/MP672/2024-2025/157560,Maharashtra,NAGPUR,Nitin Jairam Gadkari,NAGPUR,Repair and renovation to Mira Datar Samaj Bhavan at Arvind Nagar.,2024-12-09,998500.0,2025-02-11,998500.0,Physical Inspection,1.0,959212.0,959212.0,959212.0,2025-09-19,2025-09-19,Kailash Eknath Suryawanshi,True,2025-09-19,959212.0,0.9606529794692038,0.0,64.0,0.0,220.0,1
Normal/Others,WS/MP672/2025-2026/181697,Maharashtra,NAGPUR,Nitin Jairam Gadkari,NAGPUR,"Construction of 4 Wheeler and 2 Wheeler Parking at Rashtra Sant Tukdoji Maharaj Cancer Hospital and Research Centre, Tukdoji Square, Nagpur for convenience of patients",2025-03-13,1500000.0,2025-11-14,1500000.0,Physical Inspection,1.0,966539.0,966539.0,966539.0,2025-11-14,2025-11-14,Palash Premchand Musale,True,2025-11-14,966539.0,0.6443593333333333,0.0,246.0,0.0,0.0,1
Normal/Others,WS/MP672/2024-2025/185152,Maharashtra,NAGPUR,Nitin Jairam Gadkari,NAGPUR,Purchase of 6 Computers along with 3 Printers,2025-03-21,435000.0,2025-03-22,435000.0,Work Completed,1.0,435000.0,435000.0,435000.0,2025-03-30,2025-03-30,Shri Jaitai Enterprises Sharda Katore,True,2025-03-30,435000.0,1.0,0.0,1.0,0.0,8.0,1
Normal/Others,WS/MP672/2025-2026/252718,Maharashtra,NAGPUR,Nitin Jairam Gadkari,NAGPUR,Purchasing of 2 Computer Systems and 1 Printer at Sonegaon Police Station.,2025-12-08,150000.0,2025-12-23,150000.0,Work partially Completed,1.0,150000.0,150000.0,150000.0,2026-07-31,2026-07-31,Spectrum Services,,,,1.0,0.0,15.0,0.0,,1
Normal/Others,WS/MP672/2024-2025/181677,Maharashtra,NAGPUR,Nitin Jairam Gadkari,NAGPUR,"Providing 30 Computer Sets to Mahila Mahavidyalaya, Nandanvan, Nagpur.",2025-03-13,1950000.0,2025-03-31,1950000.0,Work Completed,1.0,1949760.0,1949760.0,1949760.0,2025-05-08,2025-05-08,Spectrum Services,True,2025-05-08,1949760.0,0.9998769230769231,0.0,18.0,0.0,38.0,1
Normal/Others,WS/MP672/2026-2027/276663,Maharashtra,NAGPUR,Nitin Jairam Gadkari,NAGPUR,"Purchase of 6 Computers, 4 Printers (With Scanner) and Drinking Water Machine (With RO and Cooling Machine) at Saraswati Mandir, Tulshibag Road, Reshimbag, Nagpur.",2026-03-30,836000.0,2026-04-01,836000.0,Work Completed,2.0,729476.0,364738.0,539676.0,2026-05-06,2026-05-06,Spectrum Services | Shri Jaitai Enterprises Sharda Katore,False,2026-05-06,729476.0,0.872578947368421,0.0,2.0,0.0,35.0,2
Normal/Others,WS/MP672/2025-2026/198595,Maharashtra,NAGPUR,Nitin Jairam Gadkari,NAGPUR,"Upgradation of Class rooms to Smart Class Rooms at Shri Mathuradas Mohota College of Science, Nagpur",2025-05-11,500000.0,2026-02-09,500000.0,Work partially Completed,1.0,449900.0,449900.0,449900.0,2026-07-31,2026-07-31,Highstone Technologies Private Limited,,,,0.8998,0.0,274.0,0.0,,1
Normal/Others,WS/MP672/2025-2026/226219,Maharashtra,NAGPUR,Nitin Jairam Gadkari,NAGPUR,"Setting up of E-Library at Dr.Babasaheb Ambedkar Law College, Nagpur.",2025-08-10,9998850.0,2026-03-30,9998850.0,Physical Inspection,1.0,9998850.0,9998850.0,9998850.0,2026-04-06,2026-04-06,Spectrum Services,False,2026-04-06,9998850.0,1.0,0.0,232.0,0.0,7.0,1
Normal/Others,WS/MP672/2024-2025/144101,Maharashtra,NAGPUR,Nitin Jairam Gadkari,NAGPUR,"Upgrading of Prosthetic & Orthotics unit at CRC, Nagpur.",2024-09-27,152300.0,2024-09-30,152300.0,Work Completed,1.0,152300.0,152300.0,152300.0,2024-10-04,2024-10-04,Pro Ortho Perfect India Pvt Ltd,True,2024-10-04,152300.0,1.0,0.0,3.0,0.0,4.0,1
Normal/Others,WS/MP672/2024-2025/144103,Maharashtra,NAGPUR,Nitin Jairam Gadkari,NAGPUR,"Purchasing of Solar (Battery Operated) tricycle at CRC, Nagpur.",2024-09-27,555000.0,2024-09-30,555000.0,Physical Inspection,1.0,555000.0,555000.0,555000.0,2024-10-01,2024-10-01,Andhra Pradesh Medtech zone Ltd,True,2024-10-01,555000.0,1.0,0.0,3.0,0.0,1.0,1
Normal/Others,WS/MP672/2024-2025/144104,Maharashtra,NAGPUR,Nitin Jairam Gadkari,NAGPUR,Purchasing of Speech and Language disorder assesment and intervention software for speech and hearing disabilities.,2024-09-27,670000.0,2024-09-30,670000.0,Physical Inspection,1.0,670000.0,670000.0,670000.0,2024-10-01,2024-10-01,Voice Tech,True,2024-09-30,670000.0,1.0,0.0,3.0,0.0,0.0,1
Normal/Others,WS/MP672/2026-2027/215164,Maharashtra,NAGPUR,Nitin Jairam Gadkari,NAGPUR,"Construction of Sewer line and Drainage line at Galli No.1 and Galli No.2 behind Jetwan Buddha Vihar, New Indora",2025-07-05,1000000.0,2026-05-29,1000000.0,Physical Inspection,1.0,775097.0,775097.0,775097.0,2026-06-17,2026-06-17,Pravin W Kale,,,,0.775097,0.0,328.0,0.0,,1
Normal/Others,WS/MP672/2026-2027/272113,Maharashtra,NAGPUR,Nitin Jairam Gadkari,NAGPUR,"Construction of drainage line at Santosh Nagar Prabhag No-3, Nagpur.",2026-03-02,1000000.0,2026-06-25,1000000.0,Physical Inspection,1.0,943153.0,943153.0,943153.0,2026-08-24,2026-08-24,Vstone Infrastructure,,,,0.943153,0.0,115.0,0.0,,1
Normal/Others,WS/MP672/2026-2027/272115,Maharashtra,NAGPUR,Nitin Jairam Gadkari,NAGPUR,"Construction of drainage line at Nagsenvan from house of Shamkuwar to house of Bolgudewar, Prabhag No-3, Nagpur.",2026-03-02,1000000.0,2026-06-25,1000000.0,Physical Inspection,1.0,943418.0,943418.0,943418.0,2026-08-24,2026-08-24,Vstone Infrastructure,,,,0.943418,0.0,115.0,0.0,,1
Normal/Others,WS/MP672/2025-2026/198594,Maharashtra,NAGPUR,Nitin Jairam Gadkari,NAGPUR,"Construction of road at Mouza - Zingabai Takli, Khasra No.110, Nasheman Society, Nagpur.",2025-05-11,1000000.0,2026-02-25,1000000.0,Work Completed,1.0,943737.0,943737.0,943737.0,2026-02-26,2026-02-26,Shubham Ramdas Zade,True,2026-02-26,943737.0,0.943737,0.0,290.0,0.0,1.0,1
Normal/Others,WS/MP672/2026-2027/227307,Maharashtra,NAGPUR,Nitin Jairam Gadkari,NAGPUR,"Construction of Cement Concrete road at Dabha from House of Shri.Milind Gode to Binjhani Shopee and Binjhani Shopee to House of Shri.Pappi Agrawal, Nagpur.",2025-08-16,3000000.0,2026-05-14,3000000.0,Physical Inspection,1.0,1888785.0,1888785.0,1888785.0,2026-06-16,2026-06-16,Sweety Construction,,,,0.629595,0.0,271.0,0.0,,1
Normal/Others,WS/MP672/2026-2027/227303,Maharashtra,NAGPUR,Nitin Jairam Gadkari,NAGPUR,"Construction of Cement Concrete Road at Pivli Nadi area, Nagpur.",2025-08-16,1000000.0,2026-05-29,1000000.0,Physical Inspection,1.0,784511.0,784511.0,784511.0,2026-06-16,2026-06-16,Pravin W Kale,,,,0.784511,0.0,286.0,0.0,,1
Normal/Others,WS/MP672/2024-2025/144105,Maharashtra,NAGPUR,Nitin Jairam Gadkari,NAGPUR,"Construction of Cement Concerete Road from house of Durga Vikas Dharange to house of Sunita Hedaoo at Galli No.24, Vinoba Bhave Nagar.",2024-09-27,458593.0,2024-09-30,458593.0,Physical Inspection,1.0,458593.0,458593.0,458593.0,2024-10-04,2024-10-04,CHITANYA CONSTRUCTION,True,2024-09-30,458593.0,1.0,0.0,3.0,0.0,0.0,1
Normal/Others,WS/MP672/2024-2025/157636,Maharashtra,NAGPUR,Nitin Jairam Gadkari,NAGPUR,Installation of Paver Blocks (I Block) in Arvind Nagar from House of Viju Dahake to Ramjan Ul Haq.,2024-12-09,1000000.0,2025-02-11,1000000.0,Physical Inspection,1.0,956902.0,956902.0,956902.0,2025-08-04,2025-08-04,Kailash Eknath Suryawanshi,True,2025-08-04,956902.0,0.956902,0.0,64.0,0.0,174.0,1
Normal/Others,WS/MP672/2026-2027/215081,Maharashtra,NAGPUR,Nitin Jairam Gadkari,NAGPUR,Construction of Cement Concrete Road at Malik Mouza Society Arya Nagar Prabhag No.1,2025-07-05,2000000.0,2026-05-14,2000000.0,Physical Inspection,1.0,1203802.0,1203802.0,1203802.0,2026-05-14,2026-05-14,D M Traders,True,2026-05-14,1203802.0,0.601901,0.0,313.0,0.0,0.0,1
Normal/Others,WS/MP672/2026-2027/215119,Maharashtra,NAGPUR,Nitin Jairam Gadkari,NAGPUR,"Construction of Cement Concrete Road at Sai Sevashram Society, Arya Nagar, Nagpur.",2025-07-05,2000000.0,2026-07-22,2000000.0,Sanction,,,,,,,,,,,,0.0,382.0,,,0
Normal/Others,WS/MP672/2026-2027/215131,Maharashtra,NAGPUR,Nitin Jairam Gadkari,NAGPUR,Cosntruction of road with drainage from Shriram Nagar Kalimata mandir Main road to Drum Karkhana to Sangeeta Gokhle residence Kalamna,2025-07-05,2500000.0,2026-06-25,2500000.0,Physical Inspection,1.0,1374996.0,1374996.0,1374996.0,2026-07-03,2026-07-03,Jeet Enterprises,,,,0.5499984,0.0,355.0,0.0,,1
Normal/Others,WS/MP672/2026-2027/215132,Maharashtra,NAGPUR,Nitin Jairam Gadkari,NAGPUR,"Cosntruction of road with drainage from Gokul Nagar Main road to residence of Mr.Gaurav, Kalamna",2025-07-05,2500000.0,2026-07-22,2500000.0,Physical Inspection,1.0,1374299.0,1374299.0,1374299.0,2026-07-24,2026-07-24,Jeet Enterprises,,,,0.5497196,0.0,382.0,0.0,,1
Normal/Others,WS/MP672/2026-2027/215133,Maharashtra,NAGPUR,Nitin Jairam Gadkari,NAGPUR,"Cosntruction of road with drainage from Main road to residence of Manish Sahu and Main road to residence of Harsha Paunikar, Gokul Nagar, Kalamna",2025-07-05,2500000.0,2026-07-22,2500000.0,Physical Inspection,1.0,1368261.0,1368261.0,1368261.0,2026-07-24,2026-07-24,Jeet Enterprises,,,,0.5473044,0.0,382.0,0.0,,1
Normal/Others,WS/MP672/2026-2027/215157,Maharashtra,NAGPUR,Nitin Jairam Gadkari,NAGPUR,"Cosntruction of CC Flooring road from residence of Shyam Tarare to residence of Ganesh Ghodmare, Balabhaupeth, Nagpur",2025-07-05,500000.0,2026-05-29,500000.0,Physical Inspection,1.0,393118.0,393118.0,393118.0,2026-06-17,2026-06-17,Pravin W Kale,,,,0.786236,0.0,328.0,0.0,,1
Normal/Others,WS/MP672/2026-2027/272114,Maharashtra,NAGPUR,Nitin Jairam Gadkari,NAGPUR,"Construction of road at Shiv Nagar, Prabhag No-3, Nagpur.",2026-03-02,1000000.0,2026-06-25,1000000.0,Physical Inspection,1.0,947858.0,947858.0,947858.0,2026-08-21,2026-08-21,Shubham Bhure,,,,0.947858,0.0,115.0,0.0,,1
Normal/Others,WS/MP672/2026-2027/272117,Maharashtra,NAGPUR,Nitin Jairam Gadkari,NAGPUR,"Laying of I-Block at Samaj Bhavan located at Santosh nagar, Prabhag No-3, Nagpur.",2026-03-02,1000000.0,2026-06-25,1000000.0,Physical Inspection,1.0,944440.0,944440.0,944440.0,2026-08-24,2026-08-24,Shubham Bhure,,,,0.94444,0.0,115.0,0.0,,1
Normal/Others,WS/MP672/2024-2025/172547,Maharashtra,NAGPUR,Nitin Jairam Gadkari,NAGPUR,"Installation of I-Block near Rehamania Masjid, Ramai Nagar, Nagpur.",2025-02-04,1000000.0,2025-02-07,1000000.0,Physical Inspection,1.0,955761.0,955761.0,955761.0,2025-02-17,2025-02-17,JITENDRA FOUJLAL MANE,True,2025-02-17,955761.0,0.955761,0.0,3.0,0.0,10.0,1
Normal/Others,WS/MP672/2025-2026/256783,Maharashtra,NAGPUR,Nitin Jairam Gadkari,NAGPUR,Development of Dnyanyogi Dr.Shrikant Jichkar Children Traffic Park.,2026-01-02,5000000.0,2026-02-03,5000000.0,Work partially Completed,1.0,2347190.0,2347190.0,2347190.0,2026-02-06,2026-02-06,KAMLESH CONSTRUCTION,,,,0.469438,0.0,32.0,0.0,,1
Normal/Others,WS/MP672/2025-2026/276662,Maharashtra,NAGPUR,Nitin Jairam Gadkari,NAGPUR,"Development of open space beside NMC Vyayam Shala locates at Tuslhibag, Mahal (Prabhag - 18) with construction of toilets, Covered Shed and laying of I-Blocks on ground.",2026-03-30,2500000.0,2026-03-30,2500000.0,Physical Inspection,1.0,1583723.0,1583723.0,1583723.0,2026-03-30,2026-03-30,Bhushan Suresh Taori,True,2026-03-30,1583723.0,0.6334892,0.0,0.0,0.0,0.0,1
Normal/Others,WS/MP672/2024-2025/185160,Maharashtra,NAGPUR,Nitin Jairam Gadkari,NAGPUR,"Installation of Li-Ning Matin at Badminton Court of NMC Badminton Hall at Vivekanand Nagar, Nagpur",2025-03-21,1000000.0,2025-03-22,1000000.0,Physical Inspection,1.0,992000.0,992000.0,992000.0,2025-05-21,2025-05-21,SPORTS ORBIT EVENTS,True,2025-03-25,992000.0,0.992,0.0,1.0,0.0,3.0,1
Normal/Others,WS/MP672/2024-2025/136731,Maharashtra,NAGPUR,Nitin Jairam Gadkari,NAGPUR,"Installation of Highmast light and electric poles with light at Gosavi Ghat, Binaki, Nagpur",2024-08-22,999600.0,2024-08-23,999600.0,Work Completed,1.0,963514.0,963514.0,963514.0,2024-08-23,2024-08-23,Ansari Electricals,True,2024-08-23,963514.0,0.9638995598239296,0.0,1.0,0.0,0.0,1
Normal/Others,WS/MP465/2025-2026/168656,Uttar Pradesh,UNNAO,Swami Sachchidanandhari Sakshi ji Maharaj,UNNAO,Construction work of Baraatshaala in village Harikheda Majra Katav in Block Purva.,2025-02-10,1843000.0,2025-06-25,1843000.0,Work partially Completed,2.0,1837973.0,918986.5,1310135.0,2025-12-24,2026-06-22,RAJESH KUMAR PAL,,,,0.9972723819858925,0.0,135.0,180.0,,1
Normal/Others,WS/MP465/2026-2027/277568,Uttar Pradesh,UNNAO,Swami Sachchidanandhari Sakshi ji Maharaj,UNNAO,Construction of a Community hall in village Sanjhamau in block Sumerpur,2026-04-10,1702000.0,2026-06-19,1702000.0,Sanction,,,,,,,,,,,,0.0,70.0,,,0
Trust and Society,WS/MP465/2025-2026/196761,Uttar Pradesh,UNNAO,Swami Sachchidanandhari Sakshi ji Maharaj,UNNAO,School me 02 Kamre Nirman karya hetu,2025-05-05,500000.0,2025-05-13,500000.0,Work partially Completed,2.0,500000.0,250000.0,300000.0,2025-05-19,2025-09-08,AMAR SHAHEED GULAB SINGH LODHI SHIKSHA SAMITI,,,,1.0,0.0,8.0,112.0,,1
Normal/Others,WS/MP465/2025-2026/174851,Uttar Pradesh,UNNAO,Swami Sachchidanandhari Sakshi ji Maharaj,UNNAO,"Construction work of one laboratory rooms in Pandit Dev Krishna Inter College, Sagwar, vikas khand Bighapur, Unnao.",2025-02-10,700000.0,2025-06-13,700000.0,Work partially Completed,1.0,697815.0,697815.0,697815.0,2025-12-24,2025-12-24,RAJESH KUMAR PAL,,,,0.9968785714285714,0.0,123.0,0.0,,1
Normal/Others,WS/MP465/2025-2026/189652,Uttar Pradesh,UNNAO,Swami Sachchidanandhari Sakshi ji Maharaj,UNNAO,UNNAO KE SAMUDAYIK SWASTHYA KENDRA NAWABGANJ SAFIPUR BANGARMAU HASANGANJ PURWA ME MNCU KE ROOP ME UCCHIKRIT KARNE HETU KARYA KARANE KE LIYE-MUKHYA CHIKITSA AADHIKARI UNNAO,2025-04-07,1367000.0,2025-12-19,1367000.0,Vendor Identification,7.0,1077000.0,153857.14285714287,360000.0,2026-07-03,2026-07-03,RAJESH KUMAR PAL | DEEPA SURGICAL,,,,0.7878566203365033,0.0,256.0,0.0,,2
Normal/Others,WS/MP465/2026-2027/257122,Uttar Pradesh,UNNAO,Swami Sachchidanandhari Sakshi ji Maharaj,UNNAO,For a CPAP machine in the Sick Newborn Care Unit set up in the Womens Hospital in Unnao district,2026-01-07,164999.0,2026-08-05,164999.0,Sanction,,,,,,,,,,,,0.0,210.0,,,0
Normal/Others,WS/MP465/2025-2026/196762,Uttar Pradesh,UNNAO,Swami Sachchidanandhari Sakshi ji Maharaj,UNNAO,"Ward no., 18 Gadankheda me Amar Shaheed Gulab singh lodhi park ke pass 01 water cooler.",2025-05-05,725000.0,2025-07-15,725000.0,Work partially Completed,1.0,721913.0,721913.0,721913.0,2025-08-13,2025-08-13,RAJESH KUMAR PAL,,,,0.9957420689655172,0.0,71.0,0.0,,1
Normal/Others,WS/MP465/2025-2026/196759,Uttar Pradesh,UNNAO,Swami Sachchidanandhari Sakshi ji Maharaj,UNNAO,Block bichiya ke gram hussain nagar BJP Office ke pass 01 water cooler installation.,2025-05-05,725000.0,2025-07-15,725000.0,Work partially Completed,1.0,722481.0,722481.0,722481.0,2025-08-13,2025-08-13,RAJESH KUMAR PAL,,,,0.9965255172413793,0.0,71.0,0.0,,1
Normal/Others,WS/MP465/2025-2026/196760,Uttar Pradesh,UNNAO,Swami Sachchidanandhari Sakshi ji Maharaj,UNNAO,Lucknow bypass par sthit Maa Annapurna dham mandir ke pass 01 water cooler.,2025-05-05,725000.0,2025-07-15,725000.0,Work partially Completed,1.0,722121.0,722121.0,722121.0,2025-08-13,2025-08-13,RAJESH KUMAR PAL,,,,0.9960289655172414,0.0,71.0,0.0,,1
Normal/Others,WS/MP465/2026-2027/277562,Uttar Pradesh,UNNAO,Swami Sachchidanandhari Sakshi ji Maharaj,UNNAO,Installing of RO water cooler between Primary School and Girls Junior School in village Sagarwar Dhanikheda Marg Block Bighapur.,2026-04-10,725000.0,2026-06-19,725000.0,Sanction,,,,,,,,,,,,0.0,70.0,,,0
Normal/Others,WS/MP465/2026-2027/277563,Uttar Pradesh,UNNAO,Swami Sachchidanandhari Sakshi ji Maharaj,UNNAO,Installationm of RO Water Cooler on Main Road near Baratshala on Piprasar Marg,2026-04-10,725000.0,2026-06-19,725000.0,Sanction,,,,,,,,,,,,0.0,70.0,,,0
Normal/Others,WS/MP465/2025-2026/174850,Uttar Pradesh,UNNAO,Swami Sachchidanandhari Sakshi ji Maharaj,UNNAO,01 water cooler on the road from Gangaga Setu main road to funeral place in development block Sumerpur Gram Panchayat Buxar.,2025-02-10,725000.0,2025-06-13,725000.0,Physical Inspection,1.0,722424.0,722424.0,722424.0,2025-08-13,2025-08-13,RAJESH KUMAR PAL,,,,0.9964468965517241,0.0,123.0,0.0,,1
Normal/Others,WS/MP465/2025-2026/195910,Uttar Pradesh,UNNAO,Swami Sachchidanandhari Sakshi ji Maharaj,UNNAO,Block Bangarmau me nanamau ghat par Water Cooler installation.,2025-05-02,725000.0,2025-07-15,725000.0,Work partially Completed,1.0,722784.0,722784.0,722784.0,2025-12-24,2025-12-24,RAJESH KUMAR PAL,,,,0.9969434482758621,0.0,74.0,0.0,,1
Normal/Others,WS/MP465/2025-2026/195911,Uttar Pradesh,UNNAO,Swami Sachchidanandhari Sakshi ji Maharaj,UNNAO,Block Sumerpur me chandrika mata mandir ke paas Water Cooler installation.,2025-05-02,725000.0,2025-07-15,725000.0,Work partially Completed,1.0,722784.0,722784.0,722784.0,2025-08-13,2025-08-13,RAJESH KUMAR PAL,,,,0.9969434482758621,0.0,74.0,0.0,,1
Normal/Others,WS/MP465/2025-2026/195912,Uttar Pradesh,UNNAO,Swami Sachchidanandhari Sakshi ji Maharaj,UNNAO,Shuklaganj pakke ghat par water cooler installation.,2025-05-02,725000.0,2025-07-15,725000.0,Work partially Completed,1.0,722784.0,722784.0,722784.0,2025-09-22,2025-09-22,RAJESH KUMAR PAL,,,,0.9969434482758621,0.0,74.0,0.0,,1
Normal/Others,WS/MP465/2025-2026/195913,Uttar Pradesh,UNNAO,Swami Sachchidanandhari Sakshi ji Maharaj,UNNAO,Block nawabganj Kushumbhi mandir ke paas water cooler installation.,2025-05-02,725000.0,2025-07-15,725000.0,Work partially Completed,1.0,722784.0,722784.0,722784.0,2025-08-13,2025-08-13,RAJESH KUMAR PAL,,,,0.9969434482758621,0.0,74.0,0.0,,1
Normal/Others,WS/MP465/2025-2026/195914,Uttar Pradesh,UNNAO,Swami Sachchidanandhari Sakshi ji Maharaj,UNNAO,Unnao Jail Parisar me Water Cooler Installation.,2025-05-02,725000.0,2025-07-15,725000.0,Work partially Completed,1.0,722784.0,722784.0,722784.0,2025-08-13,2025-08-13,RAJESH KUMAR PAL,,,,0.9969434482758621,0.0,74.0,0.0,,1
Normal/Others,WS/MP465/2025,Uttar Pradesh,UNNAO,Swami Sachchidanandhari Sakshi ji Maharaj,UNNAO,Covered drain construction work from Muskat Hotel to Raebareli Road in Ward No. 18 Gadankheda.,2025-02-10,602270.0,2025-06-13,602270.0,Physical Inspection,,,,,,,,True,2026-01-16,602270.0,,0.0,123.0,,217.0,0
Normal/Others,WS/MP465/2026-2027/288355,Uttar Pradesh,UNNAO,Swami Sachchidanandhari Sakshi ji Maharaj,UNNAO,Construction of Hanumant Jeev Ashram in Animal shelter,2026-06-23,1268000.0,2026-07-23,1268000.0,Sanction,,,,,,,,,,,,0.0,30.0,,,0
Normal/Others,WS/MP465/2026-2027/288356,Uttar Pradesh,UNNAO,Swami Sachchidanandhari Sakshi ji Maharaj,UNNAO,Construction of interlocking Road gram Panchyat Atwa umar Puliya to Pradeep Kumar House Block Safipur,2026-06-23,1268000.0,2026-07-23,1268000.0,Sanction,,,,,,,,,,,,0.0,30.0,,,0
Normal/Others,WS/MP465/2026-2027/277569,Uttar Pradesh,UNNAO,Swami Sachchidanandhari Sakshi ji Maharaj,UNNAO,Interlocking work from Krishna Sahu farm in village Achalganj towards Unnao RaeBareli Road.,2026-04-10,1534000.0,2026-06-19,1534000.0,Sanction,,,,,,,,,,,,0.0,70.0,,,0
Normal/Others,WS/MP465/2026-2027/277570,Uttar Pradesh,UNNAO,Swami Sachchidanandhari Sakshi ji Maharaj,UNNAO,Interlocking work from Asphalt Road to Lallan Dixit door in Gram Panchayat Magrayar Bighapur block,2026-04-10,2485000.0,2026-06-19,2485000.0,Sanction,,,,,,,,,,,,0.0,70.0,,,0
Normal/Others,WS/MP465/2026-2027/288353,Uttar Pradesh,UNNAO,Swami Sachchidanandhari Sakshi ji Maharaj,UNNAO,Construction of interlocking Road gram Panchyat poni Bramh dev Mandir to Maa Chaturbhuji Mandir  Block S. Karan,2026-06-23,987000.0,2026-07-23,987000.0,Sanction,,,,,,,,,,,,0.0,30.0,,,0
Normal/Others,WS/MP465/2026-2027/288354,Uttar Pradesh,UNNAO,Swami Sachchidanandhari Sakshi ji Maharaj,UNNAO,Construction of interlocking Road gram Trilokpur in Nakul Rajbahadur House to Ramssajeevan Door Block Bighapur,2026-06-23,1326000.0,2026-07-23,1326000.0,Sanction,,,,,,,,,,,,0.0,30.0,,,0
Normal/Others,WS/MP465/2026-2027/277564,Uttar Pradesh,UNNAO,Swami Sachchidanandhari Sakshi ji Maharaj,UNNAO,Interlocking work from Jamal Ahmed Inter College to Lucknow Kanpur Road in Ward No. 12 Pitambar Nagar (Shivnagar),2026-04-10,966000.0,2026-06-19,966000.0,Sanction,,,,,,,,,,,,0.0,70.0,,,0
Normal/Others,WS/MP465/2026-2027/277565,Uttar Pradesh,UNNAO,Swami Sachchidanandhari Sakshi ji Maharaj,UNNAO,Interlocking work from Suresh Barber door to Medi Lal door in Majra Durgaganj Gram Sabha Porai.,2026-04-10,1026000.0,2026-06-19,1026000.0,Sanction,,,,,,,,,,,,0.0,70.0,,,0
Normal/Others,WS/MP465/2026-2027/277566,Uttar Pradesh,UNNAO,Swami Sachchidanandhari Sakshi ji Maharaj,UNNAO,Construction of Drain and Interlocking Road from Pilia to Saint Judes School in Pitambar Nagar.,2026-04-10,803000.0,2026-06-19,803000.0,Sanction,,,,,,,,,,,,0.0,70.0,,,0
Normal/Others,WS/MP465/2026-2027/277567,Uttar Pradesh,UNNAO,Swami Sachchidanandhari Sakshi ji Maharaj,UNNAO,Interlocking work from Ramakant Mishra house to Vijay Bajpai house in village Badarka.,2026-04-10,360000.0,2026-06-19,360000.0,Sanction,,,,,,,,,,,,0.0,70.0,,,0
Normal/Others,WS/MP465/2025-2026/257159,Uttar Pradesh,UNNAO,Swami Sachchidanandhari Sakshi ji Maharaj,UNNAO,Interlocking work in the populated area from the Main Road of Rawatpur Lalaman Kheda in Vikas Khand Bighapur.,2026-01-07,3200000.0,2026-02-28,3200000.0,Vendor Identification,1.0,3197048.0,3197048.0,3197048.0,2026-06-22,2026-06-22,RAJESH KUMAR PAL,,,,0.9990775,0.0,52.0,0.0,,1
Normal/Others,WS/MP465/2025-2026/257160,Uttar Pradesh,UNNAO,Swami Sachchidanandhari Sakshi ji Maharaj,UNNAO,Interlocking work and drain construction work in the populated area from Dariyabag main road in Vikas Khand Bighapur.,2026-01-07,2495000.0,2026-02-28,2495000.0,Sanction,,,,,,,,,,,,0.0,52.0,,,0
Normal/Others,WS/MP465/2025-2026/257161,Uttar Pradesh,UNNAO,Swami Sachchidanandhari Sakshi ji Maharaj,UNNAO,Interlocking work from the main road to in front of Ayush Chhotu Dwivedis house in the village council Nibai of Sikandarpur Karan development block.,2026-01-07,1975000.0,2026-02-28,1975000.0,Vendor Identification,1.0,1952049.0,1952049.0,1952049.0,2026-06-22,2026-06-22,RAJESH KUMAR PAL,,,,0.9883792405063291,0.0,52.0,0.0,,1
Normal/Others,WS/MP465/2025-2026/257162,Uttar Pradesh,UNNAO,Swami Sachchidanandhari Sakshi ji Maharaj,UNNAO,"Interlocking work in the populated area of Nayakheda hamlet of Sattan village Panchayat, Sikanderpur Karan development block.",2026-01-07,1520000.0,2026-02-28,1520000.0,Work partially Completed,1.0,1517181.0,1517181.0,1517181.0,2026-06-22,2026-06-22,RAJESH KUMAR PAL,,,,0.998145394736842,0.0,52.0,0.0,,1
Normal/Others,WS/MP465/2025-2026/257163,Uttar Pradesh,UNNAO,Swami Sachchidanandhari Sakshi ji Maharaj,UNNAO,"Construction of the boundary wall in the premises of the statue of revered Babu Kalyan Singh Ji in the village of Kaithankheda, Gram Sabha Jansar, Development Block Nawabganj.",2026-01-07,2068000.0,2026-02-28,2068000.0,Physical Inspection,1.0,2065526.0,2065526.0,2065526.0,2026-06-23,2026-06-23,RAJESH KUMAR PAL,,,,0.9988036750483559,0.0,52.0,0.0,,1
Normal/Others,WS/MP465/2025-2026/257164,Uttar Pradesh,UNNAO,Swami Sachchidanandhari Sakshi ji Maharaj,UNNAO,Interlocking work and drain construction from Dhankoli Nihalkheda main road to the house of Shri Tej Bahadur Singh.,2026-01-07,1975000.0,2026-02-27,1975000.0,Sanction,,,,,,,,,,,,0.0,51.0,,,0
Normal/Others,WS/MP465/2025-2026/257165,Uttar Pradesh,UNNAO,Swami Sachchidanandhari Sakshi ji Maharaj,UNNAO,Interlocking work from Khadnja to Gaurav Singhs house in the village Barbati of Sikanderpur Sirosi development block.,2026-01-07,1150000.0,2026-02-28,1150000.0,Sanction,,,,,,,,,,,,0.0,52.0,,,0
Normal/Others,WS/MP465/2025-2026/257166,Uttar Pradesh,UNNAO,Swami Sachchidanandhari Sakshi ji Maharaj,UNNAO,"Interlocking work up to Phoolmati Mata Temple in Mazra village Bairi of Gram Panchayat Shadipur, Development Block Bangarmau.",2026-01-07,998000.0,2026-02-27,998000.0,Vendor Identification,1.0,995482.0,995482.0,995482.0,2026-06-24,2026-06-24,RAJESH KUMAR PAL,,,,0.9974769539078157,0.0,51.0,0.0,,1
Normal/Others,WS/MP465/2025-2026/257174,Uttar Pradesh,UNNAO,Swami Sachchidanandhari Sakshi ji Maharaj,UNNAO,Interlocking work from the asphalt road to the front of the primary school in Alampur.,2026-01-07,2200000.0,2026-02-27,2200000.0,Sanction,,,,,,,,,,,,0.0,51.0,,,0
Normal/Others,WS/MP465/2025-2026/257175,Uttar Pradesh,UNNAO,Swami Sachchidanandhari Sakshi ji Maharaj,UNNAO,Interlocking work from Ganga Sagar Gate to Shivpal Gate in the village Adankheda of Sikandarpur Karan development block.,2026-01-07,790000.0,2026-02-27,790000.0,Vendor Identification,1.0,788246.0,788246.0,788246.0,2026-06-22,2026-06-22,RAJESH KUMAR PAL,,,,0.997779746835443,0.0,51.0,0.0,,1
Normal/Others,WS/MP465/2026-2027/277560,Uttar Pradesh,UNNAO,Swami Sachchidanandhari Sakshi ji Maharaj,UNNAO,Construction of interlocking and drain in Ward No. 10 from Tiwari Chakki house to Sunder Lal house via Vishwanath Munshi house.,2026-04-10,1048000.0,2026-06-19,1048000.0,Sanction,,,,,,,,,,,,0.0,70.0,,,0
Normal/Others,WS/MP465/2026-2027/277561,Uttar Pradesh,UNNAO,Swami Sachchidanandhari Sakshi ji Maharaj,UNNAO,Interlocking work on RaeBareli Road to Mamleshwar Mahadev link road at village Sikandarpur karan.,2026-04-10,1204000.0,2026-06-19,1204000.0,Sanction,,,,,,,,,,,,0.0,70.0,,,0
Normal/Others,WS/MP465/2025-2026/195996,Uttar Pradesh,UNNAO,Swami Sachchidanandhari Sakshi ji Maharaj,UNNAO,ward no. 12 Pitambar nagar (Shiv Nagar) me Kalishankar Lodhi ke ghar se Aara machine ki aor Interlocking karya.,2025-05-02,1200000.0,2025-09-02,1200000.0,Vendor Identification,1.0,1197955.0,1197955.0,1197955.0,2025-09-26,2025-09-26,RAJESH KUMAR PAL,,,,0.9982958333333334,0.0,123.0,0.0,,1
Normal/Others,WS/MP465/2025-2026/195997,Uttar Pradesh,UNNAO,Swami Sachchidanandhari Sakshi ji Maharaj,UNNAO,Chak nihali kheda me Sonu ke Engine ke thoda aage se Mauragi nadi tak Khadanja road Nirman karya.,2025-05-02,2500000.0,2025-09-02,2500000.0,Vendor Identification,1.0,2491723.0,2491723.0,2491723.0,2025-09-26,2025-09-26,RAJESH KUMAR PAL,,,,0.9966892,0.0,123.0,0.0,,1
Normal/Others,WS/MP465/2024-2025/168655,Uttar Pradesh,UNNAO,Swami Sachchidanandhari Sakshi ji Maharaj,UNNAO,Interlinking construction work from Pradeep Pandey house to Pintu Yadav house in village Tikargarhi in Block Bichiya.,2025-02-10,779000.0,2025-03-26,779000.0,Vendor Identification,1.0,776523.0,776523.0,776523.0,2025-05-12,2025-05-12,RAJESH KUMAR PAL,,,,0.9968202824133504,0.0,44.0,0.0,,1
Normal/Others,WS/MP465/2025-2026/195907,Uttar Pradesh,UNNAO,Swami Sachchidanandhari Sakshi ji Maharaj,UNNAO,gram sabha kuhumbhi me harijan basti me mohd. safi ke ghar se Dr. Bhimrao Ambedkar ki pratima tak interlock karya.,2025-05-02,1224000.0,2025-07-15,1224000.0,Work partially Completed,1.0,1221398.0,1221398.0,1221398.0,2025-09-22,2025-09-22,RAJESH KUMAR PAL,,,,0.997874183006536,0.0,74.0,0.0,,1
Normal/Others,WS/MP465/2025-2026/195908,Uttar Pradesh,UNNAO,Swami Sachchidanandhari Sakshi ji Maharaj,UNNAO,ward no 8 pitambar naga rme Sanjay Tiwari ke makan se interlocking road tak interlocking karya.,2025-05-02,969000.0,2025-07-15,969000.0,Work partially Completed,1.0,966573.0,966573.0,966573.0,2025-12-24,2025-12-24,RAJESH KUMAR PAL,,,,0.9974953560371517,0.0,74.0,0.0,,1
Normal/Others,WS/MP465/2025-2026/195909,Uttar Pradesh,UNNAO,Swami Sachchidanandhari Sakshi ji Maharaj,UNNAO,Ward no. 25 me Ramdeen ke ghar se Suresh Chandel ke makan tak Interlocking karya.,2025-05-02,750000.0,2025-07-15,750000.0,Work partially Completed,1.0,745313.0,745313.0,745313.0,2025-12-24,2025-12-24,RAJESH KUMAR PAL,,,,0.9937506666666667,0.0,74.0,0.0,,1
Normal/Others,WS/MP465/2025-2026/195915,Uttar Pradesh,UNNAO,Swami Sachchidanandhari Sakshi ji Maharaj,UNNAO,Chandpur Jhalhae me Iqbal Shankar ke ghar se Kanhai Pandit ke ghar tak interlocking karya.,2025-05-02,1772000.0,2025-07-15,1772000.0,Work partially Completed,1.0,1767019.0,1767019.0,1767019.0,2026-02-24,2026-02-24,RAJESH KUMAR PAL,,,,0.9971890519187359,0.0,74.0,0.0,,1
Normal/Others,WS/MP465/2025-2026/195986,Uttar Pradesh,UNNAO,Swami Sachchidanandhari Sakshi ji Maharaj,UNNAO,gram panchayat Malauna ke veerampur me Damar road se Ramchandra prajapti ke ghar tak interlocking karya,2025-05-02,1226000.0,2025-07-15,1226000.0,Work partially Completed,1.0,1223621.0,1223621.0,1223621.0,2025-09-22,2025-09-22,RAJESH KUMAR PAL,,,,0.9980595432300163,0.0,74.0,0.0,,1
Normal/Others,WS/MP465/2025-2026/195987,Uttar Pradesh,UNNAO,Swami Sachchidanandhari Sakshi ji Maharaj,UNNAO,gram panchayat matukari ke majra Aat me Mataji ke mandir se Parshuram ke ghar tak interlocking karya,2025-05-02,1500000.0,2025-07-15,1500000.0,Work Completed,1.0,1495013.0,1495013.0,1495013.0,2026-02-07,2026-02-07,RAJESH KUMAR PAL,True,2026-01-17,1495013.0,0.9966753333333334,0.0,74.0,0.0,186.0,1
Normal/Others,WS/MP465/2025-2026/195988,Uttar Pradesh,UNNAO,Swami Sachchidanandhari Sakshi ji Maharaj,UNNAO,gram panchayat mirzapur ke majra langdapur me Chedilal ke ghar se Tejram ke ghar tak Interlocking karya.,2025-05-02,986000.0,2025-07-15,986000.0,Vendor Identification,1.0,985102.0,985102.0,985102.0,2025-09-22,2025-09-22,RAJESH KUMAR PAL,,,,0.9990892494929006,0.0,74.0,0.0,,1
Normal/Others,WS/MP465/2025-2026/195989,Uttar Pradesh,UNNAO,Swami Sachchidanandhari Sakshi ji Maharaj,UNNAO,gram panchayat Sanni me Nanhakke paasi ke ghar se Sushil Mishra ke ghar tak interlocking karya.,2025-05-02,1568000.0,2025-07-15,1568000.0,Work partially Completed,1.0,1563534.0,1563534.0,1563534.0,2025-12-24,2025-12-24,RAJESH KUMAR PAL,,,,0.9971517857142858,0.0,74.0,0.0,,1
Normal/Others,WS/MP465/2025-2026/195990,Uttar Pradesh,UNNAO,Swami Sachchidanandhari Sakshi ji Maharaj,UNNAO,gram panchayat Saraiya me Gaura nishad ke ghar se Rajaram Yadav ke ghar tak interlocking karya,2025-05-02,1476000.0,2025-07-15,1476000.0,Vendor Identification,1.0,1472369.0,1472369.0,1472369.0,2025-09-22,2025-09-22,RAJESH KUMAR PAL,,,,0.997539972899729,0.0,74.0,0.0,,1
Normal/Others,WS/MP465/2025-2026/195992,Uttar Pradesh,UNNAO,Swami Sachchidanandhari Sakshi ji Maharaj,UNNAO,Block Bicchiya ke gram Etauli Ashok Shukla ke ghar se Rampal nai ke ghar tak interlocking karya.,2025-05-02,1037000.0,2025-07-15,1037000.0,Vendor Identification,1.0,1033938.0,1033938.0,1033938.0,2025-09-22,2025-09-22,RAJESH KUMAR PAL,,,,0.9970472516875603,0.0,74.0,0.0,,1
Normal/Others,WS/MP465/2024-2025/168657,Uttar Pradesh,UNNAO,Swami Sachchidanandhari Sakshi ji Maharaj,UNNAO,Interlinking construction work from asphalt road to Budhilal Lodhi house via Ramesh Lodhi house in Abanpur village of Hasanganj Gram Panchayat Nevajkheda.,2025-02-10,1012000.0,2025-03-26,1012000.0,Vendor Identification,1.0,1010932.0,1010932.0,1010932.0,2025-05-12,2025-05-12,RAJESH KUMAR PAL,,,,0.9989446640316205,0.0,44.0,0.0,,1
Normal/Others,WS/MP465/2024-2025/168659,Uttar Pradesh,UNNAO,Swami Sachchidanandhari Sakshi ji Maharaj,UNNAO,"Interlinking construction work from Kashiram asphalt road to CC road via Deepu Lodhi house in Barbat Gram Panchayat of Sikanderpur Sarosi, the city of hopes.",2025-02-10,2335000.0,2025-03-26,2335000.0,Vendor Identification,1.0,2321136.0,2321136.0,2321136.0,2025-05-12,2025-05-12,RAJESH KUMAR PAL,,,,0.9940625267665952,0.0,44.0,0.0,,1
Normal/Others,WS/MP465/2025-2026/168660,Uttar Pradesh,UNNAO,Swami Sachchidanandhari Sakshi ji Maharaj,UNNAO,Interlinking construction work from asphalt road to Arjun Lodhi house in Kedarkheda village of Rampur Lone Gram Panchayat of Sikanderpur.,2025-02-10,1403000.0,2025-06-25,1403000.0,Vendor Identification,1.0,1398194.0,1398194.0,1398194.0,2025-08-13,2025-08-13,RAJESH KUMAR PAL,,,,0.9965744832501782,0.0,135.0,0.0,,1
Normal/Others,WS/MP465/2024-2025/174834,Uttar Pradesh,UNNAO,Swami Sachchidanandhari Sakshi ji Maharaj,UNNAO,Interlocking work from Gram Pariyar Damar Road to Shivkant house in Block Sikandarpur Sarosi Village Pariyar.,2025-02-10,927000.0,2025-03-26,927000.0,Vendor Identification,1.0,925714.0,925714.0,925714.0,2025-05-12,2025-05-12,RAJESH KUMAR PAL,,,,0.9986127292340885,0.0,44.0,0.0,,1
Normal/Others,WS/MP465/2024-2025/174843,Uttar Pradesh,UNNAO,Swami Sachchidanandhari Sakshi ji Maharaj,UNNAO,Interlocking construction work from Mewalal house in village Salehpur Purva Ugu Unnao to front Rajesh house in Fatehpur Chaurasi.,2025-02-10,550000.0,2025-03-26,550000.0,Vendor Identification,1.0,539134.0,539134.0,539134.0,2025-09-26,2025-09-26,RAJESH KUMAR PAL,,,,0.9802436363636363,0.0,44.0,0.0,,1
Normal/Others,WS/MP465/2024-2025/174845,Uttar Pradesh,UNNAO,Swami Sachchidanandhari Sakshi ji Maharaj,UNNAO,Vikas Khand Bighapur Gram Panchayat karmi construction work of interlocking and covered drain on the track on Dariyabad Abadi Bhag Road.,2025-02-10,700000.0,2025-03-26,700000.0,Vendor Identification,1.0,698246.0,698246.0,698246.0,2025-05-12,2025-05-12,RAJESH KUMAR PAL,,,,0.9974942857142857,0.0,44.0,0.0,,1
Normal/Others,WS/MP465/2024-2025/174846,Uttar Pradesh,UNNAO,Swami Sachchidanandhari Sakshi ji Maharaj,UNNAO,Construction work of interlocking from Ramdas house to Sharda canal connecting road in Gram Panchayat Matlabpur village Kandharkheda.,2025-02-10,1400000.0,2025-03-26,1400000.0,Vendor Identification,1.0,1392628.0,1392628.0,1392628.0,2025-07-31,2025-07-31,RAJESH KUMAR PAL,,,,0.9947342857142857,0.0,44.0,0.0,,1
Normal/Others,WS/MP465/2024-2025/174847,Uttar Pradesh,UNNAO,Swami Sachchidanandhari Sakshi ji Maharaj,UNNAO,CC work from Nagendra Trivedi house to Jitendra Singh Parihar house in ward number 18 Gadankheda.,2025-02-10,656000.0,2025-03-26,656000.0,Vendor Identification,1.0,648015.0,648015.0,648015.0,2025-05-12,2025-05-12,RAJESH KUMAR PAL,,,,0.987827743902439,0.0,44.0,0.0,,1
Normal/Others,WS/MP465/2025-2026/174848,Uttar Pradesh,UNNAO,Swami Sachchidanandhari Sakshi ji Maharaj,UNNAO,Interlocking work from Ram Naresh house to Lallu house in Majra Bhagnakheda of Gram Panchayat Mavaiya of development block Sumerpur.,2025-02-10,1161000.0,2025-06-13,1161000.0,Physical Inspection,1.0,1159372.0,1159372.0,1159372.0,2025-08-13,2025-08-13,RAJESH KUMAR PAL,,,,0.9985977605512489,0.0,123.0,0.0,,1
Normal/Others,WS/MP465/2024-2025/174849,Uttar Pradesh,UNNAO,Swami Sachchidanandhari Sakshi ji Maharaj,UNNAO,CC length 60 meters from main road to Tiwari ji chakki in Gadheva Karmi.,2025-02-10,457000.0,2025-03-26,457000.0,Vendor Identification,1.0,456522.0,456522.0,456522.0,2025-05-12,2025-05-12,RAJESH KUMAR PAL,,,,0.9989540481400437,0.0,44.0,0.0,,1
Normal/Others,WS/MP465/2024-2025/137488,Uttar Pradesh,UNNAO,Swami Sachchidanandhari Sakshi ji Maharaj,UNNAO,????? ??? ????????? ??? ??? ????? ?????? ???? ????? ?? ???? ????????? ??? ???? ??? ?? ???????? ?? ?? ?? ?????????? ?????,2024-08-28,1097375.0,2024-11-21,1097375.0,Physical Inspection,1.0,1097375.0,1097375.0,1097375.0,2025-01-16,2025-01-16,RAJESH KUMAR PAL,True,2025-08-27,1097375.0,1.0,0.0,85.0,0.0,279.0,1
Normal/Others,WS/MP465/2024-2025/137489,Uttar Pradesh,UNNAO,Swami Sachchidanandhari Sakshi ji Maharaj,UNNAO,????? ??? ????????? ?????? ??? ????? ?????? ??????? ???? ??? ????? ???? ?? ???????? ????? ?? ?????????? ?????,2024-08-28,2145797.0,2024-11-21,2145797.0,Physical Inspection,1.0,2145797.0,2145797.0,2145797.0,2024-12-26,2024-12-26,RAJESH KUMAR PAL,True,2026-01-16,2145797.0,1.0,0.0,85.0,0.0,421.0,1
Normal/Others,WS/MP465/2024-2025/137490,Uttar Pradesh,UNNAO,Swami Sachchidanandhari Sakshi ji Maharaj,UNNAO,????? ??? ????????? ??? ????? ???? ????? ????? ????? ?? ????????? ???? ?? ?????????? ?????,2024-08-28,1169654.0,2024-11-21,1169654.0,Physical Inspection,1.0,1169654.0,1169654.0,1169654.0,2024-12-26,2024-12-26,RAJESH KUMAR PAL,True,2025-08-27,1169654.0,1.0,0.0,85.0,0.0,279.0,1
Normal/Others,WS/MP465/2024-2025/137491,Uttar Pradesh,UNNAO,Swami Sachchidanandhari Sakshi ji Maharaj,UNNAO,????? ??? ??????? ?? ????? ?????? ?????? ??? ??? ???? ?? ????????? ?? ?? ?? ?????????? ?????,2024-08-28,1302091.0,2024-11-21,1302091.0,Physical Inspection,1.0,1302091.0,1302091.0,1302091.0,2025-01-16,2025-01-16,RAJESH KUMAR PAL,True,2025-08-27,1302091.0,1.0,0.0,85.0,0.0,279.0,1
Normal/Others,WS/MP465/2024-2025/137492,Uttar Pradesh,UNNAO,Swami Sachchidanandhari Sakshi ji Maharaj,UNNAO,??????? ??????? ??? ?? ????? ???? 8 ??? ????? ??????? ?? ?? ?? ???? ?? ?? ?? ?????????? ?????,2024-08-28,334804.0,2024-11-21,334804.0,Physical Inspection,1.0,334804.0,334804.0,334804.0,2025-01-22,2025-01-22,GANGA CONSTRUCTION,True,2026-01-16,334804.0,1.0,0.0,85.0,0.0,421.0,1
Normal/Others,WS/MP465/2024-2025/137493,Uttar Pradesh,UNNAO,Swami Sachchidanandhari Sakshi ji Maharaj,UNNAO,??? ?? ??????? ?????? ??? ??? ???? ?????? ?? ?? ?? ???? ?? ?? ?? ???? ?????????? ?? ?? ?? ?????????? ?????,2024-08-28,1066257.0,2024-12-05,1066257.0,Physical Inspection,1.0,1066257.0,1066257.0,1066257.0,2025-01-16,2025-01-16,JITENDRA KUMAR SINGH,True,2026-01-16,1066257.0,1.0,0.0,99.0,0.0,407.0,1
Normal/Others,WS/MP465/2024-2025/137494,Uttar Pradesh,UNNAO,Swami Sachchidanandhari Sakshi ji Maharaj,UNNAO,?????? ??? ?? ?????? ??? ??? ????? ???? 8 ???? ???? ?? ?? ?? ??????? ?? ?? ?? ?????????? ?????,2024-08-28,294822.0,2024-11-21,294822.0,Physical Inspection,1.0,294822.0,294822.0,294822.0,2025-06-24,2025-06-24,JITENDRA KUMAR SINGH,True,2026-01-14,294822.0,1.0,0.0,85.0,0.0,419.0,1
Normal/Others,WS/MP465/2024-2025/137495,Uttar Pradesh,UNNAO,Swami Sachchidanandhari Sakshi ji Maharaj,UNNAO,????? ??? ?????? ?? ????? ?????? ???????? ????? ?? ???? ????? ????? ??? ????? ???? ?? ?????? ?? ???? ???? ?? ?? ?? ?????????? ?????,2024-08-28,517653.0,2024-11-21,517653.0,Physical Inspection,1.0,517653.0,517653.0,517653.0,2025-01-17,2025-01-17,GANGA CONSTRUCTION,True,2025-08-11,517653.0,1.0,0.0,85.0,0.0,263.0,1
Normal/Others,WS/MP465/2024-2025/137496,Uttar Pradesh,UNNAO,Swami Sachchidanandhari Sakshi ji Maharaj,UNNAO,?????? ??? ?? ??????? ?????????? ??? ????????? ???? ?? ??? ??? ???? ? ?????????? ?????,2024-08-28,848185.0,2024-11-21,848185.0,Physical Inspection,1.0,848185.0,848185.0,848185.0,2024-12-23,2024-12-23,JITENDRA KUMAR SINGH,True,2026-01-16,848185.0,1.0,0.0,85.0,0.0,421.0,1
Normal/Others,WS/MP465/2024-2025/168651,Uttar Pradesh,UNNAO,Swami Sachchidanandhari Sakshi ji Maharaj,UNNAO,Interlinking construction work from near the house of former MLA Devki Nandan to the house of Rahul Patel in Block Sumerpur.,2025-02-10,1731000.0,2025-03-26,1731000.0,Vendor Identification,1.0,1726170.0,1726170.0,1726170.0,2025-05-12,2025-05-12,RAJESH KUMAR PAL,,,,0.997209705372617,0.0,44.0,0.0,,1
Normal/Others,WS/MP465/2024-2025/168652,Uttar Pradesh,UNNAO,Swami Sachchidanandhari Sakshi ji Maharaj,UNNAO,Block Sikandarpur karan me Gram panchayat dubeypur me Maharshi Dayanand Aadarsh Inter College se Vinod Dixit ke ghar ki aor interlocking nirman karya.,2025-02-10,1578000.0,2025-03-26,1578000.0,Vendor Identification,1.0,1563762.0,1563762.0,1563762.0,2025-05-12,2025-05-12,RAJESH KUMAR PAL,,,,0.9909771863117871,0.0,44.0,0.0,,1
Normal/Others,WS/MP465/2025-2026/168653,Uttar Pradesh,UNNAO,Swami Sachchidanandhari Sakshi ji Maharaj,UNNAO,Interlinking construction work from Devidayal house to Vijay Shankar house via Mahadev Baba Temple in village Sarai Manihar in Block Sumerpur.,2025-02-10,862000.0,2025-06-13,862000.0,Work partially Completed,1.0,860582.0,860582.0,860582.0,2025-08-13,2025-08-13,RAJESH KUMAR PAL,,,,0.9983549883990719,0.0,123.0,0.0,,1
Normal/Others,WS/MP465/2025-2026/210794,Uttar Pradesh,UNNAO,Swami Sachchidanandhari Sakshi ji Maharaj,UNNAO,Providing the Sport equipments for training as per letter attached. 4693 dt 20.06.2025,2025-06-20,1278600.0,2026-01-19,1278600.0,Work partially Completed,4.0,1273273.0,318318.25,1066200.0,2026-05-15,2026-05-15,Gurukripa Info System,,,,0.9958337243860472,0.0,213.0,0.0,,1
