"Sr. No.","Work category","WORK","State","IDA","Hon'ble Members of Parliament","Elected/Nominated","Work description","Recommended date","RECOMMENDED AMOUNT   ( ₹ )","Sanction Date"
"1","Normal/Others","WS/MP106/2023-2024/10166-Construction of community centers and community halls","Madhya Pradesh","ANUPPUR(DISTRICT COLLECTOR ANUPPUR_IDA)","Shri Vivek K. Tankha (2022-28) (2022-2028)","Elected MP","Construction of Community hall at gram panchayat Kirgi, Block Pushprajgarh, Village Kirgi, District Anuppur","16-Aug-2023","998400","15-Jan-2024"
"2","Normal/Others","WS/MP106/2025-2026/230379-Construction of community centers and community halls","Madhya Pradesh","ANUPPUR(DISTRICT COLLECTOR ANUPPUR_IDA)","Shri Vivek K. Tankha (2022-28) (2022-2028)","Elected MP","Janpad Pachayat Pushprajgarh, Nagar Panchayat Amarkantak me Rewa ward main Samudayik Bhawan nirman hetu, Anuppur","30-Aug-2025","1000000","12-Jan-2026"
"3","Normal/Others","WS/MP106/2025-2026/180813-Crematoriums/energy efficient crematoriums or structures on burial/cremation ground","Madhya Pradesh","BALAGHAT(DISTRICT COLLECTOR BALAGHAT_IDA)","Shri Vivek K. Tankha (2022-28) (2022-2028)","Elected MP","Gram Panchayat Pandharwani, Janpad Panchayat Lalbarra ke gram Pandharwani me isthit Kabristan me Teen Shade nirman, Balaghat","10-Mar-2025","500000","22-Apr-2025"
"4","Normal/Others","WS/MP106/2023-2024/116007-Construction of rooms and facilities for hospitals, FWC , PHC Centers and ANM centers","Madhya Pradesh","BALAGHAT(DISTRICT COLLECTOR BALAGHAT_IDA)","Shri Vivek K. Tankha (2022-28) (2022-2028)","Elected MP","Gram Panchayat Kanjai, Janpad Panchayat Lalbarra, Jila Balaghat ke Shaskiya Upswasthya kendra Arogya Asptal main Kamron evam Suvidhaon ka nirman, Balaghat","27-Feb-2024","498037","07-Mar-2024"
"5","Normal/Others","WS/MP107/2025-2026/192443-Construction of public irrigation facilities","Madhya Pradesh","BALAGHAT(DISTRICT COLLECTOR BALAGHAT_IDA)","Smt. Sumitra Balmik (2022-28) (2022-2028)","Elected MP","Stop dam construction work Gram panchayat Mowala Janpad panchayat Baihar district Balaghat","25-Apr-2025","2499980","19-Jun-2025"
"6","Normal/Others","WS/MP106/2023-2024/16088-Construction of roads, link roads, pathways or any other road with or without drainage system","Madhya Pradesh","BALAGHAT(DISTRICT COLLECTOR BALAGHAT_IDA)","Shri Vivek K. Tankha (2022-28) (2022-2028)","Elected MP","Gram Panchayat Badgaon, Janpad Panchayat Kirnapur, Ward no. 2 me Chowk par Paver Block & other Public work Lagane hetu, Vidhansabha Lanji, District Balaghat","04-Sep-2023","1000000","05-Oct-2023"
"7","Normal/Others","WS/MP107/2025-2026/192445-Construction of culverts and bridges","Madhya Pradesh","BALAGHAT(DISTRICT COLLECTOR BALAGHAT_IDA)","Smt. Sumitra Balmik (2022-28) (2022-2028)","Elected MP","Construction work of slab culvert on Tuma road, Gram Panchayat Dadkasa, Janpad Panchayat Birsa Balaghat","25-Apr-2025","2499990","19-Jun-2025"
"8","Normal/Others","WS/MP18316/2024-2025/171664-Construction of culverts and bridges","Madhya Pradesh","BETUL(DISTRICT COLLECTOR BETUL_IDA)","Smt. Maya Naroliya (2024-30) (2024-2030)","Elected MP","Mohi Bhilai jod par stap dam cum puliya nirman","05-Feb-2025","500000","27-Mar-2025"
"9","Normal/Others","WS/MP106/2026-2027/266827-Installation of fixed garden gym equipment","Madhya Pradesh","BETUL(DISTRICT COLLECTOR BETUL_IDA)","Shri Vivek K. Tankha (2022-28) (2022-2028)","Elected MP","Gram panchayat Mangonakalan, Janpad Panchayat Prabhat Pattan ke gram Mangonakalan main Open Gym Samagri lagane hetu, Betul","06-Feb-2026","1000000","13-Aug-2026"
"10","Normal/Others","WS/MP106/2023-2024/26206-Construction of roads, link roads, pathways or any other road with or without drainage system","Madhya Pradesh","BETUL(DISTRICT COLLECTOR BETUL_IDA)","Shri Vivek K. Tankha (2022-28) (2022-2028)","Elected MP","Gram Panchayat Majari, Vikaskhand Prabhat Pattan, District Betul (M.P.) Rajan Aahake ke ghar se Mithlesh ke ghar ki aor 100 meter CC road nirman, Vidhan Sabha 129-Multai, District Betul (Mention in letter no.3278 at column no.2)","25-Sep-2023","150000","31-Dec-2023"
"11","Normal/Others","WS/MP106/2023-2024/31436-Construction of roads, link roads, pathways or any other road with or without drainage system","Madhya Pradesh","BETUL(DISTRICT COLLECTOR BETUL_IDA)","Shri Vivek K. Tankha (2022-28) (2022-2028)","Elected MP","Gram Panchayat Majari, Vikas Khand Prabhat Pattan main Rajan Ahake ke ghar se Mithlesh Ke Ghar ki aur Cement Road nirman hetu atirikt rashi, Vidhan Sabha 129-Multai, District Betul","04-Oct-2023","100000","31-Dec-2023"
"12","Normal/Others","WS/MP106/2025-2026/185984-Construction of roads, link roads, pathways or any other road with or without drainage system","Madhya Pradesh","BETUL(DISTRICT COLLECTOR BETUL_IDA)","Shri Vivek K. Tankha (2022-28) (2022-2028)","Elected MP","Gram Khapa, Gram Panchayat Banurkhapa, Vikaskhand Multai District Betul main Yogesh Buvade ke ghar se Pandhrikhapa ki aur 200 meter CC Road nirman.","24-Mar-2025","610000","02-Aug-2025"
"13","Normal/Others","WS/MP106/2025-2026/230397-Construction of public toilets and bathrooms","Madhya Pradesh","BETUL(DISTRICT COLLECTOR BETUL_IDA)","Shri Vivek K. Tankha (2022-28) (2022-2028)","Elected MP","Gram v Gram Panchayat Dabka, Vikaskhand Prabhatpattan ke gram Dabka main Dadaji Ashram ke pas sarvjanik Shouchalaya evam sanangrah nirman, Betul","30-Aug-2025","500000","07-Feb-2026"
"14","Normal/Others","WS/MP106/2023-2024/26208-Construction of boundary walls of existing public and community buildings","Madhya Pradesh","BETUL(DISTRICT COLLECTOR BETUL_IDA)","Shri Vivek K. Tankha (2022-28) (2022-2028)","Elected MP","Gram v Gram Panchayat Datora, Vikaskhand Prabhat Pattan, Tehsil Multai, District Betul (M.P.) Mokshdham main Boundary wall nirman ke liye, Vidhan Sabha 129-Multai, District Betul (Mention in letter no.3278 at column no.4)","25-Sep-2023","300000","31-Dec-2023"
"15","Normal/Others","WS/MP18284/2025-2026/179294-Construction of buildings for community cultural activities","Madhya Pradesh","BETUL(DISTRICT COLLECTOR BETUL_IDA)","Shri Ashok Singh (2024-30) (2024-2030)","Elected MP","construction work at gram panchayt rajapur vikaskhand  Prabhatpattan dist Betul","05-Mar-2025","300000","02-Apr-2025"
"16","Normal/Others","WS/MP18284/2025-2026/179298-Construction of buildings for community cultural activities","Madhya Pradesh","BETUL(DISTRICT COLLECTOR BETUL_IDA)","Shri Ashok Singh (2024-30) (2024-2030)","Elected MP","Construction work At Gram panchayat Mangonakalan Prabhatpattan dist. Betul","05-Mar-2025","300000","02-Apr-2025"
"17","Normal/Others","WS/MP106/2025-2026/230395-Installing tube-wells and borewells","Madhya Pradesh","BETUL(DISTRICT COLLECTOR BETUL_IDA)","Shri Vivek K. Tankha (2022-28) (2022-2028)","Elected MP","Gram v Gram Panchayat Dabka, Vikaskhand Prabhatpattan ke gram Dabka main Dadaji Ashram ke pas Borewell khanan may Motor, pipe, Cable, Starter Sahit, Betul","30-Aug-2025","350000","07-Feb-2026"
"18","Normal/Others","WS/MP106/2025-2026/266658-Construction of community centers and community halls","Madhya Pradesh","BETUL(DISTRICT COLLECTOR BETUL_IDA)","Shri Vivek K. Tankha (2022-28) (2022-2028)","Elected MP","Gram Panchayat Prabhatpattan, janpad panchayat Prabhatpattan, Gram Prabhatpattan me sthit Santoshi Mata Mandir ke pas Samudayik Bhawan nirman, Betul","06-Feb-2026","200000","17-Mar-2026"
"19","Normal/Others","WS/MP106/2023-2024/1637-Construction of community centers and community halls","Madhya Pradesh","BETUL(DISTRICT COLLECTOR BETUL_IDA)","Shri Vivek K. Tankha (2022-28) (2022-2028)","Elected MP","Construction of community hall at gram Eklahara, gram Panchayat Hirdi, Block Prabhat Pattan, Tehsil Multai near Hanuman Mandir, Vidhansabha 129-Multai, District Betul M.P.","26-Jun-2023","1000000","31-Dec-2023"
"20","Normal/Others","WS/MP106/2023-2024/26205-Construction of community centers and community halls","Madhya Pradesh","BETUL(DISTRICT COLLECTOR BETUL_IDA)","Shri Vivek K. Tankha (2022-28) (2022-2028)","Elected MP","Gram Hiwara, Gram Panchayat Kherwani, Vikaskhand Multai, District Betul (M.P.) main Teen Shed nirman Samudayik Bhavan ke liye, Vidhan Sabha 129-Multai, District Betul (Mention in letter no.3278 at column no.1)","25-Sep-2023","300000","31-Dec-2023"
"21","Normal/Others","WS/MP106/2023-2024/26207-Construction of community centers and community halls","Madhya Pradesh","BETUL(DISTRICT COLLECTOR BETUL_IDA)","Shri Vivek K. Tankha (2022-28) (2022-2028)","Elected MP","Gram v Gram Panchayat Sonora, Vikaskhand Multai, District Betul (M.P.) Mukhy marg ke pas Teen shed nirman samudayik Bhavan ke liye, Vidhan Sabha 129-Multai, District Betul (Mention in letter no.3278 at column no.3)","25-Sep-2023","300000","31-Dec-2023"
"22","Normal/Others","WS/MP106/2024-2025/145084-Construction of community centers and community halls","Madhya Pradesh","BETUL(DISTRICT COLLECTOR BETUL_IDA)","Shri Vivek K. Tankha (2022-28) (2022-2028)","Elected MP","Gram panchayat Morand, Vikas Khand Prabhatpattan, District Betul main Gothan namak sthan par Samudayik Sanskratik Gatividhiyo ke liye bhawan, Vidhansabha 129-Multai (M.P.) Mention in letter no. 3771/24 at column no.1","01-Oct-2024","300000","21-Nov-2024"
"23","Normal/Others","WS/MP106/2024-2025/145085-Construction of community centers and community halls","Madhya Pradesh","BETUL(DISTRICT COLLECTOR BETUL_IDA)","Shri Vivek K. Tankha (2022-28) (2022-2028)","Elected MP","Gram panchayat Balni, Vikas Khand Prabhatpattan, District Betul main gram Sawasan Pahadi namak sthan par Samudayik Sanskratik Gatividhiyo ke liye bhawan, Vidhansabha 129-Multai (M.P.) Mention in letter no. 3771/24 at column no.2","01-Oct-2024","300000","21-Nov-2024"
"24","Normal/Others","NA-Construction of additional rooms and halls in the existing public and community building","Madhya Pradesh","BETUL(DISTRICT COLLECTOR BETUL_IDA)","Shri Vivek K. Tankha (2022-28) (2022-2028)","Elected MP","Adhivakta Sangh Amla me Adhivaktaon ke baithne hetu kaksh nirman, Amla, Betul","20-Jun-2026","500000","NA"
"25","Normal/Others","NA-Development of playfields and sports grounds","Madhya Pradesh","BETUL(DISTRICT COLLECTOR BETUL_IDA)","Shri Vivek K. Tankha (2022-28) (2022-2028)","Elected MP","Abhibhashak Sangh Multai me Mahila adhivakta kaksh evam Shauchalay nirman, Tilak ward no.2, Tahsil Multai, Betul","17-Jan-2026","1500000","NA"
"26","Normal/Others","WS/MP106/2024-2025/112315-Lighting of public spaces","Madhya Pradesh","BHIND(DISTRICT COLLECTOR BHIND_IDA)","Shri Vivek K. Tankha (2022-28) (2022-2028)","Elected MP","Gram panchayat Ahrolighat, Janpad panchayat Ater ke gram Ahrolighat main Vankhandeshwar mandir ke pas Highmust (street) light (Sarvjnik Shtano ki Roshni), Bhind (mention in letter no. 3510 at column no.1)","22-Feb-2024","248000","26-Jun-2024"
"27","Normal/Others","NA-Construction of common work sheds/ common covered sitting area","Madhya Pradesh","BHIND(DISTRICT COLLECTOR BHIND_IDA)","Shri Ashok Singh (2024-30) (2024-2030)","Elected MP","Construction Teenshed at Trimurti dham, Gram Panchayat Umri, Dist. Bhind, M.P.","04-Mar-2025","995000","NA"
"28","Normal/Others","WS/MP104/2025-2026/219138-Construction of community centers and community halls","Madhya Pradesh","BHIND(DISTRICT COLLECTOR BHIND_IDA)","Dr. L. Murugan (2024-30) (2024-2030)","Elected MP","community bhawan","16-Jul-2025","1000000","18-Nov-2025"
"29","Normal/Others","WS/MP106/2023-2024/114211-Installing hand pumps","Madhya Pradesh","BHIND(DISTRICT COLLECTOR BHIND_IDA)","Shri Vivek K. Tankha (2022-28) (2022-2028)","Elected MP","Ek nag Handpump khanan, Gram Panchayat Niwsai, Vikaskhand Ron main mata mandir ke pas harijan basti gadwari, District Bhind (mention in letter no. 3518 at column no.1)","24-Feb-2024","125000","14-Mar-2024"
"30","Normal/Others","WS/MP106/2023-2024/114214-Installing hand pumps","Madhya Pradesh","BHIND(DISTRICT COLLECTOR BHIND_IDA)","Shri Vivek K. Tankha (2022-28) (2022-2028)","Elected MP","Ek nag Handpump khanan, Gram Panchayat Niwsai, Vikaskhand Ron main Kachhi basti Nawabsingh ke ghar ke pas, District Bhind (mention in letter no. 3518 at column no.2)","24-Feb-2024","125000","14-Mar-2024"
"31","Normal/Others","NA-Installing hand pumps","Madhya Pradesh","BHIND(DISTRICT COLLECTOR BHIND_IDA)","Shri Vivek K. Tankha (2022-28) (2022-2028)","Elected MP","Ek Nag Handpump Khanan, Pushpa Devi Batham Ke ghar ke peeche, Krishna Colony, Chandrashekhar Azad Ward no.19, District Bhind (mention in letter no.4136 at column no.1)","21-Aug-2025","130000","NA"
"32","Normal/Others","NA-Installing hand pumps","Madhya Pradesh","BHIND(DISTRICT COLLECTOR BHIND_IDA)","Shri Vivek K. Tankha (2022-28) (2022-2028)","Elected MP","Ek Nag Handpump Khanan, Balendru Singh ke ghar ke pas ward no.12, Nagar Panchayat Raun, Mehdawan, District Bhind (mention in letter no.4136 at column no.2)","21-Aug-2025","130000","NA"
"33","Normal/Others","NA-Installing hand pumps","Madhya Pradesh","BHIND(DISTRICT COLLECTOR BHIND_IDA)","Shri Ashok Singh (2024-30) (2024-2030)","Elected MP","Installing hand pumps at Harijan Basti Near Premshankar House ward 11 District Bhind Madhya Pradesh","14-Jan-2026","130000","NA"
"34","Normal/Others","WS/MP106/2023-2024/2362-Installing hand pumps","Madhya Pradesh","BHIND(DISTRICT COLLECTOR BHIND_IDA)","Shri Vivek K. Tankha (2022-28) (2022-2028)","Elected MP","One Handpump installing at Gram panchyat Niwsai, Block Raon near Gaushala & infront of flour mill, District Bhind","05-Jul-2023","120000","07-Oct-2023"
"35","Normal/Others","WS/MP106/2023-2024/2363-Installing hand pumps","Madhya Pradesh","BHIND(DISTRICT COLLECTOR BHIND_IDA)","Shri Vivek K. Tankha (2022-28) (2022-2028)","Elected MP","One Handpump installing at Gram panchyat Niwsai, Block Raon near Mata Temple, Hirde ka Pura, District Bhind","05-Jul-2023","120000","07-Oct-2023"
"36","Normal/Others","WS/MP106/2024-2025/112321-Construction of buildings for community cultural activities","Madhya Pradesh","BHIND(DISTRICT COLLECTOR BHIND_IDA)","Shri Vivek K. Tankha (2022-28) (2022-2028)","Elected MP","Gram panchayat Ahrolighat, Janpad panchayat Ater ke gram Ahrolighat me Vankhandeshwar mandir ke pas Samudayik Saanskratik Gatividhiyon ke liye bhavan (Rangmanch), Bhind (mention in letter no. 3510 at column no.2)","22-Feb-2024","150000","26-Jun-2024"
"37","Normal/Others","WS/MP104/2025-2026/219140-Construction of boundary walls of existing public and community buildings","Madhya Pradesh","BHIND(DISTRICT COLLECTOR BHIND_IDA)","Dr. L. Murugan (2024-30) (2024-2030)","Elected MP","Construction of School Boundary wall","16-Jul-2025","1000000","18-Nov-2025"
"38","Normal/Others","WS/MP106/2024-2025/112323-Installing community drinking water plants","Madhya Pradesh","BHIND(DISTRICT COLLECTOR BHIND_IDA)","Shri Vivek K. Tankha (2022-28) (2022-2028)","Elected MP","Gram panchayat Ahrolighat, Janpad panchayat Ater ke gram Ahrolighat ke Mukhya Chorahe par Samudayik payjal Sanyantra ki sthapna, Bhind (mention in letter no. 3510 at column no.3)","22-Feb-2024","100000","26-Jun-2024"
"39","Normal/Others","NA-Construction of roads, link roads, pathways or any other road with or without drainage system","Madhya Pradesh","BHIND(DISTRICT COLLECTOR BHIND_IDA)","Shri Vivek K. Tankha (2022-28) (2022-2028)","Elected MP","Banipur Road se Ramswaroop ke khet ke pas Khanba ki aor DevSingh ka Pura tak CC Road Nirman Kary, Bhind (Mention in letter no. 3066 at column no.1)","25-Jun-2023","250000","NA"
"40","Normal/Others","NA-Construction of roads, link roads, pathways or any other road with or without drainage system","Madhya Pradesh","BHIND(DISTRICT COLLECTOR BHIND_IDA)","Shri Vivek K. Tankha (2022-28) (2022-2028)","Elected MP","Jagdish ke khet se Yogendra ki baithak ki aur Dev singh ka pura me CC road Nirman, Vidhasabha 13-Gohad, District Bhind (letter no. 3066/23, Column no. 2)","25-Jun-2023","250000","NA"
"41","Normal/Others","WS/MP104/2025-2026/219141-Construction of roads, link roads, pathways or any other road with or without drainage system","Madhya Pradesh","BHIND(DISTRICT COLLECTOR BHIND_IDA)","Dr. L. Murugan (2024-30) (2024-2030)","Elected MP","CC and Drainage construction","16-Jul-2025","440000","18-Nov-2025"
"42","Normal/Others","WS/MP104/2025-2026/219139-Construction of roads, link roads, pathways or any other road with or without drainage system","Madhya Pradesh","BHIND(DISTRICT COLLECTOR BHIND_IDA)","Dr. L. Murugan (2024-30) (2024-2030)","Elected MP","CC and Drainage construction","16-Jul-2025","500000","18-Nov-2025"
"43","Normal/Others","WS/MP18284/2025-2026/239227-Construction of roads, link roads, pathways or any other road with or without drainage system","Madhya Pradesh","BHIND(DISTRICT COLLECTOR BHIND_IDA)","Shri Ashok Singh (2024-30) (2024-2030)","Elected MP","Construction of CC Road at Gram panchayat Shyampura Dist Bhind","30-Sep-2025","500000","18-Feb-2026"
"44","Normal/Others","WS/MP107/2025-2026/147084-Providing garbage collection and disposal systems","Madhya Pradesh","CHHINDWARA(DISTRICT COLLECTOR CHHINDWARA_IDA)","Smt. Sumitra Balmik (2022-28) (2022-2028)","Elected MP","For providing Sewer Suction Machine in Municipality Chaurai Dist. Chhindwara","14-Oct-2024","1298000","21-May-2025"
"45","Normal/Others","WS/MP107/2025-2026/147085-Providing garbage collection and disposal systems","Madhya Pradesh","CHHINDWARA(DISTRICT COLLECTOR CHHINDWARA_IDA)","Smt. Sumitra Balmik (2022-28) (2022-2028)","Elected MP","For  Providing sewer suction Machine in Municipality Damua Dist.Chhindwara","14-Oct-2024","1298000","21-May-2025"
"46","Normal/Others","WS/MP107/2025-2026/147086-Providing garbage collection and disposal systems","Madhya Pradesh","CHHINDWARA(DISTRICT COLLECTOR CHHINDWARA_IDA)","Smt. Sumitra Balmik (2022-28) (2022-2028)","Elected MP","For Providing sewer suction machine in Municipality Parasia Dist. Chhindwara","14-Oct-2024","1298000","21-May-2025"
"47","Normal/Others","WS/MP107/2026-2027/289237-Construction of culverts and bridges","Madhya Pradesh","DAMOH(DISTRICT COLLECTOR DAMOH_IDA)","Smt. Sumitra Balmik (2022-28) (2022-2028)","Elected MP","Construction of Culvert in village Bhattadeva near the school","25-Jun-2026","1500000","04-Aug-2026"
"48","Normal/Others","WS/MP18284/2025-2026/259167-Construction of roads, link roads, pathways or any other road with or without drainage system","Madhya Pradesh","DAMOH(DISTRICT COLLECTOR DAMOH_IDA)","Shri Ashok Singh (2024-30) (2024-2030)","Elected MP","Construction of CC Road at Gram Sirsiya Gram Panchayat Motha Janpad panchayat Batiyagarh District Damoh","14-Jan-2026","500000","06-Mar-2026"
"49","Normal/Others","WS/MP18316/2025-2026/172492-Construction of culverts and bridges","Madhya Pradesh","DEWAS(DISTRICT COLLECTOR DEWAS_IDA)","Smt. Maya Naroliya (2024-30) (2024-2030)","Elected MP","Gram leeli me kabit wala nale par rampal jakhad ke ghar ke pass puliya nirman","05-Feb-2025","500000","12-Feb-2026"
"50","Normal/Others","WS/MP18316/2025-2026/249427-Construction of roads, link roads, pathways or any other road with or without drainage system","Madhya Pradesh","DEWAS(DISTRICT COLLECTOR DEWAS_IDA)","Smt. Maya Naroliya (2024-30) (2024-2030)","Elected MP","Gram Ajnas mein higher secondary school ki aur CC road nirman","24-Nov-2025","500000","02-Feb-2026"
"51","Normal/Others","WS/MP18316/2025-2026/249428-Construction of roads, link roads, pathways or any other road with or without drainage system","Madhya Pradesh","DEWAS(DISTRICT COLLECTOR DEWAS_IDA)","Smt. Maya Naroliya (2024-30) (2024-2030)","Elected MP","Gram Tonkkalan mein hatbadi se khati mohalla mein CC road nirman","24-Nov-2025","1500000","21-Jan-2026"
"52","Normal/Others","WS/MP18316/2025-2026/249429-Construction of roads, link roads, pathways or any other road with or without drainage system","Madhya Pradesh","DEWAS(DISTRICT COLLECTOR DEWAS_IDA)","Smt. Maya Naroliya (2024-30) (2024-2030)","Elected MP","Gran Randhankhedi mein parmanand ke ghar ke samne CC road nirman","24-Nov-2025","500000","22-Jan-2026"
"53","Normal/Others","WS/MP18316/2024-2025/166086-Construction of roads, link roads, pathways or any other road with or without drainage system","Madhya Pradesh","DEWAS(DISTRICT COLLECTOR DEWAS_IDA)","Smt. Maya Naroliya (2024-30) (2024-2030)","Elected MP","Gram Umariya main Rajendra darbar ke ghar se bawadi tak CC road nirman","18-Jan-2025","995876","17-Mar-2025"
"54","Normal/Others","WS/MP103/2025-2026/209559-Construction of roads, link roads, pathways or any other road with or without drainage system","Madhya Pradesh","DEWAS(DISTRICT COLLECTOR DEWAS_IDA)","Dr. Kavita Patidar (2022-28) (2022-2028)","Elected MP","C.C Road  from Main Road Yatri Pratikshalay to Narayan Aradiya House in Harijan Mohalla in Gram TilyaKhedi  Gram Panchayat Bawalya Janpad panchayat Bagli District Dewas","22-Jun-2025","2400000","20-Aug-2025"
"55","Normal/Others","WS/MP103/2025-2026/176846-Purchase of mobile water tankers","Madhya Pradesh","DEWAS(DISTRICT COLLECTOR DEWAS_IDA)","Dr. Kavita Patidar (2022-28) (2022-2028)","Elected MP","Providing GI Water Tanker Capacity 5500 Liter Tyre 900X16 in GP Datotar JP Dewas District Dewas","21-Feb-2025","160761","02-Apr-2025"
"56","Normal/Others","WS/MP103/2025-2026/176847-Purchase of mobile water tankers","Madhya Pradesh","DEWAS(DISTRICT COLLECTOR DEWAS_IDA)","Dr. Kavita Patidar (2022-28) (2022-2028)","Elected MP","Providing GI Water Tanker Capacity 5500 Liter Tyre 900X16 in GP Sunwani Gopal JP Dewas District Dewas","21-Feb-2025","160761","02-Apr-2025"
"57","Normal/Others","WS/MP18316/2025-2026/176221-Construction of roads, link roads, pathways or any other road with or without drainage system","Madhya Pradesh","DEWAS(DISTRICT COLLECTOR DEWAS_IDA)","Smt. Maya Naroliya (2024-30) (2024-2030)","Elected MP","Gram Golaguthan me Lakhannath ke ghar se harizan mohalla ki aur CC road nirman","22-Feb-2025","500000","02-Apr-2025"
"58","Normal/Others","WS/MP103/2024-2025/139534-Construction of roads, link roads, pathways or any other road with or without drainage system","Madhya Pradesh","DEWAS(DISTRICT COLLECTOR DEWAS_IDA)","Dr. Kavita Patidar (2022-28) (2022-2028)","Elected MP","C.C ROAD From Shiv Mandir to Harijan Mohalle  Gram Panchayat khajuriya Bina janpad Panchayat Bagli Dewas","06-Sep-2024","1999342","21-Nov-2024"
"59","Normal/Others","WS/MP104/2025-2026/218154-Construction of boundary walls of existing public and community buildings","Madhya Pradesh","DEWAS(DISTRICT COLLECTOR DEWAS_IDA)","Dr. L. Murugan (2024-30) (2024-2030)","Elected MP","construction of boundary wall in higher secondary school premises","16-Jul-2025","1500000","11-Sep-2025"
"60","Normal/Others","NA-Purchase of books and periodicals for libraries/digitization of library books","Madhya Pradesh","DEWAS(DISTRICT COLLECTOR DEWAS_IDA)","Shri Vivek K. Tankha (2022-28) (2022-2028)","Elected MP","Abhibhashak Sangh Kannod, Nagar Panchayat Kannod, District Dewas ki Library hetu Books ki Khrid (Mention in letter no. 4025 at column no.2)","19-Apr-2025","25000","NA"
"61","Normal/Others","NA-Purchase of books and periodicals for libraries/digitization of library books","Madhya Pradesh","DEWAS(DISTRICT COLLECTOR DEWAS_IDA)","Shri Vivek K. Tankha (2022-28) (2022-2028)","Elected MP","Abhibhashak Sangh Bagli, District Dewas ki Library hetu Books ki Kharid (Mention in letter no.4026 at column no.2)","19-Apr-2025","25000","NA"
"62","Bar and Associations","NA-Construction of community centers and community halls","Madhya Pradesh","DEWAS(DISTRICT COLLECTOR DEWAS_IDA)","Shri Vivek K. Tankha (2022-28) (2022-2028)","Elected MP","Abhibhashak Sangh Kannod, Nagar Panchayat Kannod, District Dewas hetu Teen Shed nirman (Mention in letter no. 4025 at column no.1)","19-Apr-2025","75000","NA"
"63","Normal/Others","WS/MP104/2025-2026/225456-Construction of community centers and community halls","Madhya Pradesh","DEWAS(DISTRICT COLLECTOR DEWAS_IDA)","Dr. L. Murugan (2024-30) (2024-2030)","Elected MP","Community Hall Construction at Dokakui Village","06-Aug-2025","1500000","08-Jan-2026"
"64","Normal/Others","NA-Construction of common work sheds/ common covered sitting area","Madhya Pradesh","DEWAS(DISTRICT COLLECTOR DEWAS_IDA)","Shri Vivek K. Tankha (2022-28) (2022-2028)","Elected MP","Abhibhashak Sangh Khategaon, Nagar Parishad Khategaon, District Dewas hetu Teen Shed nirman (mention in letter no.4024 at column no.1)","19-Apr-2025","75000","NA"
"65","Normal/Others","NA-Construction of common work sheds/ common covered sitting area","Madhya Pradesh","DEWAS(DISTRICT COLLECTOR DEWAS_IDA)","Shri Vivek K. Tankha (2022-28) (2022-2028)","Elected MP","Abhibhashak Sangh Bagli, District Dewas main Teen Shed nirman (mention in letter no.4026 at column no.1)","19-Apr-2025","75000","NA"
"66","Normal/Others","WS/MP104/2025-2026/265828-Construction of additional rooms and halls in the existing public and community building","Madhya Pradesh","DEWAS(DISTRICT COLLECTOR DEWAS_IDA)","Dr. L. Murugan (2024-30) (2024-2030)","Elected MP","Construction of Kitchen and Toilets for Conmunity Halls, Dokakui","04-Feb-2026","1000000","16-Mar-2026"
"67","Normal/Others","WS/MP104/2025-2026/225457-Construction of common work sheds/ common covered sitting area","Madhya Pradesh","DEWAS(DISTRICT COLLECTOR DEWAS_IDA)","Dr. L. Murugan (2024-30) (2024-2030)","Elected MP","Construction of Cowshed at Dokakui Village","06-Aug-2025","499574","06-Jan-2026"
"68","Bar and Associations","NA-Purchase Books for Library","Madhya Pradesh","DEWAS(DISTRICT COLLECTOR DEWAS_IDA)","Shri Vivek K. Tankha (2022-28) (2022-2028)","Elected MP","Abhibhashak Sangh Khategaon, Nagar Parishad Khategaon, District Dewas ki Library hetu Books ki Khrid (mention in letter no.4024 at column no.2)","19-Apr-2025","25000","NA"
"69","Normal/Others","WS/MP18297/2025-2026/253158-Street lights","Madhya Pradesh","DHAR(DISTRICT COLLECTOR DHAR_IDA)","Shri Balyogi Umeshnath (2024-30) (2024-2030)","Elected MP","Gram panchayat multhan jp badnawar distt dhar me forlane se purani gram panchayat tak street light gram ke main chourahe per hai mask","10-Dec-2025","1000000","05-Mar-2026"
"70","Normal/Others","WS/MP106/2023-2024/31183-Construction of community centers and community halls","Madhya Pradesh","DHAR(DISTRICT COLLECTOR DHAR_IDA)","Shri Vivek K. Tankha (2022-28) (2022-2028)","Elected MP","Gram Panchayat Sisgaon, Janpad Panchayat Nisarpur ke gram Narmada Nagar main Samudayik / Manglik Bhawan nirman, Vidhansabha Kukshi, District Dhar","04-Oct-2023","500000","08-Jan-2024"
"71","Normal/Others","NA-Construction of community centers and community halls","Madhya Pradesh","DHAR(DISTRICT COLLECTOR DHAR_IDA)","Shri Ashok Singh (2024-30) (2024-2030)","Elected MP","Construction of community hall at gram panchayat talwada janpad Nisarpur teh kukshi District Dhar","29-Jul-2026","500000","NA"
"72","Normal/Others","WS/MP107/2025-2026/192450-Construction of bus-sheds or bus-stops","Madhya Pradesh","DHAR(DISTRICT COLLECTOR DHAR_IDA)","Smt. Sumitra Balmik (2022-28) (2022-2028)","Elected MP","Installation work of fabricated passenger Waiting room in Gram panchyat Kherva jagir,Kalibavdi,sakalda,Amjhera, Bheelkhedi,Nagda Of Janpad Panchayat Umarban,Sardarpur,And badnavar Of Dhar District","25-Apr-2025","1559652","13-May-2025"
"73","Normal/Others","WS/MP107/2025-2026/192451-Construction of bus-sheds or bus-stops","Madhya Pradesh","DHAR(DISTRICT COLLECTOR DHAR_IDA)","Smt. Sumitra Balmik (2022-28) (2022-2028)","Elected MP","Installation work of fabricated passenger Waiting room in Gram panchyat Mograbav,Dhaal,imlipura, Jeerapura,Rampur,Kherod Of Janpad Panchayat Naalchha,And Dhar Of Dhar District","25-Apr-2025","1559652","13-May-2025"
"74","Normal/Others","WS/MP107/2024-2025/165669-Construction of bus-sheds or bus-stops","Madhya Pradesh","DHAR(DISTRICT COLLECTOR DHAR_IDA)","Smt. Sumitra Balmik (2022-28) (2022-2028)","Elected MP","Installation work of fabricated passenger waiting room in Gram panchayat Panala, Sarjapur, Miyapura of Janpad Panchayat Nalcha and Dharampuri of Dhar district","15-Jan-2025","779826","04-Mar-2025"
"75","Normal/Others","WS/MP103/2023-2024/34555-Construction of roads, link roads, pathways or any other road with or without drainage system","Madhya Pradesh","DHAR(DISTRICT COLLECTOR DHAR_IDA)","Dr. Kavita Patidar (2022-28) (2022-2028)","Elected MP","Construction of CC Road at Harijan Basti of Village Borali , Badnawar Distn Dhar (MP)","09-Oct-2023","698653","13-Feb-2024"
"76","Normal/Others","WS/MP103/2023-2024/34556-Construction of roads, link roads, pathways or any other road with or without drainage system","Madhya Pradesh","DHAR(DISTRICT COLLECTOR DHAR_IDA)","Dr. Kavita Patidar (2022-28) (2022-2028)","Elected MP","Construction of CC Road at Harijan basti Village Borali , Badnawar Dist Dhar (MP)","09-Oct-2023","700000","13-Feb-2024"
"77","Normal/Others","WS/MP103/2023-2024/80984-Purchase of mobile water tankers","Madhya Pradesh","DHAR(DISTRICT COLLECTOR DHAR_IDA)","Dr. Kavita Patidar (2022-28) (2022-2028)","Elected MP","Water tanker capacity 5000 Liter With Fire Fighter PUMP in Gram Panchayat nalchha Block nalchha","12-Jan-2024","205000","01-Mar-2024"
"78","Normal/Others","WS/MP103/2023-2024/80985-Purchase of mobile water tankers","Madhya Pradesh","DHAR(DISTRICT COLLECTOR DHAR_IDA)","Dr. Kavita Patidar (2022-28) (2022-2028)","Elected MP","Water tanker capacity 5000 Liter With Fire Fighter PUMP in  Gram Panchayat bagdi Block nalchha","12-Jan-2024","205000","01-Mar-2024"
"79","Normal/Others","WS/MP103/2023-2024/80986-Purchase of mobile water tankers","Madhya Pradesh","DHAR(DISTRICT COLLECTOR DHAR_IDA)","Dr. Kavita Patidar (2022-28) (2022-2028)","Elected MP","Water tanker capacity 5000 Liter With Fire Fighter PUMP in Gram Panchayat talwadaBlock nalchha","12-Jan-2024","205000","01-Mar-2024"
"80","Normal/Others","WS/MP103/2023-2024/80987-Purchase of mobile water tankers","Madhya Pradesh","DHAR(DISTRICT COLLECTOR DHAR_IDA)","Dr. Kavita Patidar (2022-28) (2022-2028)","Elected MP","Water tanker capacity 5000 Liter With Fire Fighter PUMP in Gram Panchayat Bedwapura Block nalchha","12-Jan-2024","205000","01-Mar-2024"
"81","Normal/Others","WS/MP103/2023-2024/80988-Purchase of mobile water tankers","Madhya Pradesh","DHAR(DISTRICT COLLECTOR DHAR_IDA)","Dr. Kavita Patidar (2022-28) (2022-2028)","Elected MP","Water tanker capacity 5000 Liter  With Fire Fighter PUMP inGram Panchayat Nimbola Block Dharampuri","12-Jan-2024","205000","01-Mar-2024"
"82","Normal/Others","WS/MP103/2023-2024/80989-Purchase of mobile water tankers","Madhya Pradesh","DHAR(DISTRICT COLLECTOR DHAR_IDA)","Dr. Kavita Patidar (2022-28) (2022-2028)","Elected MP","Water tanker capacity 5000 Liter With Fire Fighter PUMP in GP Bikhron Block Dharampuri","12-Jan-2024","205000","01-Mar-2024"
"83","Normal/Others","WS/MP103/2023-2024/80990-Purchase of mobile water tankers","Madhya Pradesh","DHAR(DISTRICT COLLECTOR DHAR_IDA)","Dr. Kavita Patidar (2022-28) (2022-2028)","Elected MP","Water tanker capacity 5000 Liter with Fire Fighter PUMP in  Gram Panchayat Khalghat  Block  Dharampuri","12-Jan-2024","205000","01-Mar-2024"
"84","Normal/Others","WS/MP103/2023-2024/80991-Purchase of mobile water tankers","Madhya Pradesh","DHAR(DISTRICT COLLECTOR DHAR_IDA)","Dr. Kavita Patidar (2022-28) (2022-2028)","Elected MP","Water tanker capacity 5000 Liter With Fire Fighter PUMP in Gram Panchayat Gujri Block Dharampuri","12-Jan-2024","205000","01-Mar-2024"
"85","Normal/Others","WS/MP103/2023-2024/80992-Purchase of mobile water tankers","Madhya Pradesh","DHAR(DISTRICT COLLECTOR DHAR_IDA)","Dr. Kavita Patidar (2022-28) (2022-2028)","Elected MP","Water tanker capacity 5000 Liter with Fire Fighter PUMP in Gram Panchayat Chikatyabad Block Dharampuri","12-Jan-2024","205000","01-Mar-2024"
"86","Normal/Others","WS/MP103/2023-2024/80993-Purchase of mobile water tankers","Madhya Pradesh","DHAR(DISTRICT COLLECTOR DHAR_IDA)","Dr. Kavita Patidar (2022-28) (2022-2028)","Elected MP","Water tanker capacity 5000 Liter with Fire Fighter PUMP in Gram Panchayat Dhapla Block  Dharampuri","12-Jan-2024","205000","01-Mar-2024"
"87","Normal/Others","WS/MP103/2023-2024/80994-Purchase of mobile water tankers","Madhya Pradesh","DHAR(DISTRICT COLLECTOR DHAR_IDA)","Dr. Kavita Patidar (2022-28) (2022-2028)","Elected MP","Water tanker capacity 5000 Liter  with Fire Fighter PUMP in Gram Panchayat Sundrel Block  Dharampuri","12-Jan-2024","205000","01-Mar-2024"
"88","Normal/Others","WS/MP103/2023-2024/80995-Purchase of mobile water tankers","Madhya Pradesh","DHAR(DISTRICT COLLECTOR DHAR_IDA)","Dr. Kavita Patidar (2022-28) (2022-2028)","Elected MP","Water tanker capacity 5000 Liter With Fire Fighter PUMP in Gram Panchayat Asukhedi Block Nalchha","12-Jan-2024","205000","01-Mar-2024"
"89","Normal/Others","WS/MP103/2023-2024/80996-Purchase of mobile water tankers","Madhya Pradesh","DHAR(DISTRICT COLLECTOR DHAR_IDA)","Dr. Kavita Patidar (2022-28) (2022-2028)","Elected MP","Water tanker capacity 5000 Liter With Fire Fighter PUMP in Gram Panchayat Ghatgara Block Badnawar","12-Jan-2024","205000","01-Mar-2024"
"90","Normal/Others","WS/MP103/2023-2024/80997-Purchase of mobile water tankers","Madhya Pradesh","DHAR(DISTRICT COLLECTOR DHAR_IDA)","Dr. Kavita Patidar (2022-28) (2022-2028)","Elected MP","Water tanker capacity 5000 Liter with Fire fighter PUMP in Gram Panchayat Aali Block Nalchha","12-Jan-2024","205000","01-Mar-2024"
"91","Normal/Others","WS/MP106/2023-2024/1604-Providing drains and gutters for public drainage","Madhya Pradesh","DHAR(DISTRICT COLLECTOR DHAR_IDA)","Shri Vivek K. Tankha (2022-28) (2022-2028)","Elected MP","Gram evam Gram Panchayat Bheslai, Janpad Panchayat Nisarpur ke antargat Sitaram Alava ke Khet se Nansingh Alava ke khet tak Nikalne wale nale main retaining wall, Saundrykaran evam anay kary hetu, vidhan sabha 198-Kukshi, District Dhar","24-Jun-2023","499555","08-Jan-2024"
"92","Normal/Others","WS/MP103/2024-2025/142784-Providing drains and gutters for public drainage","Madhya Pradesh","DHAR(DISTRICT COLLECTOR DHAR_IDA)","Dr. Kavita Patidar (2022-28) (2022-2028)","Elected MP","Construction of gutters  from Nayapura to Kodiyar Dham in Gram Tilgara JP Badnawar District Dhar","23-Sep-2024","400000","13-Nov-2024"
"93","Normal/Others","WS/MP103/2025-2026/182778-Purchase of mobile water tankers","Madhya Pradesh","DHAR(DISTRICT COLLECTOR DHAR_IDA)","Dr. Kavita Patidar (2022-28) (2022-2028)","Elected MP","Providing water tanker Capacity 5500 Liter tyre 900X16 in  GP  Karoda JP Badnawar District Dhar","22-Mar-2025","159212","09-Sep-2025"
"94","Normal/Others","WS/MP103/2025-2026/182779-Purchase of mobile water tankers","Madhya Pradesh","DHAR(DISTRICT COLLECTOR DHAR_IDA)","Dr. Kavita Patidar (2022-28) (2022-2028)","Elected MP","Providing water tanker Capacity 5500 Liter tyre 900X16 in  GP Nagda JP Badnawar District Dhar","22-Mar-2025","159212","09-Sep-2025"
"95","Normal/Others","WS/MP103/2025-2026/182780-Purchase of mobile water tankers","Madhya Pradesh","DHAR(DISTRICT COLLECTOR DHAR_IDA)","Dr. Kavita Patidar (2022-28) (2022-2028)","Elected MP","Providing water tanker Capacity 5500 Liter tyre 900X16 in GP Bhakhatpura JP Badnawar District Dhar","22-Mar-2025","159212","09-Sep-2025"
"96","Normal/Others","WS/MP103/2025-2026/182781-Purchase of mobile water tankers","Madhya Pradesh","DHAR(DISTRICT COLLECTOR DHAR_IDA)","Dr. Kavita Patidar (2022-28) (2022-2028)","Elected MP","Providing water tanker Capacity 5500 Liter tyre 900X16 in GP Bijjor JP Dhar District Dhar","22-Mar-2025","159212","09-Sep-2025"
"97","Normal/Others","WS/MP103/2025-2026/176839-Installation of fixed garden gym equipment","Madhya Pradesh","DHAR(DISTRICT COLLECTOR DHAR_IDA)","Dr. Kavita Patidar (2022-28) (2022-2028)","Elected MP","Installation of Open Fixed gareden Gym Equipment  in GP Aali JP Nalchha  District Dhar","21-Feb-2025","854586","20-May-2025"
"98","Normal/Others","WS/MP103/2025-2026/176840-Installation of fixed garden gym equipment","Madhya Pradesh","DHAR(DISTRICT COLLECTOR DHAR_IDA)","Dr. Kavita Patidar (2022-28) (2022-2028)","Elected MP","Installation of Open Fixed gareden Gym Equipment  in GP Aamkho JP Nalchha  District Dhar","21-Feb-2025","854586","20-May-2025"
"99","Normal/Others","WS/MP103/2025-2026/176841-Installation of fixed garden gym equipment","Madhya Pradesh","DHAR(DISTRICT COLLECTOR DHAR_IDA)","Dr. Kavita Patidar (2022-28) (2022-2028)","Elected MP","Installation of Open Fixed gareden Gym Equipment  in GP Billoda JP Nalchha  District Dhar","21-Feb-2025","854586","20-May-2025"
"100","Normal/Others","WS/MP103/2025-2026/176842-Installation of fixed garden gym equipment","Madhya Pradesh","DHAR(DISTRICT COLLECTOR DHAR_IDA)","Dr. Kavita Patidar (2022-28) (2022-2028)","Elected MP","Installation of Open Fixed gareden Gym Equipment  in GP Talwada JP Nalchha  District Dhar","21-Feb-2025","854586","20-May-2025"
"101","Normal/Others","WS/MP103/2025-2026/176843-Installation of fixed garden gym equipment","Madhya Pradesh","DHAR(DISTRICT COLLECTOR DHAR_IDA)","Dr. Kavita Patidar (2022-28) (2022-2028)","Elected MP","Installation of Open Fixed gareden Gym Equipment  in GP Bhiltalwada JP Nalchha  District Dhar","21-Feb-2025","854586","20-May-2025"
"102","Normal/Others","WS/MP103/2025-2026/176844-Installation of fixed garden gym equipment","Madhya Pradesh","DHAR(DISTRICT COLLECTOR DHAR_IDA)","Dr. Kavita Patidar (2022-28) (2022-2028)","Elected MP","Installation of Open Fixed gareden Gym Equipment in GP Sirsodiya JP  Dharampuri District Dhar","21-Feb-2025","854586","20-May-2025"
"103","Normal/Others","WS/MP103/2025-2026/176845-Installation of fixed garden gym equipment","Madhya Pradesh","DHAR(DISTRICT COLLECTOR DHAR_IDA)","Dr. Kavita Patidar (2022-28) (2022-2028)","Elected MP","Installation of Open Fixed gareden Gym Equipment in GP Tarapur JP  Dharampuri District Dhar","21-Feb-2025","854586","20-May-2025"
"104","Normal/Others","NA-Construction of culverts and bridges","Madhya Pradesh","GWALIOR(DISTRICT COLLECTOR GWALIOR_IDA)","Shri Ashok Singh (2024-30) (2024-2030)","Elected MP","Construction of culverts and bridges at Nagdevta Mandir ka bagal sa gram kheriya Padampur morar District Gwalior","11-Apr-2026","200000","NA"
"105","Normal/Others","NA-Construction of roads, link roads, pathways or any other road with or without drainage system","Madhya Pradesh","GWALIOR(DISTRICT COLLECTOR GWALIOR_IDA)","Shri Ashok Singh (2024-30) (2024-2030)","Elected MP","Construction of CC roads at Vidhya Devi kaurav ka makan sa sovran singh sisodiya ka makan tk Gupta Factory Road Pintopark ward no 20 District Gwalior","02-Jul-2026","995000","NA"
"106","Normal/Others","NA-Construction of roads, link roads, pathways or any other road with or without drainage system","Madhya Pradesh","GWALIOR(DISTRICT COLLECTOR GWALIOR_IDA)","Shri Ashok Singh (2024-30) (2024-2030)","Elected MP","Construction of  CC roads at hotum ka makan sa rairu main road tk ward no 63 District Gwalior","02-Jul-2026","1174000","NA"
"107","Normal/Others","WS/MP18284/2026-2027/263968-Construction of roads, link roads, pathways or any other road with or without drainage system","Madhya Pradesh","GWALIOR(DISTRICT COLLECTOR GWALIOR_IDA)","Shri Ashok Singh (2024-30) (2024-2030)","Elected MP","Construction of CC roads at Grampanchayat Mangupura janpad Panchayat Ghatigaon Barai District Gwalior Madhya Pradesh","31-Jan-2026","1000000","10-Apr-2026"
"108","Normal/Others","WS/MP18284/2025-2026/259265-Construction of roads, link roads, pathways or any other road with or without drainage system","Madhya Pradesh","GWALIOR(DISTRICT COLLECTOR GWALIOR_IDA)","Shri Ashok Singh (2024-30) (2024-2030)","Elected MP","Construction of Gravel roads at Gram Panchayat Chhapra Janpad Panchayat Dabra District Gwalior Madhya Pradesh","15-Jan-2026","500000","02-Mar-2026"
"109","Normal/Others","WS/MP18284/2026-2027/278009-Construction of roads, link roads, pathways or any other road with or without drainage system","Madhya Pradesh","GWALIOR(DISTRICT COLLECTOR GWALIOR_IDA)","Shri Ashok Singh (2024-30) (2024-2030)","Elected MP","Construction of Gravel road at Gram Panchayat Mohangarh janpad Panchyat Bhitarwar Dist Gwalior","11-Apr-2026","500000","04-Aug-2026"
"110","Normal/Others","WS/MP18284/2026-2027/278010-Construction of roads, link roads, pathways or any other road with or without drainage system","Madhya Pradesh","GWALIOR(DISTRICT COLLECTOR GWALIOR_IDA)","Shri Ashok Singh (2024-30) (2024-2030)","Elected MP","Construction of CC Road at gram Manpura Gram Panchayat Sunarpura Mafi janpad Panchayat morar District Gwalior Madhya Pradesh","11-Apr-2026","500000","23-Jun-2026"
"111","Normal/Others","WS/MP18284/2025-2026/198733-Construction of roads, link roads, pathways or any other road with or without drainage system","Madhya Pradesh","GWALIOR(DISTRICT COLLECTOR GWALIOR_IDA)","Shri Ashok Singh (2024-30) (2024-2030)","Elected MP","construction of cement concrete road at gram sujwaya gram panchayat tighra distt Gwalior","12-May-2025","697162","19-Jan-2026"
"112","Normal/Others","WS/MP18284/2025-2026/220133-Construction of roads, link roads, pathways or any other road with or without drainage system","Madhya Pradesh","GWALIOR(DISTRICT COLLECTOR GWALIOR_IDA)","Shri Ashok Singh (2024-30) (2024-2030)","Elected MP","Construction CC at Gram Aama near Shitala Mata mandir Janpad Panchayat Barai","19-Jul-2025","493507","19-Jan-2026"
"113","Normal/Others","NA-Construction of roads, link roads, pathways or any other road with or without drainage system","Madhya Pradesh","GWALIOR(DISTRICT COLLECTOR GWALIOR_IDA)","Shri Ashok Singh (2024-30) (2024-2030)","Elected MP","Construction CC Raod at Panihar Basti to Highway gram panchayat Panihar Janpad Panchayat Ghatigaon Barai District Gwalior","06-Jan-2026","500000","NA"
"114","Normal/Others","WS/MP104/2025-2026/218110-Construction of roads, link roads, pathways or any other road with or without drainage system","Madhya Pradesh","GWALIOR(DISTRICT COLLECTOR GWALIOR_IDA)","Dr. L. Murugan (2024-30) (2024-2030)","Elected MP","Drainage and CC Road construction from Satendra singh house towards shyan kirana store","16-Jul-2025","1260000","18-Aug-2025"
"115","Normal/Others","WS/MP104/2025-2026/218111-Construction of roads, link roads, pathways or any other road with or without drainage system","Madhya Pradesh","GWALIOR(DISTRICT COLLECTOR GWALIOR_IDA)","Dr. L. Murugan (2024-30) (2024-2030)","Elected MP","CC Road from Bhagchand tiraha towards chandan nagar","16-Jul-2025","1000000","18-Aug-2025"
"116","Normal/Others","NA-Purchase of mobile water tankers","Madhya Pradesh","GWALIOR(DISTRICT COLLECTOR GWALIOR_IDA)","Shri Ashok Singh (2024-30) (2024-2030)","Elected MP","Purchase of mobile water tanker GI Water Tanker mounted on two wheel tractor trailor capacity 5500 liter and 900by16 new tyres","06-Jul-2026","199604","NA"
"117","Normal/Others","WS/MP106/2023-2024/2357-Construction of roads, link roads, pathways or any other road with or without drainage system","Madhya Pradesh","GWALIOR(DISTRICT COLLECTOR GWALIOR_IDA)","Shri Vivek K. Tankha (2022-28) (2022-2028)","Elected MP","Gram panchayat Par, janpad Panchayat Ghatigaon, Par-Banvar Damal Road se Pohap Singh Kirak ke Farm house ki aor Murmikrat Road Nirman Kary, Vidhansabha Bhitarvar, District Gwalior M.P.","05-Jul-2023","1000000","25-Feb-2024"
"118","Normal/Others","WS/MP18284/2026-2027/257571-Construction of boundary walls of existing public and community buildings","Madhya Pradesh","GWALIOR(DISTRICT COLLECTOR GWALIOR_IDA)","Shri Ashok Singh (2024-30) (2024-2030)","Elected MP","Construction Sports Ground boundary wall at Gram Kheriya Kachai Gram Panchayat satau shitla Janpad Panchayat Ghatigaon Barai District Gwalior","06-Jan-2026","1000000","23-Jun-2026"
"119","Normal/Others","WS/MP18284/2025-2026/197549-Construction of boundary walls of existing public and community buildings","Madhya Pradesh","GWALIOR(DISTRICT COLLECTOR GWALIOR_IDA)","Shri Ashok Singh (2024-30) (2024-2030)","Elected MP","construction on boundary wall gram panchayat harsi teh bhitarwar dist gwalior","07-May-2025","696496","18-Feb-2026"
"120","Normal/Others","WS/MP18284/2026-2027/239215-Purchase of books and periodicals for libraries/digitization of library books","Madhya Pradesh","GWALIOR(DISTRICT COLLECTOR GWALIOR_IDA)","Shri Ashok Singh (2024-30) (2024-2030)","Elected MP","Purchase of books and periodicals for libraries in Tehsil Bhitawar District Gwalior MP","30-Sep-2025","2500000","06-Jul-2026"
"121","Trust and Society","NA-Construction of rooms and halls in school and colleges","Madhya Pradesh","GWALIOR(DISTRICT COLLECTOR GWALIOR_IDA)","Smt. Maya Naroliya (2024-30) (2024-2030)","Elected MP","Madhav Mahavidyalay Rajwade Bhawan Gwalior mein sabha kaksh nirman","30-Mar-2026","2500000","NA"
"122","Normal/Others","NA-Construction of water tanks","Madhya Pradesh","GWALIOR(DISTRICT COLLECTOR GWALIOR_IDA)","Shri Ashok Singh (2024-30) (2024-2030)","Elected MP","Construction of  Public Driniking Water Pyao at Sarafa bazar Lashkar Gwalior","06-Jul-2026","500000","NA"
"123","Normal/Others","NA-Purchase of mobile water tankers","Madhya Pradesh","GWALIOR(DISTRICT COLLECTOR GWALIOR_IDA)","Shri Ashok Singh (2024-30) (2024-2030)","Elected MP","Purchase of mobile water tanker GI Water Tanker mounted on two wheel tractor trailor capacity 5500 liter and 900by16 new tyres","06-Jul-2026","199604","NA"
"124","Normal/Others","NA-Purchase of mobile water tankers","Madhya Pradesh","GWALIOR(DISTRICT COLLECTOR GWALIOR_IDA)","Shri Ashok Singh (2024-30) (2024-2030)","Elected MP","Purchase of mobile water tanker GI Water Tanker mounted on two wheel tractor trailor capacity 5500 liter and 900by16 new tyres","06-Jul-2026","199604","NA"
"125","Normal/Others","NA-Purchase of mobile water tankers","Madhya Pradesh","GWALIOR(DISTRICT COLLECTOR GWALIOR_IDA)","Shri Ashok Singh (2024-30) (2024-2030)","Elected MP","Purchase of mobile water tanker GI Water Tanker mounted on two wheel tractor trailor capacity 5500 liter and 900by16 new tyres","06-Jul-2026","199604","NA"
"126","Normal/Others","NA-Purchase of mobile water tankers","Madhya Pradesh","GWALIOR(DISTRICT COLLECTOR GWALIOR_IDA)","Shri Ashok Singh (2024-30) (2024-2030)","Elected MP","Purchase of mobile water tanker GI Water Tanker mounted on two wheel tractor trailor capacity 5500 liter and 900by16 new tyres","06-Jul-2026","199604","NA"
"127","Normal/Others","NA-Purchase of mobile water tankers","Madhya Pradesh","GWALIOR(DISTRICT COLLECTOR GWALIOR_IDA)","Shri Ashok Singh (2024-30) (2024-2030)","Elected MP","Purchase of mobile water tanker GI Water Tanker mounted on two wheel tractor trailor capacity 5500 liter and 900by16 new tyres","06-Jul-2026","199604","NA"
"128","Normal/Others","NA-Purchase of mobile water tankers","Madhya Pradesh","GWALIOR(DISTRICT COLLECTOR GWALIOR_IDA)","Shri Ashok Singh (2024-30) (2024-2030)","Elected MP","Purchase of mobile water tanker GI Water Tanker mounted on two wheel tractor trailor capacity 5500 liter and 900by16 new tyres","06-Jul-2026","199604","NA"
"129","Normal/Others","NA-Purchase of mobile water tankers","Madhya Pradesh","GWALIOR(DISTRICT COLLECTOR GWALIOR_IDA)","Shri Ashok Singh (2024-30) (2024-2030)","Elected MP","Purchase of mobile water tanker GI Water Tanker mounted on two wheel tractor trailor capacity 5500 liter and 900by16 new tyres","06-Jul-2026","199604","NA"
"130","Normal/Others","NA-Purchase of mobile water tankers","Madhya Pradesh","GWALIOR(DISTRICT COLLECTOR GWALIOR_IDA)","Shri Ashok Singh (2024-30) (2024-2030)","Elected MP","Purchase of mobile water tanker GI Water Tanker mounted on two wheel tractor trailor capacity 5500 liter and 900by16 new tyres","06-Jul-2026","199604","NA"
"131","Normal/Others","NA-Purchase of mobile water tankers","Madhya Pradesh","GWALIOR(DISTRICT COLLECTOR GWALIOR_IDA)","Shri Ashok Singh (2024-30) (2024-2030)","Elected MP","Purchase of mobile water tanker GI Water Tanker mounted on two wheel tractor trailor capacity 5500 liter and 900by16 new tyres","06-Jul-2026","199604","NA"
"132","Normal/Others","NA-Purchase of mobile water tankers","Madhya Pradesh","GWALIOR(DISTRICT COLLECTOR GWALIOR_IDA)","Shri Ashok Singh (2024-30) (2024-2030)","Elected MP","Purchase of mobile water tanker GI Water Tanker mounted on two wheel tractor trailor capacity 5500 liter and 900by16 new tyres","06-Jul-2026","199604","NA"
"133","Normal/Others","NA-Purchase of mobile water tankers","Madhya Pradesh","GWALIOR(DISTRICT COLLECTOR GWALIOR_IDA)","Shri Ashok Singh (2024-30) (2024-2030)","Elected MP","Purchase of mobile water tanker GI Water Tanker mounted on two wheel tractor trailor capacity 5500 liter and 900by16 new tyres","06-Jul-2026","199604","NA"
"134","Normal/Others","NA-Purchase of mobile water tankers","Madhya Pradesh","GWALIOR(DISTRICT COLLECTOR GWALIOR_IDA)","Shri Ashok Singh (2024-30) (2024-2030)","Elected MP","Purchase of mobile water tanker GI Water Tanker mounted on two wheel tractor trailor capacity 5500 liter and 900by16 new tyres","06-Jul-2026","199604","NA"
"135","Normal/Others","NA-Purchase of mobile water tankers","Madhya Pradesh","GWALIOR(DISTRICT COLLECTOR GWALIOR_IDA)","Shri Ashok Singh (2024-30) (2024-2030)","Elected MP","Purchase of mobile water tanker GI Water Tanker mounted on two wheel tractor trailor capacity 5500 liter and 900by16 new tyres","06-Jul-2026","199604","NA"
"136","Normal/Others","NA-Purchase of mobile water tankers","Madhya Pradesh","GWALIOR(DISTRICT COLLECTOR GWALIOR_IDA)","Shri Ashok Singh (2024-30) (2024-2030)","Elected MP","Purchase of mobile water tanker GI Water Tanker mounted on two wheel tractor trailor capacity 5500 liter and 900by16 new tyres","06-Jul-2026","199604","NA"
"137","Normal/Others","NA-Purchase of mobile water tankers","Madhya Pradesh","GWALIOR(DISTRICT COLLECTOR GWALIOR_IDA)","Shri Ashok Singh (2024-30) (2024-2030)","Elected MP","Purchase of mobile water tanker GI Water Tanker mounted on two wheel tractor trailor capacity 5500 liter and 900by16 new tyres","06-Jul-2026","199604","NA"
"138","Normal/Others","NA-Purchase of mobile water tankers","Madhya Pradesh","GWALIOR(DISTRICT COLLECTOR GWALIOR_IDA)","Shri Ashok Singh (2024-30) (2024-2030)","Elected MP","Purchase of mobile water tanker GI Water Tanker mounted on two wheel tractor trailor capacity 5500 liter and 900by16 new tyres","06-Jul-2026","199604","NA"
"139","Normal/Others","WS/MP18284/2026-2027/263951-Construction of community centers and community halls","Madhya Pradesh","GWALIOR(DISTRICT COLLECTOR GWALIOR_IDA)","Shri Ashok Singh (2024-30) (2024-2030)","Elected MP","Construction of community halls at Gram Panchayat Mehadpur Janpad Panchayat ghatigaon District Gwalior Madhya Pradesh","31-Jan-2026","1000000","10-Apr-2026"
"140","Normal/Others","WS/MP18284/2026-2027/263952-Construction of community centers and community halls","Madhya Pradesh","GWALIOR(DISTRICT COLLECTOR GWALIOR_IDA)","Shri Ashok Singh (2024-30) (2024-2030)","Elected MP","Construction of community halls at Gram Panchayat Rampura Janpad Panchayat Ghatigaon Barai District Gwalior","31-Jan-2026","1000000","24-Apr-2026"
"141","Normal/Others","NA-Construction of community centers and community halls","Madhya Pradesh","GWALIOR(DISTRICT COLLECTOR GWALIOR_IDA)","Shri Ashok Singh (2024-30) (2024-2030)","Elected MP","Construction of community halls at Gram Panchyat Kuleth janpad panchayat ghatigaon district Gwalior","06-May-2026","1000000","NA"
"142","Normal/Others","NA-Construction of community centers and community halls","Madhya Pradesh","GWALIOR(DISTRICT COLLECTOR GWALIOR_IDA)","Shri Ashok Singh (2024-30) (2024-2030)","Elected MP","Construction of community halls at ward no 65 ajaypur district gwalior","06-May-2026","700000","NA"
"143","Normal/Others","NA-Construction of community centers and community halls","Madhya Pradesh","GWALIOR(DISTRICT COLLECTOR GWALIOR_IDA)","Shri Ashok Singh (2024-30) (2024-2030)","Elected MP","Construction of community halls at Gram Ladhwaya Gram panchayat Ladhwaya janpad panchayat Bhitarwar District Gwalior","11-May-2026","990000","NA"
"144","Repair and Renovation","WS/MP18284/2025-2026/257580-Construction of community centers and community halls","Madhya Pradesh","GWALIOR(DISTRICT COLLECTOR GWALIOR_IDA)","Shri Ashok Singh (2024-30) (2024-2030)","Elected MP","Repair and Maitainance at Jat Dharmashala Gram Panchayat sisgaon janpad Panchayat Dabra District Gwalior","06-Jan-2026","322748","18-Feb-2026"
"145","Normal/Others","WS/MP18284/2025-2026/179103-Construction of community centers and community halls","Madhya Pradesh","GWALIOR(DISTRICT COLLECTOR GWALIOR_IDA)","Shri Ashok Singh (2024-30) (2024-2030)","Elected MP","Construction Maddah Khoh Ashram, Gram Panchayat Amargarh, Ghatigaon, Dist. Gwalior","04-Mar-2025","995000","02-Mar-2026"
"146","Normal/Others","WS/MP18284/2026-2027/197843-Construction of community centers and community halls","Madhya Pradesh","GWALIOR(DISTRICT COLLECTOR GWALIOR_IDA)","Shri Ashok Singh (2024-30) (2024-2030)","Elected MP","Construction of community halls at  Behind Putlighar Dongarpur Dist. Gwalior Madhya Pradesh","08-May-2025","995000","21-Apr-2026"
"147","Normal/Others","WS/MP18284/2026-2027/272137-Construction of common work sheds/ common covered sitting area","Madhya Pradesh","GWALIOR(DISTRICT COLLECTOR GWALIOR_IDA)","Shri Ashok Singh (2024-30) (2024-2030)","Elected MP","Construction of Tin Shed at near Gandhi Club thatipur District Gwalior Madhya Pradesh","02-Mar-2026","649865","10-Apr-2026"
"148","Normal/Others","WS/MP18284/2025-2026/169992-Security gates in streets/public place for safety purpose","Madhya Pradesh","GWALIOR(DISTRICT COLLECTOR GWALIOR_IDA)","Shri Ashok Singh (2024-30) (2024-2030)","Elected MP","construction main entry gate (no.2) at ward 25 lether factory colony near babuji ki kothi cp colony morar gwalior","29-Jan-2025","995000","04-Nov-2025"
"149","Normal/Others","NA-Development of public parks","Madhya Pradesh","GWALIOR(DISTRICT COLLECTOR GWALIOR_IDA)","Shri Ashok Singh (2024-30) (2024-2030)","Elected MP","Construction at ward no. 30 Captain Roopsingh, near Kutumb Nayalaya Gandhi Road Dist. Gwalior","21-Jan-2025","550000","NA"
"150","Normal/Others","NA-Improvement of electricity distribution infrastructure","Madhya Pradesh","GWALIOR(DISTRICT COLLECTOR GWALIOR_IDA)","Dr. L. Murugan (2024-30) (2024-2030)","Elected MP","electrification work  behind Shyam garden, ward no 61, ekta vihar colony, Khureri, Badagaon","24-Jul-2025","1000000","NA"
"151","Normal/Others","NA-Setting up public non-conventional energy plants","Madhya Pradesh","NARMADAPURAM(DISTRICT COLLECTOR NARMADAPURAM_IDA)","Shri Vivek K. Tankha (2022-28) (2022-2028)","Elected MP","8.6 Kilo watt ka rooftop solar PV Plant at apna ghar vraddha Ashram (Run by Shriram Vraddhjan Kalyan Samiti), Vidhansabha Narmadapuram, District Narmadapuram","04-Sep-2023","471744","NA"
"152","Normal/Others","NA-Setting up public non-conventional energy plants","Madhya Pradesh","NARMADAPURAM(DISTRICT COLLECTOR NARMADAPURAM_IDA)","Shri Vivek K. Tankha (2022-28) (2022-2028)","Elected MP","Aasra vraddha Ashram (Bharat Sarkar se Manyta prapt), Shanti Nagar ITI Road Hoshangabad main 5 kilo watt ka rooftop Solar PV Plant at Gram panchayat Raipur me lagane hetu, Vidhansabha Narmadapuram, District Narmadapuram","04-Sep-2023","412000","NA"
"153","Normal/Others","NA-Improvement of electricity distribution infrastructure","Madhya Pradesh","NARMADAPURAM(DISTRICT COLLECTOR NARMADAPURAM_IDA)","Smt. Maya Naroliya (2024-30) (2024-2030)","Elected MP","Gram Nayagaon mein shaskiya goushala mein vidhyt line avm 63kva transformer sthapna karya","08-Aug-2026","800000","NA"
"154","Normal/Others","WS/MP18316/2026-2027/264727-Development of public parks","Madhya Pradesh","NARMADAPURAM(DISTRICT COLLECTOR NARMADAPURAM_IDA)","Smt. Maya Naroliya (2024-30) (2024-2030)","Elected MP","SP karyalay sthit sardar ballabh bhai patel murti sthal ka soundaryakaran karya","16-Feb-2026","298173","15-May-2026"
"155","Normal/Others","NA-Development of public parks","Madhya Pradesh","NARMADAPURAM(DISTRICT COLLECTOR NARMADAPURAM_IDA)","Smt. Maya Naroliya (2024-30) (2024-2030)","Elected MP","Itarsi ke ward 02 mein verma colony sthit park ka soundariyakaran karya","27-Jul-2026","200000","NA"
"156","Normal/Others","WS/MP18316/2025-2026/211045-Development of public parks","Madhya Pradesh","NARMADAPURAM(DISTRICT COLLECTOR NARMADAPURAM_IDA)","Smt. Maya Naroliya (2024-30) (2024-2030)","Elected MP","Sarswati nagar Rasuliya me sarvjanik vichitraveer park parisar ka soundriyakaran","24-Jun-2025","150000","24-Mar-2026"
"157","Normal/Others","NA-Street lights","Madhya Pradesh","NARMADAPURAM(DISTRICT COLLECTOR NARMADAPURAM_IDA)","Smt. Maya Naroliya (2024-30) (2024-2030)","Elected MP","Gram Pathar kuhi mein vibhinna sthano par sarvjanik LED street lights sthapna karya","08-Aug-2026","600000","NA"
"158","Normal/Others","WS/MP18316/2026-2027/278219-Construction of common work sheds/ common covered sitting area","Madhya Pradesh","NARMADAPURAM(DISTRICT COLLECTOR NARMADAPURAM_IDA)","Smt. Maya Naroliya (2024-30) (2024-2030)","Elected MP","Seonimalwa ke ward 7 Jhhaklay road par Khedapati mata mandir ke baju mein sarvjanik shed nirman karya","23-Apr-2026","300000","09-Jul-2026"
"159","Normal/Others","WS/MP18316/2025-2026/251216-Construction of common work sheds/ common covered sitting area","Madhya Pradesh","NARMADAPURAM(DISTRICT COLLECTOR NARMADAPURAM_IDA)","Smt. Maya Naroliya (2024-30) (2024-2030)","Elected MP","MP cricket association stadium narmadapuram mein teenshed nirman","06-Dec-2025","500000","05-Jan-2026"
"160","Normal/Others","WS/MP18316/2026-2027/251227-Construction of common work sheds/ common covered sitting area","Madhya Pradesh","NARMADAPURAM(DISTRICT COLLECTOR NARMADAPURAM_IDA)","Smt. Maya Naroliya (2024-30) (2024-2030)","Elected MP","Vaidik vihar colony mein sarvjanik chabutra teenshed sahit nirman","06-Dec-2025","300000","16-Apr-2026"
"161","Normal/Others","WS/MP18316/2026-2027/251228-Construction of common work sheds/ common covered sitting area","Madhya Pradesh","NARMADAPURAM(DISTRICT COLLECTOR NARMADAPURAM_IDA)","Smt. Maya Naroliya (2024-30) (2024-2030)","Elected MP","Ward 31 gwaltoli mein kamal jha ke ghar ke pass chabutra par chhat nirman","06-Dec-2025","100000","17-Apr-2026"
"162","Normal/Others","WS/MP18316/2026-2027/251229-Construction of common work sheds/ common covered sitting area","Madhya Pradesh","NARMADAPURAM(DISTRICT COLLECTOR NARMADAPURAM_IDA)","Smt. Maya Naroliya (2024-30) (2024-2030)","Elected MP","Ward 31 gwaltoli kaali mandir ke pass samudayik bajrang vyayam shala ki chhat nirman avm renovation karya","06-Dec-2025","300000","17-Apr-2026"
"163","Normal/Others","NA-Construction of common work sheds/ common covered sitting area","Madhya Pradesh","NARMADAPURAM(DISTRICT COLLECTOR NARMADAPURAM_IDA)","Smt. Maya Naroliya (2024-30) (2024-2030)","Elected MP","Global campus maa hinglaj colony phase 2 kalika nagar mein sarvjanik Shed nirman","06-Dec-2025","100000","NA"
"164","Normal/Others","WS/MP18316/2026-2027/251231-Construction of common work sheds/ common covered sitting area","Madhya Pradesh","NARMADAPURAM(DISTRICT COLLECTOR NARMADAPURAM_IDA)","Smt. Maya Naroliya (2024-30) (2024-2030)","Elected MP","Panchwati colony phase 2 mein teenshed sahit chabutra nirman","06-Dec-2025","250000","16-Apr-2026"
"165","Normal/Others","WS/MP18316/2025-2026/248599-Construction of common work sheds/ common covered sitting area","Madhya Pradesh","NARMADAPURAM(DISTRICT COLLECTOR NARMADAPURAM_IDA)","Smt. Maya Naroliya (2024-30) (2024-2030)","Elected MP","Gram Mohari mein hardul baba ke pass chabutra CC chhat sahit nirman","24-Nov-2025","200000","30-Dec-2025"
"166","Normal/Others","WS/MP18316/2025-2026/211046-Construction of common work sheds/ common covered sitting area","Madhya Pradesh","NARMADAPURAM(DISTRICT COLLECTOR NARMADAPURAM_IDA)","Smt. Maya Naroliya (2024-30) (2024-2030)","Elected MP","Ward 23 Global green colony rasuliya me sarvjanik chabutra (shed rahit)","24-Jun-2025","100000","24-Mar-2026"
"167","Normal/Others","WS/MP18316/2025-2026/211047-Construction of common work sheds/ common covered sitting area","Madhya Pradesh","NARMADAPURAM(DISTRICT COLLECTOR NARMADAPURAM_IDA)","Smt. Maya Naroliya (2024-30) (2024-2030)","Elected MP","Ward 19 Adamgarh me Banjari mata mandir ke pass sarvjanik chabutra (shed rahit)","24-Jun-2025","50000","02-Jan-2026"
"168","Normal/Others","WS/MP18316/2025-2026/162508-Construction of additional rooms and halls in the existing public and community building","Madhya Pradesh","NARMADAPURAM(DISTRICT COLLECTOR NARMADAPURAM_IDA)","Smt. Maya Naroliya (2024-30) (2024-2030)","Elected MP","Kalchuri kalar samajik bhawan garibi line main kaksh nirman","30-Dec-2024","200000","01-Sep-2025"
"169","Normal/Others","WS/MP18316/2026-2027/162509-Construction of additional rooms and halls in the existing public and community building","Madhya Pradesh","NARMADAPURAM(DISTRICT COLLECTOR NARMADAPURAM_IDA)","Smt. Maya Naroliya (2024-30) (2024-2030)","Elected MP","Apna Ghar Vradhashram nyas colony main kaksh and letbhath nirman","30-Dec-2024","400000","16-Apr-2026"
"170","Normal/Others","WS/MP18316/2025-2026/182610-Construction of additional rooms and halls in the existing public and community building","Madhya Pradesh","NARMADAPURAM(DISTRICT COLLECTOR NARMADAPURAM_IDA)","Smt. Maya Naroliya (2024-30) (2024-2030)","Elected MP","Gram Chandon me Panchayat bhawan ke chhat par hall avm kaksh nirman","22-Mar-2025","600000","26-Aug-2025"
"171","Normal/Others","WS/MP18316/2025-2026/176214-Construction of common work sheds/ common covered sitting area","Madhya Pradesh","NARMADAPURAM(DISTRICT COLLECTOR NARMADAPURAM_IDA)","Smt. Maya Naroliya (2024-30) (2024-2030)","Elected MP","Narmadapuram Babai road par Jind Baba ke pass sarvjanik chabutra par teenshed avm railing nirman","22-Feb-2025","100000","11-Jun-2025"
"172","Normal/Others","NA-Construction of common work sheds/ common covered sitting area","Madhya Pradesh","NARMADAPURAM(DISTRICT COLLECTOR NARMADAPURAM_IDA)","Smt. Maya Naroliya (2024-30) (2024-2030)","Elected MP","Ward 9 mein gupta nursingh home gali mein jind baba avm khedapati mandir ke pass sarvjanik chabutra chhat sahit nirman","27-Jul-2026","150000","NA"
"173","Normal/Others","WS/MP18316/2025-2026/162501-Construction of common work sheds/ common covered sitting area","Madhya Pradesh","NARMADAPURAM(DISTRICT COLLECTOR NARMADAPURAM_IDA)","Smt. Maya Naroliya (2024-30) (2024-2030)","Elected MP","Bada Kua sarvjanik chabutre par CC chhat nirman","30-Dec-2024","500000","20-May-2025"
"174","Normal/Others","WS/MP18316/2024-2025/162109-Construction of common work sheds/ common covered sitting area","Madhya Pradesh","NARMADAPURAM(DISTRICT COLLECTOR NARMADAPURAM_IDA)","Smt. Maya Naroliya (2024-30) (2024-2030)","Elected MP","Maa Narmada nadi ke chowka ghat par teen shed and fars nirman","28-Dec-2024","500000","22-Jan-2025"
"175","Normal/Others","WS/MP18316/2025-2026/162495-Construction of common work sheds/ common covered sitting area","Madhya Pradesh","NARMADAPURAM(DISTRICT COLLECTOR NARMADAPURAM_IDA)","Smt. Maya Naroliya (2024-30) (2024-2030)","Elected MP","Lalwani Colony Housing board main sarvjanik chabutra nirman","30-Dec-2024","100000","20-May-2025"
"176","Normal/Others","WS/MP18316/2025-2026/162496-Construction of common work sheds/ common covered sitting area","Madhya Pradesh","NARMADAPURAM(DISTRICT COLLECTOR NARMADAPURAM_IDA)","Smt. Maya Naroliya (2024-30) (2024-2030)","Elected MP","Shivaji Nagar Housing board main sarvjanik chabutra nirman","30-Dec-2024","100000","02-Jul-2025"
"177","Normal/Others","WS/MP18316/2025-2026/162498-Construction of common work sheds/ common covered sitting area","Madhya Pradesh","NARMADAPURAM(DISTRICT COLLECTOR NARMADAPURAM_IDA)","Smt. Maya Naroliya (2024-30) (2024-2030)","Elected MP","Prathmeshwar park ankita nagar main shed nirman","30-Dec-2024","990000","02-Jan-2026"
"178","Normal/Others","WS/MP18316/2026-2027/266892-Purchase of mobile water tankers","Madhya Pradesh","NARMADAPURAM(DISTRICT COLLECTOR NARMADAPURAM_IDA)","Smt. Maya Naroliya (2024-30) (2024-2030)","Elected MP","Purchase of GI Water Tanker, Capacity- 5000 litres, with Fire Fighter Pump and 900x16 new tyres and tubes- 02 Nos.","16-Feb-2026","381860","02-Apr-2026"
"179","Normal/Others","WS/MP18316/2026-2027/266893-Purchase of mobile water tankers","Madhya Pradesh","NARMADAPURAM(DISTRICT COLLECTOR NARMADAPURAM_IDA)","Smt. Maya Naroliya (2024-30) (2024-2030)","Elected MP","Purchase of GI Water Tanker, Capacity- 5000 litres, with Fire Fighter Pump and 900x16 new tyres and tubes- 02 Nos.","16-Feb-2026","381860","02-Apr-2026"
"180","Normal/Others","WS/MP18316/2026-2027/266894-Purchase of mobile water tankers","Madhya Pradesh","NARMADAPURAM(DISTRICT COLLECTOR NARMADAPURAM_IDA)","Smt. Maya Naroliya (2024-30) (2024-2030)","Elected MP","Purchase of GI Water Tanker, Capacity- 5000 litres, with Fire Fighter Pump and 900x16 new tyres and tubes- 01 No.","16-Feb-2026","190930","02-Apr-2026"
"181","Normal/Others","WS/MP18316/2026-2027/266895-Purchase of mobile water tankers","Madhya Pradesh","NARMADAPURAM(DISTRICT COLLECTOR NARMADAPURAM_IDA)","Smt. Maya Naroliya (2024-30) (2024-2030)","Elected MP","Purchase of GI Water Tanker, Capacity- 5000 litres, with Fire Fighter Pump and 900x16 new tyres and tubes- 01 No.","16-Feb-2026","190930","02-Apr-2026"
"182","Normal/Others","WS/MP18316/2026-2027/266896-Purchase of mobile water tankers","Madhya Pradesh","NARMADAPURAM(DISTRICT COLLECTOR NARMADAPURAM_IDA)","Smt. Maya Naroliya (2024-30) (2024-2030)","Elected MP","Purchase of GI Water Tanker, Capacity- 5000 litres, with Fire Fighter Pump and 900x16 new tyres and tubes- 01 No.","16-Feb-2026","190930","02-Apr-2026"
"183","Normal/Others","WS/MP18316/2026-2027/266897-Purchase of mobile water tankers","Madhya Pradesh","NARMADAPURAM(DISTRICT COLLECTOR NARMADAPURAM_IDA)","Smt. Maya Naroliya (2024-30) (2024-2030)","Elected MP","Purchase of GI Water Tanker, Capacity- 5000 litres, with Fire Fighter Pump and 900x16 new tyres and tubes- 01 No.","16-Feb-2026","190930","02-Apr-2026"
"184","Normal/Others","WS/MP18316/2026-2027/264728-Installing tube-wells and borewells","Madhya Pradesh","NARMADAPURAM(DISTRICT COLLECTOR NARMADAPURAM_IDA)","Smt. Maya Naroliya (2024-30) (2024-2030)","Elected MP","Ward 6 Chhoti Bajariya sthit park ke pass 1 nag nalkoop khanan","16-Feb-2026","150000","17-Apr-2026"
"185","Normal/Others","WS/MP18316/2026-2027/264729-Installing tube-wells and borewells","Madhya Pradesh","NARMADAPURAM(DISTRICT COLLECTOR NARMADAPURAM_IDA)","Smt. Maya Naroliya (2024-30) (2024-2030)","Elected MP","ward 20 sardar mohalla bangali colony mein gurugwara ke pass 1 nag nalkoop khanan","16-Feb-2026","70000","17-Apr-2026"
"186","Normal/Others","NA-Installing tube-wells and borewells","Madhya Pradesh","NARMADAPURAM(DISTRICT COLLECTOR NARMADAPURAM_IDA)","Smt. Maya Naroliya (2024-30) (2024-2030)","Elected MP","Ward 3 Narayanganj mein purane matan market ke pass 1 no. nalkoop khanan","15-May-2026","150000","NA"
"187","Normal/Others","NA-Installing tube-wells and borewells","Madhya Pradesh","NARMADAPURAM(DISTRICT COLLECTOR NARMADAPURAM_IDA)","Smt. Maya Naroliya (2024-30) (2024-2030)","Elected MP","Ward 15 housingh board colony industries area mein agrawal pvc ke samne tubewell khanan 01 no","18-Jun-2026","200000","NA"
"188","Normal/Others","NA-Installing tube-wells and borewells","Madhya Pradesh","NARMADAPURAM(DISTRICT COLLECTOR NARMADAPURAM_IDA)","Smt. Maya Naroliya (2024-30) (2024-2030)","Elected MP","Itarsi ke ward 27 mein amit kirana ke pass submersible pump sahit nalkup khanan 01 no","27-Jul-2026","150000","NA"
"189","Normal/Others","NA-Installing tube-wells and borewells","Madhya Pradesh","NARMADAPURAM(DISTRICT COLLECTOR NARMADAPURAM_IDA)","Smt. Maya Naroliya (2024-30) (2024-2030)","Elected MP","Itarsi ke ward 32 mein dusri line mein submersible pump sahit nalkup khanan 01 no","27-Jul-2026","150000","NA"
"190","Normal/Others","NA-Installing tube-wells and borewells","Madhya Pradesh","NARMADAPURAM(DISTRICT COLLECTOR NARMADAPURAM_IDA)","Smt. Maya Naroliya (2024-30) (2024-2030)","Elected MP","Itarsi ke ward 03 mein mathiya baba ke pass submersible pump sahit nalkup khanan 01 no","27-Jul-2026","150000","NA"
"191","Normal/Others","NA-Installing tube-wells and borewells","Madhya Pradesh","NARMADAPURAM(DISTRICT COLLECTOR NARMADAPURAM_IDA)","Smt. Maya Naroliya (2024-30) (2024-2030)","Elected MP","Itarsi ke ward 19 mein vishwakarma nagar mein submersible pump sahit nalkup khanan 01 no","27-Jul-2026","150000","NA"
"192","Normal/Others","NA-Installing tube-wells and borewells","Madhya Pradesh","NARMADAPURAM(DISTRICT COLLECTOR NARMADAPURAM_IDA)","Smt. Maya Naroliya (2024-30) (2024-2030)","Elected MP","Itarsi ke ward 06 mein walmiki basti mein submersible pump sahit nalkup khanan 01 no","27-Jul-2026","150000","NA"
"193","Normal/Others","NA-Installing tube-wells and borewells","Madhya Pradesh","NARMADAPURAM(DISTRICT COLLECTOR NARMADAPURAM_IDA)","Smt. Maya Naroliya (2024-30) (2024-2030)","Elected MP","Itarsi ke ward 26 mein bhagat singh nagar bording school ke peeche submersible pump sahit nalkup khanan 01 no","27-Jul-2026","150000","NA"
"194","Normal/Others","NA-Construction of rooms and halls in school and colleges","Madhya Pradesh","NARMADAPURAM(DISTRICT COLLECTOR NARMADAPURAM_IDA)","Smt. Maya Naroliya (2024-30) (2024-2030)","Elected MP","Arsh Gurukul Samiti Parisar, BTI mein purv swikrit kaksh nirman karya ka vistar avm shesh karya","30-Mar-2026","990000","NA"
"195","Normal/Others","WS/MP18316/2025-2026/248634-Construction of rooms and halls in school and colleges","Madhya Pradesh","NARMADAPURAM(DISTRICT COLLECTOR NARMADAPURAM_IDA)","Smt. Maya Naroliya (2024-30) (2024-2030)","Elected MP","Sarswati shishu mandir Babadiya Bhau mein atirikt kaksh nirman","06-Dec-2025","500000","23-Feb-2026"
"196","Normal/Others","NA-Providing CCTV camera system for security of public areas","Madhya Pradesh","NARMADAPURAM(DISTRICT COLLECTOR NARMADAPURAM_IDA)","Smt. Maya Naroliya (2024-30) (2024-2030)","Elected MP","Installation of CCTV camaras at various locations at Gol Ghat, Narmadapuram NVR 32 CH CPplus 01No, Camara Xpri 5MP AI FHD 32Nos, POE 8to2 giga 04Nos, HHD 4 TB 01No, Cat 6 Cable UTD 600mtr, PVC Box 32Nos, 4 uRak for NVR DLink 01No, 43inch LED TV 01No","08-Aug-2026","230000","NA"
"197","Normal/Others","WS/MP18316/2025-2026/201965-Construction of rooms and halls in school and colleges","Madhya Pradesh","NARMADAPURAM(DISTRICT COLLECTOR NARMADAPURAM_IDA)","Smt. Maya Naroliya (2024-30) (2024-2030)","Elected MP","Purv swikrit govt prathmik school ITI me atirikt kaskh souchalay sahit nirman kary ka shesh karya avm vistar karya","23-May-2025","1000000","05-Mar-2026"
"198","Normal/Others","NA-Construction of rooms and halls in school and colleges","Madhya Pradesh","NARMADAPURAM(DISTRICT COLLECTOR NARMADAPURAM_IDA)","Smt. Maya Naroliya (2024-30) (2024-2030)","Elected MP","Sarswati Shishu Mandir Uchttar madhyamikc vidyalay malakhedi road mein purv swikrit kaksh nirman karyka shesh kary avm vistar kary","14-Jul-2026","500000","NA"
"199","Normal/Others","WS/MP18316/2025-2026/162493-Construction of rooms and halls in school and colleges","Madhya Pradesh","NARMADAPURAM(DISTRICT COLLECTOR NARMADAPURAM_IDA)","Smt. Maya Naroliya (2024-30) (2024-2030)","Elected MP","Sarswati shishu vidhya mandir uchchatar madhyamik vidhyalay malakhedi road main kaksh nirman","30-Dec-2024","1000000","20-May-2025"
"200","Normal/Others","WS/MP18316/2025-2026/162494-Construction of rooms and halls in school and colleges","Madhya Pradesh","NARMADAPURAM(DISTRICT COLLECTOR NARMADAPURAM_IDA)","Smt. Maya Naroliya (2024-30) (2024-2030)","Elected MP","Arsh Gurukul Samiti parisar BTI main kaksh nirman","30-Dec-2024","1000000","15-May-2025"
"201","Normal/Others","WS/MP18316/2025-2026/162510-Construction of rooms and halls in school and colleges","Madhya Pradesh","NARMADAPURAM(DISTRICT COLLECTOR NARMADAPURAM_IDA)","Smt. Maya Naroliya (2024-30) (2024-2030)","Elected MP","Sarswati shishu vidya mandir meetha kua purani itarsi man kaksh nirman","30-Dec-2024","1200000","01-Sep-2025"
"202","Normal/Others","WS/MP18316/2025-2026/162499-Construction of rooms and halls in school and colleges","Madhya Pradesh","NARMADAPURAM(DISTRICT COLLECTOR NARMADAPURAM_IDA)","Smt. Maya Naroliya (2024-30) (2024-2030)","Elected MP","Shaskiya Prathmik Vidhyalay ITI main atirikt kaksh shouchalay sahit nirman","30-Dec-2024","600000","20-May-2025"
"203","Normal/Others","WS/MP18316/2025-2026/162500-Construction of rooms and halls in school and colleges","Madhya Pradesh","NARMADAPURAM(DISTRICT COLLECTOR NARMADAPURAM_IDA)","Smt. Maya Naroliya (2024-30) (2024-2030)","Elected MP","Sarswati Shishu Vidhya mandir main atirikt kaksha nirman","30-Dec-2024","200000","22-Apr-2025"
"204","Normal/Others","WS/MP18316/2026-2027/185880-Construction of rooms and halls in school and colleges","Madhya Pradesh","NARMADAPURAM(DISTRICT COLLECTOR NARMADAPURAM_IDA)","Smt. Maya Naroliya (2024-30) (2024-2030)","Elected MP","Sarswati shishu mandir uchchtar madhyamik vidhyalay, Sohagpur me hall nirman","05-Apr-2025","500000","15-May-2026"
"205","Repair and Renovation","WS/MP18316/2025-2026/211048-Construction of toilet blocks","Madhya Pradesh","NARMADAPURAM(DISTRICT COLLECTOR NARMADAPURAM_IDA)","Smt. Maya Naroliya (2024-30) (2024-2030)","Elected MP","Govt Home Science Collage me shouchalaya marammat avm nirman","24-Jun-2025","200000","13-Jan-2026"
"206","Normal/Others","WS/MP18316/2025-2026/208728-Purchase of IT systems, including hardware and software for educational purposes","Madhya Pradesh","NARMADAPURAM(DISTRICT COLLECTOR NARMADAPURAM_IDA)","Smt. Maya Naroliya (2024-30) (2024-2030)","Elected MP","Gyanmudra English Medium School, Narmadapuram me Furniture 40 set avm Computer 05 set praday","16-Jun-2025","300000","18-Aug-2025"
"207","Normal/Others","WS/MP18316/2024-2025/162502-Construction of boundary walls of existing public and community buildings","Madhya Pradesh","NARMADAPURAM(DISTRICT COLLECTOR NARMADAPURAM_IDA)","Smt. Maya Naroliya (2024-30) (2024-2030)","Elected MP","Mangal bhawan parisar ki boundary wall nirman","30-Dec-2024","500000","21-Mar-2025"
"208","Normal/Others","WS/MP18316/2025-2026/182611-Construction of buildings for community cultural activities","Madhya Pradesh","NARMADAPURAM(DISTRICT COLLECTOR NARMADAPURAM_IDA)","Smt. Maya Naroliya (2024-30) (2024-2030)","Elected MP","Rewanchal Jat Samaj Kalyan Samiti, Dakshin Tat Awanlighat Seonimalwa ke sarvjanik manglik bhawan ke dusri manjil ki chhat nirman","22-Mar-2025","1000000","15-Jul-2025"
"209","Normal/Others","WS/MP18316/2025-2026/182612-Construction of buildings for community cultural activities","Madhya Pradesh","NARMADAPURAM(DISTRICT COLLECTOR NARMADAPURAM_IDA)","Smt. Maya Naroliya (2024-30) (2024-2030)","Elected MP","Mukteshwar park, sarswati nagar ward 21 rasuliya me sarvjanik kaksh shouchalaya safit nirman","22-Mar-2025","300000","11-Jun-2025"
"210","Normal/Others","WS/MP18316/2025-2026/176219-Construction of buildings for community cultural activities","Madhya Pradesh","NARMADAPURAM(DISTRICT COLLECTOR NARMADAPURAM_IDA)","Smt. Maya Naroliya (2024-30) (2024-2030)","Elected MP","Hoshangabad Pal Samaj Kalyan Samiti Malakhedi Road Sharda Colony Ward 12 Narmadapuram me Pal Bhawan nirman","22-Feb-2025","250000","27-Oct-2025"
"211","Normal/Others","WS/MP18316/2026-2027/279503-Purchase of mobile water tankers","Madhya Pradesh","NARMADAPURAM(DISTRICT COLLECTOR NARMADAPURAM_IDA)","Smt. Maya Naroliya (2024-30) (2024-2030)","Elected MP","Purchase of 2 nos GI Water Tanker, Capacity- 5000 litres, with Fire Fighter Pump and 900 x 16 new tyres and tubes","15-May-2026","381860","06-Jul-2026"
"212","Normal/Others","WS/MP18316/2025-2026/251232-Construction of roads, link roads, pathways or any other road with or without drainage system","Madhya Pradesh","NARMADAPURAM(DISTRICT COLLECTOR NARMADAPURAM_IDA)","Smt. Maya Naroliya (2024-30) (2024-2030)","Elected MP","Ward 18 Shiv colony mein neeraj jain mein road ke makan se rajput ke makan tak CC road nirman","06-Dec-2025","500000","24-Mar-2026"
"213","Normal/Others","WS/MP18316/2025-2026/251218-Construction of roads, link roads, pathways or any other road with or without drainage system","Madhya Pradesh","NARMADAPURAM(DISTRICT COLLECTOR NARMADAPURAM_IDA)","Smt. Maya Naroliya (2024-30) (2024-2030)","Elected MP","Gram Jasalpur mein goving verma ke samne se CC road nirman","06-Dec-2025","800000","30-Dec-2025"
"214","Normal/Others","WS/MP18316/2025-2026/248636-Construction of roads, link roads, pathways or any other road with or without drainage system","Madhya Pradesh","NARMADAPURAM(DISTRICT COLLECTOR NARMADAPURAM_IDA)","Smt. Maya Naroliya (2024-30) (2024-2030)","Elected MP","Gram Chandwad mein pyarelal ke ghar ke aage se sushila gour ke ghar ki aur CC road nirman","06-Dec-2025","400000","17-Feb-2026"
"215","Normal/Others","WS/MP18316/2025-2026/255239-Construction of roads, link roads, pathways or any other road with or without drainage system","Madhya Pradesh","NARMADAPURAM(DISTRICT COLLECTOR NARMADAPURAM_IDA)","Smt. Maya Naroliya (2024-30) (2024-2030)","Elected MP","Itarsi nagar mein shri hanuman dham mandir ke samne over bridge ke niche sudama nagar mein pewar block karya","02-Jan-2026","100000","25-Mar-2026"
"216","Normal/Others","WS/MP18316/2025-2026/248600-Construction of roads, link roads, pathways or any other road with or without drainage system","Madhya Pradesh","NARMADAPURAM(DISTRICT COLLECTOR NARMADAPURAM_IDA)","Smt. Maya Naroliya (2024-30) (2024-2030)","Elected MP","Gram pathrouta mein gayatri mandir se purane high school ki aur CC road nirman","24-Nov-2025","500000","02-Jan-2026"
"217","Normal/Others","NA-Construction of roads, link roads, pathways or any other road with or without drainage system","Madhya Pradesh","NARMADAPURAM(DISTRICT COLLECTOR NARMADAPURAM_IDA)","Smt. Maya Naroliya (2024-30) (2024-2030)","Elected MP","Itarsi ke ward 23 mein manvendra pandey ke makan se mukesh maina ke makan tak CC road nirman","27-Jul-2026","300000","NA"
"218","Normal/Others","NA-Construction of roads, link roads, pathways or any other road with or without drainage system","Madhya Pradesh","NARMADAPURAM(DISTRICT COLLECTOR NARMADAPURAM_IDA)","Smt. Maya Naroliya (2024-30) (2024-2030)","Elected MP","Ishan parisar phase 2 mein neelam sharma ke ghar se sharad ke ghar tak CC road avm naali nirman","27-Jul-2026","500000","NA"
"219","Normal/Others","WS/MP18316/2025-2026/216067-Construction of roads, link roads, pathways or any other road with or without drainage system","Madhya Pradesh","NARMADAPURAM(DISTRICT COLLECTOR NARMADAPURAM_IDA)","Smt. Maya Naroliya (2024-30) (2024-2030)","Elected MP","Gram Suparli me kartar singh ke makan se amar singh ke makan tak CC Road nirman","10-Jul-2025","200000","07-Aug-2025"
"220","Normal/Others","WS/MP18316/2025-2026/216068-Construction of roads, link roads, pathways or any other road with or without drainage system","Madhya Pradesh","NARMADAPURAM(DISTRICT COLLECTOR NARMADAPURAM_IDA)","Smt. Maya Naroliya (2024-30) (2024-2030)","Elected MP","Gram Bamuriya me Nirbhay Singh Rajpur ke makan se Rakesh Singh ke makan tak CC Road nirman","10-Jul-2025","150000","07-Aug-2025"
"221","Normal/Others","WS/MP18316/2025-2026/216069-Construction of roads, link roads, pathways or any other road with or without drainage system","Madhya Pradesh","NARMADAPURAM(DISTRICT COLLECTOR NARMADAPURAM_IDA)","Smt. Maya Naroliya (2024-30) (2024-2030)","Elected MP","Gram Baihrakhedi me dulhadev se mata mandir ki aur CC Road nirman","10-Jul-2025","150000","07-Aug-2025"
"222","Normal/Others","WS/MP18316/2026-2027/211043-Construction of roads, link roads, pathways or any other road with or without drainage system","Madhya Pradesh","NARMADAPURAM(DISTRICT COLLECTOR NARMADAPURAM_IDA)","Smt. Maya Naroliya (2024-30) (2024-2030)","Elected MP","Ward-11 Radha Madhav nagar harne colony me mukhya marg se prasanna harne sa makan tak CC road nirman","24-Jun-2025","300000","15-May-2026"
"223","Normal/Others","WS/MP18316/2025-2026/211044-Construction of roads, link roads, pathways or any other road with or without drainage system","Madhya Pradesh","NARMADAPURAM(DISTRICT COLLECTOR NARMADAPURAM_IDA)","Smt. Maya Naroliya (2024-30) (2024-2030)","Elected MP","Ward 23 Raghav nagar phase-1 rasuliya me CC road nirman","24-Jun-2025","199429","15-Sep-2025"
"224","Normal/Others","WS/MP18316/2025-2026/166112-Construction of roads, link roads, pathways or any other road with or without drainage system","Madhya Pradesh","NARMADAPURAM(DISTRICT COLLECTOR NARMADAPURAM_IDA)","Smt. Maya Naroliya (2024-30) (2024-2030)","Elected MP","Gram Rehada main bablu mehra ke ghar se guthan ghat naale ki aur CC road nirman","18-Jan-2025","400000","20-Jun-2025"
"225","Normal/Others","WS/MP18316/2024-2025/162503-Construction of roads, link roads, pathways or any other road with or without drainage system","Madhya Pradesh","NARMADAPURAM(DISTRICT COLLECTOR NARMADAPURAM_IDA)","Smt. Maya Naroliya (2024-30) (2024-2030)","Elected MP","Gram Palanpur main netram verma ke khet se veer singh ke khet ki aur sampark sadak nirman","30-Dec-2024","700000","17-Jan-2025"
"226","Normal/Others","WS/MP18316/2026-2027/279632-Construction of footpaths and pedestrian ways","Madhya Pradesh","NARMADAPURAM(DISTRICT COLLECTOR NARMADAPURAM_IDA)","Smt. Maya Naroliya (2024-30) (2024-2030)","Elected MP","Ward 17 Meenakshi chowk par CC footpath nirman","15-May-2026","400000","18-Jun-2026"
"227","Normal/Others","NA-Construction of roads, link roads, pathways or any other road with or without drainage system","Madhya Pradesh","NARMADAPURAM(DISTRICT COLLECTOR NARMADAPURAM_IDA)","Smt. Maya Naroliya (2024-30) (2024-2030)","Elected MP","Gram Babadiya Bhau mein aantrik naali nirman","14-Jul-2026","100000","NA"
"228","Normal/Others","WS/MP18316/2025-2026/196398- Providing sports equipment, except consumable items","Madhya Pradesh","NARMADAPURAM(DISTRICT COLLECTOR NARMADAPURAM_IDA)","Smt. Maya Naroliya (2024-30) (2024-2030)","Elected MP","Rasuliya ward me 01 set Kabaddi mat praday","10-May-2025","219480","12-Sep-2025"
"229","Normal/Others","WS/MP18316/2025-2026/196399- Providing sports equipment, except consumable items","Madhya Pradesh","NARMADAPURAM(DISTRICT COLLECTOR NARMADAPURAM_IDA)","Smt. Maya Naroliya (2024-30) (2024-2030)","Elected MP","Adamgarh ward me 01 set Kabaddi mat praday","10-May-2025","219480","12-Sep-2025"
"230","Normal/Others","WS/MP18316/2025-2026/196400- Providing sports equipment, except consumable items","Madhya Pradesh","NARMADAPURAM(DISTRICT COLLECTOR NARMADAPURAM_IDA)","Smt. Maya Naroliya (2024-30) (2024-2030)","Elected MP","Fefartal ward me 01 set Kabaddi mat praday","10-May-2025","219480","12-Sep-2025"
"231","Normal/Others","WS/MP18316/2025-2026/196401- Providing sports equipment, except consumable items","Madhya Pradesh","NARMADAPURAM(DISTRICT COLLECTOR NARMADAPURAM_IDA)","Smt. Maya Naroliya (2024-30) (2024-2030)","Elected MP","Gwaltoli ward me 01 set Kabaddi mat praday","10-May-2025","219480","12-Sep-2025"
"232","Normal/Others","WS/MP103/2025-2026/180026-Installation of fixed garden gym equipment","Madhya Pradesh","INDORE(DISTRICT COLLECTOR INDORE_IDA)","Dr. Kavita Patidar (2022-28) (2022-2028)","Elected MP","Installation of Open Fixed garden Gym Equipment in Lakshman Khedi Near Community building Garden GP Kajlana JP Sanwer District Indore","10-Mar-2025","852800","29-Apr-2025"
"233","Normal/Others","WS/MP103/2025-2026/180027-Installation of fixed garden gym equipment","Madhya Pradesh","INDORE(DISTRICT COLLECTOR INDORE_IDA)","Dr. Kavita Patidar (2022-28) (2022-2028)","Elected MP","Installation of Open Fixed garden Gym Equipment in  School Parisar GP Kajlana JP Sanwer District Indore","10-Mar-2025","852800","29-Apr-2025"
"234","Normal/Others","WS/MP103/2025-2026/180028-Installation of fixed garden gym equipment","Madhya Pradesh","INDORE(DISTRICT COLLECTOR INDORE_IDA)","Dr. Kavita Patidar (2022-28) (2022-2028)","Elected MP","Installation of Open Fixed garden Gym Equipment in  Gram Khitoda  Near Water tank GP Badodiyakhan   JP Sanwer District Indore","10-Mar-2025","852800","29-Apr-2025"
"235","Normal/Others","WS/MP103/2025-2026/180037-Installation of fixed garden gym equipment","Madhya Pradesh","INDORE(DISTRICT COLLECTOR INDORE_IDA)","Dr. Kavita Patidar (2022-28) (2022-2028)","Elected MP","Installation of Open Fixed Garden Gym Equipment in Ward 77 Sai Bag Main Garden Khandwa Road District Indore","10-Mar-2025","852749","29-Apr-2025"
"236","Normal/Others","WS/MP103/2025-2026/180038-Installation of fixed garden gym equipment","Madhya Pradesh","INDORE(DISTRICT COLLECTOR INDORE_IDA)","Dr. Kavita Patidar (2022-28) (2022-2028)","Elected MP","Installation of Open Fixed Garden Gym Equipment in Ward 79  Sardar vallabh Bhai Patel Vatika Silicon city  District Indore","10-Mar-2025","852749","29-Apr-2025"
"237","Normal/Others","WS/MP103/2025-2026/180039-Installation of fixed garden gym equipment","Madhya Pradesh","INDORE(DISTRICT COLLECTOR INDORE_IDA)","Dr. Kavita Patidar (2022-28) (2022-2028)","Elected MP","Installation of Open Fixed Garden Gym Equipment in  Chankyapuri Udyan Ward 80 District Indore","10-Mar-2025","852749","29-Apr-2025"
"238","Normal/Others","WS/MP103/2025-2026/180040-Installation of fixed garden gym equipment","Madhya Pradesh","INDORE(DISTRICT COLLECTOR INDORE_IDA)","Dr. Kavita Patidar (2022-28) (2022-2028)","Elected MP","Installation of Open Fixed Garden Gym Equipment in Annpurna Nagar Udhyan  Ward 81 District Indore","10-Mar-2025","852749","29-Apr-2025"
"239","Normal/Others","WS/MP103/2024-2025/150375-Installation of fixed garden gym equipment","Madhya Pradesh","INDORE(DISTRICT COLLECTOR INDORE_IDA)","Dr. Kavita Patidar (2022-28) (2022-2028)","Elected MP","Open Fixed gym equipment","02-Nov-2024","802414","24-Dec-2024"
"240","Normal/Others","WS/MP103/2024-2025/150376-Installation of fixed garden gym equipment","Madhya Pradesh","INDORE(DISTRICT COLLECTOR INDORE_IDA)","Dr. Kavita Patidar (2022-28) (2022-2028)","Elected MP","Open Fixed gym equipment","02-Nov-2024","802414","24-Dec-2024"
"241","Normal/Others","WS/MP103/2024-2025/150377-Installation of fixed garden gym equipment","Madhya Pradesh","INDORE(DISTRICT COLLECTOR INDORE_IDA)","Dr. Kavita Patidar (2022-28) (2022-2028)","Elected MP","Open Fixed gym equipment","02-Nov-2024","802414","24-Dec-2024"
"242","Normal/Others","WS/MP103/2024-2025/150378-Installation of fixed garden gym equipment","Madhya Pradesh","INDORE(DISTRICT COLLECTOR INDORE_IDA)","Dr. Kavita Patidar (2022-28) (2022-2028)","Elected MP","Open Fixed gym equipment","02-Nov-2024","802414","24-Dec-2024"
"243","Normal/Others","WS/MP103/2024-2025/150379-Installation of fixed garden gym equipment","Madhya Pradesh","INDORE(DISTRICT COLLECTOR INDORE_IDA)","Dr. Kavita Patidar (2022-28) (2022-2028)","Elected MP","Open Fixed gym equipment","02-Nov-2024","802414","24-Dec-2024"
"244","Normal/Others","WS/MP103/2024-2025/150380-Installation of fixed garden gym equipment","Madhya Pradesh","INDORE(DISTRICT COLLECTOR INDORE_IDA)","Dr. Kavita Patidar (2022-28) (2022-2028)","Elected MP","Open Fixed gym equipment","02-Nov-2024","802414","24-Dec-2024"
"245","Normal/Others","WS/MP103/2024-2025/150381-Installation of fixed garden gym equipment","Madhya Pradesh","INDORE(DISTRICT COLLECTOR INDORE_IDA)","Dr. Kavita Patidar (2022-28) (2022-2028)","Elected MP","Open Fixed gym equipment","02-Nov-2024","802414","24-Dec-2024"
"246","Normal/Others","WS/MP103/2025-2026/270858-Installation of fixed garden gym equipment","Madhya Pradesh","INDORE(DISTRICT COLLECTOR INDORE_IDA)","Dr. Kavita Patidar (2022-28) (2022-2028)","Elected MP","Installation of Fixed open gym equipment in Gram Gawali palasia  Tahsil Mhow District Indore","03-Mar-2026","944000","26-Mar-2026"
"247","Normal/Others","WS/MP103/2025-2026/270859-Installation of fixed garden gym equipment","Madhya Pradesh","INDORE(DISTRICT COLLECTOR INDORE_IDA)","Dr. Kavita Patidar (2022-28) (2022-2028)","Elected MP","Installation of Fixed open gym equipment in  Gawalipura in Gram Choral Tahsil Mhow District Indore","03-Mar-2026","944000","26-Mar-2026"
"248","Normal/Others","WS/MP103/2025-2026/270860-Installation of fixed garden gym equipment","Madhya Pradesh","INDORE(DISTRICT COLLECTOR INDORE_IDA)","Dr. Kavita Patidar (2022-28) (2022-2028)","Elected MP","Installation of Fixed open gym equipment in Gram Sitapath Tahsil Mhow District Indore","03-Mar-2026","944000","26-Mar-2026"
"249","Normal/Others","WS/MP103/2025-2026/270861-Installation of fixed garden gym equipment","Madhya Pradesh","INDORE(DISTRICT COLLECTOR INDORE_IDA)","Dr. Kavita Patidar (2022-28) (2022-2028)","Elected MP","Installation of Fixed open gym equipment in Gram Panjriya Tahsil Mhow District Indore","03-Mar-2026","944000","26-Mar-2026"
"250","Normal/Others","WS/MP103/2025-2026/270862-Installation of fixed garden gym equipment","Madhya Pradesh","INDORE(DISTRICT COLLECTOR INDORE_IDA)","Dr. Kavita Patidar (2022-28) (2022-2028)","Elected MP","Installation of Fixed open gym equipment in Gram Janapav Kuti  Tahsil Mhow District Indore","03-Mar-2026","944000","26-Mar-2026"
"251","Normal/Others","WS/MP103/2025-2026/270863-Installation of fixed garden gym equipment","Madhya Pradesh","INDORE(DISTRICT COLLECTOR INDORE_IDA)","Dr. Kavita Patidar (2022-28) (2022-2028)","Elected MP","Installation of Fixed open gym equipment in Gram Akawi  Tahsil Mhow District Indore","03-Mar-2026","944000","26-Mar-2026"
"252","Normal/Others","WS/MP103/2025-2026/270864-Installation of fixed garden gym equipment","Madhya Pradesh","INDORE(DISTRICT COLLECTOR INDORE_IDA)","Dr. Kavita Patidar (2022-28) (2022-2028)","Elected MP","Installation of Fixed open gym equipment in Vishwas Nagar of Gram Banjari Tahsil Mhow District Indore","03-Mar-2026","944000","26-Mar-2026"
"253","Normal/Others","WS/MP103/2023-2024/34535-Installation of fixed garden gym equipment","Madhya Pradesh","INDORE(DISTRICT COLLECTOR INDORE_IDA)","Dr. Kavita Patidar (2022-28) (2022-2028)","Elected MP","Installation of Fixed Gym Equipment at Kasturba Gandhi Girls Hostel (9-12)Mhow Tehsil Indore MP","09-Oct-2023","696867","17-Jan-2024"
"254","Normal/Others","WS/MP103/2023-2024/34640-Installation of fixed garden gym equipment","Madhya Pradesh","INDORE(DISTRICT COLLECTOR INDORE_IDA)","Dr. Kavita Patidar (2022-28) (2022-2028)","Elected MP","Installation of Fixed Garden Open gym equipment in ST Senior Boys Hostel in Made Block Mhow","09-Oct-2023","696867","17-Jan-2024"
"255","Normal/Others","WS/MP103/2023-2024/34641-Installation of fixed garden gym equipment","Madhya Pradesh","INDORE(DISTRICT COLLECTOR INDORE_IDA)","Dr. Kavita Patidar (2022-28) (2022-2028)","Elected MP","Installation of Fixed Garden Open gym equipment in ST Senior Boys Hostel in Choral Block Mhow","09-Oct-2023","696867","17-Jan-2024"
"256","Normal/Others","WS/MP103/2023-2024/34642-Installation of fixed garden gym equipment","Madhya Pradesh","INDORE(DISTRICT COLLECTOR INDORE_IDA)","Dr. Kavita Patidar (2022-28) (2022-2028)","Elected MP","Installation of Fixed Garden Open gym equipment in ST Senior Girls Hostel in khurdi  Block Mhow","09-Oct-2023","696867","17-Jan-2024"
"257","Normal/Others","WS/MP103/2023-2024/34643-Installation of fixed garden gym equipment","Madhya Pradesh","INDORE(DISTRICT COLLECTOR INDORE_IDA)","Dr. Kavita Patidar (2022-28) (2022-2028)","Elected MP","Installation of Fixed Garden Open gym equipment in ST  Boys Ashram (1-8) in Patalpani  Block Mhow District Indore","09-Oct-2023","696867","17-Jan-2024"
"258","Normal/Others","WS/MP103/2023-2024/34644-Installation of fixed garden gym equipment","Madhya Pradesh","INDORE(DISTRICT COLLECTOR INDORE_IDA)","Dr. Kavita Patidar (2022-28) (2022-2028)","Elected MP","Installation of Fixed Garden Open gym equipment in SC Senior Boys Hostel in Harsola Block Mhow","09-Oct-2023","696867","17-Jan-2024"
"259","Normal/Others","WS/MP103/2023-2024/34645-Installation of fixed garden gym equipment","Madhya Pradesh","INDORE(DISTRICT COLLECTOR INDORE_IDA)","Dr. Kavita Patidar (2022-28) (2022-2028)","Elected MP","Installation of Fixed Garden Open gym equipment in Mahavidhyalayin SC Boys Hostel in Dongargaon Block Mhow District Indore","09-Oct-2023","696867","17-Jan-2024"
"260","Normal/Others","WS/MP103/2023-2024/34646-Installation of fixed garden gym equipment","Madhya Pradesh","INDORE(DISTRICT COLLECTOR INDORE_IDA)","Dr. Kavita Patidar (2022-28) (2022-2028)","Elected MP","Installation of Fixed Garden Open gym equipment in  Senior ST Boys Hostel in Mhowgaon,  Block Mhow District Indore","09-Oct-2023","696867","17-Jan-2024"
"261","Normal/Others","WS/MP103/2023-2024/34647-Installation of fixed garden gym equipment","Madhya Pradesh","INDORE(DISTRICT COLLECTOR INDORE_IDA)","Dr. Kavita Patidar (2022-28) (2022-2028)","Elected MP","nstallation of Fixed Garden Open gym equipment in Senior SC Girls Hostel in Mhowgaon, Block Mhow District Indore","09-Oct-2023","696867","17-Jan-2024"
"262","Normal/Others","WS/MP103/2023-2024/34648-Installation of fixed garden gym equipment","Madhya Pradesh","INDORE(DISTRICT COLLECTOR INDORE_IDA)","Dr. Kavita Patidar (2022-28) (2022-2028)","Elected MP","Installation of Fixed Garden Open gym equipment in Senior ST Boys Hostel in Kalakund Block Mhow District Indore U","09-Oct-2023","696867","17-Jan-2024"
"263","Normal/Others","WS/MP103/2025-2026/262270-Construction of roads, link roads, pathways or any other road with or without drainage system","Madhya Pradesh","INDORE(DISTRICT COLLECTOR INDORE_IDA)","Dr. Kavita Patidar (2022-28) (2022-2028)","Elected MP","Construction of C C road in SC basti in Gram Panchayat Kampel JP Indore District Indore","28-Jan-2026","400000","02-Mar-2026"
"264","Normal/Others","WS/MP103/2023-2024/115004-Construction of footpaths and pedestrian ways","Madhya Pradesh","INDORE(DISTRICT COLLECTOR INDORE_IDA)","Dr. Kavita Patidar (2022-28) (2022-2028)","Elected MP","Work of installing pavers blocks on the road from Khurdi Chowk to water canal via school building in GP KHURDI  Block Mhow  District Indore","26-Feb-2024","495066","11-Mar-2024"
"265","Normal/Others","WS/MP103/2025-2026/247693-Construction of roads, link roads, pathways or any other road with or without drainage system","Madhya Pradesh","INDORE(DISTRICT COLLECTOR INDORE_IDA)","Dr. Kavita Patidar (2022-28) (2022-2028)","Elected MP","Construction of Approach Road  in Gram NandGaon toward from Gram Nandgaon to Gram Bhilami  Gram Panchayat Chhapriya  JP Mhow District Indore","19-Nov-2025","1000000","13-Feb-2026"
"266","Normal/Others","WS/MP106/2024-2025/8596-Providing drains and gutters for public drainage","Madhya Pradesh","INDORE(DISTRICT COLLECTOR INDORE_IDA)","Shri Vivek K. Tankha (2022-28) (2022-2028)","Elected MP","Gram Panchayat Bank, Tehsil Indore me Drainege Line Dalne ke liye, Vidhan Sabha Rau, District Indore M.P.","09-Aug-2023","1000000","12-Aug-2024"
"267","Normal/Others","WS/MP103/2023-2024/99359-Purchase of mobile water tankers","Madhya Pradesh","INDORE(DISTRICT COLLECTOR INDORE_IDA)","Dr. Kavita Patidar (2022-28) (2022-2028)","Elected MP","Water tanker 5000 Lts.GI coated with fire fighter pump , tyere 900x20.Gram panchayat Hrniya khedi Mhow Dist. Indore","14-Feb-2024","205054","20-Feb-2024"
"268","Normal/Others","WS/MP103/2023-2024/99360-Purchase of mobile water tankers","Madhya Pradesh","INDORE(DISTRICT COLLECTOR INDORE_IDA)","Dr. Kavita Patidar (2022-28) (2022-2028)","Elected MP","Water tanker 5000 Lts.GI coated with fire fighter pump , tyer 900x20. Gram Panchayat Ambada , Mhow Dist Indore","14-Feb-2024","205054","20-Feb-2024"
"269","Normal/Others","WS/MP103/2023-2024/99361-Purchase of mobile water tankers","Madhya Pradesh","INDORE(DISTRICT COLLECTOR INDORE_IDA)","Dr. Kavita Patidar (2022-28) (2022-2028)","Elected MP","Water tanker 5000 Lts.GI coated with fire fighter pump , tyere 900x20. Gram Panchyat Kuwali , Mhow Dist Indore","14-Feb-2024","205054","20-Feb-2024"
"270","Normal/Others","WS/MP103/2023-2024/99362-Purchase of mobile water tankers","Madhya Pradesh","INDORE(DISTRICT COLLECTOR INDORE_IDA)","Dr. Kavita Patidar (2022-28) (2022-2028)","Elected MP","Water tanker 5000 Lts.GI coated with fire fighter pump , tyere 900x20. Gram Panchayat Rampuriyakadwali , Mhow Indore","14-Feb-2024","205054","20-Feb-2024"
"271","Normal/Others","WS/MP103/2023-2024/99363-Purchase of mobile water tankers","Madhya Pradesh","INDORE(DISTRICT COLLECTOR INDORE_IDA)","Dr. Kavita Patidar (2022-28) (2022-2028)","Elected MP","Water tanker 5000 Lts.GI coated with fire fighter pump , tyres 900x20. Gram Panchayat Pipliya, Mhow, Indore","14-Feb-2024","205054","20-Feb-2024"
"272","Normal/Others","WS/MP103/2023-2024/99401-Purchase of mobile water tankers","Madhya Pradesh","INDORE(DISTRICT COLLECTOR INDORE_IDA)","Dr. Kavita Patidar (2022-28) (2022-2028)","Elected MP","Water tanker 5000 Lts.GI coated with fire fighter pump , tyre 900x20. Gram Panchayat  rajpura kuti  JP Mhow District Indore","14-Feb-2024","205054","20-Feb-2024"
"273","Normal/Others","WS/MP103/2023-2024/99403-Purchase of mobile water tankers","Madhya Pradesh","INDORE(DISTRICT COLLECTOR INDORE_IDA)","Dr. Kavita Patidar (2022-28) (2022-2028)","Elected MP","Water tanker 5000 Lts.GI coated with fire fighter pump , tyere 900x20.Gram Panchyat Kulthana.  Mhow Dist. Indore","14-Feb-2024","205054","20-Feb-2024"
"274","Normal/Others","WS/MP103/2023-2024/99409-Purchase of mobile water tankers","Madhya Pradesh","INDORE(DISTRICT COLLECTOR INDORE_IDA)","Dr. Kavita Patidar (2022-28) (2022-2028)","Elected MP","Water tanker 5000 Lts.GI coated with fire fighter pump , tyre 900x20. Gram Panchayat Sonway, Tehsil Rau, Dist. Indore","14-Feb-2024","205054","20-Feb-2024"
"275","Normal/Others","WS/MP103/2023-2024/99412-Purchase of mobile water tankers","Madhya Pradesh","INDORE(DISTRICT COLLECTOR INDORE_IDA)","Dr. Kavita Patidar (2022-28) (2022-2028)","Elected MP","Water tanker 5000 Lts.GI coated with fire fighter pump , tyere 900x20. Gram Panchayat Akawi Teh. Mhow Dist. Indore (MP)","14-Feb-2024","205054","20-Feb-2024"
"276","Normal/Others","WS/MP103/2023-2024/99417-Purchase of mobile water tankers","Madhya Pradesh","INDORE(DISTRICT COLLECTOR INDORE_IDA)","Dr. Kavita Patidar (2022-28) (2022-2028)","Elected MP","Water tanker 5000 Lts.GI coated with fire fighter pump , tyere 900x20. Gram Panchayat Solsinda, Teh. Sawer, Dist. Indore","14-Feb-2024","205054","20-Feb-2024"
"277","Normal/Others","WS/MP103/2024-2025/176721-Purchase of mobile water tankers","Madhya Pradesh","INDORE(DISTRICT COLLECTOR INDORE_IDA)","Dr. Kavita Patidar (2022-28) (2022-2028)","Elected MP","Providing GI Water tanker Capacity 5500 Liter Tyre 900X16  in GP Sitapat JP MHOW District Indore","21-Feb-2025","160761","20-Mar-2025"
"278","Normal/Others","WS/MP103/2024-2025/176722-Purchase of mobile water tankers","Madhya Pradesh","INDORE(DISTRICT COLLECTOR INDORE_IDA)","Dr. Kavita Patidar (2022-28) (2022-2028)","Elected MP","Providing GI Water tanker Capacity 5500 Liter Tyre 900X16  in GP Piplya Malhar JP MHOW District Indore","21-Feb-2025","160761","20-Mar-2025"
"279","Normal/Others","WS/MP103/2024-2025/176723-Purchase of mobile water tankers","Madhya Pradesh","INDORE(DISTRICT COLLECTOR INDORE_IDA)","Dr. Kavita Patidar (2022-28) (2022-2028)","Elected MP","Providing GI Water tanker Capacity 5500 Liter Tyre 900X16  in GP Silotia JP MHOW District Indore","21-Feb-2025","160761","20-Mar-2025"
"280","Normal/Others","WS/MP103/2024-2025/176724-Purchase of mobile water tankers","Madhya Pradesh","INDORE(DISTRICT COLLECTOR INDORE_IDA)","Dr. Kavita Patidar (2022-28) (2022-2028)","Elected MP","Providing GI Water tanker Capacity 5500 Liter Tyre 900X16  in GP Memdi JP MHOW District Indore","21-Feb-2025","160761","20-Mar-2025"
"281","Normal/Others","WS/MP103/2024-2025/176725-Purchase of mobile water tankers","Madhya Pradesh","INDORE(DISTRICT COLLECTOR INDORE_IDA)","Dr. Kavita Patidar (2022-28) (2022-2028)","Elected MP","Providing GI Water tanker Capacity 5500 Liter Tyre 900X16  in GP Jakhu khedi JP MHOW District Indore","21-Feb-2025","160761","20-Mar-2025"
"282","Normal/Others","WS/MP103/2024-2025/176726-Purchase of mobile water tankers","Madhya Pradesh","INDORE(DISTRICT COLLECTOR INDORE_IDA)","Dr. Kavita Patidar (2022-28) (2022-2028)","Elected MP","Providing GI Water tanker Capacity 5500 Liter Tyre 900X16  in GP Neu Guradiya JP MHOW District Indore","21-Feb-2025","160761","20-Mar-2025"
"283","Normal/Others","WS/MP103/2024-2025/176727-Purchase of mobile water tankers","Madhya Pradesh","INDORE(DISTRICT COLLECTOR INDORE_IDA)","Dr. Kavita Patidar (2022-28) (2022-2028)","Elected MP","Providing GI Water tanker Capacity 5500 Liter Tyre 900X16  in GP Panjariya JP MHOW District Indore","21-Feb-2025","160761","20-Mar-2025"
"284","Normal/Others","WS/MP103/2023-2024/27625-Construction of roads, link roads, pathways or any other road with or without drainage system","Madhya Pradesh","INDORE(DISTRICT COLLECTOR INDORE_IDA)","Dr. Kavita Patidar (2022-28) (2022-2028)","Elected MP","Approach Road from Sitalamata Road to Nanuraam House, Janpad Panchyat MHOW Gram Panchayat   Rampuriya Khurd, Distt Indore","27-Sep-2023","999000","17-Jan-2024"
"285","Normal/Others","WS/MP103/2023-2024/34203-Construction of roads, link roads, pathways or any other road with or without drainage system","Madhya Pradesh","INDORE(DISTRICT COLLECTOR INDORE_IDA)","Dr. Kavita Patidar (2022-28) (2022-2028)","Elected MP","Constructions of CC Road at Harijan Basti of Dhrampuri","07-Oct-2023","989050","24-Feb-2024"
"286","Normal/Others","WS/MP103/2023-2024/34204-Construction of roads, link roads, pathways or any other road with or without drainage system","Madhya Pradesh","INDORE(DISTRICT COLLECTOR INDORE_IDA)","Dr. Kavita Patidar (2022-28) (2022-2028)","Elected MP","Const. of CC Road at Village Amlikheda, Harijan Basti Block Sanwer , Indore","07-Oct-2023","989638","24-Feb-2024"
"287","Normal/Others","WS/MP103/2023-2024/34205-Construction of roads, link roads, pathways or any other road with or without drainage system","Madhya Pradesh","INDORE(DISTRICT COLLECTOR INDORE_IDA)","Dr. Kavita Patidar (2022-28) (2022-2028)","Elected MP","Const.of CC Road at Village Kattkya Teh. Sawer Dist Indore","07-Oct-2023","989758","24-Feb-2024"
"288","Normal/Others","WS/MP103/2023-2024/34536-Construction of roads, link roads, pathways or any other road with or without drainage system","Madhya Pradesh","INDORE(DISTRICT COLLECTOR INDORE_IDA)","Dr. Kavita Patidar (2022-28) (2022-2028)","Elected MP","Construction  CC Road at Grampanchayat Bhatkhedi Tehsil Mhow Dist. Indore (MP)","09-Oct-2023","799940","19-Feb-2024"
"289","Normal/Others","WS/MP103/2024-2025/141735-Construction of roads, link roads, pathways or any other road with or without drainage system","Madhya Pradesh","INDORE(DISTRICT COLLECTOR INDORE_IDA)","Dr. Kavita Patidar (2022-28) (2022-2028)","Elected MP","C.C ROAD FROM VISHNUPRASAD JI HOME  INFRONT OF AMBIKA PARISAR TO MANDLESHWAR ROAD , GP GAWALI PALASIYA JANPAD PANCHAYAT D. AMBEDKAR NAGAR MHOW","23-Sep-2024","1000000","06-Nov-2024"
"290","Normal/Others","WS/MP103/2024-2025/147532-Construction of roads, link roads, pathways or any other road with or without drainage system","Madhya Pradesh","INDORE(DISTRICT COLLECTOR INDORE_IDA)","Dr. Kavita Patidar (2022-28) (2022-2028)","Elected MP","CC ROAD FROM SHITLAMATA MANDIR INDIRA AWAS COLONY APPROCH ROAD  TO MUKTIDHAM  GRAM PANCHAYAT AMBA CHANDAN JP DR. AMBEDKAR NAGAR MHOW DIST. INDORE","15-Oct-2024","1500000","06-Nov-2024"
"291","Normal/Others","WS/MP103/2024-2025/143827-Construction of roads, link roads, pathways or any other road with or without drainage system","Madhya Pradesh","INDORE(DISTRICT COLLECTOR INDORE_IDA)","Dr. Kavita Patidar (2022-28) (2022-2028)","Elected MP","Construction C.C.ROAD at Coldstore Road near asharam ji House  to near  Nemichand ji House Gp Jamli JP Mhow","26-Sep-2024","699841","06-Nov-2024"
"292","Normal/Others","WS/MP103/2025-2026/270865-Construction of bus-sheds or bus-stops","Madhya Pradesh","INDORE(DISTRICT COLLECTOR INDORE_IDA)","Dr. Kavita Patidar (2022-28) (2022-2028)","Elected MP","Construction of Bus Stop GI Supported (Yatri Pratikshlay) in Gram Gawali Palasia Tahsil Mhow District Indore","03-Mar-2026","293900","26-Mar-2026"
"293","Normal/Others","WS/MP104/2025-2026/218159-Construction of buildings for community cultural activities","Madhya Pradesh","INDORE(DISTRICT COLLECTOR INDORE_IDA)","Dr. L. Murugan (2024-30) (2024-2030)","Elected MP","Construction of saint Ravidas sanskar kendra near nehru road no.7 in front of building no.10","16-Jul-2025","5000000","28-Nov-2025"
"294","Trust and Society","WS/MP103/2025-2026/180659-Construction of rooms and halls in school and colleges","Madhya Pradesh","INDORE(DISTRICT COLLECTOR INDORE_IDA)","Dr. Kavita Patidar (2022-28) (2022-2028)","Elected MP","Construction of 02 Additional Rooms in School Parisar run by Society Shree Umiya patidar samaj Shaikshanik evam Boudhik Vikas samity in GP Tilllor Khurd JP Indore District  Indore","22-Mar-2025","700000","02-May-2025"
"295","Normal/Others","WS/MP18284/2026-2027/293900-Installing tube-wells and borewells","Madhya Pradesh","INDORE(DISTRICT COLLECTOR INDORE_IDA)","Shri Ashok Singh (2024-30) (2024-2030)","Elected MP","Installing borewells with motor pump and recharge pit work at ward no 10 District Indore","10-Jul-2026","450000","14-Aug-2026"
"296","Normal/Others","WS/MP106/2025-2026/189877-Installing tube-wells and borewells","Madhya Pradesh","INDORE(DISTRICT COLLECTOR INDORE_IDA)","Shri Vivek K. Tankha (2022-28) (2022-2028)","Elected MP","Ek Nag Borewell Khanan, Roop Nagar Gali no.3 main, Ward No.20, Indore","07-Apr-2025","189849","15-Jul-2025"
"297","Normal/Others","WS/MP106/2025-2026/189860-Installing tube-wells and borewells","Madhya Pradesh","INDORE(DISTRICT COLLECTOR INDORE_IDA)","Shri Vivek K. Tankha (2022-28) (2022-2028)","Elected MP","Ek Nag Borewell Khanan, Suraj Nagar Ram Mandir ke Peechhe wali Gali, Ward No.20, Indore","07-Apr-2025","183692","15-Jul-2025"
"298","Normal/Others","WS/MP106/2025-2026/189861-Installing tube-wells and borewells","Madhya Pradesh","INDORE(DISTRICT COLLECTOR INDORE_IDA)","Shri Vivek K. Tankha (2022-28) (2022-2028)","Elected MP","Ek Nag Borewell Khanan, Suraj Nagar Rajput Dharmshala ke pas, Ward No.20, Indore","07-Apr-2025","187626","15-Jul-2025"
"299","Normal/Others","WS/MP106/2024-2025/166539-Installing tube-wells and borewells","Madhya Pradesh","INDORE(DISTRICT COLLECTOR INDORE_IDA)","Shri Vivek K. Tankha (2022-28) (2022-2028)","Elected MP","Ek Borewell Khanan, Ward No.21, Veena Nagar, M Sector, House no. 56 wali Gali ke pas, Indore (Mention in letter no. 3907 at column no. 1)","20-Jan-2025","169988","07-Feb-2025"
"300","Normal/Others","WS/MP106/2024-2025/166540-Installing tube-wells and borewells","Madhya Pradesh","INDORE(DISTRICT COLLECTOR INDORE_IDA)","Shri Vivek K. Tankha (2022-28) (2022-2028)","Elected MP","Ek Borewell Khanan, Ward No.21, Veena Nagar, M Sector, House no. 66 wali Gali ke pas, Indore (Mention in letter no. 3907 at column no. 2)","20-Jan-2025","169232","07-Feb-2025"
"301","Normal/Others","WS/MP106/2024-2025/166541-Installing tube-wells and borewells","Madhya Pradesh","INDORE(DISTRICT COLLECTOR INDORE_IDA)","Shri Vivek K. Tankha (2022-28) (2022-2028)","Elected MP","Ek Borewell Khanan, Ward No.22, Veena Nagar, A Sector,Main Road ke pas, Indore (Mention in letter no. 3907 at column no. 3)","20-Jan-2025","170000","07-Feb-2025"
"302","Normal/Others","WS/MP106/2024-2025/166879-Installing tube-wells and borewells","Madhya Pradesh","INDORE(DISTRICT COLLECTOR INDORE_IDA)","Shri Vivek K. Tankha (2022-28) (2022-2028)","Elected MP","Ek Nag Borewell Khanan, Shayam Nagar ward No.21, ke Kalpna Nagar, Indore (Mention in letter no. 3907 at column no. 4)","20-Jan-2025","168450","07-Feb-2025"
"303","Normal/Others","WS/MP106/2023-2024/84187-Installing tube-wells and borewells","Madhya Pradesh","INDORE(DISTRICT COLLECTOR INDORE_IDA)","Shri Vivek K. Tankha (2022-28) (2022-2028)","Elected MP","Ek nalkup khanan, Motor Pump aur recharge pit ke sath, shyam Nagar Main Ward No.21, Indore (mention in letter no. 3464 in column no.1)","18-Jan-2024","358426","14-Feb-2024"
"304","Normal/Others","WS/MP106/2023-2024/84191-Installing tube-wells and borewells","Madhya Pradesh","INDORE(DISTRICT COLLECTOR INDORE_IDA)","Shri Vivek K. Tankha (2022-28) (2022-2028)","Elected MP","Ek nalkup khanan, Motor Pump aur recharge pit ke sath, Bhagya Laxmi colony Main Ward No.21, Indore (mention in letter no. 3464 in column no.2)","18-Jan-2024","357999","14-Feb-2024"
"305","Normal/Others","WS/MP106/2025-2026/199624-Installing tube-wells and borewells","Madhya Pradesh","INDORE(DISTRICT COLLECTOR INDORE_IDA)","Shri Vivek K. Tankha (2022-28) (2022-2028)","Elected MP","Ek Nag Borewell Khanan, Shyaam Nagar Main Kishore Batham Sahab wali Gali main, Ward no.21, Indore (mention in letter no.4038 at column no.1)","14-May-2025","181587","05-Jun-2025"
"306","Normal/Others","WS/MP106/2025-2026/199625-Installing tube-wells and borewells","Madhya Pradesh","INDORE(DISTRICT COLLECTOR INDORE_IDA)","Shri Vivek K. Tankha (2022-28) (2022-2028)","Elected MP","Ek Nag Borewell Khanan, Shyaam Nagar Main House no.239 ke aaspas, Ward no.21, Indore (mention in letter no.4038 at column no.2)","14-May-2025","179180","05-Jun-2025"
"307","Normal/Others","WS/MP106/2025-2026/199626-Installing tube-wells and borewells","Madhya Pradesh","INDORE(DISTRICT COLLECTOR INDORE_IDA)","Shri Vivek K. Tankha (2022-28) (2022-2028)","Elected MP","Ek Nag Borewell Khanan, Shyaam Nagar Main Mount Carmal School wali Gali main, Ward no.21, Indore (mention in letter no.4038 at column no.3)","14-May-2025","168542","05-Jun-2025"
"308","Normal/Others","WS/MP106/2025-2026/200043-Installing tube-wells and borewells","Madhya Pradesh","INDORE(DISTRICT COLLECTOR INDORE_IDA)","Shri Vivek K. Tankha (2022-28) (2022-2028)","Elected MP","Ek Nag Borewell Khanan, Sector-B, Veena Nagar, Sheetla mata Chowk main, Ward no.22, Indore (mention in letter no.4039 at Column no.1)","15-May-2025","163710","05-Jun-2025"
"309","Normal/Others","WS/MP106/2025-2026/200044-Installing tube-wells and borewells","Madhya Pradesh","INDORE(DISTRICT COLLECTOR INDORE_IDA)","Shri Vivek K. Tankha (2022-28) (2022-2028)","Elected MP","Ek Nag Borewell Khanan, Sector-B, Veena Nagar, Jain Medical ke pas, Ward no.22, Indore (mention in letter no.4039 at Column no.2)","15-May-2025","162571","05-Jun-2025"
"310","Normal/Others","WS/MP106/2025-2026/200045-Installing tube-wells and borewells","Madhya Pradesh","INDORE(DISTRICT COLLECTOR INDORE_IDA)","Shri Vivek K. Tankha (2022-28) (2022-2028)","Elected MP","Ek Nag Borewell Khanan, Sector-A, Veena Nagar, House no.1 ke aaspas, Ward no.22, Indore (mention in letter no.4039 at Column no.3)","15-May-2025","164867","05-Jun-2025"
"311","Normal/Others","WS/MP103/2025-2026/180047-Construction of common work sheds/ common covered sitting area","Madhya Pradesh","INDORE(DISTRICT COLLECTOR INDORE_IDA)","Dr. Kavita Patidar (2022-28) (2022-2028)","Elected MP","Construction of  Common Work Tin Shed  in  Shankar Lakshman Hockey Ground in Mhow Cant Board Area Ward 05  Dr. Abedkar Nagar Mhow District Indore","10-Mar-2025","1000000","17-Apr-2025"
"312","Normal/Others","WS/MP103/2025-2026/180021-Construction of common work sheds/ common covered sitting area","Madhya Pradesh","INDORE(DISTRICT COLLECTOR INDORE_IDA)","Dr. Kavita Patidar (2022-28) (2022-2028)","Elected MP","Construction of  Commen Work Tin  Shed Near Panchyat Bhawan for Public Use  in GP Sindoda JP INDORE District Indore","10-Mar-2025","400000","09-Apr-2025"
"313","Normal/Others","WS/MP103/2023-2024/34529-Construction of additional rooms and halls in the existing public and community building","Madhya Pradesh","INDORE(DISTRICT COLLECTOR INDORE_IDA)","Dr. Kavita Patidar (2022-28) (2022-2028)","Elected MP","construction of additional room in samudaiyk bhawa at JamKhurd tehsil Mhow Distl Indore","09-Oct-2023","500000","19-Feb-2024"
"314","Normal/Others","WS/MP103/2025-2026/247695-Construction of additional rooms and halls in the existing public and community building","Madhya Pradesh","INDORE(DISTRICT COLLECTOR INDORE_IDA)","Dr. Kavita Patidar (2022-28) (2022-2028)","Elected MP","Construction of Additional Room in  existing  Community Building in Ward no.1 Nagar Parishad Manpur  District Indore","19-Nov-2025","889543","31-Mar-2026"
"315","Normal/Others","WS/MP103/2025-2026/209510-Construction of common work sheds/ common covered sitting area","Madhya Pradesh","INDORE(DISTRICT COLLECTOR INDORE_IDA)","Dr. Kavita Patidar (2022-28) (2022-2028)","Elected MP","Construction of Common Tin Shed  and Sitting Area in Muktidham at  Gram Panchayat  Ambachandan JP Mhow District Indore","22-Jun-2025","2000000","31-Jul-2025"
"316","Normal/Others","NA-Crematoriums/energy efficient crematoriums or structures on burial/cremation ground","Madhya Pradesh","INDORE(DISTRICT COLLECTOR INDORE_IDA)","Dr. Kavita Patidar (2022-28) (2022-2028)","Elected MP","Construction of Shamshan Ghat in Gram Panchayat Sherpur JP Mhow District Indore","18-Aug-2026","500000","NA"
"317","Normal/Others","NA-Crematoriums/energy efficient crematoriums or structures on burial/cremation ground","Madhya Pradesh","INDORE(DISTRICT COLLECTOR INDORE_IDA)","Dr. Kavita Patidar (2022-28) (2022-2028)","Elected MP","Construction of Shamshan Ghat in Gram Panchayat Jambujurg JP Mhow District Indore","18-Aug-2026","500000","NA"
"318","Normal/Others","WS/MP103/2025-2026/180018-Crematoriums/energy efficient crematoriums or structures on burial/cremation ground","Madhya Pradesh","INDORE(DISTRICT COLLECTOR INDORE_IDA)","Dr. Kavita Patidar (2022-28) (2022-2028)","Elected MP","Construction of (Shok Bhavan) mourning hall at the crematorium (Shamshan Ghat) For Public Convenience in GP Sonyay JP MHOW District Indore","10-Mar-2025","400000","13-May-2025"
"319","Normal/Others","WS/MP103/2023-2024/34180-Construction of community centers and community halls","Madhya Pradesh","INDORE(DISTRICT COLLECTOR INDORE_IDA)","Dr. Kavita Patidar (2022-28) (2022-2028)","Elected MP","Const. Work of Samudayik bhawan at Ward NO 01 Manpur","07-Oct-2023","1148700","07-Mar-2024"
"320","Normal/Others","WS/MP103/2023-2024/31332-Construction of community centers and community halls","Madhya Pradesh","INDORE(DISTRICT COLLECTOR INDORE_IDA)","Dr. Kavita Patidar (2022-28) (2022-2028)","Elected MP","Construction of Community center in  Indira Avas Colony (Harijan Basti), Gram Ambachandan, Mhow district Indore","04-Oct-2023","1599999","19-Feb-2024"
"321","Normal/Others","WS/MP103/2023-2024/34530-Construction of community centers and community halls","Madhya Pradesh","INDORE(DISTRICT COLLECTOR INDORE_IDA)","Dr. Kavita Patidar (2022-28) (2022-2028)","Elected MP","Construction of Samudayik Bhawan  at Village Khurdi Teh.Mhow Dist. Indore","09-Oct-2023","1169664","06-Mar-2024"
"322","Normal/Others","WS/MP103/2023-2024/34739-Construction of community centers and community halls","Madhya Pradesh","INDORE(DISTRICT COLLECTOR INDORE_IDA)","Dr. Kavita Patidar (2022-28) (2022-2028)","Elected MP","Construction of Community Building  in front of aganwadi and panchayat Bhawan in gram Panchayat Machla JP Indore district Indore","09-Oct-2023","500000","28-Feb-2024"
"323","Normal/Others","WS/MP106/2023-2024/9773-Construction of community centers and community halls","Madhya Pradesh","INDORE(DISTRICT COLLECTOR INDORE_IDA)","Shri Vivek K. Tankha (2022-28) (2022-2028)","Elected MP","Construction of Community centre at gram panchayat/nagar panchayat chander at village chander, Vidhansabha Depalpur, district Indore","15-Aug-2023","494754","06-Oct-2023"
"324","Normal/Others","WS/MP103/2025-2026/270867-Crematoriums/energy efficient crematoriums or structures on burial/cremation ground","Madhya Pradesh","INDORE(DISTRICT COLLECTOR INDORE_IDA)","Dr. Kavita Patidar (2022-28) (2022-2028)","Elected MP","Construction of Shamshan Ghat (Vishram Ghat) in Gram Panod JP Sanwer  District Indore","03-Mar-2026","500000","31-Mar-2026"
"325","Normal/Others","WS/MP103/2025-2026/272105-Crematoriums/energy efficient crematoriums or structures on burial/cremation ground","Madhya Pradesh","INDORE(DISTRICT COLLECTOR INDORE_IDA)","Dr. Kavita Patidar (2022-28) (2022-2028)","Elected MP","construction of Shamshan Ghat with  common covered sitting area in Janapav Kuti  Gram Panchayat Rajpura Kuti JP Mhow District Indore","03-Mar-2026","885000","26-Mar-2026"
"326","Normal/Others","WS/MP103/2025-2026/272106-Crematoriums/energy efficient crematoriums or structures on burial/cremation ground","Madhya Pradesh","INDORE(DISTRICT COLLECTOR INDORE_IDA)","Dr. Kavita Patidar (2022-28) (2022-2028)","Elected MP","construction of Shamshan Ghat with  common covered sitting area in Gram Panchayat Phafund JP Mhow District Indore","03-Mar-2026","885000","26-Mar-2026"
"327","Normal/Others","WS/MP103/2025-2026/262269-Crematoriums/energy efficient crematoriums or structures on burial/cremation ground","Madhya Pradesh","INDORE(DISTRICT COLLECTOR INDORE_IDA)","Dr. Kavita Patidar (2022-28) (2022-2028)","Elected MP","construction of Crematoriums structures (Shamshan Ghat  ) and Shed with Sitting Area  in gram Mawala Khedi gram Panchayat Baghana JP Sanwer District Indore","28-Jan-2026","885000","26-Mar-2026"
"328","Normal/Others","WS/MP103/2025-2026/262277-Crematoriums/energy efficient crematoriums or structures on burial/cremation ground","Madhya Pradesh","INDORE(DISTRICT COLLECTOR INDORE_IDA)","Dr. Kavita Patidar (2022-28) (2022-2028)","Elected MP","construction of Crematoriums structures (Shamshan Ghat ) in gram Rampipalya JP Sanwer District Indore","28-Jan-2026","500000","26-Mar-2026"
"329","Normal/Others","WS/MP103/2025-2026/262278-Crematoriums/energy efficient crematoriums or structures on burial/cremation ground","Madhya Pradesh","INDORE(DISTRICT COLLECTOR INDORE_IDA)","Dr. Kavita Patidar (2022-28) (2022-2028)","Elected MP","construction of Crematoriums structures (Shamshan Ghat ) in gram Baloda Takun JP Sanwer District Indore","28-Jan-2026","500000","26-Mar-2026"
"330","Normal/Others","WS/MP103/2025-2026/262279-Crematoriums/energy efficient crematoriums or structures on burial/cremation ground","Madhya Pradesh","INDORE(DISTRICT COLLECTOR INDORE_IDA)","Dr. Kavita Patidar (2022-28) (2022-2028)","Elected MP","construction of Crematoriums structures (Shamshan Ghat ) in gram  Dhan Khedi P Sanwer District Indore","28-Jan-2026","500000","26-Mar-2026"
"331","Normal/Others","WS/MP103/2025-2026/262280-Crematoriums/energy efficient crematoriums or structures on burial/cremation ground","Madhya Pradesh","INDORE(DISTRICT COLLECTOR INDORE_IDA)","Dr. Kavita Patidar (2022-28) (2022-2028)","Elected MP","construction of Crematoriums structures (Shamshan Ghat ) in gram  Kayasth Khedi JP Sanwer District Indore","28-Jan-2026","500000","26-Mar-2026"
"332","Normal/Others","WS/MP103/2025-2026/262281-Crematoriums/energy efficient crematoriums or structures on burial/cremation ground","Madhya Pradesh","INDORE(DISTRICT COLLECTOR INDORE_IDA)","Dr. Kavita Patidar (2022-28) (2022-2028)","Elected MP","construction of Crematoriums structures (Shamshan Ghat ) in gram  Bajrang Paliya JP Sanwer District Indore","28-Jan-2026","500000","26-Mar-2026"
"333","Normal/Others","WS/MP103/2025-2026/258012-Crematoriums/energy efficient crematoriums or structures on burial/cremation ground","Madhya Pradesh","INDORE(DISTRICT COLLECTOR INDORE_IDA)","Dr. Kavita Patidar (2022-28) (2022-2028)","Elected MP","construction of Crematoriums structures on cremation ground (Shamshan Ghat with Shed) and common covered Shed with sitting area in Gram Panchayat Rampuriya Khurd  JP Mhow District Indore","28-Jan-2026","885000","31-Mar-2026"
"334","Normal/Others","WS/MP103/2025-2026/258016-Crematoriums/energy efficient crematoriums or structures on burial/cremation ground","Madhya Pradesh","INDORE(DISTRICT COLLECTOR INDORE_IDA)","Dr. Kavita Patidar (2022-28) (2022-2028)","Elected MP","construction of Crematoriums structures on cremation ground (Shamshan Ghat) in gram Kesarbardi  JP Mhow District Indore","28-Jan-2026","500000","26-Mar-2026"
"335","Normal/Others","WS/MP103/2025-2026/258017-Crematoriums/energy efficient crematoriums or structures on burial/cremation ground","Madhya Pradesh","INDORE(DISTRICT COLLECTOR INDORE_IDA)","Dr. Kavita Patidar (2022-28) (2022-2028)","Elected MP","construction of Crematoriums structures on cremation ground (Shamshan Ghat) in gram Panjariya JP Mhow District Indore","28-Jan-2026","500000","26-Mar-2026"
"336","Normal/Others","WS/MP103/2025-2026/258018-Crematoriums/energy efficient crematoriums or structures on burial/cremation ground","Madhya Pradesh","INDORE(DISTRICT COLLECTOR INDORE_IDA)","Dr. Kavita Patidar (2022-28) (2022-2028)","Elected MP","construction of Crematoriums structures on cremation ground (Shamshan Ghat) in gram Choral JP Mhow District Indore","28-Jan-2026","500000","26-Mar-2026"
"337","Normal/Others","WS/MP103/2025-2026/258019-Crematoriums/energy efficient crematoriums or structures on burial/cremation ground","Madhya Pradesh","INDORE(DISTRICT COLLECTOR INDORE_IDA)","Dr. Kavita Patidar (2022-28) (2022-2028)","Elected MP","construction of Crematoriums structures on cremation ground (Shamshan Ghat) in gram Gangliya Khedi  JP Mhow District Indore","28-Jan-2026","500000","26-Mar-2026"
"338","Normal/Others","WS/MP103/2025-2026/258020-Crematoriums/energy efficient crematoriums or structures on burial/cremation ground","Madhya Pradesh","INDORE(DISTRICT COLLECTOR INDORE_IDA)","Dr. Kavita Patidar (2022-28) (2022-2028)","Elected MP","construction of Crematoriums structures on cremation ground (Shamshan Ghat) in gram Dongargaon JP Mhow District Indore","28-Jan-2026","500000","26-Mar-2026"
"339","Normal/Others","WS/MP103/2025-2026/258021-Crematoriums/energy efficient crematoriums or structures on burial/cremation ground","Madhya Pradesh","INDORE(DISTRICT COLLECTOR INDORE_IDA)","Dr. Kavita Patidar (2022-28) (2022-2028)","Elected MP","construction of Crematoriums structures on cremation ground (Shamshan Ghat) in gram Kalikirai JP Mhow District Indore","28-Jan-2026","500000","26-Mar-2026"
"340","Normal/Others","WS/MP103/2025-2026/258022-Crematoriums/energy efficient crematoriums or structures on burial/cremation ground","Madhya Pradesh","INDORE(DISTRICT COLLECTOR INDORE_IDA)","Dr. Kavita Patidar (2022-28) (2022-2028)","Elected MP","construction of Crematoriums structures on cremation ground (Shamshan Ghat) in gram Chhapriya JP Mhow District Indore","28-Jan-2026","500000","26-Mar-2026"
"341","Normal/Others","WS/MP103/2025-2026/258023-Crematoriums/energy efficient crematoriums or structures on burial/cremation ground","Madhya Pradesh","INDORE(DISTRICT COLLECTOR INDORE_IDA)","Dr. Kavita Patidar (2022-28) (2022-2028)","Elected MP","construction of Crematoriums structures on cremation ground (Shamshan Ghat) in gram Khurdi JP Mhow District Indore","28-Jan-2026","500000","26-Mar-2026"
"342","Normal/Others","WS/MP103/2025-2026/258024-Crematoriums/energy efficient crematoriums or structures on burial/cremation ground","Madhya Pradesh","INDORE(DISTRICT COLLECTOR INDORE_IDA)","Dr. Kavita Patidar (2022-28) (2022-2028)","Elected MP","construction of Crematoriums structures on cremation ground (Shamshan Ghat) in gram Kulthana JP Mhow District Indore","28-Jan-2026","500000","26-Mar-2026"
"343","Normal/Others","WS/MP103/2023-2024/113698-Lighting of public spaces","Madhya Pradesh","INDORE(DISTRICT COLLECTOR INDORE_IDA)","Dr. Kavita Patidar (2022-28) (2022-2028)","Elected MP","Solar High brid LED High Mast (Solar Street Light in ) 24 watt X4 No. 7 Meter Pole  Sthapna in Gram Panchayat Pigdamber Mhow  District Indore","24-Feb-2024","476112","15-Mar-2024"
"344","Normal/Others","WS/MP103/2023-2024/113699-Lighting of public spaces","Madhya Pradesh","INDORE(DISTRICT COLLECTOR INDORE_IDA)","Dr. Kavita Patidar (2022-28) (2022-2028)","Elected MP","Solar High brid LED High Mast (Solar Street Light in ) 24 watt X4 No. 7 Meter Pole Sthapna in Gram Panchayat Khurdi Mhow District Indore","24-Feb-2024","476112","15-Mar-2024"
"345","Normal/Others","WS/MP103/2023-2024/113700-Lighting of public spaces","Madhya Pradesh","INDORE(DISTRICT COLLECTOR INDORE_IDA)","Dr. Kavita Patidar (2022-28) (2022-2028)","Elected MP","Solar High brid LED High Mast (Solar Street Light in ) 24 watt X4 No. 7 Meter Pole  Sthapna in  GP Gawali Palasya  Mhow District Indore","24-Feb-2024","476112","15-Mar-2024"
"346","Normal/Others","WS/MP103/2023-2024/113701-Lighting of public spaces","Madhya Pradesh","INDORE(DISTRICT COLLECTOR INDORE_IDA)","Dr. Kavita Patidar (2022-28) (2022-2028)","Elected MP","Solar High brid LED High Mast (Solar Street Light in ) 24 watt X4 No. 7 Meter Pole Sthapna in G P  Sihod Mhow District Indore","24-Feb-2024","476112","15-Mar-2024"
"347","Normal/Others","WS/MP103/2023-2024/113702-Lighting of public spaces","Madhya Pradesh","INDORE(DISTRICT COLLECTOR INDORE_IDA)","Dr. Kavita Patidar (2022-28) (2022-2028)","Elected MP","Solar High brid LED High Mast (Solar Street Light in ) 24 watt X4 No. 7 Meter Pole Sthapna in G P  kodriya Mhow District Indore","24-Feb-2024","476112","15-Mar-2024"
"348","Normal/Others","WS/MP103/2023-2024/113703-Lighting of public spaces","Madhya Pradesh","INDORE(DISTRICT COLLECTOR INDORE_IDA)","Dr. Kavita Patidar (2022-28) (2022-2028)","Elected MP","Solar High brid LED High Mast (Solar Street Light in ) 24 watt X4 No. 7 Meter Pole Sthapna in G P  Datoda  Mhow District Indore","24-Feb-2024","476112","15-Mar-2024"
"349","Normal/Others","WS/MP103/2023-2024/113704-Lighting of public spaces","Madhya Pradesh","INDORE(DISTRICT COLLECTOR INDORE_IDA)","Dr. Kavita Patidar (2022-28) (2022-2028)","Elected MP","Solar High brid LED High Mast (Solar Street Light in ) 24 watt X4 No. 7 Meter Pole Sthapna in G P  Bhatkhedi Mhow District Indore","24-Feb-2024","476112","15-Mar-2024"
"350","Normal/Others","WS/MP103/2023-2024/113705-Lighting of public spaces","Madhya Pradesh","INDORE(DISTRICT COLLECTOR INDORE_IDA)","Dr. Kavita Patidar (2022-28) (2022-2028)","Elected MP","Solar High brid LED High Mast (Solar Street Light in ) 24 watt X4 No. 7 Meter Pole Sthapna in G P Simrol  Mhow District Indore","24-Feb-2024","476112","15-Mar-2024"
"351","Normal/Others","WS/MP103/2023-2024/113706-Lighting of public spaces","Madhya Pradesh","INDORE(DISTRICT COLLECTOR INDORE_IDA)","Dr. Kavita Patidar (2022-28) (2022-2028)","Elected MP","Solar High brid LED High Mast (Solar Street Light in ) 24 watt X4 No. 7 Meter Pole Sthapna in G P  Amba chandan Mhow District Indore","24-Feb-2024","476112","15-Mar-2024"
"352","Normal/Others","WS/MP103/2023-2024/113707-Lighting of public spaces","Madhya Pradesh","INDORE(DISTRICT COLLECTOR INDORE_IDA)","Dr. Kavita Patidar (2022-28) (2022-2028)","Elected MP","Solar High brid LED High Mast (Solar Street Light in ) 24 watt X4 No. 7 Meter Pole Sthapna in N P  Manpur  ward-  Mhow District Indore","24-Feb-2024","476112","15-Mar-2024"
"353","Normal/Others","WS/MP107/2025-2026/108001-Lighting of public spaces","Madhya Pradesh","JABALPUR(DISTRICT COLLECTOR JABALPUR_IDA)","Smt. Sumitra Balmik (2022-28) (2022-2028)","Elected MP","Provision of lighting in Saket dham  dharmshala bhatoli","18-Feb-2024","100000","02-Feb-2026"
"354","Normal/Others","WS/MP107/2024-2025/90558-Setting up public non-conventional energy plants","Madhya Pradesh","JABALPUR(DISTRICT COLLECTOR JABALPUR_IDA)","Smt. Sumitra Balmik (2022-28) (2022-2028)","Elected MP","Setting Up of Solar Light in Jabalpur Garment Cluster","28-Jan-2024","248629","03-Jan-2025"
"355","Normal/Others","WS/MP107/2024-2025/141292-Purchase Books for Library","Madhya Pradesh","JABALPUR(DISTRICT COLLECTOR JABALPUR_IDA)","Smt. Sumitra Balmik (2022-28) (2022-2028)","Elected MP","Lab Building Construction of Saraswati Institute of Engineering & Technology Tripuri Ward Jabalpur","27-Sep-2024","2000000","24-Feb-2025"
"356","Normal/Others","WS/MP106/2026-2027/259673-Crematoriums/energy efficient crematoriums or structures on burial/cremation ground","Madhya Pradesh","JABALPUR(DISTRICT COLLECTOR JABALPUR_IDA)","Shri Vivek K. Tankha (2022-28) (2022-2028)","Elected MP","Gram Panchayat Luhari, Janpad Panchayat Patan ke gram Luhari sthit Shantidham me Shed nirman, Jabalpur","18-Jan-2026","500000","27-May-2026"
"357","Normal/Others","WS/MP106/2026-2027/259588-Crematoriums/energy efficient crematoriums or structures on burial/cremation ground","Madhya Pradesh","JABALPUR(DISTRICT COLLECTOR JABALPUR_IDA)","Shri Vivek K. Tankha (2022-28) (2022-2028)","Elected MP","Gram Kadeli, Gram Panchayat Gathaura, Janpad Panchayat Majholi ke Shantidham ke maidan evam chabutara ke charo aor Paver Block Lagane hetu, Jabalpur","17-Jan-2026","600000","14-Apr-2026"
"358","Normal/Others","WS/MP106/2025-2026/256924-Crematoriums/energy efficient crematoriums or structures on burial/cremation ground","Madhya Pradesh","JABALPUR(DISTRICT COLLECTOR JABALPUR_IDA)","Shri Vivek K. Tankha (2022-28) (2022-2028)","Elected MP","Gram Panchayat Nagna, Janpad Panchayat Panagar ke Gram Kheri me sthit Shamshan Ghat me Shed evam Chabutara nirman hetu, Jabalpur","03-Jan-2026","400000","03-Feb-2026"
"359","Normal/Others","WS/MP106/2025-2026/256928-Crematoriums/energy efficient crematoriums or structures on burial/cremation ground","Madhya Pradesh","JABALPUR(DISTRICT COLLECTOR JABALPUR_IDA)","Shri Vivek K. Tankha (2022-28) (2022-2028)","Elected MP","Gram Panchayat Nagna, Janpad Panchayat Panagar ke gram Harduwa me Shantidham me shed evam Chabutra nirman hetu, Jabalpur","03-Jan-2026","500000","03-Feb-2026"
"360","Normal/Others","WS/MP106/2025-2026/240646-Crematoriums/energy efficient crematoriums or structures on burial/cremation ground","Madhya Pradesh","JABALPUR(DISTRICT COLLECTOR JABALPUR_IDA)","Shri Vivek K. Tankha (2022-28) (2022-2028)","Elected MP","Gram Panchayat Dundi, Janpad Panchayat Patan ke gram Dundi main Shantidham nirman, Jabalpur","07-Oct-2025","600000","12-Nov-2025"
"361","Normal/Others","WS/MP106/2025-2026/228976-Crematoriums/energy efficient crematoriums or structures on burial/cremation ground","Madhya Pradesh","JABALPUR(DISTRICT COLLECTOR JABALPUR_IDA)","Shri Vivek K. Tankha (2022-28) (2022-2028)","Elected MP","Gram Panchayat Pondi Khurd, janpad Panchayat Patan ke gram pondi Khurd main Shantidham main Paver Block Lagane hetu, Jabalpur","25-Aug-2025","500000","29-Sep-2025"
"362","Normal/Others","WS/MP106/2025-2026/227382-Crematoriums/energy efficient crematoriums or structures on burial/cremation ground","Madhya Pradesh","JABALPUR(DISTRICT COLLECTOR JABALPUR_IDA)","Shri Vivek K. Tankha (2022-28) (2022-2028)","Elected MP","Gram Panchayat Surtalai, Janpad Panchayat Panagar ke Gram Bihariya main Sthit Shamshan Ghat main Shed nirman hetu, Jabalpur","16-Aug-2025","400000","29-Sep-2025"
"363","Normal/Others","WS/MP106/2025-2026/227383-Crematoriums/energy efficient crematoriums or structures on burial/cremation ground","Madhya Pradesh","JABALPUR(DISTRICT COLLECTOR JABALPUR_IDA)","Shri Vivek K. Tankha (2022-28) (2022-2028)","Elected MP","Gram Benikheda, Gram Panchayat Benikheda, Janpad Panchayat Patan main Shantidham main Boundrywall nirman hetu, Jabalpur","16-Aug-2025","500000","29-Sep-2025"
"364","Normal/Others","WS/MP106/2025-2026/213109-Crematoriums/energy efficient crematoriums or structures on burial/cremation ground","Madhya Pradesh","JABALPUR(DISTRICT COLLECTOR JABALPUR_IDA)","Shri Vivek K. Tankha (2022-28) (2022-2028)","Elected MP","Gram Deori, Gram Panchayat Deori (Sahajpura), Janpad Panchayat Majholi main Shantidham ki Boundrywall nirman hetu, Jabalpur","27-Jun-2025","650000","13-Aug-2025"
"365","Normal/Others","WS/MP106/2024-2025/132772-Crematoriums/energy efficient crematoriums or structures on burial/cremation ground","Madhya Pradesh","JABALPUR(DISTRICT COLLECTOR JABALPUR_IDA)","Shri Vivek K. Tankha (2022-28) (2022-2028)","Elected MP","Gram Panchayat Archha, Janpad Panchayat Patan ke Gram Archha main Shamshan Ghat evam Shamshan Bhat par dhacha nirman, District Jabalpur","08-Jul-2024","750000","14-Aug-2024"
"366","Normal/Others","WS/MP106/2026-2027/276357-Crematoriums/energy efficient crematoriums or structures on burial/cremation ground","Madhya Pradesh","JABALPUR(DISTRICT COLLECTOR JABALPUR_IDA)","Shri Vivek K. Tankha (2022-28) (2022-2028)","Elected MP","Gram Panchayat Nagna, Janpad Panchayat Panagar ke gram Nagna me shantidham me Shed evam Chabutra nirman kary, Jabalpur","27-Mar-2026","500000","21-Jul-2026"
"367","Normal/Others","WS/MP106/2026-2027/266888-Crematoriums/energy efficient crematoriums or structures on burial/cremation ground","Madhya Pradesh","JABALPUR(DISTRICT COLLECTOR JABALPUR_IDA)","Shri Vivek K. Tankha (2022-28) (2022-2028)","Elected MP","Gram panchayat Surtalai, Janpad panchayat Panagar ke gram Surtalai me Shamshan Samandhi Dahshala aur Structure ka nirman, Jabalpur","07-Feb-2026","300000","27-May-2026"
"368","Normal/Others","WS/MP106/2026-2027/266830-Crematoriums/energy efficient crematoriums or structures on burial/cremation ground","Madhya Pradesh","JABALPUR(DISTRICT COLLECTOR JABALPUR_IDA)","Shri Vivek K. Tankha (2022-28) (2022-2028)","Elected MP","Gram panchayat Dundi, Janpad Panchayat Patan ke gram Dundi me Sthit Shantidham me Fancing evam Paver Block kary hetu, Jabalpur","06-Feb-2026","500000","27-May-2026"
"369","Normal/Others","NA-Crematoriums/energy efficient crematoriums or structures on burial/cremation ground","Madhya Pradesh","JABALPUR(DISTRICT COLLECTOR JABALPUR_IDA)","Shri Vivek K. Tankha (2022-28) (2022-2028)","Elected MP","Gram Panchayat Gathaura, Janpad Panchayat Majholi ke gram Poniya me sthit Shantidham me Paver Block Lagane hetu, Jabalpur","12-Jul-2026","600000","NA"
"370","Normal/Others","NA-Crematoriums/energy efficient crematoriums or structures on burial/cremation ground","Madhya Pradesh","JABALPUR(DISTRICT COLLECTOR JABALPUR_IDA)","Shri Vivek K. Tankha (2022-28) (2022-2028)","Elected MP","Gram Panchayat Gathaura, Janpad Panchayat Majholi ke gram Poniya me sthit Shantidham me Paver Block Lagane hetu, Jabalpur","12-Jul-2026","500000","NA"
"371","Normal/Others","WS/MP106/2026-2027/287123-Crematoriums/energy efficient crematoriums or structures on burial/cremation ground","Madhya Pradesh","JABALPUR(DISTRICT COLLECTOR JABALPUR_IDA)","Shri Vivek K. Tankha (2022-28) (2022-2028)","Elected MP","Gram Panchayat Urduwakalan, Janpad Panchayat Panagar sthit Shantidham me Paver Block lagane hetu, Jabalpur","19-Jun-2026","500000","21-Jul-2026"
"372","Normal/Others","WS/MP106/2026-2027/287466-Crematoriums/energy efficient crematoriums or structures on burial/cremation ground","Madhya Pradesh","JABALPUR(DISTRICT COLLECTOR JABALPUR_IDA)","Shri Vivek K. Tankha (2022-28) (2022-2028)","Elected MP","Gram Panchayat Pondi Khurd, Janpad Pachayat Patan ke gram Pondi me Shantidham nirman hetu, Jabalpur","19-Jun-2026","500000","21-Jul-2026"
"373","Normal/Others","WS/MP106/2026-2027/286626-Crematoriums/energy efficient crematoriums or structures on burial/cremation ground","Madhya Pradesh","JABALPUR(DISTRICT COLLECTOR JABALPUR_IDA)","Shri Vivek K. Tankha (2022-28) (2022-2028)","Elected MP","Gram Panchayat Gandhiganj, Janpad Panchayat Majholi sthit Muktidham me Paver Block Lagane hetu, Jabalpur","18-Jun-2026","500000","21-Jul-2026"
"374","Normal/Others","WS/MP106/2026-2027/276718-Crematoriums/energy efficient crematoriums or structures on burial/cremation ground","Madhya Pradesh","JABALPUR(DISTRICT COLLECTOR JABALPUR_IDA)","Shri Vivek K. Tankha (2022-28) (2022-2028)","Elected MP","Gram Panchayat Surtalai, Janpad Panchayat Panagar ke gram Raiyakheda me shantidham me Shed evam Chabutra nirman kary, Jabalpur","30-Mar-2026","500000","21-Jul-2026"
"375","Normal/Others","WS/MP106/2025-2026/244218-Construction of community centers and community halls","Madhya Pradesh","JABALPUR(DISTRICT COLLECTOR JABALPUR_IDA)","Shri Vivek K. Tankha (2022-28) (2022-2028)","Elected MP","Gram Panchayat Hinotiya (Barha), Tehsil Barela, Janpad Panchayat Jabalpur ke gram Hinotiya main Sanskratik Gatividhiyon hetu Samudayik Bhawan nirman, Jabalpur","27-Oct-2025","500000","09-Mar-2026"
"376","Normal/Others","NA-Construction of community centers and community halls","Madhya Pradesh","JABALPUR(DISTRICT COLLECTOR JABALPUR_IDA)","Shri Vivek K. Tankha (2022-28) (2022-2028)","Elected MP","Gram Panchayat Rimjha, Janpad Panchayat Patan ke gram Singori me Shaskiya Bhumi par Sanskratik Gatividhiyon ke liye samudayik Bhawan nirman, Jabalpur","16-Jul-2026","1000000","NA"
"377","Normal/Others","NA-Construction of community centers and community halls","Madhya Pradesh","JABALPUR(DISTRICT COLLECTOR JABALPUR_IDA)","Shri Vivek K. Tankha (2022-28) (2022-2028)","Elected MP","Gram Panchayat Khulri, Janpad Panchayat Shahpura ke gram Khulri me Gram Panchayat Bhawan ke pas Sanskrtik Gatividhiyon hetu Samudayik bhawan nirman, Jabalpur","17-Jul-2026","300000","NA"
"378","Normal/Others","NA-Construction of community centers and community halls","Madhya Pradesh","JABALPUR(DISTRICT COLLECTOR JABALPUR_IDA)","Shri Vivek K. Tankha (2022-28) (2022-2028)","Elected MP","Gram Panchayat Kaladehi, Janpad Panchayat Jabalpur ke gram Kaladehi me (Halka no.50 Khasra no.130) me Sanskratik Gatividhiyon hetu Samudayik Bhawan nirman , Jabalpur","12-Jul-2026","500000","NA"
"379","Normal/Others","NA-Construction of community centers and community halls","Madhya Pradesh","JABALPUR(DISTRICT COLLECTOR JABALPUR_IDA)","Shri Vivek K. Tankha (2022-28) (2022-2028)","Elected MP","Thakkar Gram Ward no.50 ke antargat Kilkari Garden me Samudayik Bhawan nirman, Jabalpur (mention in letter no.4373 at column no.1)","19-Jun-2026","1000000","NA"
"380","Normal/Others","NA-Construction of community centers and community halls","Madhya Pradesh","JABALPUR(DISTRICT COLLECTOR JABALPUR_IDA)","Shri Vivek K. Tankha (2022-28) (2022-2028)","Elected MP","Thakkar Gram ward no.50 ke antargat Kilkari Garden me Samudayik Bhawan nirman, Jabalpur (Mention in letter no.4388 at column no.1)","20-Jun-2026","1000000","NA"
"381","Normal/Others","WS/MP106/2023-2024/19294-Construction of community centers and community halls","Madhya Pradesh","JABALPUR(DISTRICT COLLECTOR JABALPUR_IDA)","Shri Vivek K. Tankha (2022-28) (2022-2028)","Elected MP","Gram panchayat Pahadi kheda, Janpad Panchayat Jabalpur ke gram Pahadi kheda me Shala bhavan ke pas Samudayik Bhavan Nirman, Vidhan Sabha Panagar, District Jabalpur","12-Sep-2023","300000","06-Oct-2023"
"382","Normal/Others","WS/MP106/2025-2026/3182-Construction of community centers and community halls","Madhya Pradesh","JABALPUR(DISTRICT COLLECTOR JABALPUR_IDA)","Shri Vivek K. Tankha (2022-28) (2022-2028)","Elected MP","Seth Govind Das ward me Balmiki Samaj ke Jarjar Samudayik Bhavan ke Punah nirman hetu, Vidhansabha Purv Jabalpur, District Jabalpur M.P.","11-Jul-2023","1000000","29-Jan-2026"
"383","Normal/Others","WS/MP106/2024-2025/1625-Construction of community centers and community halls","Madhya Pradesh","JABALPUR(DISTRICT COLLECTOR JABALPUR_IDA)","Shri Vivek K. Tankha (2022-28) (2022-2028)","Elected MP","Gram panchayat Saliwada Devdwar, Janpad Pachayat Jabalpur ke Saliwada Devdwar main Samudayik Bhavan nirman kary, vidhansabah Bargi, District Jabalpur (letter no. 2997 at Column no.2)","25-Jun-2023","400000","02-Jul-2024"
"384","Normal/Others","WS/MP106/2025-2026/1628-Construction of community centers and community halls","Madhya Pradesh","JABALPUR(DISTRICT COLLECTOR JABALPUR_IDA)","Shri Vivek K. Tankha (2022-28) (2022-2028)","Elected MP","Radhakrishnan ward me Chopda Kuan ke pas Samudayik Bhavan nirman kary, Vidhan sabha poorv, District Jabalpur (letter no. 2999/23 at column no.1)","25-Jun-2023","500000","30-Jan-2026"
"385","Normal/Others","WS/MP106/2023-2024/1518-Construction of community centers and community halls","Madhya Pradesh","JABALPUR(DISTRICT COLLECTOR JABALPUR_IDA)","Shri Vivek K. Tankha (2022-28) (2022-2028)","Elected MP","Samudayik bhavan nirman kary, Gram Madna, Gram Panchayat Imalia (Tikari) Janpad Panchayat Panagar, Vidhan Sabha Panagar, District Jabalpur","23-Jun-2023","300000","05-Oct-2023"
"386","Normal/Others","WS/MP106/2025-2026/206958-Construction of community centers and community halls","Madhya Pradesh","JABALPUR(DISTRICT COLLECTOR JABALPUR_IDA)","Shri Vivek K. Tankha (2022-28) (2022-2028)","Elected MP","Gram Panchayat Mahagawan (Dunga), Janpad Panchayat Jabalpur ke Gram Kuteli Main Sanskratik Gatividhiyon ke liye Samudayik Bhawan ka Nirman, District Jabalpur","06-Jun-2025","250000","10-Sep-2025"
"387","Normal/Others","WS/MP107/2026-2027/215576-Construction of community centers and community halls","Madhya Pradesh","JABALPUR(DISTRICT COLLECTOR JABALPUR_IDA)","Smt. Sumitra Balmik (2022-28) (2022-2028)","Elected MP","Rangmanch construction work near Sai Mandir  Ranjhi SAF Ambedkar Ward Ranjhi Cantt Jabalpur","08-Jul-2025","180000","10-Apr-2026"
"388","Normal/Others","WS/MP107/2025-2026/163603-Construction of community centers and community halls","Madhya Pradesh","JABALPUR(DISTRICT COLLECTOR JABALPUR_IDA)","Smt. Sumitra Balmik (2022-28) (2022-2028)","Elected MP","Additional construction work in community building near Umaghat, Gwarighat, Jabalpur","13-Jan-2025","230336","11-Nov-2025"
"389","Normal/Others","WS/MP106/2025-2026/174839-Construction of community centers and community halls","Madhya Pradesh","JABALPUR(DISTRICT COLLECTOR JABALPUR_IDA)","Shri Vivek K. Tankha (2022-28) (2022-2028)","Elected MP","Gram Lamheti, Gram panchayat Nanhakheda, janpad Panchayat Jabalpur main Trishul Bhed Sthan ke pass Samudayik Bhawan Nirman, Jabalpur","10-Feb-2025","500000","20-May-2025"
"390","Normal/Others","WS/MP107/2025-2026/236645-Construction of community centers and community halls","Madhya Pradesh","JABALPUR(DISTRICT COLLECTOR JABALPUR_IDA)","Smt. Sumitra Balmik (2022-28) (2022-2028)","Elected MP","Rangmanch construction work Belbag At Maharishi Arvind Ward Ghamapur Jabalpur","06-Oct-2025","231000","27-Jan-2026"
"391","Normal/Others","WS/MP106/2025-2026/227377-Construction of community centers and community halls","Madhya Pradesh","JABALPUR(DISTRICT COLLECTOR JABALPUR_IDA)","Shri Vivek K. Tankha (2022-28) (2022-2028)","Elected MP","Radhakrishnan ward me chopra kuan ke pas samudayik bhawan me atirikt nirman, Jabalpur","16-Aug-2025","500000","31-Jan-2026"
"392","Normal/Others","WS/MP106/2025-2026/227378-Construction of community centers and community halls","Madhya Pradesh","JABALPUR(DISTRICT COLLECTOR JABALPUR_IDA)","Shri Vivek K. Tankha (2022-28) (2022-2028)","Elected MP","Maharshi Arvind ward main Belbagh Toriya ke pas Samudayik Bhawan main atirikt nirman hetu, District Jabalpur","16-Aug-2025","500000","31-Jan-2026"
"393","Normal/Others","WS/MP106/2025-2026/227380-Construction of community centers and community halls","Madhya Pradesh","JABALPUR(DISTRICT COLLECTOR JABALPUR_IDA)","Shri Vivek K. Tankha (2022-28) (2022-2028)","Elected MP","Khermai ward main Khatik Samaj ke Samudayik Bhawan main atirikt nirman hetu, District Jabalpur","16-Aug-2025","500000","31-Jan-2026"
"394","Normal/Others","WS/MP107/2025-2026/233739-Construction of community centers and community halls","Madhya Pradesh","JABALPUR(DISTRICT COLLECTOR JABALPUR_IDA)","Smt. Sumitra Balmik (2022-28) (2022-2028)","Elected MP","Rangmanch  work in Toria near police station, Maharishi Arvind Ward Ghampaur Jabalpur","18-Sep-2025","223000","29-Jan-2026"
"395","Normal/Others","WS/MP107/2025-2026/233738-Construction of common work sheds/ common covered sitting area","Madhya Pradesh","JABALPUR(DISTRICT COLLECTOR JABALPUR_IDA)","Smt. Sumitra Balmik (2022-28) (2022-2028)","Elected MP","Shed construction work Gram Panchayat Sukha","18-Sep-2025","1000000","29-Sep-2025"
"396","Normal/Others","WS/MP106/2025-2026/206254-Crematoriums/energy efficient crematoriums or structures on burial/cremation ground","Madhya Pradesh","JABALPUR(DISTRICT COLLECTOR JABALPUR_IDA)","Shri Vivek K. Tankha (2022-28) (2022-2028)","Elected MP","Gram Panchayat Ganj Khamariya, Janpad Panchayat Patan ke gram Ganj Khamariya main Shantidham nirman hetu, District Jabalpur","03-Jun-2025","300000","04-Dec-2025"
"397","Normal/Others","WS/MP106/2025-2026/206954-Crematoriums/energy efficient crematoriums or structures on burial/cremation ground","Madhya Pradesh","JABALPUR(DISTRICT COLLECTOR JABALPUR_IDA)","Shri Vivek K. Tankha (2022-28) (2022-2028)","Elected MP","Gram Panchayat Badhaiya Kheda, Janpad Panchayat Jabalpur ke Gram Khihrani main Shaskiya Bhumi ke Khasra No.191 Main Shamshan ghat evam Teen Shed nirman, District Jabalpur","06-Jun-2025","500000","08-Sep-2025"
"398","Normal/Others","NA-Crematoriums/energy efficient crematoriums or structures on burial/cremation ground","Madhya Pradesh","JABALPUR(DISTRICT COLLECTOR JABALPUR_IDA)","Shri Vivek K. Tankha (2022-28) (2022-2028)","Elected MP","Gram Panchayat Belkhedi, Janpad Panchayat Shahpura-Bhitoni ke gram Belkhedi main Shantidham nirman hetu, District Jabalpur","03-Jun-2025","300000","NA"
"399","Normal/Others","WS/MP106/2025-2026/205966-Crematoriums/energy efficient crematoriums or structures on burial/cremation ground","Madhya Pradesh","JABALPUR(DISTRICT COLLECTOR JABALPUR_IDA)","Shri Vivek K. Tankha (2022-28) (2022-2028)","Elected MP","Gram Panchayat Khinni, Janpad Panchayat Majholi ke Gram Kethra main Shantidham me Paver Block evam Shed Nirman kary, District Jabalpur","02-Jun-2025","750000","27-Jul-2025"
"400","Normal/Others","NA-Construction of additional rooms and halls in the existing public and community building","Madhya Pradesh","JABALPUR(DISTRICT COLLECTOR JABALPUR_IDA)","Shri Vivek K. Tankha (2022-28) (2022-2028)","Elected MP","Jila Adhivakta Sangh Jabalpur me Jila Nyayalaya Prangan prisar me Mahila Adhivakta ke liye bhawan aur Shouchalaya ka nirman hetu, Jabalpur","11-Mar-2026","1000000","NA"
"401","Normal/Others","WS/MP107/2025-2026/236646-Construction of additional rooms and halls in the existing public and community building","Madhya Pradesh","JABALPUR(DISTRICT COLLECTOR JABALPUR_IDA)","Smt. Sumitra Balmik (2022-28) (2022-2028)","Elected MP","Additional room construction work, Viklang Seva Bharti, Jabalpur","06-Oct-2025","230000","27-Jan-2026"
"402","Normal/Others","NA-Construction of additional rooms and halls in the existing public and community building","Madhya Pradesh","JABALPUR(DISTRICT COLLECTOR JABALPUR_IDA)","Shri Vivek K. Tankha (2022-28) (2022-2028)","Elected MP","Jila Adhivakta Sangh Jabalpur me Jila Nyayalaya prangan parisar me Adhivaktaon hetu kaksh nirman, Jabalpur","30-Mar-2026","1000000","NA"
"403","Normal/Others","NA-Construction of additional rooms and halls in the existing public and community building","Madhya Pradesh","JABALPUR(DISTRICT COLLECTOR JABALPUR_IDA)","Shri Vivek K. Tankha (2022-28) (2022-2028)","Elected MP","George Disilwa ward no.12 me sthit Kori Lehangere Tantuway Samaj registerd no. JJ4927 ki samajik dharmshala me pratham tal par Rooms nirman, Jabalpur","18-Jun-2026","300000","NA"
"404","Normal/Others","NA-Construction of additional rooms and halls in the existing public and community building","Madhya Pradesh","JABALPUR(DISTRICT COLLECTOR JABALPUR_IDA)","Shri Vivek K. Tankha (2022-28) (2022-2028)","Elected MP","Sheetlamai Ward no.45 ke antargat Kuchbandhiya mohalla kshetra sthit Samudayik Bhawan ke upar atirikt hall ke nirman hetu, Jabalpur (mention in letter no.4373 at column no.2)","19-Jun-2026","500000","NA"
"405","Normal/Others","WS/MP106/2024-2025/1521-Construction of additional rooms and halls in the existing public and community building","Madhya Pradesh","JABALPUR(DISTRICT COLLECTOR JABALPUR_IDA)","Shri Vivek K. Tankha (2022-28) (2022-2028)","Elected MP","Sanyukt Rajak Samaj Sabha (Reg. no. 25664) Gwarighat sthit Dharm Shala main Kaksh nirman hetu, Vidhan Sabha Pashchim, District Jabalpur","23-Jun-2023","250000","12-Sep-2024"
"406","Normal/Others","WS/MP106/2024-2025/21252-Construction of common work sheds/ common covered sitting area","Madhya Pradesh","JABALPUR(DISTRICT COLLECTOR JABALPUR_IDA)","Shri Vivek K. Tankha (2022-28) (2022-2028)","Elected MP","Gram panchayat Kaladehi, Janpad Panchayat Jabalpur ke gram Kaladehi main Teen Shade nirman kary, Vidhan Sabha Bargi, District Jabalpur (mention in letter no. 3249 at Colomn no.2)","15-Sep-2023","500000","14-Aug-2024"
"407","Normal/Others","WS/MP107/2025-2026/184192-Construction of additional rooms and halls in the existing public and community building","Madhya Pradesh","JABALPUR(DISTRICT COLLECTOR JABALPUR_IDA)","Smt. Sumitra Balmik (2022-28) (2022-2028)","Elected MP","Additional construction work in community hall at Umaghat near Gwarighat ward Jabalpur","23-Mar-2025","235000","02-Feb-2026"
"408","Normal/Others","WS/MP106/2026-2027/183632-Construction of additional rooms and halls in the existing public and community building","Madhya Pradesh","JABALPUR(DISTRICT COLLECTOR JABALPUR_IDA)","Shri Vivek K. Tankha (2022-28) (2022-2028)","Elected MP","Sarvbhom Bramhan Seva Ashram Nyas (Panjiyan No.437) naya ward no.73 Ranjhi Jabalpur sthit Bhwan main Atirikt Kaksh Nirman.","18-Mar-2025","500000","10-Apr-2026"
"409","Normal/Others","NA-Construction of common work sheds/ common covered sitting area","Madhya Pradesh","JABALPUR(DISTRICT COLLECTOR JABALPUR_IDA)","Shri Vivek K. Tankha (2022-28) (2022-2028)","Elected MP","Nagar Parishad Katangi ward no.3, (Prem Nagar) sthit Khermai Mandir ke pas Shaskiya bhumi par Shed nirman, Jabalpur","18-Jun-2026","150000","NA"
"410","Normal/Others","WS/MP107/2025-2026/158677-Construction of common work sheds/ common covered sitting area","Madhya Pradesh","JABALPUR(DISTRICT COLLECTOR JABALPUR_IDA)","Smt. Sumitra Balmik (2022-28) (2022-2028)","Elected MP","Shed construction work at Ranital Sports Complex, Kasturba Gandhi Ward, Jabalpur.","14-Dec-2024","230115","01-Feb-2026"
"411","Normal/Others","WS/MP106/2025-2026/168107-Construction of common work sheds/ common covered sitting area","Madhya Pradesh","JABALPUR(DISTRICT COLLECTOR JABALPUR_IDA)","Shri Vivek K. Tankha (2022-28) (2022-2028)","Elected MP","Rangmanch Nirman, Khermai ke pas Anna Nagar, Madan Mahal Ward no. 15 main District Jabalpur","22-Jan-2025","224431","25-Aug-2025"
"412","Normal/Others","WS/MP107/2025-2026/132971-Construction of common work sheds/ common covered sitting area","Madhya Pradesh","JABALPUR(DISTRICT COLLECTOR JABALPUR_IDA)","Smt. Sumitra Balmik (2022-28) (2022-2028)","Elected MP","Construction of Shed in front of Ranital Khel Parisar","04-Jul-2024","235786","24-Apr-2025"
"413","Normal/Others","WS/MP107/2024-2025/132972-Construction of common work sheds/ common covered sitting area","Madhya Pradesh","JABALPUR(DISTRICT COLLECTOR JABALPUR_IDA)","Smt. Sumitra Balmik (2022-28) (2022-2028)","Elected MP","Construction of Shed in front of Ranital Khel Parisar - Hockey Stadium","04-Jul-2024","235992","11-Mar-2025"
"414","Normal/Others","WS/MP107/2024-2025/132973-Construction of common work sheds/ common covered sitting area","Madhya Pradesh","JABALPUR(DISTRICT COLLECTOR JABALPUR_IDA)","Smt. Sumitra Balmik (2022-28) (2022-2028)","Elected MP","Construction of Shed in front of Ranital Khel Parisar - Kho Kho Stadium","04-Jul-2024","235810","11-Mar-2025"
"415","Normal/Others","NA-Installing tube-wells and borewells","Madhya Pradesh","JABALPUR(DISTRICT COLLECTOR JABALPUR_IDA)","Shri Vivek K. Tankha (2022-28) (2022-2028)","Elected MP","Ek Nag Borewell Khanan, Kasturba Gandhi Ward no.20, Ujar Purva main, District Jabalpur (Mention in letter no.4072 at column no.2)","06-Jun-2025","120000","NA"
"416","Normal/Others","WS/MP106/2026-2027/205972-Installing tube-wells and borewells","Madhya Pradesh","JABALPUR(DISTRICT COLLECTOR JABALPUR_IDA)","Shri Vivek K. Tankha (2022-28) (2022-2028)","Elected MP","Ek Nag Borewell Khanan, Gram Panchayat Sakra, Tehsil Patan ke Gram Sakra Main Ward No.7 Swati Yadav ke Ghar ke samne, Jabalpur","02-Jun-2025","120000","21-Jul-2026"
"417","Normal/Others","WS/MP106/2026-2027/276508-Installing hand pumps","Madhya Pradesh","JABALPUR(DISTRICT COLLECTOR JABALPUR_IDA)","Shri Vivek K. Tankha (2022-28) (2022-2028)","Elected MP","Ek Handpump khanan, Gram Panchayat Lamkana, Janpad Panchayat Majholi me ram Mandir kea pas Sarvjanik Sthal par, Jabalpur (mention in letter no.4317 at column no.1)","28-Mar-2026","125000","14-Jul-2026"
"418","Normal/Others","WS/MP106/2026-2027/276509-Installing hand pumps","Madhya Pradesh","JABALPUR(DISTRICT COLLECTOR JABALPUR_IDA)","Shri Vivek K. Tankha (2022-28) (2022-2028)","Elected MP","Ek Handpump khanan, Gram Panchayat Lamkana, Janpad Panchayat Majholi Sthith Shantidham me, Jabalpur (mention in letter no.4317 at column no.2)","28-Mar-2026","125000","14-Jul-2026"
"419","Normal/Others","WS/MP106/2025-2026/1632-Installing tube-wells and borewells","Madhya Pradesh","JABALPUR(DISTRICT COLLECTOR JABALPUR_IDA)","Shri Vivek K. Tankha (2022-28) (2022-2028)","Elected MP","1 nag Nalkup Khanan, Naya ward no. 76, Pariyat Jabalpur, Vidhan Sabha Panagar, District Jabalpur","25-Jun-2023","123000","29-Jan-2026"
"420","Normal/Others","WS/MP106/2023-2024/1636-Installing tube-wells and borewells","Madhya Pradesh","JABALPUR(DISTRICT COLLECTOR JABALPUR_IDA)","Shri Vivek K. Tankha (2022-28) (2022-2028)","Elected MP","Installation of tubewell including 1000 leter of water tank with 2HP pump at gram panchayat kakarhata, janpad panchayat patan at Nahandevi colony vidhansabha Patan, District jabalpur","25-Jun-2023","152914","05-Oct-2023"
"421","Normal/Others","WS/MP106/2025-2026/189891-Purchase of prosthetics, wheel chairs, tricycles (manual or motorized), elect scooties, hearing aids","Madhya Pradesh","JABALPUR(DISTRICT COLLECTOR JABALPUR_IDA)","Shri Vivek K. Tankha (2022-28) (2022-2028)","Elected MP","Shaban Mansoori Asthibadhit Viklang hetu Bettary Chalit 3 Chake wala Scooter TVS Model Qube-09 with RTO and Registration Fee, Mo. Abdul Kalam Azaad Ward - Ward No.36, Jabalpur","07-Apr-2025","121676","20-Jun-2025"
"422","Normal/Others","WS/MP107/2025-2026/192452-Installing tube-wells and borewells","Madhya Pradesh","JABALPUR(DISTRICT COLLECTOR JABALPUR_IDA)","Smt. Sumitra Balmik (2022-28) (2022-2028)","Elected MP","Tube well mining work Gandhi vyayam Shala  Ranjhi Ambedkar Ward","25-Apr-2025","150000","02-Feb-2026"
"423","Normal/Others","WS/MP107/2025-2026/192453-Installing tube-wells and borewells","Madhya Pradesh","JABALPUR(DISTRICT COLLECTOR JABALPUR_IDA)","Smt. Sumitra Balmik (2022-28) (2022-2028)","Elected MP","Tube well mining work Purani Basti Jhanda chowk  Ranjhi Ambedkar Ward","25-Apr-2025","150000","02-Feb-2026"
"424","Normal/Others","WS/MP106/2025-2026/180812-Installing tube-wells and borewells","Madhya Pradesh","JABALPUR(DISTRICT COLLECTOR JABALPUR_IDA)","Shri Vivek K. Tankha (2022-28) (2022-2028)","Elected MP","Gram Panchayt Kuda, Janpad Panchyat patan ke gram Mahanda Mankwara Aadiwasi Tola main Siddh Baba ke pas, Jabalpur","10-Mar-2025","120000","27-May-2025"
"425","Normal/Others","WS/MP106/2025-2026/174995-Installing tube-wells and borewells","Madhya Pradesh","JABALPUR(DISTRICT COLLECTOR JABALPUR_IDA)","Shri Vivek K. Tankha (2022-28) (2022-2028)","Elected MP","Gram Panchayat Padariya, janpad Panchayat Majholi main ward no. 1 main 27 meel para main Goshala ke pass, Vidhansabha Patan, Jabalpur","11-Feb-2025","120000","04-Sep-2025"
"426","Normal/Others","WS/MP106/2025-2026/150900-Installing tube-wells and borewells","Madhya Pradesh","JABALPUR(DISTRICT COLLECTOR JABALPUR_IDA)","Shri Vivek K. Tankha (2022-28) (2022-2028)","Elected MP","1 nag Borewell Khanan, Shaheed Ashfaak Ullah Khan Ward no.59 main Bahadurganj ke Maidan main, Mandi Madar Tekri, Jabalpur","05-Nov-2024","120000","02-Feb-2026"
"427","Normal/Others","WS/MP106/2025-2026/150903-Installing tube-wells and borewells","Madhya Pradesh","JABALPUR(DISTRICT COLLECTOR JABALPUR_IDA)","Shri Vivek K. Tankha (2022-28) (2022-2028)","Elected MP","1 nag Borewell Khanan, Lokmanya Bal Gangadhar Tilak Ward no.23 main Naya Mohalla main, Jabalpur","05-Nov-2024","120000","02-Feb-2026"
"428","Normal/Others","WS/MP106/2025-2026/150905-Installing tube-wells and borewells","Madhya Pradesh","JABALPUR(DISTRICT COLLECTOR JABALPUR_IDA)","Shri Vivek K. Tankha (2022-28) (2022-2028)","Elected MP","1 nag Borewell Khanan, Chitranjan Das Ward no.39 main Ahmad Nagar main Irfan Ke ghar ke pas, Jabalpur","05-Nov-2024","120000","02-Feb-2026"
"429","Normal/Others","WS/MP106/2025-2026/154256-Installing tube-wells and borewells","Madhya Pradesh","JABALPUR(DISTRICT COLLECTOR JABALPUR_IDA)","Shri Vivek K. Tankha (2022-28) (2022-2028)","Elected MP","Ek Borewell Khanan, Subhadra Kumar Chouhan Ward no.32, Rajeev Gandhi Awas Building ke pas, District Jabalpur","23-Nov-2024","120000","02-Feb-2026"
"430","Normal/Others","WS/MP106/2025-2026/154258-Installing tube-wells and borewells","Madhya Pradesh","JABALPUR(DISTRICT COLLECTOR JABALPUR_IDA)","Shri Vivek K. Tankha (2022-28) (2022-2028)","Elected MP","Ek Borewell Khanan, Garha Ward no.1, Fool Sagar main Sarvajanik Vyayam Shala main, District Jabalpur","23-Nov-2024","120000","02-Feb-2026"
"431","Normal/Others","WS/MP106/2025-2026/155215-Installing tube-wells and borewells","Madhya Pradesh","JABALPUR(DISTRICT COLLECTOR JABALPUR_IDA)","Shri Vivek K. Tankha (2022-28) (2022-2028)","Elected MP","Ek Borewell Khanan, Bhawni Prasad Tiwari Ward no. 34, Naya Mohalla main, District Jabalpur","26-Nov-2024","120000","02-Feb-2026"
"432","Normal/Others","WS/MP106/2025-2026/155220-Installing tube-wells and borewells","Madhya Pradesh","JABALPUR(DISTRICT COLLECTOR JABALPUR_IDA)","Shri Vivek K. Tankha (2022-28) (2022-2028)","Elected MP","Ek Borewell Khanan, Naya Ward (Shaheed Birsa Munda) Ward no. 75 main Maharajpur ke Aaspas, District Jabalpur","26-Nov-2024","120000","02-Feb-2026"
"433","Normal/Others","WS/MP106/2025-2026/155221-Installing tube-wells and borewells","Madhya Pradesh","JABALPUR(DISTRICT COLLECTOR JABALPUR_IDA)","Shri Vivek K. Tankha (2022-28) (2022-2028)","Elected MP","Ek Borewell Khanan, Gokalpur Ward no. 68 main Uday Nagar ke pas, District Jabalpur","26-Nov-2024","120000","02-Feb-2026"
"434","Normal/Others","WS/MP106/2025-2026/155222-Installing tube-wells and borewells","Madhya Pradesh","JABALPUR(DISTRICT COLLECTOR JABALPUR_IDA)","Shri Vivek K. Tankha (2022-28) (2022-2028)","Elected MP","Ek Borewell Khanan, Molana Abul kalam Ward no. 36 main Bariyatale main, District Jabalpur","26-Nov-2024","120000","02-Feb-2026"
"435","Normal/Others","WS/MP106/2025-2026/168105-Installing tube-wells and borewells","Madhya Pradesh","JABALPUR(DISTRICT COLLECTOR JABALPUR_IDA)","Shri Vivek K. Tankha (2022-28) (2022-2028)","Elected MP","Ek Nag Nalkup khanan, Banarsi Das Bhanot ward no.13, Rajak Mohalla main, Jabalpur","22-Jan-2025","120000","02-Feb-2026"
"436","Normal/Others","WS/MP106/2026-2027/287073-Installing tube-wells and borewells","Madhya Pradesh","JABALPUR(DISTRICT COLLECTOR JABALPUR_IDA)","Shri Vivek K. Tankha (2022-28) (2022-2028)","Elected MP","Ek nag Borewell khanan, Paat Baba Hanuman mandir ke pas sarvjanik sthan par, ward no.79 GCF me, Jabalpur","19-Jun-2026","200000","28-Jul-2026"
"437","Normal/Others","WS/MP106/2025-2026/122855-Installing tube-wells and borewells","Madhya Pradesh","JABALPUR(DISTRICT COLLECTOR JABALPUR_IDA)","Shri Vivek K. Tankha (2022-28) (2022-2028)","Elected MP","Ek nag Borewell Khanan, Gate no.4, Patel Mohalla, Subhadra Kumar Chouhan Ward no.32 main Sukku Patel Bade ke pas, Jabalpur","07-Mar-2024","120000","02-Feb-2026"
"438","Normal/Others","WS/MP106/2025-2026/115376-Installing tube-wells and borewells","Madhya Pradesh","JABALPUR(DISTRICT COLLECTOR JABALPUR_IDA)","Shri Vivek K. Tankha (2022-28) (2022-2028)","Elected MP","Ek nag Borewell khanan, Sanjay Nagar, Shaheed Bhagat Singh ward no. 63 main Shiv Yadav ke Ghar ke samne, Ranjhi, Jabalpur (mention in letter no. 3511 at column no.1)","26-Feb-2024","120000","02-Feb-2026"
"439","Normal/Others","WS/MP106/2025-2026/115378-Installing tube-wells and borewells","Madhya Pradesh","JABALPUR(DISTRICT COLLECTOR JABALPUR_IDA)","Shri Vivek K. Tankha (2022-28) (2022-2028)","Elected MP","Ek nag Borewell khanan, Shaheed Bhagat Singh ward no. 63 main Badku ka bada Durga aata Chhakki ke pas, Ranjhi, Jabalpur (mention in letter no. 3511 at column no.2)","26-Feb-2024","120000","02-Feb-2026"
"440","Normal/Others","WS/MP106/2026-2027/275518-Installing tube-wells and borewells","Madhya Pradesh","JABALPUR(DISTRICT COLLECTOR JABALPUR_IDA)","Shri Vivek K. Tankha (2022-28) (2022-2028)","Elected MP","Ek nag Borewell Khanan, Cantt ward no.8, Sanjay Ghandhi Nagar me, Cantt, Sadar, Jabalpur","23-Mar-2026","291696","21-Jul-2026"
"441","Normal/Others","NA-Installing tube-wells and borewells","Madhya Pradesh","JABALPUR(DISTRICT COLLECTOR JABALPUR_IDA)","Shri Vivek K. Tankha (2022-28) (2022-2028)","Elected MP","Ek nag Borewell Khanan, motor Pump sahit, Gau Bachhara ghat ke pas, Gram Panchayat Hirapur Banda, Janpad Panchayat Shahpura-Bhitoni, Jabalplur","13-Apr-2026","120000","NA"
"442","Normal/Others","NA-Installing tube-wells and borewells","Madhya Pradesh","JABALPUR(DISTRICT COLLECTOR JABALPUR_IDA)","Shri Vivek K. Tankha (2022-28) (2022-2028)","Elected MP","Ek Nag Borewell Khanan, Motor Pump Sahit, ward no.3 Kudan me Nagar Parishad Katangi, Jabalpur","13-Apr-2026","120000","NA"
"443","Normal/Others","NA-Installing tube-wells and borewells","Madhya Pradesh","JABALPUR(DISTRICT COLLECTOR JABALPUR_IDA)","Shri Vivek K. Tankha (2022-28) (2022-2028)","Elected MP","Ek Borewell khanan, Gram Panchayat Talad, Janpad Panchayat Majholi, Jabalpur","28-Mar-2026","125000","NA"
"444","Normal/Others","NA-Installing tube-wells and borewells","Madhya Pradesh","JABALPUR(DISTRICT COLLECTOR JABALPUR_IDA)","Shri Vivek K. Tankha (2022-28) (2022-2028)","Elected MP","Ek Borewell khanan, Gram Panchayat Khudawal, Janpad Panchayat Majholi ke Gram Khudawal me Saheed ke samrak ke pas, Jabalpur","28-Mar-2026","125000","NA"
"445","Normal/Others","WS/MP106/2026-2027/276511-Purchase of mobile water tankers","Madhya Pradesh","JABALPUR(DISTRICT COLLECTOR JABALPUR_IDA)","Shri Vivek K. Tankha (2022-28) (2022-2028)","Elected MP","Ek nag Water Tanker 5500 Liter Capacity 900X16 number ke naye Tyre Tube sahit, Gram Panchayat Junwani Kalan, Janpad Panchayat Sihora, Jabalpur","28-Mar-2026","159212","15-Jun-2026"
"446","Normal/Others","WS/MP106/2026-2027/276512-Purchase of mobile water tankers","Madhya Pradesh","JABALPUR(DISTRICT COLLECTOR JABALPUR_IDA)","Shri Vivek K. Tankha (2022-28) (2022-2028)","Elected MP","Ek nag Water Tanker 5500 Liter Capacity 900X16 number ke naye Tyre Tube sahit, Gram Panchayat Amarpur, Janpad Panchayat Patan ke gram Amarpur hetu, Jabalpur","28-Mar-2026","159212","15-Jun-2026"
"447","Normal/Others","WS/MP106/2026-2027/276515-Purchase of mobile water tankers","Madhya Pradesh","JABALPUR(DISTRICT COLLECTOR JABALPUR_IDA)","Shri Vivek K. Tankha (2022-28) (2022-2028)","Elected MP","Ek nag Water Tanker 5500 Liter Capacity 900X16 number ke naye Tyre Tube sahit, Gram Pahadikheda, Gram Panchayat Pahadi Kheda, Janpad Panchayat Jabalpur, Jabalpur","28-Mar-2026","159212","15-Jun-2026"
"448","Normal/Others","WS/MP106/2026-2027/276517-Purchase of mobile water tankers","Madhya Pradesh","JABALPUR(DISTRICT COLLECTOR JABALPUR_IDA)","Shri Vivek K. Tankha (2022-28) (2022-2028)","Elected MP","Ek nag Water Tanker 5500 Liter Capacity 900X16 number ke naye Tyre Tube sahit, Gram Panchayat Sakra, Janpad Panchayat Patan, Jabalpur hetu","28-Mar-2026","159212","15-Jun-2026"
"449","Normal/Others","WS/MP106/2026-2027/276519-Purchase of mobile water tankers","Madhya Pradesh","JABALPUR(DISTRICT COLLECTOR JABALPUR_IDA)","Shri Vivek K. Tankha (2022-28) (2022-2028)","Elected MP","Ek nag Water Tanker 5500 Liter Capacity 900X16 number ke naye Tyre Tube sahit, Gram Panchayat Kusli (Rasuiya), Janpad Panchayat Patan, Jabalpur hetu","28-Mar-2026","159212","15-Jun-2026"
"450","Normal/Others","WS/MP106/2026-2027/276521-Purchase of mobile water tankers","Madhya Pradesh","JABALPUR(DISTRICT COLLECTOR JABALPUR_IDA)","Shri Vivek K. Tankha (2022-28) (2022-2028)","Elected MP","Ek nag Water Tanker 5500 Liter Capacity 900X16 number ke naye Tyre Tube sahit, Gram Panchayat Bamhani Barela ke gram Bhidkitola, Janpad Panchayat Jabalpur, Jabalpur hetu","28-Mar-2026","159212","15-Jun-2026"
"451","Normal/Others","WS/MP106/2026-2027/273525-Purchase of mobile water tankers","Madhya Pradesh","JABALPUR(DISTRICT COLLECTOR JABALPUR_IDA)","Shri Vivek K. Tankha (2022-28) (2022-2028)","Elected MP","Ek nag water Tanker 5500 Liter kshmat 900X16 number ke naye Tyre Tube sahit, Gram Guleda, Gram Panchayat Guleda, Janpad Panchayat Panagar hetu, Jabalpur","10-Mar-2026","159212","15-Jun-2026"
"452","Normal/Others","WS/MP106/2026-2027/276358-Purchase of mobile water tankers","Madhya Pradesh","JABALPUR(DISTRICT COLLECTOR JABALPUR_IDA)","Shri Vivek K. Tankha (2022-28) (2022-2028)","Elected MP","Ek Nag Water Tanker 5500 Liter kshamta 900X16 number ke naye Tyre Tube Sahit, Gram Mohla, Gram Panchayat Mohla, Janpad Panchayat Majholi hetu, Jabalpur","27-Mar-2026","159212","15-Jun-2026"
"453","Normal/Others","WS/MP106/2026-2027/274614-Purchase of mobile water tankers","Madhya Pradesh","JABALPUR(DISTRICT COLLECTOR JABALPUR_IDA)","Shri Vivek K. Tankha (2022-28) (2022-2028)","Elected MP","Ek nag Water Tanker 5500 liter Kshamta 900X16 number ke naye tyre tube sahit, Gram Thana, Gram panchayat Thana, Janpad Panchayat Patan hetu, Jabalpur","16-Mar-2026","159212","15-Jun-2026"
"454","Normal/Others","NA-Purchase of mobile water tankers","Madhya Pradesh","JABALPUR(DISTRICT COLLECTOR JABALPUR_IDA)","Shri Vivek K. Tankha (2022-28) (2022-2028)","Elected MP","Ek GI Water Tanker with Sprinkler System and Sefty Norms 8213, Capacity 5500 Liter with 900X16 Number ke Naye Tyre Tube, Gram Panchayat Tikariya Naveen, Janpad Panchayat Sihora, Jabalpur","21-Jul-2026","165850","NA"
"455","Normal/Others","NA-Purchase of mobile water tankers","Madhya Pradesh","JABALPUR(DISTRICT COLLECTOR JABALPUR_IDA)","Shri Vivek K. Tankha (2022-28) (2022-2028)","Elected MP","Ek GI Water Tanker with Sprinkler System and Sefty Norms 8213, Capacity 5500 Liter with 900X16 Number ke Naye Tyre Tube, Gram Panchayat Ghughari Kala, Janpad Panchayat Sihora, Jabalpur","21-Jul-2026","165850","NA"
"456","Normal/Others","NA-Purchase of mobile water tankers","Madhya Pradesh","JABALPUR(DISTRICT COLLECTOR JABALPUR_IDA)","Shri Vivek K. Tankha (2022-28) (2022-2028)","Elected MP","Ek GI Water Tanker with Sprinkler System and Sefty Norms 8213, Capacity 5500 Liter with 900X16 Number ke Naye Tyre Tube, Gram Panchayat Singaldeep, Janpad Panchayat Panagar hetu, Jabalpur","21-Jul-2026","165850","NA"
"457","Normal/Others","NA-Purchase of mobile water tankers","Madhya Pradesh","JABALPUR(DISTRICT COLLECTOR JABALPUR_IDA)","Shri Vivek K. Tankha (2022-28) (2022-2028)","Elected MP","Ek GI Water Tanker with Sprinkler System and Sefty Norms 8213, Capacity 5500 Liter with 900X16 Number ke Naye Tyre Tube, Gram Purwa, Gram Panchayat Deori Patpara, Janpad Panchayat Barela hetu, Jabalpur (mention in letter 4417 at column no.2)","21-Jul-2026","165850","NA"
"458","Normal/Others","NA-Purchase of mobile water tankers","Madhya Pradesh","JABALPUR(DISTRICT COLLECTOR JABALPUR_IDA)","Shri Vivek K. Tankha (2022-28) (2022-2028)","Elected MP","Ek GI Water Tanker with Sprinkler System and Sefty Norms 8213, Capacity 5500 Liter with 900X16 Number ke Naye Tyre Tube, Gram Purwa, Gram Panchayat Deori Patpara, Janpad Panchayat Barela hetu, Jabalpur (mention in letter 4417 at column no.2)","21-Jul-2026","165850","NA"
"459","Normal/Others","NA-Purchase of mobile water tankers","Madhya Pradesh","JABALPUR(DISTRICT COLLECTOR JABALPUR_IDA)","Shri Vivek K. Tankha (2022-28) (2022-2028)","Elected MP","Ek GI Water Tanker with Sprinkler System and Sefty Norms 8213, Capacity 5500 Liter with 900X16 Number ke Naye Tyre Tube, Gram Kiwlari, Gram Panchayat Tikariya Purani, Janpad Panchayat Sihora hetu, Jabalpur (mention in letter no.4418 at column no.1)","21-Jul-2026","165850","NA"
"460","Normal/Others","NA-Purchase of mobile water tankers","Madhya Pradesh","JABALPUR(DISTRICT COLLECTOR JABALPUR_IDA)","Shri Vivek K. Tankha (2022-28) (2022-2028)","Elected MP","Ek GI Water Tanker with Sprinkler System and Sefty Norms 8213, Capacity 5500 Liter with 900X16 Number ke Naye Tyre Tube, Gram Panchayat Kukuri Kheda, Janpad Panchayat Jabalpur hetu, Jabalpur (mention in letter no.4418 at column no.2)","21-Jul-2026","165850","NA"
"461","Normal/Others","NA-Purchase of mobile water tankers","Madhya Pradesh","JABALPUR(DISTRICT COLLECTOR JABALPUR_IDA)","Shri Vivek K. Tankha (2022-28) (2022-2028)","Elected MP","Ek GI Water Tanker with Sprinkler System and Sefty Norms 8213, Capacity 5500 Liter with 900X16 Number ke Naye Tyre Tube, Gram Panchayat Kushli, Janpad Panchayat Shahpura-Bhitoni hetu, Jabalpur (mention in letter no.4419 at column no.1)","21-Jul-2026","165850","NA"
"462","Normal/Others","NA-Purchase of mobile water tankers","Madhya Pradesh","JABALPUR(DISTRICT COLLECTOR JABALPUR_IDA)","Shri Vivek K. Tankha (2022-28) (2022-2028)","Elected MP","Ek GI Water Tanker with Sprinkler System and Sefty Norms 8213, Capacity 5500 Liter with 900X16 Number ke Naye Tyre Tube, Gram Panchayat Mankendi, Janpad Panchayat Shahpura-Bhitoni hetu, Jabalpur (mention in letter no.4419 at column no.2)","21-Jul-2026","165850","NA"
"463","Normal/Others","NA-Purchase of mobile water tankers","Madhya Pradesh","JABALPUR(DISTRICT COLLECTOR JABALPUR_IDA)","Shri Vivek K. Tankha (2022-28) (2022-2028)","Elected MP","Ek GI Water Tanker with Sprinkler System and Sefty Norms 8213, Capacity 5500 Liter with 900X16 Number ke Naye Tyre Tube, Gram Panchayat Gosalpur, Janpad Panchayat Sihora hetu, Jabalpur (mention in letter no.4420 at column no.1)","21-Jul-2026","165850","NA"
"464","Normal/Others","NA-Purchase of mobile water tankers","Madhya Pradesh","JABALPUR(DISTRICT COLLECTOR JABALPUR_IDA)","Shri Vivek K. Tankha (2022-28) (2022-2028)","Elected MP","Ek GI Water Tanker with Sprinkler System and Sefty Norms 8213, Capacity 5500 Liter with 900X16 Number ke Naye Tyre Tube, Gram Panchayat Kurro, Janpad Panchayat Sihora hetu, Jabalpur (mention in letter no.4420 at column no.2)","21-Jul-2026","165850","NA"
"465","Normal/Others","NA-Purchase of mobile water tankers","Madhya Pradesh","JABALPUR(DISTRICT COLLECTOR JABALPUR_IDA)","Shri Vivek K. Tankha (2022-28) (2022-2028)","Elected MP","2 nag GI Water Tanker with Sprinkler System and Sefty Norms 8213, Capacity 5500 Liter with 900X16 Number ke Naye Tyre Tube, Nagar Palika Parishad Panagar, Jaiprakash Ward no.13 hetu, Jabalpur (mention in letter no.4421 at column no.1)","21-Jul-2026","331700","NA"
"466","Normal/Others","NA-Purchase of mobile water tankers","Madhya Pradesh","JABALPUR(DISTRICT COLLECTOR JABALPUR_IDA)","Shri Vivek K. Tankha (2022-28) (2022-2028)","Elected MP","Ek nag GI Water Tanker with Sprinkler System and Sefty Norms 8213, Capacity 5500 Liter with 900X16 Number ke Naye Tyre Tube, Nagar Palika Parishad Bhedaghat, Vinoba Bhave Ward no.10 hetu, Jabalpur (mention in letter no.4421 at column no.2)","21-Jul-2026","165850","NA"
"467","Normal/Others","NA-Purchase of mobile water tankers","Madhya Pradesh","JABALPUR(DISTRICT COLLECTOR JABALPUR_IDA)","Shri Vivek K. Tankha (2022-28) (2022-2028)","Elected MP","Ek nag GI Water Tanker with Sprinkler System and Sefty Norms 8213, Capacity 5500 Liter with 900X16 Number ke Naye Tyre Tube, Gram Panchayat Bagrai, Janpad Panchayat Shahpura ke Ward no.19 hetu, Jabalpur (mention in letter no.4422 at column no.1)","21-Jul-2026","165850","NA"
"468","Normal/Others","NA-Purchase of mobile water tankers","Madhya Pradesh","JABALPUR(DISTRICT COLLECTOR JABALPUR_IDA)","Shri Vivek K. Tankha (2022-28) (2022-2028)","Elected MP","Ek nag GI Water Tanker with Sprinkler System and Sefty Norms 8213, Capacity 5500 Liter with 900X16 Number ke Naye Tyre Tube, Gram Panchayat Bikharwa, Janpad Panchayat Shahpura hetu, Jabalpur (mention in letter no.4422 at column no.2)","21-Jul-2026","165850","NA"
"469","Normal/Others","NA-Purchase of mobile water tankers","Madhya Pradesh","JABALPUR(DISTRICT COLLECTOR JABALPUR_IDA)","Shri Vivek K. Tankha (2022-28) (2022-2028)","Elected MP","Ek nag GI Water Tanker with Sprinkler System and Sefty Norms 8213, Capacity 5500 Liter with 900X16 Number ke Naye Tyre Tube, Gram Panchayat Ghaghra, Janpad Panchayat Jabalpur, Jabalpur","25-Jul-2026","165850","NA"
"470","Normal/Others","WS/MP106/2025-2026/1516-Development of playground","Madhya Pradesh","JABALPUR(DISTRICT COLLECTOR JABALPUR_IDA)","Shri Vivek K. Tankha (2022-28) (2022-2028)","Elected MP","Gram Nagna, Gram Panchayat Nagna, Janpad Panchayat Panagar ke Govt. Middle School Bhawan Parisar me Pevar Block kary hetu, District Jabalpur","23-Jun-2023","600000","15-May-2025"
"471","Normal/Others","NA-Construction of toilet blocks","Madhya Pradesh","JABALPUR(DISTRICT COLLECTOR JABALPUR_IDA)","Shri Vivek K. Tankha (2022-28) (2022-2028)","Elected MP","Radha Krishna Educational and Technical Society Registration no. JJ6444/2002 dwara sanchalit Eden Convent Kids Care School, Dies Code-23390222122, Plot no.98, Shakti Nagar me Bachchon hetu Toilets nirman hetu, Jabalpur","22-Aug-2026","100000","NA"
"472","Normal/Others","WS/MP106/2025-2026/192676-Construction of rooms and halls in school and colleges","Madhya Pradesh","JABALPUR(DISTRICT COLLECTOR JABALPUR_IDA)","Shri Vivek K. Tankha (2022-28) (2022-2028)","Elected MP","Gram Panchayat Badhaiya Khera, Janpad Panchayat Jabalpur sthit Shaskiya Madhyamik Shala Samad Pipariya main Bachcho ki shiksha hetu 2 class room evam Toilet ka nirman, District Jabalpur","19-Apr-2025","700000","29-Aug-2025"
"473","Repair and Renovation","NA-Construction of rooms and halls in school and colleges","Madhya Pradesh","JABALPUR(DISTRICT COLLECTOR JABALPUR_IDA)","Shri Vivek K. Tankha (2022-28) (2022-2028)","Elected MP","Kanykubj Bramhan Sabha Registred No. 3482 dwara sanchalit Jagannath Bal Mandir Shala Bhawan me Repairing Kary hetu, Cherital Ward No.35, Jabalpur","01-Jul-2026","100000","NA"
"474","Normal/Others","WS/MP107/2026-2027/236644-Construction of rooms and halls in school and colleges","Madhya Pradesh","JABALPUR(DISTRICT COLLECTOR JABALPUR_IDA)","Smt. Sumitra Balmik (2022-28) (2022-2028)","Elected MP","Additional Room Construction Work  part 2 at GCF Estate D B Club School Cantt Jabalpur","06-Oct-2025","225000","10-Apr-2026"
"475","Normal/Others","WS/MP107/2026-2027/233740-Construction of rooms and halls in school and colleges","Madhya Pradesh","JABALPUR(DISTRICT COLLECTOR JABALPUR_IDA)","Smt. Sumitra Balmik (2022-28) (2022-2028)","Elected MP","Additional room construction work part 1 at DB club school GCF","18-Sep-2025","225000","10-Apr-2026"
"476","Normal/Others","WS/MP106/2026-2027/275526-Construction of rooms and halls in school and colleges","Madhya Pradesh","JABALPUR(DISTRICT COLLECTOR JABALPUR_IDA)","Shri Vivek K. Tankha (2022-28) (2022-2028)","Elected MP","Gram Kaithra, Gram Panchayat Kinni, Janpad Panchayat Majholi me Prathmik Shala Bhawan me Pever Block Lagane hetu, Jabalur (mention in letter no.4298 at column no.1)","23-Mar-2026","500000","27-May-2026"
"477","Normal/Others","NA-Purchase of books and periodicals for libraries/digitization of library books","Madhya Pradesh","JABALPUR(DISTRICT COLLECTOR JABALPUR_IDA)","Shri Vivek K. Tankha (2022-28) (2022-2028)","Elected MP","Adhivakta Sangh Patan, Jila Jabalpur sthit Library ke liye Pustaken Kray Karne hetu, Jabalpur","03-Apr-2026","25000","NA"
"478","Normal/Others","WS/MP106/2026-2027/275527-Construction of buildings for crèches and anganwadies","Madhya Pradesh","JABALPUR(DISTRICT COLLECTOR JABALPUR_IDA)","Shri Vivek K. Tankha (2022-28) (2022-2028)","Elected MP","Gram Deori, Gram Panchayat Deori (Sahajpura), Janpad panchayat Majholi me Aanganwadi Maidan me Paver Block lagane hetu, Jabalpur (mention in letter no. 4298 at column no.2)","23-Mar-2026","500000","27-May-2026"
"479","Normal/Others","WS/MP106/2025-2026/133192-Purchase of hospital equipment","Madhya Pradesh","JABALPUR(DISTRICT COLLECTOR JABALPUR_IDA)","Shri Vivek K. Tankha (2022-28) (2022-2028)","Elected MP","Jila Chikitsalay (Seth Govind Das Victoria Hospital) Jabalpur hetu 2 nag Hemodialysis Machine with RO Plant make Trivitron Health Care PVT LTD. Modle NikKiso DBB 27 with 2 years warranty evam include all Taxes. Vidhan Sabha Uttar-Madhya Jabalpur","08-Jul-2024","1971143","02-Jun-2025"
"480","Normal/Others","WS/MP107/2025-2026/163602-Construction of rooms and facilities for hospitals, FWC , PHC Centers and ANM centers","Madhya Pradesh","JABALPUR(DISTRICT COLLECTOR JABALPUR_IDA)","Smt. Sumitra Balmik (2022-28) (2022-2028)","Elected MP","Room construction work for new ward in Virat Hospice, Gopalpur Lamheta Ghat, Jabalpur","13-Jan-2025","1500000","02-Dec-2025"
"481","Normal/Others","WS/MP106/2025-2026/227563-Purchase of hospital equipment","Madhya Pradesh","JABALPUR(DISTRICT COLLECTOR JABALPUR_IDA)","Shri Vivek K. Tankha (2022-28) (2022-2028)","Elected MP","One Number Cryobath equipment for Rani Durgawati Hospital Jabalpur main Sanchalit Rotary Blood Bank hetu, Jabalpur (Mention in letter 4126 at column no.1)","18-Aug-2025","265000","28-Jan-2026"
"482","Normal/Others","WS/MP106/2025-2026/227567-Purchase of hospital equipment","Madhya Pradesh","JABALPUR(DISTRICT COLLECTOR JABALPUR_IDA)","Shri Vivek K. Tankha (2022-28) (2022-2028)","Elected MP","One Number Tube Sealer equipment for Rani Durgawati Hospital Jabalpur main Sanchalit Rotary Blood Bank hetu, Jabalpur (Mention in letter 4126 at column no.2)","18-Aug-2025","165000","28-Jan-2026"
"483","Normal/Others","WS/MP106/2025-2026/227569-Purchase of hospital equipment","Madhya Pradesh","JABALPUR(DISTRICT COLLECTOR JABALPUR_IDA)","Shri Vivek K. Tankha (2022-28) (2022-2028)","Elected MP","One Number Hot Air Oven, equipment for Rani Durgawati Hospital Jabalpur main Sanchalit Rotary Blood Bank hetu, Jabalpur (Mention in letter 4126 at column no.3)","18-Aug-2025","90000","28-Jan-2026"
"484","Normal/Others","WS/MP106/2025-2026/227570-Purchase of hospital equipment","Madhya Pradesh","JABALPUR(DISTRICT COLLECTOR JABALPUR_IDA)","Shri Vivek K. Tankha (2022-28) (2022-2028)","Elected MP","One Number Digtal Hb Meter, equipment for Rani Durgawati Hospital Jabalpur main Sanchalit Rotary Blood Bank hetu, Jabalpur (Mention in letter 4126 at column no.4)","18-Aug-2025","45000","28-Jan-2026"
"485","Normal/Others","WS/MP106/2025-2026/227571-Purchase of hospital equipment","Madhya Pradesh","JABALPUR(DISTRICT COLLECTOR JABALPUR_IDA)","Shri Vivek K. Tankha (2022-28) (2022-2028)","Elected MP","One Thousand Numbers Hb Meter Cuvette, equipment for Rani Durgawati Hospital Jabalpur main Sanchalit Rotary Blood Bank hetu, Jabalpur (Mention in letter 4126 at column no.5)","18-Aug-2025","65000","28-Jan-2026"
"486","Normal/Others","WS/MP106/2026-2027/259695-Purchase of hospital equipment","Madhya Pradesh","JABALPUR(DISTRICT COLLECTOR JABALPUR_IDA)","Shri Vivek K. Tankha (2022-28) (2022-2028)","Elected MP","Senani 6vi prashikshan Vahini Visbal Jabalpur sthit Unit Hospital ke liye Laser Printer Body Composition Analyzer, Jabalpur","18-Jan-2026","497900","10-Apr-2026"
"487","Normal/Others","WS/MP106/2025-2026/249942-Construction of buildings for community cultural activities","Madhya Pradesh","JABALPUR(DISTRICT COLLECTOR JABALPUR_IDA)","Shri Vivek K. Tankha (2022-28) (2022-2028)","Elected MP","Gram evam Gram Pancayat Ghughara, Janpad Panchayat Kundam main Jhanda Chowk Japhan Singh ke Ghar ke pas Rangmanch (Chabutara) nirman hetu, Jabalpur","21-Nov-2025","500000","24-Jan-2026"
"488","Normal/Others","WS/MP106/2023-2024/115364-Construction of boundary walls of existing public and community buildings","Madhya Pradesh","JABALPUR(DISTRICT COLLECTOR JABALPUR_IDA)","Shri Vivek K. Tankha (2022-28) (2022-2028)","Elected MP","Gram Panchayat Chhaprat (Halka/Khasra no.54) vikaskhand Shahpura, Janpad Panchayat Shahpura-Bhitoni ke gram Chhaprat ke Shaskiya School main Boundary wall (Char Diwari) ka nirman, Jabalpur","26-Feb-2024","1000000","15-Mar-2024"
"489","Normal/Others","WS/MP106/2023-2024/1627-Construction of boundary walls of existing public and community buildings","Madhya Pradesh","JABALPUR(DISTRICT COLLECTOR JABALPUR_IDA)","Shri Vivek K. Tankha (2022-28) (2022-2028)","Elected MP","Pt. Deendyal Upadhyay ward ke antargat Krishnam Society Udyan me Paver Block evam Boundryball banane ka kary, Vidhansabha Uttar-Madhya, District Jabalpur","25-Jun-2023","752998","05-Oct-2023"
"490","Normal/Others","WS/MP106/2025-2026/31189-Construction of boundary walls of existing public and community buildings","Madhya Pradesh","JABALPUR(DISTRICT COLLECTOR JABALPUR_IDA)","Shri Vivek K. Tankha (2022-28) (2022-2028)","Elected MP","Pt. Deen Dyal Upadhyay ke sarvjanik Park Madhotal main Boundry wall nirman, Vidhan sabha Uttar-madhya, District Jabalpur (mention in letter no. 3304 at column no.1)","04-Oct-2023","177000","23-Jul-2025"
"491","Normal/Others","WS/MP106/2025-2026/31191-Construction of boundary walls of existing public and community buildings","Madhya Pradesh","JABALPUR(DISTRICT COLLECTOR JABALPUR_IDA)","Shri Vivek K. Tankha (2022-28) (2022-2028)","Elected MP","Pt. Deen Dyal Upadhyay ward main Rajkumar Jain ke Makan ke pas sarvjanik Park main Boundry wall nirman, Vidhan sabha Uttar-madhya, District Jabalpur (mention in letter no. 3304 at column no.2)","04-Oct-2023","185000","23-Jul-2025"
"492","Normal/Others","WS/MP106/2025-2026/31194-Construction of boundary walls of existing public and community buildings","Madhya Pradesh","JABALPUR(DISTRICT COLLECTOR JABALPUR_IDA)","Shri Vivek K. Tankha (2022-28) (2022-2028)","Elected MP","Pt. Deen Dyal Upadhyay ward main Shukla ji ke Makan ke pas Mother Teressa Nagar, sarvjanik Park main Boundry wall nirman, Vidhan sabha Uttar-madhya, District Jabalpur (mention in letter no. 3304 at column no.3)","04-Oct-2023","159000","23-Jul-2025"
"493","Normal/Others","WS/MP106/2025-2026/31197-Construction of boundary walls of existing public and community buildings","Madhya Pradesh","JABALPUR(DISTRICT COLLECTOR JABALPUR_IDA)","Shri Vivek K. Tankha (2022-28) (2022-2028)","Elected MP","Pt. Deen Dyal Upadhyay ward main Khapariya ji ke Makan ke pas Mother Teressa Nagar main Boundry wall nirman, Vidhan sabha Uttar-madhya, District Jabalpur (mention in letter no. 3304 at column no.4)","04-Oct-2023","185000","23-Jul-2025"
"494","Normal/Others","WS/MP106/2025-2026/31199-Construction of boundary walls of existing public and community buildings","Madhya Pradesh","JABALPUR(DISTRICT COLLECTOR JABALPUR_IDA)","Shri Vivek K. Tankha (2022-28) (2022-2028)","Elected MP","Pt. Deen Dyal Upadhyay ward main Jamuna Prasad Kesharwani ke Makan ke pas Sarvjanik park main Boundry wall nirman, Vidhan sabha Uttar-madhya, District Jabalpur (mention in letter no. 3304 at column no.5)","04-Oct-2023","177000","23-Jul-2025"
"495","Normal/Others","WS/MP106/2025-2026/31208-Construction of boundary walls of existing public and community buildings","Madhya Pradesh","JABALPUR(DISTRICT COLLECTOR JABALPUR_IDA)","Shri Vivek K. Tankha (2022-28) (2022-2028)","Elected MP","Pt. Deen Dyal Upadhyay ward main Shri Sharda Prasad Sahu ke Makan ke pas Sarvjanik park main Boundry wall nirman, Vidhan sabha Uttar-madhya, District Jabalpur (mention in letter no. 3304 at column no.6)","04-Oct-2023","159000","23-Jul-2025"
"496","Normal/Others","WS/MP106/2025-2026/192683-Construction of boundary walls of existing public and community buildings","Madhya Pradesh","JABALPUR(DISTRICT COLLECTOR JABALPUR_IDA)","Shri Vivek K. Tankha (2022-28) (2022-2028)","Elected MP","Gram Panchayat Gundrai, Janpad Panchayat Shahpura-Bhitoni ke gram Gundrai sthit Khel maidan main Boundry Wall nirman hetu, District Jabalpur","19-Apr-2025","500000","30-Jun-2025"
"497","Repair and Renovation","NA-Construction of additional rooms and halls in the existing public and community building","Madhya Pradesh","JABALPUR(DISTRICT COLLECTOR JABALPUR_IDA)","Shri Vivek K. Tankha (2022-28) (2022-2028)","Elected MP","Pt Deendayal ward ke nai Basti Kshetra me sthit Sant Ravidas Samudayik bhawan me Tiles evam anay karyo hetu, Jabalpur","22-Aug-2026","400000","NA"
"498","Normal/Others","NA-Construction of buildings for community cultural activities","Madhya Pradesh","JABALPUR(DISTRICT COLLECTOR JABALPUR_IDA)","Shri Vivek K. Tankha (2022-28) (2022-2028)","Elected MP","EWS colony, Yash Bharat Press ke peeche, Shatbdipuram, Swami Vivekanad ward no.21 me Rangmanch nirman, Jabalpur","22-Aug-2026","150000","NA"
"499","Normal/Others","NA-Construction of buildings for community cultural activities","Madhya Pradesh","JABALPUR(DISTRICT COLLECTOR JABALPUR_IDA)","Shri Vivek K. Tankha (2022-28) (2022-2028)","Elected MP","Baba Tola Jankidas Mandir ke pas, Thakkar Gram Ward me Sanskratik Gatividhiyo hetu bhawan nirman, Jabalpur","06-Feb-2026","500000","NA"
"500","Normal/Others","WS/MP106/2023-2024/21254-Construction of buildings for community cultural activities","Madhya Pradesh","JABALPUR(DISTRICT COLLECTOR JABALPUR_IDA)","Shri Vivek K. Tankha (2022-28) (2022-2028)","Elected MP","Gram panchayat Kusmi, Janpad Panchayat Shahpura Bhitoni ke gram Kusmi main Rangmanch nirman kary, Vidhan Sabha Bargi, District Jabalpur (mention in letter no. 3249 at Colomn no.3)","15-Sep-2023","300000","04-Mar-2024"
"501","Normal/Others","WS/MP106/2025-2026/164357-Construction of buildings for community cultural activities","Madhya Pradesh","JABALPUR(DISTRICT COLLECTOR JABALPUR_IDA)","Shri Vivek K. Tankha (2022-28) (2022-2028)","Elected MP","Kasturba Gandhi ward, Jabalpur main Ranital sthit Youth Hostle ke peechhe Transformer ke samne Rangmanch aur Shade nirman kary Hetu.","08-Jan-2025","300000","01-Feb-2026"
"502","Normal/Others","WS/MP106/2024-2025/138438-Construction of buildings for community cultural activities","Madhya Pradesh","JABALPUR(DISTRICT COLLECTOR JABALPUR_IDA)","Shri Vivek K. Tankha (2022-28) (2022-2028)","Elected MP","Gram Panchayat Padwar, Janpad Panchyat Jabalpur ke gram Padwar main Bazar mohalla ke pas Samudayik Sanskratik Gatividiyon ke liye Bhavan, Vidhan Sabha Panagar, District Jabalpur (M.P.)","02-Sep-2024","500000","24-Feb-2025"
"503","Normal/Others","WS/MP106/2026-2027/206255-Construction of buildings for community cultural activities","Madhya Pradesh","JABALPUR(DISTRICT COLLECTOR JABALPUR_IDA)","Shri Vivek K. Tankha (2022-28) (2022-2028)","Elected MP","Nagar Parishad Katangi Ward no.3 main Khermai Mandir ke pas Rangmanch, Sanskratik Gatividhiyo hetu nirman, District Jabalpur","03-Jun-2025","250000","21-Apr-2026"
"504","Normal/Others","NA-Construction of buildings for community cultural activities","Madhya Pradesh","JABALPUR(DISTRICT COLLECTOR JABALPUR_IDA)","Shri Vivek K. Tankha (2022-28) (2022-2028)","Elected MP","Sheetlamai Ward no.45 ke antargat Krishna Colony me   Sanskratik Gatividhiyon hetu Rangmanch nirman, Jabalpur (mention in letter no.4373 at column no.3)","19-Jun-2026","500000","NA"
"505","Normal/Others","NA-Construction of buildings for community cultural activities","Madhya Pradesh","JABALPUR(DISTRICT COLLECTOR JABALPUR_IDA)","Shri Vivek K. Tankha (2022-28) (2022-2028)","Elected MP","Sheetla Mai ward no.45 ke antargat Krishna Colony me Sanskratik Gatividiyon hetu Rangmanch nirman, Jabalpur (Mention in letter no.4388 at column no.2)","20-Jun-2026","1000000","NA"
"506","Normal/Others","NA-Construction of buildings for community cultural activities","Madhya Pradesh","JABALPUR(DISTRICT COLLECTOR JABALPUR_IDA)","Shri Vivek K. Tankha (2022-28) (2022-2028)","Elected MP","Gram Panchayat Devri Purani (Chargawan) ke gram Kherua, Janpad Panchayat Shahpura-Bhitoni me Rangmanch nirman hetu, Jabalpur","12-Jul-2026","300000","NA"
"507","Normal/Others","WS/MP106/2026-2027/259678-Construction of buildings for community cultural activities","Madhya Pradesh","JABALPUR(DISTRICT COLLECTOR JABALPUR_IDA)","Shri Vivek K. Tankha (2022-28) (2022-2028)","Elected MP","Gram Panchayat Chhapra, Janpad Panchayat Majholi ke gram Chhapra me Sanskratik Gatividhiyo hetu Rangmanch nirman, Jabalpur","18-Jan-2026","300000","21-Jul-2026"
"508","Normal/Others","NA-Construction of buildings for community cultural activities","Madhya Pradesh","JABALPUR(DISTRICT COLLECTOR JABALPUR_IDA)","Shri Vivek K. Tankha (2022-28) (2022-2028)","Elected MP","Gram panchayat kaladumar, Janpad Panchayat Pangar ke gram Bijhuwa me Prathmik shala parisar ke pas sanskratik Gatividhiyo hetu shed nirman,  nirman, Jabalpur","07-Feb-2026","400000","NA"
"509","Normal/Others","WS/MP106/2026-2027/259671-Construction of buildings for community cultural activities","Madhya Pradesh","JABALPUR(DISTRICT COLLECTOR JABALPUR_IDA)","Shri Vivek K. Tankha (2022-28) (2022-2028)","Elected MP","Nagar Parishad Barela ke ward no.1, Kisani Mohalla ward Main Biriya Kachhan ke parisar main  Rangmanch nirman, District Jabalpur","18-Jan-2026","300000","21-Apr-2026"
"510","Normal/Others","WS/MP106/2024-2025/1624-Construction of buildings for community cultural activities","Madhya Pradesh","JABALPUR(DISTRICT COLLECTOR JABALPUR_IDA)","Shri Vivek K. Tankha (2022-28) (2022-2028)","Elected MP","Gram panchayat Sagda Jhapani, Janpad Panchayt Jabalpur ke Khermai Mandir ke pas Rangmanch nirman kary, Vidhan Sabha Bargi, District Jabalpur (letter no. 2997 at column no.1)","25-Jun-2023","300000","21-Nov-2024"
"511","Normal/Others","WS/MP106/2024-2025/1626-Construction of buildings for community cultural activities","Madhya Pradesh","JABALPUR(DISTRICT COLLECTOR JABALPUR_IDA)","Shri Vivek K. Tankha (2022-28) (2022-2028)","Elected MP","Gram panchayat Bargi, Janpad Panchayt Jabalpur ke Bargi main Rangmanch nirman kary, Vidhan Sabha Bargi, District Jabalpur (letter no. 2997 at column no.3)","25-Jun-2023","300000","04-Sep-2024"
"512","Normal/Others","WS/MP106/2023-2024/1640-Construction of buildings for community cultural activities","Madhya Pradesh","JABALPUR(DISTRICT COLLECTOR JABALPUR_IDA)","Shri Vivek K. Tankha (2022-28) (2022-2028)","Elected MP","Aasre Saini ke makan ke pas Dada Babu Rao Parnajpe ward main Sarvjanik Rangmanch Nirman kary, Vidhan Sabha Pashchim, District Jabalpur (mention in letter no.3126 at column no.2)","26-Jun-2023","203000","05-Oct-2023"
"513","Normal/Others","WS/MP106/2023-2024/1641-Construction of buildings for community cultural activities","Madhya Pradesh","JABALPUR(DISTRICT COLLECTOR JABALPUR_IDA)","Shri Vivek K. Tankha (2022-28) (2022-2028)","Elected MP","Ram Choudhary ke makan ke pas Dada Babu Rao Parnajpe ward main Sarvjanik Rangmanch Nirman kary, Vidhan Sabha Pashchim, District Jabalpur (mention in letter no.3126 at column no.3)","26-Jun-2023","172000","05-Oct-2023"
"514","Normal/Others","WS/MP106/2023-2024/1517-Construction of buildings for community cultural activities","Madhya Pradesh","JABALPUR(DISTRICT COLLECTOR JABALPUR_IDA)","Shri Vivek K. Tankha (2022-28) (2022-2028)","Elected MP","????? ???? ??????????, ????? ?????? ?????, ???? ?????? ????? ???? ?????? ??? ?????? ??????? ????.","23-Jun-2023","300000","11-Aug-2023"
"515","Normal/Others","WS/MP106/2024-2025/2358-Construction of buildings for community cultural activities","Madhya Pradesh","JABALPUR(DISTRICT COLLECTOR JABALPUR_IDA)","Shri Vivek K. Tankha (2022-28) (2022-2028)","Elected MP","Gram Panchayat Khapagwari, Janpad Panchayat Jabalpur ke gram Khapagwari ke Gaurishankar dhar ke pas Rangmanch Nirman kary, Vidhan sabha Bargi, District Jabalpur (Letter no. 3135/23 at column no.1)","05-Jul-2023","300000","25-Jul-2024"
"516","Normal/Others","WS/MP106/2024-2025/2360-Construction of buildings for community cultural activities","Madhya Pradesh","JABALPUR(DISTRICT COLLECTOR JABALPUR_IDA)","Shri Vivek K. Tankha (2022-28) (2022-2028)","Elected MP","Gram Panchayat Khapagwari, Janpad Panchayat Jabalpur ke gram Khapagwari me Rangmanch Nirman kary, Vidhan sabha Bargi, District Jabalpur (Letter no. 3135/23 at column no.2)","05-Jul-2023","200000","25-Jul-2024"
"517","Normal/Others","WS/MP106/2023-2024/2361-Construction of buildings for community cultural activities","Madhya Pradesh","JABALPUR(DISTRICT COLLECTOR JABALPUR_IDA)","Shri Vivek K. Tankha (2022-28) (2022-2028)","Elected MP","Gram Panchayat Nanhakheda, Janpad Panchayat Jabalpur ke gram Seoni Tola me Rangmanch Nirman kary, Vidhan sabha Bargi, District Jabalpur (Letter no. 3135/23 at column no.3)","05-Jul-2023","300000","16-Mar-2024"
"518","Normal/Others","WS/MP106/2025-2026/192675-Construction of roads, link roads, pathways or any other road with or without drainage system","Madhya Pradesh","JABALPUR(DISTRICT COLLECTOR JABALPUR_IDA)","Shri Vivek K. Tankha (2022-28) (2022-2028)","Elected MP","Gram Gadar Pipariya, Gram panchayat Gadar Pipariya, Janpad Panchayat Shahpura-Bhitoni ke Shanti dham main Paver Block Kary, District Jabalpur","19-Apr-2025","600000","04-Jun-2025"
"519","Normal/Others","WS/MP106/2024-2025/134437-Construction of roads, link roads, pathways or any other road with or without drainage system","Madhya Pradesh","JABALPUR(DISTRICT COLLECTOR JABALPUR_IDA)","Shri Vivek K. Tankha (2022-28) (2022-2028)","Elected MP","Gram panchayat Gadar Pipariya Janpad Panchayat Shahpura-Bhitoni ke gram Gadar Pipariya me Main road se Bhairo Mandir ki aor CC Road sah Nali nirman kary, Vidhansabha Bargi, District Jabalpur","02-Aug-2024","600000","26-Sep-2024"
"520","Normal/Others","WS/MP106/2024-2025/145086-Construction of roads, link roads, pathways or any other road with or without drainage system","Madhya Pradesh","JABALPUR(DISTRICT COLLECTOR JABALPUR_IDA)","Shri Vivek K. Tankha (2022-28) (2022-2028)","Elected MP","Gram Panchayat Khinni, Janpad Panchayat Majholi main Gram Khinni ke poshak Gram Kaithra me Main Road se School ki aor CC Road sah Nali nirman kary, Vidhansabha Patan, District Jabalpur (M.P.)","01-Oct-2024","600000","14-Oct-2024"
"521","Normal/Others","WS/MP106/2025-2026/180808-Construction of roads, link roads, pathways or any other road with or without drainage system","Madhya Pradesh","JABALPUR(DISTRICT COLLECTOR JABALPUR_IDA)","Shri Vivek K. Tankha (2022-28) (2022-2028)","Elected MP","Gram Evam Gram Panchayat Kusmi, Janpad Panchayat Shahpura me Tirahe se Shantidham Ki aor C C Road nirman, Jabalpur","10-Mar-2025","500000","22-Feb-2026"
"522","Normal/Others","WS/MP106/2024-2025/151174-Construction of roads, link roads, pathways or any other road with or without drainage system","Madhya Pradesh","JABALPUR(DISTRICT COLLECTOR JABALPUR_IDA)","Shri Vivek K. Tankha (2022-28) (2022-2028)","Elected MP","Gram Panchayat Surtalai, Janpad Panchayat Panagar ke Gram Surtalai ke Govt. Middle School ke khel maidan Parisar main Paver Block kary, District Jabalpur","06-Nov-2024","500000","10-Mar-2025"
"523","Normal/Others","WS/MP107/2024-2025/108009-Construction of roads, link roads, pathways or any other road with or without drainage system","Madhya Pradesh","JABALPUR(DISTRICT COLLECTOR JABALPUR_IDA)","Smt. Sumitra Balmik (2022-28) (2022-2028)","Elected MP","Construction of CC Road","18-Feb-2024","1000000","10-Jun-2024"
"524","Normal/Others","WS/MP107/2025-2026/192442-Construction of roads, link roads, pathways or any other road with or without drainage system","Madhya Pradesh","JABALPUR(DISTRICT COLLECTOR JABALPUR_IDA)","Smt. Sumitra Balmik (2022-28) (2022-2028)","Elected MP","CC road construction work from Bhagwan Das Lodhi house to Ritali Dham, village Kunda","25-Apr-2025","2499000","01-Aug-2025"
"525","Normal/Others","WS/MP106/2026-2027/190060-Construction of roads, link roads, pathways or any other road with or without drainage system","Madhya Pradesh","JABALPUR(DISTRICT COLLECTOR JABALPUR_IDA)","Shri Vivek K. Tankha (2022-28) (2022-2028)","Elected MP","Gram Siluwa, Gram Panchayat Siluwa (Padariya) Janpad Panchayat Jabalpur main Hanuman Mandir se Bhatta ki aur 625 meter CC Road nirman, District Jabalpur","08-Apr-2025","770000","14-Apr-2026"
"526","Normal/Others","WS/MP107/2025-2026/192232-Construction of roads, link roads, pathways or any other road with or without drainage system","Madhya Pradesh","JABALPUR(DISTRICT COLLECTOR JABALPUR_IDA)","Smt. Sumitra Balmik (2022-28) (2022-2028)","Elected MP","CC road With drain construction work from Keshav Prajapati house towards Vikas Thakur house in village Hardua","25-Apr-2025","1500000","15-May-2025"
"527","Normal/Others","WS/MP107/2025-2026/192233-Construction of roads, link roads, pathways or any other road with or without drainage system","Madhya Pradesh","JABALPUR(DISTRICT COLLECTOR JABALPUR_IDA)","Smt. Sumitra Balmik (2022-28) (2022-2028)","Elected MP","CC road With drain construction work from the house of Akash Rajak towards the house of Halku Gond, Village Nagana","25-Apr-2025","1500000","15-May-2025"
"528","Normal/Others","WS/MP107/2025-2026/192235-Construction of roads, link roads, pathways or any other road with or without drainage system","Madhya Pradesh","JABALPUR(DISTRICT COLLECTOR JABALPUR_IDA)","Smt. Sumitra Balmik (2022-28) (2022-2028)","Elected MP","CC road construction work in Harijan Mohalla from Panchayat Bhawan to Govind house in village Kailwas","25-Apr-2025","1499000","24-Jun-2025"
"529","Normal/Others","WS/MP107/2025-2026/192236-Construction of roads, link roads, pathways or any other road with or without drainage system","Madhya Pradesh","JABALPUR(DISTRICT COLLECTOR JABALPUR_IDA)","Smt. Sumitra Balmik (2022-28) (2022-2028)","Elected MP","CC road construction work from Rangmanch to Hari Patel house in Village Deori","25-Apr-2025","2499000","01-Jun-2025"
"530","Normal/Others","WS/MP106/2025-2026/189883-Construction of roads, link roads, pathways or any other road with or without drainage system","Madhya Pradesh","JABALPUR(DISTRICT COLLECTOR JABALPUR_IDA)","Shri Vivek K. Tankha (2022-28) (2022-2028)","Elected MP","Gram Pondi Khurd, Gram Panchayat Pondi Khurd, Janpad Panchayat Patan main Prathmik Shala Bhawan Se Gram ke aantrik Marg me CC Road evam Nali Nirman, District Jabalpur","07-Apr-2025","580000","19-May-2025"
"531","Normal/Others","WS/MP106/2025-2026/189885-Construction of roads, link roads, pathways or any other road with or without drainage system","Madhya Pradesh","JABALPUR(DISTRICT COLLECTOR JABALPUR_IDA)","Shri Vivek K. Tankha (2022-28) (2022-2028)","Elected MP","Gram Gadar Pipariya, Gram Panchayat Gadar Pipariya, Janpad Panchayat Shahpura Bhitoni main Mukhya Marg Tiraha se Pramendra Patel ke Ghar ki aor, District Jabalpur","07-Apr-2025","620000","19-May-2025"
"532","Normal/Others","WS/MP106/2023-2024/112326-Construction of roads, link roads, pathways or any other road with or without drainage system","Madhya Pradesh","JABALPUR(DISTRICT COLLECTOR JABALPUR_IDA)","Shri Vivek K. Tankha (2022-28) (2022-2028)","Elected MP","Gram Panchayat Sukha, Janpad Panchayat Shahpura-Bhitoni ke gram Sukha ke Mukhya marg se anni Sahu ke ghar ki aor CC road nirman, Jabalpur","22-Feb-2024","500000","15-Mar-2024"
"533","Normal/Others","WS/MP107/2025-2026/183884-Construction of roads, link roads, pathways or any other road with or without drainage system","Madhya Pradesh","JABALPUR(DISTRICT COLLECTOR JABALPUR_IDA)","Smt. Sumitra Balmik (2022-28) (2022-2028)","Elected MP","CC road construction work from Krishna Ben ji house to Anil Ahirwar house  Maharaja Agrasen Ward Vijay Nagar Jabalpur","23-Mar-2025","231295","23-Oct-2025"
"534","Normal/Others","WS/MP107/2025-2026/184191-Construction of roads, link roads, pathways or any other road with or without drainage system","Madhya Pradesh","JABALPUR(DISTRICT COLLECTOR JABALPUR_IDA)","Smt. Sumitra Balmik (2022-28) (2022-2028)","Elected MP","CC road construction work from Chandan Kesarwani house towards Arvind Namdev house, Maharaja Agrasen Ward, Vijay Nagar, Jabalpur","23-Mar-2025","211720","12-Jan-2026"
"535","Normal/Others","WS/MP107/2025-2026/184193-Construction of roads, link roads, pathways or any other road with or without drainage system","Madhya Pradesh","JABALPUR(DISTRICT COLLECTOR JABALPUR_IDA)","Smt. Sumitra Balmik (2022-28) (2022-2028)","Elected MP","CC road construction work from Rajesh Namdev house towards Mintu Ahirwar house, Maharaja Agrasen Ward, Vijay Nagar, Jabalpur","23-Mar-2025","213045","27-Oct-2025"
"536","Normal/Others","WS/MP107/2025-2026/184196-Construction of roads, link roads, pathways or any other road with or without drainage system","Madhya Pradesh","JABALPUR(DISTRICT COLLECTOR JABALPUR_IDA)","Smt. Sumitra Balmik (2022-28) (2022-2028)","Elected MP","Drain and CC road construction work from Sanju Ahirwar house towards Rohit Pal house, Maharaja Agrasen Ward, Vijay Nagar, Jabalpur","23-Mar-2025","233000","02-Feb-2026"
"537","Normal/Others","WS/MP107/2025-2026/184259-Construction of roads, link roads, pathways or any other road with or without drainage system","Madhya Pradesh","JABALPUR(DISTRICT COLLECTOR JABALPUR_IDA)","Smt. Sumitra Balmik (2022-28) (2022-2028)","Elected MP","CC road construction work from Raja Jharia ji house towards Prabhat Kesarwani house in Maharaja Agrasen Ward, Vijay Nagar, Jabalpur","23-Mar-2025","223046","27-Oct-2025"
"538","Normal/Others","WS/MP107/2025-2026/184283-Construction of roads, link roads, pathways or any other road with or without drainage system","Madhya Pradesh","JABALPUR(DISTRICT COLLECTOR JABALPUR_IDA)","Smt. Sumitra Balmik (2022-28) (2022-2028)","Elected MP","CC road construction work from Saurabh Jharia house to Sahu Kirana store, Maharaja Agrasen Ward, Vijay Nagar, Jabalpur","23-Mar-2025","234000","31-Jan-2026"
"539","Normal/Others","WS/MP107/2025-2026/184290-Construction of roads, link roads, pathways or any other road with or without drainage system","Madhya Pradesh","JABALPUR(DISTRICT COLLECTOR JABALPUR_IDA)","Smt. Sumitra Balmik (2022-28) (2022-2028)","Elected MP","CC road construction work from Babli Raj ji house to Sakshi Rajak ji house, Maharaja Agrasen Ward, Vijay Nagar, Jabalpur","23-Mar-2025","224553","17-Oct-2025"
"540","Normal/Others","WS/MP107/2025-2026/184299-Construction of roads, link roads, pathways or any other road with or without drainage system","Madhya Pradesh","JABALPUR(DISTRICT COLLECTOR JABALPUR_IDA)","Smt. Sumitra Balmik (2022-28) (2022-2028)","Elected MP","CC road construction work from Meghraj Batt house towards Parvati Ahirwar house, Maharaja Agrasen Ward, Vijay Nagar, Jabalpur","23-Mar-2025","216345","12-Jan-2026"
"541","Normal/Others","WS/MP106/2025-2026/31186-Construction of roads, link roads, pathways or any other road with or without drainage system","Madhya Pradesh","JABALPUR(DISTRICT COLLECTOR JABALPUR_IDA)","Shri Vivek K. Tankha (2022-28) (2022-2028)","Elected MP","Gram Panchayat Barha, Janpad Panchayat Jabalpur ke gram Barha main Shriniwas Patel ke ghar se Chitrasen ke ghar tak CC Road nirman kary, Vidhan Sabha Bargi, District Jabalpur","04-Oct-2023","500000","01-Sep-2025"
"542","Normal/Others","WS/MP106/2023-2024/114238-Construction of roads, link roads, pathways or any other road with or without drainage system","Madhya Pradesh","JABALPUR(DISTRICT COLLECTOR JABALPUR_IDA)","Shri Vivek K. Tankha (2022-28) (2022-2028)","Elected MP","Gram Panchayat Gadar Pipariya, Janpad Panchayat Shahpura-Bhitoni ke gram Gadar Pipariya main Kallu Gotiya Ke ghar se Lallan Dubey Ke ghar ki aor CC Road Nirman, Jabalpur","07-Mar-2024","500000","16-Mar-2024"
"543","Normal/Others","WS/MP106/2025-2026/116001-Construction of roads, link roads, pathways or any other road with or without drainage system","Madhya Pradesh","JABALPUR(DISTRICT COLLECTOR JABALPUR_IDA)","Shri Vivek K. Tankha (2022-28) (2022-2028)","Elected MP","GCF Estate panhera Quarter ke baad se purana shobhapur tak Damar road nirman kary (Sadkon Sampark Sadkon, Link Sadkon Evam Pathway nirman kary, Gokalpur ward, Jabalpur","27-Feb-2024","444661","03-Apr-2025"
"544","Normal/Others","WS/MP106/2023-2024/13912-Construction of roads, link roads, pathways or any other road with or without drainage system","Madhya Pradesh","JABALPUR(DISTRICT COLLECTOR JABALPUR_IDA)","Shri Vivek K. Tankha (2022-28) (2022-2028)","Elected MP","Construction of  C C Road from the Temple of Shankar ji up to Tar road at janpad panchayat Patan, gram panchayat Chhiturha, District Jabalpur","28-Aug-2023","250000","05-Oct-2023"
"545","Normal/Others","WS/MP106/2024-2025/125596-Construction of roads, link roads, pathways or any other road with or without drainage system","Madhya Pradesh","JABALPUR(DISTRICT COLLECTOR JABALPUR_IDA)","Shri Vivek K. Tankha (2022-28) (2022-2028)","Elected MP","Gram Indra, Gram Panchayat Bairagi, Janpad Panchayat Jabalpur main Dumarilal ke ghar se Samudayik Bhavan ki aor CC Road Nirman, Jabalpur","15-Mar-2024","600000","08-Jul-2024"
"546","Repair and Renovation","WS/MP107/2024-2025/132881-Construction of roads, link roads, pathways or any other road with or without drainage system","Madhya Pradesh","JABALPUR(DISTRICT COLLECTOR JABALPUR_IDA)","Smt. Sumitra Balmik (2022-28) (2022-2028)","Elected MP","Construction of CC Road from the House of Gulab Lodhi to the House of Kop Singh","30-Jun-2024","1500000","05-Aug-2024"
"547","Repair and Renovation","WS/MP107/2024-2025/132882-Construction of roads, link roads, pathways or any other road with or without drainage system","Madhya Pradesh","JABALPUR(DISTRICT COLLECTOR JABALPUR_IDA)","Smt. Sumitra Balmik (2022-28) (2022-2028)","Elected MP","Construction of CC Road from the house of Kamalu Rajak to the house of Ramdas Goud","30-Jun-2024","1500000","05-Aug-2024"
"548","Normal/Others","WS/MP107/2023-2024/90537-Construction of roads, link roads, pathways or any other road with or without drainage system","Madhya Pradesh","JABALPUR(DISTRICT COLLECTOR JABALPUR_IDA)","Smt. Sumitra Balmik (2022-28) (2022-2028)","Elected MP","Construction of CC Road in Village Nagna","28-Jan-2024","1499900","04-Mar-2024"
"549","Normal/Others","WS/MP107/2023-2024/90555-Construction of roads, link roads, pathways or any other road with or without drainage system","Madhya Pradesh","JABALPUR(DISTRICT COLLECTOR JABALPUR_IDA)","Smt. Sumitra Balmik (2022-28) (2022-2028)","Elected MP","Construction of CC Road in Village Mahguwan","28-Jan-2024","1500000","04-Mar-2024"
"550","Normal/Others","WS/MP107/2023-2024/90556-Construction of roads, link roads, pathways or any other road with or without drainage system","Madhya Pradesh","JABALPUR(DISTRICT COLLECTOR JABALPUR_IDA)","Smt. Sumitra Balmik (2022-28) (2022-2028)","Elected MP","Construction of CC road in Village Mahguwan","28-Jan-2024","999900","04-Mar-2024"
"551","Normal/Others","WS/MP106/2023-2024/84228-Construction of roads, link roads, pathways or any other road with or without drainage system","Madhya Pradesh","JABALPUR(DISTRICT COLLECTOR JABALPUR_IDA)","Shri Vivek K. Tankha (2022-28) (2022-2028)","Elected MP","Gram Panchayat Lauhari (Sukha), Janpad Panchayat Patan ke gram Lauhari (Sukha) main Pooja Soni ke ghar se Wakil Patel ke ghar ki aor, CC Road evam Nali Nirman, Jabalpur","18-Jan-2024","700000","28-Feb-2024"
"552","Normal/Others","WS/MP107/2023-2024/90505-Construction of roads, link roads, pathways or any other road with or without drainage system","Madhya Pradesh","JABALPUR(DISTRICT COLLECTOR JABALPUR_IDA)","Smt. Sumitra Balmik (2022-28) (2022-2028)","Elected MP","Construction of CC road in Village Keolari","28-Jan-2024","1500000","04-Mar-2024"
"553","Normal/Others","WS/MP107/2023-2024/90506-Construction of roads, link roads, pathways or any other road with or without drainage system","Madhya Pradesh","JABALPUR(DISTRICT COLLECTOR JABALPUR_IDA)","Smt. Sumitra Balmik (2022-28) (2022-2028)","Elected MP","Consturuction of CC road with Hume pipe - drainage","28-Jan-2024","1500000","04-Mar-2024"
"554","Normal/Others","WS/MP107/2023-2024/90507-Construction of roads, link roads, pathways or any other road with or without drainage system","Madhya Pradesh","JABALPUR(DISTRICT COLLECTOR JABALPUR_IDA)","Smt. Sumitra Balmik (2022-28) (2022-2028)","Elected MP","Construction of CC Road in Village Chhaprat GP Shapura","28-Jan-2024","1700000","04-Mar-2024"
"555","Normal/Others","WS/MP107/2023-2024/90508-Construction of roads, link roads, pathways or any other road with or without drainage system","Madhya Pradesh","JABALPUR(DISTRICT COLLECTOR JABALPUR_IDA)","Smt. Sumitra Balmik (2022-28) (2022-2028)","Elected MP","Construction of CC Road from Village school to Adivasi Moholla","28-Jan-2024","1800000","04-Mar-2024"
"556","Normal/Others","WS/MP107/2024-2025/97886-Construction of roads, link roads, pathways or any other road with or without drainage system","Madhya Pradesh","JABALPUR(DISTRICT COLLECTOR JABALPUR_IDA)","Smt. Sumitra Balmik (2022-28) (2022-2028)","Elected MP","CC Road construction","05-Feb-2024","222000","01-Aug-2024"
"557","Normal/Others","WS/MP107/2024-2025/97887-Construction of roads, link roads, pathways or any other road with or without drainage system","Madhya Pradesh","JABALPUR(DISTRICT COLLECTOR JABALPUR_IDA)","Smt. Sumitra Balmik (2022-28) (2022-2028)","Elected MP","Construction of CC Road","05-Feb-2024","225000","01-Aug-2024"
"558","Normal/Others","WS/MP107/2024-2025/97888-Construction of roads, link roads, pathways or any other road with or without drainage system","Madhya Pradesh","JABALPUR(DISTRICT COLLECTOR JABALPUR_IDA)","Smt. Sumitra Balmik (2022-28) (2022-2028)","Elected MP","Construction of CC Road","05-Feb-2024","229000","01-Aug-2024"
"559","Normal/Others","WS/MP107/2024-2025/97894-Construction of roads, link roads, pathways or any other road with or without drainage system","Madhya Pradesh","JABALPUR(DISTRICT COLLECTOR JABALPUR_IDA)","Smt. Sumitra Balmik (2022-28) (2022-2028)","Elected MP","Construction of CC Road","05-Feb-2024","176000","01-Aug-2024"
"560","Normal/Others","WS/MP107/2024-2025/97895-Construction of roads, link roads, pathways or any other road with or without drainage system","Madhya Pradesh","JABALPUR(DISTRICT COLLECTOR JABALPUR_IDA)","Smt. Sumitra Balmik (2022-28) (2022-2028)","Elected MP","Construction of CC Road","05-Feb-2024","229000","01-Aug-2024"
"561","Normal/Others","WS/MP107/2024-2025/97896-Construction of roads, link roads, pathways or any other road with or without drainage system","Madhya Pradesh","JABALPUR(DISTRICT COLLECTOR JABALPUR_IDA)","Smt. Sumitra Balmik (2022-28) (2022-2028)","Elected MP","Construction of CC road","05-Feb-2024","192000","01-Aug-2024"
"562","Normal/Others","WS/MP106/2023-2024/61900-Construction of roads, link roads, pathways or any other road with or without drainage system","Madhya Pradesh","JABALPUR(DISTRICT COLLECTOR JABALPUR_IDA)","Shri Vivek K. Tankha (2022-28) (2022-2028)","Elected MP","Gram Panchayat Khinni, Janpad Panchayat Majhouli ke gram Kaithra main Ramkumar ke ghar se main road tak CC Road Evam  Nali Nirman, Jabalpur","14-Dec-2023","600000","07-Feb-2024"
"563","Normal/Others","WS/MP106/2023-2024/1639-Construction of roads, link roads, pathways or any other road with or without drainage system","Madhya Pradesh","JABALPUR(DISTRICT COLLECTOR JABALPUR_IDA)","Shri Vivek K. Tankha (2022-28) (2022-2028)","Elected MP","Gulab Singh ward me Sahkar Nagar Bus Stop ke pas MPEB main Cementy Karan kary, Vidhan Sabha Pashchim, District Jabalpur (mention in Letter no. 3126 at column no.1)","26-Jun-2023","53000","05-Oct-2023"
"564","Normal/Others","WS/MP106/2023-2024/1648-Construction of roads, link roads, pathways or any other road with or without drainage system","Madhya Pradesh","JABALPUR(DISTRICT COLLECTOR JABALPUR_IDA)","Shri Vivek K. Tankha (2022-28) (2022-2028)","Elected MP","Neelesh Jain ke makan se Durgesh Thakur ke makan tak, Gajrath Nagar, Maharana Pratap ward main CC road nirman kary, Vidhan Sabha Pashchim, District Jabalpur (mention in letter no.3126 at column no.10)","26-Jun-2023","135000","05-Oct-2023"
"565","Normal/Others","WS/MP106/2023-2024/1649-Construction of roads, link roads, pathways or any other road with or without drainage system","Madhya Pradesh","JABALPUR(DISTRICT COLLECTOR JABALPUR_IDA)","Shri Vivek K. Tankha (2022-28) (2022-2028)","Elected MP","Sahu ji ke makan se Rajendra Patel ke makan tak, Maharana Pratap ward main CC road nirman kary, Vidhan Sabha Pashchim, District Jabalpur (mention in letter no.3126 at column no.11)","26-Jun-2023","133000","05-Oct-2023"
"566","Normal/Others","WS/MP106/2023-2024/1650-Construction of roads, link roads, pathways or any other road with or without drainage system","Madhya Pradesh","JABALPUR(DISTRICT COLLECTOR JABALPUR_IDA)","Shri Vivek K. Tankha (2022-28) (2022-2028)","Elected MP","Awasthi ji ke makan se Pawar ji ke makan tak, Indira Gandhi ward main Pevar Block lagane ka kary, Vidhan Sabha Pashchim, District Jabalpur (mention in letter no.3126 at column no.12)","26-Jun-2023","197000","05-Oct-2023"
"567","Normal/Others","WS/MP106/2023-2024/1633-Construction of roads, link roads, pathways or any other road with or without drainage system","Madhya Pradesh","JABALPUR(DISTRICT COLLECTOR JABALPUR_IDA)","Shri Vivek K. Tankha (2022-28) (2022-2028)","Elected MP","Gram Panchayat Gunj Khamariya, Janpad Panchayat Patan ke gram Gunj Khamariya me Jitendra Patel ke ghar se Shubham Patel ke ghar tak C C road construction, vidhansabha patan, District Jabalpur","25-Jun-2023","198000","05-Oct-2023"
"568","Normal/Others","WS/MP106/2023-2024/21178-Construction of roads, link roads, pathways or any other road with or without drainage system","Madhya Pradesh","JABALPUR(DISTRICT COLLECTOR JABALPUR_IDA)","Shri Vivek K. Tankha (2022-28) (2022-2028)","Elected MP","Main road se Asati ji ke makan tak CC road nirman kary, Indira Gandhi ward, Vidhan sabha Pashchim, District Jabalpur (mention in letter no.3264 at column no.1)","15-Sep-2023","232000","05-Oct-2023"
"569","Normal/Others","WS/MP106/2023-2024/21180-Construction of roads, link roads, pathways or any other road with or without drainage system","Madhya Pradesh","JABALPUR(DISTRICT COLLECTOR JABALPUR_IDA)","Shri Vivek K. Tankha (2022-28) (2022-2028)","Elected MP","Verma ji ke makan se Ram coaching tak CC road nirman kary, Indira Gandhi ward, Vidhan sabha Pashchim, District Jabalpur (mention in letter no.3264 at column no.2)","15-Sep-2023","211000","05-Oct-2023"
"570","Normal/Others","WS/MP106/2023-2024/21183-Construction of roads, link roads, pathways or any other road with or without drainage system","Madhya Pradesh","JABALPUR(DISTRICT COLLECTOR JABALPUR_IDA)","Shri Vivek K. Tankha (2022-28) (2022-2028)","Elected MP","Manohar ji ke makan se Vishwakarma ji ke makan tak CC road nirman kary, Indira Gandhi ward, Vidhan sabha Pashchim, District Jabalpur (mention in letter no.3264 at column no.3)","15-Sep-2023","216000","05-Oct-2023"
"571","Normal/Others","WS/MP106/2023-2024/21199-Construction of roads, link roads, pathways or any other road with or without drainage system","Madhya Pradesh","JABALPUR(DISTRICT COLLECTOR JABALPUR_IDA)","Shri Vivek K. Tankha (2022-28) (2022-2028)","Elected MP","Bains ji ke makan se Sankalp General  tak CC road nirman kary, Indira Gandhi ward, Vidhan sabha Pashchim, District Jabalpur (mention in letter no.3264 at column no.4)","15-Sep-2023","226000","05-Oct-2023"
"572","Normal/Others","WS/MP106/2023-2024/21201-Construction of roads, link roads, pathways or any other road with or without drainage system","Madhya Pradesh","JABALPUR(DISTRICT COLLECTOR JABALPUR_IDA)","Shri Vivek K. Tankha (2022-28) (2022-2028)","Elected MP","Jagid Samaj bhavan se Mahendra Singh se makan tak CC road nirman kary, Indira Gandhi ward, Vidhan sabha Pashchim, District Jabalpur (mention in letter no.3264 at column no.5)","15-Sep-2023","221000","05-Oct-2023"
"573","Normal/Others","WS/MP106/2023-2024/21206-Construction of roads, link roads, pathways or any other road with or without drainage system","Madhya Pradesh","JABALPUR(DISTRICT COLLECTOR JABALPUR_IDA)","Shri Vivek K. Tankha (2022-28) (2022-2028)","Elected MP","Mahobia ji ke makan se Shrivastava ji ke makan tak CC road nirman kary, Tripuri ward, Vidhan sabha Pashchim, District Jabalpur (mention in letter no.3264 at column no.6)","15-Sep-2023","213375","05-Oct-2023"
"574","Normal/Others","WS/MP106/2023-2024/21208-Construction of roads, link roads, pathways or any other road with or without drainage system","Madhya Pradesh","JABALPUR(DISTRICT COLLECTOR JABALPUR_IDA)","Shri Vivek K. Tankha (2022-28) (2022-2028)","Elected MP","Vishwakarma ji ke makan se Jaiswal ji ke makan tak CC road nirman kary, Tripuri ward, Vidhan sabha Pashchim, District Jabalpur (mention in letter no.3264 at column no.7)","15-Sep-2023","189555","05-Oct-2023"
"575","Normal/Others","WS/MP106/2023-2024/21226-Construction of roads, link roads, pathways or any other road with or without drainage system","Madhya Pradesh","JABALPUR(DISTRICT COLLECTOR JABALPUR_IDA)","Shri Vivek K. Tankha (2022-28) (2022-2028)","Elected MP","Pandey ji ke makan se Mishra ji ke makan tak, CC Road nirman kary, Gulab Singh ward, Vidhan sabha Pashchim, District Jabalpur (mention in letter no.3264 at column no.9)","15-Sep-2023","233000","05-Oct-2023"
"576","Normal/Others","WS/MP106/2023-2024/21242-Construction of roads, link roads, pathways or any other road with or without drainage system","Madhya Pradesh","JABALPUR(DISTRICT COLLECTOR JABALPUR_IDA)","Shri Vivek K. Tankha (2022-28) (2022-2028)","Elected MP","Tripathi ji ke makan se Saxena ji ke makan tak, CC Road nirman kary, Gulab Singh ward, Vidhan sabha Pashchim, District Jabalpur (mention in letter no.3264 at column no.10)","15-Sep-2023","235000","05-Oct-2023"
"577","Normal/Others","WS/MP106/2024-2025/21251-Construction of roads, link roads, pathways or any other road with or without drainage system","Madhya Pradesh","JABALPUR(DISTRICT COLLECTOR JABALPUR_IDA)","Shri Vivek K. Tankha (2022-28) (2022-2028)","Elected MP","Gram panchayat Hulki, Janpad Panchayat Jabalpur ke gram Hulki ki Primary School / Middle school compound main Shade nirman evam pevar block lagane ka kary, Vidhan Sabha Bargi, District Jabalpur (mention in letter no. 3249 at Colomn no.1)","15-Sep-2023","500000","14-Aug-2024"
"578","Normal/Others","WS/MP106/2023-2024/1642-Construction of roads, link roads, pathways or any other road with or without drainage system","Madhya Pradesh","JABALPUR(DISTRICT COLLECTOR JABALPUR_IDA)","Shri Vivek K. Tankha (2022-28) (2022-2028)","Elected MP","Dr Vivek Gupta ke makan se Bhatija ke makan tak evam Sharma ji ke Makan se Taneja ji ke makan tak evam Mahroliya ji ke makan ke samne Damlikaran kary, Gwarighat ward, Vidhan Sabha Pashchim, District Jabalpur (mention in letter no.3126 at column no.4)","26-Jun-2023","144000","05-Oct-2023"
"579","Normal/Others","WS/MP106/2023-2024/1643-Construction of roads, link roads, pathways or any other road with or without drainage system","Madhya Pradesh","JABALPUR(DISTRICT COLLECTOR JABALPUR_IDA)","Shri Vivek K. Tankha (2022-28) (2022-2028)","Elected MP","Pramendra Singh Thakur ke makan se Tiwari ji ke makan tak evam Singrol ji ke makan se Chaturvedi ji ke makan tak, Damlikaran kary, Gwarighat ward, Vidhan Sabha Pashchim, District Jabalpur (mention in letter no.3126 at column no.5)","26-Jun-2023","140000","05-Oct-2023"
"580","Normal/Others","WS/MP106/2023-2024/1644-Construction of roads, link roads, pathways or any other road with or without drainage system","Madhya Pradesh","JABALPUR(DISTRICT COLLECTOR JABALPUR_IDA)","Shri Vivek K. Tankha (2022-28) (2022-2028)","Elected MP","Main Road se Pachori ji ke makan tak Damlikaran kary, Gwarighat ward, Vidhan Sabha Pashchim, District Jabalpur (mention in letter no.3126 at column no.6)","26-Jun-2023","218000","05-Oct-2023"
"581","Normal/Others","WS/MP106/2023-2024/1645-Construction of roads, link roads, pathways or any other road with or without drainage system","Madhya Pradesh","JABALPUR(DISTRICT COLLECTOR JABALPUR_IDA)","Shri Vivek K. Tankha (2022-28) (2022-2028)","Elected MP","Choudhary ji ke makan se Pandey ji ke makan tak Pevar block lagane ka kary, Dada Babu rao Paranjpe ward, Vidhan Sabha Pashchim, District Jabalpur (mention in letter no.3126 at column no.8)","26-Jun-2023","235000","05-Oct-2023"
"582","Normal/Others","WS/MP106/2023-2024/1646-Construction of roads, link roads, pathways or any other road with or without drainage system","Madhya Pradesh","JABALPUR(DISTRICT COLLECTOR JABALPUR_IDA)","Shri Vivek K. Tankha (2022-28) (2022-2028)","Elected MP","Sahgal ji ke makan se Bhardwaj ji ke makan tak Pevar block lagane ka kary, Dada Babu rao Paranjpe ward, Vidhan Sabha Pashchim, District Jabalpur (mention in letter no.3126 at column no.7)","26-Jun-2023","236000","05-Oct-2023"
"583","Normal/Others","WS/MP107/2023-2024/90549-Construction of flood control embankments/ protection walls along riverbanks, hilltops, roadsides","Madhya Pradesh","JABALPUR(DISTRICT COLLECTOR JABALPUR_IDA)","Smt. Sumitra Balmik (2022-28) (2022-2028)","Elected MP","Construction of Check dam (Flood control embankment)","28-Jan-2024","1700000","04-Mar-2024"
"584","Normal/Others","WS/MP107/2023-2024/90550-Construction of flood control embankments/ protection walls along riverbanks, hilltops, roadsides","Madhya Pradesh","JABALPUR(DISTRICT COLLECTOR JABALPUR_IDA)","Smt. Sumitra Balmik (2022-28) (2022-2028)","Elected MP","Construction of Flood Control Embankment (Check dam) in village Sukha","28-Jan-2024","1800000","04-Mar-2024"
"585","Normal/Others","NA-Construction of shelters for animals","Madhya Pradesh","JABALPUR(DISTRICT COLLECTOR JABALPUR_IDA)","Shri Vivek K. Tankha (2022-28) (2022-2028)","Elected MP","Shri Geetadham Goushala Samiti Gwarighat Jabalpur, Panjiyan Kramank 485-4-4-2003, dwara chalit Goushala me Govansh hetu Teen Shed nirman, Jabalpur","03-Jan-2026","300000","NA"
"586","Normal/Others","NA-Purchase of mobile water tankers","Madhya Pradesh","JABALPUR(DISTRICT COLLECTOR JABALPUR_IDA)","Shri Vivek K. Tankha (2022-28) (2022-2028)","Elected MP","Ek nag GI Water Tanker with Sprinkler System and Sefty Norms 8213, Capacity 5500 Liter with 900X16 Number ke Naye Tyre Tube, Gram Panchayat Sarond, Janpad Panchayat Patan, Jabalpur (mention in letter 4424 at column no.2)","25-Jul-2026","165850","NA"
"587","Normal/Others","NA-Purchase of mobile water tankers","Madhya Pradesh","JABALPUR(DISTRICT COLLECTOR JABALPUR_IDA)","Shri Vivek K. Tankha (2022-28) (2022-2028)","Elected MP","Ek nag GI Water Tanker with Sprinkler System and Sefty Norms 8213, Capacity 5500 Liter with 900X16 Number ke Naye Tyre Tube, Gram Panchayat Nichi, Janpad Panchayat Patan, Jabalpur (mention in letter no.4424 at column no.3)","25-Jul-2026","165850","NA"
"588","Normal/Others","NA-Purchase of mobile water tankers","Madhya Pradesh","JABALPUR(DISTRICT COLLECTOR JABALPUR_IDA)","Shri Vivek K. Tankha (2022-28) (2022-2028)","Elected MP","Ek nag GI Water Tanker with Sprinkler System and Sefty Norms 8213, Capacity 5500 Liter with 900X16 Number ke Naye Tyre Tube, Gram Panchayat  Bhartari (Sarond), Janpad Panchayat Patan, Jabalpur (mention in letter no.4424 at column no.1)","27-Jul-2026","165850","NA"
"589","Normal/Others","WS/MP106/2025-2026/230314-Purchase of mobile water tankers","Madhya Pradesh","JABALPUR(DISTRICT COLLECTOR JABALPUR_IDA)","Shri Vivek K. Tankha (2022-28) (2022-2028)","Elected MP","2 Nag Water Tanker 5000 Liter Capacity Fire Fighter Pump wala 900x16 number ke naye Tyre Tube sahit, Gram Baroda, Gram Panchayat Baroda (Chhedi), Janpad Panchayat Patan, Jabalpur(mention in letter no.4146 at column no.1)","30-Aug-2025","381860","29-Sep-2025"
"590","Normal/Others","WS/MP106/2025-2026/230377-Purchase of mobile water tankers","Madhya Pradesh","JABALPUR(DISTRICT COLLECTOR JABALPUR_IDA)","Shri Vivek K. Tankha (2022-28) (2022-2028)","Elected MP","1 Nag Water Tanker, 5500 Liter Capacity wale with 900x16 Number ke naye tyre tube sahit, Gram Baroda, Gram Panchayat Baroda (Chhedi), Janpad Panchayat Patan hetu, Jabalpur (mention in letter no.4146 at column no.2)","30-Aug-2025","159212","29-Sep-2025"
"591","Normal/Others","WS/MP106/2025-2026/192686-Purchase of mobile water tankers","Madhya Pradesh","JABALPUR(DISTRICT COLLECTOR JABALPUR_IDA)","Shri Vivek K. Tankha (2022-28) (2022-2028)","Elected MP","Ek Nag water Tanker 5000 Liter Capacity wala, 9.00X16 number wale naye Tyre Tube Sahit, Gram Panchayat Bhamhnodi, Janpad Panchayat Panagar, District Jabalpur hetu","19-Apr-2025","159212","23-Jul-2025"
"592","Normal/Others","WS/MP106/2025-2026/206964-Purchase of mobile water tankers","Madhya Pradesh","JABALPUR(DISTRICT COLLECTOR JABALPUR_IDA)","Shri Vivek K. Tankha (2022-28) (2022-2028)","Elected MP","2 nag Water Tanker 5000 liter Chhamta may 9.00X16 number ke naye tyre tube sahit, Nagar Parishad Bhedaghat hetu, District Jabalpur","06-Jun-2025","318424","21-Jul-2025"
"593","Normal/Others","WS/MP106/2025-2026/206966-Purchase of mobile water tankers","Madhya Pradesh","JABALPUR(DISTRICT COLLECTOR JABALPUR_IDA)","Shri Vivek K. Tankha (2022-28) (2022-2028)","Elected MP","1 nag Water Tanker 5000 liter Chhamta may 9.00X16 number ke naye tyre tube sahit, Tehsil Majholi ke gram Anghora Gram Panchayat Luhari Anghora hetu, District Jabalpur","06-Jun-2025","159212","21-Jul-2025"
"594","Normal/Others","WS/MP106/2025-2026/206968-Purchase of mobile water tankers","Madhya Pradesh","JABALPUR(DISTRICT COLLECTOR JABALPUR_IDA)","Shri Vivek K. Tankha (2022-28) (2022-2028)","Elected MP","2 nag Water Tanker 5000 liter Chhamta may 9.00X16 number ke naye tyre tube sahit, Nagar Parishad katangi ward no.3 hetu, District Jabalpur","06-Jun-2025","318424","21-Jul-2025"
"595","Normal/Others","WS/MP106/2025-2026/206969-Purchase of mobile water tankers","Madhya Pradesh","JABALPUR(DISTRICT COLLECTOR JABALPUR_IDA)","Shri Vivek K. Tankha (2022-28) (2022-2028)","Elected MP","1 nag Water Tanker 5000 liter Chhamta may 9.00X16 number ke naye tyre tube sahit, Gram Panchayat Lalpur, Janpad Panchayat Shahpura hetu, District Jabalpur","06-Jun-2025","159212","21-Jul-2025"
"596","Normal/Others","WS/MP106/2025-2026/206970-Purchase of mobile water tankers","Madhya Pradesh","JABALPUR(DISTRICT COLLECTOR JABALPUR_IDA)","Shri Vivek K. Tankha (2022-28) (2022-2028)","Elected MP","1 nag Water Tanker 5000 liter Chhamta may 9.00X16 number ke naye tyre tube sahit, Gram Panchayat Lamkana, Janpad Panchayat Majholi hetu, District Jabalpur","06-Jun-2025","159212","21-Jul-2025"
"597","Normal/Others","WS/MP106/2025-2026/206971-Purchase of mobile water tankers","Madhya Pradesh","JABALPUR(DISTRICT COLLECTOR JABALPUR_IDA)","Shri Vivek K. Tankha (2022-28) (2022-2028)","Elected MP","1 nag Water Tanker 5000 liter Chhamta may 9.00X16 number ke naye tyre tube sahit, Gram Panchayat Bilgada, Janpad evam jila Panchayat Jabalpur hetu, District Jabalpur","06-Jun-2025","159212","21-Jul-2025"
"598","Normal/Others","WS/MP106/2025-2026/206972-Purchase of mobile water tankers","Madhya Pradesh","JABALPUR(DISTRICT COLLECTOR JABALPUR_IDA)","Shri Vivek K. Tankha (2022-28) (2022-2028)","Elected MP","1 nag Water Tanker 5000 liter Chhamta may 9.00X16 number ke naye tyre tube sahit, Gram Panchayat Harduwa Kalan, Janpad Panchayat Majholi hetu, District Jabalpur (Mention in letter no.4071 at Column no.1)","06-Jun-2025","159212","21-Jul-2025"
"599","Normal/Others","WS/MP106/2025-2026/206973-Purchase of mobile water tankers","Madhya Pradesh","JABALPUR(DISTRICT COLLECTOR JABALPUR_IDA)","Shri Vivek K. Tankha (2022-28) (2022-2028)","Elected MP","1 nag Water Tanker 5000 liter Chhamta may 9.00X16 number ke naye tyre tube sahit, Gram Panchayat Lakhanpur, Janpad Panchayat Majholi hetu, District Jabalpur (Mention in letter no.4071 at Column no.2)","06-Jun-2025","159212","21-Jul-2025"
"600","Normal/Others","WS/MP106/2025-2026/219548-Purchase of mobile water tankers","Madhya Pradesh","JABALPUR(DISTRICT COLLECTOR JABALPUR_IDA)","Shri Vivek K. Tankha (2022-28) (2022-2028)","Elected MP","Ek water Tanker 5000 Liter Kshamta, Fire Fighter pump wala, 900x16 number ke naye Tyre Tube Sahit, Gram Panchayat Manda, Janpad Panchayat Patan, Jabalpur","18-Jul-2025","190930","29-Sep-2025"
"601","Normal/Others","WS/MP106/2025-2026/219713-Purchase of mobile water tankers","Madhya Pradesh","JABALPUR(DISTRICT COLLECTOR JABALPUR_IDA)","Shri Vivek K. Tankha (2022-28) (2022-2028)","Elected MP","Ek Nag Water Tanker 5000 liter Capacity with Fire Fighter Pump Sahit, 900x16 number ke naye Tyre Tube ke sath, Gram Panchayat Bagaswahi, Janpad Panchayat Patan, District Jabalpur","18-Jul-2025","190930","29-Sep-2025"
"602","Normal/Others","WS/MP106/2024-2025/138143-Purchase of mobile water tankers","Madhya Pradesh","JABALPUR(DISTRICT COLLECTOR JABALPUR_IDA)","Shri Vivek K. Tankha (2022-28) (2022-2028)","Elected MP","Ek water tanker 5000 leter kshamta wala 9.00X16 number ke naye tyre tube sahit, Gram panchayat Garda Khamariya, Janpad Panchayat Panagar main pradan krne hetu, District Jabalpur","02-Sep-2024","160761","05-Mar-2025"
"603","Normal/Others","WS/MP106/2024-2025/138427-Purchase of mobile water tankers","Madhya Pradesh","JABALPUR(DISTRICT COLLECTOR JABALPUR_IDA)","Shri Vivek K. Tankha (2022-28) (2022-2028)","Elected MP","Ek nag water Tanker capacity 5000 leter with 9.00X16 number ke New Tyre Tube Sahit, Gram Panchayat Dhangawan, Janpad Panchayat Majholi ke gram Dhangawan hetu, Vidhansabha Patan, District Jabalpur","02-Sep-2024","160761","05-Mar-2025"
"604","Normal/Others","WS/MP106/2025-2026/234627-Construction of flood control embankments/ protection walls along riverbanks, hilltops, roadsides","Madhya Pradesh","JABALPUR(DISTRICT COLLECTOR JABALPUR_IDA)","Shri Vivek K. Tankha (2022-28) (2022-2028)","Elected MP","Gram Panchayat Ghughara, Janpad Panchayat Kundam ke gram Masuri Kachhar main Badi Sarsi Chuniha wale Nale ke pas Nadi main Retaining wall banane hetu, Jabalpur","16-Sep-2025","500000","01-Dec-2025"
"605","Normal/Others","WS/MP107/2025-2026/227565-Construction of flood control embankments/ protection walls along riverbanks, hilltops, roadsides","Madhya Pradesh","JABALPUR(DISTRICT COLLECTOR JABALPUR_IDA)","Smt. Sumitra Balmik (2022-28) (2022-2028)","Elected MP","Construction of check Daman near shantidham Village Anding Gram Panchayat Sukha","18-Aug-2025","2000000","29-Sep-2025"
"606","Normal/Others","NA-Construction of shelters for animals","Madhya Pradesh","JABALPUR(DISTRICT COLLECTOR JABALPUR_IDA)","Shri Vivek K. Tankha (2022-28) (2022-2028)","Elected MP","Shri Gitadham Gaushala Samiti Gaurighat Jabalpur Panjiya Kramank 485-4-4-2003 ke dwara Sanchalit Gaushala me Shed nirman hetu, Jabalpur","13-May-2026","300000","NA"
"607","Normal/Others","NA-Installing tube-wells and borewells","Madhya Pradesh","JABALPUR(DISTRICT COLLECTOR JABALPUR_IDA)","Shri Vivek K. Tankha (2022-28) (2022-2028)","Elected MP","Ek Nag Borewell Khanan, Maharshi Sudarshan Ward no. 64 me Bajrang Nagar me, Jabalpur","12-Jul-2026","200000","NA"
"608","Normal/Others","WS/MP106/2023-2024/1522-Providing supply pipelines for drinking water","Madhya Pradesh","JABALPUR(DISTRICT COLLECTOR JABALPUR_IDA)","Shri Vivek K. Tankha (2022-28) (2022-2028)","Elected MP","Gram Panchayat Richhai, Janpad Panchayat Jabalpur Sharda Nagar ke gram purva main Motor evam pipe line dwara jal suply hetu, vidhan Sabha Panagar, District Jabalpur","23-Jun-2023","300000","06-Oct-2023"
"609","Normal/Others","WS/MP106/2023-2024/21212-Providing drains and gutters for public drainage","Madhya Pradesh","JABALPUR(DISTRICT COLLECTOR JABALPUR_IDA)","Shri Vivek K. Tankha (2022-28) (2022-2028)","Elected MP","Sadhna Sinha ke makan se Dinesh Yadav ke makan tak, Soni Colony main Nali nirman kary, Tripuri ward, Vidhan sabha Pashchim, District Jabalpur (mention in letter no.3264 at column no.8)","15-Sep-2023","160000","05-Oct-2023"
"610","Normal/Others","WS/MP107/2023-2024/90535-Providing drains and gutters for public drainage","Madhya Pradesh","JABALPUR(DISTRICT COLLECTOR JABALPUR_IDA)","Smt. Sumitra Balmik (2022-28) (2022-2028)","Elected MP","Construction of Drain in village Sukha","28-Jan-2024","1500000","04-Mar-2024"
"611","Normal/Others","WS/MP107/2025-2026/108002-Providing drains and gutters for public drainage","Madhya Pradesh","JABALPUR(DISTRICT COLLECTOR JABALPUR_IDA)","Smt. Sumitra Balmik (2022-28) (2022-2028)","Elected MP","Construction of Drain From the house of Shri Anthoni Pal  to Shri Chouhan Ji","18-Feb-2024","236000","23-Jul-2025"
"612","Normal/Others","WS/MP107/2025-2026/192441-Providing drains and gutters for public drainage","Madhya Pradesh","JABALPUR(DISTRICT COLLECTOR JABALPUR_IDA)","Smt. Sumitra Balmik (2022-28) (2022-2028)","Elected MP","Drain construction work from Rangmanch towards Ramesh Diwan house in village Deori Sahajpura","25-Apr-2025","1499000","01-Jun-2025"
"613","Normal/Others","NA-Providing drains and gutters for public drainage","Madhya Pradesh","JABALPUR(DISTRICT COLLECTOR JABALPUR_IDA)","Smt. Sumitra Balmik (2022-28) (2022-2028)","Elected MP","CC drain construction work from Vijay Paras' house to the drain, Nirmal Chand Ward, Jabalpur","03-Jan-2025","150000","NA"
"614","Normal/Others","WS/MP107/2026-2027/283916-Providing drains and gutters for public drainage","Madhya Pradesh","JABALPUR(DISTRICT COLLECTOR JABALPUR_IDA)","Smt. Sumitra Balmik (2022-28) (2022-2028)","Elected MP","Construction of drain using RCC hume Pipe from the house of the Kanju Choudhary towards the house of Jyoti Choubey in GP Sukha","26-May-2026","1500000","30-Jun-2026"
"615","Normal/Others","WS/MP107/2026-2027/283918-Providing drains and gutters for public drainage","Madhya Pradesh","JABALPUR(DISTRICT COLLECTOR JABALPUR_IDA)","Smt. Sumitra Balmik (2022-28) (2022-2028)","Elected MP","Construction of Drainage - RCC Hume Pipe from the house of Prabhu Gond to the house of Balram Gond","26-May-2026","2000000","30-Jun-2026"
"616","Normal/Others","WS/MP107/2026-2027/227016-Providing drains and gutters for public drainage","Madhya Pradesh","JABALPUR(DISTRICT COLLECTOR JABALPUR_IDA)","Smt. Sumitra Balmik (2022-28) (2022-2028)","Elected MP","RCC drain construction work from Anil Patwari house to Vinod Nahar tall, Ward No. 9 Munshi Premchand Ward Shahpura Bhitoni","14-Aug-2025","1038814.27","23-Jun-2026"
"617","Normal/Others","WS/MP107/2026-2027/283902-Construction of roads, link roads, pathways or any other road with or without drainage system","Madhya Pradesh","JABALPUR(DISTRICT COLLECTOR JABALPUR_IDA)","Smt. Sumitra Balmik (2022-28) (2022-2028)","Elected MP","Construction of link road with drainage in village Bhidari Khurd approach road to GP Bhidari Khurd","26-May-2026","1000000","30-Jun-2026"
"618","Normal/Others","WS/MP107/2026-2027/283920-Construction of roads, link roads, pathways or any other road with or without drainage system","Madhya Pradesh","JABALPUR(DISTRICT COLLECTOR JABALPUR_IDA)","Smt. Sumitra Balmik (2022-28) (2022-2028)","Elected MP","Construction of CC Road from the house of Tikaram Yadav to the house of Kapil Tiwari","26-May-2026","1500000","30-Jun-2026"
"619","Normal/Others","WS/MP107/2026-2027/293120-Construction of roads, link roads, pathways or any other road with or without drainage system","Madhya Pradesh","JABALPUR(DISTRICT COLLECTOR JABALPUR_IDA)","Smt. Sumitra Balmik (2022-28) (2022-2028)","Elected MP","CC Road construction in Gram Panchayat Luhari khasra no 58/1","08-Jul-2026","2500000","28-Jul-2026"
"620","Normal/Others","WS/MP107/2026-2027/293122-Construction of roads, link roads, pathways or any other road with or without drainage system","Madhya Pradesh","JABALPUR(DISTRICT COLLECTOR JABALPUR_IDA)","Smt. Sumitra Balmik (2022-28) (2022-2028)","Elected MP","Construction of CC Road in Village Deori from PWD road to Shantidham","08-Jul-2026","2500000","03-Aug-2026"
"621","Normal/Others","WS/MP106/2025-2026/230394-Construction of roads, link roads, pathways or any other road with or without drainage system","Madhya Pradesh","JABALPUR(DISTRICT COLLECTOR JABALPUR_IDA)","Shri Vivek K. Tankha (2022-28) (2022-2028)","Elected MP","Maharshi Mahesh Yogi ward main Mukhya Sadak se Symbiosis Higher Secondary School tak jane wale marg main Paver Block Lagane hetu, Jabalpur","30-Aug-2025","300000","31-Jan-2026"
"622","Normal/Others","WS/MP107/2025-2026/227566-Construction of roads, link roads, pathways or any other road with or without drainage system","Madhya Pradesh","JABALPUR(DISTRICT COLLECTOR JABALPUR_IDA)","Smt. Sumitra Balmik (2022-28) (2022-2028)","Elected MP","Construction of CC road on Chharpat route near Village chharpat","18-Aug-2025","2000000","29-Sep-2025"
"623","Normal/Others","WS/MP106/2025-2026/228235-Construction of roads, link roads, pathways or any other road with or without drainage system","Madhya Pradesh","JABALPUR(DISTRICT COLLECTOR JABALPUR_IDA)","Shri Vivek K. Tankha (2022-28) (2022-2028)","Elected MP","Gram Sahdara, Gram Panchayat Sahdara, Janpad Panchayat Kundam ke Keri Tola mukhya marg se Basti tak CC Road nirman, Jabalpur","21-Aug-2025","500000","29-Sep-2025"
"624","Normal/Others","WS/MP106/2025-2026/237889-Construction of roads, link roads, pathways or any other road with or without drainage system","Madhya Pradesh","JABALPUR(DISTRICT COLLECTOR JABALPUR_IDA)","Shri Vivek K. Tankha (2022-28) (2022-2028)","Elected MP","Gram panchayat Amarpur, Janpad Panchayat Patan ke gram Amarpur main Mukhy marg se Shaligram ke ghar ki aor CC road  sah Nali nirman, Jabalpur","25-Sep-2025","500000","02-Dec-2025"
"625","Normal/Others","WS/MP18316/2024-2025/166080-Construction of roads, link roads, pathways or any other road with or without drainage system","Madhya Pradesh","JABALPUR(DISTRICT COLLECTOR JABALPUR_IDA)","Smt. Maya Naroliya (2024-30) (2024-2030)","Elected MP","Gram Katori main panchayat bhawan ki aur CC road nirman","18-Jan-2025","1000000","02-Mar-2025"
"626","Normal/Others","WS/MP18316/2024-2025/166081-Construction of roads, link roads, pathways or any other road with or without drainage system","Madhya Pradesh","JABALPUR(DISTRICT COLLECTOR JABALPUR_IDA)","Smt. Maya Naroliya (2024-30) (2024-2030)","Elected MP","Gram Jamuniya main Sattulal ke ghar se Lakhanlal ke ghar ki aur CC road nirman","18-Jan-2025","1000000","02-Mar-2025"
"627","Normal/Others","WS/MP18316/2024-2025/166082-Construction of roads, link roads, pathways or any other road with or without drainage system","Madhya Pradesh","JABALPUR(DISTRICT COLLECTOR JABALPUR_IDA)","Smt. Maya Naroliya (2024-30) (2024-2030)","Elected MP","Gram Singouri main Kamal ke ghar se CC road ki aur CC road nirman","18-Jan-2025","1000000","02-Mar-2025"
"628","Normal/Others","WS/MP107/2025-2026/162299-Construction of roads, link roads, pathways or any other road with or without drainage system","Madhya Pradesh","JABALPUR(DISTRICT COLLECTOR JABALPUR_IDA)","Smt. Sumitra Balmik (2022-28) (2022-2028)","Elected MP","CC road construction work from Shailendra Singh's house to Vishwakarma ji's house, Nirmal Chand Jain Ward","03-Jan-2025","177911","18-Jul-2025"
"629","Normal/Others","WS/MP106/2024-2025/166880-Construction of roads, link roads, pathways or any other road with or without drainage system","Madhya Pradesh","JABALPUR(DISTRICT COLLECTOR JABALPUR_IDA)","Shri Vivek K. Tankha (2022-28) (2022-2028)","Elected MP","Gram Khinni, Gram Panchayat Khinni, Janpad Panchayat Majholi main Dayaram Ke Ghar se main road evam Main road se Rajjan Kol ke ghar tak Paver Block kary, Jabalpur","20-Jan-2025","600000","10-Mar-2025"
"630","Normal/Others","WS/MP106/2024-2025/166881-Construction of roads, link roads, pathways or any other road with or without drainage system","Madhya Pradesh","JABALPUR(DISTRICT COLLECTOR JABALPUR_IDA)","Shri Vivek K. Tankha (2022-28) (2022-2028)","Elected MP","Gram Archha, Gram Panchayat Archha, Janpad Panchayat Patan main Samudayik Bhawan Parisar main Paver Block kary, Jabalpur","20-Jan-2025","600000","02-Mar-2025"
"631","Normal/Others","WS/MP106/2024-2025/174840-Construction of roads, link roads, pathways or any other road with or without drainage system","Madhya Pradesh","JABALPUR(DISTRICT COLLECTOR JABALPUR_IDA)","Shri Vivek K. Tankha (2022-28) (2022-2028)","Elected MP","Gram panchayat Lamkana, Janpad panchayat Majholi ke gram Lamkana main Ashok Agrawal ke Ghar se Ankul Sen ke Ghar ki aur CC road Nirman kary, Jabalpur","10-Feb-2025","300000","28-Mar-2025"
"632","Normal/Others","WS/MP107/2025-2026/215724-Construction of roads, link roads, pathways or any other road with or without drainage system","Madhya Pradesh","JABALPUR(DISTRICT COLLECTOR JABALPUR_IDA)","Smt. Sumitra Balmik (2022-28) (2022-2028)","Elected MP","CC Road construction work in front of Shri Rajjan Kevat Abdul Hameed Ward","08-Jul-2025","222000","30-Jan-2026"
"633","Normal/Others","WS/MP107/2025-2026/215726-Construction of roads, link roads, pathways or any other road with or without drainage system","Madhya Pradesh","JABALPUR(DISTRICT COLLECTOR JABALPUR_IDA)","Smt. Sumitra Balmik (2022-28) (2022-2028)","Elected MP","CC Road construction work in front of Vaishali Pasi house Abdul Hameed Ward Jabalpur.","08-Jul-2025","199000","30-Jan-2026"
"634","Normal/Others","WS/MP107/2025-2026/215727-Construction of roads, link roads, pathways or any other road with or without drainage system","Madhya Pradesh","JABALPUR(DISTRICT COLLECTOR JABALPUR_IDA)","Smt. Sumitra Balmik (2022-28) (2022-2028)","Elected MP","CC Road construction work in front of Shri Surendra Nath Sahu Abdul Hameed Ward Jabalpur","08-Jul-2025","220000","30-Jan-2026"
"635","Normal/Others","WS/MP107/2025-2026/215730-Construction of roads, link roads, pathways or any other road with or without drainage system","Madhya Pradesh","JABALPUR(DISTRICT COLLECTOR JABALPUR_IDA)","Smt. Sumitra Balmik (2022-28) (2022-2028)","Elected MP","CC Road construction work in front of Mr. Rajesh Kori house Abdul Hameed Ward, Jabalpur","08-Jul-2025","198000","30-Jan-2026"
"636","Normal/Others","WS/MP107/2025-2026/215733-Construction of roads, link roads, pathways or any other road with or without drainage system","Madhya Pradesh","JABALPUR(DISTRICT COLLECTOR JABALPUR_IDA)","Smt. Sumitra Balmik (2022-28) (2022-2028)","Elected MP","CC Road construction work from Shri Pratham Pali to Shri Roop Lal Abdul Hameed Ward Jabalpur","08-Jul-2025","196000","30-Jan-2026"
"637","Normal/Others","WS/MP107/2025-2026/215551-Construction of roads, link roads, pathways or any other road with or without drainage system","Madhya Pradesh","JABALPUR(DISTRICT COLLECTOR JABALPUR_IDA)","Smt. Sumitra Balmik (2022-28) (2022-2028)","Elected MP","CC cum drain construction work from Bali Kachhi house towards Shivcharan Chadhar house, Village - Padwar","08-Jul-2025","1500000","01-Aug-2025"
"638","Normal/Others","WS/MP107/2026-2027/227015-Construction of roads, link roads, pathways or any other road with or without drainage system","Madhya Pradesh","JABALPUR(DISTRICT COLLECTOR JABALPUR_IDA)","Smt. Sumitra Balmik (2022-28) (2022-2028)","Elected MP","CC Road construction work from Anil Patwari house to Vinod Nahar Tall, Ward No. 9 Munshi Premchand Ward Shahpura Bhitoni","14-Aug-2025","1461185.73","23-Jun-2026"
"639","Normal/Others","WS/MP106/2025-2026/227572-Construction of roads, link roads, pathways or any other road with or without drainage system","Madhya Pradesh","JABALPUR(DISTRICT COLLECTOR JABALPUR_IDA)","Shri Vivek K. Tankha (2022-28) (2022-2028)","Elected MP","Gram Maniyari, Gram Panchayat Gudgawan, Gram Panchayat Gudgawan, Janpad Panchayat Panagar main Khermai se Puliya Shala bhawan ki aur CC Road nirman, Jabalpur","18-Aug-2025","500000","29-Sep-2025"
"640","Normal/Others","WS/MP106/2025-2026/197580-Construction of roads, link roads, pathways or any other road with or without drainage system","Madhya Pradesh","JABALPUR(DISTRICT COLLECTOR JABALPUR_IDA)","Shri Vivek K. Tankha (2022-28) (2022-2028)","Elected MP","Gram Deori, Gram Panchayat Deori (Sahajpura), Janpad Panchayat Majholi main Shantidham me Paver Block Lagane hetu, Jabalpur","07-May-2025","720000","02-Jul-2025"
"641","Normal/Others","WS/MP106/2025-2026/206952-Construction of roads, link roads, pathways or any other road with or without drainage system","Madhya Pradesh","JABALPUR(DISTRICT COLLECTOR JABALPUR_IDA)","Shri Vivek K. Tankha (2022-28) (2022-2028)","Elected MP","Gram Panchayat Dundi, Janpad Panchayat Patan ke gram Dundi main Sarpanch ke ghar se Mukhya Marg tak CC Road evam Nali niraman, Jabalpur","06-Jun-2025","500000","01-Aug-2025"
"642","Normal/Others","WS/MP106/2025-2026/205969-Construction of roads, link roads, pathways or any other road with or without drainage system","Madhya Pradesh","JABALPUR(DISTRICT COLLECTOR JABALPUR_IDA)","Shri Vivek K. Tankha (2022-28) (2022-2028)","Elected MP","Gram panchayat Pondi Khurd, Janpad Panchayat Patan ke gram Madwa main Nali sahit CC Road Nirman, Jabalpur","02-Jun-2025","600000","13-Aug-2025"
"643","Normal/Others","WS/MP106/2025-2026/206253-Construction of roads, link roads, pathways or any other road with or without drainage system","Madhya Pradesh","JABALPUR(DISTRICT COLLECTOR JABALPUR_IDA)","Shri Vivek K. Tankha (2022-28) (2022-2028)","Elected MP","Gram panchayat Nuniya Kalan, Janpad Panchayat Panagar ke Gram Mohlahir main CC road Sah Nali Nirman, District Jabalpur","03-Jun-2025","600000","07-Jul-2025"
"644","Normal/Others","WS/MP106/2025-2026/227443-Construction of footpaths and pedestrian ways","Madhya Pradesh","JABALPUR(DISTRICT COLLECTOR JABALPUR_IDA)","Shri Vivek K. Tankha (2022-28) (2022-2028)","Elected MP","Gram Khinni, Gram Panchayat Khinni, Janpad Panchayat Majholi sthit Shantidham main Paver Block Lagane hetu, District Jabalpur","17-Aug-2025","500000","29-Sep-2025"
"645","Normal/Others","NA-Construction of roads, link roads, pathways or any other road with or without drainage system","Madhya Pradesh","JABALPUR(DISTRICT COLLECTOR JABALPUR_IDA)","Shri Vivek K. Tankha (2022-28) (2022-2028)","Elected MP","Gram Panchayat Padariya, Janpad Panchyat Majholi, 27 meel par sthit Goushala me Paver Block lagane hetu, Jabalpur","17-Jan-2026","200000","NA"
"646","Normal/Others","WS/MP106/2026-2027/259595-Construction of roads, link roads, pathways or any other road with or without drainage system","Madhya Pradesh","JABALPUR(DISTRICT COLLECTOR JABALPUR_IDA)","Shri Vivek K. Tankha (2022-28) (2022-2028)","Elected MP","Gram Panchayat Sataveli, Janpad Panchayat Kundam ke Gram Majhgawan me khermata ke pas Paver Block Lagane hetu, Jabalpur","17-Jan-2026","600000","27-May-2026"
"647","Repair and Renovation","WS/MP107/2025-2026/227564-Construction of culverts and bridges","Madhya Pradesh","JABALPUR(DISTRICT COLLECTOR JABALPUR_IDA)","Smt. Sumitra Balmik (2022-28) (2022-2028)","Elected MP","Construction of culvert and connecting road in Village Mahgaon Gram Panchayat Daman Khamariya","18-Aug-2025","2000000","14-Oct-2025"
"648","Normal/Others","WS/MP106/2025-2026/219715-Construction of culverts and bridges","Madhya Pradesh","JABALPUR(DISTRICT COLLECTOR JABALPUR_IDA)","Shri Vivek K. Tankha (2022-28) (2022-2028)","Elected MP","Gram Panchayat Saroli, Janpad Panchayat Kundam ke Poshak Gram Garyari main Puliya Nirman Kary, District Jabalpur","18-Jul-2025","650000","13-Aug-2025"
"649","Normal/Others","WS/MP106/2025-2026/205970-Construction of culverts and bridges","Madhya Pradesh","JABALPUR(DISTRICT COLLECTOR JABALPUR_IDA)","Shri Vivek K. Tankha (2022-28) (2022-2028)","Elected MP","Gram Panchayat Kude Harduli, Janpad Panchayat Kundam main Gram Kude Harduli se Menpathari pahuch marg par Puliya Nirman, Jabalpur","02-Jun-2025","650000","01-Aug-2025"
"650","Normal/Others","WS/MP106/2023-2024/1647-Construction of culverts and bridges","Madhya Pradesh","JABALPUR(DISTRICT COLLECTOR JABALPUR_IDA)","Shri Vivek K. Tankha (2022-28) (2022-2028)","Elected MP","Sethi ji ke makan ke pas Pulia nirman kary Indrpuri, Dada Babu rao Paranjpe ward, Vidhan Sabha Pashchim, District Jabalpur (mention in letter no.3126 at column no.9)","26-Jun-2023","129000","05-Oct-2023"
"651","Normal/Others","WS/MP106/2025-2026/1464-Construction of culverts and bridges","Madhya Pradesh","JABALPUR(DISTRICT COLLECTOR JABALPUR_IDA)","Shri Vivek K. Tankha (2022-28) (2022-2028)","Elected MP","Gram Panchayat Nuniya Kalan, Janpad Panchayat Panagar ke gram Nuniya Kalan ke Bajrai Nala ke pas Puliya nirman, Jabalpur","22-Jun-2023","500000","31-Jan-2026"
"652","Normal/Others","NA-Construction of roads, link roads, pathways or any other road with or without drainage system","Madhya Pradesh","JABALPUR(DISTRICT COLLECTOR JABALPUR_IDA)","Shri Vivek K. Tankha (2022-28) (2022-2028)","Elected MP","Gram panchayat Tikhari, Janpad Panchayat Jabalpur ke gram Ghaghra me sthit Shaskiya Madhyamik Shala Parisar me Tiles evam Paver Block lagane hetu, Jabalpur","02-Aug-2026","300000","NA"
"653","Normal/Others","WS/MP107/2024-2025/108010-Construction of culverts and bridges","Madhya Pradesh","JABALPUR(DISTRICT COLLECTOR JABALPUR_IDA)","Smt. Sumitra Balmik (2022-28) (2022-2028)","Elected MP","Construction of Culvert in village  Badkhera","18-Feb-2024","1000000","10-Jun-2024"
"654","Normal/Others","WS/MP107/2023-2024/97899-Construction of culverts and bridges","Madhya Pradesh","JABALPUR(DISTRICT COLLECTOR JABALPUR_IDA)","Smt. Sumitra Balmik (2022-28) (2022-2028)","Elected MP","Construction of RCC Culvert","05-Feb-2024","1500000","15-Mar-2024"
"655","Normal/Others","WS/MP106/2026-2027/259596-Construction of culverts and bridges","Madhya Pradesh","JABALPUR(DISTRICT COLLECTOR JABALPUR_IDA)","Shri Vivek K. Tankha (2022-28) (2022-2028)","Elected MP","Gram Panchayat Sahdara, Janpad Panchayat Kundam, Gram Sahdara me Dadra Tola jane wale raste me puliya nirman, Jabalpur","17-Jan-2026","600000","27-May-2026"
"656","Normal/Others","WS/MP106/2025-2026/244216-Construction of culverts and bridges","Madhya Pradesh","JABALPUR(DISTRICT COLLECTOR JABALPUR_IDA)","Shri Vivek K. Tankha (2022-28) (2022-2028)","Elected MP","Gram Panchayat Kanti Dhamni, Janpad panchyat Patan ke gram Kanti main Puliya nirman hetu, Jabalpur","27-Oct-2025","500000","13-Dec-2025"
"657","Normal/Others","WS/MP106/2024-2025/34137-Construction of buildings for training institutions","Madhya Pradesh","JABALPUR(DISTRICT COLLECTOR JABALPUR_IDA)","Shri Vivek K. Tankha (2022-28) (2022-2028)","Elected MP","Sakriya Samygdarshan Sahkar Sangh, Toll naka ke pas main road shahpura-Bhitoni, Gram Panchayat Jhojhi, Janpad Panchayat shahpura-Bhitoni main Hathkargha Prashikshan Kendra hetu Bhawan ka nirman, Vidhan Sabha Bargi, district Jabalpur","07-Oct-2023","1000000","17-Aug-2024"
"658","Normal/Others","NA-Construction of buildings for training institutions","Madhya Pradesh","JABALPUR(DISTRICT COLLECTOR JABALPUR_IDA)","Shri Vivek K. Tankha (2022-28) (2022-2028)","Elected MP","Ranital Stadium me sthit Kushti hall me khiladiyon hetu 42X20 Foot aur Unchai 2X6 inch ka Kushti prectice hetu atirikt nirman (Chabutara), Jabalplur","29-Apr-2026","200000","NA"
"659","Normal/Others","WS/MP106/2023-2024/58926-Improvement of electricity distribution infrastructure","Madhya Pradesh","JHABUA(DISTRICT COLLECTOR JHABUA_IDA)","Shri Vivek K. Tankha (2022-28) (2022-2028)","Elected MP","Gram Panchayat Bhoyara, Janpad Panchayat Jhabua, District Madhya Pradesh ke Gram Bhoyara main Transformer, Vidyut Poll evam anya Vidhyutikaran kary hetu, Vidhansabha 193-Jhabua","08-Dec-2023","418000","17-Jan-2024"
"660","Normal/Others","WS/MP106/2023-2024/31160-Purchase of mobile water tankers","Madhya Pradesh","Khargone (West Nimar)(DISTRICT COLLECTOR KHARGONE_IDA)","Shri Vivek K. Tankha (2022-28) (2022-2028)","Elected MP","1 nag water tanker 5500 liter capacity with 9.00X20 including new tyre tube for Gram Pachayat Ashapur, Janpad Panchayat Maheshwar, District Khargone (mention in letter no. 3300 at column no.1)","04-Oct-2023","163176","07-Feb-2024"
"661","Normal/Others","WS/MP106/2023-2024/31164-Purchase of mobile water tankers","Madhya Pradesh","Khargone (West Nimar)(DISTRICT COLLECTOR KHARGONE_IDA)","Shri Vivek K. Tankha (2022-28) (2022-2028)","Elected MP","1 number water tanker 5500 liter capacity with 9.00X20 including new tyre tube for Gram Pachayat Gujarmohna, Janpad Panchayat Maheshwar, District Khargone (mention in letter no. 3300 at column no.2)","04-Oct-2023","163176","07-Feb-2024"
"662","Normal/Others","WS/MP106/2023-2024/31165-Purchase of mobile water tankers","Madhya Pradesh","Khargone (West Nimar)(DISTRICT COLLECTOR KHARGONE_IDA)","Shri Vivek K. Tankha (2022-28) (2022-2028)","Elected MP","1 number water tanker 5500 liter capacity with 9.00X20 including new tyre tube for Gram Pachayat Sirsya, Janpad Panchayat Maheshwar, District Khargone (mention in letter no. 3300 at column no.3)","04-Oct-2023","163176","07-Feb-2024"
"663","Normal/Others","WS/MP106/2023-2024/31167-Purchase of mobile water tankers","Madhya Pradesh","Khargone (West Nimar)(DISTRICT COLLECTOR KHARGONE_IDA)","Shri Vivek K. Tankha (2022-28) (2022-2028)","Elected MP","1 number water tanker 5500 liter capacity with 9.00X20 including new tyre tube for Gram Pachayat Bhaklay, Janpad Panchayat Maheshwar, District Khargone (mention in letter no. 3300 at column no.4)","04-Oct-2023","163176","07-Feb-2024"
"664","Normal/Others","WS/MP106/2023-2024/31169-Purchase of mobile water tankers","Madhya Pradesh","Khargone (West Nimar)(DISTRICT COLLECTOR KHARGONE_IDA)","Shri Vivek K. Tankha (2022-28) (2022-2028)","Elected MP","1 number water tanker 5500 liter capacity with 9.00X20 including new tyre tube for Gram Pachayat Bhagdara, Janpad Panchayat Maheshwar, District Khargone (mention in letter no. 3300 at column no.5)","04-Oct-2023","163176","07-Feb-2024"
"665","Normal/Others","WS/MP106/2023-2024/31170-Purchase of mobile water tankers","Madhya Pradesh","Khargone (West Nimar)(DISTRICT COLLECTOR KHARGONE_IDA)","Shri Vivek K. Tankha (2022-28) (2022-2028)","Elected MP","1 number water tanker 5500 liter capacity with 9.00X20 including new tyre tube for Gram Pachayat Bablai, Janpad Panchayat Maheshwar, District Khargone (mention in letter no. 3300 at column no.6)","04-Oct-2023","163176","07-Feb-2024"
"666","Normal/Others","WS/MP103/2025-2026/209566-Construction of shelters for animals","Madhya Pradesh","Khargone (West Nimar)(DISTRICT COLLECTOR KHARGONE_IDA)","Dr. Kavita Patidar (2022-28) (2022-2028)","Elected MP","Construction of  Tin Shed in Rewa Bhagirathi Deshi Goraksha Shala  in Gram  katghara Janpad panchayat Barwah District khargone","22-Jun-2025","2000000","22-Jul-2025"
"667","Normal/Others","WS/MP103/2023-2024/119890-Construction of shelters for animals","Madhya Pradesh","Khargone (West Nimar)(DISTRICT COLLECTOR KHARGONE_IDA)","Dr. Kavita Patidar (2022-28) (2022-2028)","Elected MP","Shri Reva bhagirath Desi Gauraksha Shala Samiti Gram Ramgarh Tahsil Barwah Dwara Sanchalit Goushala me Shelter (Building) Gram ramgarh GP KATGADA Block Barwah District Khargone","04-Mar-2024","2100000","04-Mar-2024"
"668","Normal/Others","WS/MP18284/2025-2026/179318-Construction of roads, link roads, pathways or any other road with or without drainage system","Madhya Pradesh","Khargone (West Nimar)(DISTRICT COLLECTOR KHARGONE_IDA)","Shri Ashok Singh (2024-30) (2024-2030)","Elected MP","Construction of CC Road at Gram Panchayat Lakhi, Janpad Panchayat Gagaon, Dist. Khargone","05-Mar-2025","500000","25-Apr-2025"
"669","Normal/Others","WS/MP103/2024-2025/159280-Construction of roads, link roads, pathways or any other road with or without drainage system","Madhya Pradesh","Khargone (West Nimar)(DISTRICT COLLECTOR KHARGONE_IDA)","Dr. Kavita Patidar (2022-28) (2022-2028)","Elected MP","CC Road Madhvashram   in GP Jalud JP Maheshwar District Khargon","17-Dec-2024","1000000","19-Dec-2024"
"670","Normal/Others","WS/MP103/2024-2025/137772-Construction of roads, link roads, pathways or any other road with or without drainage system","Madhya Pradesh","Khargone (West Nimar)(DISTRICT COLLECTOR KHARGONE_IDA)","Dr. Kavita Patidar (2022-28) (2022-2028)","Elected MP","construction of C.C. Road in S.C Mohlalla In GP BATHOLI JP Maheshwar Dist. Khargone","06-Sep-2024","1400000","08-Nov-2024"
"671","Normal/Others","WS/MP103/2024-2025/138973-Construction of roads, link roads, pathways or any other road with or without drainage system","Madhya Pradesh","Khargone (West Nimar)(DISTRICT COLLECTOR KHARGONE_IDA)","Dr. Kavita Patidar (2022-28) (2022-2028)","Elected MP","CC ROAD FROM SC MOHALLE TO COMMUNITY BUILDING IN GRAM PANCHAYAT SEMRALA JANPAD PANCHAYAT BARWAH","06-Sep-2024","1300000","08-Nov-2024"
"672","Normal/Others","WS/MP103/2024-2025/138974-Construction of roads, link roads, pathways or any other road with or without drainage system","Madhya Pradesh","Khargone (West Nimar)(DISTRICT COLLECTOR KHARGONE_IDA)","Dr. Kavita Patidar (2022-28) (2022-2028)","Elected MP","COSTRUCTION OF CC ROAD IN SC MOHALLA IN GRAM PANCHAYAT SIRLAY JANPAD PANCHAYAT BARWAHA","06-Sep-2024","1300000","26-Oct-2024"
"673","Normal/Others","WS/MP18284/2025-2026/179040-Construction of buildings for community cultural activities","Madhya Pradesh","Khargone (West Nimar)(DISTRICT COLLECTOR KHARGONE_IDA)","Shri Ashok Singh (2024-30) (2024-2030)","Elected MP","Construction Community Cultural building at Jawaharlal Nehru Sahakari Agricultural Produce Processing Society Limited, Sarwardewala, Kasrawad, Dist. Khargone M.P.","04-Mar-2025","1000000","06-May-2025"
"674","Normal/Others","WS/MP103/2024-2025/178195-Construction of common work sheds/ common covered sitting area","Madhya Pradesh","Khargone (West Nimar)(DISTRICT COLLECTOR KHARGONE_IDA)","Dr. Kavita Patidar (2022-28) (2022-2028)","Elected MP","Construction of  Tin Shed  near Umiya Dham Gp Karodiya JP Maheshwar District Indore","28-Feb-2025","1000000","13-Mar-2025"
"675","Trust and Society","WS/MP103/2025-2026/213795-Construction of additional rooms and halls in the existing public and community building","Madhya Pradesh","Khargone (West Nimar)(DISTRICT COLLECTOR KHARGONE_IDA)","Dr. Kavita Patidar (2022-28) (2022-2028)","Elected MP","Construction of Rooms in shri madhvashram Nyas mandleshwar Khargone Go Seva for Public Use GP Jalud Jp maheshwar District Khargone","15-Jul-2025","1500000","21-Aug-2025"
"676","Normal/Others","WS/MP103/2024-2025/139537-Construction of community centers and community halls","Madhya Pradesh","Khargone (West Nimar)(DISTRICT COLLECTOR KHARGONE_IDA)","Dr. Kavita Patidar (2022-28) (2022-2028)","Elected MP","Construction of Community  Building Near Shri Rewa Bhagirath Deshi Goraksha Shala  Ashram Ramgrah","06-Sep-2024","2000000","08-Nov-2024"
"677","Normal/Others","WS/MP106/2025-2026/234592-Construction of community centers and community halls","Madhya Pradesh","MANDLA(DISTRICT COLLECTOR MANDLA_IDA)","Shri Vivek K. Tankha (2022-28) (2022-2028)","Elected MP","Gram Pachayat Partala, Janpad Panchayat Narayanganj ke gram Partala main Sanskratik Gatividhiyon hetu Samudayik Bhawan nirman, Mandla (mention in letter no.4139 at column no.1)","16-Sep-2025","200000","24-Jan-2026"
"678","Normal/Others","WS/MP106/2025-2026/234620-Construction of community centers and community halls","Madhya Pradesh","MANDLA(DISTRICT COLLECTOR MANDLA_IDA)","Shri Vivek K. Tankha (2022-28) (2022-2028)","Elected MP","Gram Panchayat Kumha, janpad Panchayat Narayanganj sthit Aastha kendra ke pas Sanskratik Gatividhiyon hetu Samudayik Bhawan nirman, Mandla (mention in letter no.4139 at column no.2)","16-Sep-2025","200000","08-Dec-2025"
"679","Normal/Others","WS/MP106/2025-2026/234624-Construction of community centers and community halls","Madhya Pradesh","MANDLA(DISTRICT COLLECTOR MANDLA_IDA)","Shri Vivek K. Tankha (2022-28) (2022-2028)","Elected MP","Gram Panchayat Kondramal, janpad Panchayat Narayanganj antargat Mangalganj main Sanskratik Gatividhiyon hetu Samudayik Bhawan nirman, Mandla (mention in letter no.4140 at column no.2)","16-Sep-2025","200000","29-Oct-2025"
"680","Normal/Others","WS/MP106/2024-2025/22630-Construction of additional rooms and halls in the existing public and community building","Madhya Pradesh","MANDLA(DISTRICT COLLECTOR MANDLA_IDA)","Shri Vivek K. Tankha (2022-28) (2022-2028)","Elected MP","Jila Adhivakta Sangh Mandla ke purane jarjar hall / kamron ke punarnirman hetu, Vidhan Sabha Mandla, District Mandla (mention in letter no.3256 at column no.2)","18-Sep-2023","500000","07-Mar-2025"
"681","Normal/Others","WS/MP106/2024-2025/22633-Construction of additional rooms and halls in the existing public and community building","Madhya Pradesh","MANDLA(DISTRICT COLLECTOR MANDLA_IDA)","Shri Vivek K. Tankha (2022-28) (2022-2028)","Elected MP","Mahila Adhivakta Sangh hetu Rooms ke nirman ke liye, Jila Adhivakta Sangh mandla, Vidhan Sabha Mandla, District Mandla (mention in letter no.3256 at column no.3)","18-Sep-2023","500000","07-Mar-2025"
"682","Normal/Others","WS/MP106/2024-2025/19237-Purchase of hearse van (Four, three and two wheelers)","Madhya Pradesh","MANDLA(DISTRICT COLLECTOR MANDLA_IDA)","Shri Vivek K. Tankha (2022-28) (2022-2028)","Elected MP","1 number Shav Vahan (Hearse Van) for District hospital Mandla Model No. Ashok Lyland Dost Strong (LE) with modification including GST, Registration & taxes, Mandla","12-Sep-2023","1066076","06-Jul-2024"
"683","Normal/Others","NA-Purchase of hospital equipment","Madhya Pradesh","MANDLA(DISTRICT COLLECTOR MANDLA_IDA)","Shri Vivek K. Tankha (2022-28) (2022-2028)","Elected MP","One Lift for Rogi Kalya Samiti, District Hospital Mandla. As per letter no. 4220. District Mandla","18-Jan-2026","1000000","NA"
"684","Normal/Others","WS/MP106/2025-2026/138433-Purchase of hospital equipment","Madhya Pradesh","MANDLA(DISTRICT COLLECTOR MANDLA_IDA)","Shri Vivek K. Tankha (2022-28) (2022-2028)","Elected MP","Jila Chikitsalaya Mandla hetu ek nag Hemodialysis Machine with RO Plant Sabhi Karon evam 3 varsh ki Warranty Sahit letter no. 3749 main diye gye Specification ke anusar, District Mandla","02-Sep-2024","980000","06-Jul-2025"
"685","Normal/Others","WS/MP106/2024-2025/84197-Purchase of hospital equipment","Madhya Pradesh","MANDLA(DISTRICT COLLECTOR MANDLA_IDA)","Shri Vivek K. Tankha (2022-28) (2022-2028)","Elected MP","Civil Hospital Nainpur ke liye Hemo  dialysis machine with RO plant including CGST & SGST, Brand-Trivitron Health care PVT LTD, Model Nikiso DBB 27, Nainpur, District Mandla (Mention in letter no. 3461 in column no. 1)","18-Jan-2024","924000","24-Oct-2024"
"686","Normal/Others","WS/MP106/2024-2025/84203-Purchase of hospital equipment","Madhya Pradesh","MANDLA(DISTRICT COLLECTOR MANDLA_IDA)","Shri Vivek K. Tankha (2022-28) (2022-2028)","Elected MP","Civil Hospital Nainpur ke liye Mindre M-6 Ultra Sound Diagnostic System, with CGST & SGST, Nainpur, District Mandla (Mention in letter no. 3461 in column no. 2)","18-Jan-2024","990000","24-Oct-2024"
"687","Normal/Others","NA-Construction of rooms and halls in school and colleges","Madhya Pradesh","MANDLA(DISTRICT COLLECTOR MANDLA_IDA)","Shri Vivek K. Tankha (2022-28) (2022-2028)","Elected MP","Gram evam Gram Panchayat Niwari, Janpad Panchayat Nainpur sthit Swami Vivekanand Gyanpeeth Samiti (shala) Nainpur, Registration no. JM1541 me Hall nirman hetu, Mandla","21-Feb-2026","500000","NA"
"688","Normal/Others","WS/MP106/2025-2026/234621-Construction of flood control embankments/ protection walls along riverbanks, hilltops, roadsides","Madhya Pradesh","MANDLA(DISTRICT COLLECTOR MANDLA_IDA)","Shri Vivek K. Tankha (2022-28) (2022-2028)","Elected MP","Gram Panchayat Kumha, janpad Panchayat Narayanganj antargat Narmada Ghat sthit Aastha Kendra Kumbheshwar Ghat main Sidi nirman, Ghat nirman (Construction of flood control embankments), Mandla (mention in letter no.4140 at column no.1)","16-Sep-2025","500000","08-Dec-2025"
"689","Normal/Others","NA-Construction of public staircase/ stair ghat for public convenience","Madhya Pradesh","MANDLA(DISTRICT COLLECTOR MANDLA_IDA)","Shri Vivek K. Tankha (2022-28) (2022-2028)","Elected MP","Gram Panchayat Kunda ke antargat gram Barman Mohalla Pandiwara, Janpad Panchayat Narayanganj me Narmada Tat par Ghat nirman (Sidhi nirman), Mandla (Mention in letter no.4423 at column no.1)","25-Jul-2026","500000","NA"
"690","Normal/Others","NA-Construction of public staircase/ stair ghat for public convenience","Madhya Pradesh","MANDLA(DISTRICT COLLECTOR MANDLA_IDA)","Shri Vivek K. Tankha (2022-28) (2022-2028)","Elected MP","Gram Panchayat Chiraidongari Janpad Panchayat Narayanganj me Narmada Tat par Ghat nirman (Sidhi nirman), Mandla (Mention in letter no.4423 at column no.2)","25-Jul-2026","500000","NA"
"691","Normal/Others","WS/MP106/2023-2024/22620-Purchase Books for Library","Madhya Pradesh","MANDLA(DISTRICT COLLECTOR MANDLA_IDA)","Shri Vivek K. Tankha (2022-28) (2022-2028)","Elected MP","Jila Adhivakta Sangh Mandla, District Mandla ki Library ke liye Pushtako ki kharid hetu, Vidhan Sabha Mandla, District Mandla (mention in letter no. 3256 at column no.1)","18-Sep-2023","50000","14-Feb-2024"
"692","Normal/Others","NA-Street lights","Madhya Pradesh","MANDSAUR(DISTRICT COLLECTOR MANDSAUR_IDA)","Shri Banshilal Gurjar (2024-30) (2024-2030)","Elected MP","Installation of High Mast Light as attached letter","23-Mar-2026","150000","NA"
"693","Normal/Others","WS/MP18362/2026-2027/275392-Street lights","Madhya Pradesh","MANDSAUR(DISTRICT COLLECTOR MANDSAUR_IDA)","Shri Banshilal Gurjar (2024-30) (2024-2030)","Elected MP","Work as attached letter","23-Mar-2026","400000","18-May-2026"
"694","Normal/Others","WS/MP18362/2026-2027/275393-Improvement of electricity distribution infrastructure","Madhya Pradesh","MANDSAUR(DISTRICT COLLECTOR MANDSAUR_IDA)","Shri Banshilal Gurjar (2024-30) (2024-2030)","Elected MP","Work as attached letter","23-Mar-2026","143000","23-Jun-2026"
"695","Normal/Others","WS/MP18362/2026-2027/285266-Improvement of electricity distribution infrastructure","Madhya Pradesh","MANDSAUR(DISTRICT COLLECTOR MANDSAUR_IDA)","Shri Banshilal Gurjar (2024-30) (2024-2030)","Elected MP","Electricity Line Arrangement (For installation of electric poles in Jajpuria Colony, Gali No. 5, Ward No. 36 Narsinghpura, Municipal Council, Mandsaur)","16-Jul-2026","171462","21-Jul-2026"
"696","Normal/Others","WS/MP18362/2025-2026/213597-Improvement of electricity distribution infrastructure","Madhya Pradesh","MANDSAUR(DISTRICT COLLECTOR MANDSAUR_IDA)","Shri Banshilal Gurjar (2024-30) (2024-2030)","Elected MP","work As attached letter","01-Jul-2025","340000","29-Dec-2025"
"697","Normal/Others","NA-Forest conservation infrastructure","Madhya Pradesh","MANDSAUR(DISTRICT COLLECTOR MANDSAUR_IDA)","Shri Banshilal Gurjar (2024-30) (2024-2030)","Elected MP","work as attached letter","16-Apr-2026","570760","NA"
"698","Normal/Others","WS/MP18362/2025-2026/190010-Construction of culverts and bridges","Madhya Pradesh","MANDSAUR(DISTRICT COLLECTOR MANDSAUR_IDA)","Shri Banshilal Gurjar (2024-30) (2024-2030)","Elected MP","take action as per the instructions in the attached letter.","09-Apr-2025","800000","14-Jul-2025"
"699","Normal/Others","WS/MP18362/2025-2026/190011-Construction of culverts and bridges","Madhya Pradesh","MANDSAUR(DISTRICT COLLECTOR MANDSAUR_IDA)","Shri Banshilal Gurjar (2024-30) (2024-2030)","Elected MP","take action as per the instructions in the attached letter.","09-Apr-2025","800000","14-Jul-2025"
"700","Normal/Others","WS/MP18362/2026-2027/262144-Construction of roads, link roads, pathways or any other road with or without drainage system","Madhya Pradesh","MANDSAUR(DISTRICT COLLECTOR MANDSAUR_IDA)","Shri Banshilal Gurjar (2024-30) (2024-2030)","Elected MP","cc road work as attached letter","27-Jan-2026","800000","19-May-2026"
"701","Normal/Others","WS/MP18362/2025-2026/262153-Construction of roads, link roads, pathways or any other road with or without drainage system","Madhya Pradesh","MANDSAUR(DISTRICT COLLECTOR MANDSAUR_IDA)","Shri Banshilal Gurjar (2024-30) (2024-2030)","Elected MP","CC Road as attached letter","27-Jan-2026","700000","23-Mar-2026"
"702","Normal/Others","WS/MP18362/2025-2026/262155-Construction of roads, link roads, pathways or any other road with or without drainage system","Madhya Pradesh","MANDSAUR(DISTRICT COLLECTOR MANDSAUR_IDA)","Shri Banshilal Gurjar (2024-30) (2024-2030)","Elected MP","cc road work as attached letter","27-Jan-2026","500000","23-Mar-2026"
"703","Normal/Others","NA-Construction of roads, link roads, pathways or any other road with or without drainage system","Madhya Pradesh","MANDSAUR(DISTRICT COLLECTOR MANDSAUR_IDA)","Shri Banshilal Gurjar (2024-30) (2024-2030)","Elected MP","CC road construction (from Damarlal-ji's house to the Bawdi Puliya road), Dhariyakhedi village.","12-Aug-2026","500000","NA"
"704","Normal/Others","WS/MP18362/2025-2026/203535-Construction of roads, link roads, pathways or any other road with or without drainage system","Madhya Pradesh","MANDSAUR(DISTRICT COLLECTOR MANDSAUR_IDA)","Shri Banshilal Gurjar (2024-30) (2024-2030)","Elected MP","Construction of CC road from Chunnilal Banjara house towards Suwasra and from Bhagatram Prajapat house to Bhuwaniram Rathore house in Village Dhabladewal","30-May-2025","800000","03-Nov-2025"
"705","Normal/Others","WS/MP18362/2025-2026/223484-Construction of roads, link roads, pathways or any other road with or without drainage system","Madhya Pradesh","MANDSAUR(DISTRICT COLLECTOR MANDSAUR_IDA)","Shri Banshilal Gurjar (2024-30) (2024-2030)","Elected MP","cc road cunstruction","30-Jul-2025","700000","03-Nov-2025"
"706","Normal/Others","WS/MP18362/2025-2026/223485-Construction of roads, link roads, pathways or any other road with or without drainage system","Madhya Pradesh","MANDSAUR(DISTRICT COLLECTOR MANDSAUR_IDA)","Shri Banshilal Gurjar (2024-30) (2024-2030)","Elected MP","cc road cunstruction","30-Jul-2025","500000","03-Nov-2025"
"707","Normal/Others","WS/MP18362/2025-2026/213606-Construction of roads, link roads, pathways or any other road with or without drainage system","Madhya Pradesh","MANDSAUR(DISTRICT COLLECTOR MANDSAUR_IDA)","Shri Banshilal Gurjar (2024-30) (2024-2030)","Elected MP","word as attached letter","01-Jul-2025","300000","14-Jul-2025"
"708","Normal/Others","WS/MP18362/2025-2026/213607-Construction of roads, link roads, pathways or any other road with or without drainage system","Madhya Pradesh","MANDSAUR(DISTRICT COLLECTOR MANDSAUR_IDA)","Shri Banshilal Gurjar (2024-30) (2024-2030)","Elected MP","word as attached letter","01-Jul-2025","500000","14-Jul-2025"
"709","Normal/Others","NA-Construction of roads, link roads, pathways or any other road with or without drainage system","Madhya Pradesh","MANDSAUR(DISTRICT COLLECTOR MANDSAUR_IDA)","Shri Banshilal Gurjar (2024-30) (2024-2030)","Elected MP","Construction of CC road at Rawla Chowk village Bapchay work as attached letter","27-Jul-2026","300000","NA"
"710","Normal/Others","NA-Construction of roads, link roads, pathways or any other road with or without drainage system","Madhya Pradesh","MANDSAUR(DISTRICT COLLECTOR MANDSAUR_IDA)","Shri Banshilal Gurjar (2024-30) (2024-2030)","Elected MP","Construction of a CC road in front of the crematorium Work as attached letter","27-Jul-2026","300000","NA"
"711","Normal/Others","WS/MP18362/2025-2026/248408-Construction of roads, link roads, pathways or any other road with or without drainage system","Madhya Pradesh","MANDSAUR(DISTRICT COLLECTOR MANDSAUR_IDA)","Shri Banshilal Gurjar (2024-30) (2024-2030)","Elected MP","word and agency as attached letter","19-Nov-2025","675000","29-Dec-2025"
"712","Normal/Others","WS/MP18362/2025-2026/186059-Construction of roads, link roads, pathways or any other road with or without drainage system","Madhya Pradesh","MANDSAUR(DISTRICT COLLECTOR MANDSAUR_IDA)","Shri Banshilal Gurjar (2024-30) (2024-2030)","Elected MP","as attached letter","25-Mar-2025","1000000","27-Jun-2025"
"713","Normal/Others","WS/MP18362/2025-2026/186063-Construction of roads, link roads, pathways or any other road with or without drainage system","Madhya Pradesh","MANDSAUR(DISTRICT COLLECTOR MANDSAUR_IDA)","Shri Banshilal Gurjar (2024-30) (2024-2030)","Elected MP","as attached letter","25-Mar-2025","650000","27-Jun-2025"
"714","Normal/Others","WS/MP18362/2024-2025/146148-Construction of roads, link roads, pathways or any other road with or without drainage system","Madhya Pradesh","MANDSAUR(DISTRICT COLLECTOR MANDSAUR_IDA)","Shri Banshilal Gurjar (2024-30) (2024-2030)","Elected MP","CC road and drain construction Ward Number 3 (Kothari Colony) Agency- Municipality Mandsaur","08-Oct-2024","2400000","10-Dec-2024"
"715","Normal/Others","WS/MP18362/2024-2025/146149-Construction of roads, link roads, pathways or any other road with or without drainage system","Madhya Pradesh","MANDSAUR(DISTRICT COLLECTOR MANDSAUR_IDA)","Shri Banshilal Gurjar (2024-30) (2024-2030)","Elected MP","CC road and drain construction Ward Number 3 (nemi nagar, mayur Colony) Agency- Municipality Mandsaur","08-Oct-2024","2100000","02-Jan-2025"
"716","Normal/Others","WS/MP18362/2024-2025/145747-Construction of roads, link roads, pathways or any other road with or without drainage system","Madhya Pradesh","MANDSAUR(DISTRICT COLLECTOR MANDSAUR_IDA)","Shri Banshilal Gurjar (2024-30) (2024-2030)","Elected MP","cc road construction nagar palika parishad mandsaur as attachment","05-Oct-2024","600000","09-Dec-2024"
"717","Normal/Others","WS/MP18362/2024-2025/145748-Construction of roads, link roads, pathways or any other road with or without drainage system","Madhya Pradesh","MANDSAUR(DISTRICT COLLECTOR MANDSAUR_IDA)","Shri Banshilal Gurjar (2024-30) (2024-2030)","Elected MP","cc road construction ward no 36 nagar palika parishad mandsaur","05-Oct-2024","650000","10-Dec-2024"
"718","Normal/Others","WS/MP18362/2024-2025/145749-Construction of roads, link roads, pathways or any other road with or without drainage system","Madhya Pradesh","MANDSAUR(DISTRICT COLLECTOR MANDSAUR_IDA)","Shri Banshilal Gurjar (2024-30) (2024-2030)","Elected MP","CC road and drain construction Ward No. 37  Agency Municipal Council Mandsaur","05-Oct-2024","1100000","10-Dec-2024"
"719","Normal/Others","WS/MP18362/2024-2025/145752-Construction of roads, link roads, pathways or any other road with or without drainage system","Madhya Pradesh","MANDSAUR(DISTRICT COLLECTOR MANDSAUR_IDA)","Shri Banshilal Gurjar (2024-30) (2024-2030)","Elected MP","CC road and drain construction Ward No. 1 Agency Municipal Council Mandsaur","05-Oct-2024","1200000","10-Dec-2024"
"720","Normal/Others","WS/MP18362/2024-2025/145764-Construction of roads, link roads, pathways or any other road with or without drainage system","Madhya Pradesh","MANDSAUR(DISTRICT COLLECTOR MANDSAUR_IDA)","Shri Banshilal Gurjar (2024-30) (2024-2030)","Elected MP","CC road construction  Ward No. 4  Agency Municipal Council Mandsaur","05-Oct-2024","1300000","10-Dec-2024"
"721","Normal/Others","WS/MP18362/2025-2026/145765-Construction of roads, link roads, pathways or any other road with or without drainage system","Madhya Pradesh","MANDSAUR(DISTRICT COLLECTOR MANDSAUR_IDA)","Shri Banshilal Gurjar (2024-30) (2024-2030)","Elected MP","road damarikaran kary  Ward No. 33 Agency Municipal Council Mandsaur","05-Oct-2024","1300000","15-Apr-2025"
"722","Normal/Others","WS/MP18362/2024-2025/145766-Construction of roads, link roads, pathways or any other road with or without drainage system","Madhya Pradesh","MANDSAUR(DISTRICT COLLECTOR MANDSAUR_IDA)","Shri Banshilal Gurjar (2024-30) (2024-2030)","Elected MP","CC road construction Ward No. 5  Agency Municipal Council Mandsaur","05-Oct-2024","1500000","10-Dec-2024"
"723","Normal/Others","WS/MP18362/2025-2026/158378-Construction of roads, link roads, pathways or any other road with or without drainage system","Madhya Pradesh","MANDSAUR(DISTRICT COLLECTOR MANDSAUR_IDA)","Shri Banshilal Gurjar (2024-30) (2024-2030)","Elected MP","Cc road ward no 6  Nanesh nagar mukhya marg","12-Dec-2024","1000000","15-Apr-2025"
"724","Normal/Others","WS/MP18362/2025-2026/189995-Construction of roads, link roads, pathways or any other road with or without drainage system","Madhya Pradesh","MANDSAUR(DISTRICT COLLECTOR MANDSAUR_IDA)","Shri Banshilal Gurjar (2024-30) (2024-2030)","Elected MP","take action as per the instructions in the attached letter.","09-Apr-2025","875000","21-Jan-2026"
"725","Normal/Others","NA-Construction of public toilets and bathrooms","Madhya Pradesh","MANDSAUR(DISTRICT COLLECTOR MANDSAUR_IDA)","Shri Banshilal Gurjar (2024-30) (2024-2030)","Elected MP","Construction of a public bathing facility for women in Village Kochavi (refer to attached letter).","27-Jul-2026","400000","NA"
"726","Normal/Others","NA-Construction of public toilets and bathrooms","Madhya Pradesh","MANDSAUR(DISTRICT COLLECTOR MANDSAUR_IDA)","Shri Banshilal Gurjar (2024-30) (2024-2030)","Elected MP","????? ????? ?? ?????? ????? ?????? ????","05-Oct-2024","500000","NA"
"727","Normal/Others","WS/MP18362/2026-2027/275390-Purchase of vehicle for mobile dispensaries (Four, three and two wheelers)","Madhya Pradesh","MANDSAUR(DISTRICT COLLECTOR MANDSAUR_IDA)","Shri Banshilal Gurjar (2024-30) (2024-2030)","Elected MP","Work as attached letter","23-Mar-2026","650000","18-May-2026"
"728","Normal/Others","WS/MP18362/2025-2026/206183-Providing CCTV camera system for security of public areas","Madhya Pradesh","MANDSAUR(DISTRICT COLLECTOR MANDSAUR_IDA)","Shri Banshilal Gurjar (2024-30) (2024-2030)","Elected MP","as attached letter","03-Jun-2025","2200000","24-Jul-2025"
"729","Trust and Society","WS/MP18362/2026-2027/186083-Construction of boundary walls of existing public and community buildings","Madhya Pradesh","MANDSAUR(DISTRICT COLLECTOR MANDSAUR_IDA)","Shri Banshilal Gurjar (2024-30) (2024-2030)","Elected MP","AS ATTACHED FILE","25-Mar-2025","600000","20-May-2026"
"730","Trust and Society","WS/MP103/2025-2026/232149-Construction of buildings for community cultural activities","Madhya Pradesh","MANDSAUR(DISTRICT COLLECTOR MANDSAUR_IDA)","Dr. Kavita Patidar (2022-28) (2022-2028)","Elected MP","Construction of  Building for Community cultural Activity in malvi Jeenagar Mochi Samaj kalyan samiti in Gram Daulatpura Rewas Road District Mandsour","09-Sep-2025","1200000","12-Jan-2026"
"731","Trust and Society","WS/MP18362/2025-2026/232458-Construction of additional rooms and halls in the existing public and community building","Madhya Pradesh","MANDSAUR(DISTRICT COLLECTOR MANDSAUR_IDA)","Shri Banshilal Gurjar (2024-30) (2024-2030)","Elected MP","as attaeched letter","09-Sep-2025","1000000","22-Dec-2025"
"732","Normal/Others","NA-Construction of common work sheds/ common covered sitting area","Madhya Pradesh","MANDSAUR(DISTRICT COLLECTOR MANDSAUR_IDA)","Shri Banshilal Gurjar (2024-30) (2024-2030)","Elected MP","Work as attached letter","27-Jul-2026","150000","NA"
"733","Normal/Others","NA-Construction of common work sheds/ common covered sitting area","Madhya Pradesh","MANDSAUR(DISTRICT COLLECTOR MANDSAUR_IDA)","Shri Banshilal Gurjar (2024-30) (2024-2030)","Elected MP","Construction of community tin shed in Village Bhalot (Work as per attached letter)","27-Jul-2026","400000","NA"
"734","Normal/Others","NA-Construction of common work sheds/ common covered sitting area","Madhya Pradesh","MANDSAUR(DISTRICT COLLECTOR MANDSAUR_IDA)","Shri Banshilal Gurjar (2024-30) (2024-2030)","Elected MP","Construction of community tin shed in Village Rindwan (Work as per attached letter)","27-Jul-2026","400000","NA"
"735","Normal/Others","WS/MP18362/2025-2026/186053-Construction of common work sheds/ common covered sitting area","Madhya Pradesh","MANDSAUR(DISTRICT COLLECTOR MANDSAUR_IDA)","Shri Banshilal Gurjar (2024-30) (2024-2030)","Elected MP","as attached letter","25-Mar-2025","1000000","21-Jul-2025"
"736","Normal/Others","WS/MP18362/2025-2026/186057-Construction of common work sheds/ common covered sitting area","Madhya Pradesh","MANDSAUR(DISTRICT COLLECTOR MANDSAUR_IDA)","Shri Banshilal Gurjar (2024-30) (2024-2030)","Elected MP","as attached letter","25-Mar-2025","700000","24-Nov-2025"
"737","Normal/Others","NA-Construction of common work sheds/ common covered sitting area","Madhya Pradesh","MANDSAUR(DISTRICT COLLECTOR MANDSAUR_IDA)","Shri Banshilal Gurjar (2024-30) (2024-2030)","Elected MP","Construction of public tin sheds work as attached letter","12-Aug-2026","1000000","NA"
"738","Normal/Others","WS/MP18362/2026-2027/203531-Construction of common work sheds/ common covered sitting area","Madhya Pradesh","MANDSAUR(DISTRICT COLLECTOR MANDSAUR_IDA)","Shri Banshilal Gurjar (2024-30) (2024-2030)","Elected MP","Construction of tin shed (near Shri Tejaji Maharaj place)","30-May-2025","200000","23-Apr-2026"
"739","Normal/Others","WS/MP18362/2025-2026/205222-Construction of common work sheds/ common covered sitting area","Madhya Pradesh","MANDSAUR(DISTRICT COLLECTOR MANDSAUR_IDA)","Shri Banshilal Gurjar (2024-30) (2024-2030)","Elected MP","as attached letter","30-May-2025","1500000","03-Nov-2025"
"740","Normal/Others","WS/MP18362/2025-2026/262154-Construction of common work sheds/ common covered sitting area","Madhya Pradesh","MANDSAUR(DISTRICT COLLECTOR MANDSAUR_IDA)","Shri Banshilal Gurjar (2024-30) (2024-2030)","Elected MP","community shed construction work as attached letter","27-Jan-2026","1000000","23-Mar-2026"
"741","Trust and Society","WS/MP18362/2026-2027/269516-Construction of common work sheds/ common covered sitting area","Madhya Pradesh","MANDSAUR(DISTRICT COLLECTOR MANDSAUR_IDA)","Shri Banshilal Gurjar (2024-30) (2024-2030)","Elected MP","Tin shed instalation work as attached letter agency- District Advocate Association, Mandsaur","19-Feb-2026","1000000","18-May-2026"
"742","Normal/Others","WS/MP18362/2026-2027/274784-Construction of common work sheds/ common covered sitting area","Madhya Pradesh","MANDSAUR(DISTRICT COLLECTOR MANDSAUR_IDA)","Shri Banshilal Gurjar (2024-30) (2024-2030)","Elected MP","work as attached letter and agency","23-Mar-2026","500000","08-Jul-2026"
"743","Normal/Others","WS/MP18362/2026-2027/278408-Construction of common work sheds/ common covered sitting area","Madhya Pradesh","MANDSAUR(DISTRICT COLLECTOR MANDSAUR_IDA)","Shri Banshilal Gurjar (2024-30) (2024-2030)","Elected MP","work as attached letter","16-Apr-2026","1000000","06-Jul-2026"
"744","Normal/Others","NA-Construction of common work sheds/ common covered sitting area","Madhya Pradesh","MANDSAUR(DISTRICT COLLECTOR MANDSAUR_IDA)","Shri Banshilal Gurjar (2024-30) (2024-2030)","Elected MP","Work as attached letter","16-Apr-2026","1200000","NA"
"745","Normal/Others","NA-Construction of common work sheds/ common covered sitting area","Madhya Pradesh","MANDSAUR(DISTRICT COLLECTOR MANDSAUR_IDA)","Shri Banshilal Gurjar (2024-30) (2024-2030)","Elected MP","Construction of Community Tin Shed","16-Jul-2026","500000","NA"
"746","Normal/Others","NA-Construction of common work sheds/ common covered sitting area","Madhya Pradesh","MANDSAUR(DISTRICT COLLECTOR MANDSAUR_IDA)","Shri Banshilal Gurjar (2024-30) (2024-2030)","Elected MP","Construction of community tin sheds Maharana Pratap Manglik Bhavan Sant Shiromani Ravidas Bhavan Prajapat Manglik Bhavan Gayari Samaj Manglik Bhavan","16-Jul-2026","500000","NA"
"747","Normal/Others","NA-Construction of common work sheds/ common covered sitting area","Madhya Pradesh","MANDSAUR(DISTRICT COLLECTOR MANDSAUR_IDA)","Shri Banshilal Gurjar (2024-30) (2024-2030)","Elected MP","as attached letter","06-May-2026","700000","NA"
"748","Normal/Others","NA-Construction of common work sheds/ common covered sitting area","Madhya Pradesh","MANDSAUR(DISTRICT COLLECTOR MANDSAUR_IDA)","Shri Banshilal Gurjar (2024-30) (2024-2030)","Elected MP","Construction of a tin shed near Ramjanki Mandir, Village Damdam (refer to attached letter).","27-Jul-2026","500000","NA"
"749","Normal/Others","NA-Construction of common work sheds/ common covered sitting area","Madhya Pradesh","MANDSAUR(DISTRICT COLLECTOR MANDSAUR_IDA)","Shri Banshilal Gurjar (2024-30) (2024-2030)","Elected MP","Construction of community tin sheds work as attached letter","27-Jul-2026","700000","NA"
"750","Normal/Others","NA-Construction of common work sheds/ common covered sitting area","Madhya Pradesh","MANDSAUR(DISTRICT COLLECTOR MANDSAUR_IDA)","Shri Banshilal Gurjar (2024-30) (2024-2030)","Elected MP","Community Tin Shed Construction Village Jhawal work as attached letter","27-Jul-2026","1000000","NA"
"751","Normal/Others","NA-Construction of common work sheds/ common covered sitting area","Madhya Pradesh","MANDSAUR(DISTRICT COLLECTOR MANDSAUR_IDA)","Shri Banshilal Gurjar (2024-30) (2024-2030)","Elected MP","Construction of a cremation shed at the cremation ground near the mine in Village Daukhedi (as per the attached letter)","27-Jul-2026","200000","NA"
"752","Normal/Others","NA-Construction of common work sheds/ common covered sitting area","Madhya Pradesh","MANDSAUR(DISTRICT COLLECTOR MANDSAUR_IDA)","Shri Banshilal Gurjar (2024-30) (2024-2030)","Elected MP","Construction of a community shed near the Balaji Temple complex in Village Mohammadpura (as per the attached letter).","27-Jul-2026","500000","NA"
"753","Normal/Others","NA-Construction of common work sheds/ common covered sitting area","Madhya Pradesh","MANDSAUR(DISTRICT COLLECTOR MANDSAUR_IDA)","Shri Banshilal Gurjar (2024-30) (2024-2030)","Elected MP","Construction of a public shed at the cremation ground in Village Revas Devda (as per the attached letter).","27-Jul-2026","400000","NA"
"754","Normal/Others","NA-Construction of common work sheds/ common covered sitting area","Madhya Pradesh","MANDSAUR(DISTRICT COLLECTOR MANDSAUR_IDA)","Shri Banshilal Gurjar (2024-30) (2024-2030)","Elected MP","Construction of a public shed near the Balaji Mandir complex in Bhuniyakhedi village (work as per the attached letter)","27-Jul-2026","700000","NA"
"755","Normal/Others","NA-Construction of common work sheds/ common covered sitting area","Madhya Pradesh","MANDSAUR(DISTRICT COLLECTOR MANDSAUR_IDA)","Shri Banshilal Gurjar (2024-30) (2024-2030)","Elected MP","Water Tanker Fabrication Vill Karoli (Work Order attached)","27-Jul-2026","150000","NA"
"756","Normal/Others","NA-Construction of common work sheds/ common covered sitting area","Madhya Pradesh","MANDSAUR(DISTRICT COLLECTOR MANDSAUR_IDA)","Shri Banshilal Gurjar (2024-30) (2024-2030)","Elected MP","Community Shed Construction Village Changli","27-Jul-2026","400000","NA"
"757","Normal/Others","NA-Construction of common work sheds/ common covered sitting area","Madhya Pradesh","MANDSAUR(DISTRICT COLLECTOR MANDSAUR_IDA)","Shri Banshilal Gurjar (2024-30) (2024-2030)","Elected MP","Construction of Community Tin Shed in Village Jaggakhedi (Work as per attached letter)","27-Jul-2026","700000","NA"
"758","Normal/Others","NA-Construction of common work sheds/ common covered sitting area","Madhya Pradesh","MANDSAUR(DISTRICT COLLECTOR MANDSAUR_IDA)","Shri Banshilal Gurjar (2024-30) (2024-2030)","Elected MP","Construction of Community Tin Shed in Village Jhakarda (Work as per attached letter)","27-Jul-2026","500000","NA"
"759","Normal/Others","NA-Construction of common work sheds/ common covered sitting area","Madhya Pradesh","MANDSAUR(DISTRICT COLLECTOR MANDSAUR_IDA)","Shri Banshilal Gurjar (2024-30) (2024-2030)","Elected MP","Community Tin Shed Construction Village Gujar Bardiya (Work as attached letter)","27-Jul-2026","1000000","NA"
"760","Normal/Others","NA-Construction of common work sheds/ common covered sitting area","Madhya Pradesh","MANDSAUR(DISTRICT COLLECTOR MANDSAUR_IDA)","Shri Banshilal Gurjar (2024-30) (2024-2030)","Elected MP","Construction of community tin shed in Hedarwas village, Bardiya (work as per attached letter)","27-Jul-2026","300000","NA"
"761","Normal/Others","NA-Construction of common work sheds/ common covered sitting area","Madhya Pradesh","MANDSAUR(DISTRICT COLLECTOR MANDSAUR_IDA)","Dr. L. Murugan (2024-30) (2024-2030)","Elected MP","Construction of Katha Pandal in Devdungri nearby Devinarayan Temple","10-Jul-2026","2500000","NA"
"762","Normal/Others","WS/MP18362/2025-2026/190007-Construction of community centers and community halls","Madhya Pradesh","MANDSAUR(DISTRICT COLLECTOR MANDSAUR_IDA)","Shri Banshilal Gurjar (2024-30) (2024-2030)","Elected MP","take action as per the instructions in the attached letter.","09-Apr-2025","1000000","03-Nov-2025"
"763","Normal/Others","WS/MP18362/2025-2026/203530-Construction of community centers and community halls","Madhya Pradesh","MANDSAUR(DISTRICT COLLECTOR MANDSAUR_IDA)","Shri Banshilal Gurjar (2024-30) (2024-2030)","Elected MP","Construction of Manglik Bhavan (Doulapura, Rewas Dewada Road, Mandsaur)","30-May-2025","1000000","12-Jan-2026"
"764","Normal/Others","WS/MP18362/2024-2025/145750-Construction of community centers and community halls","Madhya Pradesh","MANDSAUR(DISTRICT COLLECTOR MANDSAUR_IDA)","Shri Banshilal Gurjar (2024-30) (2024-2030)","Elected MP","community shed construction Ward No. 16 Khatik Mohalla Agency Municipal Council Mandsaur","05-Oct-2024","400000","10-Dec-2024"
"765","Normal/Others","NA-Construction of community centers and community halls","Madhya Pradesh","MANDSAUR(DISTRICT COLLECTOR MANDSAUR_IDA)","Dr. L. Murugan (2024-30) (2024-2030)","Elected MP","Construction of Community Hall for Social Functions and Social Activities of Malvi Jeengar Mochi Samaj Kalyan Samiti","10-Jul-2026","2500000","NA"
"766","Normal/Others","WS/MP107/2024-2025/151638-Construction of public libraries and reading rooms","Madhya Pradesh","MORENA(DISTRICT COLLECTOR MORENA_IDA)","Smt. Sumitra Balmik (2022-28) (2022-2028)","Elected MP","Library Room Construction Shiv Shankar College  Sumawali Village Sumawali Morena","11-Nov-2024","1500000","07-Dec-2024"
"767","Normal/Others","WS/MP107/2026-2027/283923-Construction of community centers and community halls","Madhya Pradesh","MORENA(DISTRICT COLLECTOR MORENA_IDA)","Smt. Sumitra Balmik (2022-28) (2022-2028)","Elected MP","Construction of Multipurpose Hall in Shivshankar Mahavidyalaya","26-May-2026","2000000","18-Jun-2026"
"768","Normal/Others","WS/MP18284/2026-2027/263931-Construction of community centers and community halls","Madhya Pradesh","MORENA(DISTRICT COLLECTOR MORENA_IDA)","Shri Ashok Singh (2024-30) (2024-2030)","Elected MP","Construction of community halls at Gram Panchayat Jaroni Janpad Panchayat Morena District Morena","31-Jan-2026","500000","02-Apr-2026"
"769","Normal/Others","WS/MP106/2023-2024/8598-Construction of community centers and community halls","Madhya Pradesh","MORENA(DISTRICT COLLECTOR MORENA_IDA)","Shri Vivek K. Tankha (2022-28) (2022-2028)","Elected MP","Construction of Community Hall, Gram Panchayat seva, block Morena at Jatav Mohalla, gram seva, district Morena M.P.","09-Aug-2023","500000","20-Feb-2024"
"770","Normal/Others","WS/MP106/2023-2024/8599-Construction of community centers and community halls","Madhya Pradesh","MORENA(DISTRICT COLLECTOR MORENA_IDA)","Shri Vivek K. Tankha (2022-28) (2022-2028)","Elected MP","Construction of Community hall, Gram Panchayat Padhawali, Block Morena at Sisodiya Mohalla, Gram Padhawali, District Morena M.P.","09-Aug-2023","500000","20-Feb-2024"
"771","Normal/Others","WS/MP18284/2025-2026/197511-Construction of community centers and community halls","Madhya Pradesh","MORENA(DISTRICT COLLECTOR MORENA_IDA)","Shri Ashok Singh (2024-30) (2024-2030)","Elected MP","construction on gram panchayat chinnoni karera janpad panchayat pahadgarh dist Morena","07-May-2025","300000","16-Oct-2025"
"772","Normal/Others","WS/MP18284/2026-2027/259041-Construction of boundary walls of existing public and community buildings","Madhya Pradesh","MORENA(DISTRICT COLLECTOR MORENA_IDA)","Shri Ashok Singh (2024-30) (2024-2030)","Elected MP","Construction of boundary walls park at Gram Sehori Teh Jaura District Morena","13-Jan-2026","600000","01-Sep-2026"
"773","Normal/Others","WS/MP106/2023-2024/1593-Construction of rooms and halls in school and colleges","Madhya Pradesh","MORENA(DISTRICT COLLECTOR MORENA_IDA)","Shri Vivek K. Tankha (2022-28) (2022-2028)","Elected MP","Gram Saray Chhola Gram Panchayat Husainpur, District Morena ke Sumavali Vidhan sabha sthit Kisan Uchchtar Madhyamik Vidyalaya main atirikt Adhayyan Kaksh nirman hetu, District Morena","24-Jun-2023","500000","20-Feb-2024"
"774","Normal/Others","WS/MP107/2024-2025/151634-Construction of roads, link roads, pathways or any other road with or without drainage system","Madhya Pradesh","MORENA(DISTRICT COLLECTOR MORENA_IDA)","Smt. Sumitra Balmik (2022-28) (2022-2028)","Elected MP","CC Road construction work from Ramniwas Dhakad house towards Shantidham village Chanoti ka pura","11-Nov-2024","1500000","30-Jan-2025"
"775","Normal/Others","WS/MP107/2024-2025/151635-Construction of roads, link roads, pathways or any other road with or without drainage system","Madhya Pradesh","MORENA(DISTRICT COLLECTOR MORENA_IDA)","Smt. Sumitra Balmik (2022-28) (2022-2028)","Elected MP","CC road construction work from Ramdayal Dhakad's house towards Lalpath Dhakad's house in village Chanoti Ka pura","11-Nov-2024","1500000","30-Jan-2025"
"776","Normal/Others","WS/MP107/2024-2025/151640-Construction of roads, link roads, pathways or any other road with or without drainage system","Madhya Pradesh","MORENA(DISTRICT COLLECTOR MORENA_IDA)","Smt. Sumitra Balmik (2022-28) (2022-2028)","Elected MP","CC road construction work from  Bahadur Jatav's house to Ladpura mode, Majra Bhilsaiya ka pura village, Dongarpur Gird","11-Nov-2024","1000000","30-Jan-2025"
"777","Normal/Others","WS/MP107/2024-2025/151641-Construction of roads, link roads, pathways or any other road with or without drainage system","Madhya Pradesh","MORENA(DISTRICT COLLECTOR MORENA_IDA)","Smt. Sumitra Balmik (2022-28) (2022-2028)","Elected MP","CC Road construction work from Kalyan Jatav's house to Mahadev Jatav's house, Majra Bhilsaiya ka pura village Dongarpur Gird","11-Nov-2024","1000000","30-Jan-2025"
"778","Normal/Others","WS/MP107/2024-2025/145514-Construction of roads, link roads, pathways or any other road with or without drainage system","Madhya Pradesh","MORENA(DISTRICT COLLECTOR MORENA_IDA)","Smt. Sumitra Balmik (2022-28) (2022-2028)","Elected MP","CC ROAD CONSTRUCTION WORK TOWARDS BASTI GRAM PANCHAYAT URHEDI","07-Oct-2024","1000000","18-Oct-2024"
"779","Normal/Others","WS/MP106/2023-2024/9772-Construction of roads, link roads, pathways or any other road with or without drainage system","Madhya Pradesh","MORENA(DISTRICT COLLECTOR MORENA_IDA)","Shri Vivek K. Tankha (2022-28) (2022-2028)","Elected MP","Gram panchayat Dongarpur (Mangarh), Janpad panchayat Kailaras, district Morena (M.P.) me MS road se Pankaj Upadhyay ke niwas ke pas se hote huye aage ki aor road nirman kary, Vidhansabha Jaura","15-Aug-2023","500000","20-Feb-2024"
"780","Normal/Others","WS/MP106/2023-2024/12510-Construction of roads, link roads, pathways or any other road with or without drainage system","Madhya Pradesh","MORENA(DISTRICT COLLECTOR MORENA_IDA)","Shri Vivek K. Tankha (2022-28) (2022-2028)","Elected MP","Construction of C C Road, Gram Kakardha, Gram Panchayat Urhera, Janpad Panchayat Joura, Morena","23-Aug-2023","500000","31-Jan-2024"
"781","Normal/Others","WS/MP106/2024-2025/132837-Construction of roads, link roads, pathways or any other road with or without drainage system","Madhya Pradesh","MORENA(DISTRICT COLLECTOR MORENA_IDA)","Shri Vivek K. Tankha (2022-28) (2022-2028)","Elected MP","Gram Panchayat Chinnoni Karera, Janpad Panchayat Pahadgarh main C C Road nirman kary, Radbeer ke Makan se Hakim Kushwaha ke makan ki aor, Savdhan ka pura, district Morena (M.P.)","26-Jul-2024","500000","26-Sep-2024"
"782","Normal/Others","WS/MP106/2025-2026/138141-Construction of roads, link roads, pathways or any other road with or without drainage system","Madhya Pradesh","MORENA(DISTRICT COLLECTOR MORENA_IDA)","Shri Vivek K. Tankha (2022-28) (2022-2028)","Elected MP","Gram Panchayat Urhera, Janpad Panchayat Joura main Aaganwadi Bhavan, Samudayik Bhavan evam Choupal Parisar Himmatgarh main, Pevar Block Lagani hetu, District Morena","02-Sep-2024","750000","20-May-2025"
"783","Normal/Others","NA-Construction of roads, link roads, pathways or any other road with or without drainage system","Madhya Pradesh","MORENA(DISTRICT COLLECTOR MORENA_IDA)","Shri Ashok Singh (2024-30) (2024-2030)","Elected MP","Construction of CC roads at Gram Nurabad bangali colony gram panchayat nurabad janpad panchayat morena District Morena","28-May-2026","200000","NA"
"784","Normal/Others","WS/MP18316/2026-2027/292799-Construction of roads, link roads, pathways or any other road with or without drainage system","Madhya Pradesh","MORENA(DISTRICT COLLECTOR MORENA_IDA)","Smt. Maya Naroliya (2024-30) (2024-2030)","Elected MP","Gram Badona mein ramswarup ke makan se mula kushwah ke makan ki aur CC road nirman","14-Jul-2026","1500000","01-Sep-2026"
"785","Normal/Others","WS/MP18316/2025-2026/216060-Construction of roads, link roads, pathways or any other road with or without drainage system","Madhya Pradesh","MORENA(DISTRICT COLLECTOR MORENA_IDA)","Smt. Maya Naroliya (2024-30) (2024-2030)","Elected MP","Gram Badona me Vishram Baretha ke makan se Aanganwadi ki aur CC Road nirman","10-Jul-2025","1500000","06-Oct-2025"
"786","Normal/Others","WS/MP104/2025-2026/218103-Construction of roads, link roads, pathways or any other road with or without drainage system","Madhya Pradesh","MORENA(DISTRICT COLLECTOR MORENA_IDA)","Dr. L. Murugan (2024-30) (2024-2030)","Elected MP","CC Road construction on riverside","14-Jul-2025","1500000","29-Sep-2025"
"787","Normal/Others","WS/MP104/2025-2026/218104-Construction of roads, link roads, pathways or any other road with or without drainage system","Madhya Pradesh","MORENA(DISTRICT COLLECTOR MORENA_IDA)","Dr. L. Murugan (2024-30) (2024-2030)","Elected MP","CC Road construction from Dangi Baba temple to Chaumuki Mata Temple","14-Jul-2025","1500000","29-Sep-2025"
"788","Normal/Others","WS/MP104/2025-2026/218105-Construction of roads, link roads, pathways or any other road with or without drainage system","Madhya Pradesh","MORENA(DISTRICT COLLECTOR MORENA_IDA)","Dr. L. Murugan (2024-30) (2024-2030)","Elected MP","CC Road Construction towards Nichal well","14-Jul-2025","1500000","29-Sep-2025"
"789","Normal/Others","WS/MP104/2025-2026/218106-Construction of roads, link roads, pathways or any other road with or without drainage system","Madhya Pradesh","MORENA(DISTRICT COLLECTOR MORENA_IDA)","Dr. L. Murugan (2024-30) (2024-2030)","Elected MP","CC Road Construction from Ramcharan house towards village","14-Jul-2025","1500000","29-Sep-2025"
"790","Normal/Others","WS/MP18316/2025-2026/208734-Construction of roads, link roads, pathways or any other road with or without drainage system","Madhya Pradesh","MORENA(DISTRICT COLLECTOR MORENA_IDA)","Smt. Maya Naroliya (2024-30) (2024-2030)","Elected MP","Gram Badona me Dalveer ke makan se Rajaram Baretha ke makan tak CC road nirman","16-Jun-2025","1500000","06-Oct-2025"
"791","Normal/Others","WS/MP18284/2025-2026/197858-Construction of roads, link roads, pathways or any other road with or without drainage system","Madhya Pradesh","MORENA(DISTRICT COLLECTOR MORENA_IDA)","Shri Ashok Singh (2024-30) (2024-2030)","Elected MP","Construction of CC Road at Gram Panchayat Birsinghpura, Janpad Panchayat Joura, Dist. Morena","08-May-2025","1000000","13-Jun-2025"
"792","Normal/Others","WS/MP18316/2024-2025/166089-Construction of roads, link roads, pathways or any other road with or without drainage system","Madhya Pradesh","MORENA(DISTRICT COLLECTOR MORENA_IDA)","Smt. Maya Naroliya (2024-30) (2024-2030)","Elected MP","Gram Badona main komal ke makan se brajesh ke makan tak CC road nirman","18-Jan-2025","900000","25-Feb-2025"
"793","Normal/Others","WS/MP18316/2024-2025/166090-Construction of roads, link roads, pathways or any other road with or without drainage system","Madhya Pradesh","MORENA(DISTRICT COLLECTOR MORENA_IDA)","Smt. Maya Naroliya (2024-30) (2024-2030)","Elected MP","Gram Madona main suresh pal ke makan se lokendra ke makan tak CC road nirman","18-Jan-2025","900000","25-Feb-2025"
"794","Normal/Others","WS/MP106/2025-2026/166882-Construction of roads, link roads, pathways or any other road with or without drainage system","Madhya Pradesh","MORENA(DISTRICT COLLECTOR MORENA_IDA)","Shri Vivek K. Tankha (2022-28) (2022-2028)","Elected MP","Gram Chinnoni Karera, Gram Panchayat Chinnoni Karera, Janpad Panchayat Pahadgarh main Baba Mangaldas Mandir ke pas Paver Block Kary, Morena","20-Jan-2025","600000","13-Jun-2025"
"795","Normal/Others","WS/MP18316/2025-2026/248627-Construction of roads, link roads, pathways or any other road with or without drainage system","Madhya Pradesh","MORENA(DISTRICT COLLECTOR MORENA_IDA)","Smt. Maya Naroliya (2024-30) (2024-2030)","Elected MP","Gram Badona mein rajesh ke makan se swarajya bhawan ki aur CC road","24-Nov-2025","1500000","12-Jan-2026"
"796","Normal/Others","WS/MP107/2024-2025/145531-Construction of culverts and bridges","Madhya Pradesh","MORENA(DISTRICT COLLECTOR MORENA_IDA)","Smt. Sumitra Balmik (2022-28) (2022-2028)","Elected MP","Culvert construction work near village kashipur Of Gram Panchayat Majra","07-Oct-2024","1000000","25-Nov-2024"
"797","Normal/Others","WS/MP107/2024-2025/145836-Construction of culverts and bridges","Madhya Pradesh","MORENA(DISTRICT COLLECTOR MORENA_IDA)","Smt. Sumitra Balmik (2022-28) (2022-2028)","Elected MP","CULVERT CONSTRUCTION WORK NEAR PATIRAM'S FARM IN VILLAGE SHAHADPUR","07-Oct-2024","1000000","25-Nov-2024"
"798","Normal/Others","WS/MP18316/2026-2027/279634-Construction of culverts and bridges","Madhya Pradesh","MORENA(DISTRICT COLLECTOR MORENA_IDA)","Smt. Maya Naroliya (2024-30) (2024-2030)","Elected MP","Gram Badona mein Sureshpal ke khet ke pass puliya rapta nirman","15-May-2026","1500000","18-Jun-2026"
"799","Normal/Others","WS/MP107/2024-2025/147087-Street lights","Madhya Pradesh","MORENA(DISTRICT COLLECTOR MORENA_IDA)","Smt. Sumitra Balmik (2022-28) (2022-2028)","Elected MP","LED  Street Light Installation work in Gram Panchayat Budhawali Villages- Budhawali,Khutiyani Behad,And Theha","14-Oct-2024","1500000","30-Jan-2025"
"800","Normal/Others","WS/MP106/2026-2027/276510-Street lights","Madhya Pradesh","MORENA(DISTRICT COLLECTOR MORENA_IDA)","Shri Vivek K. Tankha (2022-28) (2022-2028)","Elected MP","Gram Kakardha, Gram Panchayat Urhera, Janpad Panchayat Jaura ke gram Kakardha me Street Light lagane hetu, Morena","28-Mar-2026","500000","01-Sep-2026"
"801","Normal/Others","WS/MP106/2025-2026/230378-Street lights","Madhya Pradesh","MORENA(DISTRICT COLLECTOR MORENA_IDA)","Shri Vivek K. Tankha (2022-28) (2022-2028)","Elected MP","Gram Panchayat Urhera, Janpad Panchayat Jora me Gram Urhera OBC Basti me Street Lights Lagane hetu, Morena","30-Aug-2025","500000","12-Jan-2026"
"802","Normal/Others","WS/MP104/2025-2026/218146-Development of playfields and sports grounds","Madhya Pradesh","PANNA(DISTRICT COLLECTOR PANNA_IDA)","Dr. L. Murugan (2024-30) (2024-2030)","Elected MP","Development of chatrasal stadium in Panna","16-Jul-2025","20000000","17-Mar-2026"
"803","Normal/Others","NA-Construction of community centers and community halls","Madhya Pradesh","PANNA(DISTRICT COLLECTOR PANNA_IDA)","Smt. Sumitra Balmik (2022-28) (2022-2028)","Elected MP","Construction of community Hall in ward no.8 Dham Mohalla near Hinglaj Temple","25-Jun-2026","2000000","NA"
"804","Normal/Others","WS/MP18284/2025-2026/197525-Construction of community centers and community halls","Madhya Pradesh","RAISEN(DISTRICT COLLECTOR RAISEN_IDA)","Shri Ashok Singh (2024-30) (2024-2030)","Elected MP","construction on incomplite work community hall gram borasghat dist raisen","07-May-2025","500000","18-Aug-2025"
"805","Normal/Others","WS/MP107/2024-2025/151633-Construction of rooms and halls in school and colleges","Madhya Pradesh","RAISEN(DISTRICT COLLECTOR RAISEN_IDA)","Smt. Sumitra Balmik (2022-28) (2022-2028)","Elected MP","CONSTRUCTION WORK OF ADDITIONAL ROOM IN LAKSHYA PUBLIC SCHOOL SILARIKALAN","11-Nov-2024","1800000","30-Dec-2024"
"806","Trust and Society","WS/MP18316/2025-2026/248605-Construction of rooms and halls in school and colleges","Madhya Pradesh","RAISEN(DISTRICT COLLECTOR RAISEN_IDA)","Smt. Maya Naroliya (2024-30) (2024-2030)","Elected MP","Aryabhatt College of technology and Science Bamhori Basoda mein atirikt kaksha nirman","24-Nov-2025","1000000","19-Dec-2025"
"807","Normal/Others","WS/MP106/2023-2024/19295-Construction of buildings for community cultural activities","Madhya Pradesh","RAISEN(DISTRICT COLLECTOR RAISEN_IDA)","Shri Vivek K. Tankha (2022-28) (2022-2028)","Elected MP","Gram Panchayat Karhaiya Kalan, Janpad Panchayat Udaipura ke gram Ghuarpur me Sarvajanik Chabutara nirman, Vidhan Sabha Udaipura, district Raisen","12-Sep-2023","200000","29-Dec-2023"
"808","Normal/Others","WS/MP107/2025-2026/192565-Construction of culverts and bridges","Madhya Pradesh","RAISEN(DISTRICT COLLECTOR RAISEN_IDA)","Smt. Sumitra Balmik (2022-28) (2022-2028)","Elected MP","Culvert construction work Over the Drain in village Madha","25-Apr-2025","1000000","12-Jun-2025"
"809","Normal/Others","WS/MP107/2024-2025/158660-Construction of culverts and bridges","Madhya Pradesh","RAISEN(DISTRICT COLLECTOR RAISEN_IDA)","Smt. Sumitra Balmik (2022-28) (2022-2028)","Elected MP","Construction work of culvert over drain in village Anhori Berkhedi","14-Dec-2024","1500000","09-Jan-2025"
"810","Normal/Others","WS/MP18284/2025-2026/168246-Construction of roads, link roads, pathways or any other road with or without drainage system","Madhya Pradesh","RAISEN(DISTRICT COLLECTOR RAISEN_IDA)","Shri Ashok Singh (2024-30) (2024-2030)","Elected MP","Work CC Road at Gram panchayat gugalwada, Dist. Raisen","23-Jan-2025","300000","28-May-2025"
"811","Normal/Others","WS/MP18284/2025-2026/197780-Construction of roads, link roads, pathways or any other road with or without drainage system","Madhya Pradesh","RAISEN(DISTRICT COLLECTOR RAISEN_IDA)","Shri Ashok Singh (2024-30) (2024-2030)","Elected MP","Construction of CC Road at Gram Imaliya, Gram Panchayat Gajikhedi, Janpad Panchayat Badi Dist. Raisen, Madhya Pradesh","08-May-2025","500000","12-Jun-2025"
"812","Normal/Others","WS/MP107/2025-2026/215575-Construction of roads, link roads, pathways or any other road with or without drainage system","Madhya Pradesh","RAISEN(DISTRICT COLLECTOR RAISEN_IDA)","Smt. Sumitra Balmik (2022-28) (2022-2028)","Elected MP","CC cum drain construction work from Bablu ji house towards the main road village Jarua Tola.","08-Jul-2025","1500000","19-Aug-2025"
"813","Normal/Others","WS/MP106/2023-2024/5972-Construction of roads, link roads, pathways or any other road with or without drainage system","Madhya Pradesh","RAISEN(DISTRICT COLLECTOR RAISEN_IDA)","Shri Vivek K. Tankha (2022-28) (2022-2028)","Elected MP","Construction of Grewal road Main road to Crematorium, Gram Nanakhedi, Gram Panchayat Mandakasiya, Janpad Panchayat Obaidallaganj, Raisen","24-Jul-2023","500000","08-Oct-2023"
"814","Normal/Others","WS/MP107/2023-2024/102047-Construction of roads, link roads, pathways or any other road with or without drainage system","Madhya Pradesh","RAJGARH(DISTRICT COLLECTOR RAJGARH_IDA)","Smt. Sumitra Balmik (2022-28) (2022-2028)","Elected MP","Construction of CC Road","09-Feb-2024","1300000","21-Feb-2024"
"815","Normal/Others","WS/MP18316/2024-2025/166528-Construction of roads, link roads, pathways or any other road with or without drainage system","Madhya Pradesh","RAJGARH(DISTRICT COLLECTOR RAJGARH_IDA)","Smt. Maya Naroliya (2024-30) (2024-2030)","Elected MP","Talen Kurawar road se sheetla mata mandir tak CC road nirman","19-Jan-2025","1200000","04-Feb-2025"
"816","Normal/Others","WS/MP18316/2025-2026/255584-Construction of roads, link roads, pathways or any other road with or without drainage system","Madhya Pradesh","RAJGARH(DISTRICT COLLECTOR RAJGARH_IDA)","Smt. Maya Naroliya (2024-30) (2024-2030)","Elected MP","Gram Saldi mein sounath singh ke ghar se samandar singh ke ghar tak CC raod nirman","02-Jan-2026","1500000","28-Jan-2026"
"817","Normal/Others","WS/MP107/2024-2025/158662-Construction of culverts and bridges","Madhya Pradesh","RAJGARH(DISTRICT COLLECTOR RAJGARH_IDA)","Smt. Sumitra Balmik (2022-28) (2022-2028)","Elected MP","Construction work of culvert on drain in village Umred","14-Dec-2024","1000000","06-Jan-2025"
"818","Normal/Others","WS/MP18316/2026-2027/277785-Construction of roads, link roads, pathways or any other road with or without drainage system","Madhya Pradesh","RAJGARH(DISTRICT COLLECTOR RAJGARH_IDA)","Smt. Maya Naroliya (2024-30) (2024-2030)","Elected MP","Gram Gindormina mein Ram Mandir se Govind ke ghar tak CC road nirman","23-Apr-2026","1500000","20-May-2026"
"819","Repair and Renovation","NA-Retrofitting, preservation or conservation of heritage and archaeological monuments and buildings","Madhya Pradesh","RAJGARH(DISTRICT COLLECTOR RAJGARH_IDA)","Dr. L. Murugan (2024-30) (2024-2030)","Elected MP","Renovation of Shri Kapileshwar Pilgrimage Site","28-Jan-2026","2500000","NA"
"820","Normal/Others","NA-Construction of community centers and community halls","Madhya Pradesh","RAJGARH(DISTRICT COLLECTOR RAJGARH_IDA)","Shri Ashok Singh (2024-30) (2024-2030)","Elected MP","Construction of community centers and community halls at Gram piplya pal teh sarangpur district Rajgarh Madhya Pradesh","14-Apr-2026","500000","NA"
"821","Normal/Others","WS/MP103/2025-2026/232298-Construction of common work sheds/ common covered sitting area","Madhya Pradesh","RAJGARH(DISTRICT COLLECTOR RAJGARH_IDA)","Dr. Kavita Patidar (2022-28) (2022-2028)","Elected MP","construction of Shed with Toilets (125X80 feet area) near  Yogshala  west side of Darana Road  in   Gram Bheswamata  Sarangpur District Rajgrah","09-Sep-2025","15300000","19-Dec-2025"
"822","Normal/Others","NA-Purchase of books for public libraries/ digitization of library books","Madhya Pradesh","REWA(DISTRICT COLLECTOR REWA_IDA)","Shri Vivek K. Tankha (2022-28) (2022-2028)","Elected MP","Civil Court Mauganj Rewa main library hetu Books ki kharid, Vidhan Sabha Mauganj, District Rewa (mention in letter no.2975 at Column no.1)","24-Jun-2023","50000","NA"
"823","Normal/Others","NA-Construction of Government office buildings (Post office, Police station, Police chauki, etc.)","Madhya Pradesh","REWA(DISTRICT COLLECTOR REWA_IDA)","Shri Vivek K. Tankha (2022-28) (2022-2028)","Elected MP","Construction and Shade repair, Adhivakta Sangh Civil Court Muaganj, Vidhan Sabha Mauganj Rewa, District Rewa (mention in letter no. 2975 at column no.3)","24-Jun-2023","100000","NA"
"824","Trust and Society","WS/MP18316/2025-2026/221362-Construction of rooms and halls in school and colleges","Madhya Pradesh","REWA(DISTRICT COLLECTOR REWA_IDA)","Smt. Maya Naroliya (2024-30) (2024-2030)","Elected MP","Dodau Public School DPS Gram Dodau me atirikt kakash nirman","26-Jul-2025","500000","08-Sep-2025"
"825","Normal/Others","NA-Installing community drinking water plants","Madhya Pradesh","REWA(DISTRICT COLLECTOR REWA_IDA)","Shri Vivek K. Tankha (2022-28) (2022-2028)","Elected MP","2 nag Voltas Drinking water Cooler Model no. WC FS 60/120, for Civil Court Mauganj hetu, Vidhan sabha Mauganj, District Rewa (metion in letter no.2975 at Column no.2)","24-Jun-2023","93176","NA"
"826","Normal/Others","NA-Development of playfields and sports grounds","Madhya Pradesh","REWA(DISTRICT COLLECTOR REWA_IDA)","Shri Vivek K. Tankha (2022-28) (2022-2028)","Elected MP","Venkat Club Parisar registerd number 15/59, Rewa hetu Pickalwall court nirman, Nehru Nagar ward, Hedgewar nagar, Rewa","18-Jun-2026","700000","NA"
"827","Normal/Others","WS/MP107/2024-2025/165670-Street lights","Madhya Pradesh","REWA(DISTRICT COLLECTOR REWA_IDA)","Smt. Sumitra Balmik (2022-28) (2022-2028)","Elected MP","Installation work of solar street lights in Gram panchayats Khaur, Puraina, Badwar, Hardi No. 2, Ulhi Kala, Ulhi Khurd, Raghurajgarh, Devra Farenda, Delhi of Janpad Panchayat Rewa and Raipur Karchuliyan of Rewa district","15-Jan-2025","1971292","11-Feb-2025"
"828","Normal/Others","WS/MP106/2025-2026/31155-Purchase Books for Library","Madhya Pradesh","SAGAR(DISTRICT COLLECTOR SAGAR_IDA)","Shri Vivek K. Tankha (2022-28) (2022-2028)","Elected MP","Purchase Book for Library for Jila Adhivakta Sangh Sagar, District Sagar","04-Oct-2023","50000","09-Oct-2025"
"829","Normal/Others","WS/MP106/2025-2026/192666-Construction of roads, link roads, pathways or any other road with or without drainage system","Madhya Pradesh","SAGAR(DISTRICT COLLECTOR SAGAR_IDA)","Shri Vivek K. Tankha (2022-28) (2022-2028)","Elected MP","Gram Panchayat Thagaraniya, Janpad Panchayat Rahatgarh ke Gram Manashiya main Pradhanmantri Sadak se Basti ki aor CC Road nirman, District Sagar","19-Apr-2025","600000","19-Aug-2025"
"830","Normal/Others","WS/MP106/2026-2027/230393-Construction of culverts and bridges","Madhya Pradesh","SAGAR(DISTRICT COLLECTOR SAGAR_IDA)","Shri Vivek K. Tankha (2022-28) (2022-2028)","Elected MP","Gram Panchayat Bagaspura, Vikaskhand Rehli ke gram Mahunga main Gargoli nala main Puliya nirman hetu, Sagar","30-Aug-2025","200000","04-Aug-2026"
"831","Normal/Others","WS/MP18284/2026-2027/279741-Construction of roads, link roads, pathways or any other road with or without drainage system","Madhya Pradesh","SAGAR(DISTRICT COLLECTOR SAGAR_IDA)","Shri Ashok Singh (2024-30) (2024-2030)","Elected MP","Construction of CC roads at Gram Panchayat Padwar district Sagar","06-May-2026","500000","07-Jul-2026"
"832","Normal/Others","WS/MP106/2026-2027/192685-Construction of roads, link roads, pathways or any other road with or without drainage system","Madhya Pradesh","SAGAR(DISTRICT COLLECTOR SAGAR_IDA)","Shri Vivek K. Tankha (2022-28) (2022-2028)","Elected MP","Gram Panchayat Jamuniya Chikhli, Vikaskhand Kesli ke gram Jamuniya Chikhli me Babulal ke ghar se nanne ke ghar ko aor CC Road nirman, sagar","19-Apr-2025","500000","21-Aug-2026"
"833","Normal/Others","WS/MP107/2025-2026/201895-Construction of roads, link roads, pathways or any other road with or without drainage system","Madhya Pradesh","SAGAR(DISTRICT COLLECTOR SAGAR_IDA)","Smt. Sumitra Balmik (2022-28) (2022-2028)","Elected MP","CC road construction work from Badri ji  house towards Mata Mandir, Village Jamunia Chikhli","21-May-2025","1000000","06-Jun-2025"
"834","Normal/Others","WS/MP107/2025-2026/201896-Construction of roads, link roads, pathways or any other road with or without drainage system","Madhya Pradesh","SAGAR(DISTRICT COLLECTOR SAGAR_IDA)","Smt. Sumitra Balmik (2022-28) (2022-2028)","Elected MP","CC road construction work from main road towards the house of Hira Lal Adivasi in village Jamunpani","21-May-2025","1499000","06-Jun-2025"
"835","Normal/Others","NA-Purchase of hospital equipment","Madhya Pradesh","SAGAR(DISTRICT COLLECTOR SAGAR_IDA)","Shri Vivek K. Tankha (2022-28) (2022-2028)","Elected MP","Samudayik Swasthya Kendra Rehli hetu Ek nag Hemodialysis machine With RO Plant, EK nag 3KV Online UPS ke sath, Rehli, Sagar","01-Aug-2026","1025000","NA"
"836","Normal/Others","NA-Construction of rooms and halls in school and colleges","Madhya Pradesh","SATNA(DISTRICT COLLECTOR SATNA_IDA)","Shri Vivek K. Tankha (2022-28) (2022-2028)","Elected MP","Saraswati Jyoti Vidya Mandir Ucchtar Madhyamik Vidyalaya Babupur, District Satna main Shri Gyan Lok Seva Hitkarini Shiksha Samiti dwara sanchalit School Registration no. R.S.2909 main Kaksh Nirman hetu, Satna","19-Jul-2025","400000","NA"
"837","Normal/Others","WS/MP106/2023-2024/9777-Construction of community centers and community halls","Madhya Pradesh","SATNA(DISTRICT COLLECTOR SATNA_IDA)","Shri Vivek K. Tankha (2022-28) (2022-2028)","Elected MP","Construction of Community Hall at Gram Panchayat Majhgawan Kherua, Block Nagod at Kherua sarkar Dham, District Satna M.P.","15-Aug-2023","500000","06-Oct-2023"
"838","Normal/Others","WS/MP106/2025-2026/189887-Construction of common work sheds/ common covered sitting area","Madhya Pradesh","SATNA(DISTRICT COLLECTOR SATNA_IDA)","Shri Vivek K. Tankha (2022-28) (2022-2028)","Elected MP","Gram Panchayat Koniya Kothar, Janpad Panchayat Rampur Baghelan, Khermai Mandir ke pas Sarvajanik Gatividhiyo hetu Chabutara sahit Shed Nirman, District Satna","07-Apr-2025","330000","16-Feb-2026"
"839","Normal/Others","NA-Construction of additional rooms and halls in the existing public and community building","Madhya Pradesh","SEHORE(DISTRICT COLLECTOR SEHORE_IDA)","Dr. L. Murugan (2024-30) (2024-2030)","Elected MP","Additional Construction of Samrat Vikramaditya Residential Sainik Vidyalaya","01-Jul-2026","2500000","NA"
"840","Trust and Society","WS/MP18316/2025-2026/208405-Construction of rooms and halls in school and colleges","Madhya Pradesh","SEHORE(DISTRICT COLLECTOR SEHORE_IDA)","Smt. Maya Naroliya (2024-30) (2024-2030)","Elected MP","Samrat Vikramaditya Aawasiy Sainik School bhawan nirman","16-Jun-2025","1500000","31-Dec-2025"
"841","Normal/Others","WS/MP18316/2025-2026/266898-Purchase of mobile water tankers","Madhya Pradesh","SEHORE(DISTRICT COLLECTOR SEHORE_IDA)","Smt. Maya Naroliya (2024-30) (2024-2030)","Elected MP","Purchase of GI Water Tanker, Capacity- 5000 litres, with Fire Fighter Pump and 900x16 new tyres and tubes- 01 No.","16-Feb-2026","190930","02-Mar-2026"
"842","Normal/Others","WS/MP18316/2025-2026/266899-Purchase of mobile water tankers","Madhya Pradesh","SEHORE(DISTRICT COLLECTOR SEHORE_IDA)","Smt. Maya Naroliya (2024-30) (2024-2030)","Elected MP","Purchase of GI Water Tanker, Capacity- 5000 litres, with Fire Fighter Pump and 900x16 new tyres and tubes- 01 No.","16-Feb-2026","190930","02-Mar-2026"
"843","Normal/Others","WS/MP18297/2025-2026/208006-Construction of roads, link roads, pathways or any other road with or without drainage system","Madhya Pradesh","SEHORE(DISTRICT COLLECTOR SEHORE_IDA)","Shri Balyogi Umeshnath (2024-30) (2024-2030)","Elected MP","Gram panchyat anandipura ke gram Jagannathpura me shamshan se hanuman mandir ke samne chouk se old gram ki aur cement concrit road nirman","11-Jun-2025","1000000","30-Jun-2025"
"844","Normal/Others","WS/MP18297/2026-2027/278217-Construction of roads, link roads, pathways or any other road with or without drainage system","Madhya Pradesh","SEHORE(DISTRICT COLLECTOR SEHORE_IDA)","Shri Balyogi Umeshnath (2024-30) (2024-2030)","Elected MP","Gram Panchayat anandipura ke gram anandipura me shamshan se gaon ki aur cement concrit road nirman","15-Apr-2026","1000000","15-May-2026"
"845","Normal/Others","WS/MP107/2025-2026/192449-Construction of culverts and bridges","Madhya Pradesh","SEHORE(DISTRICT COLLECTOR SEHORE_IDA)","Smt. Sumitra Balmik (2022-28) (2022-2028)","Elected MP","Culvert construction work near Parsadi Bai farm in village Bansia","25-Apr-2025","1000000","02-Jun-2025"
"846","Normal/Others","WS/MP107/2025-2026/192572-Construction of culverts and bridges","Madhya Pradesh","SEHORE(DISTRICT COLLECTOR SEHORE_IDA)","Smt. Sumitra Balmik (2022-28) (2022-2028)","Elected MP","Culvert construction work near Bharat Singh farm in village Siri","25-Apr-2025","1000000","02-Jun-2025"
"847","Normal/Others","WS/MP107/2024-2025/158659-Construction of culverts and bridges","Madhya Pradesh","SEHORE(DISTRICT COLLECTOR SEHORE_IDA)","Smt. Sumitra Balmik (2022-28) (2022-2028)","Elected MP","Culvert construction work near Ram Singh's farm in village Bansia","14-Dec-2024","1500000","27-Dec-2024"
"848","Normal/Others","WS/MP103/2023-2024/34534-Construction of roads, link roads, pathways or any other road with or without drainage system","Madhya Pradesh","SEHORE(DISTRICT COLLECTOR SEHORE_IDA)","Dr. Kavita Patidar (2022-28) (2022-2028)","Elected MP","Construction of CC Road at Village Magarda Janpad Sehore Dist. Sehore","09-Oct-2023","1500000","19-Feb-2024"
"849","Bar and Associations","WS/MP106/2025-2026/16235-Purchase Books for Library","Madhya Pradesh","SEHORE(DISTRICT COLLECTOR SEHORE_IDA)","Shri Vivek K. Tankha (2022-28) (2022-2028)","Elected MP","Purchase of books for Abhibhashak Sangh Nasrullahganj / Bherunda, Vidhan sabha Sehore, District Sehore M.P.","04-Sep-2023","50000","29-Apr-2025"
"850","Normal/Others","NA-Installing hand pumps","Madhya Pradesh","SIDHI(DISTRICT COLLECTOR SIDHI_IDA)","Shri Ashok Singh (2024-30) (2024-2030)","Elected MP","Installing hand pumps at sub District Rampur Naikin Disrtrict Sidhi Madhya Pradesh","06-May-2025","141000","NA"
"851","Normal/Others","NA-Installing hand pumps","Madhya Pradesh","SIDHI(DISTRICT COLLECTOR SIDHI_IDA)","Shri Ashok Singh (2024-30) (2024-2030)","Elected MP","Installing hand pumps at sub District Rampur Naikin Disrtrict Sidhi Madhya Pradesh","06-May-2025","141000","NA"
"852","Normal/Others","NA-Installing hand pumps","Madhya Pradesh","SIDHI(DISTRICT COLLECTOR SIDHI_IDA)","Shri Ashok Singh (2024-30) (2024-2030)","Elected MP","Installing hand pumps at sub District Rampur Naikin Disrtrict Sidhi Madhya Pradesh","06-May-2025","141000","NA"
"853","Normal/Others","NA-Installing hand pumps","Madhya Pradesh","SIDHI(DISTRICT COLLECTOR SIDHI_IDA)","Shri Ashok Singh (2024-30) (2024-2030)","Elected MP","Installing hand pumps at sub District Rampur Naikin Disrtrict Sidhi Madhya Pradesh","06-May-2025","141000","NA"
"854","Normal/Others","NA-Installing hand pumps","Madhya Pradesh","SIDHI(DISTRICT COLLECTOR SIDHI_IDA)","Shri Ashok Singh (2024-30) (2024-2030)","Elected MP","Installing hand pumps at sub District Rampur Naikin Disrtrict Sidhi Madhya Pradesh","06-May-2025","141000","NA"
"855","Normal/Others","NA-Installing hand pumps","Madhya Pradesh","SIDHI(DISTRICT COLLECTOR SIDHI_IDA)","Shri Ashok Singh (2024-30) (2024-2030)","Elected MP","Installing hand pumps at sub District Rampur Naikin Disrtrict Sidhi Madhya Pradesh","06-May-2025","141000","NA"
"856","Normal/Others","NA-Installing hand pumps","Madhya Pradesh","SIDHI(DISTRICT COLLECTOR SIDHI_IDA)","Shri Ashok Singh (2024-30) (2024-2030)","Elected MP","Installing hand pumps at sub District Rampur Naikin Disrtrict Sidhi Madhya Pradesh","06-May-2025","141000","NA"
"857","Normal/Others","NA-Installing hand pumps","Madhya Pradesh","SIDHI(DISTRICT COLLECTOR SIDHI_IDA)","Shri Ashok Singh (2024-30) (2024-2030)","Elected MP","Installing hand pumps at sub District Rampur Naikin Disrtrict Sidhi Madhya Pradesh","06-May-2025","141000","NA"
"858","Normal/Others","NA-Installing hand pumps","Madhya Pradesh","SIDHI(DISTRICT COLLECTOR SIDHI_IDA)","Shri Ashok Singh (2024-30) (2024-2030)","Elected MP","Installing hand pumps at sub District Rampur Naikin Disrtrict Sidhi Madhya Pradesh","06-May-2025","141000","NA"
"859","Normal/Others","NA-Installing hand pumps","Madhya Pradesh","SIDHI(DISTRICT COLLECTOR SIDHI_IDA)","Shri Ashok Singh (2024-30) (2024-2030)","Elected MP","Installing hand pumps at sub District Rampur Naikin Disrtrict Sidhi Madhya Pradesh","06-May-2025","141000","NA"
"860","Normal/Others","NA-Installing hand pumps","Madhya Pradesh","SIDHI(DISTRICT COLLECTOR SIDHI_IDA)","Shri Ashok Singh (2024-30) (2024-2030)","Elected MP","Installing hand pumps at sub District Rampur Naikin Disrtrict Sidhi Madhya Pradesh","06-May-2025","141000","NA"
"861","Normal/Others","NA-Installing hand pumps","Madhya Pradesh","SIDHI(DISTRICT COLLECTOR SIDHI_IDA)","Shri Ashok Singh (2024-30) (2024-2030)","Elected MP","Installing hand pumps at sub District Rampur Naikin Disrtrict Sidhi Madhya Pradesh","06-May-2025","141000","NA"
"862","Normal/Others","NA-Installing hand pumps","Madhya Pradesh","SIDHI(DISTRICT COLLECTOR SIDHI_IDA)","Shri Ashok Singh (2024-30) (2024-2030)","Elected MP","Installing hand pumps at sub District Rampur Naikin Disrtrict Sidhi Madhya Pradesh","06-May-2025","141000","NA"
"863","Normal/Others","NA-Installing hand pumps","Madhya Pradesh","SIDHI(DISTRICT COLLECTOR SIDHI_IDA)","Shri Ashok Singh (2024-30) (2024-2030)","Elected MP","Installing hand pumps at sub District Rampur Naikin Disrtrict Sidhi Madhya Pradesh","06-May-2025","141000","NA"
"864","Normal/Others","NA-Installing hand pumps","Madhya Pradesh","SIDHI(DISTRICT COLLECTOR SIDHI_IDA)","Shri Ashok Singh (2024-30) (2024-2030)","Elected MP","Installing hand pumps at sub District Rampur Naikin Disrtrict Sidhi Madhya Pradesh","06-May-2025","141000","NA"
"865","Normal/Others","NA-Installing hand pumps","Madhya Pradesh","SIDHI(DISTRICT COLLECTOR SIDHI_IDA)","Shri Ashok Singh (2024-30) (2024-2030)","Elected MP","Installing hand pumps at sub District Rampur Naikin Disrtrict Sidhi Madhya Pradesh","06-May-2025","141000","NA"
"866","Normal/Others","NA-Installing hand pumps","Madhya Pradesh","SIDHI(DISTRICT COLLECTOR SIDHI_IDA)","Shri Ashok Singh (2024-30) (2024-2030)","Elected MP","Installing hand pumps at sub District Rampur Naikin Disrtrict Sidhi Madhya Pradesh","06-May-2025","141000","NA"
"867","Normal/Others","NA-Installing hand pumps","Madhya Pradesh","SIDHI(DISTRICT COLLECTOR SIDHI_IDA)","Shri Ashok Singh (2024-30) (2024-2030)","Elected MP","Installing hand pumps Sub Dist Rampur Naikin Dist Sidhi Madhya Pradesh","06-May-2025","141000","NA"
"868","Normal/Others","WS/MP106/2026-2027/1653-Installing hand pumps","Madhya Pradesh","SIDHI(DISTRICT COLLECTOR SIDHI_IDA)","Shri Vivek K. Tankha (2022-28) (2022-2028)","Elected MP","Gram Panchayat Kadiyar ke gram Tikar main Talab ke pas Fatte Kol evam Sundar kol ke ghar ke madhay me Handpump Khanan, Vidhan Sabha Sinhawal, District Sidhi (mention in letter no.3127 at column no.1)","26-Jun-2023","114000","19-May-2026"
"869","Normal/Others","WS/MP106/2026-2027/1654-Installing hand pumps","Madhya Pradesh","SIDHI(DISTRICT COLLECTOR SIDHI_IDA)","Shri Vivek K. Tankha (2022-28) (2022-2028)","Elected MP","Gram Panchayat Padariya ke gram Gajraha uttartola  main Shiv kumar yadav ke ghar ke pas Handpump Khanan, Vidhan Sabha Sinhawal, District Sidhi (mention in letter no.3127 at column no.2)","26-Jun-2023","114000","19-May-2026"
"870","Normal/Others","WS/MP106/2026-2027/1655-Installing hand pumps","Madhya Pradesh","SIDHI(DISTRICT COLLECTOR SIDHI_IDA)","Shri Vivek K. Tankha (2022-28) (2022-2028)","Elected MP","Gram Pachayat Rajgarh, Nau aan tola ke Nanhe sen Shri Dau sen ke mohalle main Handpump Khanan, Vidhan Sabha Sinhawal, District Sidhi (mention in letter no. 3127 at column no. 3)","26-Jun-2023","114000","19-May-2026"
"871","Normal/Others","WS/MP106/2026-2027/1735-Installing hand pumps","Madhya Pradesh","SIDHI(DISTRICT COLLECTOR SIDHI_IDA)","Shri Vivek K. Tankha (2022-28) (2022-2028)","Elected MP","Gram Pachayat Sonvarsha ke gram sonvarsha Harijan Basti main Hinchhlal Saket ke ghar ke pass Handpump Khanan, Vidhan Sabha Sinhawal, District Sidhi (mention in letter no. 3127 at column no. 4)","28-Jun-2023","114000","19-May-2026"
"872","Normal/Others","WS/MP106/2026-2027/1736-Installing hand pumps","Madhya Pradesh","SIDHI(DISTRICT COLLECTOR SIDHI_IDA)","Shri Vivek K. Tankha (2022-28) (2022-2028)","Elected MP","Gram Pachayat Khorba Khas main Eidgah ke pass Handpump Khanan, Vidhan Sabha Sinhawal, District Sidhi (mention in letter no. 3127 at column no. 5)","28-Jun-2023","114000","19-May-2026"
"873","Normal/Others","WS/MP106/2026-2027/1737-Installing hand pumps","Madhya Pradesh","SIDHI(DISTRICT COLLECTOR SIDHI_IDA)","Shri Vivek K. Tankha (2022-28) (2022-2028)","Elected MP","Gram Pachayat Khorba Khas main Ram milan Vishwakarma ke ghar ke pass Handpump Khanan, Vidhan Sabha Sinhawal, District Sidhi (mention in letter no. 3127 at column no. 6)","28-Jun-2023","114000","19-May-2026"
"874","Normal/Others","WS/MP106/2026-2027/1738-Installing hand pumps","Madhya Pradesh","SIDHI(DISTRICT COLLECTOR SIDHI_IDA)","Shri Vivek K. Tankha (2022-28) (2022-2028)","Elected MP","Gram Pachayat Balhaya ke gram Godgaon main Shri Ramayan Prasad patel ke ghar ke pass Handpump Khanan, Vidhan Sabha Sinhawal, District Sidhi (mention in letter no. 3127 at column no. 7)","28-Jun-2023","130000","19-May-2026"
"875","Normal/Others","WS/MP106/2026-2027/1739-Installing hand pumps","Madhya Pradesh","SIDHI(DISTRICT COLLECTOR SIDHI_IDA)","Shri Vivek K. Tankha (2022-28) (2022-2028)","Elected MP","Gram Pachayat Laua main Arjun nagar naveen basti saket mohalla main Handpump Khanan, Vidhan Sabha Sinhawal, District Sidhi (mention in letter no. 3127 at column no. 8)","28-Jun-2023","114000","19-May-2026"
"876","Normal/Others","NA-Installing hand pumps","Madhya Pradesh","SIDHI(DISTRICT COLLECTOR SIDHI_IDA)","Shri Vivek K. Tankha (2022-28) (2022-2028)","Elected MP","Gram Pachayat Duara ke gram Pakhda main Stone Cresher ke pas, Dadulal Prajapati ke ghar ke pas Sarvjanik sthal par Handpump Khanan, Vidhan Sabha Sinhawal, District Sidhi (mention in letter no. 3127 at column no. 9)","28-Jun-2023","114000","NA"
"877","Normal/Others","NA-Construction of boundary walls of existing public and community buildings","Madhya Pradesh","SIDHI(DISTRICT COLLECTOR SIDHI_IDA)","Shri Vivek K. Tankha (2022-28) (2022-2028)","Elected MP","Gram Panchayat Bithauli, Janpad Panchayat Sihawal, Jila Sidhi ke khel maidan me Boundary wall nirman hetu","02-Aug-2026","500000","NA"
"878","Normal/Others","NA-Construction of community centers and community halls","Madhya Pradesh","SIDHI(DISTRICT COLLECTOR SIDHI_IDA)","Shri Vivek K. Tankha (2022-28) (2022-2028)","Elected MP","Vikashkhand Rampur Naikin ke gram v Gram Panchayat Kapuri Pawai main Sanskrati Gatividhiyon ke liye Samudayik Bhawan nirman, Sidhi (mention in letter no.4159 at column no.1)","25-Sep-2025","500000","NA"
"879","Normal/Others","NA-Construction of community centers and community halls","Madhya Pradesh","SIDHI(DISTRICT COLLECTOR SIDHI_IDA)","Shri Vivek K. Tankha (2022-28) (2022-2028)","Elected MP","Vikashkhand Rampur Naikin ke gram v Gram Panchayat Bajranggarh main Sanskrati Gatividhiyon ke liye Samudayik Bhawan nirman, Sidhi (mention in letter no.4159 at column no.2)","25-Sep-2025","500000","NA"
"880","Normal/Others","NA-Construction of community centers and community halls","Madhya Pradesh","SIDHI(DISTRICT COLLECTOR SIDHI_IDA)","Shri Vivek K. Tankha (2022-28) (2022-2028)","Elected MP","Vikashkhand Rampur Naikin ke gram v Gram Panchayat Mau main Sanskrati Gatividhiyon ke liye Samudayik Bhawan nirman, Sidhi (mention in letter no.4159 at column no.3)","25-Sep-2025","500000","NA"
"881","Normal/Others","NA-Purchase of books for public libraries/ digitization of library books","Madhya Pradesh","SIDHI(DISTRICT COLLECTOR SIDHI_IDA)","Shri Vivek K. Tankha (2022-28) (2022-2028)","Elected MP","Purchase books for  library of Adhivakta Sangh Majhauli, Vidhansabha 82-Dhoohni, District Sidhi M.P.","26-Jun-2023","50000","NA"
"882","Normal/Others","WS/MP18297/2025-2026/247478-Construction of community centers and community halls","Madhya Pradesh","UJJAIN(DISTRICT COLLECTOR UJJAIN_IDA)","Shri Balyogi Umeshnath (2024-30) (2024-2030)","Elected MP","Gram baghera s c basti me samudayik bhawan nirman","11-Nov-2025","1200000","09-Dec-2025"
"883","Trust and Society","NA-Construction of community centers and community halls","Madhya Pradesh","UJJAIN(DISTRICT COLLECTOR UJJAIN_IDA)","Dr. Kavita Patidar (2022-28) (2022-2028)","Elected MP","Construction of Manglik Bhawan  for Social work in Kadwa patidar Dharmshala Trust District Ujjain","03-Mar-2026","1000000","NA"
"884","Normal/Others","WS/MP18362/2026-2027/274782-Crematoriums/energy efficient crematoriums or structures on burial/cremation ground","Madhya Pradesh","UJJAIN(DISTRICT COLLECTOR UJJAIN_IDA)","Shri Banshilal Gurjar (2024-30) (2024-2030)","Elected MP","work as attached letter and agency","23-Mar-2026","500000","17-Apr-2026"
"885","Normal/Others","WS/MP18297/2025-2026/263020-Crematoriums/energy efficient crematoriums or structures on burial/cremation ground","Madhya Pradesh","UJJAIN(DISTRICT COLLECTOR UJJAIN_IDA)","Shri Balyogi Umeshnath (2024-30) (2024-2030)","Elected MP","Gram lunyakhedi shamshan ki baundriwall nirman","29-Jan-2026","1000000","23-Feb-2026"
"886","Normal/Others","WS/MP18297/2025-2026/213656-Crematoriums/energy efficient crematoriums or structures on burial/cremation ground","Madhya Pradesh","UJJAIN(DISTRICT COLLECTOR UJJAIN_IDA)","Shri Balyogi Umeshnath (2024-30) (2024-2030)","Elected MP","Gram meen me shantidham parisar ki baundriwall nirman","30-Jun-2025","700000","26-Sep-2025"
"887","Normal/Others","WS/MP18297/2025-2026/249489-Crematoriums/energy efficient crematoriums or structures on burial/cremation ground","Madhya Pradesh","UJJAIN(DISTRICT COLLECTOR UJJAIN_IDA)","Shri Balyogi Umeshnath (2024-30) (2024-2030)","Elected MP","Gram sarola me shmashan shed and chabutara nirman","19-Nov-2025","800000","02-Feb-2026"
"888","Normal/Others","WS/MP18297/2025-2026/259020-Crematoriums/energy efficient crematoriums or structures on burial/cremation ground","Madhya Pradesh","UJJAIN(DISTRICT COLLECTOR UJJAIN_IDA)","Shri Balyogi Umeshnath (2024-30) (2024-2030)","Elected MP","Gram panchayat surjanwasa ke gram kesoni me shantidham ki baundriwall pevor block and shamshan shed nirman","13-Jan-2026","1000000","23-Feb-2026"
"889","Normal/Others","NA-Construction of community centers and community halls","Madhya Pradesh","UJJAIN(DISTRICT COLLECTOR UJJAIN_IDA)","Shri Balyogi Umeshnath (2024-30) (2024-2030)","Elected MP","Ujjain ward 46 alakhdham nagar swarg sundaram takiez ke pass manchhapurn hanuman mandir ke samne sabhamandap samudayik bhawan nirman","08-Jan-2026","7000000","NA"
"890","Normal/Others","NA-Construction of community centers and community halls","Madhya Pradesh","UJJAIN(DISTRICT COLLECTOR UJJAIN_IDA)","Shri Balyogi Umeshnath (2024-30) (2024-2030)","Elected MP","Ujjain ward 9 nayapura prachin shree chintaharan siddhi vinayak ganesh mandir ke sameep sabhamandap samudayik bhawan nirman","08-Jan-2026","1000000","NA"
"891","Normal/Others","NA-Construction of community centers and community halls","Madhya Pradesh","UJJAIN(DISTRICT COLLECTOR UJJAIN_IDA)","Shri Balyogi Umeshnath (2024-30) (2024-2030)","Elected MP","Nagda sarve no 436 ward no 10 chandrashekhar azad marg me samudayik bhawan nirman","29-Aug-2025","1300000","NA"
"892","Normal/Others","NA-Construction of community centers and community halls","Madhya Pradesh","UJJAIN(DISTRICT COLLECTOR UJJAIN_IDA)","Shri Balyogi Umeshnath (2024-30) (2024-2030)","Elected MP","ward no 9 kalika mata mandir ke pass khachrod me samudayik bhawan ke uper hall nirman","29-Aug-2025","1500000","NA"
"893","Trust and Society","NA-Construction of community centers and community halls","Madhya Pradesh","UJJAIN(DISTRICT COLLECTOR UJJAIN_IDA)","Shri Balyogi Umeshnath (2024-30) (2024-2030)","Elected MP","Ujjain agrawal vikas samiti ujjain me alaknanda shoping complex ke samne samudayik bhawan nirman","18-Jul-2025","800000","NA"
"894","Normal/Others","WS/MP104/2024-2025/146680-Construction of community centers and community halls","Madhya Pradesh","UJJAIN(DISTRICT COLLECTOR UJJAIN_IDA)","Dr. L. Murugan (2024-30) (2024-2030)","Elected MP","Construction of Community Hall, Rupeta Gram Panchayat, Khachrod Tehsil, Ujjain District","10-Oct-2024","1500000","31-Jan-2025"
"895","Normal/Others","WS/MP18362/2025-2026/205223-Construction of common work sheds/ common covered sitting area","Madhya Pradesh","UJJAIN(DISTRICT COLLECTOR UJJAIN_IDA)","Shri Banshilal Gurjar (2024-30) (2024-2030)","Elected MP","as attached letter","30-May-2025","1000000","26-Aug-2025"
"896","Normal/Others","WS/MP18297/2025-2026/242288-Construction of common work sheds/ common covered sitting area","Madhya Pradesh","UJJAIN(DISTRICT COLLECTOR UJJAIN_IDA)","Shri Balyogi Umeshnath (2024-30) (2024-2030)","Elected MP","Gram pachola me lal mata chouraha ke pass dom nirman","15-Oct-2025","1200000","09-Jan-2026"
"897","Normal/Others","WS/MP18362/2025-2026/248398-Construction of common work sheds/ common covered sitting area","Madhya Pradesh","UJJAIN(DISTRICT COLLECTOR UJJAIN_IDA)","Shri Banshilal Gurjar (2024-30) (2024-2030)","Elected MP","work location and agengy as menstioned attached letter","19-Nov-2025","1500000","30-Dec-2025"
"898","Normal/Others","WS/MP18297/2025-2026/249687-Construction of common work sheds/ common covered sitting area","Madhya Pradesh","UJJAIN(DISTRICT COLLECTOR UJJAIN_IDA)","Shri Balyogi Umeshnath (2024-30) (2024-2030)","Elected MP","Gram Makla me dom nirman","20-Nov-2025","1000000","02-Feb-2026"
"899","Normal/Others","NA-Construction of common work sheds/ common covered sitting area","Madhya Pradesh","UJJAIN(DISTRICT COLLECTOR UJJAIN_IDA)","Dr. L. Murugan (2024-30) (2024-2030)","Elected MP","Construction of Dome in Bhadla Village","25-Aug-2026","1500000","NA"
"900","Normal/Others","WS/MP18297/2025-2026/210409-Crematoriums/energy efficient crematoriums or structures on burial/cremation ground","Madhya Pradesh","UJJAIN(DISTRICT COLLECTOR UJJAIN_IDA)","Shri Balyogi Umeshnath (2024-30) (2024-2030)","Elected MP","gram panchayat amarpura ke gram daulatpur me shamshan ghat me pevor block work","19-Jun-2025","700000","08-Jul-2025"
"901","Normal/Others","WS/MP18297/2025-2026/210411-Construction of common work sheds/ common covered sitting area","Madhya Pradesh","UJJAIN(DISTRICT COLLECTOR UJJAIN_IDA)","Shri Balyogi Umeshnath (2024-30) (2024-2030)","Elected MP","gram pipalya nath me sarve no.428  1 pani ki tanki ke pass karigaro ke liye common work shed nirman","19-Jun-2025","1200000","07-Jan-2026"
"902","Normal/Others","WS/MP18297/2025-2026/208308-Construction of common work sheds/ common covered sitting area","Madhya Pradesh","UJJAIN(DISTRICT COLLECTOR UJJAIN_IDA)","Shri Balyogi Umeshnath (2024-30) (2024-2030)","Elected MP","gram panchayat binpura sc basti mata ji chowk ke pass karigaro ke liye common work shed nirman","12-Jun-2025","1000000","14-Oct-2025"
"903","Normal/Others","WS/MP18297/2025-2026/263026-Construction of common work sheds/ common covered sitting area","Madhya Pradesh","UJJAIN(DISTRICT COLLECTOR UJJAIN_IDA)","Shri Balyogi Umeshnath (2024-30) (2024-2030)","Elected MP","Gram murdawan me samudayik samanya karya shed nirman","29-Jan-2026","1000000","18-Feb-2026"
"904","Normal/Others","WS/MP18297/2025-2026/263022-Construction of common work sheds/ common covered sitting area","Madhya Pradesh","UJJAIN(DISTRICT COLLECTOR UJJAIN_IDA)","Shri Balyogi Umeshnath (2024-30) (2024-2030)","Elected MP","Gram Bamori me samudayik samanya karya shed nirman","29-Jan-2026","1000000","23-Mar-2026"
"905","Normal/Others","WS/MP18297/2026-2027/263023-Construction of common work sheds/ common covered sitting area","Madhya Pradesh","UJJAIN(DISTRICT COLLECTOR UJJAIN_IDA)","Shri Balyogi Umeshnath (2024-30) (2024-2030)","Elected MP","Gram narwar sc mohalla sanvariya nagar me samudayik samanya karya shed nirman","29-Jan-2026","1000000","12-Jun-2026"
"906","Normal/Others","WS/MP18297/2025-2026/263018-Construction of common work sheds/ common covered sitting area","Madhya Pradesh","UJJAIN(DISTRICT COLLECTOR UJJAIN_IDA)","Shri Balyogi Umeshnath (2024-30) (2024-2030)","Elected MP","Gram kheda nagji lasudiya dhandu me samudayik samanya karya shed nirman","29-Jan-2026","1000000","23-Feb-2026"
"907","Normal/Others","WS/MP18297/2026-2027/257205-Construction of common work sheds/ common covered sitting area","Madhya Pradesh","UJJAIN(DISTRICT COLLECTOR UJJAIN_IDA)","Shri Balyogi Umeshnath (2024-30) (2024-2030)","Elected MP","Gram panchayat Dhatrawada ke gyanoday school lalpur ujjain me dom nirman","05-Jan-2026","1740000","01-Apr-2026"
"908","Normal/Others","WS/MP18297/2025-2026/257949-Construction of common work sheds/ common covered sitting area","Madhya Pradesh","UJJAIN(DISTRICT COLLECTOR UJJAIN_IDA)","Shri Balyogi Umeshnath (2024-30) (2024-2030)","Elected MP","Gram panchayat Lasuldiya bechar  me samudayik samanya work shed nirman","08-Jan-2026","1200000","12-Feb-2026"
"909","Normal/Others","WS/MP18297/2025-2026/259021-Construction of common work sheds/ common covered sitting area","Madhya Pradesh","UJJAIN(DISTRICT COLLECTOR UJJAIN_IDA)","Shri Balyogi Umeshnath (2024-30) (2024-2030)","Elected MP","Gram panchayat sekakhedi me samudayik sthai work shed nirman","13-Jan-2026","1500000","02-Mar-2026"
"910","Normal/Others","WS/MP18297/2025-2026/259019-Construction of common work sheds/ common covered sitting area","Madhya Pradesh","UJJAIN(DISTRICT COLLECTOR UJJAIN_IDA)","Shri Balyogi Umeshnath (2024-30) (2024-2030)","Elected MP","Gram panchayat mahudiya hanuman mandir ke pass samanya sthai work shed nirman","13-Jan-2026","1000000","12-Feb-2026"
"911","Trust and Society","WS/MP18297/2025-2026/244825-Construction of rooms and halls in school and colleges","Madhya Pradesh","UJJAIN(DISTRICT COLLECTOR UJJAIN_IDA)","Shri Balyogi Umeshnath (2024-30) (2024-2030)","Elected MP","Mahidpur road shiksha samiti mahidpur dwara sanchalit saraswati shishu mandir school mahidpurroad me additional room nirman","30-Oct-2025","1000000","18-Feb-2026"
"912","Normal/Others","WS/MP18297/2025-2026/230123-Purchase of hospital equipment","Madhya Pradesh","UJJAIN(DISTRICT COLLECTOR UJJAIN_IDA)","Shri Balyogi Umeshnath (2024-30) (2024-2030)","Elected MP","jila chiktsalay me ded body freezer 02 nag","29-Aug-2025","500000","31-Oct-2025"
"913","Normal/Others","WS/MP18297/2025-2026/230124-Purchase of hospital equipment","Madhya Pradesh","UJJAIN(DISTRICT COLLECTOR UJJAIN_IDA)","Shri Balyogi Umeshnath (2024-30) (2024-2030)","Elected MP","charak bhawan jila chiktasalay me ded body freezer","29-Aug-2025","250000","31-Oct-2025"
"914","Normal/Others","WS/MP18297/2025-2026/230125-Purchase of hospital equipment","Madhya Pradesh","UJJAIN(DISTRICT COLLECTOR UJJAIN_IDA)","Shri Balyogi Umeshnath (2024-30) (2024-2030)","Elected MP","civil hospital madhav nagar ujjain me dad body freezar","29-Aug-2025","250000","31-Oct-2025"
"915","Normal/Others","WS/MP18297/2025-2026/230126-Purchase of hospital equipment","Madhya Pradesh","UJJAIN(DISTRICT COLLECTOR UJJAIN_IDA)","Shri Balyogi Umeshnath (2024-30) (2024-2030)","Elected MP","civil hospital jiwajiganj ujjain me dad body freezar","29-Aug-2025","250000","31-Oct-2025"
"916","Normal/Others","NA-Purchase of furniture and fixtures for educational purposes","Madhya Pradesh","UJJAIN(DISTRICT COLLECTOR UJJAIN_IDA)","Shri Balyogi Umeshnath (2024-30) (2024-2030)","Elected MP","Govt.u.ma.vidhyalay Bamora me furniture work","23-Feb-2026","1000000","NA"
"917","Normal/Others","NA-Purchase of furniture and fixtures for educational purposes","Madhya Pradesh","UJJAIN(DISTRICT COLLECTOR UJJAIN_IDA)","Shri Balyogi Umeshnath (2024-30) (2024-2030)","Elected MP","Shaskiya mahavidhalay jharda me furniture work","13-Jan-2026","1000000","NA"
"918","Normal/Others","NA-Purchase of furniture and fixtures for educational purposes","Madhya Pradesh","UJJAIN(DISTRICT COLLECTOR UJJAIN_IDA)","Shri Balyogi Umeshnath (2024-30) (2024-2030)","Elected MP","goverment u.ma.vidhlay indokh me furniture work","13-Jan-2026","500000","NA"
"919","Normal/Others","WS/MP18297/2026-2027/230121-Installing tube-wells and borewells","Madhya Pradesh","UJJAIN(DISTRICT COLLECTOR UJJAIN_IDA)","Shri Balyogi Umeshnath (2024-30) (2024-2030)","Elected MP","Outside R.D.Gardi medical college ujjain me 1 nalkoop khanan moterpump starter kebal sahit","29-Aug-2025","250000","22-Jun-2026"
"920","Normal/Others","WS/MP18297/2026-2027/257954-Installing tube-wells and borewells","Madhya Pradesh","UJJAIN(DISTRICT COLLECTOR UJJAIN_IDA)","Shri Balyogi Umeshnath (2024-30) (2024-2030)","Elected MP","Ujjain jhone 3 ward 33 me banshi ka bada and kahar wadi me liladhar kahar ke ghar ke samne sub marsible moter and pipe line work","08-Jan-2026","500000","22-Apr-2026"
"921","Normal/Others","WS/MP18297/2026-2027/257955-Installing tube-wells and borewells","Madhya Pradesh","UJJAIN(DISTRICT COLLECTOR UJJAIN_IDA)","Shri Balyogi Umeshnath (2024-30) (2024-2030)","Elected MP","Ujjain jhone 3 ward 25 me doulatganja school ki gali kushalpura gali 5 icecream wali gali bammanwada charak hospital ke pichhe jabran colony me 4 submarsible moter and pipe line work","08-Jan-2026","858800","22-Apr-2026"
"922","Normal/Others","WS/MP18297/2026-2027/257956-Installing tube-wells and borewells","Madhya Pradesh","UJJAIN(DISTRICT COLLECTOR UJJAIN_IDA)","Shri Balyogi Umeshnath (2024-30) (2024-2030)","Elected MP","Ujjain jhone 3 ward 25 me doulatganja school ki gali kushalpura gali 5 icecream wali gali bammanwada charak hospital ke pichhe jabran colony me 8 inch boring khanan work","08-Jan-2026","937500","22-Apr-2026"
"923","Normal/Others","WS/MP18297/2026-2027/257950-Installing tube-wells and borewells","Madhya Pradesh","UJJAIN(DISTRICT COLLECTOR UJJAIN_IDA)","Shri Balyogi Umeshnath (2024-30) (2024-2030)","Elected MP","ujjain ke jhone 3 ward 33 me 8 inch boring khanan 1 banshi ka bada 2 kahar wadi liladhar kahar ke ghar ke samne 3 hanuman mandir ke samne bajrang colony","08-Jan-2026","500000","22-Apr-2026"
"924","Normal/Others","WS/MP18297/2025-2026/189867-Installing tube-wells and borewells","Madhya Pradesh","UJJAIN(DISTRICT COLLECTOR UJJAIN_IDA)","Shri Balyogi Umeshnath (2024-30) (2024-2030)","Elected MP","sarswati shishu mandir marutiganj ke samne nal kup khanan avm motor pump","07-Apr-2025","250000","05-May-2025"
"925","Normal/Others","WS/MP18297/2025-2026/180915-Installing community drinking water plants","Madhya Pradesh","UJJAIN(DISTRICT COLLECTOR UJJAIN_IDA)","Shri Balyogi Umeshnath (2024-30) (2024-2030)","Elected MP","Mahakal mahalok ujjain me savjanik peyjal hetu R.O.water coler plant  nandi dwar pinaki dwar neelkanth dwar and karidor ke madhya.","11-Mar-2025","3000000","04-Apr-2025"
"926","Trust and Society","NA-Construction of shelters for animals","Madhya Pradesh","UJJAIN(DISTRICT COLLECTOR UJJAIN_IDA)","Shri Balyogi Umeshnath (2024-30) (2024-2030)","Elected MP","Gram devrundi gram panchayat baloda koran me pashuo ke liye ashray gruh nirman Devnarayan goushala","15-Jun-2026","1200000","NA"
"927","Normal/Others","NA-Construction of shelters for animals","Madhya Pradesh","UJJAIN(DISTRICT COLLECTOR UJJAIN_IDA)","Shri Balyogi Umeshnath (2024-30) (2024-2030)","Elected MP","ujjain city ke ward no.12 ranjeet hanuman ke samne kshiprapura nayapura ujjain me goushala ke liye pashuo ke liye ashray gruh nirman","22-Sep-2025","2000000","NA"
"928","Trust and Society","WS/MP18297/2025-2026/232673-Construction of shelters for animals","Madhya Pradesh","UJJAIN(DISTRICT COLLECTOR UJJAIN_IDA)","Shri Balyogi Umeshnath (2024-30) (2024-2030)","Elected MP","Gram nawakheda janpad ujjain me shri swami nrutya gopaldas ji goushala bhumi sarve no. 212 me pashuo ke liye ashray ghuh nirman","10-Sep-2025","1500000","19-Feb-2026"
"929","Normal/Others","WS/MP18297/2026-2027/259024-Providing garbage collection and disposal systems","Madhya Pradesh","UJJAIN(DISTRICT COLLECTOR UJJAIN_IDA)","Shri Balyogi Umeshnath (2024-30) (2024-2030)","Elected MP","Nagar palika nigam ujjain ko sarvajanik waok hetu 5 kachra gadi praday prati nag 920536","13-Jan-2026","4602680","08-Apr-2026"
"930","Normal/Others","WS/MP103/2025-2026/178083-Purchase of mobile water tankers","Madhya Pradesh","UJJAIN(DISTRICT COLLECTOR UJJAIN_IDA)","Dr. Kavita Patidar (2022-28) (2022-2028)","Elected MP","Providing water tanker Capacity 5500 Liter Tyre 900X16 in GP Salamata JP Ghatiya District Ujjain","28-Feb-2025","160761","16-Mar-2026"
"931","Normal/Others","WS/MP103/2025-2026/178084-Purchase of mobile water tankers","Madhya Pradesh","UJJAIN(DISTRICT COLLECTOR UJJAIN_IDA)","Dr. Kavita Patidar (2022-28) (2022-2028)","Elected MP","Providing water tanker Capacity 5500 Liter Tyre 900X16 in  GP  Nanded JP Tarana District Ujjain","28-Feb-2025","160761","13-Mar-2026"
"932","Normal/Others","WS/MP103/2025-2026/178085-Purchase of mobile water tankers","Madhya Pradesh","UJJAIN(DISTRICT COLLECTOR UJJAIN_IDA)","Dr. Kavita Patidar (2022-28) (2022-2028)","Elected MP","Providing water tanker Capacity 5500 Liter Tyre 900X16 in GP Kanardi JP Tarana District Ujjain","28-Feb-2025","160761","16-Mar-2026"
"933","Normal/Others","WS/MP103/2025-2026/178086-Purchase of mobile water tankers","Madhya Pradesh","UJJAIN(DISTRICT COLLECTOR UJJAIN_IDA)","Dr. Kavita Patidar (2022-28) (2022-2028)","Elected MP","Providing water tanker Capacity 5500 Liter Tyre 900X16 in GP Noganwa JP Tarana District Ujjain","28-Feb-2025","160761","16-Mar-2026"
"934","Normal/Others","WS/MP103/2023-2024/97466-Purchase of mobile water tankers","Madhya Pradesh","UJJAIN(DISTRICT COLLECTOR UJJAIN_IDA)","Dr. Kavita Patidar (2022-28) (2022-2028)","Elected MP","Water tanker capacity 5000 Liter Tyre 900 X 20 With Fire Fighter PUMP GP Kachnariya District Ujjain","05-Feb-2024","205054","20-Feb-2024"
"935","Normal/Others","WS/MP103/2023-2024/97467-Purchase of mobile water tankers","Madhya Pradesh","UJJAIN(DISTRICT COLLECTOR UJJAIN_IDA)","Dr. Kavita Patidar (2022-28) (2022-2028)","Elected MP","Water tanker capacity 5000 Liter Tyre 900 X 20 With Fire Fighter PUMP GP Kapeli JP Tarana District Ujjain","05-Feb-2024","205054","20-Feb-2024"
"936","Normal/Others","WS/MP103/2023-2024/97468-Purchase of mobile water tankers","Madhya Pradesh","UJJAIN(DISTRICT COLLECTOR UJJAIN_IDA)","Dr. Kavita Patidar (2022-28) (2022-2028)","Elected MP","Water tanker capacity 5000 Liter Tyre 900 X 20 With Fire Fighter PUMP GP Kanardi JP Tarana District Ujjain","05-Feb-2024","205054","20-Feb-2024"
"937","Normal/Others","WS/MP103/2023-2024/97469-Purchase of mobile water tankers","Madhya Pradesh","UJJAIN(DISTRICT COLLECTOR UJJAIN_IDA)","Dr. Kavita Patidar (2022-28) (2022-2028)","Elected MP","Water tanker capacity 5000 Liter Tyre 900 X 20 With Fire Fighter PUMP GP Raipura JP Tarana District Ujjain","05-Feb-2024","205054","20-Feb-2024"
"938","Normal/Others","WS/MP103/2023-2024/97470-Purchase of mobile water tankers","Madhya Pradesh","UJJAIN(DISTRICT COLLECTOR UJJAIN_IDA)","Dr. Kavita Patidar (2022-28) (2022-2028)","Elected MP","Water tanker capacity 5000 Liter Tyre 900 X 20 With Fire Fighter PUMP GP Karanj JP Tarana District Ujjain","05-Feb-2024","205054","20-Feb-2024"
"939","Normal/Others","WS/MP103/2023-2024/97471-Purchase of mobile water tankers","Madhya Pradesh","UJJAIN(DISTRICT COLLECTOR UJJAIN_IDA)","Dr. Kavita Patidar (2022-28) (2022-2028)","Elected MP","Water tanker capacity 5000 Liter Tyre 900 X 20 With Fire Fighter PUMP GP Khapra JP Tarana District Ujjain","05-Feb-2024","205054","20-Feb-2024"
"940","Normal/Others","WS/MP103/2023-2024/97472-Purchase of mobile water tankers","Madhya Pradesh","UJJAIN(DISTRICT COLLECTOR UJJAIN_IDA)","Dr. Kavita Patidar (2022-28) (2022-2028)","Elected MP","Water tanker capacity 5000 Liter Tyre 900 X 20 With Fire Fighter PUMP GP Kaytah JP Tarana District Ujjain","05-Feb-2024","205054","20-Feb-2024"
"941","Normal/Others","WS/MP103/2023-2024/97473-Purchase of mobile water tankers","Madhya Pradesh","UJJAIN(DISTRICT COLLECTOR UJJAIN_IDA)","Dr. Kavita Patidar (2022-28) (2022-2028)","Elected MP","Water tanker capacity 5000 Liter Tyre 900 X 20 With Fire Fighter PUMP GP Tilawad JP Tarana District Ujjain","05-Feb-2024","205054","20-Feb-2024"
"942","Normal/Others","WS/MP103/2023-2024/97474-Purchase of mobile water tankers","Madhya Pradesh","UJJAIN(DISTRICT COLLECTOR UJJAIN_IDA)","Dr. Kavita Patidar (2022-28) (2022-2028)","Elected MP","Water tanker capacity 5000 Liter Tyre 900 X 20 With Fire Fighter PUMP GP Ajdawada JP Badnagar District Ujjain","05-Feb-2024","205054","20-Feb-2024"
"943","Normal/Others","WS/MP103/2023-2024/97475-Purchase of mobile water tankers","Madhya Pradesh","UJJAIN(DISTRICT COLLECTOR UJJAIN_IDA)","Dr. Kavita Patidar (2022-28) (2022-2028)","Elected MP","Water tanker capacity 5000 Liter Tyre 900 X 20 With Fire Fighter PUMP GP Nawada JP Badnagar District Ujjain","05-Feb-2024","205054","20-Feb-2024"
"944","Normal/Others","WS/MP103/2023-2024/97476-Purchase of mobile water tankers","Madhya Pradesh","UJJAIN(DISTRICT COLLECTOR UJJAIN_IDA)","Dr. Kavita Patidar (2022-28) (2022-2028)","Elected MP","Water tanker capacity 5000 Liter Tyre 900 X 20 With Fire Fighter PUMP 	GP Molana ( Vikram Nagar) JP Badnagar District Ujjain","05-Feb-2024","205054","20-Feb-2024"
"945","Normal/Others","WS/MP103/2023-2024/97477-Purchase of mobile water tankers","Madhya Pradesh","UJJAIN(DISTRICT COLLECTOR UJJAIN_IDA)","Dr. Kavita Patidar (2022-28) (2022-2028)","Elected MP","Water tanker capacity 5000 Liter Tyre 900 X 20 With Fire Fighter PUMP GP Jhitarkhedi JP Ghatiya District Ujjain","05-Feb-2024","205054","20-Feb-2024"
"946","Normal/Others","WS/MP103/2023-2024/97478-Purchase of mobile water tankers","Madhya Pradesh","UJJAIN(DISTRICT COLLECTOR UJJAIN_IDA)","Dr. Kavita Patidar (2022-28) (2022-2028)","Elected MP","Water tanker capacity 5000 Liter Tyre 900 X 20 With Fire Fighter PUMP 	GP Bormundla JP Ghatiya District Ujjain","05-Feb-2024","205054","20-Feb-2024"
"947","Normal/Others","WS/MP103/2023-2024/97479-Purchase of mobile water tankers","Madhya Pradesh","UJJAIN(DISTRICT COLLECTOR UJJAIN_IDA)","Dr. Kavita Patidar (2022-28) (2022-2028)","Elected MP","Water tanker capacity 5000 Liter Tyre 900 X 20 With Fire Fighter PUMP GP  kharsodkhurd JP Badnagar District Ujjain","05-Feb-2024","205054","20-Feb-2024"
"948","Normal/Others","WS/MP103/2023-2024/97480-Purchase of mobile water tankers","Madhya Pradesh","UJJAIN(DISTRICT COLLECTOR UJJAIN_IDA)","Dr. Kavita Patidar (2022-28) (2022-2028)","Elected MP","Water tanker capacity 5000 Liter Tyre 900 X 20 With Fire Fighter PUMP GP kharsodkalan JP Badnagar District Ujjain","05-Feb-2024","205054","20-Feb-2024"
"949","Normal/Others","WS/MP103/2023-2024/97481-Purchase of mobile water tankers","Madhya Pradesh","UJJAIN(DISTRICT COLLECTOR UJJAIN_IDA)","Dr. Kavita Patidar (2022-28) (2022-2028)","Elected MP","Water tanker capacity 5000 Liter Tyre 900 X 20 With Fire Fighter PUMP 	GP Amarpura JP Ghatiya District Ujjain","05-Feb-2024","205054","20-Feb-2024"
"950","Normal/Others","WS/MP103/2023-2024/97482-Purchase of mobile water tankers","Madhya Pradesh","UJJAIN(DISTRICT COLLECTOR UJJAIN_IDA)","Dr. Kavita Patidar (2022-28) (2022-2028)","Elected MP","Water tanker capacity 5000 Liter Tyre 900 X 20 With Fire Fighter PUMP 	GP Harsodan , JP Ujjain District Ujjain","05-Feb-2024","205054","20-Feb-2024"
"951","Normal/Others","WS/MP103/2023-2024/97483-Purchase of mobile water tankers","Madhya Pradesh","UJJAIN(DISTRICT COLLECTOR UJJAIN_IDA)","Dr. Kavita Patidar (2022-28) (2022-2028)","Elected MP","Water tanker capacity 5000 Liter Tyre 900 X 20 With Fire Fighter PUMP GP piplyaragho , JP Ujjain District Ujjain","05-Feb-2024","205054","20-Feb-2024"
"952","Normal/Others","WS/MP103/2023-2024/97484-Purchase of mobile water tankers","Madhya Pradesh","UJJAIN(DISTRICT COLLECTOR UJJAIN_IDA)","Dr. Kavita Patidar (2022-28) (2022-2028)","Elected MP","Water tanker capacity 5000 Liter Tyre 900 X 20 With Fire Fighter PUMP GP badhkummed , JP Ujjain District Ujjain","05-Feb-2024","205054","20-Feb-2024"
"953","Normal/Others","WS/MP103/2023-2024/97485-Purchase of mobile water tankers","Madhya Pradesh","UJJAIN(DISTRICT COLLECTOR UJJAIN_IDA)","Dr. Kavita Patidar (2022-28) (2022-2028)","Elected MP","Water tanker capacity 5000 Liter Tyre 900 X 20 With Fire Fighter PUMP GP Ghinoda JP Khachrod District Ujjain","05-Feb-2024","205054","20-Feb-2024"
"954","Normal/Others","WS/MP103/2023-2024/97486-Purchase of mobile water tankers","Madhya Pradesh","UJJAIN(DISTRICT COLLECTOR UJJAIN_IDA)","Dr. Kavita Patidar (2022-28) (2022-2028)","Elected MP","Water tanker capacity 5000 Liter Tyre 900 X 20 With Fire Fighter PUMP GP Salakhedi JP Tarana District Ujjain","05-Feb-2024","205054","20-Feb-2024"
"955","Normal/Others","WS/MP103/2023-2024/97487-Purchase of mobile water tankers","Madhya Pradesh","UJJAIN(DISTRICT COLLECTOR UJJAIN_IDA)","Dr. Kavita Patidar (2022-28) (2022-2028)","Elected MP","Water tanker capacity 5000 Liter Tyre 900 X 20 With Fire Fighter PUMP GP gangedi, JP Ujjain District Ujjain","05-Feb-2024","205054","20-Feb-2024"
"956","Normal/Others","WS/MP103/2023-2024/97488-Purchase of mobile water tankers","Madhya Pradesh","UJJAIN(DISTRICT COLLECTOR UJJAIN_IDA)","Dr. Kavita Patidar (2022-28) (2022-2028)","Elected MP","Water tanker capacity 5000 Liter Tyre 900 X 20 With Fire Fighter PUMP GP Kaluheda JP Ghatiya District Ujjain","05-Feb-2024","205054","20-Feb-2024"
"957","Normal/Others","WS/MP103/2023-2024/97489-Purchase of mobile water tankers","Madhya Pradesh","UJJAIN(DISTRICT COLLECTOR UJJAIN_IDA)","Dr. Kavita Patidar (2022-28) (2022-2028)","Elected MP","Water tanker capacity 5000 Liter Tyre 900 X 20 With Fire Fighter PUMP 	NP Makdone City Makdon District Ujjain Ward 13","05-Feb-2024","205054","20-Feb-2024"
"958","Normal/Others","WS/MP18297/2025-2026/270355-Construction of roads, link roads, pathways or any other road with or without drainage system","Madhya Pradesh","UJJAIN(DISTRICT COLLECTOR UJJAIN_IDA)","Shri Balyogi Umeshnath (2024-30) (2024-2030)","Elected MP","Gram Karadwas me main road se banesingh ke ghar tak cement concrit road nirman","23-Feb-2026","1000000","18-Mar-2026"
"959","Normal/Others","WS/MP104/2026-2027/273230-Construction of roads, link roads, pathways or any other road with or without drainage system","Madhya Pradesh","UJJAIN(DISTRICT COLLECTOR UJJAIN_IDA)","Dr. L. Murugan (2024-30) (2024-2030)","Elected MP","Construction of CC Road from Main Road to Kheda","09-Mar-2026","1700000","21-Apr-2026"
"960","Normal/Others","WS/MP104/2026-2027/273231-Construction of roads, link roads, pathways or any other road with or without drainage system","Madhya Pradesh","UJJAIN(DISTRICT COLLECTOR UJJAIN_IDA)","Dr. L. Murugan (2024-30) (2024-2030)","Elected MP","Construction of CC Road from Shiv Mandir towards Home of Shri Antar Singh","09-Mar-2026","1600000","21-Apr-2026"
"961","Normal/Others","WS/MP104/2026-2027/273232-Construction of roads, link roads, pathways or any other road with or without drainage system","Madhya Pradesh","UJJAIN(DISTRICT COLLECTOR UJJAIN_IDA)","Dr. L. Murugan (2024-30) (2024-2030)","Elected MP","Construction of CC Road from Home of Shri Mor Singh to Chowk","09-Mar-2026","1600000","21-Apr-2026"
"962","Normal/Others","WS/MP18297/2025-2026/274816-Construction of roads, link roads, pathways or any other road with or without drainage system","Madhya Pradesh","UJJAIN(DISTRICT COLLECTOR UJJAIN_IDA)","Shri Balyogi Umeshnath (2024-30) (2024-2030)","Elected MP","Gram cheekali aabadi kshetra me cement concrit road nirman","18-Mar-2026","1000000","26-Mar-2026"
"963","Normal/Others","NA-Construction of roads, link roads, pathways or any other road with or without drainage system","Madhya Pradesh","UJJAIN(DISTRICT COLLECTOR UJJAIN_IDA)","Dr. L. Murugan (2024-30) (2024-2030)","Elected MP","Construction of CC approach road up to School in Bhadla Village","25-Aug-2026","2000000","NA"
"964","Normal/Others","WS/MP18297/2025-2026/263019-Construction of roads, link roads, pathways or any other road with or without drainage system","Madhya Pradesh","UJJAIN(DISTRICT COLLECTOR UJJAIN_IDA)","Shri Balyogi Umeshnath (2024-30) (2024-2030)","Elected MP","Gram jhirniya me shamshan marg jane hetu cement concrit road nirman","29-Jan-2026","1000000","17-Mar-2026"
"965","Normal/Others","WS/MP18297/2025-2026/263024-Construction of roads, link roads, pathways or any other road with or without drainage system","Madhya Pradesh","UJJAIN(DISTRICT COLLECTOR UJJAIN_IDA)","Shri Balyogi Umeshnath (2024-30) (2024-2030)","Elected MP","Gram devikheda me main road ke sahare  bada nale ki aur Devikheda Majra antarik marg cement concrit road work","29-Jan-2026","1000000","18-Feb-2026"
"966","Normal/Others","WS/MP18297/2025-2026/263025-Construction of roads, link roads, pathways or any other road with or without drainage system","Madhya Pradesh","UJJAIN(DISTRICT COLLECTOR UJJAIN_IDA)","Shri Balyogi Umeshnath (2024-30) (2024-2030)","Elected MP","Gram kadhai me chhappan maharaj mandir ki aur cement concrit road avam nali nirman","29-Jan-2026","1000000","18-Feb-2026"
"967","Normal/Others","WS/MP18297/2025-2026/263027-Construction of roads, link roads, pathways or any other road with or without drainage system","Madhya Pradesh","UJJAIN(DISTRICT COLLECTOR UJJAIN_IDA)","Shri Balyogi Umeshnath (2024-30) (2024-2030)","Elected MP","Gram banskhedi me gopalsingh ke ghar se karansingh ke ghar ki aur avam antarik marg me cement concrit road nirman","29-Jan-2026","1000000","24-Feb-2026"
"968","Normal/Others","NA-Construction of roads, link roads, pathways or any other road with or without drainage system","Madhya Pradesh","UJJAIN(DISTRICT COLLECTOR UJJAIN_IDA)","Shri Balyogi Umeshnath (2024-30) (2024-2030)","Elected MP","Dadawadi ke samne hasampura ujjain me cement concrit nirman karya","29-Jan-2026","1000000","NA"
"969","Normal/Others","WS/MP104/2026-2027/273233-Construction of culverts and bridges","Madhya Pradesh","UJJAIN(DISTRICT COLLECTOR UJJAIN_IDA)","Dr. L. Murugan (2024-30) (2024-2030)","Elected MP","Construction of Culvert near to Hanuman Mandir","09-Mar-2026","1100000","21-Apr-2026"
"970","Normal/Others","WS/MP103/2024-2025/150413-Installation of fixed garden gym equipment","Madhya Pradesh","UJJAIN(DISTRICT COLLECTOR UJJAIN_IDA)","Dr. Kavita Patidar (2022-28) (2022-2028)","Elected MP","Open GYM","02-Nov-2024","794048","17-Feb-2025"
"971","Normal/Others","WS/MP103/2024-2025/150414-Installation of fixed garden gym equipment","Madhya Pradesh","UJJAIN(DISTRICT COLLECTOR UJJAIN_IDA)","Dr. Kavita Patidar (2022-28) (2022-2028)","Elected MP","Open Gym","02-Nov-2024","794048","17-Feb-2025"
"972","Normal/Others","WS/MP103/2024-2025/150415-Installation of fixed garden gym equipment","Madhya Pradesh","UJJAIN(DISTRICT COLLECTOR UJJAIN_IDA)","Dr. Kavita Patidar (2022-28) (2022-2028)","Elected MP","Open Gym","02-Nov-2024","794048","17-Feb-2025"
"973","Normal/Others","WS/MP103/2024-2025/150416-Installation of fixed garden gym equipment","Madhya Pradesh","UJJAIN(DISTRICT COLLECTOR UJJAIN_IDA)","Dr. Kavita Patidar (2022-28) (2022-2028)","Elected MP","Open Gym","02-Nov-2024","794048","17-Feb-2025"
"974","Normal/Others","NA-Construction of roads, link roads, pathways or any other road with or without drainage system","Madhya Pradesh","UJJAIN(DISTRICT COLLECTOR UJJAIN_IDA)","Shri Banshilal Gurjar (2024-30) (2024-2030)","Elected MP","CC road (from the corner of Bholu Kumhar's house to Rawla and culvert)","16-Jul-2026","600000","NA"
"975","Normal/Others","NA-Construction of roads, link roads, pathways or any other road with or without drainage system","Madhya Pradesh","UJJAIN(DISTRICT COLLECTOR UJJAIN_IDA)","Shri Balyogi Umeshnath (2024-30) (2024-2030)","Elected MP","jhone kramank 03 ward no.33 jaysinghpura me jagdish sharma ke makan se jitendra choudhari ke makan tak cement concrit road nirman","25-May-2026","1000000","NA"
"976","Normal/Others","WS/MP18297/2025-2026/247477-Construction of roads, link roads, pathways or any other road with or without drainage system","Madhya Pradesh","UJJAIN(DISTRICT COLLECTOR UJJAIN_IDA)","Shri Balyogi Umeshnath (2024-30) (2024-2030)","Elected MP","Gram panchayat bagoda ke gram hajikhedi me bharat ke kua se puliya ki aur cement concrit road nirman","11-Nov-2025","500000","18-Dec-2025"
"977","Normal/Others","WS/MP18297/2025-2026/247479-Construction of roads, link roads, pathways or any other road with or without drainage system","Madhya Pradesh","UJJAIN(DISTRICT COLLECTOR UJJAIN_IDA)","Shri Balyogi Umeshnath (2024-30) (2024-2030)","Elected MP","Gram banda me p m road se devnarayan mandir dev goushala tak cement concrit road nirman","11-Nov-2025","1000000","18-Dec-2025"
"978","Normal/Others","WS/MP18297/2025-2026/247480-Construction of roads, link roads, pathways or any other road with or without drainage system","Madhya Pradesh","UJJAIN(DISTRICT COLLECTOR UJJAIN_IDA)","Shri Balyogi Umeshnath (2024-30) (2024-2030)","Elected MP","Gram kachnariya me girdhari ke ghar se hanuman mandir tak cement concrit road and nali nirman","11-Nov-2025","800000","09-Dec-2025"
"979","Normal/Others","WS/MP18297/2026-2027/257948-Construction of roads, link roads, pathways or any other road with or without drainage system","Madhya Pradesh","UJJAIN(DISTRICT COLLECTOR UJJAIN_IDA)","Shri Balyogi Umeshnath (2024-30) (2024-2030)","Elected MP","Gram Khajuriya sadar me main road se shantidham tak cement concrit road nirman","08-Jan-2026","1000000","06-Jul-2026"
"980","Normal/Others","WS/MP18297/2025-2026/249490-Construction of roads, link roads, pathways or any other road with or without drainage system","Madhya Pradesh","UJJAIN(DISTRICT COLLECTOR UJJAIN_IDA)","Shri Balyogi Umeshnath (2024-30) (2024-2030)","Elected MP","Gram tumdawada me basantilal ke ghar se nirbhaysingh ke ghar ki aur cement concrit road nirman","19-Nov-2025","500000","20-Jan-2026"
"981","Normal/Others","WS/MP18297/2025-2026/249487-Construction of roads, link roads, pathways or any other road with or without drainage system","Madhya Pradesh","UJJAIN(DISTRICT COLLECTOR UJJAIN_IDA)","Shri Balyogi Umeshnath (2024-30) (2024-2030)","Elected MP","Gram gudha me vishal ke ghar se badrilal ke ghar ki aur cement concrit road and nali nirman","19-Nov-2025","500000","16-Dec-2025"
"982","Normal/Others","WS/MP18297/2025-2026/249488-Construction of roads, link roads, pathways or any other road with or without drainage system","Madhya Pradesh","UJJAIN(DISTRICT COLLECTOR UJJAIN_IDA)","Shri Balyogi Umeshnath (2024-30) (2024-2030)","Elected MP","Gram khoriya me samudayik shouchalay se shantidham tak cement concrit road nirman","19-Nov-2025","500000","16-Dec-2025"
"983","Normal/Others","WS/MP18297/2025-2026/249688-Construction of roads, link roads, pathways or any other road with or without drainage system","Madhya Pradesh","UJJAIN(DISTRICT COLLECTOR UJJAIN_IDA)","Shri Balyogi Umeshnath (2024-30) (2024-2030)","Elected MP","Gram khardiya manpur me govt middle school se shantidham  tak cement concrit road nirman","20-Nov-2025","1000000","18-Dec-2025"
"984","Normal/Others","WS/MP18297/2025-2026/249689-Construction of roads, link roads, pathways or any other road with or without drainage system","Madhya Pradesh","UJJAIN(DISTRICT COLLECTOR UJJAIN_IDA)","Shri Balyogi Umeshnath (2024-30) (2024-2030)","Elected MP","Gram jhangri me main road se shantidham tak cement concrit road nirman","20-Nov-2025","1000000","16-Dec-2025"
"985","Normal/Others","WS/MP104/2025-2026/238322-Construction of roads, link roads, pathways or any other road with or without drainage system","Madhya Pradesh","UJJAIN(DISTRICT COLLECTOR UJJAIN_IDA)","Dr. L. Murugan (2024-30) (2024-2030)","Elected MP","construction of cc road","03-Oct-2025","2450000","03-Dec-2025"
"986","Normal/Others","WS/MP18297/2025-2026/242286-Construction of roads, link roads, pathways or any other road with or without drainage system","Madhya Pradesh","UJJAIN(DISTRICT COLLECTOR UJJAIN_IDA)","Shri Balyogi Umeshnath (2024-30) (2024-2030)","Elected MP","Gram malikhedi me shantidham marg per jagdish ke khet se shantidham tak cement concrit road nirman","15-Oct-2025","1000000","28-Nov-2025"
"987","Normal/Others","WS/MP18297/2025-2026/242287-Construction of roads, link roads, pathways or any other road with or without drainage system","Madhya Pradesh","UJJAIN(DISTRICT COLLECTOR UJJAIN_IDA)","Shri Balyogi Umeshnath (2024-30) (2024-2030)","Elected MP","Gram Umarajhar me baba ramdev mandir ke samne se shamshan tak cement concrit road nirman","15-Oct-2025","1200000","19-Nov-2025"
"988","Normal/Others","WS/MP18297/2025-2026/252084-Construction of roads, link roads, pathways or any other road with or without drainage system","Madhya Pradesh","UJJAIN(DISTRICT COLLECTOR UJJAIN_IDA)","Shri Balyogi Umeshnath (2024-30) (2024-2030)","Elected MP","Gram khedachitavalya me purani bavdi se goushala ki aur hote hua dashrath ke ghar ki aur cement concrit road nirman","04-Dec-2025","1000000","19-Jan-2026"
"989","Normal/Others","WS/MP18297/2025-2026/253159-Construction of roads, link roads, pathways or any other road with or without drainage system","Madhya Pradesh","UJJAIN(DISTRICT COLLECTOR UJJAIN_IDA)","Shri Balyogi Umeshnath (2024-30) (2024-2030)","Elected MP","Gram panchayat nagpura ke gram mahukhedi me santosh ke ghar se bheru maharaj mandir ki aur cement concrit road nirman","10-Dec-2025","1000000","02-Feb-2026"
"990","Normal/Others","WS/MP18297/2025-2026/253160-Construction of roads, link roads, pathways or any other road with or without drainage system","Madhya Pradesh","UJJAIN(DISTRICT COLLECTOR UJJAIN_IDA)","Shri Balyogi Umeshnath (2024-30) (2024-2030)","Elected MP","Gram palwa me shivsingh ke ghar se mukesh jat ke ghar tak cement concrit road and nali nirman","10-Dec-2025","1000000","30-Dec-2025"
"991","Normal/Others","WS/MP18297/2025-2026/253161-Construction of roads, link roads, pathways or any other road with or without drainage system","Madhya Pradesh","UJJAIN(DISTRICT COLLECTOR UJJAIN_IDA)","Shri Balyogi Umeshnath (2024-30) (2024-2030)","Elected MP","Gram nanded me samudayik parisar me pevor block nirman","10-Dec-2025","800000","23-Feb-2026"
"992","Normal/Others","WS/MP18297/2025-2026/210410-Construction of roads, link roads, pathways or any other road with or without drainage system","Madhya Pradesh","UJJAIN(DISTRICT COLLECTOR UJJAIN_IDA)","Shri Balyogi Umeshnath (2024-30) (2024-2030)","Elected MP","Gram limboda me pradhanmantri gram sadak se shantidham tak cement concrit road nirman","19-Jun-2025","1000000","08-Jul-2025"
"993","Normal/Others","WS/MP18297/2025-2026/220602-Construction of roads, link roads, pathways or any other road with or without drainage system","Madhya Pradesh","UJJAIN(DISTRICT COLLECTOR UJJAIN_IDA)","Shri Balyogi Umeshnath (2024-30) (2024-2030)","Elected MP","gram panchayat dablagouri ke gram dabri me mukesh mehta ke ghar se kaniram prajapat ke ghar tak cement concrit road nirman","21-Jul-2025","750000","26-Sep-2025"
"994","Normal/Others","WS/MP18297/2025-2026/213891-Construction of roads, link roads, pathways or any other road with or without drainage system","Madhya Pradesh","UJJAIN(DISTRICT COLLECTOR UJJAIN_IDA)","Shri Balyogi Umeshnath (2024-30) (2024-2030)","Elected MP","Gram sipawara me main road pradhanmantri sadak se balram kumawat ke ghar tak cement concrit road nirman","01-Jul-2025","1200000","19-Aug-2025"
"995","Normal/Others","WS/MP18297/2025-2026/209713-Construction of roads, link roads, pathways or any other road with or without drainage system","Madhya Pradesh","UJJAIN(DISTRICT COLLECTOR UJJAIN_IDA)","Shri Balyogi Umeshnath (2024-30) (2024-2030)","Elected MP","gram suwagaon gram panchayat berachhi me narayan ke ghar se hanuman mandir ke raste per cement concrit road avam nali nirman","17-Jun-2025","1000000","15-Jul-2025"
"996","Normal/Others","WS/MP18297/2025-2026/209714-Construction of roads, link roads, pathways or any other road with or without drainage system","Madhya Pradesh","UJJAIN(DISTRICT COLLECTOR UJJAIN_IDA)","Shri Balyogi Umeshnath (2024-30) (2024-2030)","Elected MP","Gram karanj me main road dhansingh ke ghar se hanuman mandir tak road ke dono taraf pevor block nirman","17-Jun-2025","500000","25-Sep-2025"
"997","Normal/Others","WS/MP18297/2026-2027/257952-Street lights","Madhya Pradesh","UJJAIN(DISTRICT COLLECTOR UJJAIN_IDA)","Shri Balyogi Umeshnath (2024-30) (2024-2030)","Elected MP","Ujjain jhone 3 ward 25 chamunda mata mandir ke pichhe pol and adhunik street light sthapna","08-Jan-2026","2700000","03-Jul-2026"
"998","Normal/Others","WS/MP103/2024-2025/117420-Lighting of public spaces","Madhya Pradesh","UJJAIN(DISTRICT COLLECTOR UJJAIN_IDA)","Dr. Kavita Patidar (2022-28) (2022-2028)","Elected MP","Solar High brid LED High Mast (Solar Street Light  ) 24 watt X4 No. 7 Meter Pole Sthapna in G P  kachnariya   District Ujjain","29-Feb-2024","482500","22-Jul-2024"
"999","Normal/Others","WS/MP103/2024-2025/117421-Lighting of public spaces","Madhya Pradesh","UJJAIN(DISTRICT COLLECTOR UJJAIN_IDA)","Dr. Kavita Patidar (2022-28) (2022-2028)","Elected MP","Solar High brid LED High Mast (Solar Street Light ) 24 watt X4 No. 7 Meter Pole Sthapna in NP Tarana District Ujjain","29-Feb-2024","482500","22-Jul-2024"
"1000","Normal/Others","WS/MP103/2024-2025/117422-Lighting of public spaces","Madhya Pradesh","UJJAIN(DISTRICT COLLECTOR UJJAIN_IDA)","Dr. Kavita Patidar (2022-28) (2022-2028)","Elected MP","Solar High brid LED High Mast (Solar Street Light  ) 24 watt X4 No. 7 Meter in GP Kanardi  District Ujjain","29-Feb-2024","482500","22-Jul-2024"
"1001","Normal/Others","NA-Development of public parks","Madhya Pradesh","Narsimhapur(DISTRICT COLLECTOR NARSINGHPUR_IDA)","Shri Vivek K. Tankha (2022-28) (2022-2028)","Elected MP","Shankaracharya Ward sthit, Swargiya Vishnu Thakur ji ke baju main sthit Sarvajanik Park main Paver Block evam anay karyo hetu, District Narsinghpur (mention in letter no.4184 at column no.1)","21-Nov-2025","100000","NA"
"1002","Normal/Others","NA-Development of public parks","Madhya Pradesh","Narsimhapur(DISTRICT COLLECTOR NARSINGHPUR_IDA)","Shri Vivek K. Tankha (2022-28) (2022-2028)","Elected MP","Mushran Ward sthit, Sarvajanik Anand Park main Paver Block evam anay karyo hetu, District Narsinghpur (mention in letter no.4184 at column no.2)","21-Nov-2025","100000","NA"
"1003","Normal/Others","NA-Development of public parks","Madhya Pradesh","Narsimhapur(DISTRICT COLLECTOR NARSINGHPUR_IDA)","Shri Vivek K. Tankha (2022-28) (2022-2028)","Elected MP","Gram Panchayat Maharagaon, Janpad panchayat Saikheda, jila Narsinghpur sthit Bal udyan hetu Jhule, Fisalpatti, Trampolin, Rassi Bridge, Bench Floor Mat (rubber), Basket Ball ityadi evam Vyayam Shala hetu Treadmill, Spine Bike, Smith Machine, Bench Press, Elliptical Cycles, Weight Bench, Dumbbells, Kettlebells, Yoga Mat, Floor Mat, Weight Ball ityadi upkarno hetu.","18-Aug-2026","500000","NA"
"1004","Normal/Others","NA-Lighting of public spaces","Madhya Pradesh","Narsimhapur(DISTRICT COLLECTOR NARSINGHPUR_IDA)","Shri Vivek K. Tankha (2022-28) (2022-2028)","Elected MP","Gram Panchayat Pipariya Mushran, Janpad Panchayat Gotegoan, Sthit Shaskiya Madhyamik Shala Ground me 12 meter ki unchai ki Highmust Light lagane hetu, Narsinghpur (Mention in letter no.4440 at column no.1)","02-Aug-2026","225000","NA"
"1005","Normal/Others","NA-Lighting of public spaces","Madhya Pradesh","Narsimhapur(DISTRICT COLLECTOR NARSINGHPUR_IDA)","Shri Vivek K. Tankha (2022-28) (2022-2028)","Elected MP","Gram Panchayat Muar, Janpad Panchayat Gotegoan me Sthit Narmada Ghat par 12 meter ki unchai ki Highmust Light lagane hetu, Narsinghpur (Mention in letter no.4440 at column no.2)","02-Aug-2026","225000","NA"
"1006","Normal/Others","WS/MP106/2023-2024/19291-Purchase Books for Library","Madhya Pradesh","Narsimhapur(DISTRICT COLLECTOR NARSINGHPUR_IDA)","Shri Vivek K. Tankha (2022-28) (2022-2028)","Elected MP","Jila Adhivakta Sangh Narsinghpur ki library ke liye Pustako ki Kharid, Vidhan Sabha Narsinghpur, District Narsinghpur","12-Sep-2023","50000","27-Feb-2024"
"1007","Normal/Others","NA-Purchase Books for Library","Madhya Pradesh","Narsimhapur(DISTRICT COLLECTOR NARSINGHPUR_IDA)","Shri Vivek K. Tankha (2022-28) (2022-2028)","Elected MP","Adhivakta Sangh Gadarwara ki library ke liye Pustako ki Kharid, Vidhan Sabha Gadarwara, District Narsinghpur","12-Sep-2023","50000","NA"
"1008","Normal/Others","WS/MP18316/2025-2026/166109-Construction of roads, link roads, pathways or any other road with or without drainage system","Madhya Pradesh","Narsimhapur(DISTRICT COLLECTOR NARSINGHPUR_IDA)","Smt. Maya Naroliya (2024-30) (2024-2030)","Elected MP","Gram Lolri main antrik naali nirman","18-Jan-2025","1000000","07-May-2025"
"1009","Normal/Others","WS/MP106/2024-2025/174842-Construction of roads, link roads, pathways or any other road with or without drainage system","Madhya Pradesh","Narsimhapur(DISTRICT COLLECTOR NARSINGHPUR_IDA)","Shri Vivek K. Tankha (2022-28) (2022-2028)","Elected MP","Gram Suatala, Gram Panchayat Suatala, janpad Panchayat Kareli main Ram Janki Mandir ke pas, Sarkari Maidan main Paver Block lagane hetu, Narsinghpur","10-Feb-2025","500000","28-Feb-2025"
"1010","Normal/Others","WS/MP106/2024-2025/174992-Construction of roads, link roads, pathways or any other road with or without drainage system","Madhya Pradesh","Narsimhapur(DISTRICT COLLECTOR NARSINGHPUR_IDA)","Shri Vivek K. Tankha (2022-28) (2022-2028)","Elected MP","Gram Mohad, Gram Panchayat Mohad, Janpad Panchayat Kareli main sthit Sarvajanik Maidan main Paver Block lagane hetu, Narsinghpur","11-Feb-2025","500000","04-Mar-2025"
"1011","Normal/Others","WS/MP106/2024-2025/154252-Construction of roads, link roads, pathways or any other road with or without drainage system","Madhya Pradesh","Narsimhapur(DISTRICT COLLECTOR NARSINGHPUR_IDA)","Shri Vivek K. Tankha (2022-28) (2022-2028)","Elected MP","Gram Ramkhiriya, Gram Panchayat Sarsal, Janpad Panchayat Kareli main Ramkhiriya Tirahe se Gulaua Road Rampura Tirahe tak CC Road nirman, District Narsinghpur","23-Nov-2024","250000","31-Jan-2025"
"1012","Normal/Others","WS/MP107/2024-2025/163601-Construction of roads, link roads, pathways or any other road with or without drainage system","Madhya Pradesh","Narsimhapur(DISTRICT COLLECTOR NARSINGHPUR_IDA)","Smt. Sumitra Balmik (2022-28) (2022-2028)","Elected MP","Paver block construction work on the access road of Deepeshwar temple, village Barman Kala","13-Jan-2025","500000","28-Feb-2025"
"1013","Normal/Others","WS/MP106/2025-2026/227442-Construction of roads, link roads, pathways or any other road with or without drainage system","Madhya Pradesh","Narsimhapur(DISTRICT COLLECTOR NARSINGHPUR_IDA)","Shri Vivek K. Tankha (2022-28) (2022-2028)","Elected MP","Gram Panchayat Sagouni (Khurd), Janpad Panchayat Narsinghpur ke gram Sagauni Kalan ke Naya Nagar Tola ki aur CC Road nirman hetu, District Jabalpur","17-Aug-2025","500000","19-Jan-2026"
"1014","Normal/Others","WS/MP18316/2025-2026/250283-Construction of roads, link roads, pathways or any other road with or without drainage system","Madhya Pradesh","Narsimhapur(DISTRICT COLLECTOR NARSINGHPUR_IDA)","Smt. Maya Naroliya (2024-30) (2024-2030)","Elected MP","Gram Panchayat Lolri antargat naali nirman","06-Dec-2025","800000","17-Mar-2026"
"1015","Normal/Others","WS/MP18316/2025-2026/250281-Construction of roads, link roads, pathways or any other road with or without drainage system","Madhya Pradesh","Narsimhapur(DISTRICT COLLECTOR NARSINGHPUR_IDA)","Smt. Maya Naroliya (2024-30) (2024-2030)","Elected MP","Gram kashikhairi mein nilesh patel ke makan ke pass CC road nirman","06-Dec-2025","300000","19-Jan-2026"
"1016","Normal/Others","NA-Construction of roads, link roads, pathways or any other road with or without drainage system","Madhya Pradesh","Narsimhapur(DISTRICT COLLECTOR NARSINGHPUR_IDA)","Smt. Maya Naroliya (2024-30) (2024-2030)","Elected MP","Gram Ghoorpur mein antrik CC road avm naali nirman","04-Jul-2026","500000","NA"
"1017","Normal/Others","NA-Construction of roads, link roads, pathways or any other road with or without drainage system","Madhya Pradesh","Narsimhapur(DISTRICT COLLECTOR NARSINGHPUR_IDA)","Smt. Maya Naroliya (2024-30) (2024-2030)","Elected MP","Gram Dhanora mein jagdish mehra ki dukan se prahalad rajak ki aur CC road nirman","04-Jul-2026","500000","NA"
"1018","Normal/Others","NA-Construction of roads, link roads, pathways or any other road with or without drainage system","Madhya Pradesh","Narsimhapur(DISTRICT COLLECTOR NARSINGHPUR_IDA)","Smt. Maya Naroliya (2024-30) (2024-2030)","Elected MP","Gram Kamti mein chhotu ke makan se sahu ke makan ki aur CC road nirman","04-Jul-2026","500000","NA"
"1019","Normal/Others","WS/MP106/2024-2025/154242-Development of public parks","Madhya Pradesh","Narsimhapur(DISTRICT COLLECTOR NARSINGHPUR_IDA)","Shri Vivek K. Tankha (2022-28) (2022-2028)","Elected MP","Ward no.12, Mushran Ward main Shri Narsingh Colony Sakal Road sthit Sarvajanik Udyan ke Vikas Hetu, District Narsinghpur","23-Nov-2024","500000","30-Jan-2025"
"1020","Normal/Others","WS/MP18316/2026-2027/288589-Renovation of ponds and lakes","Madhya Pradesh","Narsimhapur(DISTRICT COLLECTOR NARSINGHPUR_IDA)","Smt. Maya Naroliya (2024-30) (2024-2030)","Elected MP","Gram Lolri mein talab jirnodhar karya","04-Jul-2026","1000000","24-Aug-2026"
"1021","Normal/Others","WS/MP106/2025-2026/227410-Construction of public staircase/ stair ghat for public convenience","Madhya Pradesh","Narsimhapur(DISTRICT COLLECTOR NARSINGHPUR_IDA)","Shri Vivek K. Tankha (2022-28) (2022-2028)","Elected MP","Gram panchayat Khairi Naka, Janpad Panchayat Kareli main Khairi-Deorikala road par Tatta pul ke pas Hanuman Mandir ke peeche Shaskiya Bhumi par Stair Ghat nirman hetu, District Narsinghpur","17-Aug-2025","200000","30-Dec-2025"
"1022","Normal/Others","WS/MP18316/2025-2026/250285-Construction of culverts and bridges","Madhya Pradesh","Narsimhapur(DISTRICT COLLECTOR NARSINGHPUR_IDA)","Smt. Maya Naroliya (2024-30) (2024-2030)","Elected MP","Gram Panchayat Singhpur Chhota mein singla naala par puliya nirman","06-Dec-2025","1000000","29-Jan-2026"
"1023","Normal/Others","WS/MP106/2026-2027/266835-Construction of roads, link roads, pathways or any other road with or without drainage system","Madhya Pradesh","Narsimhapur(DISTRICT COLLECTOR NARSINGHPUR_IDA)","Shri Vivek K. Tankha (2022-28) (2022-2028)","Elected MP","Gram Pancayat Pipariya (Mushran), Janpad panchayat Gotegaon ke gram Pipariya (Mushran) main Pritam sen ke makan se Hemraj Dhimar ke makan ki aor CC Road nirman Kary, Narsinghpur","06-Feb-2026","300000","13-Apr-2026"
"1024","Normal/Others","NA-Construction of roads, link roads, pathways or any other road with or without drainage system","Madhya Pradesh","Narsimhapur(DISTRICT COLLECTOR NARSINGHPUR_IDA)","Smt. Maya Naroliya (2024-30) (2024-2030)","Elected MP","Gram Sihora mein antrik naali nirman","04-Jul-2026","1000000","NA"
"1025","Normal/Others","WS/MP18316/2025-2026/166110-Construction of culverts and bridges","Madhya Pradesh","Narsimhapur(DISTRICT COLLECTOR NARSINGHPUR_IDA)","Smt. Maya Naroliya (2024-30) (2024-2030)","Elected MP","Mouja Jhhikoli main goshala road par puliya nirman","18-Jan-2025","5000000","07-May-2025"
"1026","Normal/Others","WS/MP106/2023-2024/19289-Providing drains and gutters for public drainage","Madhya Pradesh","Narsimhapur(DISTRICT COLLECTOR NARSINGHPUR_IDA)","Shri Vivek K. Tankha (2022-28) (2022-2028)","Elected MP","Govt. Mahila Mahavidyalaya ke gate ke pas se Sarkari Nale ke baju me Nala Gahrikaran and Protection wall banane hetu, Mushran ward, Vidhan Sabha Narsinghpur, District Narsinghpur","12-Sep-2023","200000","27-Dec-2023"
"1027","Normal/Others","NA-Installing community drinking water plants","Madhya Pradesh","Narsimhapur(DISTRICT COLLECTOR NARSINGHPUR_IDA)","Shri Vivek K. Tankha (2022-28) (2022-2028)","Elected MP","Ek nag Voltas Water Cooler Model no. FSS-40/80, Shaskiy High School Pipariya Kalan, Gram Panchayat Pipariya Kalan, Janpad Panchayat Saikheda, Tehsil Gadarwara, Narsinghpur (Mention in letter no.4392 at column no.1)","12-Jul-2026","36900","NA"
"1028","Normal/Others","NA-Installing community drinking water plants","Madhya Pradesh","Narsimhapur(DISTRICT COLLECTOR NARSINGHPUR_IDA)","Shri Vivek K. Tankha (2022-28) (2022-2028)","Elected MP","Ek nag Aquagaurd Water Filter Model UV, Shaskiy High School Pipariya Kalan, Gram Panchayat Pipariya Kalan, Janpad Panchayat Saikheda, Tehsil Gadarwara, Narsinghpur (Mention in letter no. 4392 at column no.2)","12-Jul-2026","6650","NA"
"1029","Normal/Others","WS/MP106/2023-2024/124178-Construction of roads, link roads, pathways or any other road with or without drainage system","Madhya Pradesh","Narsimhapur(DISTRICT COLLECTOR NARSINGHPUR_IDA)","Shri Vivek K. Tankha (2022-28) (2022-2028)","Elected MP","Gram Panchayat Kanjai, Janpad Panchayat Gotegaon main Mukhya Marg se Shantidham ki aur CC Road Nirman, Vidhansabha Gotegaon, Narsinghpur","10-Mar-2024","500000","16-Mar-2024"
"1030","Normal/Others","WS/MP106/2024-2025/138139-Construction of roads, link roads, pathways or any other road with or without drainage system","Madhya Pradesh","Narsimhapur(DISTRICT COLLECTOR NARSINGHPUR_IDA)","Shri Vivek K. Tankha (2022-28) (2022-2028)","Elected MP","Gram Panchayat Imaliya (Pipariya) vikaskhand Chichli main (mede wale dada) ke pas sarvjanik Sthal par Pevar Block lagane hetu, Gadarwara, District Narsinghpur (mention in letter no. 3744 at column no.1)","02-Sep-2024","100000","12-Nov-2024"
"1031","Normal/Others","WS/MP106/2024-2025/138140-Construction of roads, link roads, pathways or any other road with or without drainage system","Madhya Pradesh","Narsimhapur(DISTRICT COLLECTOR NARSINGHPUR_IDA)","Shri Vivek K. Tankha (2022-28) (2022-2028)","Elected MP","Gram Panchayat Raipur vikaskhand Chichli ke sarvjanik prangan main Pevar Block lagane hetu, Gadarwara, District Narsinghpur (mention in letter no. 3744 at column no.2)","02-Sep-2024","150000","04-Dec-2024"
"1032","Normal/Others","WS/MP106/2025-2026/219723-Construction of shelters for animals","Madhya Pradesh","Narsimhapur(DISTRICT COLLECTOR NARSINGHPUR_IDA)","Shri Vivek K. Tankha (2022-28) (2022-2028)","Elected MP","Gram panchayat Jhoteshwar, Janpad Panchayat Gotegoan, District Narsinghpur main Siddheshwar Mandir ke peeche Pashuo (Gayon) ke liye Aashray Sthal ka nirman, Vidhansabha Gotegoan, Narsinghpur","18-Jul-2025","500000","31-Jul-2025"
"1033","Normal/Others","WS/MP106/2023-2024/1543-Construction of shelters for animals","Madhya Pradesh","Narsimhapur(DISTRICT COLLECTOR NARSINGHPUR_IDA)","Shri Vivek K. Tankha (2022-28) (2022-2028)","Elected MP","Dayoday Pashu Seva samiti Registration no. 04/16/04/07937/04 Gadarwara, District Narsinghpur main Damru Ghati ke pas sthit Goushala main Shade nirman ke liye.","23-Jun-2023","300000","26-Feb-2024"
"1034","Normal/Others","WS/MP106/2023-2024/1439-Construction of roads, link roads, pathways or any other road with or without drainage system","Madhya Pradesh","Narsimhapur(DISTRICT COLLECTOR NARSINGHPUR_IDA)","Shri Vivek K. Tankha (2022-28) (2022-2028)","Elected MP","paber block work in ground government sanjay middle school police narsinghpur","22-Jun-2023","500000","20-Sep-2023"
"1035","Normal/Others","WS/MP106/2023-2024/1631-Construction of roads, link roads, pathways or any other road with or without drainage system","Madhya Pradesh","Narsimhapur(DISTRICT COLLECTOR NARSINGHPUR_IDA)","Shri Vivek K. Tankha (2022-28) (2022-2028)","Elected MP","Gram Panchayat Manegaon, Janpad Panchayat Gotegaon ke gram Manegaon main Samudayik Bhavan Parisar & School Parisar main Paver Block Lagane hetu, Vidhansabha Gotegaon, District Narsinghpur","25-Jun-2023","300000","07-Dec-2023"
"1036","Normal/Others","WS/MP106/2024-2025/154247-Construction of roads, link roads, pathways or any other road with or without drainage system","Madhya Pradesh","Narsimhapur(DISTRICT COLLECTOR NARSINGHPUR_IDA)","Shri Vivek K. Tankha (2022-28) (2022-2028)","Elected MP","Gram Gobargaon, Gram Panchayat Gobargaon, Janpad Panchayat Kareli main Rajeev Gandhi Seva Kendra ke samne Maidan main Pevar Block Lagane hetu, District Narsinghpur","23-Nov-2024","500000","23-Dec-2024"
"1037","Normal/Others","WS/MP106/2024-2025/154241-Construction of roads, link roads, pathways or any other road with or without drainage system","Madhya Pradesh","Narsimhapur(DISTRICT COLLECTOR NARSINGHPUR_IDA)","Shri Vivek K. Tankha (2022-28) (2022-2028)","Elected MP","Gram Sagoni Kalan, Gram Panchayat Naya Kheda, Janpad Panchayat Narsinghpur ke gram Sagoni Kalan (Choudhari) Aadivasi Harijan Mohalle me CC Road, Niraman, Vidhan Sabha Narsinghpur, District Narsinghpur","23-Nov-2024","500000","07-Jan-2025"
"1038","Normal/Others","WS/MP106/2025-2026/249945-Purchase of hospital equipment","Madhya Pradesh","Narsimhapur(DISTRICT COLLECTOR NARSINGHPUR_IDA)","Shri Vivek K. Tankha (2022-28) (2022-2028)","Elected MP","Jila Hospital Narsinghpur main Two numbers (2 nag) Hemodialysis Machines with RO plant with attached specification,  1 year warrenty, Including all Taxes, Narsinghpur","21-Nov-2025","2100000","03-Feb-2026"
"1039","Normal/Others","WS/MP106/2024-2025/138138-Installing hand pumps","Madhya Pradesh","Narsimhapur(DISTRICT COLLECTOR NARSINGHPUR_IDA)","Shri Vivek K. Tankha (2022-28) (2022-2028)","Elected MP","Gram Panchayat Chhena Kachhar, Vikaskhand Chichli ke gram Badarbaru main sarvjanik Kabristan main handpump Khanan, Gadarwara, District Narsinghpur","02-Sep-2024","100000","11-Dec-2024"
"1040","Normal/Others","WS/MP106/2026-2027/274615-Purchase of mobile water tankers","Madhya Pradesh","Narsimhapur(DISTRICT COLLECTOR NARSINGHPUR_IDA)","Shri Vivek K. Tankha (2022-28) (2022-2028)","Elected MP","Ek nag Water Tanker 5500 liter Kshamta 900X16 number ke naye tyre tube sahit, Gram Madesur, Gram panchayat Madesur, Janpad Panchayat Chawarpatha hetu, Narsinghpur","16-Mar-2026","159212","06-Jul-2026"
"1041","Normal/Others","WS/MP106/2023-2024/20262-Purchase of hospital equipment","Madhya Pradesh","Narsimhapur(DISTRICT COLLECTOR NARSINGHPUR_IDA)","Shri Vivek K. Tankha (2022-28) (2022-2028)","Elected MP","for District Hospital Narsinghpur purchase two numbers laundry washing machine-LAMISON COMPANY, CAPASITY 50 KG EACH WITH GST AND WARRANTY, VIDHAN SABHA NARSINGHPUR DISTRICT NARSINGHPUR(LETTER NO. 3248 AT COLUMN NO. 1)","14-Sep-2023","632480","27-Dec-2023"
"1042","Normal/Others","WS/MP106/2023-2024/20264-Purchase of hospital equipment","Madhya Pradesh","Narsimhapur(DISTRICT COLLECTOR NARSINGHPUR_IDA)","Shri Vivek K. Tankha (2022-28) (2022-2028)","Elected MP","for District Hospital Narsinghpur purchase One number Hydro extracter direct drive-LAMISON COMPANY, CAPASITY 30 KG EACH WITH GST AND WARRANTY, VIDHAN SABHA NARSINGHPUR DISTRICT NARSINGHPUR(LETTER NO. 3248 AT COLUMN NO. 2)","14-Sep-2023","289100","27-Dec-2023"
"1043","Normal/Others","WS/MP106/2023-2024/20273-Purchase of hospital equipment","Madhya Pradesh","Narsimhapur(DISTRICT COLLECTOR NARSINGHPUR_IDA)","Shri Vivek K. Tankha (2022-28) (2022-2028)","Elected MP","for District Hospital Narsinghpur purchase One numbers Tumble Dryer machine electric-SV engineering COMPANY, CAPASITY 60 KG WITH GST AND WARRANTY, VIDHAN SABHA NARSINGHPUR DISTRICT NARSINGHPUR (LETTER NO. 3248 AT COLUMN NO. 3)","14-Sep-2023","348100","27-Dec-2023"
"1044","Normal/Others","WS/MP106/2024-2025/133209-Purchase of hospital equipment","Madhya Pradesh","Narsimhapur(DISTRICT COLLECTOR NARSINGHPUR_IDA)","Shri Vivek K. Tankha (2022-28) (2022-2028)","Elected MP","Civil Hospital Gadarwara, District Narsinghpur(M.P.) main hetu 1 nag Hemodialysis Machine with RO Plant make Trivitron Health Care PVT LTD. Modle NikKiso DBB 27 with 2 years warranty and include all Taxes. Gadarwara District Narsinghpur","08-Jul-2024","920000","04-Mar-2025"
"1045","Normal/Others","WS/MP106/2024-2025/133526-Purchase of hospital equipment","Madhya Pradesh","Narsimhapur(DISTRICT COLLECTOR NARSINGHPUR_IDA)","Shri Vivek K. Tankha (2022-28) (2022-2028)","Elected MP","Civil Hospital Gadarwara, District Narsinghpur ke liye ek nag Blood Bank Refrigrator Capacity-120 Bags, Modle-AS120 with 2 years Warranty and Including all taxes","15-Jul-2024","200600","04-Mar-2025"
"1046","Normal/Others","WS/MP106/2025-2026/195560-Construction of toilet blocks","Madhya Pradesh","Narsimhapur(DISTRICT COLLECTOR NARSINGHPUR_IDA)","Shri Vivek K. Tankha (2022-28) (2022-2028)","Elected MP","Gram panchayat Bagdara, Vikaskhand Saikheda sthit Shaskiy Madhyamik Shala Bagdara, Tehsil Gadarwara, District Narsinghpur main Toilet Nirman hetu.","30-Apr-2025","100000","30-Jun-2025"
"1047","Trust and Society","WS/MP18316/2026-2027/265019-Construction of rooms and halls in school and colleges","Madhya Pradesh","Narsimhapur(DISTRICT COLLECTOR NARSINGHPUR_IDA)","Smt. Maya Naroliya (2024-30) (2024-2030)","Elected MP","Sachchidanand memorial public school Saikheda mein atirikt kaksh nirman","16-Feb-2026","2000000","14-May-2026"
"1048","Normal/Others","WS/MP106/2024-2025/134436-Construction of rooms and halls in school and colleges","Madhya Pradesh","Narsimhapur(DISTRICT COLLECTOR NARSINGHPUR_IDA)","Shri Vivek K. Tankha (2022-28) (2022-2028)","Elected MP","Saraswati Uchchtar Madhyamik Vidyalaya Gadarwara Panjiyan kramank 12056, Bhabha Ward main naye kamre ka nirman evam Sudhar hetu, Gadarwara, District Narsinghpur","30-Jul-2024","100000","12-Nov-2024"
"1049","Normal/Others","WS/MP107/2023-2024/109681-Construction of rooms and halls in school and colleges","Madhya Pradesh","Narsimhapur(DISTRICT COLLECTOR NARSINGHPUR_IDA)","Smt. Sumitra Balmik (2022-28) (2022-2028)","Elected MP","Construction 06 additional teaching rooms in Newton College of Science and Technology","20-Feb-2024","2000000","12-Mar-2024"
"1050","Normal/Others","WS/MP106/2023-2024/85050-Construction of rooms and halls in school and colleges","Madhya Pradesh","Narsimhapur(DISTRICT COLLECTOR NARSINGHPUR_IDA)","Shri Vivek K. Tankha (2022-28) (2022-2028)","Elected MP","Shaskiy High School Sahavan Block, Chichli district Narsinghpur Ke School Bhavan ka Repair Work (mention in letter no. 3470 at column no.1)","19-Jan-2024","100000","09-Mar-2024"
"1051","Normal/Others","NA-Construction of additional rooms and halls in the existing public and community building","Madhya Pradesh","Narsimhapur(DISTRICT COLLECTOR NARSINGHPUR_IDA)","Shri Vivek K. Tankha (2022-28) (2022-2028)","Elected MP","Jila Adhivakta Sangh Narsinghpur Main nirmit Adhivakta Kaksh ke pratham tal par Mahila Adhivakta kaksh, Shauchalaya nirman sahit, Ward no.25 Subhash ward, Narsinghpur","21-Nov-2025","1000000","NA"
"1052","Normal/Others","WS/MP106/2023-2024/85053-Construction of boundary walls of existing public and community buildings","Madhya Pradesh","Narsimhapur(DISTRICT COLLECTOR NARSINGHPUR_IDA)","Shri Vivek K. Tankha (2022-28) (2022-2028)","Elected MP","Shaskiy High School Sahavan Block, Chichli district Narsinghpur Ke School Bhavan main 100 meter Boundrywall Nirman (mention in letter no. 3470 at column no.2)","19-Jan-2024","200000","09-Mar-2024"
"1053","Normal/Others","WS/MP106/2024-2025/174841-Construction of boundary walls of existing public and community buildings","Madhya Pradesh","Narsimhapur(DISTRICT COLLECTOR NARSINGHPUR_IDA)","Shri Vivek K. Tankha (2022-28) (2022-2028)","Elected MP","Gram Tinsara, Gram Panchayat Tinsara, Janpad Panchyat Kareli main Shantidham main Boundary wall Nirman Kary, Narsinghpur","10-Feb-2025","500000","28-Feb-2025"
"1054","Normal/Others","WS/MP106/2023-2024/19263-Construction of boundary walls of existing public and community buildings","Madhya Pradesh","Narsimhapur(DISTRICT COLLECTOR NARSINGHPUR_IDA)","Shri Vivek K. Tankha (2022-28) (2022-2028)","Elected MP","Gram Panchayat Pipariya (Mushran), Janpad Panchayat Gotegaon, District Narsighpur ke gram Pipariya (Mushran) main Govt. Middle School parisar ki Boundary wall niraman, Vidhan sabha Narsinghpur, District Narsinghpur","12-Sep-2023","200000","26-Feb-2024"
"1055","Normal/Others","NA-Construction of buildings for community cultural activities","Madhya Pradesh","Narsimhapur(DISTRICT COLLECTOR NARSINGHPUR_IDA)","Smt. Maya Naroliya (2024-30) (2024-2030)","Elected MP","Chichli ke ward 3 mein tamrakar samaj samudayik bhawan nirman","16-Feb-2026","500000","NA"
"1056","Normal/Others","NA-Construction of buildings for community cultural activities","Madhya Pradesh","Narsimhapur(DISTRICT COLLECTOR NARSINGHPUR_IDA)","Smt. Maya Naroliya (2024-30) (2024-2030)","Elected MP","Gadarwara ke Indra ward, chandra shekhar colony mein samudayik bhawan nirman","16-Feb-2026","500000","NA"
"1057","Normal/Others","WS/MP18316/2026-2027/265016-Construction of common work sheds/ common covered sitting area","Madhya Pradesh","Narsimhapur(DISTRICT COLLECTOR NARSINGHPUR_IDA)","Smt. Maya Naroliya (2024-30) (2024-2030)","Elected MP","Gram Khursipar mein bazar parisar ke pass teen shade nirman","16-Feb-2026","1000000","12-Jun-2026"
"1058","Normal/Others","NA-Construction of common work sheds/ common covered sitting area","Madhya Pradesh","Narsimhapur(DISTRICT COLLECTOR NARSINGHPUR_IDA)","Smt. Maya Naroliya (2024-30) (2024-2030)","Elected MP","Gram Bandha mein shankar mandir ke pass CC chabutara avm chhat nirman","04-Jul-2026","500000","NA"
"1059","Normal/Others","WS/MP18316/2025-2026/250282-Construction of common work sheds/ common covered sitting area","Madhya Pradesh","Narsimhapur(DISTRICT COLLECTOR NARSINGHPUR_IDA)","Smt. Maya Naroliya (2024-30) (2024-2030)","Elected MP","Gram Panchayat Imaliya Nourangpur mein chabutara nirman","06-Dec-2025","200000","19-Jan-2026"
"1060","Normal/Others","WS/MP18316/2025-2026/250284-Construction of common work sheds/ common covered sitting area","Madhya Pradesh","Narsimhapur(DISTRICT COLLECTOR NARSINGHPUR_IDA)","Smt. Maya Naroliya (2024-30) (2024-2030)","Elected MP","Gram Kashikhairi mein shaskiya madhyamik shala parisar mein teenshed nirman","06-Dec-2025","500000","19-Jan-2026"
"1061","Normal/Others","WS/MP18316/2025-2026/250280-Construction of common work sheds/ common covered sitting area","Madhya Pradesh","Narsimhapur(DISTRICT COLLECTOR NARSINGHPUR_IDA)","Smt. Maya Naroliya (2024-30) (2024-2030)","Elected MP","Gram Kashikhairi mein Brajendra patel ke makan ke pass CC chabutara nirma","06-Dec-2025","200000","19-Jan-2026"
"1062","Normal/Others","WS/MP106/2025-2026/205965-Construction of common work sheds/ common covered sitting area","Madhya Pradesh","Narsimhapur(DISTRICT COLLECTOR NARSINGHPUR_IDA)","Shri Vivek K. Tankha (2022-28) (2022-2028)","Elected MP","Gram Jhoteshwar, Gram Panchayat Jhoteshwar, Block Gotegaon, Janpad Panchayat Gotegoon, District Narsinghpur ke Jhoteshwar main Ganga Kund ke pas Karigro ke liye Construction of common work Teen shed Nirman hetu.","02-Jun-2025","1500000","18-Jun-2025"
"1063","Normal/Others","WS/MP106/2025-2026/227445-Construction of common work sheds/ common covered sitting area","Madhya Pradesh","Narsimhapur(DISTRICT COLLECTOR NARSINGHPUR_IDA)","Shri Vivek K. Tankha (2022-28) (2022-2028)","Elected MP","Gandhi ward Gadarwara main J. K. Resort Patlon road, Sarv Bramhan Mahasabha samaj ke Bhawan ke pas Samudayik Bhawan main atirikt Shed nirman hetu, Gadarwara, District Narsinghpur","17-Aug-2025","1000000","29-Oct-2025"
"1064","Normal/Others","WS/MP106/2025-2026/227562-Construction of common work sheds/ common covered sitting area","Madhya Pradesh","Narsimhapur(DISTRICT COLLECTOR NARSINGHPUR_IDA)","Shri Vivek K. Tankha (2022-28) (2022-2028)","Elected MP","Teen Shade nirman, Shaskiya Civil Hospital, Gadarwara, District Narsinghpur","18-Aug-2025","199768","10-Oct-2025"
"1065","Normal/Others","WS/MP18316/2024-2025/166108-Construction of additional rooms and halls in the existing public and community building","Madhya Pradesh","Narsimhapur(DISTRICT COLLECTOR NARSINGHPUR_IDA)","Smt. Maya Naroliya (2024-30) (2024-2030)","Elected MP","JK Resort Patlon road par bramhan samaj bhawan ke pass samudayak bhawan main kaksh nirman","18-Jan-2025","1000000","12-Mar-2025"
"1066","Normal/Others","WS/MP106/2023-2024/31176-Construction of common work sheds/ common covered sitting area","Madhya Pradesh","Narsimhapur(DISTRICT COLLECTOR NARSINGHPUR_IDA)","Shri Vivek K. Tankha (2022-28) (2022-2028)","Elected MP","Gram and Gram Pachayat Barheta, Vikaskhand Gotegaon ke Govt. H S School parisar Barheta main teen shed nirman, District Narsinghpur (mention in letter no. 3297 at column no.1)","04-Oct-2023","600000","20-Feb-2024"
"1067","Normal/Others","WS/MP106/2023-2024/31177-Construction of common work sheds/ common covered sitting area","Madhya Pradesh","Narsimhapur(DISTRICT COLLECTOR NARSINGHPUR_IDA)","Shri Vivek K. Tankha (2022-28) (2022-2028)","Elected MP","Gram and Gram Pachayat Deonagar purana, Vikaskhand Gotegaon ke Govt. High School parisar Deonagar Purana main teen shed nirman, District Narsinghpur (mention in letter no. 3297 at column no.2)","04-Oct-2023","600000","20-Feb-2024"
"1068","Normal/Others","NA-Construction of additional rooms and halls in the existing public and community building","Madhya Pradesh","Narsimhapur(DISTRICT COLLECTOR NARSINGHPUR_IDA)","Shri Vivek K. Tankha (2022-28) (2022-2028)","Elected MP","Janpad Panchayat Chawarpatha (Block) ke gram Barmankhrud me Sharda Devi Mandir ke pas Sthit Samudayik Bhawan me atirikt Kaksho ke nirman hetu, Vidhansabha Tendukheda, Jila Narsinghpur","11-Feb-2026","1000000","NA"
"1069","Normal/Others","NA-Construction of common work sheds/ common covered sitting area","Madhya Pradesh","Narsimhapur(DISTRICT COLLECTOR NARSINGHPUR_IDA)","Smt. Maya Naroliya (2024-30) (2024-2030)","Elected MP","Gram Amgaon Chhota mein chikloudiya mohalla mein sarvjanik teen shade nirman","04-Jul-2026","500000","NA"
"1070","Normal/Others","WS/MP106/2023-2024/31187-Construction of community centers and community halls","Madhya Pradesh","Narsimhapur(DISTRICT COLLECTOR NARSINGHPUR_IDA)","Shri Vivek K. Tankha (2022-28) (2022-2028)","Elected MP","Gram Panchayat Baghuwar main Ayurvedic Aushdhalaya ke pass Samudayik Bhawan nirman, Vikaskhand Kareli, Janpad Panchayat Kareli, District Narsinghpur","04-Oct-2023","500000","09-Jan-2024"
"1071","Normal/Others","WS/MP106/2023-2024/19267-Construction of community centers and community halls","Madhya Pradesh","Narsimhapur(DISTRICT COLLECTOR NARSINGHPUR_IDA)","Shri Vivek K. Tankha (2022-28) (2022-2028)","Elected MP","Gram Panchayat Themi, Janpad Panchayat Gotegaon ke Bazar mohalla main Samudayik Bhavan nirman, Vidhan Sabha Gotegaon, District Narsinghpur","12-Sep-2023","400000","20-Feb-2024"
"1072","Normal/Others","WS/MP106/2023-2024/19233-Construction of community centers and community halls","Madhya Pradesh","Narsimhapur(DISTRICT COLLECTOR NARSINGHPUR_IDA)","Shri Vivek K. Tankha (2022-28) (2022-2028)","Elected MP","Gram Panchayat Imaliya, Janpad Panchayat Gotegaon ke Gram Imaliya main Samudayik Bhavan main Atirikt Nirman hetu, Vidhan Sabha Gotegaon, Narsinghpur","12-Sep-2023","500000","12-Feb-2024"
"1073","Normal/Others","WS/MP106/2023-2024/1599-Construction of community centers and community halls","Madhya Pradesh","Narsimhapur(DISTRICT COLLECTOR NARSINGHPUR_IDA)","Shri Vivek K. Tankha (2022-28) (2022-2028)","Elected MP","Gram panchayat Pipariya (Mushran), Vikaskhand Gotegaon ke gram  Pipariya (Mushran) main Samudayik bhavan nirman, Vidhansabha Gotegaon, District Narsinghpur (letter no. 2976 at column no. 1)","24-Jun-2023","700000","26-Feb-2024"
"1074","Normal/Others","WS/MP106/2023-2024/1600-Construction of community centers and community halls","Madhya Pradesh","Narsimhapur(DISTRICT COLLECTOR NARSINGHPUR_IDA)","Shri Vivek K. Tankha (2022-28) (2022-2028)","Elected MP","Gram panchayat Pipariya (Mushran), Vikaskhand Gotegaon ke Govt. Madhyamik shala Parisar Pipariya (Mushran) main Teen Shade nirman Kary, Vidhansabha Gotegaon, District Narsinghpur (letter no. 2976 at column no. 2)","24-Jun-2023","640000","26-Feb-2024"
"1075","Normal/Others","WS/MP106/2023-2024/1601-Construction of community centers and community halls","Madhya Pradesh","Narsimhapur(DISTRICT COLLECTOR NARSINGHPUR_IDA)","Shri Vivek K. Tankha (2022-28) (2022-2028)","Elected MP","Gram panchayat Jhot, Vikaskhand Gotegaon ke Paramhanshi Ganga Ashram Jhoteshwar main Teen Shade  nirman Kary, Vidhansabha Gotegaon, District Narsinghpur (letter no. 2976/23 at column no. 3)","24-Jun-2023","700000","20-Feb-2024"
"1076","Normal/Others","WS/MP106/2024-2025/154250-Construction of community centers and community halls","Madhya Pradesh","Narsimhapur(DISTRICT COLLECTOR NARSINGHPUR_IDA)","Shri Vivek K. Tankha (2022-28) (2022-2028)","Elected MP","Gram Bichwa Kalan, Gram Panchayat Kosamkheda, Janpad Panchayat Kareli main Samudayik Bhavan nirman hetu, District Narsinghpur","23-Nov-2024","500000","07-Feb-2025"
"1077","Normal/Others","WS/MP18284/2025-2026/163966-Construction of community centers and community halls","Madhya Pradesh","Narsimhapur(DISTRICT COLLECTOR NARSINGHPUR_IDA)","Shri Ashok Singh (2024-30) (2024-2030)","Elected MP","Constrution at Ghat Nirman work Near Narmada river Dist  NARSINGHPUR","07-Jan-2025","2500000","03-Feb-2026"
"1078","Normal/Others","WS/MP18316/2024-2025/166111-Crematoriums/energy efficient crematoriums or structures on burial/cremation ground","Madhya Pradesh","Narsimhapur(DISTRICT COLLECTOR NARSINGHPUR_IDA)","Smt. Maya Naroliya (2024-30) (2024-2030)","Elected MP","Gram Kapuri main shavdah grah chabutara, teenshed, soundaryakaran sahit nirman","18-Jan-2025","500000","28-Feb-2025"
"1079","Normal/Others","NA-Construction of community centers and community halls","Madhya Pradesh","Narsimhapur(DISTRICT COLLECTOR NARSINGHPUR_IDA)","Shri Vivek K. Tankha (2022-28) (2022-2028)","Elected MP","Gram panchayat Khapa, Janpad Panchyat Narsinghpur ke gram Khapa me Sanskratik Gatividhiyo hetu Samudayik Bhawan nirman, Narsinghpur","18-Jan-2026","500000","NA"
"1080","Normal/Others","WS/MP106/2025-2026/249939-Construction of community centers and community halls","Madhya Pradesh","Narsimhapur(DISTRICT COLLECTOR NARSINGHPUR_IDA)","Shri Vivek K. Tankha (2022-28) (2022-2028)","Elected MP","Sanatan Bramhan Sabha Narsinghpur sthit Gayadatta ward main Samudayik bhawan (Parasram Bhawan) main atirikt nirman hetu, Narsinghpur","21-Nov-2025","500000","03-Feb-2026"
"1081","Normal/Others","WS/MP104/2025-2026/266697-Construction of community centers and community halls","Madhya Pradesh","BHOPAL(DISTRICT COLLECTOR BHOPAL_IDA)","Dr. L. Murugan (2024-30) (2024-2030)","Elected MP","Construction of Community Halls at Barodi Village","06-Feb-2026","2400000","02-Mar-2026"
"1082","Normal/Others","NA-Construction of community centers and community halls","Madhya Pradesh","BHOPAL(DISTRICT COLLECTOR BHOPAL_IDA)","Shri Ashok Singh (2024-30) (2024-2030)","Elected MP","Construction of community centers and community halls","11-Apr-2026","500000","NA"
"1083","Normal/Others","NA-Construction of community centers and community halls","Madhya Pradesh","BHOPAL(DISTRICT COLLECTOR BHOPAL_IDA)","Shri Ashok Singh (2024-30) (2024-2030)","Elected MP","Construction of community centers and community halls","11-Apr-2026","500000","NA"
"1084","Normal/Others","NA-Construction of community centers and community halls","Madhya Pradesh","BHOPAL(DISTRICT COLLECTOR BHOPAL_IDA)","Dr. L. Murugan (2024-30) (2024-2030)","Elected MP","Construction of Community Hall nearby Shri Toran Singh's House","01-Jul-2026","2500000","NA"
"1085","Trust and Society","WS/MP103/2025-2026/196625-Construction of public libraries and reading rooms","Madhya Pradesh","BHOPAL(DISTRICT COLLECTOR BHOPAL_IDA)","Dr. Kavita Patidar (2022-28) (2022-2028)","Elected MP","Reading or study room for researchers and curious students in Tulsi manas pratisthan district Bhopal","07-May-2025","1500000","02-Jul-2025"
"1086","Normal/Others","WS/MP18284/2025-2026/204160-Construction of community centers and community halls","Madhya Pradesh","BHOPAL(DISTRICT COLLECTOR BHOPAL_IDA)","Shri Ashok Singh (2024-30) (2024-2030)","Elected MP","Cosntruction of Communiy Hall District Bhopal Madhya Pradesh","27-May-2025","500000","04-Sep-2025"
"1087","Normal/Others","WS/MP106/2025-2026/206251-Construction of community centers and community halls","Madhya Pradesh","BHOPAL(DISTRICT COLLECTOR BHOPAL_IDA)","Shri Vivek K. Tankha (2022-28) (2022-2028)","Elected MP","Gram Babachiya, Gram Panchayat Babachiya, Janpad Panchayat Berasia main Siddh Ghat par Sarvjanik Gatividhi hetu Sanskrati Bhawan, District Bhopal (Mention in letter no. 4058 at column no.2)","03-Jun-2025","400000","14-Aug-2025"
"1088","Normal/Others","WS/MP107/2024-2025/151639-Construction of community centers and community halls","Madhya Pradesh","BHOPAL(DISTRICT COLLECTOR BHOPAL_IDA)","Smt. Sumitra Balmik (2022-28) (2022-2028)","Elected MP","Community building construction work near Mata Mandir, village Kolukhedi Kalan.","11-Nov-2024","800000","21-Nov-2024"
"1089","Normal/Others","WS/MP106/2024-2025/138135-Construction of community centers and community halls","Madhya Pradesh","BHOPAL(DISTRICT COLLECTOR BHOPAL_IDA)","Shri Vivek K. Tankha (2022-28) (2022-2028)","Elected MP","Gram Panchayat Khitwas, Janpad Panchayat Berasia, District Bhopal ke gram Khitwas main Samudayik Sanskratik Gatividiyon ke liye Bhavan ka nirman.","02-Sep-2024","500000","30-Sep-2024"
"1090","Normal/Others","WS/MP106/2025-2026/192673-Construction of common work sheds/ common covered sitting area","Madhya Pradesh","BHOPAL(DISTRICT COLLECTOR BHOPAL_IDA)","Shri Vivek K. Tankha (2022-28) (2022-2028)","Elected MP","Gram Saloi Sangraj, Gram panchayat Nidanpur, Janpad Panchayat Berasia main Hanuman Mandir ke samne Shaskiy Bhumi Par Shed nirman, District Bhopal (mention in letter no.4029 at column no.1)","19-Apr-2025","400000","18-Jun-2025"
"1091","Normal/Others","WS/MP106/2025-2026/192674-Construction of common work sheds/ common covered sitting area","Madhya Pradesh","BHOPAL(DISTRICT COLLECTOR BHOPAL_IDA)","Shri Vivek K. Tankha (2022-28) (2022-2028)","Elected MP","Gram Dungariya, Gram panchayat Dungariya, Janpad Panchayat Berasia main Jhanda Chowk ke samne Shed nirman, District Bhopal (Mention in 4029 at column no.2)","19-Apr-2025","400000","18-Jun-2025"
"1092","Normal/Others","WS/MP106/2024-2025/138136-Construction of common work sheds/ common covered sitting area","Madhya Pradesh","BHOPAL(DISTRICT COLLECTOR BHOPAL_IDA)","Shri Vivek K. Tankha (2022-28) (2022-2028)","Elected MP","Gram Panchayat Chatahedi, Janpad Panchayat Berasia, District Bhopal ke gram Chatahedi main Baba Mandir ke samne Karigaro ke liye samany kary Shed nirman.","02-Sep-2024","500000","30-Sep-2024"
"1093","Normal/Others","WS/MP106/2023-2024/90285-Construction of common work sheds/ common covered sitting area","Madhya Pradesh","BHOPAL(DISTRICT COLLECTOR BHOPAL_IDA)","Shri Vivek K. Tankha (2022-28) (2022-2028)","Elected MP","Gram panchayat Birha Shyam Khedi ke gram Birha Shyam Khedi main Teen Shade Nirman hetu, Janpad Panchayat Berasia, Bhopal (mention in letter no. 3463 at column no.2)","27-Jan-2024","750000","06-Mar-2024"
"1094","Normal/Others","WS/MP106/2023-2024/5659-Construction of common work sheds/ common covered sitting area","Madhya Pradesh","BHOPAL(DISTRICT COLLECTOR BHOPAL_IDA)","Shri Vivek K. Tankha (2022-28) (2022-2028)","Elected MP","Gram Panchayat Kolu Khedi, Janpad Panchayat Berasia ke Gram Kolu Khedi ke mata garh me Shade Nirman Kary hetu, Vidhansabha Berasia, District Bhopal M.P. (Letter no 3155/23 ke Column no.2 ke anusar)","22-Jul-2023","250000","21-Dec-2023"
"1095","Normal/Others","WS/MP104/2025-2026/231012-Construction of additional rooms and halls in the existing public and community building","Madhya Pradesh","BHOPAL(DISTRICT COLLECTOR BHOPAL_IDA)","Dr. L. Murugan (2024-30) (2024-2030)","Elected MP","Construction of our building of Saraswati Vidya Mandir High School, Kotra","02-Sep-2025","2500000","24-Nov-2025"
"1096","Normal/Others","WS/MP18362/2024-2025/150930-Construction of additional rooms and halls in the existing public and community building","Madhya Pradesh","BHOPAL(DISTRICT COLLECTOR BHOPAL_IDA)","Shri Banshilal Gurjar (2024-30) (2024-2030)","Elected MP","TULSI MANAS PRATISHTHAN SANSTHA  2 ROOM CUNSTRUCTION AS ATTACHED LETTER","06-Nov-2024","1100000","02-Dec-2024"
"1097","Normal/Others","WS/MP106/2025-2026/240645-Construction of common work sheds/ common covered sitting area","Madhya Pradesh","BHOPAL(DISTRICT COLLECTOR BHOPAL_IDA)","Shri Vivek K. Tankha (2022-28) (2022-2028)","Elected MP","Gram Panchayat Khitwas, Janpad Panchayat Berasia main Ranj ke pas Teen Shed nirman, Bhopal","07-Oct-2025","400000","14-Nov-2025"
"1098","Normal/Others","WS/MP104/2025-2026/218123-Construction of common work sheds/ common covered sitting area","Madhya Pradesh","BHOPAL(DISTRICT COLLECTOR BHOPAL_IDA)","Dr. L. Murugan (2024-30) (2024-2030)","Elected MP","construction of community platform in front of Himmat baba mandir and tin shed","16-Jul-2025","1000000","14-Aug-2025"
"1099","Normal/Others","WS/MP104/2025-2026/218124-Construction of common work sheds/ common covered sitting area","Madhya Pradesh","BHOPAL(DISTRICT COLLECTOR BHOPAL_IDA)","Dr. L. Murugan (2024-30) (2024-2030)","Elected MP","Tin shed construction near Hanuman mandir","16-Jul-2025","700000","14-Aug-2025"
"1100","Normal/Others","WS/MP104/2025-2026/218125-Construction of common work sheds/ common covered sitting area","Madhya Pradesh","BHOPAL(DISTRICT COLLECTOR BHOPAL_IDA)","Dr. L. Murugan (2024-30) (2024-2030)","Elected MP","Tin shed near mandir","16-Jul-2025","700000","14-Aug-2025"
"1101","Normal/Others","NA-Construction of common work sheds/ common covered sitting area","Madhya Pradesh","BHOPAL(DISTRICT COLLECTOR BHOPAL_IDA)","Shri Vivek K. Tankha (2022-28) (2022-2028)","Elected MP","Gram Panchayat Barrichheer Kheda, Janpad Panchayat Berasia ke gram Nahariya Tola me Sarvjanik Sthan par Shed nirman, Bhopal","18-Aug-2026","400000","NA"
"1102","Normal/Others","WS/MP106/2026-2027/279345-Construction of common work sheds/ common covered sitting area","Madhya Pradesh","BHOPAL(DISTRICT COLLECTOR BHOPAL_IDA)","Shri Vivek K. Tankha (2022-28) (2022-2028)","Elected MP","Gram Khedli Tola, Gram panchayat Damila, Janpad Panchayat Berasia, Hanuman Mandir ke samne sarvjanik Sthan par Shed banane hetu, Bhopal","29-Apr-2026","400000","14-May-2026"
"1103","Normal/Others","WS/MP106/2025-2026/269201-Construction of common work sheds/ common covered sitting area","Madhya Pradesh","BHOPAL(DISTRICT COLLECTOR BHOPAL_IDA)","Shri Vivek K. Tankha (2022-28) (2022-2028)","Elected MP","Gram Panchayat Karariya, Janpad Panchayat Berasia ke gram Semri Khurd me Prathmik Shala Bhawan ke pas sarvajanik Bhumi par Shed nirman, Bhopal","17-Feb-2026","400000","18-Mar-2026"
"1104","Normal/Others","WS/MP106/2026-2027/275520-Construction of common work sheds/ common covered sitting area","Madhya Pradesh","BHOPAL(DISTRICT COLLECTOR BHOPAL_IDA)","Shri Vivek K. Tankha (2022-28) (2022-2028)","Elected MP","Gram Hingoni, Gram panchayat Hingoni, Janpad Panchayat Berasia, Nadi ke pas Sarvjanik sthan par Shed nirman, Bhopal","23-Mar-2026","400000","15-Jun-2026"
"1105","Normal/Others","WS/MP18284/2025-2026/257641-Construction of common work sheds/ common covered sitting area","Madhya Pradesh","BHOPAL(DISTRICT COLLECTOR BHOPAL_IDA)","Shri Ashok Singh (2024-30) (2024-2030)","Elected MP","Construction of common work sheds common covered sitting area at G 95 41 Tulsi Nagar Near Control shop ward no 31 District Bhopal Madhya Pradesh","06-Jan-2026","855000","02-Mar-2026"
"1106","Normal/Others","WS/MP106/2025-2026/255651-Construction of common work sheds/ common covered sitting area","Madhya Pradesh","BHOPAL(DISTRICT COLLECTOR BHOPAL_IDA)","Shri Vivek K. Tankha (2022-28) (2022-2028)","Elected MP","Gram Panchayat Mundla Chand, Janpad Panchayat Berasia ke Gram Mundla Chand me Bhairo Maharaj Sthan ke samne Sarvjanik Sthan Par Teen Shed nirman, Bhopal","26-Dec-2025","400000","12-Jan-2026"
"1107","Normal/Others","WS/MP18316/2026-2027/255371-Construction of buildings for community cultural activities","Madhya Pradesh","BHOPAL(DISTRICT COLLECTOR BHOPAL_IDA)","Smt. Maya Naroliya (2024-30) (2024-2030)","Elected MP","Gram Amjhara mein green valley exotica SAGE university lake water park ke pass raisen bypass mein Lodha Lovewanshi Kshatriy Samaj Bhawan nirman karya","02-Jan-2026","500000","08-Jul-2026"
"1108","Normal/Others","NA-Construction of buildings for community cultural activities","Madhya Pradesh","BHOPAL(DISTRICT COLLECTOR BHOPAL_IDA)","Dr. L. Murugan (2024-30) (2024-2030)","Elected MP","Construction of 05 additional rooms near premises of Sant Ravidas Mandir","11-Jun-2025","2500000","NA"
"1109","Normal/Others","WS/MP18316/2026-2027/266960-Construction of rooms and halls in school and colleges","Madhya Pradesh","BHOPAL(DISTRICT COLLECTOR BHOPAL_IDA)","Smt. Maya Naroliya (2024-30) (2024-2030)","Elected MP","Sarswati Vidhya Mandir Uchchtar madhyamik awasiya vidhyalay sharda vihar kerwa bandh road Bhopal mein atirikt kaksh nirman","16-Feb-2026","600000","02-Apr-2026"
"1110","Normal/Others","WS/MP107/2024-2025/151636-Construction of roads, link roads, pathways or any other road with or without drainage system","Madhya Pradesh","BHOPAL(DISTRICT COLLECTOR BHOPAL_IDA)","Smt. Sumitra Balmik (2022-28) (2022-2028)","Elected MP","Link road construction work from Ganpat Singh's house to Pritam Yadav's farm, Bhainskheda number 02 village Bhainskheda.","11-Nov-2024","2000000","21-Nov-2024"
"1111","Normal/Others","WS/MP107/2024-2025/151642-Construction of roads, link roads, pathways or any other road with or without drainage system","Madhya Pradesh","BHOPAL(DISTRICT COLLECTOR BHOPAL_IDA)","Smt. Sumitra Balmik (2022-28) (2022-2028)","Elected MP","CC road construction work from Surendra Singh's house towards Bunty's house, village Damila.","11-Nov-2024","1000000","21-Nov-2024"
"1112","Normal/Others","WS/MP106/2023-2024/112306-Construction of roads, link roads, pathways or any other road with or without drainage system","Madhya Pradesh","BHOPAL(DISTRICT COLLECTOR BHOPAL_IDA)","Shri Vivek K. Tankha (2022-28) (2022-2028)","Elected MP","Gram panchayat maholi, janpad panchayat berasia, district Bhopal main hanuman mandir ke pas se pran singh yadav ke ghar tak CC road evam draineg ka nirman (mention in letter no. 3486 at column no.1)","22-Feb-2024","750000","06-Mar-2024"
"1113","Normal/Others","WS/MP107/2023-2024/90533-Construction of roads, link roads, pathways or any other road with or without drainage system","Madhya Pradesh","BHOPAL(DISTRICT COLLECTOR BHOPAL_IDA)","Smt. Sumitra Balmik (2022-28) (2022-2028)","Elected MP","Construction of Cc Road","28-Jan-2024","1000000","06-Feb-2024"
"1114","Normal/Others","WS/MP107/2023-2024/90089-Construction of roads, link roads, pathways or any other road with or without drainage system","Madhya Pradesh","BHOPAL(DISTRICT COLLECTOR BHOPAL_IDA)","Smt. Sumitra Balmik (2022-28) (2022-2028)","Elected MP","Construction of approach road - gravel road","27-Jan-2024","1500000","07-Feb-2024"
"1115","Normal/Others","WS/MP18316/2024-2025/176220-Construction of roads, link roads, pathways or any other road with or without drainage system","Madhya Pradesh","BHOPAL(DISTRICT COLLECTOR BHOPAL_IDA)","Smt. Maya Naroliya (2024-30) (2024-2030)","Elected MP","Gram Hirankhedi me shamshan ghat ke ground me CC road nirman","22-Feb-2025","500000","07-Mar-2025"
"1116","Normal/Others","WS/MP103/2023-2024/27586-Construction of roads, link roads, pathways or any other road with or without drainage system","Madhya Pradesh","BHOPAL(DISTRICT COLLECTOR BHOPAL_IDA)","Dr. Kavita Patidar (2022-28) (2022-2028)","Elected MP","Approach  Road From Gram Gondi pura To kakad","27-Sep-2023","1000000","09-Oct-2023"
"1117","Normal/Others","WS/MP106/2023-2024/5658-Construction of roads, link roads, pathways or any other road with or without drainage system","Madhya Pradesh","BHOPAL(DISTRICT COLLECTOR BHOPAL_IDA)","Shri Vivek K. Tankha (2022-28) (2022-2028)","Elected MP","Gram Panchayat Tarawlli Khurd, Janpad Panchayat Berasia me C C Road Nirman Kary hetu, Vidhansabha Berasia, District Bhopal M.P. (Letter no 3155/23 ke Column no.1 ke anusar)","22-Jul-2023","500000","29-Sep-2023"
"1118","Normal/Others","WS/MP106/2023-2024/31182-Construction of roads, link roads, pathways or any other road with or without drainage system","Madhya Pradesh","BHOPAL(DISTRICT COLLECTOR BHOPAL_IDA)","Shri Vivek K. Tankha (2022-28) (2022-2028)","Elected MP","Gram panchayat Singhoda, Janpad Panchayat Berasia ke gram Singhoda main CC Road Nirman, Vidhan sabha Berasia, District Bhopal","04-Oct-2023","400000","18-Dec-2023"
"1119","Normal/Others","WS/MP106/2023-2024/125577-Construction of roads, link roads, pathways or any other road with or without drainage system","Madhya Pradesh","BHOPAL(DISTRICT COLLECTOR BHOPAL_IDA)","Shri Vivek K. Tankha (2022-28) (2022-2028)","Elected MP","Gram Panchayat Damila, Janpad Panchayat Berasia ke gram Damila ke Khedlitola main Mukhay Marg se Gaon ki aor CC Road Nirman, Bhopal","11-Mar-2024","300000","15-Mar-2024"
"1120","Normal/Others","WS/MP106/2023-2024/125582-Construction of roads, link roads, pathways or any other road with or without drainage system","Madhya Pradesh","BHOPAL(DISTRICT COLLECTOR BHOPAL_IDA)","Shri Vivek K. Tankha (2022-28) (2022-2028)","Elected MP","Gram Panchayat Ramgarha, Janpad Panchayat Berasia ke gram Ramgarha main Mandir ke pas se Gaon ki aur CC Road, Nirman, Bhopal","11-Mar-2024","300000","15-Mar-2024"
"1121","Normal/Others","WS/MP107/2023-2024/107998-Construction of roads, link roads, pathways or any other road with or without drainage system","Madhya Pradesh","BHOPAL(DISTRICT COLLECTOR BHOPAL_IDA)","Smt. Sumitra Balmik (2022-28) (2022-2028)","Elected MP","Construction of CC Road","18-Feb-2024","1000000","23-Feb-2024"
"1122","Normal/Others","WS/MP107/2023-2024/108004-Construction of roads, link roads, pathways or any other road with or without drainage system","Madhya Pradesh","BHOPAL(DISTRICT COLLECTOR BHOPAL_IDA)","Smt. Sumitra Balmik (2022-28) (2022-2028)","Elected MP","Construction of CC Road","18-Feb-2024","1000000","23-Feb-2024"
"1123","Normal/Others","WS/MP103/2023-2024/104800-Construction of flood control embankments/ protection walls along riverbanks, hilltops, roadsides","Madhya Pradesh","BHOPAL(DISTRICT COLLECTOR BHOPAL_IDA)","Dr. Kavita Patidar (2022-28) (2022-2028)","Elected MP","wharf construction (Ghat Nirman) in Pond of Karodiya  for Public facility  Gram Karondiya Block Berasia District Bhopal","14-Feb-2024","2000000","05-Mar-2024"
"1124","Normal/Others","WS/MP106/2023-2024/9774-Construction of culverts and bridges","Madhya Pradesh","BHOPAL(DISTRICT COLLECTOR BHOPAL_IDA)","Shri Vivek K. Tankha (2022-28) (2022-2028)","Elected MP","Gram Panchayt Raipur, Janpad Panchayt Phanda, District Bhopal (M.P.) ka Raipur Gaon ki Main Road Nale ke upar Puliya Nirman kary, Vidhan Sabha 152 Bhopal","15-Aug-2023","500000","29-Sep-2023"
"1125","Normal/Others","WS/MP18316/2025-2026/208730-Construction of culverts and bridges","Madhya Pradesh","BHOPAL(DISTRICT COLLECTOR BHOPAL_IDA)","Smt. Maya Naroliya (2024-30) (2024-2030)","Elected MP","Gram Karhaiya Shah me shamshan ghat wale nale par puliya nirman","16-Jun-2025","1500000","03-Jul-2025"
"1126","Normal/Others","WS/MP107/2024-2025/151637-Construction of culverts and bridges","Madhya Pradesh","BHOPAL(DISTRICT COLLECTOR BHOPAL_IDA)","Smt. Sumitra Balmik (2022-28) (2022-2028)","Elected MP","Culvert construction work, village Ramgarha on Languri Tola road.","11-Nov-2024","700000","21-Nov-2024"
"1127","Normal/Others","WS/MP18316/2024-2025/166447-Construction of culverts and bridges","Madhya Pradesh","BHOPAL(DISTRICT COLLECTOR BHOPAL_IDA)","Smt. Maya Naroliya (2024-30) (2024-2030)","Elected MP","Gram rampura khurd main gaadi ghat naale par puliya nirman","19-Jan-2025","1500000","31-Jan-2025"
"1128","Normal/Others","WS/MP107/2023-2024/90530-Construction of culverts and bridges","Madhya Pradesh","BHOPAL(DISTRICT COLLECTOR BHOPAL_IDA)","Smt. Sumitra Balmik (2022-28) (2022-2028)","Elected MP","Construction of culvert","28-Jan-2024","1500000","06-Feb-2024"
"1129","Normal/Others","WS/MP106/2023-2024/85973-Construction of culverts and bridges","Madhya Pradesh","BHOPAL(DISTRICT COLLECTOR BHOPAL_IDA)","Shri Vivek K. Tankha (2022-28) (2022-2028)","Elected MP","Gram Panchayat Chatahedi ke gram Dhekpur (Bijoipura Tapra) ke pas Pipe Puliya Nirman, Janpad Panchayat Berasia, District Bhopal (mention in letter no. 3463 at column no.1)","20-Jan-2024","750000","07-Feb-2024"
"1130","Normal/Others","WS/MP107/2023-2024/90068-Construction of culverts and bridges","Madhya Pradesh","BHOPAL(DISTRICT COLLECTOR BHOPAL_IDA)","Smt. Sumitra Balmik (2022-28) (2022-2028)","Elected MP","Construction of Culvert and Bridge in Village Dhenkpur on Bijoripura road","27-Jan-2024","1000000","07-Feb-2024"
"1131","Normal/Others","WS/MP106/2023-2024/90280-Construction of culverts and bridges","Madhya Pradesh","BHOPAL(DISTRICT COLLECTOR BHOPAL_IDA)","Shri Vivek K. Tankha (2022-28) (2022-2028)","Elected MP","Gram Hiran Khedi (Karoli), Gram Panchayat Hiran Khedi, Janpad Panchayat Berasia me Dhamri road par Ramniwas Meena ke khet ke pas Pipe Puliya Nirman kary, Bhopal","27-Jan-2024","750000","13-Feb-2024"
"1132","Normal/Others","WS/MP107/2023-2024/108007-Construction of culverts and bridges","Madhya Pradesh","BHOPAL(DISTRICT COLLECTOR BHOPAL_IDA)","Smt. Sumitra Balmik (2022-28) (2022-2028)","Elected MP","Construction of culvert","18-Feb-2024","1000000","23-Feb-2024"
"1133","Normal/Others","WS/MP106/2023-2024/112310-Construction of culverts and bridges","Madhya Pradesh","BHOPAL(DISTRICT COLLECTOR BHOPAL_IDA)","Shri Vivek K. Tankha (2022-28) (2022-2028)","Elected MP","Gram panchayat Kalukhedi kala, Janpad panchayat Berasia ke gram Kadaiya Khurd main Himmat Singh ke ghar ke pas Puliya Nirma kary, district Bhopal (mention in letter no. 3486 at column no.2)","22-Feb-2024","750000","06-Mar-2024"
"1134","Normal/Others","WS/MP18316/2026-2027/272364-Construction of roads, link roads, pathways or any other road with or without drainage system","Madhya Pradesh","BHOPAL(DISTRICT COLLECTOR BHOPAL_IDA)","Smt. Maya Naroliya (2024-30) (2024-2030)","Elected MP","Gram Maholi mein vijay singh ke ghar se udaynarayan sharma ke ghar ki aur nali sahit CC road nirman","30-Mar-2026","1000000","16-Apr-2026"
"1135","Normal/Others","WS/MP18316/2025-2026/250376-Construction of culverts and bridges","Madhya Pradesh","BHOPAL(DISTRICT COLLECTOR BHOPAL_IDA)","Smt. Maya Naroliya (2024-30) (2024-2030)","Elected MP","Gram Karhaiya shah mein barri naala par pipe puliya nirman","06-Dec-2025","1500000","06-Jan-2026"
"1136","Normal/Others","WS/MP106/2025-2026/240644-Construction of culverts and bridges","Madhya Pradesh","BHOPAL(DISTRICT COLLECTOR BHOPAL_IDA)","Shri Vivek K. Tankha (2022-28) (2022-2028)","Elected MP","Gram Panchayat Garha Khrud, Janpad Panchayat Berasia ke Gram Kalyanpura main Puliya nirman hetu, Bhopal","07-Oct-2025","400000","14-Nov-2025"
"1137","Normal/Others","NA-Construction of culverts and bridges","Madhya Pradesh","BHOPAL(DISTRICT COLLECTOR BHOPAL_IDA)","Shri Banshilal Gurjar (2024-30) (2024-2030)","Elected MP","Construction of a culvert (construction of a culvert leading to the Harijan settlement, starting from Ghanshyam Adivasi's location)","16-Jul-2026","500000","NA"
"1138","Normal/Others","WS/MP107/2026-2027/283698-Construction of culverts and bridges","Madhya Pradesh","BHOPAL(DISTRICT COLLECTOR BHOPAL_IDA)","Smt. Sumitra Balmik (2022-28) (2022-2028)","Elected MP","Construction of Culvert in GP Arjunkhedi on the drain inside the village","25-May-2026","1000000","29-Jun-2026"
"1139","Normal/Others","WS/MP18316/2025-2026/172459-Renovation of ponds and lakes","Madhya Pradesh","BHOPAL(DISTRICT COLLECTOR BHOPAL_IDA)","Smt. Maya Naroliya (2024-30) (2024-2030)","Elected MP","Prime pack factory ke pass sthit talab ki paal sudranikaran, talab gahrikaran karya","05-Feb-2025","1000000","01-May-2025"
"1140","Normal/Others","WS/MP107/2026-2027/283697-Construction of roads, link roads, pathways or any other road with or without drainage system","Madhya Pradesh","BHOPAL(DISTRICT COLLECTOR BHOPAL_IDA)","Smt. Sumitra Balmik (2022-28) (2022-2028)","Elected MP","Development of connecting road in village Chatahedi from main road to Himmat Baba .  Gram Panchayat - Chatahedi, Janpad - Berasia","25-May-2026","2000000","25-Jun-2026"
"1141","Normal/Others","WS/MP107/2026-2027/293119-Construction of roads, link roads, pathways or any other road with or without drainage system","Madhya Pradesh","BHOPAL(DISTRICT COLLECTOR BHOPAL_IDA)","Smt. Sumitra Balmik (2022-28) (2022-2028)","Elected MP","Construction of Link Road in GP Kulhor near the house of Jagdish towards the main road","08-Jul-2026","1000000","29-Jul-2026"
"1142","Normal/Others","WS/MP18316/2026-2027/295267-Construction of roads, link roads, pathways or any other road with or without drainage system","Madhya Pradesh","BHOPAL(DISTRICT COLLECTOR BHOPAL_IDA)","Smt. Maya Naroliya (2024-30) (2024-2030)","Elected MP","Gram Rampura khurd se jungle marg sampark sadak nirman","27-Jul-2026","1500000","06-Aug-2026"
"1143","Normal/Others","WS/MP18316/2026-2027/295268-Construction of roads, link roads, pathways or any other road with or without drainage system","Madhya Pradesh","BHOPAL(DISTRICT COLLECTOR BHOPAL_IDA)","Smt. Maya Naroliya (2024-30) (2024-2030)","Elected MP","Gram Mudla Chattan mukhya se taparon ki aur sampark sadak nirman","27-Jul-2026","1500000","06-Aug-2026"
"1144","Normal/Others","WS/MP18316/2025-2026/248616-Construction of roads, link roads, pathways or any other road with or without drainage system","Madhya Pradesh","BHOPAL(DISTRICT COLLECTOR BHOPAL_IDA)","Smt. Maya Naroliya (2024-30) (2024-2030)","Elected MP","Gram Hinoti Sadak mein durgaji mandir se gyani nagar ki dukan tak CC road nirman","24-Nov-2025","500000","11-Feb-2026"
"1145","Normal/Others","WS/MP18316/2025-2026/248617-Construction of roads, link roads, pathways or any other road with or without drainage system","Madhya Pradesh","BHOPAL(DISTRICT COLLECTOR BHOPAL_IDA)","Smt. Maya Naroliya (2024-30) (2024-2030)","Elected MP","Gram Karhaiya Shah main road se khejda ghat tak sampark sadak nirman","24-Nov-2025","1500000","15-Dec-2025"
"1146","Normal/Others","WS/MP107/2026-2027/283701-Construction of roads, link roads, pathways or any other road with or without drainage system","Madhya Pradesh","BHOPAL(DISTRICT COLLECTOR BHOPAL_IDA)","Smt. Sumitra Balmik (2022-28) (2022-2028)","Elected MP","Construction of Road from Govt. School to farmland of Ram Singh in Village Richhai in Kadia Khoh","25-May-2026","1500000","25-Jun-2026"
"1147","Normal/Others","WS/MP107/2026-2027/283872-Construction of roads, link roads, pathways or any other road with or without drainage system","Madhya Pradesh","BHOPAL(DISTRICT COLLECTOR BHOPAL_IDA)","Smt. Sumitra Balmik (2022-28) (2022-2028)","Elected MP","Construction of connecting road in village dolatpura to the farmland o Hakam","26-May-2026","1000000","09-Jul-2026"
"1148","Normal/Others","WS/MP107/2026-2027/283875-Construction of roads, link roads, pathways or any other road with or without drainage system","Madhya Pradesh","BHOPAL(DISTRICT COLLECTOR BHOPAL_IDA)","Smt. Sumitra Balmik (2022-28) (2022-2028)","Elected MP","Construction of CC Road in GP Kolu Khedi Kalan (Village Kadaiya Kheda)","26-May-2026","1500000","25-Jun-2026"
"1149","Normal/Others","WS/MP107/2026-2027/283876-Construction of roads, link roads, pathways or any other road with or without drainage system","Madhya Pradesh","BHOPAL(DISTRICT COLLECTOR BHOPAL_IDA)","Smt. Sumitra Balmik (2022-28) (2022-2028)","Elected MP","Construction of connecting road in GP Mani Khedi in Village Kalapeepal (From the house of Ratan towards Bagasi Jod)","26-May-2026","1000000","09-Jul-2026"
"1150","Normal/Others","WS/MP106/2025-2026/243970-Construction of roads, link roads, pathways or any other road with or without drainage system","Madhya Pradesh","BHOPAL(DISTRICT COLLECTOR BHOPAL_IDA)","Shri Vivek K. Tankha (2022-28) (2022-2028)","Elected MP","Japad panchayat Berasia, Gram Panchyat Jamusar khurd main Ram janki Mandir ke samne Sarvjanik Sthan par Paver Block lagane hetu, Bhopal","26-Oct-2025","400000","15-Dec-2025"
"1151","Normal/Others","WS/MP106/2025-2026/206245-Construction of roads, link roads, pathways or any other road with or without drainage system","Madhya Pradesh","BHOPAL(DISTRICT COLLECTOR BHOPAL_IDA)","Shri Vivek K. Tankha (2022-28) (2022-2028)","Elected MP","Gram Karhaiya Shah, Gram Panchayat Karhaiya Shah, Janpad Panchayat Berasia main Mandir Parisar ke bahar Shaskiy Bhumi par Paver Block, District Bhopal(Mention in letter no. 4058 at column no.1)","03-Jun-2025","400000","03-Jul-2025"
"1152","Normal/Others","WS/MP18316/2025-2026/216058-Construction of roads, link roads, pathways or any other road with or without drainage system","Madhya Pradesh","BHOPAL(DISTRICT COLLECTOR BHOPAL_IDA)","Smt. Maya Naroliya (2024-30) (2024-2030)","Elected MP","Gram Karhaiya Shah me tala wale baba se jangle ki aur sampark sadak nirman","10-Jul-2025","1500000","14-Aug-2025"
"1153","Normal/Others","WS/MP18316/2024-2025/166448-Construction of roads, link roads, pathways or any other road with or without drainage system","Madhya Pradesh","BHOPAL(DISTRICT COLLECTOR BHOPAL_IDA)","Smt. Maya Naroliya (2024-30) (2024-2030)","Elected MP","Gram rampura khurd se gaadi ghat tak sampark sadak nirman","19-Jan-2025","1500000","31-Jan-2025"
"1154","Normal/Others","WS/MP18316/2024-2025/166449-Construction of roads, link roads, pathways or any other road with or without drainage system","Madhya Pradesh","BHOPAL(DISTRICT COLLECTOR BHOPAL_IDA)","Smt. Maya Naroliya (2024-30) (2024-2030)","Elected MP","Anusuchit jati mahalla Sonkatch main CC road nirman","19-Jan-2025","500000","27-Feb-2025"
"1155","Normal/Others","WS/MP18316/2024-2025/166450-Construction of roads, link roads, pathways or any other road with or without drainage system","Madhya Pradesh","BHOPAL(DISTRICT COLLECTOR BHOPAL_IDA)","Smt. Maya Naroliya (2024-30) (2024-2030)","Elected MP","Gram Motipura tanda main CC road nirman","19-Jan-2025","500000","27-Feb-2025"
"1156","Normal/Others","WS/MP18316/2024-2025/166451-Construction of roads, link roads, pathways or any other road with or without drainage system","Madhya Pradesh","BHOPAL(DISTRICT COLLECTOR BHOPAL_IDA)","Smt. Maya Naroliya (2024-30) (2024-2030)","Elected MP","Nalkheda ke patel mohalla main CC road nirman","19-Jan-2025","1500000","07-Feb-2025"
"1157","Normal/Others","WS/MP18316/2024-2025/166452-Construction of roads, link roads, pathways or any other road with or without drainage system","Madhya Pradesh","BHOPAL(DISTRICT COLLECTOR BHOPAL_IDA)","Smt. Maya Naroliya (2024-30) (2024-2030)","Elected MP","Gram Dhekpur (Bijoripura) marg par main road se muktidham ki aur sampark sadak","19-Jan-2025","1000000","31-Jan-2025"
"1158","Normal/Others","WS/MP18316/2024-2025/166453-Construction of roads, link roads, pathways or any other road with or without drainage system","Madhya Pradesh","BHOPAL(DISTRICT COLLECTOR BHOPAL_IDA)","Smt. Maya Naroliya (2024-30) (2024-2030)","Elected MP","Gram Kotra main CC road nirman","19-Jan-2025","1000000","24-Jan-2025"
"1159","Normal/Others","WS/MP18316/2024-2025/166454-Construction of roads, link roads, pathways or any other road with or without drainage system","Madhya Pradesh","BHOPAL(DISTRICT COLLECTOR BHOPAL_IDA)","Smt. Maya Naroliya (2024-30) (2024-2030)","Elected MP","Gram Ankia main CC road nirman","19-Jan-2025","1000000","24-Jan-2025"
"1160","Normal/Others","WS/MP18316/2024-2025/166455-Construction of roads, link roads, pathways or any other road with or without drainage system","Madhya Pradesh","BHOPAL(DISTRICT COLLECTOR BHOPAL_IDA)","Smt. Maya Naroliya (2024-30) (2024-2030)","Elected MP","Gram Gondipura main ramesh ahirwar ke ghar se main road tak CC road nirman","19-Jan-2025","1000000","24-Jan-2025"
"1161","Normal/Others","WS/MP18316/2024-2025/166456-Construction of roads, link roads, pathways or any other road with or without drainage system","Madhya Pradesh","BHOPAL(DISTRICT COLLECTOR BHOPAL_IDA)","Smt. Maya Naroliya (2024-30) (2024-2030)","Elected MP","Gram Dhujpura me main road se bhairu shakti mandir tak sampark sadak nirman","19-Jan-2025","1000000","24-Jan-2025"
"1162","Normal/Others","WS/MP18316/2024-2025/172458-Construction of roads, link roads, pathways or any other road with or without drainage system","Madhya Pradesh","BHOPAL(DISTRICT COLLECTOR BHOPAL_IDA)","Smt. Maya Naroliya (2024-30) (2024-2030)","Elected MP","Gram Kanera se mittulal ke khet ki aur sampark sadak nirman","05-Feb-2025","500000","27-Feb-2025"
"1163","Normal/Others","WS/MP18316/2025-2026/211049-Construction of roads, link roads, pathways or any other road with or without drainage system","Madhya Pradesh","BHOPAL(DISTRICT COLLECTOR BHOPAL_IDA)","Smt. Maya Naroliya (2024-30) (2024-2030)","Elected MP","Gram Pardi me main road se khuman ke makan tak CC road nirman","24-Jun-2025","1000000","11-Jul-2025"
"1164","Normal/Others","WS/MP106/2023-2024/9771-Lighting of public spaces","Madhya Pradesh","BHOPAL(DISTRICT COLLECTOR BHOPAL_IDA)","Shri Vivek K. Tankha (2022-28) (2022-2028)","Elected MP","Fixing of LED Light, Construction of Stage Etc work at Zone no. 21, Ward no. 32, New Market, district Bhopal","15-Aug-2023","600000","13-Feb-2024"
"1165","Normal/Others","NA-Purchase of books and periodicals for libraries/digitization of library books","Madhya Pradesh","BARWANI(DISTRICT COLLECTOR BADWANI_IDA)","Shri Vivek K. Tankha (2022-28) (2022-2028)","Elected MP","Abhibhashak Sangh Anjad, Jila Badwani sthit Pustkalaya ke liye pustken kray hetu, Badwani","30-Mar-2026","25000","NA"
"1166","Normal/Others","NA-Purchase of books and periodicals for libraries/digitization of library books","Madhya Pradesh","BARWANI(DISTRICT COLLECTOR BADWANI_IDA)","Shri Vivek K. Tankha (2022-28) (2022-2028)","Elected MP","Abhibhashak Sangh Rajpur, Jila Badwani sthit Pustkalaya ke liye pustken kray hetu, Badwani","30-Mar-2026","25000","NA"
"1167","Normal/Others","WS/MP18297/2025-2026/259026-Installing tube-wells and borewells","Madhya Pradesh","Agar-Malwa(District Collector Agar Malwa_IDA)","Shri Balyogi Umeshnath (2024-30) (2024-2030)","Elected MP","Gram panchayat bardabarkheda janpad panchayat badod me shantadwet ashram ke bahar peyjal hetu nalkoop khanan tubewell moterpump starter kebal sahit","13-Jan-2026","307000","06-Mar-2026"
"1168","Trust and Society","WS/MP103/2025-2026/211407-Construction of additional rooms and halls in the existing public and community building","Madhya Pradesh","Agar-Malwa(District Collector Agar Malwa_IDA)","Dr. Kavita Patidar (2022-28) (2022-2028)","Elected MP","Construction of Room in Sewa Bharti Sewa Nyas sansthan for public use in District Agar-malwa","24-Jun-2025","1500000","16-Sep-2025"
"1169","Normal/Others","WS/MP103/2023-2024/34681-Construction of community centers and community halls","Madhya Pradesh","CHHATARPUR(District Collector Chhatarpur_IDA)","Dr. Kavita Patidar (2022-28) (2022-2028)","Elected MP","Construction of Community Building in  PALTA Gram Vidhansabha - Chandla  District  Chhatrpur","09-Oct-2023","2000000","04-Mar-2024"
"1170","Normal/Others","WS/MP103/2023-2024/34682-Construction of community centers and community halls","Madhya Pradesh","CHHATARPUR(District Collector Chhatarpur_IDA)","Dr. Kavita Patidar (2022-28) (2022-2028)","Elected MP","Construction of Community Building in Gram Chodakhere Gram Panchayat Khajwa  Block - Rajnagar District Chhatrpur","09-Oct-2023","2000000","01-Mar-2024"
"1171","Normal/Others","WS/MP103/2023-2024/34683-Construction of community centers and community halls","Madhya Pradesh","CHHATARPUR(District Collector Chhatarpur_IDA)","Dr. Kavita Patidar (2022-28) (2022-2028)","Elected MP","Construction of Community Building in Gram Bairagya Pukhari  Block - Chandla District Chhatrpur","09-Oct-2023","2000000","04-Mar-2024"
"1172","Normal/Others","WS/MP106/2026-2027/259597-Construction of community centers and community halls","Madhya Pradesh","CHHATARPUR(District Collector Chhatarpur_IDA)","Shri Vivek K. Tankha (2022-28) (2022-2028)","Elected MP","Gram Panchayat Nayagaon, Janpad Panchayat Bijawar ke Gram nayagoan me Samudayik Bhawan nirman, Chhatarpur","17-Jan-2026","300000","07-Apr-2026"
"1173","Normal/Others","WS/MP18284/2025-2026/179747-Construction of culverts and bridges","Madhya Pradesh","CHHATARPUR(District Collector Chhatarpur_IDA)","Shri Ashok Singh (2024-30) (2024-2030)","Elected MP","Construction of culverts at Gram Panchayat Kiratpura, Janpad Panchayat Chhatarpur, Dist. Chhatarpur, (M.P.)","06-Mar-2025","500000","22-Apr-2025"
"1174","Normal/Others","WS/MP106/2023-2024/9776-Construction of public toilets and bathrooms","Madhya Pradesh","DATIA(District Collector Datia_IDA)","Shri Vivek K. Tankha (2022-28) (2022-2028)","Elected MP","Construction of Let-Bath for Male & Female & Construction of Shade at Court premises sewda, Vidhan Sabha Sewda, District Datia M.P.","15-Aug-2023","500000","08-Jan-2024"
"1175","Normal/Others","WS/MP18284/2025-2026/179069-Construction of roads, link roads, pathways or any other road with or without drainage system","Madhya Pradesh","DATIA(District Collector Datia_IDA)","Shri Ashok Singh (2024-30) (2024-2030)","Elected MP","Construction CC Road with drainage at badera sopan  teh. Bhander Dist- Datia","04-Mar-2025","1000000","07-Apr-2025"
"1176","Normal/Others","WS/MP106/2023-2024/9775-Purchase of books for public libraries/ digitization of library books","Madhya Pradesh","DATIA(District Collector Datia_IDA)","Shri Vivek K. Tankha (2022-28) (2022-2028)","Elected MP","Purchase Books for Library for Adhivakta Sangh Sewda, Vidhan Sabha Sewda, District Datia M.P.","15-Aug-2023","50000","08-Jan-2024"
"1177","Trust and Society","WS/MP103/2026-2027/258029-Construction of additional rooms and halls in the existing public and community building","Madhya Pradesh","DINDORI(District Collector Dindori_IDA)","Dr. Kavita Patidar (2022-28) (2022-2028)","Elected MP","Construction of additional rooms and halls in the existing in Student  Hostel Building in JANJATI KALYAN KENDRA MAHAKAUSHAL  Gram Bargaon District Dindori","28-Jan-2026","2000000","23-Jul-2026"
"1178","Normal/Others","WS/MP104/2026-2027/252090-Construction of additional rooms and halls in the existing public and community building","Madhya Pradesh","DINDORI(District Collector Dindori_IDA)","Dr. L. Murugan (2024-30) (2024-2030)","Elected MP","Construction of Rooms at Narmadanchal Vidyapeeth, Bargaon","04-Dec-2025","5000000","23-Jun-2026"
"1179","Normal/Others","WS/MP106/2023-2024/110311-Construction of common work sheds/ common covered sitting area","Madhya Pradesh","DINDORI(District Collector Dindori_IDA)","Shri Vivek K. Tankha (2022-28) (2022-2028)","Elected MP","Gram Panchayat Deora Hansnagar, janpad Panchayat Dindori Bhavtarini Mandir ke pas Samudayik Sanskratik Gatividhiyo ke liye Bhavan ka Nirman, Dindori","20-Feb-2024","300000","12-Mar-2024"
"1180","Normal/Others","NA-Purchase of mobile water tankers","Madhya Pradesh","DINDORI(District Collector Dindori_IDA)","Shri Vivek K. Tankha (2022-28) (2022-2028)","Elected MP","Ek nag GI Water Tanker with Sprinkler System and Sefty Norms 8213, Capacity 5500 Liter with 900X16 Number ke Naye Tyre Tube, Gram Panchayat Soobkhar RYT, Janpad Panchayat Dindori, Dindori","25-Jul-2026","165850","NA"
"1181","Normal/Others","WS/MP106/2026-2027/245756-Construction of buildings for community cultural activities","Madhya Pradesh","DINDORI(District Collector Dindori_IDA)","Shri Vivek K. Tankha (2022-28) (2022-2028)","Elected MP","Gram Panchayat Chichringpur, Janpad Panchayat Dindori ke gram chichringpur main Durga Mandir ke pas Shaskiya Bhumi par Sanskratik Bhawan nirman, Dindori","03-Nov-2025","400000","03-Jul-2026"
"1182","Normal/Others","WS/MP106/2023-2024/122851-Construction of boundary walls of existing public and community buildings","Madhya Pradesh","DINDORI(District Collector Dindori_IDA)","Shri Vivek K. Tankha (2022-28) (2022-2028)","Elected MP","Shaskiya Chandra Vijay Snakottar Mahavidyalaya ward no.1 main Boundrywall (char Diwari) nirman kary, Dindori","07-Mar-2024","500000","13-Mar-2024"
"1183","Normal/Others","WS/MP107/2023-2024/131072-Construction of boundary walls of existing public and community buildings","Madhya Pradesh","DINDORI(District Collector Dindori_IDA)","Smt. Sumitra Balmik (2022-28) (2022-2028)","Elected MP","Contrution work of Boundary wall in PG college Dindori","16-Mar-2024","500000","16-Mar-2024"
"1184","Normal/Others","WS/MP103/2026-2027/182732-Purchase of mobile water tankers","Madhya Pradesh","DINDORI(District Collector Dindori_IDA)","Dr. Kavita Patidar (2022-28) (2022-2028)","Elected MP","Providing GI Water tanker Capacity 5500 Liter Tyre 900X16 in  Gram Panchayat  Anakheda JP Dindori District Dindori","22-Mar-2025","160761","21-May-2026"
"1185","Normal/Others","WS/MP103/2026-2027/182733-Purchase of mobile water tankers","Madhya Pradesh","DINDORI(District Collector Dindori_IDA)","Dr. Kavita Patidar (2022-28) (2022-2028)","Elected MP","Providing GI Water tanker Capacity 5500 Liter Tyre 900X16 in  Gram Panchayat Kasaisoda JP Dindori District Dindori","22-Mar-2025","160761","21-May-2026"
"1186","Normal/Others","WS/MP103/2026-2027/182734-Purchase of mobile water tankers","Madhya Pradesh","DINDORI(District Collector Dindori_IDA)","Dr. Kavita Patidar (2022-28) (2022-2028)","Elected MP","Providing GI Water tanker Capacity 5500 Liter Tyre 900X16 in  Gram Panchayat Khamhariya JP Dindori District Dindori","22-Mar-2025","160761","21-May-2026"
"1187","Normal/Others","WS/MP103/2026-2027/182735-Purchase of mobile water tankers","Madhya Pradesh","DINDORI(District Collector Dindori_IDA)","Dr. Kavita Patidar (2022-28) (2022-2028)","Elected MP","Providing GI Water tanker Capacity 5500 Liter Tyre 900X16 in  Gram Panchayat Vikram pur JP Dindori District Dindori","22-Mar-2025","160761","21-May-2026"
"1188","Normal/Others","WS/MP103/2026-2027/182736-Purchase of mobile water tankers","Madhya Pradesh","DINDORI(District Collector Dindori_IDA)","Dr. Kavita Patidar (2022-28) (2022-2028)","Elected MP","Providing GI Water tanker Capacity 5500 Liter Tyre 900X16 in Gram Panchayat Shivri JP Bajag District Dindori","22-Mar-2025","160761","21-May-2026"
"1189","Normal/Others","NA-Purchase of mobile water tankers","Madhya Pradesh","DINDORI(District Collector Dindori_IDA)","Shri Vivek K. Tankha (2022-28) (2022-2028)","Elected MP","Ek nag GI Water Tanker with Sprinkler System and Sefty Norms 8213, Capacity 5500 Liter with 900X16 Number ke Naye Tyre Tube, Gram Panchayat Gutalwah, Janpad Panchayat Shahpura, Dindori","28-Jul-2026","165850","NA"
"1190","Normal/Others","WS/MP106/2026-2027/277339-Construction of roads, link roads, pathways or any other road with or without drainage system","Madhya Pradesh","DINDORI(District Collector Dindori_IDA)","Shri Vivek K. Tankha (2022-28) (2022-2028)","Elected MP","CC Road nirman kary, Endhariya Bai Ke Ghar ke samne Pul se Narendra Ke ghar ki aor, Gram Panchayat Soobkhar Ryt, Janpad Panchayat Dindori, Dindori","03-Apr-2026","1000000","29-Jun-2026"
"1191","Normal/Others","WS/MP103/2026-2027/182739-Installation of fixed garden gym equipment","Madhya Pradesh","DINDORI(District Collector Dindori_IDA)","Dr. Kavita Patidar (2022-28) (2022-2028)","Elected MP","Installation Of Fixed Garden OPEN GYM Equipment in Gram Panchayat  Dhamangaon JP Dindori District Dindori","22-Mar-2025","855000","17-Jul-2026"
"1192","Normal/Others","WS/MP103/2026-2027/182740-Installation of fixed garden gym equipment","Madhya Pradesh","DINDORI(District Collector Dindori_IDA)","Dr. Kavita Patidar (2022-28) (2022-2028)","Elected MP","Installation Of Fixed Garden OPEN GYM Equipment in Gram Panchayat Basaniya JP Dindori District Dindori","22-Mar-2025","855000","17-Jul-2026"
"1193","Normal/Others","WS/MP103/2026-2027/182741-Installation of fixed garden gym equipment","Madhya Pradesh","DINDORI(District Collector Dindori_IDA)","Dr. Kavita Patidar (2022-28) (2022-2028)","Elected MP","Installation Of Fixed Garden OPEN GYM Equipment in Gram Panchayat Aurai Jp Dindori  District Dindori","22-Mar-2025","855000","17-Jul-2026"
"1194","Normal/Others","WS/MP103/2026-2027/182742-Installation of fixed garden gym equipment","Madhya Pradesh","DINDORI(District Collector Dindori_IDA)","Dr. Kavita Patidar (2022-28) (2022-2028)","Elected MP","Installation Of Fixed Garden OPEN GYM Equipment in Gram Panchayat Deora Jp Dindori District Dindori","22-Mar-2025","855000","17-Jul-2026"
"1195","Normal/Others","WS/MP103/2026-2027/182743-Installation of fixed garden gym equipment","Madhya Pradesh","DINDORI(District Collector Dindori_IDA)","Dr. Kavita Patidar (2022-28) (2022-2028)","Elected MP","Installation Of Fixed OPEN GYM Equipment in Gram Panchayat  Shivri JP Bajag District Dindori","22-Mar-2025","855000","17-Jul-2026"
"1196","Normal/Others","WS/MP103/2026-2027/182744-Installation of fixed garden gym equipment","Madhya Pradesh","DINDORI(District Collector Dindori_IDA)","Dr. Kavita Patidar (2022-28) (2022-2028)","Elected MP","Installation Of Fixed Garden OPEN GYM Equipment in Gram Panchayat   Padriya Dongari JP Bajag District Dindori","22-Mar-2025","855000","17-Jul-2026"
"1197","Normal/Others","NA-Construction of roads, link roads, pathways or any other road with or without drainage system","Madhya Pradesh","DINDORI(District Collector Dindori_IDA)","Shri Vivek K. Tankha (2022-28) (2022-2028)","Elected MP","Gram Panchayat Soobkhar, janpad Panchayat Dindori ke Gram Soobkhar me Kemkaran singh ke ghar se Lamudas Ke ghar ki aor, Ghat par Grebal road ke atirikt nirman hetu, Dindori","26-Dec-2025","150000","NA"
"1198","Normal/Others","WS/MP106/2025-2026/240641-Construction of roads, link roads, pathways or any other road with or without drainage system","Madhya Pradesh","DINDORI(District Collector Dindori_IDA)","Shri Vivek K. Tankha (2022-28) (2022-2028)","Elected MP","Gram Panchayat Soobkhar, Janpad Panchayat Dindori ke gram Soobkhar main Khemkaran Singh ke Ghar se Lamudas ke Ghar ki aur Ghat par Grebal Road nirman, Dindori","07-Oct-2025","350000","05-Feb-2026"
"1199","Normal/Others","WS/MP18316/2025-2026/255218-Construction of roads, link roads, pathways or any other road with or without drainage system","Madhya Pradesh","GUNA(District Collector Guna_IDA)","Smt. Maya Naroliya (2024-30) (2024-2030)","Elected MP","Gram Gujari mein Narayan singh ke ghar se basti ki aur CC road nirman","02-Jan-2026","1000000","21-Jan-2026"
"1200","Normal/Others","WS/MP18316/2024-2025/170116-Construction of roads, link roads, pathways or any other road with or without drainage system","Madhya Pradesh","GUNA(District Collector Guna_IDA)","Smt. Maya Naroliya (2024-30) (2024-2030)","Elected MP","Gram Gujari me main road school se Narayan singh ke ghar ki aur CC road nirman","30-Jan-2025","1000000","10-Feb-2025"
"1201","Normal/Others","WS/MP107/2024-2025/158658-Construction of roads, link roads, pathways or any other road with or without drainage system","Madhya Pradesh","GUNA(District Collector Guna_IDA)","Smt. Sumitra Balmik (2022-28) (2022-2028)","Elected MP","CC road construction work from Mata Mandir to Vijaypal's house in Laxmanpura village","14-Dec-2024","1499887","07-Jan-2025"
"1202","Normal/Others","WS/MP107/2026-2027/289248-Construction of roads, link roads, pathways or any other road with or without drainage system","Madhya Pradesh","GUNA(District Collector Guna_IDA)","Smt. Sumitra Balmik (2022-28) (2022-2028)","Elected MP","Connectivity road from Sadar Banjare's house towards Kadarpura village","25-Jun-2026","2000000","24-Jul-2026"
"1203","Normal/Others","WS/MP107/2024-2025/158657-Construction of culverts and bridges","Madhya Pradesh","GUNA(District Collector Guna_IDA)","Smt. Sumitra Balmik (2022-28) (2022-2028)","Elected MP","Construction work of culvert on Patpadi drain in Laxmanpura village","14-Dec-2024","1499564","07-Jan-2025"
"1204","Normal/Others","WS/MP18284/2026-2027/279703-Construction of flood control embankments/ protection walls along riverbanks, hilltops, roadsides","Madhya Pradesh","GUNA(District Collector Guna_IDA)","Shri Ashok Singh (2024-30) (2024-2030)","Elected MP","Construction of Stop dam on Bhaisana river Gram Bhaisana gram Panchayat bhaisana janpad panchayat raghogarh district guna","06-May-2026","700000","10-Jul-2026"
"1205","Normal/Others","WS/MP106/2024-2025/124195-Construction of roads, link roads, pathways or any other road with or without drainage system","Madhya Pradesh","GUNA(District Collector Guna_IDA)","Shri Vivek K. Tankha (2022-28) (2022-2028)","Elected MP","Gram panchayat Bisankheda, janpad Panchayat Raghogarh, Jila Guna Vidhansabha chachoda ke gram Laxamanpura ke Banjara Basti main CC Road Nirman, Guna","10-Mar-2024","500000","11-Jul-2024"
"1206","Trust and Society","NA-Construction of rooms and halls in school and colleges","Madhya Pradesh","GUNA(District Collector Guna_IDA)","Smt. Maya Naroliya (2024-30) (2024-2030)","Elected MP","Sarswati Shishu Mandir Aaron mein hall kaksh nirman karya","06-Mar-2025","2000000","NA"
"1207","Normal/Others","WS/MP106/2023-2024/10668-Construction of toilet blocks","Madhya Pradesh","HARDA(District Collector Harda_IDA)","Shri Vivek K. Tankha (2022-28) (2022-2028)","Elected MP","Jila Adhivakta Sangh Harda ke Adhivakta Sangh Prakoshth main Toilet nirman hetu, Vidhan Sabha Harda, District Harda (mention in letter no. 3184 at column no.4)","17-Aug-2023","100000","01-Mar-2024"
"1208","Normal/Others","WS/MP106/2023-2024/10671-Construction of common work sheds/ common covered sitting area","Madhya Pradesh","HARDA(District Collector Harda_IDA)","Shri Vivek K. Tankha (2022-28) (2022-2028)","Elected MP","Adhivakta Sangh Prakoshthke main Adhivaktaon ki Baithak Vyavasth hetu new teen Shed ka nirman, Jila Adhivakta Sangh Harda, Vidhan Sabha Harda, District Harda (mention in letter no. 3184 at column no.6)","17-Aug-2023","298599","01-Mar-2024"
"1209","Normal/Others","WS/MP106/2023-2024/10673-Construction of additional rooms and halls in the existing public and community building","Madhya Pradesh","HARDA(District Collector Harda_IDA)","Shri Vivek K. Tankha (2022-28) (2022-2028)","Elected MP","Purush Adhivakta Sangh Prakoshth ke Shed marammat Evam nirman hetu, Jila Adhivakta Sangh Harda, Vidhan Sabha Harda, District Harda (mention in letter no. 3184 at column no.2)","17-Aug-2023","100000","02-Feb-2024"
"1210","Normal/Others","WS/MP106/2023-2024/10674-Construction of additional rooms and halls in the existing public and community building","Madhya Pradesh","HARDA(District Collector Harda_IDA)","Shri Vivek K. Tankha (2022-28) (2022-2028)","Elected MP","Mahila Adhivakta Sangh Prakoshth ke marammat Evam nirman hetu, Jila Adhivakta Sangh Harda, Vidhan Sabha Harda, District Harda (mention in letter no. 3184 at column no.3)","17-Aug-2023","100000","02-Feb-2024"
"1211","Normal/Others","WS/MP106/2023-2024/10666-Purchase of books for public libraries/ digitization of library books","Madhya Pradesh","HARDA(District Collector Harda_IDA)","Shri Vivek K. Tankha (2022-28) (2022-2028)","Elected MP","Jila Adhivakta Sangh Harda ki Library hetu Pustkon ki kharid, Vidhan Sabha Harda, District Harda (mention in letter no. 3184 at column no.1)","17-Aug-2023","50000","01-Mar-2024"
"1212","Normal/Others","WS/MP106/2023-2024/10670-Purchase of non-conventional energy system and devices for community use","Madhya Pradesh","HARDA(District Collector Harda_IDA)","Shri Vivek K. Tankha (2022-28) (2022-2028)","Elected MP","Jila Adhivakta Sangh Harda ke Adhivakta Sangh Prakoshthke liye Solar Panel lagane hetu, Vidhan Sabha Harda, District Harda (mention in letter no. 3184 at column no.5)","17-Aug-2023","300000","01-Mar-2024"
"1213","Normal/Others","WS/MP107/2023-2024/90553-Development of playfields and sports grounds","Madhya Pradesh","KATNI(District Collector Katni_IDA)","Smt. Sumitra Balmik (2022-28) (2022-2028)","Elected MP","Construction of playfield and Playground","28-Jan-2024","1499931","15-Feb-2024"
"1214","Normal/Others","NA-Construction of additional rooms and halls in the existing public and community building","Madhya Pradesh","KATNI(District Collector Katni_IDA)","Shri Vivek K. Tankha (2022-28) (2022-2028)","Elected MP","Jila Adhivakta Sangh Katni me Mahila Adhivaktao hetu atirikt Kaksh evam Shouchalaya nirman ke liye, Katni","18-Jun-2026","500000","NA"
"1215","Normal/Others","WS/MP106/2023-2024/20275-Installing hand pumps","Madhya Pradesh","KATNI(District Collector Katni_IDA)","Shri Vivek K. Tankha (2022-28) (2022-2028)","Elected MP","1 nag Handpump Khanan, Sudarshan samaj Bhavan ke pas, ward no.4, vidhan sabha Katni, district Katni (mention in letter no.3238 at column no.1)","14-Sep-2023","120000","15-Mar-2024"
"1216","Normal/Others","WS/MP106/2023-2024/20277-Installing hand pumps","Madhya Pradesh","KATNI(District Collector Katni_IDA)","Shri Vivek K. Tankha (2022-28) (2022-2028)","Elected MP","1 nag Handpump Khanan, Gram panchayat Kailawara Khurd, Janpad Panchayat Katni, District Katni (mention in letter no.3238 at column no.2)","14-Sep-2023","120000","16-Feb-2024"
"1217","Normal/Others","WS/MP106/2023-2024/122847-Construction of roads, link roads, pathways or any other road with or without drainage system","Madhya Pradesh","KATNI(District Collector Katni_IDA)","Shri Vivek K. Tankha (2022-28) (2022-2028)","Elected MP","Gram Panchayat Simariya, Janpad Panchayat Dhimarkheda me main road se Girani Choudhary ke ghar ki aor CC Road nirman kary, Katni","07-Mar-2024","300000","14-Mar-2024"
"1218","Normal/Others","WS/MP106/2023-2024/3363-Construction of roads, link roads, pathways or any other road with or without drainage system","Madhya Pradesh","KATNI(District Collector Katni_IDA)","Shri Vivek K. Tankha (2022-28) (2022-2028)","Elected MP","Gram Panchayat Punchhi, Janpad Panchayat & Vikaskhand Katni main Aloki Pahad ke pas Samudayik Bhavan parisar me Paver Block Lagane hetu, Vidhansabha Murwara Katni, District Katni","12-Jul-2023","193092","19-Feb-2024"
"1219","Normal/Others","WS/MP106/2023-2024/20278-Purchase of mobile water tankers","Madhya Pradesh","KATNI(District Collector Katni_IDA)","Shri Vivek K. Tankha (2022-28) (2022-2028)","Elected MP","1 number water tanker capacity 5500 leter with 9.00X16 number new tyres tubes for Gram panchayat Dithwara, Janpad Panchayat Katni, vidhan sabha 93-Mudwara Katni, District Katni (mention in letter no.3238 at column no.3)","14-Sep-2023","156500","19-Feb-2024"
"1220","Normal/Others","WS/MP107/2023-2024/90552-Construction of culverts and bridges","Madhya Pradesh","KATNI(District Collector Katni_IDA)","Smt. Sumitra Balmik (2022-28) (2022-2028)","Elected MP","Construction of Culvert","28-Jan-2024","1500000","15-Feb-2024"
"1221","Normal/Others","WS/MP18362/2025-2026/213598-Construction of culverts and bridges","Madhya Pradesh","NEEMUCH(District Collector Neemuch_IDA)","Shri Banshilal Gurjar (2024-30) (2024-2030)","Elected MP","work As attached letter","01-Jul-2025","500000","24-Nov-2025"
"1222","Normal/Others","WS/MP18362/2025-2026/190014-Construction of additional rooms and halls in the existing public and community building","Madhya Pradesh","NEEMUCH(District Collector Neemuch_IDA)","Shri Banshilal Gurjar (2024-30) (2024-2030)","Elected MP","take action as per the instructions in the attached letter.","09-Apr-2025","800000","21-Jul-2025"
"1223","Normal/Others","NA-Construction of common work sheds/ common covered sitting area","Madhya Pradesh","NEEMUCH(District Collector Neemuch_IDA)","Shri Banshilal Gurjar (2024-30) (2024-2030)","Elected MP","Construction of a community tin shed near the school in Village Pirana, Bamori (refer to attached letter).","27-Jul-2026","800000","NA"
"1224","Normal/Others","WS/MP106/2023-2024/16113-Construction of common work sheds/ common covered sitting area","Madhya Pradesh","RATLAM(District Collector Ratlam_IDA)","Shri Vivek K. Tankha (2022-28) (2022-2028)","Elected MP","Nagar Panchayt parishd Alot, Ratlam M.P. main Shri Khedapati Hanuman Mandir ke pas Teen Shade nirman hetu, Vidhan sabha Alot, District Ratlam","04-Sep-2023","500000","13-Dec-2023"
"1225","Normal/Others","WS/MP106/2023-2024/124182-Installing tube-wells and borewells","Madhya Pradesh","RATLAM(District Collector Ratlam_IDA)","Shri Vivek K. Tankha (2022-28) (2022-2028)","Elected MP","Ek nag Borewell Khanan, Sarvey Kramank 391, Gram Nagdi, Gram Panchayat Neeman, Janpad Panchayat Jaora, Vidhansabha Alot, Ratlam (mention in letter no. 2505 at column no. 2)","10-Mar-2024","250000","15-Mar-2024"
"1226","Normal/Others","WS/MP18297/2026-2027/294757-Installing tube-wells and borewells","Madhya Pradesh","RATLAM(District Collector Ratlam_IDA)","Shri Balyogi Umeshnath (2024-30) (2024-2030)","Elected MP","Gram karwakhedi janpad alot me nathji ashram ke pass shaskiya bhumi per peyjal hetu nalkoop khanan moterpump starter kebal sahit","13-Jul-2026","250000","06-Aug-2026"
"1227","Normal/Others","WS/MP18297/2026-2027/294758-Construction of roads, link roads, pathways or any other road with or without drainage system","Madhya Pradesh","RATLAM(District Collector Ratlam_IDA)","Shri Balyogi Umeshnath (2024-30) (2024-2030)","Elected MP","Gram panchayat karwa khedi janpad alot nathji ashram se MPEB road tak cement concrit road nirman","13-Jul-2026","2000000","10-Aug-2026"
"1228","Normal/Others","WS/MP107/2026-2027/283883-Construction of roads, link roads, pathways or any other road with or without drainage system","Madhya Pradesh","SEONI(District Collector Seoni_IDA)","Smt. Sumitra Balmik (2022-28) (2022-2028)","Elected MP","Construction of Connecting road from village surai to bharga","26-May-2026","1800000","24-Jun-2026"
"1229","Normal/Others","WS/MP107/2026-2027/283921-Construction of roads, link roads, pathways or any other road with or without drainage system","Madhya Pradesh","SEONI(District Collector Seoni_IDA)","Smt. Sumitra Balmik (2022-28) (2022-2028)","Elected MP","Construction of Connecting road in Village Sirmangani towards village nivari tola","26-May-2026","2000000","21-Jun-2026"
"1230","Normal/Others","WS/MP107/2025-2026/192448-Construction of culverts and bridges","Madhya Pradesh","SEONI(District Collector Seoni_IDA)","Smt. Sumitra Balmik (2022-28) (2022-2028)","Elected MP","Culvert construction work Dhupgata Nala near Indra Kumar farm in village Aamai","25-Apr-2025","2000000","19-Jun-2025"
"1231","Normal/Others","WS/MP107/2024-2025/132884-Construction of culverts and bridges","Madhya Pradesh","SEONI(District Collector Seoni_IDA)","Smt. Sumitra Balmik (2022-28) (2022-2028)","Elected MP","Construction of culvert on road connecting village londa to village bhama","30-Jun-2024","1000000","30-Jul-2024"
"1232","Normal/Others","WS/MP107/2024-2025/132885-Construction of culverts and bridges","Madhya Pradesh","SEONI(District Collector Seoni_IDA)","Smt. Sumitra Balmik (2022-28) (2022-2028)","Elected MP","Construction of culvert on main road to bhichuwa tola","30-Jun-2024","1000000","29-Jul-2024"
"1233","Normal/Others","WS/MP107/2025-2026/192444-Renovation of ponds and lakes","Madhya Pradesh","SEONI(District Collector Seoni_IDA)","Smt. Sumitra Balmik (2022-28) (2022-2028)","Elected MP","Construction work of bathing ghat in the pond, Gram Panchayat Karanpur, Janpad Panchayat Lakhanadon, Seoni","25-Apr-2025","2500000","09-Jun-2025"
"1234","Normal/Others","WS/MP107/2026-2027/283878-Construction of culverts and bridges","Madhya Pradesh","SEONI(District Collector Seoni_IDA)","Smt. Sumitra Balmik (2022-28) (2022-2028)","Elected MP","Construction of Culvert in the Village Karanpur near the house of Shivanandan","26-May-2026","1200000","21-Jun-2026"
"1235","Normal/Others","WS/MP107/2024-2025/158727-Construction of public staircase/ stair ghat for public convenience","Madhya Pradesh","SEONI(District Collector Seoni_IDA)","Smt. Sumitra Balmik (2022-28) (2022-2028)","Elected MP","Construction work of public ghat on the pond of village Kasai","14-Dec-2024","1500000","22-Jan-2025"
"1236","Normal/Others","WS/MP107/2024-2025/158728-Construction of public staircase/ stair ghat for public convenience","Madhya Pradesh","SEONI(District Collector Seoni_IDA)","Smt. Sumitra Balmik (2022-28) (2022-2028)","Elected MP","Construction work of public  ghat on Juwan river in village Kosamghat","14-Dec-2024","1500000","20-Jan-2025"
"1237","Normal/Others","WS/MP107/2025-2026/192446-Construction of roads, link roads, pathways or any other road with or without drainage system","Madhya Pradesh","SEONI(District Collector Seoni_IDA)","Smt. Sumitra Balmik (2022-28) (2022-2028)","Elected MP","G.S.B. Road construction work Gram Panchayat Sirmangani Janpad Panchayat Lakhanadon Seoni","25-Apr-2025","2500000","15-May-2025"
"1238","Normal/Others","NA-Purchase of books and periodicals for libraries/digitization of library books","Madhya Pradesh","SEONI(District Collector Seoni_IDA)","Shri Vivek K. Tankha (2022-28) (2022-2028)","Elected MP","Adhivakta Sangh Lakhnadon, Jila Seoni sthit Pustakalaya ke liye pustaken kray hetu, Seoni (mention in letter no.4309 at column no.1)","30-Mar-2026","25000","NA"
"1239","Normal/Others","WS/MP107/2025-2026/192447-Construction of boundary walls of existing public and community buildings","Madhya Pradesh","SEONI(District Collector Seoni_IDA)","Smt. Sumitra Balmik (2022-28) (2022-2028)","Elected MP","Boundary wall construction work near Sabhamanch premises, Village Pahargarh","25-Apr-2025","1500000","19-Jun-2025"
"1240","Normal/Others","NA-Construction of additional rooms and halls in the existing public and community building","Madhya Pradesh","SEONI(District Collector Seoni_IDA)","Shri Vivek K. Tankha (2022-28) (2022-2028)","Elected MP","Jila Adhivakta Sangh Seoni me Atirikt Kaksh nirman hetu, Seoni","30-Mar-2026","1000000","NA"
"1241","Normal/Others","NA-Construction of additional rooms and halls in the existing public and community building","Madhya Pradesh","SEONI(District Collector Seoni_IDA)","Shri Vivek K. Tankha (2022-28) (2022-2028)","Elected MP","Adhivakta Sangh Lakhnadon, Jila Seoni me Mahila Bar Room me Sauchalaya niran hetu, Seoni (mention in letter no.4309 at column no.2)","30-Mar-2026","1000000","NA"
"1242","Normal/Others","NA-Construction of additional rooms and halls in the existing public and community building","Madhya Pradesh","SEONI(District Collector Seoni_IDA)","Shri Vivek K. Tankha (2022-28) (2022-2028)","Elected MP","Gram Panchayat Ghansaur, Janpad Panchayat Ghansaur me Adhivakta Sangh me Atirikt Kaksh nirman hetu, Seoni","30-Mar-2026","300000","NA"
"1243","Normal/Others","WS/MP106/2025-2026/192684-Construction of additional rooms and halls in the existing public and community building","Madhya Pradesh","SEONI(District Collector Seoni_IDA)","Shri Vivek K. Tankha (2022-28) (2022-2028)","Elected MP","Gram Panchayat Ghansaur, janpad Panchayat Ghansaur main Sthit Adhivakta Baithak hetu Flooring sahit Atirikt Kaksh nirman, District Seoni","19-Apr-2025","300000","27-Oct-2025"
"1244","Normal/Others","WS/MP106/2023-2024/3369-Crematoriums/energy efficient crematoriums or structures on burial/cremation ground","Madhya Pradesh","SEONI(District Collector Seoni_IDA)","Shri Vivek K. Tankha (2022-28) (2022-2028)","Elected MP","Gram Panchayat Ghansaur, Janpad Ghansaur main sthit Shamshan Ghat main Dhancha, vidhansabha Lakhnadaon, District Seoni (letter no 3058/23 ke column no. 1 main sthit)","12-Jul-2023","200000","28-Feb-2024"
"1245","Normal/Others","WS/MP106/2023-2024/3370-Construction of community centers and community halls","Madhya Pradesh","SEONI(District Collector Seoni_IDA)","Shri Vivek K. Tankha (2022-28) (2022-2028)","Elected MP","Gram Panchayat Beohari, Janpad Ghansaur main sthit Gau ghat main Samudayik Bhavan ka nirman, Vidhansabha Lakhnadaon, District Seoni (letter no 3058/23 main Column no 2 par sthit)","12-Jul-2023","300000","28-Feb-2024"
"1246","Normal/Others","NA-Construction of public staircase/ stair ghat for public convenience","Madhya Pradesh","SEONI(District Collector Seoni_IDA)","Shri Vivek K. Tankha (2022-28) (2022-2028)","Elected MP","Gram Panchayat Bamhodi, Janpad Panchayat Seoni ke Gram Bamhodi me Bainganga Nadi ke pas Ghat me Sidhi (Ghat Nirman) Hetu, Seoni","30-Mar-2026","1500000","NA"
"1247","Bar and Associations","NA-Purchase Books for Library","Madhya Pradesh","SEONI(District Collector Seoni_IDA)","Shri Vivek K. Tankha (2022-28) (2022-2028)","Elected MP","Adhivakta Sangh Ghansaur, Janpad Panchayat Ghansaur, Tehsil Ghansaur, Jila Seoni Library ke liye Pustako ki Kharid hetu","11-Feb-2026","25000","NA"
"1248","Normal/Others","WS/MP106/2026-2027/258839-Purchase of hospital equipment","Madhya Pradesh","SHAHDOL(District Collector Shahdol_IDA)","Shri Vivek K. Tankha (2022-28) (2022-2028)","Elected MP","Jila Chikitsalay Sahdol me 1 Nag Hemodialysis machine with RO Plant, Sanlgn Vishesh Varnan (Specification) ke sath, 1 Varsh ki warranty evam Sabhi Karon sahit, Shahdol","12-Jan-2026","1050000","14-May-2026"
"1249","Trust and Society","WS/MP107/2025-2026/250288-Construction of rooms and halls in school and colleges","Madhya Pradesh","SHAHDOL(District Collector Shahdol_IDA)","Smt. Sumitra Balmik (2022-28) (2022-2028)","Elected MP","Construction work of additional room and hall Saraswati High.Secondary School Shahdol","24-Nov-2025","2500000","13-Jan-2026"
"1250","Normal/Others","WS/MP106/2024-2025/16198-Purchase of books for public libraries/ digitization of library books","Madhya Pradesh","SHAJAPUR(District Collector Shajapur_IDA)","Shri Vivek K. Tankha (2022-28) (2022-2028)","Elected MP","Books for library of Abhibhashak Sangh Kalapipal, Vidhan sabha Kalapipal, District Shajapur M.P. (letter no 3222/23 at column no.1)","04-Sep-2023","50000","19-Dec-2024"
"1251","Normal/Others","WS/MP106/2024-2025/16217-Purchase of books for public libraries/ digitization of library books","Madhya Pradesh","SHAJAPUR(District Collector Shajapur_IDA)","Shri Vivek K. Tankha (2022-28) (2022-2028)","Elected MP","Books for library of Abhibhashak Sangh Shujalpur, Vidhan sabha Shujalpur, District Shajapur (letter no. 3223/23 at column no.1)","04-Sep-2023","50000","04-Sep-2024"
"1252","Normal/Others","NA-Construction of community centers and community halls","Madhya Pradesh","SHAJAPUR(District Collector Shajapur_IDA)","Shri Vivek K. Tankha (2022-28) (2022-2028)","Elected MP","Tehsil Shujalpur, Ashok Ward no.1, Imam Chowk ke pas Banjipura me Sanskratik Gatividhiyon ke liye samudayik Bhawan nirman, District Shajapur","07-Feb-2026","500000","NA"
"1253","Normal/Others","WS/MP106/2023-2024/16222-Construction of common work sheds/ common covered sitting area","Madhya Pradesh","SHAJAPUR(District Collector Shajapur_IDA)","Shri Vivek K. Tankha (2022-28) (2022-2028)","Elected MP","Construction of Shade at Abhibhashak Sangh Shujalpur, Vidhan sabha Shujalpur, District Shajapur (letter no. 3223/23 at column no. 2)","04-Sep-2023","500000","16-Mar-2024"
"1254","Normal/Others","NA-Construction of common work sheds/ common covered sitting area","Madhya Pradesh","SHAJAPUR(District Collector Shajapur_IDA)","Shri Vivek K. Tankha (2022-28) (2022-2028)","Elected MP","Construction of Shade for Abhibhashak Sangh Kalapipal, Vidhansabha Kalapipal, District Shajapur M.P. (Letter no. 3222/23 at column no. 2)","04-Sep-2023","500000","NA"
"1255","Normal/Others","WS/MP18297/2025-2026/263028-Construction of common work sheds/ common covered sitting area","Madhya Pradesh","SHAJAPUR(District Collector Shajapur_IDA)","Shri Balyogi Umeshnath (2024-30) (2024-2030)","Elected MP","Gram panchayat tandabordi me samudayik samanya karya shed nirman","29-Jan-2026","1000000","11-Feb-2026"
"1256","Normal/Others","WS/MP107/2023-2024/97909-Construction of roads, link roads, pathways or any other road with or without drainage system","Madhya Pradesh","SHAJAPUR(District Collector Shajapur_IDA)","Smt. Sumitra Balmik (2022-28) (2022-2028)","Elected MP","Construction of CC Road","05-Feb-2024","1500000","26-Feb-2024"
"1257","Normal/Others","WS/MP18362/2025-2026/186050-Construction of roads, link roads, pathways or any other road with or without drainage system","Madhya Pradesh","SHAJAPUR(District Collector Shajapur_IDA)","Shri Banshilal Gurjar (2024-30) (2024-2030)","Elected MP","as attached file","25-Mar-2025","1500000","23-Apr-2025"
"1258","Normal/Others","WS/MP103/2023-2024/34537-Construction of roads, link roads, pathways or any other road with or without drainage system","Madhya Pradesh","SHAJAPUR(District Collector Shajapur_IDA)","Dr. Kavita Patidar (2022-28) (2022-2028)","Elected MP","Construction of C.C road at Village Behrawal Janpad Kalapipal Dist. Shajapur (MP)","09-Oct-2023","1000000","01-Feb-2024"
"1259","Normal/Others","WS/MP106/2023-2024/10167-Purchase of mobile water tankers","Madhya Pradesh","SHAJAPUR(District Collector Shajapur_IDA)","Shri Vivek K. Tankha (2022-28) (2022-2028)","Elected MP","Gram Panchayat Ganeshpur, Janpad Panchayat Kalapipal hetu 1 water Tanker 5500 Liters watar Capacity with 9.00X16 no. ke new tyre tube sahit, Vidhan sabha 169-Kalapipal, District Shajapur (mention in letter no. 3176 column no.1)","16-Aug-2023","156733","16-Mar-2024"
"1260","Normal/Others","WS/MP106/2023-2024/10169-Purchase of mobile water tankers","Madhya Pradesh","SHAJAPUR(District Collector Shajapur_IDA)","Shri Vivek K. Tankha (2022-28) (2022-2028)","Elected MP","Gram Panchayat Kolwa, Janpad Panchayat Kalapipal hetu 1 water Tanker 5500 Liters watar Capacity with 9.00X16 no. ke new tyre tube sahit, Vidhan sabha 169-Kalapipal, District Shajapur (mention in letter no. 3176 column no.2)","16-Aug-2023","156733","16-Mar-2024"
"1261","Normal/Others","WS/MP106/2023-2024/10170-Purchase of mobile water tankers","Madhya Pradesh","SHAJAPUR(District Collector Shajapur_IDA)","Shri Vivek K. Tankha (2022-28) (2022-2028)","Elected MP","Gram Panchayat Lasu patla, Janpad Panchayat Kalapipal hetu 1 water Tanker 5500 Liters watar Capacity with 9.00X16 no. ke new tyre tube sahit, Vidhan sabha 169-Kalapipal, District Shajapur (mention in letter no. 3176 column no.3)","16-Aug-2023","156733","16-Mar-2024"
"1262","Normal/Others","WS/MP106/2023-2024/10179-Purchase of mobile water tankers","Madhya Pradesh","SHAJAPUR(District Collector Shajapur_IDA)","Shri Vivek K. Tankha (2022-28) (2022-2028)","Elected MP","Gram Panchayat Mandela Khedi , Janpad Panchayat Kalapipal hetu 1 water Tanker 5500 Liters watar Capacity with 9.00X16 no. ke new tyre tube sahit, Vidhan sabha 169-Kalapipal, District Shajapur (mention in letter no. 3176 column no.4)","16-Aug-2023","156733","16-Mar-2024"
"1263","Normal/Others","WS/MP106/2023-2024/10180-Purchase of mobile water tankers","Madhya Pradesh","SHAJAPUR(District Collector Shajapur_IDA)","Shri Vivek K. Tankha (2022-28) (2022-2028)","Elected MP","Gram Panchayat Unchod, Janpad Panchayat Shujalpur hetu 1 water Tanker 5500 Liters watar Capacity with 9.00X16 no. ke new tyre tube sahit, Vidhan sabha 169-Kalapipal, District Shajapur (mention in letter no. 3176 column no.5)","16-Aug-2023","156733","16-Mar-2024"
"1264","Normal/Others","WS/MP106/2023-2024/10191-Purchase of mobile water tankers","Madhya Pradesh","SHAJAPUR(District Collector Shajapur_IDA)","Shri Vivek K. Tankha (2022-28) (2022-2028)","Elected MP","Gram Panchayat Khargonkhurd, Janpad Panchayat Kalapipal hetu 1 water Tanker 5500 Liters watar Capacity with 9.00X16 no. ke new tyre tube sahit, Vidhan sabha 169-Kalapipal, District Shajapur (mention in letter no. 3176 column no.6)","16-Aug-2023","156733","16-Mar-2024"
"1265","Normal/Others","WS/MP103/2024-2025/176797-Purchase of mobile water tankers","Madhya Pradesh","SHAJAPUR(District Collector Shajapur_IDA)","Dr. Kavita Patidar (2022-28) (2022-2028)","Elected MP","Providing GI Water Tanker Capacity 550 Liter Tyre 900X16 in GP Bercha jP Shajapur District Shajapur","21-Feb-2025","160761","10-Mar-2025"
"1266","Normal/Others","WS/MP103/2024-2025/176798-Purchase of mobile water tankers","Madhya Pradesh","SHAJAPUR(District Collector Shajapur_IDA)","Dr. Kavita Patidar (2022-28) (2022-2028)","Elected MP","Providing GI Water Tanker Capacity 550 Liter Tyre 900X16 in GP Dedla JP Shajapur District Shajapur","21-Feb-2025","160761","10-Mar-2025"
"1267","Normal/Others","WS/MP103/2024-2025/176799-Purchase of mobile water tankers","Madhya Pradesh","SHAJAPUR(District Collector Shajapur_IDA)","Dr. Kavita Patidar (2022-28) (2022-2028)","Elected MP","Providing GI Water Tanker Capacity 550 Liter Tyre 900X16 in GP Rulki JP Shajapur District Shajapur","21-Feb-2025","160761","10-Mar-2025"
"1268","Normal/Others","WS/MP103/2024-2025/176800-Purchase of mobile water tankers","Madhya Pradesh","SHAJAPUR(District Collector Shajapur_IDA)","Dr. Kavita Patidar (2022-28) (2022-2028)","Elected MP","Providing GI Water Tanker Capacity 550 Liter Tyre 900X16 in GP Hirpur Teka JP Shajapur District Shajapur","21-Feb-2025","160761","10-Mar-2025"
"1269","Normal/Others","WS/MP103/2024-2025/176801-Purchase of mobile water tankers","Madhya Pradesh","SHAJAPUR(District Collector Shajapur_IDA)","Dr. Kavita Patidar (2022-28) (2022-2028)","Elected MP","Providing GI Water Tanker Capacity 550 Liter Tyre 900X16 in GP Abhaypur JP  Shajapur District Shajapur","21-Feb-2025","160761","10-Mar-2025"
"1270","Normal/Others","WS/MP103/2024-2025/176802-Purchase of mobile water tankers","Madhya Pradesh","SHAJAPUR(District Collector Shajapur_IDA)","Dr. Kavita Patidar (2022-28) (2022-2028)","Elected MP","Providing GI Water Tanker Capacity 550 Liter Tyre 900X16 in GP Satgaon JP  Shajapur District Shajapur","21-Feb-2025","160761","10-Mar-2025"
"1271","Normal/Others","WS/MP103/2024-2025/176803-Purchase of mobile water tankers","Madhya Pradesh","SHAJAPUR(District Collector Shajapur_IDA)","Dr. Kavita Patidar (2022-28) (2022-2028)","Elected MP","Providing GI Water Tanker Capacity 550 Liter Tyre 900X16 in GP Molta JP Shajapur District Shajapur","21-Feb-2025","160761","10-Mar-2025"
"1272","Normal/Others","WS/MP103/2024-2025/176804-Purchase of mobile water tankers","Madhya Pradesh","SHAJAPUR(District Collector Shajapur_IDA)","Dr. Kavita Patidar (2022-28) (2022-2028)","Elected MP","Providing GI Water Tanker Capacity 550 Liter Tyre 900X16 in GP Mewasa JP Shajapur District Shajapur","21-Feb-2025","160761","10-Mar-2025"
"1273","Normal/Others","WS/MP103/2024-2025/176805-Purchase of mobile water tankers","Madhya Pradesh","SHAJAPUR(District Collector Shajapur_IDA)","Dr. Kavita Patidar (2022-28) (2022-2028)","Elected MP","Providing GI Water Tanker Capacity 550 Liter Tyre 900X16 in Gp Burlay JP  Mohan Badodiya District Shajapur","21-Feb-2025","160761","10-Mar-2025"
"1274","Normal/Others","WS/MP103/2024-2025/176806-Purchase of mobile water tankers","Madhya Pradesh","SHAJAPUR(District Collector Shajapur_IDA)","Dr. Kavita Patidar (2022-28) (2022-2028)","Elected MP","Providing GI Water Tanker Capacity 550 Liter Tyre 900X16 in Gp Dupada JP  Mohan Badodiya District Shajapur","21-Feb-2025","160761","10-Mar-2025"
"1275","Normal/Others","WS/MP103/2024-2025/176807-Purchase of mobile water tankers","Madhya Pradesh","SHAJAPUR(District Collector Shajapur_IDA)","Dr. Kavita Patidar (2022-28) (2022-2028)","Elected MP","Providing GI Water Tanker Capacity 550 Liter Tyre 900X16 in GP Bharan bajja JP Shajapur District Shajapur","21-Feb-2025","160761","10-Mar-2025"
"1276","Normal/Others","WS/MP103/2024-2025/176814-Purchase of mobile water tankers","Madhya Pradesh","SHAJAPUR(District Collector Shajapur_IDA)","Dr. Kavita Patidar (2022-28) (2022-2028)","Elected MP","Providing GI Water tanker Capacity 5500 Liter Tyre 900X16 in GP Khoriya Hema JP Moman Badodiya District shajapur","21-Feb-2025","160761","10-Mar-2025"
"1277","Normal/Others","WS/MP103/2024-2025/176815-Purchase of mobile water tankers","Madhya Pradesh","SHAJAPUR(District Collector Shajapur_IDA)","Dr. Kavita Patidar (2022-28) (2022-2028)","Elected MP","Providing GI Water tanker Capacity 5500 Liter Tyre 900X16 in GP Kadula JP Moman Badodiya District Shajapur","21-Feb-2025","160761","10-Mar-2025"
"1278","Normal/Others","NA-Purchase of mobile water tankers","Madhya Pradesh","SHAJAPUR(District Collector Shajapur_IDA)","Shri Vivek K. Tankha (2022-28) (2022-2028)","Elected MP","Ek nag water Tanker, Capacity 5500 Liter 900X16 number ke naye tyre tube sahit, Gram Panchayat Tandabordi, Janpad Panchayat Shajapur hetu, Shajapur","22-Aug-2026","147193","NA"
"1279","Normal/Others","WS/MP18316/2025-2026/255207-Construction of roads, link roads, pathways or any other road with or without drainage system","Madhya Pradesh","SHAJAPUR(District Collector Shajapur_IDA)","Smt. Maya Naroliya (2024-30) (2024-2030)","Elected MP","Gram Makodi mein bazar chowk tak CC road nirman","02-Jan-2026","1000000","29-Jan-2026"
"1280","Normal/Others","WS/MP103/2024-2025/117425-Lighting of public spaces","Madhya Pradesh","SHAJAPUR(District Collector Shajapur_IDA)","Dr. Kavita Patidar (2022-28) (2022-2028)","Elected MP","Solar High brid LED High Mast (Solar Street Light in ) 24 watt X4 No. 7 Meter Pole Sthapna in GP Berchha  District  Shajapur","29-Feb-2024","482500","23-Jul-2024"
"1281","Normal/Others","NA-Construction of buildings for community cultural activities","Madhya Pradesh","SHEOPUR(District Collector Sheopur_IDA)","Shri Ashok Singh (2024-30) (2024-2030)","Elected MP","Construction of Building Dist. Sheopur, Madhya Pradesh","27-May-2025","500000","NA"
"1282","Normal/Others","WS/MP18284/2026-2027/279740-Construction of boundary walls of existing public and community buildings","Madhya Pradesh","SHIVPURI(District Collector Shivpuri_IDA)","Shri Ashok Singh (2024-30) (2024-2030)","Elected MP","Construction of boundary walls of Muktidham Gram Patewari gram Panchayat Patewari janpad panchayat pohari district shivpuri","06-May-2026","500000","27-Jul-2026"
"1283","Normal/Others","WS/MP107/2025-2026/195530-Construction of bus-sheds or bus-stops","Madhya Pradesh","SHIVPURI(District Collector Shivpuri_IDA)","Smt. Sumitra Balmik (2022-28) (2022-2028)","Elected MP","Installation work of fabricated passenger Waiting room in Gram panchyat  Mudheri, Lalgarh,Bhangarh,Karsena, Tanpur, Bhaw khedi,Khorghar, Sikrawada, Kunwarpur,Khajuri Of Janpad Panchayat Shivpuri Of Shivpuri District","30-Apr-2025","2599420","12-Jun-2025"
"1284","Normal/Others","NA-Purchase of mobile water tankers","Madhya Pradesh","SHIVPURI(District Collector Shivpuri_IDA)","Shri Ashok Singh (2024-30) (2024-2030)","Elected MP","Purchase of mobile water tanker GI Water Tanker mounted on two wheel tractor trailor capacity 5500 liter and 900by16 new tyres","06-Jul-2026","199604","NA"
"1285","Normal/Others","WS/MP18284/2026-2027/279706-Construction of community centers and community halls","Madhya Pradesh","SHIVPURI(District Collector Shivpuri_IDA)","Shri Ashok Singh (2024-30) (2024-2030)","Elected MP","Construction of community halls at Gram Lokhari Aadhiwasi Majra Jhalmada gram panchayat prasari janpad panchayat pohari district shivpuri","06-May-2026","500000","09-Jul-2026"
"1286","Normal/Others","WS/MP18284/2025-2026/257600-Construction of roads, link roads, pathways or any other road with or without drainage system","Madhya Pradesh","SHIVPURI(District Collector Shivpuri_IDA)","Shri Ashok Singh (2024-30) (2024-2030)","Elected MP","Construction CC Road at Harijan basti Dulahara to Mohan singh Yadav house gram Panchayat  Saparwada janpad Panchayat Pohari District Gwalior Madhya Pradesh","06-Jan-2026","250000","31-Mar-2026"
"1287","Normal/Others","NA-Construction of rainwater harvesting structures","Madhya Pradesh","SHIVPURI(District Collector Shivpuri_IDA)","Shri Ashok Singh (2024-30) (2024-2030)","Elected MP","Construction of ceipage and pond Deepening work at Gram Ganeshpur Gram Panchayat Kakrao Janpad Panchayat Pohari District Shivpuri","11-May-2026","500000","NA"
"1288","Normal/Others","WS/MP18316/2025-2026/185881-Construction of roads, link roads, pathways or any other road with or without drainage system","Madhya Pradesh","VIDISHA(District Collector Vidisha_IDA)","Smt. Maya Naroliya (2024-30) (2024-2030)","Elected MP","Gram Newli me Malaniya road se kheto ki aur sampark sadak nirman","05-Apr-2025","700000","05-May-2025"
"1289","Normal/Others","WS/MP103/2025-2026/182745-Construction of roads, link roads, pathways or any other road with or without drainage system","Madhya Pradesh","VIDISHA(District Collector Vidisha_IDA)","Dr. Kavita Patidar (2022-28) (2022-2028)","Elected MP","CC Road from NABARD road to Karondiya connecting road in GP AAMKHEDA KALU JP NATERAN DISTRICT VIDISHA","22-Mar-2025","1000000","02-May-2025"
"1290","Normal/Others","WS/MP106/2024-2025/154253-Construction of roads, link roads, pathways or any other road with or without drainage system","Madhya Pradesh","VIDISHA(District Collector Vidisha_IDA)","Shri Vivek K. Tankha (2022-28) (2022-2028)","Elected MP","Gram Dhobi Kheda, Gram Panchayat Dhobi Kheda, Janpad Panchayat Nateran main Bade Kuan se CC Road nirman kary, District Vidisha","23-Nov-2024","500000","19-Dec-2024"
"1291","Normal/Others","WS/MP18316/2024-2025/166075-Construction of roads, link roads, pathways or any other road with or without drainage system","Madhya Pradesh","VIDISHA(District Collector Vidisha_IDA)","Smt. Maya Naroliya (2024-30) (2024-2030)","Elected MP","Gram Nenwas kalan main Gopal singh ke ghar se school ki aur sampark sadak nirman","17-Jan-2025","1000000","20-Mar-2025"
"1292","Normal/Others","WS/MP106/2024-2025/150899-Construction of culverts and bridges","Madhya Pradesh","VIDISHA(District Collector Vidisha_IDA)","Shri Vivek K. Tankha (2022-28) (2022-2028)","Elected MP","Gram Dhobi Kheda, Gram Panchayat Dhobi Kheda, Janpad Panchayat Nateran main Nale ke pas Puliya nirman hetu, District Vidisha","05-Nov-2024","700000","19-Dec-2024"
"1293","Normal/Others","WS/MP106/2024-2025/3360-Construction of community centers and community halls","Madhya Pradesh","VIDISHA(District Collector Vidisha_IDA)","Shri Vivek K. Tankha (2022-28) (2022-2028)","Elected MP","Gram Kasba Bagrod ki gram panchayat Kasba Bagrod me Samudayik Bhavan ka Nirman, Vidhan Sabha Ganj Basoda, District Vidisha","12-Jul-2023","300000","13-Jun-2024"
"1294","Normal/Others","NA-Construction of buildings for community cultural activities","Madhya Pradesh","VIDISHA(District Collector Vidisha_IDA)","Dr. L. Murugan (2024-30) (2024-2030)","Elected MP","construction on manglik bhawan near hanuman mandir","16-Jul-2025","1000000","NA"
"1295","Normal/Others","WS/MP106/2026-2027/259690-Installing tube-wells and borewells","Madhya Pradesh","MAUGANJ(District Collector Mauganj_IDA)","Shri Vivek K. Tankha (2022-28) (2022-2028)","Elected MP","Ek Nag Borewell Khanan, Gram Panchayat Dagdaua no.1, Janpad Panchayat Mauganj ke gram Dagdaua sthit Model Evergreen Schol ke pas, Mauganj","18-Jan-2026","130000","14-Apr-2026"
"1296","Normal/Others","NA-Construction of public staircase/ stair ghat for public convenience","Madhya Pradesh","MAUGANJ(District Collector Mauganj_IDA)","Shri Vivek K. Tankha (2022-28) (2022-2028)","Elected MP","Gram panchayat Ghughari, Vikaskhand Mauganj sthit Nanda Talab me Ghat nirman (Sidhi nirman) evam Paver Block lagane hetu, Mauganj","28-Mar-2026","1035000","NA"
"1297","Normal/Others","NA-Construction of roads, link roads, pathways or any other road with or without drainage system","Madhya Pradesh","MAUGANJ(District Collector Mauganj_IDA)","Shri Vivek K. Tankha (2022-28) (2022-2028)","Elected MP","Gram Panchayat Sagahan Kalan, Janpad Panchayat Hanumana ke gram Dubgawan main Baijnath Kushwaha ke ghar se Beriha pahuch marg tak Grebal Road nirman, Mauganj","27-Oct-2025","500000","NA"
"1298","Normal/Others","NA-Construction of roads, link roads, pathways or any other road with or without drainage system","Madhya Pradesh","AGRA(DISTRICT MAGISTRAE AGRA_IDA)","Smt. Sumitra Balmik (2022-28) (2022-2028)","Elected MP","Construction of CC Road","09-Feb-2024","2498206","NA"
"1299","Normal/Others","NA-Installing tube-wells and borewells","Madhya Pradesh","BILASPUR(DISTRICT COLLECTOR BILASPUR_IDA)","Shri Vivek K. Tankha (2022-28) (2022-2028)","Elected MP","Ek nag Borewell Khanan, Ward no.56 Vijay Nagar, Chantidih Pathan para Slam area main, Bilaspur (mention in letter no. 3539 at column no.1)","07-Mar-2024","174609","NA"
"1300","Normal/Others","NA-Installing tube-wells and borewells","Madhya Pradesh","BILASPUR(DISTRICT COLLECTOR BILASPUR_IDA)","Shri Vivek K. Tankha (2022-28) (2022-2028)","Elected MP","Ek nag Borewell Khanan, Ward no.26 Ramjani baba Mazar ke pas Buddh gali main, Bilaspur (mention in letter no. 3539 at column no.2)","07-Mar-2024","174572","NA"
"1301","Normal/Others","NA-Installing community drinking water plants","Madhya Pradesh","AGRA(DISTRICT MAGISTRAE AGRA_IDA)","Smt. Sumitra Balmik (2022-28) (2022-2028)","Elected MP","Installation of a submersible pump with a tank at a public site near Ramnivas's house in village Hansmukh of Gram Panchayat Rampur, Development Block Fatehabad","13-Dec-2024","263200","NA"
"1302","Normal/Others","NA-Installing community drinking water plants","Madhya Pradesh","AGRA(DISTRICT MAGISTRAE AGRA_IDA)","Smt. Sumitra Balmik (2022-28) (2022-2028)","Elected MP","Installation of a submersible pump with a tank at a public site near Gyan Singh, son of Ratiram's house, in village Dhariya of Gram Panchayat Rampur, Development Block Fatehabad","13-Dec-2024","263200","NA"
"1303","Normal/Others","NA-Installing community drinking water plants","Madhya Pradesh","AGRA(DISTRICT MAGISTRAE AGRA_IDA)","Smt. Sumitra Balmik (2022-28) (2022-2028)","Elected MP","Installation of a submersible pump with a tank at a public site near Bhuri Singh's house in village Bilaipura of Gram Panchayat Chamroli, Development Block Fatehabad","13-Dec-2024","263200","NA"
"1304","Normal/Others","NA-Installing community drinking water plants","Madhya Pradesh","AGRA(DISTRICT MAGISTRAE AGRA_IDA)","Smt. Sumitra Balmik (2022-28) (2022-2028)","Elected MP","Installation of a submersible pump with a tank at a public site near Poorn Singh, son of Sammed Singh's house, in village Nagla Behar of Gram Panchayat Mewli Kalan, Development Block Fatehabad","13-Dec-2024","263200","NA"
"1305","Normal/Others","NA-Installing community drinking water plants","Madhya Pradesh","AGRA(DISTRICT MAGISTRAE AGRA_IDA)","Smt. Sumitra Balmik (2022-28) (2022-2028)","Elected MP","Installation of a submersible pump with a tank at a public site near Lakhendra, son of Prem Singh Thakur's house, at Anki Chauraha in Gram Panchayat Mewli Kalan, Development Block Fatehabad","13-Dec-2024","263200","NA"
"1306","Normal/Others","NA-Installing community drinking water plants","Madhya Pradesh","AGRA(DISTRICT MAGISTRAE AGRA_IDA)","Smt. Sumitra Balmik (2022-28) (2022-2028)","Elected MP","Installation of a submersible pump with a tank at a public site near Bhopal, son of Jawahar Singh's house, in village Nagla Behar of Gram Panchayat Mewli Kalan, Development Block Fatehabad","13-Dec-2024","263200","NA"
"1307","Normal/Others","NA-Installing community drinking water plants","Madhya Pradesh","AGRA(DISTRICT MAGISTRAE AGRA_IDA)","Smt. Sumitra Balmik (2022-28) (2022-2028)","Elected MP","Installation of a submersible pump with a tank at a public site near Mangal Singh's house in village Nagla Behar of Gram Panchayat Mewli Kalan, Development Block Fatehabad","13-Dec-2024","263200","NA"
"1308","Normal/Others","NA-Installing community drinking water plants","Madhya Pradesh","AGRA(DISTRICT MAGISTRAE AGRA_IDA)","Smt. Sumitra Balmik (2022-28) (2022-2028)","Elected MP","Installation of a submersible pump with a tank at a public site near Thana Singh's house in village Nagla Behar of Gram Panchayat Mewli Kalan, Development Block Fatehabad","13-Dec-2024","263200","NA"
"1309","Normal/Others","NA-Installing community drinking water plants","Madhya Pradesh","AGRA(DISTRICT MAGISTRAE AGRA_IDA)","Smt. Sumitra Balmik (2022-28) (2022-2028)","Elected MP","Installation of a submersible pump with a tank at a public site near Jagdish Singh's house in village Nagla Behar of Gram Panchayat Mewli Kalan, Development Block Fatehabad","13-Dec-2024","263200","NA"
"1310","Normal/Others","NA-Installing community drinking water plants","Madhya Pradesh","AGRA(DISTRICT MAGISTRAE AGRA_IDA)","Smt. Sumitra Balmik (2022-28) (2022-2028)","Elected MP","Installation of a submersible pump with a tank at a public site near Hotam Singh's house in village Chokhelal of Gram Panchayat Rampur, Development Block Fatehabad","13-Dec-2024","263200","NA"
"1311","Normal/Others","NA-Construction of additional rooms and halls in the existing public and community building","Madhya Pradesh","KAITHAL(DC CUM NODAL OFFICERS MPLADS)","Shri Vivek K. Tankha (2022-28) (2022-2028)","Elected MP","Nagar Plaika / Nagar Parishad Kaithal, Ward no.30 main Francewala Road main sthit Sarvjanik Jogi Dharmshala main Hall, Snanghar evam Shauchalaya ke nirman hetu, District Kaithal","17-Dec-2024","1000000","NA"
"1312","Normal/Others","NA-Construction of additional rooms and halls in the existing public and community building","Madhya Pradesh","KAITHAL(DC CUM NODAL OFFICERS MPLADS)","Shri Vivek K. Tankha (2022-28) (2022-2028)","Elected MP","Nagar Plaika / Nagar Parishad Kaithal, Ward no.30 main Dogra Gate sthit Sarvjanik Balmiki Dharmshala main Atirikt Kaksh evam Shauchalaya ke nirman hetu, District Kaithal (Mention in letter no. 3866 at column no.1)","17-Dec-2024","250000","NA"
"1313","Normal/Others","NA-Construction of additional rooms and halls in the existing public and community building","Madhya Pradesh","KAITHAL(DC CUM NODAL OFFICERS MPLADS)","Shri Vivek K. Tankha (2022-28) (2022-2028)","Elected MP","Nagar Plaika / Nagar Parishad Kaithal, Ward no.28 main Sarvjanik Kuti Dharmshala ke samanya Chopal main Atirikt Kaksh ke nirman hetu, District Kaithal (Mention in letter no. 3866 at column no.2)","17-Dec-2024","250000","NA"
"1314","Normal/Others","NA-Installation of fixed garden gym equipment","Madhya Pradesh","KAITHAL(DC CUM NODAL OFFICERS MPLADS)","Shri Ashok Singh (2024-30) (2024-2030)","Elected MP","Construction of Open Gym at Panchayt Land of Nawach Village","03-Jan-2025","350000","NA"
"1315","Normal/Others","NA-Installation of fixed garden gym equipment","Madhya Pradesh","KAITHAL(DC CUM NODAL OFFICERS MPLADS)","Shri Ashok Singh (2024-30) (2024-2030)","Elected MP","Construction  of Open Gym at Khurana Village in Panchayt Herbal Park","03-Jan-2025","350000","NA"
"1316","Normal/Others","NA-Installation of fixed garden gym equipment","Madhya Pradesh","KAITHAL(DC CUM NODAL OFFICERS MPLADS)","Shri Ashok Singh (2024-30) (2024-2030)","Elected MP","Construction of Open Gym at Manas Village in Panchayt Sport Stadium","03-Jan-2025","350000","NA"
"1317","Normal/Others","NA-Installation of fixed garden gym equipment","Madhya Pradesh","KAITHAL(DC CUM NODAL OFFICERS MPLADS)","Shri Ashok Singh (2024-30) (2024-2030)","Elected MP","Construction of Open Gym at Panchayat Akhad of Baba Ladana Village in the name of Baba Balak Nath","03-Jan-2025","350000","NA"
"1318","Normal/Others","NA-Installation of fixed garden gym equipment","Madhya Pradesh","KAITHAL(DC CUM NODAL OFFICERS MPLADS)","Shri Ashok Singh (2024-30) (2024-2030)","Elected MP","Construction of Open Gym at Budhakhera Village Panchayt Park (Near Bus Stand)","03-Jan-2025","350000","NA"
"1319","Normal/Others","NA-Installation of fixed garden gym equipment","Madhya Pradesh","KAITHAL(DC CUM NODAL OFFICERS MPLADS)","Shri Ashok Singh (2024-30) (2024-2030)","Elected MP","Construction of Open Gym at Sanghan Panchayt Ground (Near Sangatpura Road)","03-Jan-2025","350000","NA"
"1320","Normal/Others","NA-Installation of fixed garden gym equipment","Madhya Pradesh","KAITHAL(DC CUM NODAL OFFICERS MPLADS)","Shri Ashok Singh (2024-30) (2024-2030)","Elected MP","Construction of Open Gym at Guhna Village in Panchayt Herbal Park","03-Jan-2025","350000","NA"
"1321","Normal/Others","NA-Installing tube-wells and borewells","Madhya Pradesh","BILASPUR(DISTRICT COLLECTOR BILASPUR_IDA)","Shri Vivek K. Tankha (2022-28) (2022-2028)","Elected MP","Ek Nag Borewell Khanan Ward no.25 Krantikumari Bhartiya Nagar Peepal Chowk ke pas, Bilaspur (CG) (mention in letter no. 3993 at Column no.1)","24-Mar-2025","175000","NA"
"1322","Normal/Others","NA-Installing tube-wells and borewells","Madhya Pradesh","BILASPUR(DISTRICT COLLECTOR BILASPUR_IDA)","Shri Vivek K. Tankha (2022-28) (2022-2028)","Elected MP","Ek Nag Borewell Khanan Ward no.26 Shaheed Ashphak Ulla Nagar ward Kumhar Para Ansari Gali main, Bilaspur (CG) (mention in letter no. 3993 at Column no.2)","24-Mar-2025","175000","NA"
"1323","Normal/Others","NA-Installing tube-wells and borewells","Madhya Pradesh","BILASPUR(DISTRICT COLLECTOR BILASPUR_IDA)","Shri Vivek K. Tankha (2022-28) (2022-2028)","Elected MP","Ek Nag Borewell Khanan Ward no.26 Shaheed Ashphak Ulla Nagar ward Taiba Chowk ke pas, Bilaspur (CG) (mention in letter no. 3993 at Column no.3)","24-Mar-2025","175000","NA"
"1324","Normal/Others","NA-Lighting of public spaces","Madhya Pradesh","PILIBHIT(DISTRICT MAGISTRAE PILIBHIT_IDA)","Smt. Sumitra Balmik (2022-28) (2022-2028)","Elected MP","Installation of 16 LED Lights in various places in Janpad Pilibhit including Marairi lallorikheda Amriya","21-Aug-2025","4528000","NA"
"1325","Normal/Others","NA-Construction of additional rooms and halls in the existing public and community building","Madhya Pradesh","SOUTH(COMMISSIONER SOUTH)","Shri Vivek K. Tankha (2022-28) (2022-2028)","Elected MP","The Kashmir Education Culture and Science Society registerd no. S-3242, Construction of additional Building for Community and Cultural activities at existing building, B-36, Pamposh enclave, New Delhi","26-Oct-2025","1000000","NA"
"1326","Normal/Others","NA-Lighting of public spaces","Madhya Pradesh","MORADABAD(DISTRICT MAGISTRATE MORADABAD_IDA)","Shri Vivek K. Tankha (2022-28) (2022-2028)","Elected MP","Gram Kasampur urf Naya Gaon, Block Chajlet main Amrit Sarovar Talab ke pas Semi High Must light lagane hetu, District Moradabad (Mention in letter no.4192 at column no.1)","11-Dec-2025","170000","NA"
"1327","Normal/Others","NA-Lighting of public spaces","Madhya Pradesh","MORADABAD(DISTRICT MAGISTRATE MORADABAD_IDA)","Shri Vivek K. Tankha (2022-28) (2022-2028)","Elected MP","Gram Kasampur urf Naya Gaon, Block Chajlet main Kavar Path Chourahe ke pas Semi High Must light lagane hetu, District Moradabad (Mention in letter no.4192 at column no.2)","11-Dec-2025","170000","NA"
"1328","Normal/Others","NA-Lighting of public spaces","Madhya Pradesh","MORADABAD(DISTRICT MAGISTRATE MORADABAD_IDA)","Shri Vivek K. Tankha (2022-28) (2022-2028)","Elected MP","Gram Fatehpur Bisnoi, Block Chajlet main Kabristan ke pas Semi High Must light lagane hetu, District Moradabad (Mention in letter no.4192 at column no.3)","11-Dec-2025","170000","NA"
"1329","Normal/Others","NA-Lighting of public spaces","Madhya Pradesh","MORADABAD(DISTRICT MAGISTRATE MORADABAD_IDA)","Shri Vivek K. Tankha (2022-28) (2022-2028)","Elected MP","Gram Shahpur Alam, Mukarrampur, Block Chajlet main Kabristan ke pas Semi High Must light lagane hetu, District Moradabad (Mention in letter no.4192 at column no.4)","11-Dec-2025","170000","NA"
"1330","Normal/Others","NA-Lighting of public spaces","Madhya Pradesh","MORADABAD(DISTRICT MAGISTRATE MORADABAD_IDA)","Shri Vivek K. Tankha (2022-28) (2022-2028)","Elected MP","Gram Nahtora, Block Dilari main Doctor Shahid ke samne Semi High Must light lagane hetu, District Moradabad (Mention in letter no.4192 at column no.5)","11-Dec-2025","170000","NA"
"1331","Normal/Others","NA-Lighting of public spaces","Madhya Pradesh","MORADABAD(DISTRICT MAGISTRATE MORADABAD_IDA)","Shri Vivek K. Tankha (2022-28) (2022-2028)","Elected MP","Gram Sihali Khaddar, Adalpur Jogiya Sihali, Block Dilari main S N Merriage Hall ke samne Semi High Must light lagane hetu, District Moradabad (Mention in letter no.4192 at column no.6)","11-Dec-2025","170000","NA"
"1332","Normal/Others","NA-Lighting of public spaces","Madhya Pradesh","MORADABAD(DISTRICT MAGISTRATE MORADABAD_IDA)","Shri Vivek K. Tankha (2022-28) (2022-2028)","Elected MP","Gram Sndauli, Block Chhajlet main Kabristan ke pas Semi High Must light lagane hetu, District Moradabad (Mention in letter no.4192 at column no.7)","11-Dec-2025","170000","NA"
"1333","Normal/Others","NA-Lighting of public spaces","Madhya Pradesh","MORADABAD(DISTRICT MAGISTRATE MORADABAD_IDA)","Shri Vivek K. Tankha (2022-28) (2022-2028)","Elected MP","Gram Phoolpur Mithanpur, Block Chhajlet main Kabristan ke pas Semi High Must light lagane hetu, District Moradabad (Mention in letter no.4192 at column no.8)","11-Dec-2025","170000","NA"
"1334","Normal/Others","NA-Construction of community centers and community halls","Madhya Pradesh","BARMER(DISTRICT COLLECTOR BARMER_IDA)","Shri Ashok Singh (2024-30) (2024-2030)","Elected MP","Construction of Naveen Room At Gram Panchayat Gangala Panchayat Samiti Ramsar","07-Mar-2026","600000","NA"
"1335","Repair and Renovation","NA-Construction of common work sheds/ common covered sitting area","Madhya Pradesh","SRI MUKTSAR SAHIB(DEPUTY COMMISSIONER SRI MUKTSAR SAHIB_IDA)","Shri Ashok Singh (2024-30) (2024-2030)","Elected MP","Repair and renovation of village palace","11-Apr-2026","200000","NA"
"1336","Normal/Others","NA-Construction of roads, link roads, pathways or any other road with or without drainage system","Madhya Pradesh","SRI MUKTSAR SAHIB(DEPUTY COMMISSIONER SRI MUKTSAR SAHIB_IDA)","Shri Ashok Singh (2024-30) (2024-2030)","Elected MP","Construction of Street roads","11-Apr-2026","240000","NA"
"1337","Normal/Others","NA-Construction of roads, link roads, pathways or any other road with or without drainage system","Madhya Pradesh","SRI MUKTSAR SAHIB(DEPUTY COMMISSIONER SRI MUKTSAR SAHIB_IDA)","Shri Ashok Singh (2024-30) (2024-2030)","Elected MP","Construction of street road with interlocking tiles at Bhola house","11-Apr-2026","126000","NA"
"1338","Normal/Others","NA-Construction of public irrigation facilities","Madhya Pradesh","SRI MUKTSAR SAHIB(DEPUTY COMMISSIONER SRI MUKTSAR SAHIB_IDA)","Shri Ashok Singh (2024-30) (2024-2030)","Elected MP","Water course Channel","11-Apr-2026","670000","NA"
"1339","Normal/Others","NA-Installing community drinking water plants","Madhya Pradesh","AGRA(DISTRICT MAGISTRAE AGRA_IDA)","Smt. Sumitra Balmik (2022-28) (2022-2028)","Elected MP","In village panchayat Maharajpur of Vikas Khand Fatehabad at Garhi Taal near the house of Suresh Chand son of Hira Singh at a public place submersible pump with tank installation work","27-May-2026","263000","NA"
"1340","Normal/Others","NA-Installing community drinking water plants","Madhya Pradesh","AGRA(DISTRICT MAGISTRAE AGRA_IDA)","Smt. Sumitra Balmik (2022-28) (2022-2028)","Elected MP","In village panchayat Rampur of Vikas Khand Fatehabad near the house of Gurucharan son of Gauniram (Valmiki) at a public place submersible pump with tank installation work","27-May-2026","263000","NA"
"1341","Normal/Others","NA-Installing community drinking water plants","Madhya Pradesh","AGRA(DISTRICT MAGISTRAE AGRA_IDA)","Smt. Sumitra Balmik (2022-28) (2022-2028)","Elected MP","In village panchayat Dhimshri of Vikas Khand Fatehabad at Paitikheda Mod near Ganesh Garden near the house of Chetram Ji at a public place submersible pump with tank installation work","27-May-2026","263000","NA"
"1342","Normal/Others","NA-Installing community drinking water plants","Madhya Pradesh","AGRA(DISTRICT MAGISTRAE AGRA_IDA)","Smt. Sumitra Balmik (2022-28) (2022-2028)","Elected MP","In village panchayat Nibohra of Vikas Khand Fatehabad in Doctorpura near the house of Ramu at a public place submersible pump with tank installation work","27-May-2026","263000","NA"
"1343","Normal/Others","NA-Installing community drinking water plants","Madhya Pradesh","AGRA(DISTRICT MAGISTRAE AGRA_IDA)","Smt. Sumitra Balmik (2022-28) (2022-2028)","Elected MP","In village panchayat Dauki of Vikas Khand Fatehabad at the place of Sarvan Singh (through Patiram Ji) at a public place submersible pump with tank installation work","27-May-2026","263000","NA"
"1344","Normal/Others","NA-Installing community drinking water plants","Madhya Pradesh","AGRA(DISTRICT MAGISTRAE AGRA_IDA)","Smt. Sumitra Balmik (2022-28) (2022-2028)","Elected MP","In village panchayat Rampur of Vikas Khand Fatehabad near the house of Jitendra Singh son of Natthilal at a public place submersible pump with tank installation work","27-May-2026","263000","NA"
"1345","Normal/Others","NA-Installing community drinking water plants","Madhya Pradesh","AGRA(DISTRICT MAGISTRAE AGRA_IDA)","Smt. Sumitra Balmik (2022-28) (2022-2028)","Elected MP","In village panchayat Rampur of Vikas Khand Fatehabad near the house of Hotam Singh son of Bhagwan Singh at a public place submersible pump with tank installation work","27-May-2026","263000","NA"
"1346","Normal/Others","NA-Installing community drinking water plants","Madhya Pradesh","AGRA(DISTRICT MAGISTRAE AGRA_IDA)","Smt. Sumitra Balmik (2022-28) (2022-2028)","Elected MP","In village panchayat Rampur of Vikas Khand Fatehabad in Pura Harsukh near the house of Dhanman Singh at a public place submersible pump with tank installation work","27-May-2026","263000","NA"
"1347","Normal/Others","NA-Installing community drinking water plants","Madhya Pradesh","AGRA(DISTRICT MAGISTRAE AGRA_IDA)","Smt. Sumitra Balmik (2022-28) (2022-2028)","Elected MP","In village panchayat Rampur of Vikas Khand Fatehabad near the house of Sunil Dhobi son of Mahavir Dhobi at a public place submersible pump with tank installation work","27-May-2026","263000","NA"
"1348","Normal/Others","NA-Installing community drinking water plants","Madhya Pradesh","AGRA(DISTRICT MAGISTRAE AGRA_IDA)","Smt. Sumitra Balmik (2022-28) (2022-2028)","Elected MP","In village panchayat Rampur of Vikas Khand Fatehabad at village Dhariyai at the Mata Wali Dwar near the house of Jeevaram son of Veerpal at a public place submersible pump with tank installation work","27-May-2026","263000","NA"
"1349","Normal/Others","NA-Installing community drinking water plants","Madhya Pradesh","AGRA(DISTRICT MAGISTRAE AGRA_IDA)","Smt. Sumitra Balmik (2022-28) (2022-2028)","Elected MP","In village panchayat Rampur of Vikas Khand Fatehabad at village Dwar Chokhelal near the house of Ishwar Prasad son of Devkinandan at a public place submersible pump with tank installation work","27-May-2026","263000","NA"
"1350","Normal/Others","NA-Installing community drinking water plants","Madhya Pradesh","AGRA(DISTRICT MAGISTRAE AGRA_IDA)","Smt. Sumitra Balmik (2022-28) (2022-2028)","Elected MP","In village panchayat Dhimshri of Vikas Khand Fatehabad at village Jharpura near the temple of Kali Mata at a public place submersible pump with tank installation work","27-May-2026","263000","NA"
"1351","Normal/Others","NA-Installing community drinking water plants","Madhya Pradesh","AGRA(DISTRICT MAGISTRAE AGRA_IDA)","Smt. Sumitra Balmik (2022-28) (2022-2028)","Elected MP","In village panchayat Paitikheda of Vikas Khand Fatehabad at village Vidrai near the temple of Mata near the house of Sanjay BDC at a public place submersible pump with tank installation work","27-May-2026","263000","NA"
"1352","Normal/Others","NA-Installing community drinking water plants","Madhya Pradesh","AGRA(DISTRICT MAGISTRAE AGRA_IDA)","Smt. Sumitra Balmik (2022-28) (2022-2028)","Elected MP","In Vikas Khand Fatehabad on Dhorra Road on the plot of Gyasiram son of Dayaram Netaji at a public place submersible pump with tank installation work","27-May-2026","263000","NA"
"1353","Normal/Others","NA-Installing community drinking water plants","Madhya Pradesh","AGRA(DISTRICT MAGISTRAE AGRA_IDA)","Smt. Sumitra Balmik (2022-28) (2022-2028)","Elected MP","In village panchayat Rampur of Vikas Khand Fatehabad in Pura Harsukh at the place of Arjun Jatav near the house of Bharat at a public place submersible pump with tank installation work","27-May-2026","263000","NA"
"1354","Normal/Others","NA-Installing community drinking water plants","Madhya Pradesh","AGRA(DISTRICT MAGISTRAE AGRA_IDA)","Smt. Sumitra Balmik (2022-28) (2022-2028)","Elected MP","In village panchayat Mauhammadpur of Vikas Khand Fatehabad near the house of Lokendra Singh Fauji at a public place submersible pump with tank installation work","27-May-2026","263000","NA"
"1355","Normal/Others","NA-Installing community drinking water plants","Madhya Pradesh","AGRA(DISTRICT MAGISTRAE AGRA_IDA)","Smt. Sumitra Balmik (2022-28) (2022-2028)","Elected MP","In village panchayat Rampur of Vikas Khand Fatehabad in Dadniyapura near the house of Vijay Singh son of Natthilal at a public place submersible pump with tank installation work","27-May-2026","263000","NA"
"1356","Normal/Others","NA-Installing community drinking water plants","Madhya Pradesh","AGRA(DISTRICT MAGISTRAE AGRA_IDA)","Smt. Sumitra Balmik (2022-28) (2022-2028)","Elected MP","In village panchayat Rampur of Vikas Khand Fatehabad at village Dhariyai near the house of Neesu son of Bhagwan Singh at a public place submersible pump with tank installation work","27-May-2026","263000","NA"
"1357","Normal/Others","NA-Installing community drinking water plants","Madhya Pradesh","AGRA(DISTRICT MAGISTRAE AGRA_IDA)","Smt. Sumitra Balmik (2022-28) (2022-2028)","Elected MP","In village panchayat Rampur of Vikas Khand Fatehabad at village Dhariyai near the house of Bhagirath at a public place submersible pump with tank installation work","27-May-2026","263000","NA"
"1358","Normal/Others","NA-Construction of common work sheds/ common covered sitting area","Madhya Pradesh","KAITHAL(DC CUM NODAL OFFICERS MPLADS)","Shri Ashok Singh (2024-30) (2024-2030)","Elected MP","Construction of common work common covered sitting area at ravidasia chaupal at village dundhrehri kaithal","18-Aug-2026","500000","NA"
"1359","Repair and Renovation","NA-Construction of roads, link roads, pathways or any other road with or without drainage system","Madhya Pradesh","KAITHAL(DC CUM NODAL OFFICERS MPLADS)","Shri Ashok Singh (2024-30) (2024-2030)","Elected MP","Repair  of street no. Pf  from Dada Khera to house of Karambir S/o Naseeb to House of Balkrishan S/o Surajbhan.","18-Aug-2026","500000","NA"
"1360","Normal/Others","NA-Construction of common work sheds/ common covered sitting area","Madhya Pradesh","KAITHAL(DC CUM NODAL OFFICERS MPLADS)","Shri Ashok Singh (2024-30) (2024-2030)","Elected MP","Construction of Public Iron Shed near Shamshan Ghat.","18-Aug-2026","500000","NA"
"Grand Total"," "," "," "," "," "," "," "," "," ","90,59,26,547"