"Sr. No.","Work category","WORK","State","IDA","Hon'ble Members of Parliament","Elected/Nominated","Work description","Recommended date","RECOMMENDED AMOUNT   ( ₹ )","Sanction Date"
"1","Normal/Others","WS/MP850/2024-2025/17451-Construction of community centers and community halls","Uttarakhand","PAURI GARHWAL(DISTRICT MAGISTRATE PAURI GARHWAL_IDA)","Shri Naresh Bansal (2020-26) (2020-2026)","Elected MP","CONSTRUCTION OF TIN SHED IN EXISTING PANCHAYAT BHAWAN OF SILSU TALLA GAON .   IA( KARYADAI SANSTATHA )  - BLOCK KOT","07-Sep-2023","200000","14-Jun-2024"
"2","Normal/Others","WS/MP204/2024-2025/61956-Construction of rooms and halls in school and colleges","Uttarakhand","PAURI GARHWAL(DISTRICT MAGISTRATE PAURI GARHWAL_IDA)","Dr. Kalpana Saini (2022-28) (2022-2028)","Elected MP","Development of Play Ground at Rajmati Devi Saraswati Vidya Mandir Timli Pauri","14-Dec-2023","1800000","18-Dec-2024"
"3","Normal/Others","WS/MP18333/2026-2027/254879-Construction of rooms and halls in school and colleges","Uttarakhand","PAURI GARHWAL(DISTRICT MAGISTRATE PAURI GARHWAL_IDA)","Shri Mahendra Bhatt (2024-30) (2024-2030)","Elected MP","Dist Pauri ke Nagar Nigam Kotdwar ke ward N0. 24 me hemandas saraswati shishumandir Janaki nagar ke mukhya bhavan ke marmmat karya hetu, K.S.- PradhanaCharya","20-Dec-2025","495000","15-Apr-2026"
"4","Normal/Others","NA-Construction of rooms and halls in school and colleges","Uttarakhand","PAURI GARHWAL(DISTRICT MAGISTRATE PAURI GARHWAL_IDA)","Dr. Kalpana Saini (2022-28) (2022-2028)","Elected MP","Construction of a Building at Sarswati Shishu Madir Jankinagar Kotdwar, Pauri Garhwal","04-Feb-2026","2000000","NA"
"5","Normal/Others","WS/MP18333/2026-2027/269927-Construction of rooms and halls in school and colleges","Uttarakhand","PAURI GARHWAL(DISTRICT MAGISTRATE PAURI GARHWAL_IDA)","Shri Mahendra Bhatt (2024-30) (2024-2030)","Elected MP","Sarswati Vidhyamandir Khirsu (Gwar) pauri me do kaksh Nirman hetu, K.S.- Vikash Khand Adhikari Khirsu","20-Feb-2026","1500000","19-May-2026"
"6","Repair and Renovation","NA-Construction of rooms and halls in school and colleges","Uttarakhand","PAURI GARHWAL(DISTRICT MAGISTRATE PAURI GARHWAL_IDA)","Shri Mahendra Bhatt (2024-30) (2024-2030)","Elected MP","Rohit Aggarwal Sarswati Vidhya Mandir Inter college padampur Motadhak Kotdwar  Ke  Vidhyalay Me khel maidan nirman tatha pustkalay me paustakon v patrikaon ke kray hetu , K.S.- Nagar Nigam Kotdwar","15-Jul-2026","1200000","NA"
"7","Normal/Others","NA-Construction of toilet blocks","Uttarakhand","PAURI GARHWAL(DISTRICT MAGISTRATE PAURI GARHWAL_IDA)","Shri Mahendra Bhatt (2024-30) (2024-2030)","Elected MP","Rohit Aggarwal Sarswati Vidhya Mandir Inter college padampur Motadhak Kotdwar me Vidhyalay me Sochalayon Ke nirman hetu, K.S.- Nagar Nigam Kotdwar","15-Jul-2026","800000","NA"
"8","Normal/Others","NA-Development of playground","Uttarakhand","PAURI GARHWAL(DISTRICT MAGISTRATE PAURI GARHWAL_IDA)","Dr. Kalpana Saini (2022-28) (2022-2028)","Elected MP","Development of playground in Shri Brigadier Vidyadhar Juyal Sanskrit School, Bhuvaneshwari Siddhapeeth, Sitonsyun, Kot, Pauri Garhwal.","24-Jun-2026","500000","NA"
"9","Trust and Society","WS/MP850/2026-2027/244820-Setting up of laboratories","Uttarakhand","PAURI GARHWAL(DISTRICT MAGISTRATE PAURI GARHWAL_IDA)","Shri Naresh Bansal (2020-26) (2020-2026)","Elected MP","SHANTI INTERNATIONAL SACHOOL MEUN LABORATARY KA NIRMAN KARYA","30-Oct-2025","500000","21-Aug-2026"
"10","Normal/Others","WS/MP204/2025-2026/196856-Construction of roads, link roads, pathways or any other road with or without drainage system","Uttarakhand","PAURI GARHWAL(DISTRICT MAGISTRATE PAURI GARHWAL_IDA)","Dr. Kalpana Saini (2022-28) (2022-2028)","Elected MP","Interlocking tiles construction on the ramp (path) made during field construction in Rajmati Devi Saraswati Vidya Mandir Inter College Timli, Pauri.","05-May-2025","250000","20-Jun-2025"
"11","Normal/Others","NA-Construction of roads, link roads, pathways or any other road with or without drainage system","Uttarakhand","PAURI GARHWAL(DISTRICT MAGISTRATE PAURI GARHWAL_IDA)","Shri Mahendra Bhatt (2024-30) (2024-2030)","Elected MP","Janpad Pauri me vikas khand Pabo ke gram Ghunna me gaon se peyjal srot tak C.C. Marg Nirman K.S.- Grameen Nirman Vibhag Pauri","13-Aug-2026","500000","NA"
"12","Normal/Others","NA-Purchase of non-conventional energy system and devices for community use","Uttarakhand","PAURI GARHWAL(DISTRICT MAGISTRATE PAURI GARHWAL_IDA)","Shri Mahendra Bhatt (2024-30) (2024-2030)","Elected MP","Dist Pauri me N.P. PAuri ke Ward 4, me Ramleela Maidan Me Samudayik Prayog hetu Vidhyut Genretar Ke Kray Hetu, K.S.- Grameen Nirman -abhiyantran vibhag pauri","20-Dec-2025","500000","NA"
"13","Normal/Others","WS/MP204/2026-2027/267534-Improvement of electricity distribution infrastructure","Uttarakhand","HARIDWAR(DISTRICT MAGISTRATE HARIDWAR_IDA)","Dr. Kalpana Saini (2022-28) (2022-2028)","Elected MP","Shifting of three transformers located at one roadside spot in Mayur Vihar colony, Roorkee","10-Feb-2026","128569","15-May-2026"
"14","Normal/Others","WS/MP204/2025-2026/246680-Construction of New Building","Uttarakhand","HARIDWAR(DISTRICT MAGISTRATE HARIDWAR_IDA)","Dr. Kalpana Saini (2022-28) (2022-2028)","Elected MP","Construction of Verndha on the ground floor Litigants and Lawyers to sit in at the bar Association of Roorkee","07-Nov-2025","500000","25-Feb-2026"
"15","Normal/Others","WS/MP204/2025-2026/246684-Construction of New Building","Uttarakhand","HARIDWAR(DISTRICT MAGISTRATE HARIDWAR_IDA)","Dr. Kalpana Saini (2022-28) (2022-2028)","Elected MP","Construction of hall on the first Floor at thr Bar Association of Roorkee","07-Nov-2025","500000","25-Feb-2026"
"16","Normal/Others","WS/MP204/2026-2027/296993-Fitting of Sitting RCC Benches in Public Places","Uttarakhand","HARIDWAR(DISTRICT MAGISTRATE HARIDWAR_IDA)","Dr. Kalpana Saini (2022-28) (2022-2028)","Elected MP","Arrangement of seven benches for seating at the Maharaja Shoorsen Ghat (canal bank) in Roorkee.","19-Jul-2026","70000","04-Aug-2026"
"17","Normal/Others","WS/MP204/2025-2026/176568-Setting up public non-conventional energy plants","Uttarakhand","HARIDWAR(DISTRICT MAGISTRATE HARIDWAR_IDA)","Dr. Kalpana Saini (2022-28) (2022-2028)","Elected MP","Setting up a Solar Power Plant in Press Club Haridwar","27-Feb-2025","1000000","08-Apr-2025"
"18","Normal/Others","WS/MP850/2025-2026/252631-Construction of buildings for multi-gym","Uttarakhand","HARIDWAR(DISTRICT MAGISTRATE HARIDWAR_IDA)","Shri Naresh Bansal (2020-26) (2020-2026)","Elected MP","police line ward no13 nagar palika shiwalik nagar mein  gym ka nirman.ia(karyadai sanstatha )-nagar panchayat imlikhera","07-Dec-2025","2495000","17-Mar-2026"
"19","Normal/Others","WS/MP204/2023-2024/84764-Lighting of public spaces","Uttarakhand","HARIDWAR(DISTRICT MAGISTRATE HARIDWAR_IDA)","Dr. Kalpana Saini (2022-28) (2022-2028)","Elected MP","16 Meter High Mast with 8 Led Light in Village Dallawala","19-Jan-2024","2441090","05-Mar-2024"
"20","Normal/Others","WS/MP204/2025-2026/204151-Lighting of public spaces","Uttarakhand","HARIDWAR(DISTRICT MAGISTRATE HARIDWAR_IDA)","Dr. Kalpana Saini (2022-28) (2022-2028)","Elected MP","One high mast light (16 Meter High Mast with 8 LED Light) at Ramlila Ground in Village Toda Kalyanpur, Block Roorkee","27-May-2025","670000","19-Aug-2025"
"21","Normal/Others","WS/MP204/2026-2027/254639-Lighting of public spaces","Uttarakhand","HARIDWAR(DISTRICT MAGISTRATE HARIDWAR_IDA)","Dr. Kalpana Saini (2022-28) (2022-2028)","Elected MP","Installation of a High Mast Light (16 Meter High Mast with 8 LED Light) at the main intersection in Gram Panchayat Binarasi Urf Bulet, Post chudiyala, Block Bhagwanpur, District Haridwar","19-Dec-2025","670000","27-Aug-2026"
"22","Normal/Others","WS/MP850/2024-2025/121330-Improvement of electricity distribution infrastructure","Uttarakhand","HARIDWAR(DISTRICT MAGISTRATE HARIDWAR_IDA)","Shri Naresh Bansal (2020-26) (2020-2026)","Elected MP","GRAM SIKRAUDHA MEIN 11 KV LINE KO STHANTARAN KA KARYA.. IA( KARYADAI SANSTATHA ) - UTTARAKHAND POWER CORPORATION LTD,ELECTRICITY DISTRIBUTION DIVISION ,BHAGWANPUR","05-Mar-2024","261841","26-Jul-2024"
"23","Normal/Others","WS/MP204/2025-2026/186818-Improvement of electricity distribution infrastructure","Uttarakhand","HARIDWAR(DISTRICT MAGISTRATE HARIDWAR_IDA)","Dr. Kalpana Saini (2022-28) (2022-2028)","Elected MP","For installing Solar Plant in Prachin Avdhoot Ashram, Post Gurukul Kangri, Jwalapur, Haridwar","26-Mar-2025","2500000","08-May-2025"
"24","Normal/Others","NA-Improvement of electricity distribution infrastructure","Uttarakhand","HARIDWAR(DISTRICT MAGISTRATE HARIDWAR_IDA)","Shri Naresh Bansal (2020-26) (2020-2026)","Elected MP","gali number 4,safipur, subashnagar mein gharo ke uper se high voltage line ko sthannatrit karne ke ka karya.ia karyadia sanstatha -electricity distribution division ramnagar","21-May-2025","67472","NA"
"25","Normal/Others","WS/MP850/2025-2026/252630-Construction of roads, link roads, pathways or any other road with or without drainage system","Uttarakhand","HARIDWAR(DISTRICT MAGISTRATE HARIDWAR_IDA)","Shri Naresh Bansal (2020-26) (2020-2026)","Elected MP","shri krishnayan deshi gaushala evam golok dham seva samiti ki shakha peeli padav ke park mein cc karya evam kund nirman karya. ia (karyadai sanstatha _-nagar panchayat imli khera","07-Dec-2025","1020000","17-Mar-2026"
"26","Normal/Others","NA- Providing sports equipment, except consumable items","Uttarakhand","HARIDWAR(DISTRICT MAGISTRATE HARIDWAR_IDA)","Dr. Kalpana Saini (2022-28) (2022-2028)","Elected MP","Purchase Wrestling Mats for  practice of players in Village Libbarhedi, block Narsan, District Haridwar","03-Jan-2026","500000","NA"
"27","Normal/Others","WS/MP850/2023-2024/98224-Development of public parks","Uttarakhand","HARIDWAR(DISTRICT MAGISTRATE HARIDWAR_IDA)","Shri Naresh Bansal (2020-26) (2020-2026)","Elected MP","GRAM - SIKANDERPUR                              BHAINSWAL MEIN DR. BHEEMRAO AMEDKAR PARK MEIN INTERLOCKING TILES  NIRMAN .. IA(KARYADAI SANSTATHA)- NAGAR PANCHAYAT PADALI GUJJAR","06-Feb-2024","401716","08-Mar-2024"
"28","Normal/Others","WS/MP850/2023-2024/100850-Development of public parks","Uttarakhand","HARIDWAR(DISTRICT MAGISTRATE HARIDWAR_IDA)","Shri Naresh Bansal (2020-26) (2020-2026)","Elected MP","AZADNAGAR WARD NO-9 KE GANGA VIHAR COLONY MEIN IP INTER COLLEGE KE SAMNE PARK KA SONDARYEKARAN ... IA(KARYADAI SANSTATHA )- NAGAR PANCHAYAT SULTANPUR","08-Feb-2024","594000","27-Feb-2024"
"29","Normal/Others","WS/MP850/2026-2027/296391-Development of public parks","Uttarakhand","HARIDWAR(DISTRICT MAGISTRATE HARIDWAR_IDA)","Shri Naresh Bansal (2020-26) (2020-2026)","Elected MP","gram akbarpur jhojha ke majre bharatpur ke anusuchit basti mein ambedkar park ka vikas/saundryakaran.ia(karyadai sastatha)-block bhagwanpur","19-Jul-2026","674000","14-Aug-2026"
"30","Normal/Others","WS/MP850/2026-2027/296376-Construction of roads, link roads, pathways or any other road with or without drainage system","Uttarakhand","HARIDWAR(DISTRICT MAGISTRATE HARIDWAR_IDA)","Shri Naresh Bansal (2020-26) (2020-2026)","Elected MP","ward 23 salempur rajputana mein mein road se shivansh garden tak interlocking tiles sadak nirman karya.ia(karyadai sanstatha)-block bhagwanpur","19-Jul-2026","853000","14-Aug-2026"
"31","Normal/Others","WS/MP850/2026-2027/296377-Construction of roads, link roads, pathways or any other road with or without drainage system","Uttarakhand","HARIDWAR(DISTRICT MAGISTRATE HARIDWAR_IDA)","Shri Naresh Bansal (2020-26) (2020-2026)","Elected MP","gram jhabiran mein ankur ke makan se arvind ke makan ki aur interlocking tiles sadak nirman karya.ia(karyadai sanstatha)-block bhagwanpur","19-Jul-2026","920000","14-Aug-2026"
"32","Normal/Others","WS/MP850/2026-2027/296381-Construction of roads, link roads, pathways or any other road with or without drainage system","Uttarakhand","HARIDWAR(DISTRICT MAGISTRATE HARIDWAR_IDA)","Shri Naresh Bansal (2020-26) (2020-2026)","Elected MP","gram behedeki saidabad mein shri kanihya ji mandir ke samne main road se rinku tyagi ki aur hote hue meher chand ke makan ki aur interlocking tiles sadak niramn karya.ia(karyadai sanstatha)-block bhagwanpur","19-Jul-2026","1420000","14-Aug-2026"
"33","Normal/Others","WS/MP850/2026-2027/296385-Construction of roads, link roads, pathways or any other road with or without drainage system","Uttarakhand","HARIDWAR(DISTRICT MAGISTRATE HARIDWAR_IDA)","Shri Naresh Bansal (2020-26) (2020-2026)","Elected MP","sansad adarsh gram ibrahimpur masih ke anusuchit basti mein main road se sumit ke ghar ki aur interlocking tiles sadak nirman karya.ia(karyadai sanstatha)-block bhagwanpur","19-Jul-2026","224000","14-Aug-2026"
"34","Normal/Others","WS/MP850/2026-2027/296387-Construction of roads, link roads, pathways or any other road with or without drainage system","Uttarakhand","HARIDWAR(DISTRICT MAGISTRATE HARIDWAR_IDA)","Shri Naresh Bansal (2020-26) (2020-2026)","Elected MP","sansad adarsh gram ibrahimpur masih mein main road se satpal ke makan ki aur interlocking tiles sadak nirman karya.ia(karyadai sanstatha)-block bhagwanpur","19-Jul-2026","793000","14-Aug-2026"
"35","Normal/Others","WS/MP850/2026-2027/296388-Construction of roads, link roads, pathways or any other road with or without drainage system","Uttarakhand","HARIDWAR(DISTRICT MAGISTRATE HARIDWAR_IDA)","Shri Naresh Bansal (2020-26) (2020-2026)","Elected MP","sansad adarsh gram ibrahimpur masih ke anusuchit basti mein main road se rajkumar ke ghar ki aur interlocking tiles sadak nirman karya.ia(karyadai sanstatha)-block bhagwanpur","19-Jul-2026","383000","14-Aug-2026"
"36","Normal/Others","WS/MP850/2026-2027/296390-Construction of roads, link roads, pathways or any other road with or without drainage system","Uttarakhand","HARIDWAR(DISTRICT MAGISTRATE HARIDWAR_IDA)","Shri Naresh Bansal (2020-26) (2020-2026)","Elected MP","gram majahidpur satiwala khalsa main road se chotelal ke ghar ki aur interlocking tiles sadak nirman karya.ia(karyadai sanstatha)-block bhagwanpur","19-Jul-2026","1240000","14-Aug-2026"
"37","Normal/Others","WS/MP850/2026-2027/298625-Construction of roads, link roads, pathways or any other road with or without drainage system","Uttarakhand","HARIDWAR(DISTRICT MAGISTRATE HARIDWAR_IDA)","Shri Naresh Bansal (2020-26) (2020-2026)","Elected MP","shivpuram ward 19 ke gali no.-03 mein mian road se vinod ke makan ke tak interlocking tiles sadak nirman karya.ia(karyadai sanstatha)-block bhagwanpur","25-Jul-2026","195000","14-Aug-2026"
"38","Normal/Others","WS/MP850/2026-2027/298626-Construction of roads, link roads, pathways or any other road with or without drainage system","Uttarakhand","HARIDWAR(DISTRICT MAGISTRATE HARIDWAR_IDA)","Shri Naresh Bansal (2020-26) (2020-2026)","Elected MP","ward no.-6 ke karnal enclave mein babita ke makan se suman ke makan tak interlocking tiles sadak nirman karya.ia(karyadai sanstatha)-block bhagwanpur","25-Jul-2026","853000","14-Aug-2026"
"39","Normal/Others","WS/MP850/2026-2027/298627-Construction of roads, link roads, pathways or any other road with or without drainage system","Uttarakhand","HARIDWAR(DISTRICT MAGISTRATE HARIDWAR_IDA)","Shri Naresh Bansal (2020-26) (2020-2026)","Elected MP","nagar panchayat imlikhera mein main road se bijendra ke makan ki aur interlocking tiles sadak nirman karya.ia(karyadai sanstatha)-block bhagwanpur","25-Jul-2026","232000","14-Aug-2026"
"40","Normal/Others","WS/MP850/2026-2027/298628-Construction of roads, link roads, pathways or any other road with or without drainage system","Uttarakhand","HARIDWAR(DISTRICT MAGISTRATE HARIDWAR_IDA)","Shri Naresh Bansal (2020-26) (2020-2026)","Elected MP","gram maheshri mein anusuchit basti mein prathmik vidyalya se sanjay ke makan ki aur hote hue satish ke makan ki aur interlocking tiles sadak nirman karya.ia(karyadai sanstatha)-block bhagwanpur","25-Jul-2026","1602000","14-Aug-2026"
"41","Normal/Others","WS/MP850/2026-2027/298629-Construction of roads, link roads, pathways or any other road with or without drainage system","Uttarakhand","HARIDWAR(DISTRICT MAGISTRATE HARIDWAR_IDA)","Shri Naresh Bansal (2020-26) (2020-2026)","Elected MP","gram akbarpur jojha mein main road se pahal singh ke makan ki aur v main road se bhure ke makan ki aur interlocking tiles sadak nirman karya.ia(karyadai sanstatha)-block bhagwanpur","25-Jul-2026","1037000","14-Aug-2026"
"42","Normal/Others","WS/MP850/2026-2027/298630-Construction of roads, link roads, pathways or any other road with or without drainage system","Uttarakhand","HARIDWAR(DISTRICT MAGISTRATE HARIDWAR_IDA)","Shri Naresh Bansal (2020-26) (2020-2026)","Elected MP","sansad adarsh gram ibrahimpur masih ke anusuchit jati basti mein main road se mange ram ke ghar ki aur interlocking tiles sadak nirman karya.ia(karyadai sanstatha)-block bhagwanpur","25-Jul-2026","447000","14-Aug-2026"
"43","Normal/Others","WS/MP850/2026-2027/298632-Construction of roads, link roads, pathways or any other road with or without drainage system","Uttarakhand","HARIDWAR(DISTRICT MAGISTRATE HARIDWAR_IDA)","Shri Naresh Bansal (2020-26) (2020-2026)","Elected MP","gram sikhraudha mein main road se saroj ke makan ki aur interlocking tiles sadak nirman karya.ia(karyadai sanstatha)-block bhagwanpur","25-Jul-2026","1104000","14-Aug-2026"
"44","Normal/Others","NA-Construction of roads, link roads, pathways or any other road with or without drainage system","Uttarakhand","HARIDWAR(DISTRICT MAGISTRATE HARIDWAR_IDA)","Dr. Kalpana Saini (2022-28) (2022-2028)","Elected MP","Construction of a CC road from Rukwan's field towards Shri Yogesh Tyagi's field in Gram Panchayat Khajuri, Post Manakpur Adampur (Block Bhagwanpur).","05-Aug-2026","500000","NA"
"45","Normal/Others","WS/MP204/2025-2026/196874-Construction of roads, link roads, pathways or any other road with or without drainage system","Uttarakhand","HARIDWAR(DISTRICT MAGISTRATE HARIDWAR_IDA)","Dr. Kalpana Saini (2022-28) (2022-2028)","Elected MP","Road construction by interlocking tiles from the house of Shri Pawan Kumar towards Panchayat house in Village Habibpur Niwada, Block Bhagwanpur","05-May-2025","1000000","04-Oct-2025"
"46","Normal/Others","WS/MP204/2025-2026/196847-Construction of roads, link roads, pathways or any other road with or without drainage system","Uttarakhand","HARIDWAR(DISTRICT MAGISTRATE HARIDWAR_IDA)","Dr. Kalpana Saini (2022-28) (2022-2028)","Elected MP","Road construction by interlocking tiles from the house of Shri Vikas Kumar to the house of Shri Sanjay Kumar in village Akbarpur Kalson, Block Bhagwanpur","05-May-2025","600000","04-Oct-2025"
"47","Normal/Others","WS/MP204/2025-2026/184077-Construction of roads, link roads, pathways or any other road with or without drainage system","Uttarakhand","HARIDWAR(DISTRICT MAGISTRATE HARIDWAR_IDA)","Dr. Kalpana Saini (2022-28) (2022-2028)","Elected MP","Construction of interlocking tiles road from the house of Shri Rakesh to the house of Shri Prakash Chandra in the Scheduled Caste dominated village Ganja Mazra, Gram Panchayat Khedi Shikohpur, Block Bhagwanpur.","20-Mar-2025","600000","08-May-2025"
"48","Normal/Others","WS/MP204/2025-2026/184082-Construction of roads, link roads, pathways or any other road with or without drainage system","Uttarakhand","HARIDWAR(DISTRICT MAGISTRATE HARIDWAR_IDA)","Dr. Kalpana Saini (2022-28) (2022-2028)","Elected MP","Construction of interlocking tiles road from the main road towards Shri Rakesh Bhagat in scheduled caste dominated village Ganja Mazra, Gram Panchayat Khedi Shikohpur, Block Bhagwanpur.","20-Mar-2025","400000","08-May-2025"
"49","Normal/Others","WS/MP204/2025-2026/184086-Construction of roads, link roads, pathways or any other road with or without drainage system","Uttarakhand","HARIDWAR(DISTRICT MAGISTRATE HARIDWAR_IDA)","Dr. Kalpana Saini (2022-28) (2022-2028)","Elected MP","Construction of interlocking tiles road from the house of dealer Vikram Singh towards Baba Saheb Bhimrao Ambedkar Bhawan in Scheduled Caste Colony of Gram Panchayat Sohalpur (Sikroda), Block Bahadarabad.","20-Mar-2025","800000","21-Apr-2025"
"50","Normal/Others","WS/MP204/2025-2026/186808-Construction of roads, link roads, pathways or any other road with or without drainage system","Uttarakhand","HARIDWAR(DISTRICT MAGISTRATE HARIDWAR_IDA)","Dr. Kalpana Saini (2022-28) (2022-2028)","Elected MP","Road construction with interlocking tiles from Shri Pratap house towards Ravidas temple in village Mandawar, Block Bhagwanpur","26-Mar-2025","1000000","08-May-2025"
"51","Normal/Others","WS/MP204/2025-2026/186819-Construction of roads, link roads, pathways or any other road with or without drainage system","Uttarakhand","HARIDWAR(DISTRICT MAGISTRATE HARIDWAR_IDA)","Dr. Kalpana Saini (2022-28) (2022-2028)","Elected MP","Road construction by interlocking tiles from the Samadhi of Late Shri Roopram Saini towards the farm of Shri Rajendra Saini in village Dada Jalalpur, Block Bhagwanpur, District Haridwar","26-Mar-2025","1000000","08-May-2025"
"52","Normal/Others","WS/MP850/2025-2026/206303-Construction of roads, link roads, pathways or any other road with or without drainage system","Uttarakhand","HARIDWAR(DISTRICT MAGISTRATE HARIDWAR_IDA)","Shri Naresh Bansal (2020-26) (2020-2026)","Elected MP","ward no-1 sherpur ke shamshan ghat mein interlocking tiles sadak nirman karya.ia (karyadai sanstatha)block roorkee","04-Jun-2025","1264000","23-Aug-2025"
"53","Normal/Others","WS/MP850/2025-2026/206304-Construction of roads, link roads, pathways or any other road with or without drainage system","Uttarakhand","HARIDWAR(DISTRICT MAGISTRATE HARIDWAR_IDA)","Shri Naresh Bansal (2020-26) (2020-2026)","Elected MP","ward 13 mein south civil line mein vinay ke makan se sandeep ke makan ki aur interlocking tiles sadak nirman karya.ia (karyadai sanstatha)-block roorkee","04-Jun-2025","959000","23-Aug-2025"
"54","Normal/Others","WS/MP850/2025-2026/206305-Construction of roads, link roads, pathways or any other road with or without drainage system","Uttarakhand","HARIDWAR(DISTRICT MAGISTRATE HARIDWAR_IDA)","Shri Naresh Bansal (2020-26) (2020-2026)","Elected MP","gram amarpur quazi mein main road se dharamveer ke makan ki aur interlocking tiles sadak nirman karya.ia(karyadai sanstatha)-block roorkee","04-Jun-2025","996000","23-Aug-2025"
"55","Normal/Others","WS/MP204/2025-2026/210198-Construction of roads, link roads, pathways or any other road with or without drainage system","Uttarakhand","HARIDWAR(DISTRICT MAGISTRATE HARIDWAR_IDA)","Dr. Kalpana Saini (2022-28) (2022-2028)","Elected MP","Construction of C.C. road from the house of Shri Kishore Juyal to the house of Sapna in Village Shafipur, Block Roorkee (Subhash Nagar Colony of Roorkee Nagar Nigam, Ward No. 21)","18-Jun-2025","600000","23-Aug-2025"
"56","Normal/Others","WS/MP204/2025-2026/210200-Construction of roads, link roads, pathways or any other road with or without drainage system","Uttarakhand","HARIDWAR(DISTRICT MAGISTRATE HARIDWAR_IDA)","Dr. Kalpana Saini (2022-28) (2022-2028)","Elected MP","Construction of C.C. road from the house of Mr. Mamchand to the house of Mr. Brijpal in village Mohammadpur Panda, Block Roorkee, District Haridwar","18-Jun-2025","1200000","23-Aug-2025"
"57","Normal/Others","WS/MP204/2025-2026/210203-Construction of roads, link roads, pathways or any other road with or without drainage system","Uttarakhand","HARIDWAR(DISTRICT MAGISTRATE HARIDWAR_IDA)","Dr. Kalpana Saini (2022-28) (2022-2028)","Elected MP","Construction of remaining work of road construction by Interlocking tiles from Main road to the farm of Shri Bighan Singh Saini in village Munda kheda Kalan, Block Laksar, District Haridwar","18-Jun-2025","150000","23-Jul-2025"
"58","Normal/Others","WS/MP204/2025-2026/212422-Construction of roads, link roads, pathways or any other road with or without drainage system","Uttarakhand","HARIDWAR(DISTRICT MAGISTRATE HARIDWAR_IDA)","Dr. Kalpana Saini (2022-28) (2022-2028)","Elected MP","Construction of C.C. road from Sri Ramchandra Mission Ashram Gate, house number 40 to house number 131 in Sahajpuram Colony, Village Brahmpur, Haridwar Road, Roorkee,","30-Jun-2025","800000","17-Oct-2025"
"59","Normal/Others","WS/MP204/2025-2026/213632-Construction of roads, link roads, pathways or any other road with or without drainage system","Uttarakhand","HARIDWAR(DISTRICT MAGISTRATE HARIDWAR_IDA)","Dr. Kalpana Saini (2022-28) (2022-2028)","Elected MP","Construction of road with interlocking tiles in the middle of both the streets from the house of Sonu Kumar in street number-1 towards street  number-3 in Dev Enclave, near Yogeshwar Public School, Nagar Panchayat Dhandhera, Haridwar","30-Jun-2025","1000000","09-Dec-2025"
"60","Normal/Others","WS/MP204/2025-2026/216090-Construction of roads, link roads, pathways or any other road with or without drainage system","Uttarakhand","HARIDWAR(DISTRICT MAGISTRATE HARIDWAR_IDA)","Dr. Kalpana Saini (2022-28) (2022-2028)","Elected MP","Construction of interlocking tiles on the Chak Road from Biharigarh Haridwar Main Road to the farm of Dr. Satendra Chauhan located in village Fatehullahpur alias Telpura and construction of drain parallel to the Chak Road","28-Jul-2025","1500000","17-Oct-2025"
"61","Normal/Others","WS/MP204/2025-2026/221890-Construction of roads, link roads, pathways or any other road with or without drainage system","Uttarakhand","HARIDWAR(DISTRICT MAGISTRATE HARIDWAR_IDA)","Dr. Kalpana Saini (2022-28) (2022-2028)","Elected MP","Construction of CC road from the house of Shri Nakli Ram to the house of Shri Neeraj in Scheduled Caste village Hallumajra, Block Bhagwanpur, District Haridwar","28-Jul-2025","500000","17-Oct-2025"
"62","Normal/Others","WS/MP204/2025-2026/221903-Construction of roads, link roads, pathways or any other road with or without drainage system","Uttarakhand","HARIDWAR(DISTRICT MAGISTRATE HARIDWAR_IDA)","Dr. Kalpana Saini (2022-28) (2022-2028)","Elected MP","Construction of C.C. road from the house of Shri Rampal to the house of Shri Arun in South Civil Line, Ward No. 13,  Roorkee","28-Jul-2025","500000","17-Oct-2025"
"63","Normal/Others","WS/MP204/2025-2026/232274-Construction of roads, link roads, pathways or any other road with or without drainage system","Uttarakhand","HARIDWAR(DISTRICT MAGISTRATE HARIDWAR_IDA)","Dr. Kalpana Saini (2022-28) (2022-2028)","Elected MP","Construction of C.C. Road from the main road in front of degree college to the house of monu in Dalla Wala Village. (Offline)","09-Sep-2025","147000","24-Sep-2025"
"64","Normal/Others","WS/MP204/2025-2026/232275-Construction of roads, link roads, pathways or any other road with or without drainage system","Uttarakhand","HARIDWAR(DISTRICT MAGISTRATE HARIDWAR_IDA)","Dr. Kalpana Saini (2022-28) (2022-2028)","Elected MP","Construction of C.C. road from the main road the house of Shri Surendra to the house of Jagpal in Dalla Wala Village. (Offline)","09-Sep-2025","250000","24-Sep-2025"
"65","Normal/Others","WS/MP204/2025-2026/232276-Construction of roads, link roads, pathways or any other road with or without drainage system","Uttarakhand","HARIDWAR(DISTRICT MAGISTRATE HARIDWAR_IDA)","Dr. Kalpana Saini (2022-28) (2022-2028)","Elected MP","Construction of C.C. Road from the house of Samandra to the Transfarmer in village Dalla Wala (offline)","09-Sep-2025","250000","24-Sep-2025"
"66","Normal/Others","WS/MP204/2025-2026/232278-Construction of roads, link roads, pathways or any other road with or without drainage system","Uttarakhand","HARIDWAR(DISTRICT MAGISTRATE HARIDWAR_IDA)","Dr. Kalpana Saini (2022-28) (2022-2028)","Elected MP","Construction of C.C. Road from Primary School chok to Radha Krishna Mandir in village Dalla Wala in Naiwala  (Offline)","09-Sep-2025","250000","24-Sep-2025"
"67","Normal/Others","WS/MP204/2025-2026/232279-Construction of roads, link roads, pathways or any other road with or without drainage system","Uttarakhand","HARIDWAR(DISTRICT MAGISTRATE HARIDWAR_IDA)","Dr. Kalpana Saini (2022-28) (2022-2028)","Elected MP","Construction of C.C. marg from Radha Krishna Mandir to the house of Shri Charan Singh transfarmer in Village Dalla Wala in Naiwala  (Offline)","09-Sep-2025","250000","24-Sep-2025"
"68","Normal/Others","WS/MP204/2025-2026/232304-Construction of roads, link roads, pathways or any other road with or without drainage system","Uttarakhand","HARIDWAR(DISTRICT MAGISTRATE HARIDWAR_IDA)","Dr. Kalpana Saini (2022-28) (2022-2028)","Elected MP","Construction of C.C. Road from the house of main road Anil Babu to the house of house of Telephone Exchange Shri Omveer  in Village Dalla Wala (offline)","09-Sep-2025","231000","24-Sep-2025"
"69","Normal/Others","WS/MP204/2025-2026/232363-Construction of roads, link roads, pathways or any other road with or without drainage system","Uttarakhand","HARIDWAR(DISTRICT MAGISTRATE HARIDWAR_IDA)","Dr. Kalpana Saini (2022-28) (2022-2028)","Elected MP","Construction of C.C. Road from the houses of Jasraj and Manoj to main road in Village Dalla Wala (Offline)","09-Sep-2025","250000","24-Sep-2025"
"70","Normal/Others","WS/MP204/2025-2026/232374-Construction of roads, link roads, pathways or any other road with or without drainage system","Uttarakhand","HARIDWAR(DISTRICT MAGISTRATE HARIDWAR_IDA)","Dr. Kalpana Saini (2022-28) (2022-2028)","Elected MP","construction of C.C. road from the house of main road Shivraj to the houses of Amit and Ompal in village Dalla wala (Offline)","09-Sep-2025","124000","24-Sep-2025"
"71","Normal/Others","WS/MP204/2025-2026/232379-Construction of roads, link roads, pathways or any other road with or without drainage system","Uttarakhand","HARIDWAR(DISTRICT MAGISTRATE HARIDWAR_IDA)","Dr. Kalpana Saini (2022-28) (2022-2028)","Elected MP","Construction of C.C. road from the house of main road Ganesh to the houses of Dhiraj and Narpal in Village Dalla Wala (Offline)","09-Sep-2025","237000","24-Sep-2025"
"72","Normal/Others","WS/MP204/2025-2026/232382-Construction of roads, link roads, pathways or any other road with or without drainage system","Uttarakhand","HARIDWAR(DISTRICT MAGISTRATE HARIDWAR_IDA)","Dr. Kalpana Saini (2022-28) (2022-2028)","Elected MP","Construction of C.C. road from the house of the Kiran to the house of the Raman via the house of Sonvir in Village Dalla Wala (Offline)","09-Sep-2025","107000","24-Sep-2025"
"73","Normal/Others","WS/MP204/2025-2026/232384-Construction of roads, link roads, pathways or any other road with or without drainage system","Uttarakhand","HARIDWAR(DISTRICT MAGISTRATE HARIDWAR_IDA)","Dr. Kalpana Saini (2022-28) (2022-2028)","Elected MP","Construction of C.C. Road from the house of Satpal to main road in village Dalla Wala (Offline)","09-Sep-2025","207000","24-Sep-2025"
"74","Normal/Others","WS/MP204/2025-2026/234525-Construction of roads, link roads, pathways or any other road with or without drainage system","Uttarakhand","HARIDWAR(DISTRICT MAGISTRATE HARIDWAR_IDA)","Dr. Kalpana Saini (2022-28) (2022-2028)","Elected MP","Road Construction with interlokcing  tiles around the Science stem lab and behind the hostel in DIET Campus Roorkee","18-Sep-2025","500000","28-Jan-2026"
"75","Normal/Others","WS/MP204/2025-2026/240500-Construction of roads, link roads, pathways or any other road with or without drainage system","Uttarakhand","HARIDWAR(DISTRICT MAGISTRATE HARIDWAR_IDA)","Dr. Kalpana Saini (2022-28) (2022-2028)","Elected MP","Construction of Road from Main Road to House of Shri Ratan Saini in Gram Panchayat Aethal Buzurg, Block Laksar, District Haridwar","17-Oct-2025","500000","28-Jan-2026"
"76","Normal/Others","WS/MP204/2025-2026/240507-Construction of roads, link roads, pathways or any other road with or without drainage system","Uttarakhand","HARIDWAR(DISTRICT MAGISTRATE HARIDWAR_IDA)","Dr. Kalpana Saini (2022-28) (2022-2028)","Elected MP","Construction of Road from Mill of Late Baburam Saini to the house of Shri Bishan Saini in Gram Panchayat Aithal  Buzurg, Block Laksar, Distt Haridwar","17-Oct-2025","500000","28-Jan-2026"
"77","Normal/Others","WS/MP204/2025-2026/240515-Construction of roads, link roads, pathways or any other road with or without drainage system","Uttarakhand","HARIDWAR(DISTRICT MAGISTRATE HARIDWAR_IDA)","Dr. Kalpana Saini (2022-28) (2022-2028)","Elected MP","Road Construction by Interlocking Teils the west sides enclosure of Shri Bijendra Kumar to the house of Shri Pawan in Gram Panchayat Nagla Aimad, Block Narsan, district Haridwar","17-Oct-2025","500000","28-Jan-2026"
"78","Normal/Others","WS/MP204/2025-2026/242795-Construction of roads, link roads, pathways or any other road with or without drainage system","Uttarakhand","HARIDWAR(DISTRICT MAGISTRATE HARIDWAR_IDA)","Dr. Kalpana Saini (2022-28) (2022-2028)","Elected MP","Road construction by Interlocking tiles from the farm of Shri Suresh Kumar to the road of Meera bahin on the road from Shiv Mandir to Meera Bahin in Village Bahadurpur Saini, block Roorkee, District Haridwar","27-Oct-2025","4500000","17-Feb-2026"
"79","Normal/Others","WS/MP204/2025-2026/242963-Construction of roads, link roads, pathways or any other road with or without drainage system","Uttarakhand","HARIDWAR(DISTRICT MAGISTRATE HARIDWAR_IDA)","Dr. Kalpana Saini (2022-28) (2022-2028)","Elected MP","Construction of Road using Interlocking tiles from the farm of shri Ramkumar ji Pradhan to the Raajbahe truck in Village Kumrada, Roorkee","27-Oct-2025","700000","28-Jan-2026"
"80","Normal/Others","WS/MP204/2025-2026/245302-Construction of roads, link roads, pathways or any other road with or without drainage system","Uttarakhand","HARIDWAR(DISTRICT MAGISTRATE HARIDWAR_IDA)","Dr. Kalpana Saini (2022-28) (2022-2028)","Elected MP","Construction of Paved Road from the Primary school to the fields of shri Rafal Singh and shri Kushalpal Singh etc in Village Shekhpuri, Block  Laksar, District Hardwar","31-Oct-2025","2000000","28-Jan-2026"
"81","Normal/Others","WS/MP204/2025-2026/246699-Construction of roads, link roads, pathways or any other road with or without drainage system","Uttarakhand","HARIDWAR(DISTRICT MAGISTRATE HARIDWAR_IDA)","Dr. Kalpana Saini (2022-28) (2022-2028)","Elected MP","construction of road using Interlocking Tiles on the damged path leading from the house of Mr. Rajkumar towards the pond and Crematorium in ward no 23, Salempur Rajputana of Roorkee Municial Corporation","07-Nov-2025","1000000","25-Feb-2026"
"82","Normal/Others","WS/MP204/2026-2027/258734-Construction of roads, link roads, pathways or any other road with or without drainage system","Uttarakhand","HARIDWAR(DISTRICT MAGISTRATE HARIDWAR_IDA)","Dr. Kalpana Saini (2022-28) (2022-2028)","Elected MP","Construction of C.C. Road from house of Shri Rajbahadur to the house of Dr Mahaveer in village Hallumazra, block Bhagwanpur, Haridwar","12-Jan-2026","500000","14-Aug-2026"
"83","Normal/Others","WS/MP850/2026-2027/263925-Construction of roads, link roads, pathways or any other road with or without drainage system","Uttarakhand","HARIDWAR(DISTRICT MAGISTRATE HARIDWAR_IDA)","Shri Naresh Bansal (2020-26) (2020-2026)","Elected MP","gram panchayat libbarehdi mein ravidas mandir se prachin shiv mandir ki aur cc road nirman.ia(karyadai sanstatha-block roorkee","31-Jan-2026","1057000","15-May-2026"
"84","Normal/Others","WS/MP850/2026-2027/263926-Construction of roads, link roads, pathways or any other road with or without drainage system","Uttarakhand","HARIDWAR(DISTRICT MAGISTRATE HARIDWAR_IDA)","Shri Naresh Bansal (2020-26) (2020-2026)","Elected MP","paniyala road par prakash ke ghar se smt. rakesh sharma ke ghar ki aur interlocking tiles nirman karya.ia(karyadai sanstatha)- block roorkee","31-Jan-2026","414000","15-May-2026"
"85","Normal/Others","WS/MP204/2026-2027/264378-Construction of roads, link roads, pathways or any other road with or without drainage system","Uttarakhand","HARIDWAR(DISTRICT MAGISTRATE HARIDWAR_IDA)","Dr. Kalpana Saini (2022-28) (2022-2028)","Elected MP","Construction of a Road from the Cemetery to the field of shri Vijendra Tyagi in Village Khajoori, Post Ekbaalpur, Block Bhagwanpur, District Haridwar","05-Mar-2026","500000","14-Aug-2026"
"86","Normal/Others","WS/MP204/2026-2027/264380-Construction of roads, link roads, pathways or any other road with or without drainage system","Uttarakhand","HARIDWAR(DISTRICT MAGISTRATE HARIDWAR_IDA)","Dr. Kalpana Saini (2022-28) (2022-2028)","Elected MP","construction of Road from the main road to the corner of field of Mr. vinod in Village Ruhalki Dayalpur, Block Bhagwanpur, disst Haridwar","05-Mar-2026","1000000","14-Aug-2026"
"87","Normal/Others","WS/MP204/2026-2027/264602-Construction of roads, link roads, pathways or any other road with or without drainage system","Uttarakhand","HARIDWAR(DISTRICT MAGISTRATE HARIDWAR_IDA)","Dr. Kalpana Saini (2022-28) (2022-2028)","Elected MP","Construction of Road with Interlocking Tiels from the main road (near the house of Laxmi chand) towards Peeth Bazaar in Gram Panchayat  Ibrahimpur Masahi, Block Bhagwanpur, Distt Haridwar","05-Mar-2026","1500000","14-Aug-2026"
"88","Normal/Others","NA-Construction of roads, link roads, pathways or any other road with or without drainage system","Uttarakhand","HARIDWAR(DISTRICT MAGISTRATE HARIDWAR_IDA)","Dr. Kalpana Saini (2022-28) (2022-2028)","Elected MP","Construction of C.C. Road from the House of Shri Dipankar Saini to the field of Shri Satpal Saini at  Village Hakimpur Turra, block bhagwanpur, District Haridwar","11-Feb-2026","500000","NA"
"89","Normal/Others","WS/MP850/2025-2026/269498-Construction of roads, link roads, pathways or any other road with or without drainage system","Uttarakhand","HARIDWAR(DISTRICT MAGISTRATE HARIDWAR_IDA)","Shri Naresh Bansal (2020-26) (2020-2026)","Elected MP","niranjanpur mein mein road se elam ke ghar ki aur cc road nirman.ia(karyadai sanstatha)-nagar panchayat imlikhera","19-Feb-2026","588000","17-Mar-2026"
"90","Normal/Others","WS/MP850/2025-2026/269499-Construction of roads, link roads, pathways or any other road with or without drainage system","Uttarakhand","HARIDWAR(DISTRICT MAGISTRATE HARIDWAR_IDA)","Shri Naresh Bansal (2020-26) (2020-2026)","Elected MP","main road se bhram ke ghar ki aur cc road nirman.ia(karyadai sanstatha)-nagar panchayat imlikhera","19-Feb-2026","315000","17-Mar-2026"
"91","Normal/Others","WS/MP850/2025-2026/269500-Construction of roads, link roads, pathways or any other road with or without drainage system","Uttarakhand","HARIDWAR(DISTRICT MAGISTRATE HARIDWAR_IDA)","Shri Naresh Bansal (2020-26) (2020-2026)","Elected MP","nainpal ke ghar se dharamsingh ke ghar ki aur cc road ka nirman.ia(karyadai sanstatha)-nagar panchayat imlikhera","19-Feb-2026","517000","17-Mar-2026"
"92","Normal/Others","WS/MP850/2026-2027/275581-Construction of roads, link roads, pathways or any other road with or without drainage system","Uttarakhand","HARIDWAR(DISTRICT MAGISTRATE HARIDWAR_IDA)","Shri Naresh Bansal (2020-26) (2020-2026)","Elected MP","gram kangri mein main road se mitlesh ke makan ki aur cc marg ka nirman karya.ia(karyadai sanstatha)-nagar panchayat imlikhera","24-Mar-2026","998000","15-May-2026"
"93","Normal/Others","WS/MP850/2026-2027/275582-Construction of roads, link roads, pathways or any other road with or without drainage system","Uttarakhand","HARIDWAR(DISTRICT MAGISTRATE HARIDWAR_IDA)","Shri Naresh Bansal (2020-26) (2020-2026)","Elected MP","jamalpur kalan mein basant vihar phase 1 mein arvind ke ghar se madanmohan ke ghar ki aur cc road ka nirman karya.ia(karyadai sanstatha)-nagar panchayat imlikhera","24-Mar-2026","942000","15-May-2026"
"94","Normal/Others","WS/MP850/2026-2027/275583-Construction of roads, link roads, pathways or any other road with or without drainage system","Uttarakhand","HARIDWAR(DISTRICT MAGISTRATE HARIDWAR_IDA)","Shri Naresh Bansal (2020-26) (2020-2026)","Elected MP","gummawala mein shivmandir se vijendra ke makan ki aur v balram ke makan se satish ke makan ki aur cc road nirman.ia(karyadai sanstatha)-nagar panchayat imlikhera","24-Mar-2026","854000","15-May-2026"
"95","Normal/Others","WS/MP850/2026-2027/275584-Construction of roads, link roads, pathways or any other road with or without drainage system","Uttarakhand","HARIDWAR(DISTRICT MAGISTRATE HARIDWAR_IDA)","Shri Naresh Bansal (2020-26) (2020-2026)","Elected MP","ward 6 mein dr. vijaypal ke dukan se chandkiran ke makan ki aur cc road nirman.ia(karyadai sanstatha)-nagar panchayat imlikhera","24-Mar-2026","1364000","15-May-2026"
"96","Normal/Others","WS/MP850/2026-2027/275762-Construction of roads, link roads, pathways or any other road with or without drainage system","Uttarakhand","HARIDWAR(DISTRICT MAGISTRATE HARIDWAR_IDA)","Shri Naresh Bansal (2020-26) (2020-2026)","Elected MP","GRAM SHANTARSHAH MEIN MAIN ROAD SE PRITAM KE MAKAN TAK INTERLOCKING TILES SADAK NIRMAN KARYA.ia(karyadai sanstatha)-block roorkee","24-Mar-2026","1193000","15-May-2026"
"97","Normal/Others","WS/MP850/2026-2027/275763-Construction of roads, link roads, pathways or any other road with or without drainage system","Uttarakhand","HARIDWAR(DISTRICT MAGISTRATE HARIDWAR_IDA)","Shri Naresh Bansal (2020-26) (2020-2026)","Elected MP","shivpuram gali no-3 mein chandrabhaan ke makan se jodh singh ke makan tak cc road nirman karya.ai(karyadai sanstatha)-block roorkee","24-Mar-2026","736000","15-May-2026"
"98","Normal/Others","WS/MP850/2026-2027/275764-Construction of roads, link roads, pathways or any other road with or without drainage system","Uttarakhand","HARIDWAR(DISTRICT MAGISTRATE HARIDWAR_IDA)","Shri Naresh Bansal (2020-26) (2020-2026)","Elected MP","Naqibpur Ghosipura mein chaudhary bijendra ke makan se rampal ke makan tak interlocking tiles sadak nirman karya.ia(karyadai sanstatha)-block roorkee","24-Mar-2026","1398000","15-May-2026"
"99","Normal/Others","WS/MP850/2026-2027/275765-Construction of roads, link roads, pathways or any other road with or without drainage system","Uttarakhand","HARIDWAR(DISTRICT MAGISTRATE HARIDWAR_IDA)","Shri Naresh Bansal (2020-26) (2020-2026)","Elected MP","kashyep park ki boundary wall ka nirman karya gram bhistipur mein.ia(karyadai sanstatha)-block roorkee","24-Mar-2026","473000","15-May-2026"
"100","Normal/Others","WS/MP850/2026-2027/276618-Construction of roads, link roads, pathways or any other road with or without drainage system","Uttarakhand","HARIDWAR(DISTRICT MAGISTRATE HARIDWAR_IDA)","Shri Naresh Bansal (2020-26) (2020-2026)","Elected MP","gram amarpur mein main road se khere ki aur interlocking tiles sadak ka nirman karya.ia(karyadai sanstatha)-block roorkee","30-Mar-2026","955000","15-May-2026"
"101","Normal/Others","WS/MP850/2026-2027/276619-Construction of roads, link roads, pathways or any other road with or without drainage system","Uttarakhand","HARIDWAR(DISTRICT MAGISTRATE HARIDWAR_IDA)","Shri Naresh Bansal (2020-26) (2020-2026)","Elected MP","gram libbarehdi mein nepal ke makan se rahul ke makan ki aur interlocking tiles sadak nirman karya.ia(karyadai sanstatha)-block roorkee","30-Mar-2026","1156000","15-May-2026"
"102","Normal/Others","WS/MP850/2026-2027/276621-Construction of roads, link roads, pathways or any other road with or without drainage system","Uttarakhand","HARIDWAR(DISTRICT MAGISTRATE HARIDWAR_IDA)","Shri Naresh Bansal (2020-26) (2020-2026)","Elected MP","gram tanshipur mein mahesh tyagi ke makan se tarun tyagi ke makan ki aur interlocking sadak nirman karya.ia(karyadai sanstatha)-block roorkee","30-Mar-2026","919000","15-May-2026"
"103","Normal/Others","WS/MP850/2026-2027/276622-Construction of roads, link roads, pathways or any other road with or without drainage system","Uttarakhand","HARIDWAR(DISTRICT MAGISTRATE HARIDWAR_IDA)","Shri Naresh Bansal (2020-26) (2020-2026)","Elected MP","gram churiyala mein sanjay tyagi ke makan se surendra tyagi ke makan ki aur interlocking tiles sadak nirman karya.ia(karyadai sanstatha)-block roorkee","30-Mar-2026","992000","15-May-2026"
"104","Normal/Others","WS/MP850/2026-2027/276623-Construction of roads, link roads, pathways or any other road with or without drainage system","Uttarakhand","HARIDWAR(DISTRICT MAGISTRATE HARIDWAR_IDA)","Shri Naresh Bansal (2020-26) (2020-2026)","Elected MP","gram bharampur shankarpuri mein shyam singh ke makan se nitu ke makan ki aur interlocking tiles sadak nirman karya.ia(karyadai sanstatha)-block roorkee","30-Mar-2026","1133000","15-May-2026"
"105","Normal/Others","WS/MP850/2026-2027/280070-Construction of roads, link roads, pathways or any other road with or without drainage system","Uttarakhand","HARIDWAR(DISTRICT MAGISTRATE HARIDWAR_IDA)","Shri Naresh Bansal (2020-26) (2020-2026)","Elected MP","rajendra nagar roorkee mein brijesh sharma se jivanand suyal evam pramod ke ghar se sanjay singh ke ghar ki aur interlocking tiles sadak nirman karya.ia(karyadai sanstatha)-block roorkee","12-May-2026","327000","08-Jul-2026"
"106","Normal/Others","WS/MP850/2026-2027/280072-Construction of roads, link roads, pathways or any other road with or without drainage system","Uttarakhand","HARIDWAR(DISTRICT MAGISTRATE HARIDWAR_IDA)","Shri Naresh Bansal (2020-26) (2020-2026)","Elected MP","gram noorpur boodpur mein pramod se sadak tak interlocking tiles sadak nirman karya.ia(karyadai sanstatha)-block roorkee","12-May-2026","481000","08-Jul-2026"
"107","Normal/Others","WS/MP850/2025-2026/254131-Construction of roads, link roads, pathways or any other road with or without drainage system","Uttarakhand","HARIDWAR(DISTRICT MAGISTRATE HARIDWAR_IDA)","Shri Naresh Bansal (2020-26) (2020-2026)","Elected MP","rajendranagar mein om garden ki diwar se satish kaushik ke makan ki aur interlocking tiles ka nirman karya.ia (karyadai sanstatha)- block roorkee","15-Dec-2025","1200000","25-Feb-2026"
"108","Normal/Others","WS/MP850/2025-2026/254133-Construction of roads, link roads, pathways or any other road with or without drainage system","Uttarakhand","HARIDWAR(DISTRICT MAGISTRATE HARIDWAR_IDA)","Shri Naresh Bansal (2020-26) (2020-2026)","Elected MP","gram sisauna mein main road par gautam ke makan se hote hue mempal saini ke makan ki aur interlocking tiles evam nali nirman.ia (karyadai sanstatha) -block roorkee","15-Dec-2025","1043000","25-Feb-2026"
"109","Normal/Others","WS/MP18333/2026-2027/254875-Construction of roads, link roads, pathways or any other road with or without drainage system","Uttarakhand","HARIDWAR(DISTRICT MAGISTRATE HARIDWAR_IDA)","Shri Mahendra Bhatt (2024-30) (2024-2030)","Elected MP","N.N. Roorkee ke Ward No-11 me rangoli garden ke akashdeep Colony Janewale raste ka nirman, K.S.- Nagar Nigam Roorkee","20-Dec-2025","500000","19-Aug-2026"
"110","Normal/Others","WS/MP204/2026-2027/278924-Construction of roads, link roads, pathways or any other road with or without drainage system","Uttarakhand","HARIDWAR(DISTRICT MAGISTRATE HARIDWAR_IDA)","Dr. Kalpana Saini (2022-28) (2022-2028)","Elected MP","Construction of Internal Road using interlocking Tiles in Gram Dalla Wala","24-Apr-2026","2000000","29-Jun-2026"
"111","Normal/Others","WS/MP204/2026-2027/278925-Construction of roads, link roads, pathways or any other road with or without drainage system","Uttarakhand","HARIDWAR(DISTRICT MAGISTRATE HARIDWAR_IDA)","Dr. Kalpana Saini (2022-28) (2022-2028)","Elected MP","Construction of a road in Shakti Vihar Colony, a Scheduled Caste dominated area within Nagar Panchayat Padli Gurjar, Tehsil Roorkee, extending from the railway underpass (adjacent to the smaller underpass) and passing through the shops of Shamshad up to the Valmiki Temple.","24-Apr-2026","2000000","04-Jul-2026"
"112","Normal/Others","WS/MP850/2026-2027/284529-Construction of roads, link roads, pathways or any other road with or without drainage system","Uttarakhand","HARIDWAR(DISTRICT MAGISTRATE HARIDWAR_IDA)","Shri Naresh Bansal (2020-26) (2020-2026)","Elected MP","vikaskhand laksar ke gram kewalpuri mein shri dhansingh ke ghar se shri dharampalsingh ke ghar ki aur cc road nirman karya.ia(karyadai sanstatha)-block narsan","16-Jun-2026","577000","01-Jul-2026"
"113","Normal/Others","WS/MP850/2026-2027/284530-Construction of roads, link roads, pathways or any other road with or without drainage system","Uttarakhand","HARIDWAR(DISTRICT MAGISTRATE HARIDWAR_IDA)","Shri Naresh Bansal (2020-26) (2020-2026)","Elected MP","gram chandpur mein main road se raman ke makan ki aur cc road nirman karya.ia(karyadai sanstatha)-block narsan","16-Jun-2026","1049000","01-Jul-2026"
"114","Normal/Others","WS/MP850/2026-2027/284531-Construction of roads, link roads, pathways or any other road with or without drainage system","Uttarakhand","HARIDWAR(DISTRICT MAGISTRATE HARIDWAR_IDA)","Shri Naresh Bansal (2020-26) (2020-2026)","Elected MP","vikaskhand laxsar ke gram shivpuri mein main sadak se shri naresh ke ghar ki aur cc road nirman karya.ia(karyadai sanstatha)-block narsan","16-Jun-2026","1048000","01-Jul-2026"
"115","Normal/Others","WS/MP850/2026-2027/284532-Construction of roads, link roads, pathways or any other road with or without drainage system","Uttarakhand","HARIDWAR(DISTRICT MAGISTRATE HARIDWAR_IDA)","Shri Naresh Bansal (2020-26) (2020-2026)","Elected MP","block laxsar mein gram shivpuri mein main sadak se shri gajepal ke ghar ki aur cc road nirman karya.ia(karyadai sanstatha)-block narsan","16-Jun-2026","788000","01-Jul-2026"
"116","Normal/Others","WS/MP850/2026-2027/287514-Construction of roads, link roads, pathways or any other road with or without drainage system","Uttarakhand","HARIDWAR(DISTRICT MAGISTRATE HARIDWAR_IDA)","Shri Naresh Bansal (2020-26) (2020-2026)","Elected MP","gram hallu majra mein kadam singh ke ghar se nathiram ke ghar ki aur interlocking tiles sadak nirman karya.ia(karyadai sanstatha)-block bhagwanpur","23-Jun-2026","1420000","17-Jul-2026"
"117","Normal/Others","WS/MP850/2026-2027/287515-Construction of roads, link roads, pathways or any other road with or without drainage system","Uttarakhand","HARIDWAR(DISTRICT MAGISTRATE HARIDWAR_IDA)","Shri Naresh Bansal (2020-26) (2020-2026)","Elected MP","gram kurdi mein manglore jhabreda road se bijli ghar ki diwar ki aur interlocking tiles sadak nirman karya.ia(karyadai sanstatha)-block bhagwanpur","23-Jun-2026","1268000","17-Jul-2026"
"118","Normal/Others","WS/MP850/2026-2027/287516-Construction of roads, link roads, pathways or any other road with or without drainage system","Uttarakhand","HARIDWAR(DISTRICT MAGISTRATE HARIDWAR_IDA)","Shri Naresh Bansal (2020-26) (2020-2026)","Elected MP","gram panchayat delana mein main road se magan singh ke makan ki aur interlocking tiles sadak nirman karya.ia(karyadai sanstatha)-block bhagwanpur","23-Jun-2026","1272000","17-Jul-2026"
"119","Normal/Others","WS/MP850/2026-2027/287519-Construction of roads, link roads, pathways or any other road with or without drainage system","Uttarakhand","HARIDWAR(DISTRICT MAGISTRATE HARIDWAR_IDA)","Shri Naresh Bansal (2020-26) (2020-2026)","Elected MP","gram gadar judda mein minor ki puliya se tirat ke makan ki aur interlocking tiles sadak nirman karya.ia(karyadai sanstatha)-block bhagwanpur","23-Jun-2026","1474000","17-Jul-2026"
"120","Normal/Others","WS/MP850/2026-2027/287521-Construction of roads, link roads, pathways or any other road with or without drainage system","Uttarakhand","HARIDWAR(DISTRICT MAGISTRATE HARIDWAR_IDA)","Shri Naresh Bansal (2020-26) (2020-2026)","Elected MP","sansad adarsh gram ibrahimpur masih mein main road se pappu prajapati ke makan ki aur interlocking tiles sadak nirman karya.ia(karyadai sanstatha)-block bhagwanpur","23-Jun-2026","927000","17-Jul-2026"
"121","Normal/Others","WS/MP850/2026-2027/287522-Construction of roads, link roads, pathways or any other road with or without drainage system","Uttarakhand","HARIDWAR(DISTRICT MAGISTRATE HARIDWAR_IDA)","Shri Naresh Bansal (2020-26) (2020-2026)","Elected MP","sansad adarsh gram ibrahimpur masih mein main road se rakes ke makan ki aur v main road se pawan ke makan ki aur interlocking tiles sadak nirman karya.ia(karyadai sanstatha)-block bhagwanpur","23-Jun-2026","526000","17-Jul-2026"
"122","Normal/Others","WS/MP850/2026-2027/287523-Construction of roads, link roads, pathways or any other road with or without drainage system","Uttarakhand","HARIDWAR(DISTRICT MAGISTRATE HARIDWAR_IDA)","Shri Naresh Bansal (2020-26) (2020-2026)","Elected MP","sansad adarsh gram ibrahimpur masih mein main road se govardhan master ke makan ki aur v prakash master ke makan se primary school ki aur interlocking tiles sadak nirman karya.ia(karyadai sanstatha)-block bhagwanpur","23-Jun-2026","1524000","17-Jul-2026"
"123","Normal/Others","WS/MP850/2026-2027/287524-Construction of roads, link roads, pathways or any other road with or without drainage system","Uttarakhand","HARIDWAR(DISTRICT MAGISTRATE HARIDWAR_IDA)","Shri Naresh Bansal (2020-26) (2020-2026)","Elected MP","sansad adarsh gram ibrahimpur masih mein sushil ke makan se sanju ke makan ki aur interlocking tiles sadak nirman karya.ia(karyadai sanstatha)-block bhagwanpur","23-Jun-2026","1580000","17-Jul-2026"
"124","Normal/Others","WS/MP850/2026-2027/287525-Construction of roads, link roads, pathways or any other road with or without drainage system","Uttarakhand","HARIDWAR(DISTRICT MAGISTRATE HARIDWAR_IDA)","Shri Naresh Bansal (2020-26) (2020-2026)","Elected MP","sansad ibrahimpur masih mein ausuchit basti mein main road se motiram ke makan ki aur interlocking tiles sadak nirman karya.ia(karyadai sanstatha)-block bhagwanpur","23-Jun-2026","100000","17-Jul-2026"
"125","Normal/Others","WS/MP850/2026-2027/287526-Construction of roads, link roads, pathways or any other road with or without drainage system","Uttarakhand","HARIDWAR(DISTRICT MAGISTRATE HARIDWAR_IDA)","Shri Naresh Bansal (2020-26) (2020-2026)","Elected MP","sansad adarsh gram ibrahimpur masih ke majre ibrahimpur mein ausuchit basti mein main road se saroj ke makan ki aur interlocking tiles sadak nirman karya.ia(karyadai sanstatha)-block bhagwanpur","23-Jun-2026","182000","17-Jul-2026"
"126","Normal/Others","WS/MP850/2026-2027/287528-Construction of roads, link roads, pathways or any other road with or without drainage system","Uttarakhand","HARIDWAR(DISTRICT MAGISTRATE HARIDWAR_IDA)","Shri Naresh Bansal (2020-26) (2020-2026)","Elected MP","sansad adarsh gram ibrahimpur masih mein anusuchit basti mein main road se sukhchain ke makan ki aur interlocking tiles sadak nirman karya.ia(karyadai sanstatha)-block bhagwanpur","23-Jun-2026","89000","17-Jul-2026"
"127","Normal/Others","WS/MP850/2026-2027/287529-Construction of roads, link roads, pathways or any other road with or without drainage system","Uttarakhand","HARIDWAR(DISTRICT MAGISTRATE HARIDWAR_IDA)","Shri Naresh Bansal (2020-26) (2020-2026)","Elected MP","sansad adarsh gram ibrahimpur masih ke majre ibrahimpur mein anusuchit basti mein main road se satish ke makan ki aur interlocking tiles sadak nirman karya.ia(karyadai sanstatha)-block bhagwanpur","23-Jun-2026","245000","17-Jul-2026"
"128","Normal/Others","WS/MP850/2026-2027/287530-Construction of roads, link roads, pathways or any other road with or without drainage system","Uttarakhand","HARIDWAR(DISTRICT MAGISTRATE HARIDWAR_IDA)","Shri Naresh Bansal (2020-26) (2020-2026)","Elected MP","sansad adarsh gram ibrahimpur masih ke majre ibrahimpur mein anusuchit basti mein main road se jaipal ke makan ki aur interlocking tiles sadak nirman karya.ia(karyadai sanstatha)-block bhagwanpur","23-Jun-2026","161000","17-Jul-2026"
"129","Normal/Others","WS/MP850/2026-2027/287531-Construction of roads, link roads, pathways or any other road with or without drainage system","Uttarakhand","HARIDWAR(DISTRICT MAGISTRATE HARIDWAR_IDA)","Shri Naresh Bansal (2020-26) (2020-2026)","Elected MP","sansad adarsh gram ibrahimpur masih ke majre ibrahimpur mein anusuchit basti mein main road se rajipal ke makan ki aur interlocking tiles sadak nirman karya.ia(karyadai sanstatha)-block bhagwanpur","23-Jun-2026","95000","17-Jul-2026"
"130","Normal/Others","WS/MP850/2026-2027/287532-Construction of roads, link roads, pathways or any other road with or without drainage system","Uttarakhand","HARIDWAR(DISTRICT MAGISTRATE HARIDWAR_IDA)","Shri Naresh Bansal (2020-26) (2020-2026)","Elected MP","sansad adarsh gram ibrahimpur masih ke majre ibrahimpur mein anusuchit basti mein main road se sishpal ke makan ki aur interlocking tiles sadak nirman karya.ia(karyadai sanstatha)-block bhagwanpur","23-Jun-2026","245000","17-Jul-2026"
"131","Normal/Others","WS/MP850/2026-2027/287533-Construction of roads, link roads, pathways or any other road with or without drainage system","Uttarakhand","HARIDWAR(DISTRICT MAGISTRATE HARIDWAR_IDA)","Shri Naresh Bansal (2020-26) (2020-2026)","Elected MP","sansad adarsh gram ibrahimpur masih ke majre ibrahimpur mein anusuchit basti mein mainroad se roshanlal ke makan ki aur interlocking tiles sadak nirman karya.ia(karyadai sanstatha)-block bhagwanpur","23-Jun-2026","61000","17-Jul-2026"
"132","Normal/Others","WS/MP850/2026-2027/287534-Construction of roads, link roads, pathways or any other road with or without drainage system","Uttarakhand","HARIDWAR(DISTRICT MAGISTRATE HARIDWAR_IDA)","Shri Naresh Bansal (2020-26) (2020-2026)","Elected MP","sansad adarsh gram ibrahimpur masih ke majre ibrahimpur mein anusuchit basti mein main road se fakirchandr ke makan ki aur interlocking tiles sadak nirman karya.ia(karyadai sanstatha)-block bhagwanpur","23-Jun-2026","136000","17-Jul-2026"
"133","Normal/Others","WS/MP204/2026-2027/264610-Installing hand pumps","Uttarakhand","HARIDWAR(DISTRICT MAGISTRATE HARIDWAR_IDA)","Dr. Kalpana Saini (2022-28) (2022-2028)","Elected MP","Installation of a Handpump near the community hall in the Schedulded Caste Locality of Lalwala Khalsa Gram Panchayat, Block Bhagwanpur, District Haridwar","05-Mar-2026","80000","14-Aug-2026"
"134","Normal/Others","NA-Installing hand pumps","Uttarakhand","HARIDWAR(DISTRICT MAGISTRATE HARIDWAR_IDA)","Dr. Kalpana Saini (2022-28) (2022-2028)","Elected MP","Establishment of a 'Samar Sevil' (Mini Tubewell)) along the canal at Mukandi Imarti Seva Nyas, Sangam Vihar, Jamalpur, Haridwar.","09-Aug-2026","163170","NA"
"135","Normal/Others","WS/MP18333/2025-2026/186613-Construction of water tanks","Uttarakhand","HARIDWAR(DISTRICT MAGISTRATE HARIDWAR_IDA)","Shri Mahendra Bhatt (2024-30) (2024-2030)","Elected MP","janpad haridwar ke gaindikhata me shrikrishanyan gaurakshashala me pani ki tanki nirman work. karyadai sansha- vikashkhand bahadrabad","26-Mar-2025","1000000","21-Apr-2025"
"136","Normal/Others","NA-Purchase of smart boards, visual display units and projectors","Uttarakhand","HARIDWAR(DISTRICT MAGISTRATE HARIDWAR_IDA)","Shri Mahendra Bhatt (2024-30) (2024-2030)","Elected MP","Janpad Haridwar ke Kewal Kanya Pathshala Inter College Manglaur Me do Smartbort evam ek Commputer Kary hetu. K.S.- Nagar palika Parishad Manglaur","14-May-2026","500000","NA"
"137","Trust and Society","NA-Construction of toilet blocks","Uttarakhand","HARIDWAR(DISTRICT MAGISTRATE HARIDWAR_IDA)","Shri Naresh Bansal (2020-26) (2020-2026)","Elected MP","NATIONAL JUNIOR HIGH SCHOOL DHANAURI MEIN TOILET BLOCKS KA NIRMAN KARYA .IA(KARYADAI SANSTATHA)-NATIONAL JUNIOR HIGH SCHOOL","22-Jun-2026","2000000","NA"
"138","Trust and Society","NA-Construction of toilet blocks","Uttarakhand","HARIDWAR(DISTRICT MAGISTRATE HARIDWAR_IDA)","Shri Naresh Bansal (2020-26) (2020-2026)","Elected MP","NATIONAL JUNIOR HIGH SCHOOL,DHANAURI MEIN TOLIET BLOCKS KA NIRMAN KARYA.IA(KARYADAI SANSTATHA)-NATIONAL JUNIOR HIGH SCHOOL","22-Jun-2026","1000000","NA"
"139","Normal/Others","NA-Construction of rooms and halls in school and colleges","Uttarakhand","HARIDWAR(DISTRICT MAGISTRATE HARIDWAR_IDA)","Dr. Kalpana Saini (2022-28) (2022-2028)","Elected MP","Construction of two classrooms at the Mahila kala Kendra, Valmiki Basti, Roorkee","04-Apr-2026","1000000","NA"
"140","Normal/Others","NA-Construction of rooms and halls in school and colleges","Uttarakhand","HARIDWAR(DISTRICT MAGISTRATE HARIDWAR_IDA)","Dr. Kalpana Saini (2022-28) (2022-2028)","Elected MP","Construction of two classrooms at the Mahila kala Kendra, Valmiki Basti, Roorkee","03-Aug-2026","1000000","NA"
"141","Normal/Others","WS/MP204/2025-2026/193366-Purchase of hearse van (Four, three and two wheelers)","Uttarakhand","HARIDWAR(DISTRICT MAGISTRATE HARIDWAR_IDA)","Dr. Kalpana Saini (2022-28) (2022-2028)","Elected MP","To purchase a hearse for Nirvana Ashram, Malviya Chowk, Ganeshpur, Roorkee","22-Apr-2025","2565000","19-Aug-2025"
"142","Normal/Others","WS/MP204/2024-2025/156570-Purchase of prosthetics, wheel chairs, tricycles (manual or motorized), elect scooties, hearing aids","Uttarakhand","HARIDWAR(DISTRICT MAGISTRATE HARIDWAR_IDA)","Dr. Kalpana Saini (2022-28) (2022-2028)","Elected MP","Purchase wheel chair at Roorkee Railway Statio","03-Dec-2024","40000","05-Mar-2025"
"143","Normal/Others","WS/MP850/2026-2027/263924-Construction of flood control embankments/ protection walls along riverbanks, hilltops, roadsides","Uttarakhand","HARIDWAR(DISTRICT MAGISTRATE HARIDWAR_IDA)","Shri Naresh Bansal (2020-26) (2020-2026)","Elected MP","gram bijhauli mein roorkee byepass 334 par national dhaba se talab ki aur rcc nala nirman.ia(karyadai sanstatha)-block roorkee","31-Jan-2026","1155000","15-May-2026"
"144","Normal/Others","WS/MP850/2023-2024/69468-Construction of roads, link roads, pathways or any other road with or without drainage system","Uttarakhand","HARIDWAR(DISTRICT MAGISTRATE HARIDWAR_IDA)","Shri Naresh Bansal (2020-26) (2020-2026)","Elected MP","construction of CCROAD FROM MAIN ROAD TO SHRI RAJENDRA KUMAR HOUSE IN VILLAGE KUNJA BAHADURPUR,BLOCK-BAGWANPUR IA( KARYADAI SANTATHA)- NAGAR PANCHAYAT PADALI GUJJAR","26-Dec-2023","659551","10-Jan-2024"
"145","Normal/Others","WS/MP850/2023-2024/69470-Construction of roads, link roads, pathways or any other road with or without drainage system","Uttarakhand","HARIDWAR(DISTRICT MAGISTRATE HARIDWAR_IDA)","Shri Naresh Bansal (2020-26) (2020-2026)","Elected MP","GRAM MANAK MAZRA MEIN SHRI TELLURAM KI DUKAN SE SHRI SATYAPAL SAINI KE MAKAN TAK CC ROAD KA NIRMAN. VILLAGE - MANAK MAZRA BLOCK - BHAGWANPUR IA(KARYADAI SANTATHA) - NAGAR PANCHAYAT PADALI GUJJAR","26-Dec-2023","753059","10-Jan-2024"
"146","Normal/Others","WS/MP850/2023-2024/69471-Construction of roads, link roads, pathways or any other road with or without drainage system","Uttarakhand","HARIDWAR(DISTRICT MAGISTRATE HARIDWAR_IDA)","Shri Naresh Bansal (2020-26) (2020-2026)","Elected MP","GRAM MUNDLANA MEIN MANGLAUR MUNDLANA MARG PAR SHRI VIJAYPAL PUTR SHRI AMUL SINGH KE MAKAN SE DEVENDRA PUTR SHRI SATPAL KE MAKAN TAK INTERLOCKING TILES SARAK KA NIRMAN IA(KARAYADAI SANTATHA) - NAGAR PANCHACHAYAT PADALI GUJJAR","26-Dec-2023","983853","10-Jan-2024"
"147","Normal/Others","WS/MP850/2023-2024/69505-Construction of roads, link roads, pathways or any other road with or without drainage system","Uttarakhand","HARIDWAR(DISTRICT MAGISTRATE HARIDWAR_IDA)","Shri Naresh Bansal (2020-26) (2020-2026)","Elected MP","BLOCK ROORKEE KE GRAM RAMPUR MEIN RANA COLONY MEIN SHRI ASHOK SAINI KE MAKAN SE SHRI RAJENDRA SAINI KE MAKAN TAK CC ROAD KA NIRMAN IA( KARYADAI SANSTATHA)- NAGAR PANCHAYAT PADALI GUJJAR","26-Dec-2023","592227","10-Jan-2024"
"148","Normal/Others","WS/MP850/2023-2024/69506-Construction of roads, link roads, pathways or any other road with or without drainage system","Uttarakhand","HARIDWAR(DISTRICT MAGISTRATE HARIDWAR_IDA)","Shri Naresh Bansal (2020-26) (2020-2026)","Elected MP","BLOCK -ROORKEE KE GRAM- RAMPUR MEIN MAIN ROAD SE NARESH VALMIKI KE MAKAN KI AUR CC ROAD KA NIRMAN  SC KHETR  IA( KARAYADAI SANSTATHA)- NAGAR PANCHAYAT PADALI GUJJAR","26-Dec-2023","424245","10-Jan-2024"
"149","Normal/Others","WS/MP850/2023-2024/69507-Construction of roads, link roads, pathways or any other road with or without drainage system","Uttarakhand","HARIDWAR(DISTRICT MAGISTRATE HARIDWAR_IDA)","Shri Naresh Bansal (2020-26) (2020-2026)","Elected MP","BLOCK -ROORKEE KE GRAM DHANAURI MEIN MAIN GATE SE RAVIDAS MANDIR TAK CC ROAD EVAM NALI KA NIRMAN  IA(KARYADAI SANSTATHA)-NAGAR PANCHAYAT PADALI GUJJAR","26-Dec-2023","664125","10-Jan-2024"
"150","Normal/Others","WS/MP204/2023-2024/74103-Construction of roads, link roads, pathways or any other road with or without drainage system","Uttarakhand","HARIDWAR(DISTRICT MAGISTRATE HARIDWAR_IDA)","Dr. Kalpana Saini (2022-28) (2022-2028)","Elected MP","Construction of Road and Broomstick/Chamfer,  in Kankhal (haridar) Ganpati dham Phase-3 to Sangam Vihar (Jamalpur)","03-Jan-2024","1879934","15-Feb-2024"
"151","Normal/Others","WS/MP850/2023-2024/84690-Construction of roads, link roads, pathways or any other road with or without drainage system","Uttarakhand","HARIDWAR(DISTRICT MAGISTRATE HARIDWAR_IDA)","Shri Naresh Bansal (2020-26) (2020-2026)","Elected MP","VILLAGE DARIYAPUR MEIN MAIN ROAD SE PANCHAYAT BHAWAN KI AUR CC ROAD KA NIRMAN IA(NAGAR PANCHAYAT PADALI GUJJAR)","19-Jan-2024","573051","27-Jan-2024"
"152","Normal/Others","WS/MP850/2023-2024/84691-Construction of roads, link roads, pathways or any other road with or without drainage system","Uttarakhand","HARIDWAR(DISTRICT MAGISTRATE HARIDWAR_IDA)","Shri Naresh Bansal (2020-26) (2020-2026)","Elected MP","RAJENDRA NAGAAR SAFIPUR MEIN MAIN ROAD DINESH SINGH RAWAT KE MAKAN SE SANJEEV KE MAKAN TAK CC ROAD EVAM NALI NIRMAN.. IA(KARYADAI SANTATHA - NAGAR PANCHAYAT PADALI GUJJAR)","19-Jan-2024","243116","27-Jan-2024"
"153","Normal/Others","WS/MP850/2023-2024/84692-Construction of roads, link roads, pathways or any other road with or without drainage system","Uttarakhand","HARIDWAR(DISTRICT MAGISTRATE HARIDWAR_IDA)","Shri Naresh Bansal (2020-26) (2020-2026)","Elected MP","SHRI PAPPU KE MAKAN SE SHRI MAHENDRA KE MAKAN TAK CC ROAD KA NIRAM .. IA(KARYADAI SANTATHA- NAGAR PANCHAYAT PADALI GUJJAR)","19-Jan-2024","591230","27-Jan-2024"
"154","Normal/Others","WS/MP850/2023-2024/84726-Construction of roads, link roads, pathways or any other road with or without drainage system","Uttarakhand","HARIDWAR(DISTRICT MAGISTRATE HARIDWAR_IDA)","Shri Naresh Bansal (2020-26) (2020-2026)","Elected MP","MAIN ROAD SE RAMKISHAN KE MAKAN KI AUR INTERLOCKING TILES SE SARAK  NIRMAN .. IA(KARYADAI SANSTATHA)-PAGAR PALIKA PRAISHAD ,SHIVALIK NAGAR","19-Jan-2024","760061","27-Jan-2024"
"155","Normal/Others","WS/MP850/2023-2024/84768-Construction of roads, link roads, pathways or any other road with or without drainage system","Uttarakhand","HARIDWAR(DISTRICT MAGISTRATE HARIDWAR_IDA)","Shri Naresh Bansal (2020-26) (2020-2026)","Elected MP","GRAM- AKODHA MUKHARMATPUR MEIN MAIN ROAD SE BALBIR KE MAKAN KI AUR CC ROAD KA NIRMAN.. IA(KARYADAI SANSTATHA ) -NAGAR PANCHAYAT SULTANPUR","19-Jan-2024","838601","06-Feb-2024"
"156","Normal/Others","WS/MP850/2023-2024/97008-Construction of roads, link roads, pathways or any other road with or without drainage system","Uttarakhand","HARIDWAR(DISTRICT MAGISTRATE HARIDWAR_IDA)","Shri Naresh Bansal (2020-26) (2020-2026)","Elected MP","GRAM HALLU MAJRA MEIN SUSHIL KE MAKAN SE HANUMAN MANDIR CHOWK TAK CC ROAD KA NIRMAN IA( KARYADAI SANSTATHA ) - NAGAR PANCHAYAT PADALI GUJJAR","05-Feb-2024","640157","08-Mar-2024"
"157","Normal/Others","WS/MP850/2023-2024/97009-Construction of roads, link roads, pathways or any other road with or without drainage system","Uttarakhand","HARIDWAR(DISTRICT MAGISTRATE HARIDWAR_IDA)","Shri Naresh Bansal (2020-26) (2020-2026)","Elected MP","GRAM BADHERI MEIN MAIN ROAD ISRAR KE MAKAN SE INTZAR KE MAKAN TAK CC ROAD EVAM NALI KA NIRMAN KARYA ..  IA ( KARYADAI SANTATHA ) NAGAR PANCHAYAT PADALI GUJJAR","05-Feb-2024","621051","08-Mar-2024"
"158","Normal/Others","WS/MP850/2023-2024/97010-Construction of roads, link roads, pathways or any other road with or without drainage system","Uttarakhand","HARIDWAR(DISTRICT MAGISTRATE HARIDWAR_IDA)","Shri Naresh Bansal (2020-26) (2020-2026)","Elected MP","GRAM - BOODPUR MEIN MANJU CHAUDHARY KE FARM HOUSE SE GATTA FACTORY TAK INTERLOCKING TILES ROAD EVAM NALI NIRMAN KARYA ..  IA( KARYADAI SANSTATHA ) - NAGAR PANCHAYAT PADALI GUJJAR","05-Feb-2024","992563","08-Mar-2024"
"159","Normal/Others","WS/MP850/2023-2024/97011-Construction of roads, link roads, pathways or any other road with or without drainage system","Uttarakhand","HARIDWAR(DISTRICT MAGISTRATE HARIDWAR_IDA)","Shri Naresh Bansal (2020-26) (2020-2026)","Elected MP","GRAM BHARAMPURI KI SAHAJPURAM SOCIETY MEIN GALI NO - 6 MEIN CC ROAD NIRMAN. IA( KARYADAI SANSTATHA ) - NAGAR PANCHAYAT PADALI GUJJAR","05-Feb-2024","662978","08-Mar-2024"
"160","Normal/Others","WS/MP850/2023-2024/100851-Construction of roads, link roads, pathways or any other road with or without drainage system","Uttarakhand","HARIDWAR(DISTRICT MAGISTRATE HARIDWAR_IDA)","Shri Naresh Bansal (2020-26) (2020-2026)","Elected MP","WARD NO -9 AZAD NAGAR GANGA VIHAR COLONY MEIN SATISH KUMAR KE GHAR SE RAJIV KAUSHIK KE GHAR TAK CC ROAD NIRMAN.. IA( KARYADAI SANSTATHA ) - NAGAR PANCHAYAT SULTANPUR","08-Feb-2024","791602","27-Feb-2024"
"161","Normal/Others","WS/MP850/2024-2025/118046-Construction of roads, link roads, pathways or any other road with or without drainage system","Uttarakhand","HARIDWAR(DISTRICT MAGISTRATE HARIDWAR_IDA)","Shri Naresh Bansal (2020-26) (2020-2026)","Elected MP","GRAM - BHAURI MEIN KAWAR SINGH KE MAKAN SE BHARACHNAR KI AUR INTERLOCKING TILES ROAD NIRMAN... IA(KARYADAI SANSTATHA ) - NAGAR PANCHAYAT PADALI GUJJAR","01-Mar-2024","993514","26-Jul-2024"
"162","Normal/Others","WS/MP850/2024-2025/118047-Construction of roads, link roads, pathways or any other road with or without drainage system","Uttarakhand","HARIDWAR(DISTRICT MAGISTRATE HARIDWAR_IDA)","Shri Naresh Bansal (2020-26) (2020-2026)","Elected MP","MANNAKEDHI MEIN MAIN ROAD SE AMIT KUMAR KE MAKAN KI AUR CC ROAD NIRMAN.. IA(KARYADAI SANSTATHA)- NAGAR PANCHAYAT PADALI GUJJAR","01-Mar-2024","287000","26-Jul-2024"
"163","Normal/Others","WS/MP850/2024-2025/118048-Construction of roads, link roads, pathways or any other road with or without drainage system","Uttarakhand","HARIDWAR(DISTRICT MAGISTRATE HARIDWAR_IDA)","Shri Naresh Bansal (2020-26) (2020-2026)","Elected MP","GURUKUL MEIN MAIN ROAD SE SUBHASH KE MAKAN TAK ROAD NIRMAN ... IA(KARYADAI SANSTATHA ) - NAGAR PANCHAYAT PADALI GUJJAR","01-Mar-2024","570847","26-Jul-2024"
"164","Normal/Others","WS/MP204/2024-2025/119143-Construction of roads, link roads, pathways or any other road with or without drainage system","Uttarakhand","HARIDWAR(DISTRICT MAGISTRATE HARIDWAR_IDA)","Dr. Kalpana Saini (2022-28) (2022-2028)","Elected MP","In Ward No. 9 Mohanpura Roorkee, Construction of road from Aryan Hotel to Baleshwar's house via Pradeep Pal's house","02-Mar-2024","1800000","26-Jul-2024"
"165","Normal/Others","NA-Construction of roads, link roads, pathways or any other road with or without drainage system","Uttarakhand","HARIDWAR(DISTRICT MAGISTRATE HARIDWAR_IDA)","Dr. Kalpana Saini (2022-28) (2022-2028)","Elected MP","Construction of Construction of 50 meter wall along the side of the road from Sangam Vihar Pulia to Mukandi Imrati jansewa nyas Trust.","12-Mar-2024","272659","NA"
"166","Normal/Others","WS/MP204/2025-2026/149786-Construction of roads, link roads, pathways or any other road with or without drainage system","Uttarakhand","HARIDWAR(DISTRICT MAGISTRATE HARIDWAR_IDA)","Dr. Kalpana Saini (2022-28) (2022-2028)","Elected MP","in Secror 40, village Matlabpur  Interlocking Tiles Road Construction  from sector road, transformer to shri anuj saini's home","29-Oct-2024","1000000","08-Apr-2025"
"167","Normal/Others","WS/MP204/2025-2026/156774-Construction of roads, link roads, pathways or any other road with or without drainage system","Uttarakhand","HARIDWAR(DISTRICT MAGISTRATE HARIDWAR_IDA)","Dr. Kalpana Saini (2022-28) (2022-2028)","Elected MP","Road construction with interlocking tiles from the house of Shri Dharmendra Saini to the house of Shri Subhash Saini in Village Toda Kalyanpur, Mustakam Roorkee","09-Dec-2024","400000","08-Apr-2025"
"168","Normal/Others","WS/MP204/2025-2026/159135-Construction of roads, link roads, pathways or any other road with or without drainage system","Uttarakhand","HARIDWAR(DISTRICT MAGISTRATE HARIDWAR_IDA)","Dr. Kalpana Saini (2022-28) (2022-2028)","Elected MP","Construction of Roof in the Cremation Ground of Scheduled Caste Majority village Mohammadpur Jat, Block Narsan","18-Dec-2024","1000000","03-Apr-2025"
"169","Normal/Others","WS/MP204/2025-2026/159143-Construction of roads, link roads, pathways or any other road with or without drainage system","Uttarakhand","HARIDWAR(DISTRICT MAGISTRATE HARIDWAR_IDA)","Dr. Kalpana Saini (2022-28) (2022-2028)","Elected MP","Construction of Interlocking Tiles Road from Shri Nakliram's house to post office near Government Ayurvedic Hospital in Scheduled Majority village Hallu Mazara, Block Bhagwanpur","18-Dec-2024","1000000","01-Apr-2025"
"170","Normal/Others","WS/MP204/2025-2026/159847-Construction of roads, link roads, pathways or any other road with or without drainage system","Uttarakhand","HARIDWAR(DISTRICT MAGISTRATE HARIDWAR_IDA)","Dr. Kalpana Saini (2022-28) (2022-2028)","Elected MP","Construction of Interlocking Tiles Road from Shri Jaichand's house to Primary School in Scheduled Majority village Gee Mohd Saidpur","18-Dec-2024","800000","01-Apr-2025"
"171","Normal/Others","WS/MP204/2025-2026/164567-Construction of roads, link roads, pathways or any other road with or without drainage system","Uttarakhand","HARIDWAR(DISTRICT MAGISTRATE HARIDWAR_IDA)","Dr. Kalpana Saini (2022-28) (2022-2028)","Elected MP","Construction of interlocking tiles road from Shri Kaluram farm to Somveer farm on the main road in the Scheduled Caste dominated colony of Gram Panchayat Bhauri, Block Roorkee","10-Jan-2025","500000","08-Apr-2025"
"172","Normal/Others","WS/MP204/2025-2026/164571-Construction of roads, link roads, pathways or any other road with or without drainage system","Uttarakhand","HARIDWAR(DISTRICT MAGISTRATE HARIDWAR_IDA)","Dr. Kalpana Saini (2022-28) (2022-2028)","Elected MP","Construction of interlocking tiles road from the farm of Shri Shyam Singh Saini to the farm of government school on the main road in the scheduled caste dominated colony of Gram Panchayat Bhauri, Block Roorkee","10-Jan-2025","500000","08-Apr-2025"
"173","Normal/Others","WS/MP204/2025-2026/164573-Construction of roads, link roads, pathways or any other road with or without drainage system","Uttarakhand","HARIDWAR(DISTRICT MAGISTRATE HARIDWAR_IDA)","Dr. Kalpana Saini (2022-28) (2022-2028)","Elected MP","Construction of interlocking tiles road from the farm of Shri Rajkumar Saini to the farm of Vedprakash Saini on the main road in the Scheduled Caste dominated colony of Gram Panchayat Bhauri, Block Roorkee","10-Jan-2025","300000","08-Apr-2025"
"174","Normal/Others","WS/MP204/2025-2026/167920-Construction of roads, link roads, pathways or any other road with or without drainage system","Uttarakhand","HARIDWAR(DISTRICT MAGISTRATE HARIDWAR_IDA)","Dr. Kalpana Saini (2022-28) (2022-2028)","Elected MP","Interlocking tiles road construction in street number 2, Dev Enclave, Near Yogeshwar Public School, Dhandera, District Haridwar","24-Jan-2025","800000","03-Apr-2025"
"175","Normal/Others","WS/MP850/2024-2025/139680-Construction of roads, link roads, pathways or any other road with or without drainage system","Uttarakhand","HARIDWAR(DISTRICT MAGISTRATE HARIDWAR_IDA)","Shri Naresh Bansal (2020-26) (2020-2026)","Elected MP","saliyar mein manish saini,janeshwar saini ke makan ke pass se akhlakh ke makan ki aur interlocking tiles sadak nirman IA karyadai sanstatha - nagar panchayat Imli Khera","07-Sep-2024","2000000","09-Oct-2024"
"176","Normal/Others","WS/MP204/2024-2025/174232-Construction of roads, link roads, pathways or any other road with or without drainage system","Uttarakhand","HARIDWAR(DISTRICT MAGISTRATE HARIDWAR_IDA)","Dr. Kalpana Saini (2022-28) (2022-2028)","Elected MP","Construction of interlocking tiles road from the house of Shri Jaiveer Singh to the house of Shri Vijay Singh in Harijan Basti under Gram Panchayat Haddipur Grant Bahadarabad","12-Feb-2025","1000000","27-Mar-2025"
"177","Normal/Others","WS/MP204/2025-2026/174237-Construction of roads, link roads, pathways or any other road with or without drainage system","Uttarakhand","HARIDWAR(DISTRICT MAGISTRATE HARIDWAR_IDA)","Dr. Kalpana Saini (2022-28) (2022-2028)","Elected MP","Construction of Interlocking Tiles Road from Main Road to the farm of Shri Bighan Singh Saini in Village Munda Kheda Kalan, Block Laksar, Haridwar","11-Feb-2025","300000","04-Apr-2025"
"178","Normal/Others","WS/MP204/2025-2026/174763-Construction of roads, link roads, pathways or any other road with or without drainage system","Uttarakhand","HARIDWAR(DISTRICT MAGISTRATE HARIDWAR_IDA)","Dr. Kalpana Saini (2022-28) (2022-2028)","Elected MP","Construction of interlocking tiles road from Sardar Mahavir Singh house in village Tanda Hasangarh Majra Khedi Shikohpur, block Bhagwanpur via Shri Mohkam Singh dairy to Shri Sohan Singh house towards Shri Chandrapal house","10-Feb-2025","1500000","01-Apr-2025"
"179","Normal/Others","WS/MP204/2026-2027/267523-Construction of rooms and halls in school and colleges","Uttarakhand","HARIDWAR(DISTRICT MAGISTRATE HARIDWAR_IDA)","Dr. Kalpana Saini (2022-28) (2022-2028)","Elected MP","Repair work of Classrooms roofs at Dr. Hariram Arya Inter college Mayapur, Haridwar","10-Feb-2026","1000000","15-May-2026"
"180","Normal/Others","WS/MP204/2026-2027/256850-Construction of rooms and halls in school and colleges","Uttarakhand","HARIDWAR(DISTRICT MAGISTRATE HARIDWAR_IDA)","Dr. Kalpana Saini (2022-28) (2022-2028)","Elected MP","Construction of Class Room at Vatsalya Vatika, Ashok Singhal Sewa Dham, B.H.E.L Mor, Bahadarabad, District Haridwar","03-Jan-2026","800000","06-Aug-2026"
"181","Normal/Others","WS/MP850/2025-2026/182069-Construction of rooms and halls in school and colleges","Uttarakhand","HARIDWAR(DISTRICT MAGISTRATE HARIDWAR_IDA)","Shri Naresh Bansal (2020-26) (2020-2026)","Elected MP","SHRI GANDHI MAHILA SHILP VIDYALYA INTER COLLEGE ROORKEE KA BACHHA HUA  SHESH KARYA.IA KARYADI SANSTATHA NAGAR PANCHAYAT IMLI KHERA","15-Mar-2025","500000","03-Jun-2025"
"182","Normal/Others","WS/MP204/2025-2026/186821-Construction of rooms and halls in school and colleges","Uttarakhand","HARIDWAR(DISTRICT MAGISTRATE HARIDWAR_IDA)","Dr. Kalpana Saini (2022-28) (2022-2028)","Elected MP","Construction of class room in Harishchander Kailashwati Saraswati Vidya Mandir, Bhagwanpur, shahpur, Haridwar","26-Mar-2025","1500000","01-Jan-2026"
"183","Normal/Others","WS/MP850/2023-2024/25565-Construction of rooms and halls in school and colleges","Uttarakhand","HARIDWAR(DISTRICT MAGISTRATE HARIDWAR_IDA)","Shri Naresh Bansal (2020-26) (2020-2026)","Elected MP","construction of one additional room at ""VATSALYA VATIKA""HOSTEL in village BHADRABAD ,BLOCK BHADRABAD  IA(KARYADAI SANSTATHA)-NAGAR PALIKA PARISHAD SHIWALIKNAGAR","24-Sep-2023","1144250","07-Dec-2023"
"184","Normal/Others","WS/MP850/2023-2024/70508-Construction of rooms and halls in school and colleges","Uttarakhand","HARIDWAR(DISTRICT MAGISTRATE HARIDWAR_IDA)","Shri Naresh Bansal (2020-26) (2020-2026)","Elected MP","POLICE MORDERN SCHOOL,POLICE LINE ROSHNABAD ,WARD NO. - 13, NAGAR PALIKA SHIVALIK NAGAR  MEIN EK KAKSH KA NIRMAN.  IA ( KARYADAI SANSTATHA)-NAGAR PALIKA PARISHAD SHIVALIK NAGAR","28-Dec-2023","1000000","16-Jan-2024"
"185","Normal/Others","WS/MP850/2023-2024/84727-Construction of rooms and halls in school and colleges","Uttarakhand","HARIDWAR(DISTRICT MAGISTRATE HARIDWAR_IDA)","Shri Naresh Bansal (2020-26) (2020-2026)","Elected MP","SHRI GANDHI MAHILA SHILP VIDYALYA INTER COLLEGE ,ROORKEE MEIN CLASS ROOM KA NIRMAN .. IA( KARYADAI SANSTATHA) - NAGAR PALIKA PARISHAD SHIVALIK NAGAR","19-Jan-2024","2000000","27-Jan-2024"
"186","Normal/Others","WS/MP850/2023-2024/100863-Construction of Government office buildings (Post office, Police station, Police chauki, etc.)","Uttarakhand","HARIDWAR(DISTRICT MAGISTRATE HARIDWAR_IDA)","Shri Naresh Bansal (2020-26) (2020-2026)","Elected MP","THANA KHANKHAL MEIN MAHILA HELP DESK HETU ROOM EVAM TOILET KA NIRMAN .. IA( KARYADAI SANSTATHA )- NAGAR PANCHAYAT PADALI GUJJAR","09-Feb-2024","951274","12-Mar-2024"
"187","Normal/Others","WS/MP850/2023-2024/100865-Construction of Government office buildings (Post office, Police station, Police chauki, etc.)","Uttarakhand","HARIDWAR(DISTRICT MAGISTRATE HARIDWAR_IDA)","Shri Naresh Bansal (2020-26) (2020-2026)","Elected MP","KOTWALI JAWALAPUR MEIN MAHILA HELP DESK HETU ROOM EVAM TOILET KA NIRMAN.. IA( KARYADAI SANSTATHA )- NAGAR PANCHAYAT PADALI GUJJAR","09-Feb-2024","973919","12-Mar-2024"
"188","Normal/Others","WS/MP850/2023-2024/100866-Construction of Government office buildings (Post office, Police station, Police chauki, etc.)","Uttarakhand","HARIDWAR(DISTRICT MAGISTRATE HARIDWAR_IDA)","Shri Naresh Bansal (2020-26) (2020-2026)","Elected MP","KOTWALI LAKSAR MEIN MAHILA HELP DESK HETU ROOM EVAM TOILET KA NIRMAN.. IA(KARYADAI SANSTATHA )- NAGAR PANCHAYAT PADALI GUJJAR","09-Feb-2024","990952","12-Mar-2024"
"189","Normal/Others","WS/MP850/2023-2024/100867-Construction of Government office buildings (Post office, Police station, Police chauki, etc.)","Uttarakhand","HARIDWAR(DISTRICT MAGISTRATE HARIDWAR_IDA)","Shri Naresh Bansal (2020-26) (2020-2026)","Elected MP","GRAM PANCHAYAT KHANPUR ,VIKASKHAND KHANPUR KE THANA KHANPUR MEIN MAHILA HELP DESK HETU ROOM EVAM TOILET KA NIRMAN.. IA(KARYADAI SANSTATHA )- NAGAR PANCHAYAT PADALI GUJJAR","09-Feb-2024","1000000","12-Mar-2024"
"190","Normal/Others","WS/MP850/2023-2024/100868-Construction of Government office buildings (Post office, Police station, Police chauki, etc.)","Uttarakhand","HARIDWAR(DISTRICT MAGISTRATE HARIDWAR_IDA)","Shri Naresh Bansal (2020-26) (2020-2026)","Elected MP","KOTWALI ROORKEE MEIN MAHILA HELP DESK HETU ROOM EVAM TOILET KA NIRMAN .. IA( KARYADAI SANSTATHA ) - NAGAR PANCHAYAT PADALI GUJJAR","09-Feb-2024","945414","12-Mar-2024"
"191","Normal/Others","WS/MP850/2023-2024/100869-Construction of Government office buildings (Post office, Police station, Police chauki, etc.)","Uttarakhand","HARIDWAR(DISTRICT MAGISTRATE HARIDWAR_IDA)","Shri Naresh Bansal (2020-26) (2020-2026)","Elected MP","THANA SHYAMPUR MEIN MAHILA HELP DESK HETU ROOM EVAM TOILET KA NIRMAN.. IA( KARYADAI SANSTATHA )- NAGAR PANCHAYAT PADALI GUJJAR","09-Feb-2024","985228","12-Mar-2024"
"192","Normal/Others","WS/MP850/2024-2025/103004-Construction of Government office buildings (Post office, Police station, Police chauki, etc.)","Uttarakhand","HARIDWAR(DISTRICT MAGISTRATE HARIDWAR_IDA)","Shri Naresh Bansal (2020-26) (2020-2026)","Elected MP","KOTWALI GANGNAHAR WARD 15 MEIN MAHILA HELP DESK HETU EK ROOM EVAM TOILET KA NIRMAN.. IA(KARYADAI SANSTATHA ) - NAGAR PANCHAYAT BHAGWANPUR","11-Feb-2024","1000000","26-Jul-2024"
"193","Normal/Others","WS/MP850/2024-2025/103005-Construction of Government office buildings (Post office, Police station, Police chauki, etc.)","Uttarakhand","HARIDWAR(DISTRICT MAGISTRATE HARIDWAR_IDA)","Shri Naresh Bansal (2020-26) (2020-2026)","Elected MP","KOTWALI MANGLAUR MEIN MAHILA HELP DESK HETU EK ROOM EVAM TOILET KA NIRMAN.. IA(KARYADAI SANSTATHA )- NAGAR PANCHAYAT BHAGWANPUR","11-Feb-2024","1000000","26-Jul-2024"
"194","Normal/Others","WS/MP850/2024-2025/103006-Construction of Government office buildings (Post office, Police station, Police chauki, etc.)","Uttarakhand","HARIDWAR(DISTRICT MAGISTRATE HARIDWAR_IDA)","Shri Naresh Bansal (2020-26) (2020-2026)","Elected MP","THANA BAHADRABAD MEIN MAHILA HELP DESK HETU EK ROOM EVAM TOILET KA NIRMAN.. IA( KARYADAI SANSTATHA ) - NAGAR PANCHAYAT BHAGWANPUR","11-Feb-2024","1000000","26-Jul-2024"
"195","Normal/Others","WS/MP850/2024-2025/103007-Construction of Government office buildings (Post office, Police station, Police chauki, etc.)","Uttarakhand","HARIDWAR(DISTRICT MAGISTRATE HARIDWAR_IDA)","Shri Naresh Bansal (2020-26) (2020-2026)","Elected MP","THANA PATHRI MEIN MAHILA HELP DESK HETU EK ROOM EVAM TOILET KA NIRMAN .. IA(KARYADAI SANSTATHA ) - NAGAR PANCHAYAT BHAGWANPUR","11-Feb-2024","1000000","26-Jul-2024"
"196","Normal/Others","WS/MP850/2024-2025/103008-Construction of Government office buildings (Post office, Police station, Police chauki, etc.)","Uttarakhand","HARIDWAR(DISTRICT MAGISTRATE HARIDWAR_IDA)","Shri Naresh Bansal (2020-26) (2020-2026)","Elected MP","THANA PIRAN KALIYAR MEIN MAHILA HELP DESK HETU EK ROOM EVAM TOILET KA NIRMAN .. IA(KARYADAI SANSTATHA ) - NAGAR PANCHAYAT BHAGWANPUR","11-Feb-2024","1000000","26-Jul-2024"
"197","Normal/Others","WS/MP850/2024-2025/103009-Construction of Government office buildings (Post office, Police station, Police chauki, etc.)","Uttarakhand","HARIDWAR(DISTRICT MAGISTRATE HARIDWAR_IDA)","Shri Naresh Bansal (2020-26) (2020-2026)","Elected MP","THANA BHAGWANPUR MEIN MAHILA HELP DESK HETU EK ROOM EVAM TOILET KA NIRMAN .. IA(KARYADAI SANSTATHA) - NAGAR PANCHAYAT BHAGWANPUR","11-Feb-2024","1000000","26-Jul-2024"
"198","Normal/Others","WS/MP850/2024-2025/103010-Construction of Government office buildings (Post office, Police station, Police chauki, etc.)","Uttarakhand","HARIDWAR(DISTRICT MAGISTRATE HARIDWAR_IDA)","Shri Naresh Bansal (2020-26) (2020-2026)","Elected MP","THANA BUGGAWALA MEIN MAHILA HELP DESK HETU EK ROOM EVAM TOILET KA NIRMAN ..... IA(KARYADAI SANSTATHA ) - NAGAR PANCHAYAT BHAGWANPUR","11-Feb-2024","1000000","26-Jul-2024"
"199","Normal/Others","WS/MP850/2024-2025/103011-Construction of Government office buildings (Post office, Police station, Police chauki, etc.)","Uttarakhand","HARIDWAR(DISTRICT MAGISTRATE HARIDWAR_IDA)","Shri Naresh Bansal (2020-26) (2020-2026)","Elected MP","KOTWALI RANIPUR MEIN MAHLIHA HELP DESK HETU EK ROOM EVAM TOILET KA NIRMAN.. IA( KARYADAI SANSTATHA )- NAGAR PANCHAYAT BHAGWANPUR","11-Feb-2024","1000000","26-Jul-2024"
"200","Normal/Others","WS/MP204/2025-2026/234517-Construction of boundary walls of existing public and community buildings","Uttarakhand","HARIDWAR(DISTRICT MAGISTRATE HARIDWAR_IDA)","Dr. Kalpana Saini (2022-28) (2022-2028)","Elected MP","Construction of Front Wall of Canteen or Kitchen at mahatma Jyoti Ba Phule Saini Dharmashala, Roorkee","18-Sep-2025","190000","28-Jan-2026"
"201","Normal/Others","WS/MP204/2025-2026/234519-Construction of boundary walls of existing public and community buildings","Uttarakhand","HARIDWAR(DISTRICT MAGISTRATE HARIDWAR_IDA)","Dr. Kalpana Saini (2022-28) (2022-2028)","Elected MP","Construction of open Verandah attached to the wall at mahatma jyoti Ba Phule Saini Dharmshala Roorkee","18-Sep-2025","410000","28-Jan-2026"
"202","Normal/Others","WS/MP850/2026-2027/276620-Construction of boundary walls of existing public and community buildings","Uttarakhand","HARIDWAR(DISTRICT MAGISTRATE HARIDWAR_IDA)","Shri Naresh Bansal (2020-26) (2020-2026)","Elected MP","gram sartheri mein shamshanghat ki chardiwari ka niram karya.ia(karyadai sanstatha)-block roorkee","30-Mar-2026","955000","15-May-2026"
"203","Normal/Others","WS/MP850/2026-2027/280071-Construction of boundary walls of existing public and community buildings","Uttarakhand","HARIDWAR(DISTRICT MAGISTRATE HARIDWAR_IDA)","Shri Naresh Bansal (2020-26) (2020-2026)","Elected MP","gram maohamadpur panda mein shamshan ghat ki chardiwari ka karya.ia (karyadai sanstatha)-block roorkee","12-May-2026","460000","08-Jul-2026"
"204","Normal/Others","NA-Construction of boundary walls of existing public and community buildings","Uttarakhand","HARIDWAR(DISTRICT MAGISTRATE HARIDWAR_IDA)","Shri Naresh Bansal (2020-26) (2020-2026)","Elected MP","gram sartheri mein shamshanghat ki diwar evam cc ka nirman karya.ia(karyadai sanstatha)-block bhagwanpur","20-Aug-2026","607000","NA"
"205","Normal/Others","WS/MP204/2025-2026/158809-Construction of buildings for community cultural activities","Uttarakhand","HARIDWAR(DISTRICT MAGISTRATE HARIDWAR_IDA)","Dr. Kalpana Saini (2022-28) (2022-2028)","Elected MP","Construction of roof at the Crematorium in Scheduled Majority village Hallu Mazara, Block Bhagwanpur","18-Dec-2024","1000000","01-Apr-2025"
"206","Normal/Others","WS/MP204/2025-2026/159089-Construction of buildings for community cultural activities","Uttarakhand","HARIDWAR(DISTRICT MAGISTRATE HARIDWAR_IDA)","Dr. Kalpana Saini (2022-28) (2022-2028)","Elected MP","Construction of Roof in the Cremation Ground of Scheduled MajorityVillage Habibpur Niwada, Block Bhagwanpur","18-Dec-2024","1000000","01-Apr-2025"
"207","Normal/Others","WS/MP204/2025-2026/159140-Construction of buildings for community cultural activities","Uttarakhand","HARIDWAR(DISTRICT MAGISTRATE HARIDWAR_IDA)","Dr. Kalpana Saini (2022-28) (2022-2028)","Elected MP","Construction of roof in the cremation ground of Scheduled Caste dominated Gram Panchayat Udalhadi-Kumrada, Block Narsan, District Haridwar","18-Dec-2024","1000000","03-Apr-2025"
"208","Normal/Others","WS/MP204/2025-2026/181053-Construction of community centers and community halls","Uttarakhand","HARIDWAR(DISTRICT MAGISTRATE HARIDWAR_IDA)","Dr. Kalpana Saini (2022-28) (2022-2028)","Elected MP","Construction of roof in the crematorium of Scheduled Caste majority Gram Panchayat Gopalpur-Sikkhar, Block Narsan","20-Mar-2025","1000000","03-Apr-2025"
"209","Normal/Others","WS/MP204/2025-2026/184027-Construction of community centers and community halls","Uttarakhand","HARIDWAR(DISTRICT MAGISTRATE HARIDWAR_IDA)","Dr. Kalpana Saini (2022-28) (2022-2028)","Elected MP","Construction of roof at the cremation ground of Scheduled Caste majority village Haljaura Mazra-Ibrahimpur Masahi, Block Bhagwanpur.","20-Mar-2025","1000000","08-May-2025"
"210","Normal/Others","WS/MP204/2025-2026/196852-Construction of community centers and community halls","Uttarakhand","HARIDWAR(DISTRICT MAGISTRATE HARIDWAR_IDA)","Dr. Kalpana Saini (2022-28) (2022-2028)","Elected MP","Roof construction in cremation ground in Village Dheer Mazra, Block Bhagwanpur, District Haridwar.","05-May-2025","1000000","04-Oct-2025"
"211","Normal/Others","WS/MP204/2025-2026/197969-Construction of community centers and community halls","Uttarakhand","HARIDWAR(DISTRICT MAGISTRATE HARIDWAR_IDA)","Dr. Kalpana Saini (2022-28) (2022-2028)","Elected MP","Construction of roof at the crematorium in village Hakim Pur Turra, Block Bhagwanpur.","08-May-2025","1000000","12-Dec-2025"
"212","Normal/Others","WS/MP204/2025-2026/240513-Construction of community centers and community halls","Uttarakhand","HARIDWAR(DISTRICT MAGISTRATE HARIDWAR_IDA)","Dr. Kalpana Saini (2022-28) (2022-2028)","Elected MP","Construction of Cremation Ground in Gram Panchayat Seedhadu, Block laksar, District Haridwar","17-Oct-2025","1000000","28-Jan-2026"
"213","Normal/Others","WS/MP204/2025-2026/242778-Construction of community centers and community halls","Uttarakhand","HARIDWAR(DISTRICT MAGISTRATE HARIDWAR_IDA)","Dr. Kalpana Saini (2022-28) (2022-2028)","Elected MP","Construction of parking at Solani Nadi Cremation Ground Roorkee","27-Oct-2025","2000000","28-Jan-2026"
"214","Normal/Others","WS/MP204/2025-2026/242858-Construction of community centers and community halls","Uttarakhand","HARIDWAR(DISTRICT MAGISTRATE HARIDWAR_IDA)","Dr. Kalpana Saini (2022-28) (2022-2028)","Elected MP","construction of floor for Cow shelters at shri Krishnayan Gaurakshashala, Gaindikhata, Haridwar","27-Oct-2025","500000","12-Dec-2025"
"215","Normal/Others","WS/MP204/2025-2026/245318-Construction of community centers and community halls","Uttarakhand","HARIDWAR(DISTRICT MAGISTRATE HARIDWAR_IDA)","Dr. Kalpana Saini (2022-28) (2022-2028)","Elected MP","Construction of Roof (Chhatri) at the Crematorium in Ward No 23, Salempur Rajputena, Nagar Nigam Roorkee","31-Oct-2025","1000000","28-Jan-2026"
"216","Normal/Others","WS/MP204/2025-2026/254634-Construction of community centers and community halls","Uttarakhand","HARIDWAR(DISTRICT MAGISTRATE HARIDWAR_IDA)","Dr. Kalpana Saini (2022-28) (2022-2028)","Elected MP","Construction of a hall for people to sit in during funeral processions at Nirwan Ashram (Registred), Malviya Chowk, Roorkee, Haridwar","19-Dec-2025","1000000","25-Feb-2026"
"217","Normal/Others","WS/MP204/2025-2026/254636-Construction of community centers and community halls","Uttarakhand","HARIDWAR(DISTRICT MAGISTRATE HARIDWAR_IDA)","Dr. Kalpana Saini (2022-28) (2022-2028)","Elected MP","Cinstruction of the Toilet near the old Canal, across the road from the cremation ground, in Village Mehwarkhurd, Post Mehwarkalan, block Roorkee, Haridwar","19-Dec-2025","30000","25-Feb-2026"
"218","Normal/Others","WS/MP204/2025-2026/254637-Construction of community centers and community halls","Uttarakhand","HARIDWAR(DISTRICT MAGISTRATE HARIDWAR_IDA)","Dr. Kalpana Saini (2022-28) (2022-2028)","Elected MP","Construction of Roof at the Cremation Ground in Village Mehwarkhurd urf Nagal, Post Mehwarkalan, Block Roorkee, Haridwar","19-Dec-2025","1000000","25-Feb-2026"
"219","Normal/Others","WS/MP204/2025-2026/254638-Construction of community centers and community halls","Uttarakhand","HARIDWAR(DISTRICT MAGISTRATE HARIDWAR_IDA)","Dr. Kalpana Saini (2022-28) (2022-2028)","Elected MP","Construction of Roof at the Cremation Ground in Village Mehwarkalan, Block Roorkee, Haridwar","19-Dec-2025","1000000","25-Feb-2026"
"220","Normal/Others","WS/MP204/2026-2027/261236-Construction of community centers and community halls","Uttarakhand","HARIDWAR(DISTRICT MAGISTRATE HARIDWAR_IDA)","Dr. Kalpana Saini (2022-28) (2022-2028)","Elected MP","Construction of a roof at the cremation ground in Chaulli Village, Gram Panchayat Mandawar, Block Bhagwanpur, Haridwar","24-Jan-2026","1000000","14-Aug-2026"
"221","Normal/Others","WS/MP204/2026-2027/275875-Construction of community centers and community halls","Uttarakhand","HARIDWAR(DISTRICT MAGISTRATE HARIDWAR_IDA)","Dr. Kalpana Saini (2022-28) (2022-2028)","Elected MP","Construction of a Hall at Nirvan Ashram, Malviya Chowk, Railway Road, Roorkee. (To complete previously assigned work)","26-Mar-2026","1000000","15-May-2026"
"222","Normal/Others","WS/MP204/2026-2027/275877-Construction of community centers and community halls","Uttarakhand","HARIDWAR(DISTRICT MAGISTRATE HARIDWAR_IDA)","Dr. Kalpana Saini (2022-28) (2022-2028)","Elected MP","Construction of warehouse for storing cremation wood at Nirvan Ashram, Malviya Chowk, Railway Road, Roorkee, District Haridwar","26-Mar-2026","1000000","15-May-2026"
"223","Normal/Others","NA-Construction of community centers and community halls","Uttarakhand","HARIDWAR(DISTRICT MAGISTRATE HARIDWAR_IDA)","Dr. Kalpana Saini (2022-28) (2022-2028)","Elected MP","Construction of a Roof at the Cremation ground situated near the river in Imlikhera (Roorkee) District Haridwar.","04-Apr-2026","1000000","NA"
"224","Normal/Others","NA-Construction of community centers and community halls","Uttarakhand","HARIDWAR(DISTRICT MAGISTRATE HARIDWAR_IDA)","Dr. Kalpana Saini (2022-28) (2022-2028)","Elected MP","Construction of a Canopy (Roof) at the Cremation Ground in Village Sheikhpuri, Block Laksar, District Haridwar","24-Apr-2026","1000000","NA"
"225","Normal/Others","WS/MP204/2026-2027/280047-Construction of community centers and community halls","Uttarakhand","HARIDWAR(DISTRICT MAGISTRATE HARIDWAR_IDA)","Dr. Kalpana Saini (2022-28) (2022-2028)","Elected MP","Construction of a Chhatri at the southern cremation ground of Village and Post Sherpur Khelmau, Block Narsan, District Haridwar.","09-May-2026","1000000","01-Jul-2026"
"226","Normal/Others","WS/MP204/2026-2027/281201-Construction of community centers and community halls","Uttarakhand","HARIDWAR(DISTRICT MAGISTRATE HARIDWAR_IDA)","Dr. Kalpana Saini (2022-28) (2022-2028)","Elected MP","Renovation of the Community Center at Roorkee Awas Vikas Parishad, Roorkee","16-May-2026","2000000","24-Jun-2026"
"227","Normal/Others","WS/MP204/2026-2027/288946-Construction of community centers and community halls","Uttarakhand","HARIDWAR(DISTRICT MAGISTRATE HARIDWAR_IDA)","Dr. Kalpana Saini (2022-28) (2022-2028)","Elected MP","Construction of a roof (Chhatri) at the Cremation Ground of Gram Panchayat Patti Dada, Block Bhagwanpur, Haridwar.","24-Jun-2026","1000000","14-Aug-2026"
"228","Normal/Others","WS/MP204/2026-2027/294283-Construction of community centers and community halls","Uttarakhand","HARIDWAR(DISTRICT MAGISTRATE HARIDWAR_IDA)","Dr. Kalpana Saini (2022-28) (2022-2028)","Elected MP","Construction of a Roof (Chhatri) at the cremation ground of Village Mohammadpur Begpur Urf Takabhari (Block Bahadrabad) District Haridwar.","13-Jul-2026","1000000","14-Aug-2026"
"229","Normal/Others","NA-Construction of community centers and community halls","Uttarakhand","HARIDWAR(DISTRICT MAGISTRATE HARIDWAR_IDA)","Dr. Kalpana Saini (2022-28) (2022-2028)","Elected MP","Construction of a Roof (Chhatry) at the cremation ground in Village Chandpuri Bangar, Block Khanpur, District Haridwar.","13-Jul-2026","1000000","NA"
"230","Normal/Others","WS/MP204/2026-2027/296995-Construction of community centers and community halls","Uttarakhand","HARIDWAR(DISTRICT MAGISTRATE HARIDWAR_IDA)","Dr. Kalpana Saini (2022-28) (2022-2028)","Elected MP","Construction of a boundary wall at the Roorkee Awas Vikas Parishad community center.","19-Jul-2026","2000000","04-Aug-2026"
"231","Normal/Others","NA-Construction of community centers and community halls","Uttarakhand","HARIDWAR(DISTRICT MAGISTRATE HARIDWAR_IDA)","Dr. Kalpana Saini (2022-28) (2022-2028)","Elected MP","Construction of a roof structure at the cremation ground located in Kota village, Gram Panchayat Kota Muradnagar (Block Bahadrabad), District Haridwar.","23-Jul-2026","1000000","NA"
"232","Normal/Others","NA-Construction of community centers and community halls","Uttarakhand","HARIDWAR(DISTRICT MAGISTRATE HARIDWAR_IDA)","Dr. Kalpana Saini (2022-28) (2022-2028)","Elected MP","Construction on the first floor of the Community Center in Awas Vikas Colony, Roorkee.","05-Aug-2026","2000000","NA"
"233","Normal/Others","NA-Construction of community centers and community halls","Uttarakhand","HARIDWAR(DISTRICT MAGISTRATE HARIDWAR_IDA)","Dr. Kalpana Saini (2022-28) (2022-2028)","Elected MP","Construction of a roof at the cremation ground in Village Shivdaspur urf Teliwala, District Haridwar.","09-Aug-2026","1000000","NA"
"234","Normal/Others","NA-Construction of community centers and community halls","Uttarakhand","HARIDWAR(DISTRICT MAGISTRATE HARIDWAR_IDA)","Dr. Kalpana Saini (2022-28) (2022-2028)","Elected MP","Construction of a roof (Chhatri)at the cremation ground in Gram Panchayat Shikarpur, Block Narsan, District Haridwar.","09-Aug-2026","1000000","NA"
"235","Normal/Others","NA-Construction of community centers and community halls","Uttarakhand","HARIDWAR(DISTRICT MAGISTRATE HARIDWAR_IDA)","Dr. Kalpana Saini (2022-28) (2022-2028)","Elected MP","Construction of a roof (Chhatri) at the cremation ground in Gram Panchayat Zaurasi, Block Narsan, District Haridwar.","09-Aug-2026","1000000","NA"
"236","Normal/Others","NA-Construction of community centers and community halls","Uttarakhand","HARIDWAR(DISTRICT MAGISTRATE HARIDWAR_IDA)","Dr. Kalpana Saini (2022-28) (2022-2028)","Elected MP","Construction of two additional rooms for the community center in Awas Vikas Colony, Roorkee.","21-Aug-2026","2000000","NA"
"237","Normal/Others","NA-Construction of community centers and community halls","Uttarakhand","HARIDWAR(DISTRICT MAGISTRATE HARIDWAR_IDA)","Dr. Kalpana Saini (2022-28) (2022-2028)","Elected MP","Construction of a hall and a warehouse for the safe storage of timber at Nirvan Ashram, Malviya Chowk, Railway Road, Roorkee, District Haridwar (to complete the remaining portion of the work previously awarded).","21-Aug-2026","1000000","NA"
"238","Normal/Others","NA-Construction of community centers and community halls","Uttarakhand","HARIDWAR(DISTRICT MAGISTRATE HARIDWAR_IDA)","Dr. Kalpana Saini (2022-28) (2022-2028)","Elected MP","Construction of a roof (Chatri)  at the cremation ground in Village Delna, Block Roorkee, District Haridwar.","21-Aug-2026","1000000","NA"
"239","Normal/Others","NA-Construction of community centers and community halls","Uttarakhand","HARIDWAR(DISTRICT MAGISTRATE HARIDWAR_IDA)","Dr. Kalpana Saini (2022-28) (2022-2028)","Elected MP","Construction of a roof (Chatri) at the cremation ground in Village Toda Kalyanpur, Block Roorkee, District Haridwar.","21-Aug-2026","1000000","NA"
"240","Normal/Others","NA-Construction of community centers and community halls","Uttarakhand","HARIDWAR(DISTRICT MAGISTRATE HARIDWAR_IDA)","Dr. Kalpana Saini (2022-28) (2022-2028)","Elected MP","Construction of a roof (Chhatri) at the cremation ground in Village Sherpur Bela, Block Khanpur, District Haridwar.","21-Aug-2026","1000000","NA"
"241","Normal/Others","NA-Construction of community centers and community halls","Uttarakhand","HARIDWAR(DISTRICT MAGISTRATE HARIDWAR_IDA)","Dr. Kalpana Saini (2022-28) (2022-2028)","Elected MP","Construction of a roof (Chhatri) at the cremation ground in Village Bhurni Khatirpur, Block Laksar, District Haridwar.","21-Aug-2026","1000000","NA"
"242","Normal/Others","WS/MP204/2025-2026/221902-Construction of community centers and community halls","Uttarakhand","HARIDWAR(DISTRICT MAGISTRATE HARIDWAR_IDA)","Dr. Kalpana Saini (2022-28) (2022-2028)","Elected MP","Construction of a bathroom and a hand pump for women near the Johad in Scheduled Caste village Manak Majra, Block Bhagwanpur, District Haridwar","28-Jul-2025","200000","17-Oct-2025"
"243","Normal/Others","NA-Construction of community centers and community halls","Uttarakhand","HARIDWAR(DISTRICT MAGISTRATE HARIDWAR_IDA)","Dr. Kalpana Saini (2022-28) (2022-2028)","Elected MP","Construction of a community hall near the Shiva temple located in Pal Basti, Nagar Panchayat Imlikheda (Roorkee).","23-Aug-2026","1000000","NA"
"244","Normal/Others","WS/MP850/2025-2026/254132-Construction of public libraries and reading rooms","Uttarakhand","HARIDWAR(DISTRICT MAGISTRATE HARIDWAR_IDA)","Shri Naresh Bansal (2020-26) (2020-2026)","Elected MP","kuja bahadurpur mein sahid raja vijay singh smarak mein pratham tal par smart library hetu kaksh evam shochalya nirman.ia (karyadai sanstatha) -block roorkee","15-Dec-2025","1800000","25-Feb-2026"
"245","Normal/Others","WS/MP204/2025-2026/154623-Construction of additional rooms and halls in the existing public and community building","Uttarakhand","HARIDWAR(DISTRICT MAGISTRATE HARIDWAR_IDA)","Dr. Kalpana Saini (2022-28) (2022-2028)","Elected MP","Construction of building in Savitri Saxena Premnarayan Saraswati Shishu Mandir, Railway Road Roorkee.","25-Nov-2024","1500000","08-Apr-2025"
"246","Normal/Others","WS/MP204/2025-2026/162158-Construction of additional rooms and halls in the existing public and community building","Uttarakhand","HARIDWAR(DISTRICT MAGISTRATE HARIDWAR_IDA)","Dr. Kalpana Saini (2022-28) (2022-2028)","Elected MP","Construction of two class rooms in Vasudev Lal Maithil Saraswati Vidya Mandir, Roorkee, Haridwar","28-Dec-2024","2000000","08-Apr-2025"
"247","Normal/Others","WS/MP204/2025-2026/167835-Construction of additional rooms and halls in the existing public and community building","Uttarakhand","HARIDWAR(DISTRICT MAGISTRATE HARIDWAR_IDA)","Dr. Kalpana Saini (2022-28) (2022-2028)","Elected MP","Construction of separate toilets for boys and girls in Satya Narayan Mandir Inter College, Makhdoompur, District Haridwar","24-Jan-2025","500000","03-Apr-2025"
"248","Normal/Others","WS/MP204/2025-2026/174235-Construction of additional rooms and halls in the existing public and community building","Uttarakhand","HARIDWAR(DISTRICT MAGISTRATE HARIDWAR_IDA)","Dr. Kalpana Saini (2022-28) (2022-2028)","Elected MP","Construction of roof at the crematorium in village Sadhauli, post Jhabreda, block Narsan","11-Feb-2025","1000000","03-Apr-2025"
"249","Normal/Others","WS/MP204/2024-2025/176261-Construction of additional rooms and halls in the existing public and community building","Uttarakhand","HARIDWAR(DISTRICT MAGISTRATE HARIDWAR_IDA)","Dr. Kalpana Saini (2022-28) (2022-2028)","Elected MP","Construction of roof at cremation ground in Scheduled Caste Village Sarai, Block Bahadarabad, District Haridwar","27-Feb-2025","1000000","27-Mar-2025"
"250","Normal/Others","WS/MP204/2025-2026/234520-Construction of additional rooms and halls in the existing public and community building","Uttarakhand","HARIDWAR(DISTRICT MAGISTRATE HARIDWAR_IDA)","Dr. Kalpana Saini (2022-28) (2022-2028)","Elected MP","construction of a room above the Verandah on the first floor of Mahatma jyoti Ba Phule Saini Dharmshala Roorkee","18-Sep-2025","400000","28-Jan-2026"
"251","Normal/Others","NA-Construction of community centers and community halls","Uttarakhand","TEHRI GARHWAL(DISTRICT MAGISTRATE TEHRI GARHWAL_IDA)","Dr. Kalpana Saini (2022-28) (2022-2028)","Elected MP","Construction of Tin Shed at the Jwalamukhi site in Village Koti (Balma), Block Chamba, Tehri Garhwal","26-Mar-2026","700000","NA"
"252","Normal/Others","WS/MP204/2025-2026/144161-Construction of community centers and community halls","Uttarakhand","TEHRI GARHWAL(DISTRICT MAGISTRATE TEHRI GARHWAL_IDA)","Dr. Kalpana Saini (2022-28) (2022-2028)","Elected MP","Construction of multipurpose building in village Ghiyakoti","28-Sep-2024","2500000","08-May-2025"
"253","Normal/Others","WS/MP204/2025-2026/144164-Construction of community centers and community halls","Uttarakhand","TEHRI GARHWAL(DISTRICT MAGISTRATE TEHRI GARHWAL_IDA)","Dr. Kalpana Saini (2022-28) (2022-2028)","Elected MP","Construction of multipurpose building (tin shed)","28-Sep-2024","400000","08-May-2025"
"254","Normal/Others","WS/MP204/2025-2026/144165-Construction of community centers and community halls","Uttarakhand","TEHRI GARHWAL(DISTRICT MAGISTRATE TEHRI GARHWAL_IDA)","Dr. Kalpana Saini (2022-28) (2022-2028)","Elected MP","Expansion of courtyard square in village Birod, block Jaunpur","28-Sep-2024","500000","08-May-2025"
"255","Normal/Others","WS/MP204/2025-2026/144169-Construction of community centers and community halls","Uttarakhand","TEHRI GARHWAL(DISTRICT MAGISTRATE TEHRI GARHWAL_IDA)","Dr. Kalpana Saini (2022-28) (2022-2028)","Elected MP","construction of Katha Pandal at Nagtibba tourist spot","28-Sep-2024","500000","08-May-2025"
"256","Normal/Others","WS/MP850/2025-2026/173678-Construction of buildings for community cultural activities","Uttarakhand","TEHRI GARHWAL(DISTRICT MAGISTRATE TEHRI GARHWAL_IDA)","Shri Naresh Bansal (2020-26) (2020-2026)","Elected MP","GRAM PANCHAYAT KHARAKSARI KE CHANIGAON MEIN SANSKRITIK SAMVARDHAN KE LIYE SAMUDIK AGAN CHOWK KA NIRMAN ..IA(KARYAAI SANSTATHA)-BLOCK JAUNPUR","06-Feb-2025","1000000","30-Jun-2025"
"257","Normal/Others","NA-Construction of community centers and community halls","Uttarakhand","TEHRI GARHWAL(DISTRICT MAGISTRATE TEHRI GARHWAL_IDA)","Dr. Kalpana Saini (2022-28) (2022-2028)","Elected MP","Expansion of the Courtyard at Village Myani, Patti Lalur, Tehsil Nainbag, District Tihari Garhwal","03-Jan-2026","1000000","NA"
"258","Normal/Others","NA-Construction of rooms and halls in school and colleges","Uttarakhand","TEHRI GARHWAL(DISTRICT MAGISTRATE TEHRI GARHWAL_IDA)","Dr. Kalpana Saini (2022-28) (2022-2028)","Elected MP","Construction of a Building at Sarswati Vidya Mandir Nainbag, Tehri Garhwal","04-Feb-2026","1000000","NA"
"259","Normal/Others","NA-Construction of rooms and halls in school and colleges","Uttarakhand","TEHRI GARHWAL(DISTRICT MAGISTRATE TEHRI GARHWAL_IDA)","Shri Mahendra Bhatt (2024-30) (2024-2030)","Elected MP","Sarswati Vidhya Mandir Anjanisain (bhatkanda) tehri me Bhawan nirman, K.S.- Vikash khand adhikari Jakhanidhar","20-Feb-2026","1000000","NA"
"260","Normal/Others","NA-Construction of rooms and halls in school and colleges","Uttarakhand","TEHRI GARHWAL(DISTRICT MAGISTRATE TEHRI GARHWAL_IDA)","Shri Mahendra Bhatt (2024-30) (2024-2030)","Elected MP","Sarswati Shishumandir Silwal Gaon pratapnagar Tehri me Bhawan Nirman, K.S.- Vikash Khand Adhikari Pratap Nagar","20-Feb-2026","1000000","NA"
"261","Normal/Others","WS/MP204/2025-2026/176572-Construction of roads, link roads, pathways or any other road with or without drainage system","Uttarakhand","TEHRI GARHWAL(DISTRICT MAGISTRATE TEHRI GARHWAL_IDA)","Dr. Kalpana Saini (2022-28) (2022-2028)","Elected MP","Construction of R.C.C. Connecting Road in the Semal Harijan Basti of Gram Panchayat Kyari under Block Pratap Nagar","27-Feb-2025","200000","07-May-2025"
"262","Normal/Others","WS/MP204/2025-2026/176578-Construction of roads, link roads, pathways or any other road with or without drainage system","Uttarakhand","TEHRI GARHWAL(DISTRICT MAGISTRATE TEHRI GARHWAL_IDA)","Dr. Kalpana Saini (2022-28) (2022-2028)","Elected MP","Construction of R.C.C. connecting road in Kuran Harijan Basti (Colony) of Village Panchayat Kudiyal village Kon under Block Pratap Nagar, Tihari Garhwal","27-Feb-2025","200000","02-May-2025"
"263","Normal/Others","WS/MP850/2023-2024/16378-Construction of roads, link roads, pathways or any other road with or without drainage system","Uttarakhand","TEHRI GARHWAL(DISTRICT MAGISTRATE TEHRI GARHWAL_IDA)","Shri Naresh Bansal (2020-26) (2020-2026)","Elected MP","CONTRUCTION OF CC ROAD FROM KOTAL GOAN TO TINWAL GOAN IN VILLAGE PANCHAYAT - TINWAL ,BLOCK PRATAPNAGAR  IA(KARYADAI SANTATHA)-BLOCK PRATAPNAGAR","04-Sep-2023","494060","22-Nov-2023"
"264","Normal/Others","WS/MP850/2023-2024/17449-Construction of roads, link roads, pathways or any other road with or without drainage system","Uttarakhand","TEHRI GARHWAL(DISTRICT MAGISTRATE TEHRI GARHWAL_IDA)","Shri Naresh Bansal (2020-26) (2020-2026)","Elected MP","IN VILLAGE POKHRI CONTRUCTION OF  CC ROAD FROM ROAD TO TINGARD. GRAM PANCHAYAT - POKHRI  IA (KARYADAI SANSTATHA)- BLOCK PRATAPNAGAR","07-Sep-2023","497999","22-Nov-2023"
"265","Normal/Others","WS/MP850/2023-2024/17450-Construction of roads, link roads, pathways or any other road with or without drainage system","Uttarakhand","TEHRI GARHWAL(DISTRICT MAGISTRATE TEHRI GARHWAL_IDA)","Shri Naresh Bansal (2020-26) (2020-2026)","Elected MP","IN POKHRI CONTRUCTION OF CC ROAD FROM MUDRI GAON TO JADIPANI TOK.GRAM PANCHAYAT - POKHRI  IA ( KARAYADIA SANSTATHA- BLOCK PRATAPNAGAR)","07-Sep-2023","494268","22-Nov-2023"
"266","Normal/Others","WS/MP850/2023-2024/25566-Construction of roads, link roads, pathways or any other road with or without drainage system","Uttarakhand","TEHRI GARHWAL(DISTRICT MAGISTRATE TEHRI GARHWAL_IDA)","Shri Naresh Bansal (2020-26) (2020-2026)","Elected MP","GRAM SYALSI SE ALMAS TAK EVAM GRAM SYALSI SE BHAIM TAK SAMPARK MARG NIRMAN , IA(KARYADAI SANSTATHA)- BLOCK JAUNPUR","24-Sep-2023","300000","22-Nov-2023"
"267","Normal/Others","NA-Construction of flood control embankments/ protection walls along riverbanks, hilltops, roadsides","Uttarakhand","TEHRI GARHWAL(DISTRICT MAGISTRATE TEHRI GARHWAL_IDA)","Dr. Kalpana Saini (2022-28) (2022-2028)","Elected MP","Construction of security wall near the house of Shri Jaiveer Singh in Rajswa Gram Jamunda of Gram Panchayat Kyari under  Block Pratap Nagar.","22-Jun-2026","248000","NA"
"268","Normal/Others","NA-Construction of flood control embankments/ protection walls along riverbanks, hilltops, roadsides","Uttarakhand","TEHRI GARHWAL(DISTRICT MAGISTRATE TEHRI GARHWAL_IDA)","Dr. Kalpana Saini (2022-28) (2022-2028)","Elected MP","Construction of security wall near the house of Mr. Sanjay Singh at Chakola Tok of Gram Panchayat Mojaf under Block Pratap Nagar.","22-Jun-2026","200000","NA"
"269","Normal/Others","NA-Construction of flood control embankments/ protection walls along riverbanks, hilltops, roadsides","Uttarakhand","TEHRI GARHWAL(DISTRICT MAGISTRATE TEHRI GARHWAL_IDA)","Dr. Kalpana Saini (2022-28) (2022-2028)","Elected MP","Construction of a protection wall near the house of Shri Dharam Singh in Jamunda Rajswa village (under Kyari Gram Panchayat, Pratap Nagar Block)","22-Jun-2026","350000","NA"
"270","Normal/Others","WS/MP850/2024-2025/136209-Construction of public irrigation facilities","Uttarakhand","TEHRI GARHWAL(DISTRICT MAGISTRATE TEHRI GARHWAL_IDA)","Shri Naresh Bansal (2020-26) (2020-2026)","Elected MP","TINGARD TOK PAR SAMUHIK SINCHAI GUL KA NIRMAN IA KARYADAI SANSTATHA BLOCK PRATAPNAGAR","18-Aug-2024","1200000","18-Oct-2024"
"271","Normal/Others","WS/MP850/2024-2025/136210-Construction of public irrigation facilities","Uttarakhand","TEHRI GARHWAL(DISTRICT MAGISTRATE TEHRI GARHWAL_IDA)","Shri Naresh Bansal (2020-26) (2020-2026)","Elected MP","TINWAL GAON MEIN PURANI GADH GADRE MEIN SAMUHIK SICHAI HAUJ EVAM GUL NIRMAN IA KARYADAI SANSTATH BLOCK PRATAPNAGAR","18-Aug-2024","1500000","18-Oct-2024"
"272","Normal/Others","WS/MP850/2024-2025/137758-Construction of public irrigation facilities","Uttarakhand","TEHRI GARHWAL(DISTRICT MAGISTRATE TEHRI GARHWAL_IDA)","Shri Naresh Bansal (2020-26) (2020-2026)","Elected MP","CONSTRUCTION OF HAUZ AND GOOL IN DANDGAAD GADERA AT GRAM PANCHAYAT PHOKHARI BHADURA,BANIYANI AND OTHER VILLAGE SC/ST KHETR IA KARYADAI SANSTATHA BLOCK PRATAPNAGAR","30-Aug-2024","1500000","18-Oct-2024"
"273","Normal/Others","WS/MP18333/2026-2027/254372-Construction of water tanks","Uttarakhand","TEHRI GARHWAL(DISTRICT MAGISTRATE TEHRI GARHWAL_IDA)","Shri Mahendra Bhatt (2024-30) (2024-2030)","Elected MP","Dist Tehri ke vikash khand Chamba me Gram Pata ke Chamnon Talla Tok me peyjal shrot me Chember ka nirman tatha pipe line marmat karya , K.S.- Vikash khand adhikari chamba","16-Dec-2025","250000","29-May-2026"
"274","Normal/Others","WS/MP204/2026-2027/287903-Construction of roads, link roads, pathways or any other road with or without drainage system","Uttarakhand","TEHRI GARHWAL(DISTRICT MAGISTRATE TEHRI GARHWAL_IDA)","Dr. Kalpana Saini (2022-28) (2022-2028)","Elected MP","Construction of a PCC/connecting road at the 'Radak' locality of Kharoli Gram Panchayat in Pratap Nagar Block.","22-Jun-2026","248000","14-Aug-2026"
"275","Normal/Others","NA-Construction of roads, link roads, pathways or any other road with or without drainage system","Uttarakhand","TEHRI GARHWAL(DISTRICT MAGISTRATE TEHRI GARHWAL_IDA)","Dr. Kalpana Saini (2022-28) (2022-2028)","Elected MP","Construction of a C.C. Road form Burashkhand to Chawad Gaar in Village Gairi (Brahmanon ki), Block Pratapnagar.","26-Mar-2026","400000","NA"
"276","Normal/Others","WS/MP204/2025-2026/204158-Development of public parks","Uttarakhand","TEHRI GARHWAL(DISTRICT MAGISTRATE TEHRI GARHWAL_IDA)","Dr. Kalpana Saini (2022-28) (2022-2028)","Elected MP","Reconstruction or Beautification of Park in E-Block, Type-3, Municipal Area New Tehri.","27-May-2025","400000","11-Mar-2026"
"277","Normal/Others","WS/MP204/2026-2027/275910-Development of public parks","Uttarakhand","TEHRI GARHWAL(DISTRICT MAGISTRATE TEHRI GARHWAL_IDA)","Dr. Kalpana Saini (2022-28) (2022-2028)","Elected MP","Construction of Boundary Wall and Park at Panchayat chowk (Naagraja Name Tok), Village Nandoli, Block Devprayag, Tehri Garhwal","26-Mar-2026","700000","18-Jun-2026"
"278","Normal/Others","NA-Construction of stadiums","Uttarakhand","TEHRI GARHWAL(DISTRICT MAGISTRATE TEHRI GARHWAL_IDA)","Dr. Kalpana Saini (2022-28) (2022-2028)","Elected MP","Widening of the playground at Devare Gar, a communal site situated amidst the villages of Chhanigaon, Miriagaon, and Hadiagaon, within the Kharaksari Gram Panchayat, Jaunpur Block, Tehri Garhwal.","09-May-2026","1000000","NA"
"279","Normal/Others","NA-Construction of roads, link roads, pathways or any other road with or without drainage system","Uttarakhand","TEHRI GARHWAL(DISTRICT MAGISTRATE TEHRI GARHWAL_IDA)","Shri Mahendra Bhatt (2024-30) (2024-2030)","Elected MP","Janpad Tihri me gram kundiyali ke vinak khal se devdung tak C.C. Marg interlok nirman K.S.- khand vikas adhikari Bhilangana","13-Aug-2026","1000000","NA"
"280","Normal/Others","WS/MP18333/2025-2026/254896-Development of playfields and sports grounds","Uttarakhand","ALMORA(DISTRICT MAGISTRATE ALMORA_IDA)","Shri Mahendra Bhatt (2024-30) (2024-2030)","Elected MP","Dist Almora ke vikash khand dwrahat me Chhana Bhet ministadium ka Soundrikaran, K.S.- Vikash khand Dwarahat","20-Dec-2025","250000","17-Feb-2026"
"281","Normal/Others","WS/MP18333/2026-2027/254900-Development of playfields and sports grounds","Uttarakhand","ALMORA(DISTRICT MAGISTRATE ALMORA_IDA)","Shri Mahendra Bhatt (2024-30) (2024-2030)","Elected MP","Dist Almora ke Vikash khand dwarahat me Chhana bhet ministadium me stal vikash karya,","20-Dec-2025","250000","22-May-2026"
"282","Normal/Others","WS/MP18333/2025-2026/254907-Development of playfields and sports grounds","Uttarakhand","ALMORA(DISTRICT MAGISTRATE ALMORA_IDA)","Shri Mahendra Bhatt (2024-30) (2024-2030)","Elected MP","Dist Almora ke vikash khand takula me gram dol me khel maidan nirman, K.S.- Grameen Nirman vibhag Almora","20-Dec-2025","500000","20-Mar-2026"
"283","Normal/Others","WS/MP850/2024-2025/173610-Construction of roads, link roads, pathways or any other road with or without drainage system","Uttarakhand","ALMORA(DISTRICT MAGISTRATE ALMORA_IDA)","Shri Naresh Bansal (2020-26) (2020-2026)","Elected MP","sarak se prathmik pathshala supkote hote hue fir se ghum kar sarak ko jorne wale paidal path marg par interlocking tile ,satircase,evam railing nirman karya","06-Feb-2025","1000000","06-Mar-2025"
"284","Normal/Others","NA-Construction of roads, link roads, pathways or any other road with or without drainage system","Uttarakhand","ALMORA(DISTRICT MAGISTRATE ALMORA_IDA)","Shri Mahendra Bhatt (2024-30) (2024-2030)","Elected MP","Janpad Almoda ke Vikash khand Takula me Gram Supakot ke Lakshanpur tok me mukhya sadak se devithan mandir tok tak Sadak Nirman. K.S.- PWD Nirman khand Almoda","13-May-2026","1000000","NA"
"285","Normal/Others","NA-Installing tube-wells and borewells","Uttarakhand","ALMORA(DISTRICT MAGISTRATE ALMORA_IDA)","Shri Naresh Bansal (2020-26) (2020-2026)","Elected MP","Shri Ram sanskrit vidyapeeth,Shri Ram Mandir,ranikhet , jhula devi mandir ke pass sarvjanik sthan mein nya boring pump","17-Nov-2025","500000","NA"
"286","Normal/Others","WS/MP204/2024-2025/177943-Construction of roads, link roads, pathways or any other road with or without drainage system","Uttarakhand","ALMORA(DISTRICT MAGISTRATE ALMORA_IDA)","Dr. Kalpana Saini (2022-28) (2022-2028)","Elected MP","Construction of Kharanja C.C. road from Katyari Scheduled Caste colony towards main drinking water source of Anaria Kot in Gram Panchayat Anariakot, Block Lamgara, District Almora","27-Feb-2025","482875","24-Mar-2025"
"287","Normal/Others","WS/MP204/2024-2025/177944-Construction of roads, link roads, pathways or any other road with or without drainage system","Uttarakhand","ALMORA(DISTRICT MAGISTRATE ALMORA_IDA)","Dr. Kalpana Saini (2022-28) (2022-2028)","Elected MP","Construction of Kharanja C.C. road from drinking water source (Naula) towards Saim temple in scheduled village Katyari-Anariakot in Gram Panchayat Anariakot, Block Lamgara, District Almora","27-Feb-2025","480740","24-Mar-2025"
"288","Normal/Others","WS/MP204/2026-2027/265272-Construction of rooms and halls in school and colleges","Uttarakhand","ALMORA(DISTRICT MAGISTRATE ALMORA_IDA)","Dr. Kalpana Saini (2022-28) (2022-2028)","Elected MP","Construction of Building at Sarswati Sishu Mandir Naring Badi Almora","04-Feb-2026","1500000","06-Aug-2026"
"289","Normal/Others","WS/MP204/2025-2026/254827-Construction of community centers and community halls","Uttarakhand","ALMORA(DISTRICT MAGISTRATE ALMORA_IDA)","Dr. Kalpana Saini (2022-28) (2022-2028)","Elected MP","Construction of Public Toilet in the Scheduled Caste Settlement of Bangora Gram Panchayat, Block Tarikhet, District Almora","19-Dec-2025","50000","10-Feb-2026"
"290","Normal/Others","WS/MP204/2025-2026/254828-Construction of community centers and community halls","Uttarakhand","ALMORA(DISTRICT MAGISTRATE ALMORA_IDA)","Dr. Kalpana Saini (2022-28) (2022-2028)","Elected MP","Construction of a Public Toilet in the Scheduled Caste Settlement of  Gram panchayat Baina-Pratham, block Tarikhet, district Almora","19-Dec-2025","50000","10-Feb-2026"
"291","Normal/Others","WS/MP850/2025-2026/254141-Construction of community centers and community halls","Uttarakhand","ALMORA(DISTRICT MAGISTRATE ALMORA_IDA)","Shri Naresh Bansal (2020-26) (2020-2026)","Elected MP","gram supakote mein devi than mandir ke pass baratghar mein bramde ke farsh ka nirman.","15-Dec-2025","200000","03-Feb-2026"
"292","Normal/Others","WS/MP204/2025-2026/222815-Construction of community centers and community halls","Uttarakhand","ALMORA(DISTRICT MAGISTRATE ALMORA_IDA)","Dr. Kalpana Saini (2022-28) (2022-2028)","Elected MP","Repair or renovation (roof construction) of community building near Saim Dham in the scheduled majority village Katiyari of Gram Panchayat Anariakot, block Lamgara","28-Jul-2025","1300000","29-Oct-2025"
"293","Normal/Others","NA-Construction of community centers and community halls","Uttarakhand","ALMORA(DISTRICT MAGISTRATE ALMORA_IDA)","Dr. Kalpana Saini (2022-28) (2022-2028)","Elected MP","Construction of a roof (canopy/shelter) at the cremation ground in Village Bhatkot (Sainja), Block Lamgara, District Almora.","21-Aug-2026","1000000","NA"
"294","Normal/Others","NA-Construction of community centers and community halls","Uttarakhand","NAINITAL(DISTRICT MAGISTRATE NAINITAL_IDA)","Dr. Kalpana Saini (2022-28) (2022-2028)","Elected MP","Construction of cremation ground (roof) in Gram Panchayat Mona, Block Ramgarh, District Nainital","09-Aug-2026","1000000","NA"
"295","Normal/Others","NA-Construction of public libraries and reading rooms","Uttarakhand","NAINITAL(DISTRICT MAGISTRATE NAINITAL_IDA)","Shri Naresh Bansal (2020-26) (2020-2026)","Elected MP","lokmani dumka sevadeep niketan pustakalya bithoria mein tin shed v anya nirman karya","31-Aug-2026","800000","NA"
"296","Normal/Others","WS/MP850/2024-2025/147843-Construction of community centers and community halls","Uttarakhand","NAINITAL(DISTRICT MAGISTRATE NAINITAL_IDA)","Shri Naresh Bansal (2020-26) (2020-2026)","Elected MP","GRAM NAI MEIN EK YUVA BHAUDESHYA BHAWAN EVAM TOILET KA NIRMAN ....","17-Oct-2024","500000","21-Feb-2025"
"297","Normal/Others","WS/MP204/2026-2027/265061-Construction of rooms and halls in school and colleges","Uttarakhand","NAINITAL(DISTRICT MAGISTRATE NAINITAL_IDA)","Dr. Kalpana Saini (2022-28) (2022-2028)","Elected MP","Construction of a Building at Hardatt Belwal Sarswati Shishu Vidya Madir Chorgaliya, Nainital","04-Feb-2026","1000000","22-Jun-2026"
"298","Trust and Society","WS/MP18333/2026-2027/267887-Construction of common work sheds/ common covered sitting area","Uttarakhand","NAINITAL(DISTRICT MAGISTRATE NAINITAL_IDA)","Shri Mahendra Bhatt (2024-30) (2024-2030)","Elected MP","Janpad Nainital ke Haldwani me bar Association Haldwani me Ten shed ya ren shelder Nirman. Karyadai sansth vikash Khand Adhikari haldwani","13-Feb-2026","500000","22-May-2026"
"299","Normal/Others","WS/MP850/2023-2024/7823-Construction of rooms and halls in school and colleges","Uttarakhand","NAINITAL(DISTRICT MAGISTRATE NAINITAL_IDA)","Shri Naresh Bansal (2020-26) (2020-2026)","Elected MP","contruction of hall in jai mohan inter college .  IA (KARYADAI SANSTHA) - BLOCK RAMNAGAR","03-Aug-2023","1134515","13-Oct-2023"
"300","Normal/Others","WS/MP18333/2025-2026/253641-Purchase of training equipment","Uttarakhand","NAINITAL(DISTRICT MAGISTRATE NAINITAL_IDA)","Shri Mahendra Bhatt (2024-30) (2024-2030)","Elected MP","The New Scholars Academy Indra Nagar-2 Bindukhatta ko Furniture Purchase ke liya , K.S. Prabandhak The New Scholars Academy","12-Dec-2025","300000","16-Jan-2026"
"301","Normal/Others","NA-Purchase of books and periodicals for libraries/digitization of library books","Uttarakhand","NAINITAL(DISTRICT MAGISTRATE NAINITAL_IDA)","Shri Mahendra Bhatt (2024-30) (2024-2030)","Elected MP","Uttaranchal uthan parishad dwara sanchalit teekaram gopaldutt sewa deep niketan pustakayal dohniya kotabag ko adhunik suvidhaon se susjjit rarne hetu, Karyadai sanstha- Vikash Khand Kotabag","07-Aug-2025","2000000","NA"
"302","Normal/Others","WS/MP204/2026-2027/186813-Development of playground","Uttarakhand","NAINITAL(DISTRICT MAGISTRATE NAINITAL_IDA)","Dr. Kalpana Saini (2022-28) (2022-2028)","Elected MP","Construction of basketball court at Bhartiya Shaheed Sainik School Mallital, Nainital","26-Mar-2025","1146000","21-May-2026"
"303","Normal/Others","NA-Construction of rooms and halls in school and colleges","Uttarakhand","NAINITAL(DISTRICT MAGISTRATE NAINITAL_IDA)","Shri Mahendra Bhatt (2024-30) (2024-2030)","Elected MP","Balika Inter college Tiwarinagar Bindukhatta me Sabhagar me Awashesh Kary hetu Karyadai Sanstha- Khand Vikash Adhikari Haldwani","13-Aug-2026","300000","NA"
"304","Normal/Others","NA-Construction of rooms and halls in school and colleges","Uttarakhand","NAINITAL(DISTRICT MAGISTRATE NAINITAL_IDA)","Shri Mahendra Bhatt (2024-30) (2024-2030)","Elected MP","Balika inter college Tiwari Nagar Bindukhatta me Tiles darwaje v anya kary K.S.- Khand vikash adhikari Haldwani","13-Aug-2026","300000","NA"
"305","Normal/Others","NA-Construction of rooms and halls in school and colleges","Uttarakhand","NAINITAL(DISTRICT MAGISTRATE NAINITAL_IDA)","Shri Mahendra Bhatt (2024-30) (2024-2030)","Elected MP","Bilika Inter College Tiwari nagar Bindukhatta me Kaksh marmmat v anya karya K.S.- khand vikash adhikari haldwani","13-Aug-2026","300000","NA"
"306","Normal/Others","WS/MP850/2026-2027/277251-Construction of roads, link roads, pathways or any other road with or without drainage system","Uttarakhand","NAINITAL(DISTRICT MAGISTRATE NAINITAL_IDA)","Shri Naresh Bansal (2020-26) (2020-2026)","Elected MP","batrojkhan betalghat motor marg ke gram chauni ki aur sampark marg ka nirman karya.ia(karyadai sanstatha)-block betalghat","29-Apr-2026","1500000","22-Jun-2026"
"307","Normal/Others","WS/MP18333/2025-2026/186338-Lighting of public spaces","Uttarakhand","NAINITAL(DISTRICT MAGISTRATE NAINITAL_IDA)","Shri Mahendra Bhatt (2024-30) (2024-2030)","Elected MP","Janpad Nainital ke vikash khand Ramnagar me Gram Bhalon ke Chopda Gaon , van Chouki Chopda me vidhyutikaran work. Karyadai  Sansth- EE Vidhyut Vitran Khand Ramnagar","25-Mar-2025","1674000","01-Apr-2025"
"308","Normal/Others","WS/MP204/2024-2025/137204-Improvement of electricity distribution infrastructure","Uttarakhand","NAINITAL(DISTRICT MAGISTRATE NAINITAL_IDA)","Dr. Kalpana Saini (2022-28) (2022-2028)","Elected MP","Electrification in Scheduled Caste dominated village Rampur, Tongia village and forest post","26-Aug-2024","1200000","10-Oct-2024"
"309","Normal/Others","WS/MP204/2026-2027/272384-Lighting of public spaces","Uttarakhand","NAINITAL(DISTRICT MAGISTRATE NAINITAL_IDA)","Dr. Kalpana Saini (2022-28) (2022-2028)","Elected MP","Electrification in Scheldued Caste dominated Gram Panchayat Patkot, Gram Sabha Rampur Tongiya, Block Ramnagar, District  Nainital","05-Mar-2026","250000","03-Jul-2026"
"310","Normal/Others","WS/MP850/2024-2025/121329-Improvement of electricity distribution infrastructure","Uttarakhand","NAINITAL(DISTRICT MAGISTRATE NAINITAL_IDA)","Shri Naresh Bansal (2020-26) (2020-2026)","Elected MP","GRAM PATKOT MEIN MEIN LT LINE KO JANHIT MEIN SURAKSHIT STHAN PAR SHIFTING KARYA.. IA(KARAYADAI SANSTATHA ) - UTTARAKHAND POWER CORPORATION LTD. ,ELECTRICITY DISTRIBUTION DIVISION ,RAMNAGAR","05-Mar-2024","45266","06-Aug-2024"
"311","Normal/Others","NA-Improvement of electricity distribution infrastructure","Uttarakhand","NAINITAL(DISTRICT MAGISTRATE NAINITAL_IDA)","Shri Mahendra Bhatt (2024-30) (2024-2030)","Elected MP","Nagar Nigam haldwani ke ward-2, me sentpal School ke pas se 11 KV ki high tensain line ko anytra sthanantaran hetu, K.S.- Adhisahashi abhiyanta nagareey vitaran khand Haldwani","15-Jul-2026","220600","NA"
"312","Normal/Others","WS/MP850/2025-2026/201772-Construction of buildings for multi-gym","Uttarakhand","BAGESHWAR(DISTRICT MAGISTRATE BAGESHWAR_IDA)","Shri Naresh Bansal (2020-26) (2020-2026)","Elected MP","gram sabha kholi mein sthit ghtbagar maidan mein vyamshala ka nirman karya ..","20-May-2025","500000","10-Dec-2025"
"313","Normal/Others","WS/MP18333/2025-2026/254905-Construction of flood control embankments/ protection walls along riverbanks, hilltops, roadsides","Uttarakhand","BAGESHWAR(DISTRICT MAGISTRATE BAGESHWAR_IDA)","Shri Mahendra Bhatt (2024-30) (2024-2030)","Elected MP","Dist Bageshwar me vikash khand kapkot ke gram cheerabagar ke talla phulwari me bad surksha karya, K.S.- Vikash khand adhikari kapkot","20-Dec-2025","500000","17-Mar-2026"
"314","Normal/Others","WS/MP18333/2024-2025/156623-Construction of rooms and halls in school and colleges","Uttarakhand","BAGESHWAR(DISTRICT MAGISTRATE BAGESHWAR_IDA)","Shri Mahendra Bhatt (2024-30) (2024-2030)","Elected MP","Kholiya Vivekanand Inter College Garud Bageshwar me do kaksha Kaksh Nirman, Ka. Sanstha.- Vidhyalay Prabandh Samiti","02-Dec-2024","800000","24-Mar-2025"
"315","Trust and Society","WS/MP850/2024-2025/145825-Construction of additional rooms and halls in the existing public and community building","Uttarakhand","PITHORAGARH(NRLM , pithoragarh)","Shri Naresh Bansal (2020-26) (2020-2026)","Elected MP","MAHILA ASHRAM MUWANI MEIN VIRDH MAHILAON KE NIWAS KE LIYE EK BHAWAN KA NIRMAN KARYA..","07-Oct-2024","3000000","20-Dec-2024"
"316","Normal/Others","WS/MP204/2024-2025/134578-Construction of community centers and community halls","Uttarakhand","PITHORAGARH(NRLM , pithoragarh)","Dr. Kalpana Saini (2022-28) (2022-2028)","Elected MP","Construction of Dharamshala in Nandigarh area near Government Hospital in village Barabe, Block Munakot, District Pithoragarh","02-Aug-2024","2000000","23-Aug-2024"
"317","Normal/Others","WS/MP18333/2025-2026/227699-Construction of community centers and community halls","Uttarakhand","PITHORAGARH(NRLM , pithoragarh)","Shri Mahendra Bhatt (2024-30) (2024-2030)","Elected MP","Mahila Aashram Muwani Pithoragarh me kaksha Nirman hetu , Karyadayee sanstha- RWD, Mahila Aashram Muwani","19-Aug-2025","2000000","17-Oct-2025"
"318","Normal/Others","WS/MP204/2026-2027/264384-Purchase of IT systems, including hardware and software for educational purposes","Uttarakhand","PITHORAGARH(NRLM , pithoragarh)","Dr. Kalpana Saini (2022-28) (2022-2028)","Elected MP","To puchase Computer System and Furniture for Skill development of Rural women and Youth at Mahila Ashram Muwani, Pithiragarh","05-Mar-2026","2000000","19-May-2026"
"319","Normal/Others","NA-Construction of toilet blocks","Uttarakhand","PITHORAGARH(NRLM , pithoragarh)","Dr. Kalpana Saini (2022-28) (2022-2028)","Elected MP","Construction of Toilets at Vivekanand Vidya Mandir Inter College Bin, Pithoragarh","04-Feb-2026","1000000","NA"
"320","Normal/Others","WS/MP18333/2026-2027/254901-Construction of flood control embankments/ protection walls along riverbanks, hilltops, roadsides","Uttarakhand","PITHORAGARH(NRLM , pithoragarh)","Shri Mahendra Bhatt (2024-30) (2024-2030)","Elected MP","Dist Pithoragarh ke Vikash khand bin me gram upertola ke matiyal bhalya tok me nadi kinare bad surksha karya, K.S.- Jilla panchayat Pithoragarh","20-Dec-2025","500000","16-Apr-2026"
"321","Normal/Others","WS/MP204/2026-2027/275900-Construction of flood control embankments/ protection walls along riverbanks, hilltops, roadsides","Uttarakhand","PITHORAGARH(NRLM , pithoragarh)","Dr. Kalpana Saini (2022-28) (2022-2028)","Elected MP","Construction of protective wall to prevent soil erosion in Kharkoli Hamlet, Gram Panchayat Askora, Block Gangolihat.","26-Mar-2026","2000000","23-Apr-2026"
"322","Normal/Others","WS/MP204/2025-2026/193317-Construction of community centers and community halls","Uttarakhand","Udham Singh Nagar(DISTRICT MAGISTRATE UDHAMSINGH NAGAR_IDA)","Dr. Kalpana Saini (2022-28) (2022-2028)","Elected MP","Construction of Waiting Room (Pratiksha Bhawan) at Katarmal, Manduwa Kheda, Jaspur, District Udham Singh Nagar","22-Apr-2025","1000000","11-Nov-2025"
"323","Normal/Others","WS/MP204/2025-2026/193352-Construction of community centers and community halls","Uttarakhand","Udham Singh Nagar(DISTRICT MAGISTRATE UDHAMSINGH NAGAR_IDA)","Dr. Kalpana Saini (2022-28) (2022-2028)","Elected MP","Construction of Multipurpose Building at the Crematorium in Village Devipura, Jaspur","22-Apr-2025","500000","18-Oct-2025"
"324","Normal/Others","NA-Construction of rooms and halls in school and colleges","Uttarakhand","Udham Singh Nagar(DISTRICT MAGISTRATE UDHAMSINGH NAGAR_IDA)","Shri Mahendra Bhatt (2024-30) (2024-2030)","Elected MP","Bharti Devi Ramsharan singh Sarswati Shishu Vidhya Mandir Ramnagar van Jaspur Udhamsingh Nagar me do Kaksha Kaksh Nirman, K. S.- Vidhyalay Prabandh Samiti","02-Dec-2024","800000","NA"
"325","Normal/Others","WS/MP204/2025-2026/193350-Construction of rooms and halls in school and colleges","Uttarakhand","Udham Singh Nagar(DISTRICT MAGISTRATE UDHAMSINGH NAGAR_IDA)","Dr. Kalpana Saini (2022-28) (2022-2028)","Elected MP","Construction of room in Guru Nanak Dev Public School, Tirath Nagar, Bhogpur Dam, Jaspur.","22-Apr-2025","500000","11-Nov-2025"
"326","Normal/Others","WS/MP18333/2025-2026/227691-Construction of rooms and halls in school and colleges","Uttarakhand","Udham Singh Nagar(DISTRICT MAGISTRATE UDHAMSINGH NAGAR_IDA)","Shri Mahendra Bhatt (2024-30) (2024-2030)","Elected MP","DEvsthali Vidhyapeeth cologe of Pharmacy lalpur kichha rudrapur ko do kaksh nirman hetu, karyadai sanstha -RWD, devbhumi shiksha prasar samiti","19-Aug-2025","2000000","17-Oct-2025"
"327","Normal/Others","WS/MP204/2026-2027/265246-Construction of rooms and halls in school and colleges","Uttarakhand","Udham Singh Nagar(DISTRICT MAGISTRATE UDHAMSINGH NAGAR_IDA)","Dr. Kalpana Saini (2022-28) (2022-2028)","Elected MP","Construction of a building at Sarswati Shishu Mandir Karanpur, Udham Singh Nagar","04-Feb-2026","1000000","15-Jun-2026"
"328","Normal/Others","WS/MP204/2025-2026/181059-Construction of rooms and halls in school and colleges","Uttarakhand","Udham Singh Nagar(DISTRICT MAGISTRATE UDHAMSINGH NAGAR_IDA)","Dr. Kalpana Saini (2022-28) (2022-2028)","Elected MP","Construction of two Classrooms in Ajay Bhartiya Saraswati Vidya Mandir, Keshavpuram, Bajpur Road, Kashipur, District Udham Singh Nagar","20-Mar-2025","1000000","11-Nov-2025"
"329","Normal/Others","WS/MP204/2026-2027/265264-Construction of rooms and halls in school and colleges","Uttarakhand","Udham Singh Nagar(DISTRICT MAGISTRATE UDHAMSINGH NAGAR_IDA)","Dr. Kalpana Saini (2022-28) (2022-2028)","Elected MP","Construction of a Building at Bharti Devi Ramshan Singh Sarswati Shishu Vidya Mandir Ramnagar van Jasur (Udham Singh Nagar)","04-Feb-2026","1500000","15-Jun-2026"
"330","Normal/Others","WS/MP204/2025-2026/255439-Improvement of electricity distribution infrastructure","Uttarakhand","Udham Singh Nagar(DISTRICT MAGISTRATE UDHAMSINGH NAGAR_IDA)","Dr. Kalpana Saini (2022-28) (2022-2028)","Elected MP","To Relocate the 11000-Volt LT Power lines located in the the fields and above the Sheraton Academy School on kaliyawala Road in kaliyawala Village (Block jaspur) Distt Udham Singh Nagar","24-Dec-2025","823174","17-Mar-2026"
"331","Normal/Others","WS/MP18333/2025-2026/254906-Construction of roads, link roads, pathways or any other road with or without drainage system","Uttarakhand","Udham Singh Nagar(DISTRICT MAGISTRATE UDHAMSINGH NAGAR_IDA)","Shri Mahendra Bhatt (2024-30) (2024-2030)","Elected MP","Dist udhamsingh nagar me viaksh khand sitarganj ke gram siseya bhatte me machhan singh ke ghar se talab tak sadak evam nali nirman, K.S.- Viaksh kahnd adhikari Sitarganj","20-Dec-2025","499265","28-Jan-2026"
"332","Normal/Others","WS/MP204/2025-2026/193342-Construction of roads, link roads, pathways or any other road with or without drainage system","Uttarakhand","Udham Singh Nagar(DISTRICT MAGISTRATE UDHAMSINGH NAGAR_IDA)","Dr. Kalpana Saini (2022-28) (2022-2028)","Elected MP","Construction of road (khadanja) from the house of Shri Mangal Das Rajput to the house of Shri Bhagwan Das in village Tirath Nagar Gurudwara No. 3 (Jaspur)","22-Apr-2025","500000","11-Nov-2025"
"333","Normal/Others","WS/MP18333/2026-2027/295420-Construction of common work sheds/ common covered sitting area","Uttarakhand","Rudraprayag(DM Rudraprayag_IDA)","Shri Mahendra Bhatt (2024-30) (2024-2030)","Elected MP","Vikas khand ukhimath ke gram bhingi me chandika tok me tin shed nirman hetu, K.S.- Khand Vikash adhikari ukhimath","15-Jul-2026","500000","19-Aug-2026"
"334","Normal/Others","WS/MP18333/2026-2027/295429-Construction of common work sheds/ common covered sitting area","Uttarakhand","Rudraprayag(DM Rudraprayag_IDA)","Shri Mahendra Bhatt (2024-30) (2024-2030)","Elected MP","vikash khand Augustmuni ke gram basti me bharkeshwar tok me tin shed tatha Shochalay nirman hetu, K.S.- Khand vikas adhikari Augustmuni","15-Jul-2026","500000","10-Aug-2026"
"335","Normal/Others","WS/MP204/2023-2024/92168-Construction of community centers and community halls","Uttarakhand","Rudraprayag(DM Rudraprayag_IDA)","Dr. Kalpana Saini (2022-28) (2022-2028)","Elected MP","construction of Store Room in Village Tyuri, Block Ukhimath, Dist. Rudraprayag","30-Jan-2024","250000","20-Feb-2024"
"336","Normal/Others","WS/MP18333/2025-2026/254876-Construction of community centers and community halls","Uttarakhand","Rudraprayag(DM Rudraprayag_IDA)","Shri Mahendra Bhatt (2024-30) (2024-2030)","Elected MP","Dist Rudraprayag me vikash khand Jakholi ke gram panchayat ghegar ke kholi tok me milan kendra ka nirman, K.S.- Gram panchayat Ghegar","20-Dec-2025","500000","19-Feb-2026"
"337","Normal/Others","WS/MP204/2023-2024/92134-Construction of night shelters for homeless","Uttarakhand","Rudraprayag(DM Rudraprayag_IDA)","Dr. Kalpana Saini (2022-28) (2022-2028)","Elected MP","construction of Rain Shelter shed in village Daira, Block Ukhimath, dist. Rudraprayag","30-Jan-2024","250000","20-Feb-2024"
"338","Normal/Others","WS/MP18333/2025-2026/269901-Construction of rooms and halls in school and colleges","Uttarakhand","Rudraprayag(DM Rudraprayag_IDA)","Shri Mahendra Bhatt (2024-30) (2024-2030)","Elected MP","Sarswati Shishu Mandir Phata Rudraprayag me Bhawan(Kaksh) Nirman, K.S.- Vikash Khand Adhikari Ukhimath","20-Feb-2026","1000000","12-Mar-2026"
"339","Normal/Others","WS/MP18333/2026-2027/295396-Construction of rooms and halls in school and colleges","Uttarakhand","Rudraprayag(DM Rudraprayag_IDA)","Shri Mahendra Bhatt (2024-30) (2024-2030)","Elected MP","Sarswati Shishumandir ukhimath Rudraprayag me tinshed hall nirman hetu, K.S.- Khand Vikas Adhikari Ukhimath","15-Jul-2026","1000000","19-Aug-2026"
"340","Normal/Others","WS/MP204/2023-2024/92143-Construction of roads, link roads, pathways or any other road with or without drainage system","Uttarakhand","Rudraprayag(DM Rudraprayag_IDA)","Dr. Kalpana Saini (2022-28) (2022-2028)","Elected MP","Construction of CC road with railing from old building to Dyuka in village Kimana (block Ukhimath).","30-Jan-2024","250000","20-Feb-2024"
"341","Normal/Others","WS/MP18333/2025-2026/253651-Setting up of farmers’ training and assistance centers","Uttarakhand","Rudraprayag(DM Rudraprayag_IDA)","Shri Mahendra Bhatt (2024-30) (2024-2030)","Elected MP","Janpad Rudraprayag ke Chopta me van sanrakshit Cheta Chopta me 15 Bhoomi par tarbad, chardiwari Nirman. K.S.- Vikash Khand adhikari ukhimath","12-Dec-2025","300000","19-Feb-2026"
"342","Normal/Others","NA-Construction of rooms and halls in school and colleges","Uttarakhand","CHAMOLI(DM Chamoli_IDA)","Shri Mahendra Bhatt (2024-30) (2024-2030)","Elected MP","Dist Chamoli me nagar panchayat pokhari ke ward-3 me taigor inter college vinayakdhar pokhari me computer prayagshala nirman hetu, K.S.- Sichai khand kothiyal sain chamoli","15-Jul-2026","500000","NA"
"343","Normal/Others","WS/MP18333/2026-2027/254356-Development of playground","Uttarakhand","CHAMOLI(DM Chamoli_IDA)","Shri Mahendra Bhatt (2024-30) (2024-2030)","Elected MP","Dist Chamoli ke Vikash khand dasholi me Govt Inter College Gauna me Prarthana manch aur prangan nirman, K.S.- Miner Irriggation Department Chamoli","16-Dec-2025","1000000","02-Apr-2026"
"344","Normal/Others","NA-Purchase of books and periodicals for libraries/digitization of library books","Uttarakhand","CHAMOLI(DM Chamoli_IDA)","Shri Mahendra Bhatt (2024-30) (2024-2030)","Elected MP","Supply of books worth 1 lakh per institution following the application of trade discounts to 50 educational institutions within the Chamoli district  for the purpose of promoting and propagating the national language  Hindi and Hindi literature","23-Jul-2026","5000000","NA"
"345","Normal/Others","NA-Construction of flood control embankments/ protection walls along riverbanks, hilltops, roadsides","Uttarakhand","CHAMOLI(DM Chamoli_IDA)","Shri Mahendra Bhatt (2024-30) (2024-2030)","Elected MP","Vikas Khand Pokhari ke Gram Sem ke Bagad ya Chhor Bagad Tok me Chek Dem, surksha diwar nirman K-S- Sichai Khand Kothiyalsain Chamoli","19-Apr-2026","1000000","NA"
"346","Normal/Others","WS/MP18333/2025-2026/203868-Purchase of books and periodicals for libraries/digitization of library books","Uttarakhand","CHAMOLI(DM Chamoli_IDA)","Shri Mahendra Bhatt (2024-30) (2024-2030)","Elected MP","Letter as per attached.","26-May-2025","2000000","06-Dec-2025"
"347","Normal/Others","NA-Construction of common work sheds/ common covered sitting area","Uttarakhand","CHAMOLI(DM Chamoli_IDA)","Shri Mahendra Bhatt (2024-30) (2024-2030)","Elected MP","VIkash Khand Joshimath ke Gram Panchayat Badagaon ke Hanuman Shila tok me Tin Shed Nirman. K.S.- Vikash Khand Adhikari Joshimath","12-Dec-2025","500000","NA"
"348","Normal/Others","WS/MP18333/2026-2027/253664-Construction of common work sheds/ common covered sitting area","Uttarakhand","CHAMOLI(DM Chamoli_IDA)","Shri Mahendra Bhatt (2024-30) (2024-2030)","Elected MP","Vikash Khand Nanda Nagar me Gram Panchayat Matai ke dona tok me tin shed nirman, K.S.- Gram Panchayat Matai","12-Dec-2025","500000","19-Jun-2026"
"349","Normal/Others","NA-Construction of common work sheds/ common covered sitting area","Uttarakhand","CHAMOLI(DM Chamoli_IDA)","Shri Mahendra Bhatt (2024-30) (2024-2030)","Elected MP","Nagar Palika Gopeshwar me Ward No-5 ke ShivShakti Nagar me Bharatghar ka Sondrikaran-ten shed nirman. K.S.- Vikash Khand Adhikari Dasholi","12-Dec-2025","300000","NA"
"350","Normal/Others","WS/MP18333/2026-2027/253666-Construction of common work sheds/ common covered sitting area","Uttarakhand","CHAMOLI(DM Chamoli_IDA)","Shri Mahendra Bhatt (2024-30) (2024-2030)","Elected MP","Vikash Khand dasholi ke ansuya tok me tinshed ka nirman- farsh nirman, K.S.- Vikash Khand Adhikari Dasholi","12-Dec-2025","500000","02-Apr-2026"
"351","Normal/Others","WS/MP18333/2026-2027/201376-Construction of community centers and community halls","Uttarakhand","CHAMOLI(DM Chamoli_IDA)","Shri Mahendra Bhatt (2024-30) (2024-2030)","Elected MP","Janpad Chamoli  gram Irani me panchayat gha ke uper renseltar nirman. kar. san.- Vikash Khand Dasholi","20-May-2025","500000","02-Apr-2026"
"352","Normal/Others","NA-Construction of common work sheds/ common covered sitting area","Uttarakhand","CHAMOLI(DM Chamoli_IDA)","Shri Mahendra Bhatt (2024-30) (2024-2030)","Elected MP","Vikash khand nandanagar Ghaat ke gram panchayat sarpani me Rain Shed Nirman hetu, K.S.- Khand vikas adhikari nandanagar ghat","15-Jul-2026","600000","NA"
"353","Trust and Society","WS/MP850/2024-2025/136212-Construction of rooms and halls in school and colleges","Uttarakhand","CHAMOLI(DM Chamoli_IDA)","Shri Naresh Bansal (2020-26) (2020-2026)","Elected MP","JANTA UUCHTAR MADYAMIK VIDYALYA BAMOTH MEIN EK KAKSH KA NIRMAN","18-Aug-2024","500000","03-Feb-2025"
"354","Normal/Others","NA-Construction of rooms and halls in school and colleges","Uttarakhand","CHAMOLI(DM Chamoli_IDA)","Shri Mahendra Bhatt (2024-30) (2024-2030)","Elected MP","Sarswati Shishi Mandir Deval (selkhola) chamoli me Kaksh Nirman hetu, karyadai sanstha - Sichai Khand Kothiyalsain chamoli","20-Feb-2026","1000000","NA"
"355","Normal/Others","NA-Construction of rooms and halls in school and colleges","Uttarakhand","CHAMOLI(DM Chamoli_IDA)","Shri Mahendra Bhatt (2024-30) (2024-2030)","Elected MP","Sarswati Vidhya Mandir Tharali (ward No-4) chamoli me do kaksh Nirman hetu, K.S.- Sichai Khand Kothiyalsain Chamoli","20-Feb-2026","1500000","NA"
"356","Normal/Others","WS/MP18333/2026-2027/269882-Construction of rooms and halls in school and colleges","Uttarakhand","CHAMOLI(DM Chamoli_IDA)","Shri Mahendra Bhatt (2024-30) (2024-2030)","Elected MP","Sarswati Vidhya Mandir Nandanagar Ghaat Chamoli me Bhawan Nirman( kaksh Nirman) hetu, K.S.- Sichai Khand Kothiyalsain Chamoli","20-Feb-2026","1000000","01-Aug-2026"
"357","Normal/Others","NA-Construction of rooms and halls in school and colleges","Uttarakhand","CHAMOLI(DM Chamoli_IDA)","Shri Mahendra Bhatt (2024-30) (2024-2030)","Elected MP","Sarswati Shishu Mandir Urgam chamoli me Kaksha Kaksh Nirman, Karyadayi Sanstha- Vidhyalay Prabandh Samiti","02-Dec-2024","500000","NA"
"358","Normal/Others","NA-Construction of rooms and halls in school and colleges","Uttarakhand","CHAMOLI(DM Chamoli_IDA)","Shri Mahendra Bhatt (2024-30) (2024-2030)","Elected MP","Sarswati Shishu Mandir Gwaldam chamoli me do Kakska kaksh Nirman, Karyadayi sanstha- Vidhyalay Prabandh Samiti","02-Dec-2024","800000","NA"
"359","Normal/Others","WS/MP18333/2025-2026/201352-Construction of roads, link roads, pathways or any other road with or without drainage system","Uttarakhand","CHAMOLI(DM Chamoli_IDA)","Shri Mahendra Bhatt (2024-30) (2024-2030)","Elected MP","janpad chamoli ke nagar panchayat nandanagar me ward04 ke kunturi me tiling - CC marg nirman. kar. san.- PWD Karanprayag","20-May-2025","500000","21-Nov-2025"
"360","Normal/Others","WS/MP18333/2025-2026/201378-Construction of roads, link roads, pathways or any other road with or without drainage system","Uttarakhand","CHAMOLI(DM Chamoli_IDA)","Shri Mahendra Bhatt (2024-30) (2024-2030)","Elected MP","Janpad Chamoli ke vikas khand pokhari me gram kumeda me mukhya marg per surksha deewar nirman. Kar. San. Vikas Khand Pokhari","20-May-2025","250000","10-Oct-2025"
"361","Normal/Others","NA-Construction of roads, link roads, pathways or any other road with or without drainage system","Uttarakhand","CHAMOLI(DM Chamoli_IDA)","Shri Mahendra Bhatt (2024-30) (2024-2030)","Elected MP","Vikash khand pokhari me Gram panchayat satiyana me nok tok me sadak se kevalanand dimri ke makan tak C C Marg evam reling nirman, K.S.- Gram Panchayat satiyana","16-Dec-2025","500000","NA"
"362","Normal/Others","NA-Construction of roads, link roads, pathways or any other road with or without drainage system","Uttarakhand","CHAMOLI(DM Chamoli_IDA)","Shri Mahendra Bhatt (2024-30) (2024-2030)","Elected MP","Dist Chamoli me vikash khand Pokhari ke Gram Jhiloti ke Mukhya Marg par Reling and Anya Karya , K.S.- Sichai Khand Kothiyalsen Chamoli","20-Dec-2025","500000","NA"
"363","Normal/Others","NA-Construction of roads, link roads, pathways or any other road with or without drainage system","Uttarakhand","CHAMOLI(DM Chamoli_IDA)","Shri Mahendra Bhatt (2024-30) (2024-2030)","Elected MP","Vikas Khand Pokhari ke Gram Valli me Tundaragas se Khaldhar tak C.C. Tiles marng Nirman. K.S. Sichai khand Kothiyalsain Chamoli","19-Apr-2026","500000","NA"
"364","Normal/Others","NA-Setting up crops conservation facilities","Uttarakhand","CHAMOLI(DM Chamoli_IDA)","Shri Mahendra Bhatt (2024-30) (2024-2030)","Elected MP","Joshimath ke Gram Karachhon me Aalu Vipdan kentra ka nirman. K.S.- Gram Panchayat Karachhon","12-Dec-2025","500000","NA"
"365","Repair and Renovation","WS/MP18333/2025-2026/174908-Construction of footpaths and pedestrian ways","Uttarakhand","CHAMOLI(DM Chamoli_IDA)","Shri Mahendra Bhatt (2024-30) (2024-2030)","Elected MP","Janpad Chamoli Ke Vikash Khand Nandanagar Ghat Ke Gram Dhurma ke Gwad tak me Paidal Puliya se bagad tok tak paidal rasta ka nirman evam Surkshatam karya , Karyadai sanstha- PWD Karanprayag","17-Feb-2025","500000","30-Aug-2025"
"366","Repair and Renovation","NA-Construction of culverts and bridges","Uttarakhand","CHAMOLI(DM Chamoli_IDA)","Shri Mahendra Bhatt (2024-30) (2024-2030)","Elected MP","Nagar Panchayat Nandanagar Ghaat ke ward-4, kunturi phali ke ghatbagad me garder pul ka surkshatmak kary- railing nirman. K.S.- Grameen Nirman Vibhag Gopeshwar Chamoli","15-Jul-2026","700000","NA"
"367","Normal/Others","WS/MP18333/2026-2027/156564-Development of playfields and sports grounds","Uttarakhand","CHAMOLI(DM Chamoli_IDA)","Shri Mahendra Bhatt (2024-30) (2024-2030)","Elected MP","Gramsabha Brahamanthala me Khel Maidan Samtalikaran evam Pusta Nirman, Karyadayi Sanstha- Gram Pradhan","02-Dec-2024","500000","19-Jun-2026"
"368","Normal/Others","NA-Construction of roads, link roads, pathways or any other road with or without drainage system","Uttarakhand","DEHRADUN(DISTRICT MAGISTRATE DEHRADUN_IDA)","Shri Mahendra Bhatt (2024-30) (2024-2030)","Elected MP","Ward No-77 Majara me dehradun-saharanpur road se baluni academy ki aur jane wala marg ka nirman karya. Karyadai Sanstha- Grameen nirman vibhag Dehradun","12-Dec-2025","500000","NA"
"369","Normal/Others","NA-Construction of roads, link roads, pathways or any other road with or without drainage system","Uttarakhand","DEHRADUN(DISTRICT MAGISTRATE DEHRADUN_IDA)","Shri Naresh Bansal (2020-26) (2020-2026)","Elected MP","gram chatra mein hanol bulad motor marg se ghsanalti tak cc road evam suraksha diwar ka nirman.ia(karyadai sanstatha)-nagar palika parishad herburtpur","20-Aug-2026","1500000","NA"
"370","Normal/Others","NA-Construction of roads, link roads, pathways or any other road with or without drainage system","Uttarakhand","DEHRADUN(DISTRICT MAGISTRATE DEHRADUN_IDA)","Shri Naresh Bansal (2020-26) (2020-2026)","Elected MP","gram hayotagari ke mukhye marg se junior high school tak cc road evam suraksha diwar karya.ia(karyadai sanstatha)-nagar palika parishad herburtpur","20-Aug-2026","1500000","NA"
"371","Normal/Others","WS/MP850/2025-2026/184273-Construction of New Building","Uttarakhand","DEHRADUN(DISTRICT MAGISTRATE DEHRADUN_IDA)","Shri Naresh Bansal (2020-26) (2020-2026)","Elected MP","BAR ASSOCIATION VIKASNAGAR KE VADKARI SHED KA NIRMAN.IA KARYADAI SANSTATHA -NAGAR PALIKA PARISHAD HERBURTPUR","20-Mar-2025","913000","02-May-2025"
"372","Normal/Others","WS/MP850/2025-2026/152702-Purchase Books for Library","Uttarakhand","DEHRADUN(DISTRICT MAGISTRATE DEHRADUN_IDA)","Shri Naresh Bansal (2020-26) (2020-2026)","Elected MP","books for libraries of RS. 1LAKH each for different schools of Dehradun. IA (Karyadai Sanstatha) NAGAR PALIKA PARISHAD HERBUERTPUR","15-Nov-2024","1000000","05-Aug-2025"
"373","Normal/Others","WS/MP18333/2026-2027/253636-Development of playfields and sports grounds","Uttarakhand","DEHRADUN(DISTRICT MAGISTRATE DEHRADUN_IDA)","Shri Mahendra Bhatt (2024-30) (2024-2030)","Elected MP","Gram Sabha Raiwala Rishikesh me Pump House ke pass Khel Maidan ka Nirman, Karyadai Sansth- Sichai Khand dehradun Subhash road","12-Dec-2025","1000000","22-May-2026"
"374","Normal/Others","WS/MP850/2026-2027/278747-Construction of roads, link roads, pathways or any other road with or without drainage system","Uttarakhand","DEHRADUN(DISTRICT MAGISTRATE DEHRADUN_IDA)","Shri Naresh Bansal (2020-26) (2020-2026)","Elected MP","NAGAR PALIKA PARISHAD HERBURTPUR KE  ward 1 mein shri roshan lal ki dukan se shri bhupesh ke ghar tak bhumighat nali evam cc tiles sadk nirman karya.ia(karyadai sanstatha)-nagar palika parishad herbutpur","01-May-2026","1732000","12-Jun-2026"
"375","Normal/Others","WS/MP850/2026-2027/278748-Construction of roads, link roads, pathways or any other road with or without drainage system","Uttarakhand","DEHRADUN(DISTRICT MAGISTRATE DEHRADUN_IDA)","Shri Naresh Bansal (2020-26) (2020-2026)","Elected MP","NAGAR PALIKA PARISHAD HERBURTPUR KE ward 1 bansipur mein shri bhupesh ke makan se shri dp singh ke ghar tak bhumigat nali evam cc sadak nirman karya.ia(karyadai sanstatha)-nagar palika parishad herburtpur","01-May-2026","628000","12-Jun-2026"
"376","Normal/Others","WS/MP850/2026-2027/278749-Construction of roads, link roads, pathways or any other road with or without drainage system","Uttarakhand","DEHRADUN(DISTRICT MAGISTRATE DEHRADUN_IDA)","Shri Naresh Bansal (2020-26) (2020-2026)","Elected MP","NAGAR PALIKA PARISHAD HERBURTPUR KE ward 1 bansipur mein sc bahul khetr mein shri ravidas mandir se shri ramesh chandra ke makn tak cc tiles sadak evam bhumigat  nali nirman karya.ia (karyadai sanstatha)-nagar palika herburtpur","01-May-2026","397000","12-Jun-2026"
"377","Normal/Others","WS/MP850/2026-2027/278750-Construction of roads, link roads, pathways or any other road with or without drainage system","Uttarakhand","DEHRADUN(DISTRICT MAGISTRATE DEHRADUN_IDA)","Shri Naresh Bansal (2020-26) (2020-2026)","Elected MP","NAGAR PALIKA PARISHAD HERBURTPUR KE ward 2 mein cinema hall road par st bahul khetr mein jane wali sadak sichai gul se shri prashad ke makan tak cc tiles sadak nirman karya.ia(karyadai sanstatha)-nagar palika parishad herburtpur","01-May-2026","1353000","12-Jun-2026"
"378","Normal/Others","WS/MP850/2026-2027/278751-Construction of roads, link roads, pathways or any other road with or without drainage system","Uttarakhand","DEHRADUN(DISTRICT MAGISTRATE DEHRADUN_IDA)","Shri Naresh Bansal (2020-26) (2020-2026)","Elected MP","NAGAR PALIKA PARISHAD HERBURTPUR KE ward 2 mein shri pramod ke makan se shri mukesh ke makan ki aur cc tiles sadk nirman karya.ia(karyadai sanstatha)-nagar palika parishad herburtpur","01-May-2026","1141000","12-Jun-2026"
"379","Normal/Others","WS/MP850/2026-2027/278752-Construction of roads, link roads, pathways or any other road with or without drainage system","Uttarakhand","DEHRADUN(DISTRICT MAGISTRATE DEHRADUN_IDA)","Shri Naresh Bansal (2020-26) (2020-2026)","Elected MP","NAGAR PALIKA PARISHAD HERBURTPUR KE ward 2 mein shri rajkumar ki dukan,shri satpal v shri dharam singh ,shri kishan lal v shri harvir ke ghar tak cc tiles sadk evam nali nirman karya.ia(karyadai sanstatha)-nagar palika parishad herburtpur","01-May-2026","1003000","12-Jun-2026"
"380","Normal/Others","WS/MP850/2026-2027/278753-Construction of roads, link roads, pathways or any other road with or without drainage system","Uttarakhand","DEHRADUN(DISTRICT MAGISTRATE DEHRADUN_IDA)","Shri Naresh Bansal (2020-26) (2020-2026)","Elected MP","NAGAR PALIKA PARISHAD HERBURTPUR KE ward 2 mein smt. pooja ke makan se shri mukesh tomar ke makan tak cc tiles sadak nirman karya.ia(karyadai sanstatha)-nagar palika parishad herburtpur","01-May-2026","1158000","12-Jun-2026"
"381","Normal/Others","WS/MP850/2026-2027/278754-Construction of roads, link roads, pathways or any other road with or without drainage system","Uttarakhand","DEHRADUN(DISTRICT MAGISTRATE DEHRADUN_IDA)","Shri Naresh Bansal (2020-26) (2020-2026)","Elected MP","NAGAR PALIKA PARISHAD HERBURTPUR KE ward 4 mein dehradun road se harijan basti mein ravidas mandir tak cc tiles sadak nirman karya.ia(karyadai sanstatha)-nagar palika parishad herburtpur","01-May-2026","1497000","12-Jun-2026"
"382","Normal/Others","WS/MP850/2026-2027/278755-Construction of roads, link roads, pathways or any other road with or without drainage system","Uttarakhand","DEHRADUN(DISTRICT MAGISTRATE DEHRADUN_IDA)","Shri Naresh Bansal (2020-26) (2020-2026)","Elected MP","NAGAR PALIKA PARISHAD HERBURTPUR KE ward 4 mein harijan basti mein shri deepak kumar ke ghar ke piche se omi ke ghar ko hote hue shri amit verma ke makan tak cc tiles sadak nirman karya.ia(karyadai sanstatha)-nagar palika parishad herburtpur","01-May-2026","465000","12-Jun-2026"
"383","Normal/Others","WS/MP850/2026-2027/278756-Construction of roads, link roads, pathways or any other road with or without drainage system","Uttarakhand","DEHRADUN(DISTRICT MAGISTRATE DEHRADUN_IDA)","Shri Naresh Bansal (2020-26) (2020-2026)","Elected MP","NAGAR PALIKA PARISHAD HERBURTPUR KE ward 1 mein shri rati ram ke makan se shri sandeep ke makan se cc tiles sadak v ratiram se lalit kumar ke makan tak bhumigat nali nirman karya.ia(karyadai sanstatha)-nagar palika parishad herburtpur","01-May-2026","731000","12-Jun-2026"
"384","Normal/Others","WS/MP18333/2026-2027/280158-Construction of roads, link roads, pathways or any other road with or without drainage system","Uttarakhand","DEHRADUN(DISTRICT MAGISTRATE DEHRADUN_IDA)","Shri Mahendra Bhatt (2024-30) (2024-2030)","Elected MP","NPP Herbaertpur ke ward-1 Banshipur me Paunta road se Smt Seema Tomar ke Ghar tak C.C. Tails Sadak evam Bhoomogat Nali Nirman. K.S- Nagar palika parishad Herbertpur","11-May-2026","892000","17-Jun-2026"
"385","Normal/Others","WS/MP18333/2026-2027/280159-Construction of roads, link roads, pathways or any other road with or without drainage system","Uttarakhand","DEHRADUN(DISTRICT MAGISTRATE DEHRADUN_IDA)","Shri Mahendra Bhatt (2024-30) (2024-2030)","Elected MP","NPP Herbertpur ke ward No-4 me Dehradun road se sanjay dheeman ke ghar ki aur C.C. Tailes sadak nirman karya. K.S.- Nagarpalika Parishad Herbertpur","11-May-2026","1124000","17-Jun-2026"
"386","Normal/Others","WS/MP18333/2026-2027/280164-Construction of roads, link roads, pathways or any other road with or without drainage system","Uttarakhand","DEHRADUN(DISTRICT MAGISTRATE DEHRADUN_IDA)","Shri Mahendra Bhatt (2024-30) (2024-2030)","Elected MP","NPP Herbertpur ke Ward N0-1 me sepiyans School wali Sadak se Smt Rajni Goyal ke makaan ke sameep tak C.C. Tails sadak Nirman karya. K.S.- Nagar palika parishad Herbertpur","11-May-2026","1921000","17-Jun-2026"
"387","Normal/Others","WS/MP18333/2026-2027/280167-Construction of roads, link roads, pathways or any other road with or without drainage system","Uttarakhand","DEHRADUN(DISTRICT MAGISTRATE DEHRADUN_IDA)","Shri Mahendra Bhatt (2024-30) (2024-2030)","Elected MP","NPP Herbertpur ke ward N0-9 me Main Road Rajesh ke Makaan se sanjay ke Makaan evam gurmel singh ke Ghar ke aage tak C.C. Tailes Sadak Nirman Karya. K.S.- Nagar palika parishad Herbertpur","11-May-2026","1494000","17-Jun-2026"
"388","Normal/Others","WS/MP18333/2026-2027/280171-Construction of roads, link roads, pathways or any other road with or without drainage system","Uttarakhand","DEHRADUN(DISTRICT MAGISTRATE DEHRADUN_IDA)","Shri Mahendra Bhatt (2024-30) (2024-2030)","Elected MP","NPP Herbertpur ke Ward N0-7 me D.R. wali road se Shri Nandram evam Shri premchandra Sharma ke Ghar ko hote huye aage ki aur C.C. Tailes Sadak evam Nali Nirman Karya. K.S.- Nagar palika parishad Herbertpur","11-May-2026","776000","17-Jun-2026"
"389","Normal/Others","WS/MP18333/2026-2027/280172-Construction of roads, link roads, pathways or any other road with or without drainage system","Uttarakhand","DEHRADUN(DISTRICT MAGISTRATE DEHRADUN_IDA)","Shri Mahendra Bhatt (2024-30) (2024-2030)","Elected MP","NPP Herbertpur ke ward N0-6 vivek vihar me mukhya marg se Naresh Nagwal ke Makaan tak C.C. tails sadak nirman karya. K.S.- Nagar palika parishad Herbertpur","11-May-2026","277000","17-Jun-2026"
"390","Normal/Others","WS/MP18333/2026-2027/280556-Construction of roads, link roads, pathways or any other road with or without drainage system","Uttarakhand","DEHRADUN(DISTRICT MAGISTRATE DEHRADUN_IDA)","Shri Mahendra Bhatt (2024-30) (2024-2030)","Elected MP","NP Doiwala ke ward-2 mahadevpuram me mukhya marg se Shri semwal ji ke Ghar tak C.C. Sadak Nirman. K.S. Khand Vikash Adhikari Doiwala","13-May-2026","400000","20-Jun-2026"
"391","Normal/Others","WS/MP18333/2026-2027/280574-Construction of roads, link roads, pathways or any other road with or without drainage system","Uttarakhand","DEHRADUN(DISTRICT MAGISTRATE DEHRADUN_IDA)","Shri Mahendra Bhatt (2024-30) (2024-2030)","Elected MP","NP Doiwala ke Ward-3 me Shri Shurveer Rawat ke Ghar se Smt Moni Ratkali ke Ghar tak C.C. Sadak Nirman. K.S.- Khand Vikash Adhikari Doiwala","13-May-2026","400000","20-Jun-2026"
"392","Normal/Others","WS/MP18333/2026-2027/280575-Construction of roads, link roads, pathways or any other road with or without drainage system","Uttarakhand","DEHRADUN(DISTRICT MAGISTRATE DEHRADUN_IDA)","Shri Mahendra Bhatt (2024-30) (2024-2030)","Elected MP","NP Doiwala ke Ward-5 me Jollygrant Mukhya Marg se Shri T.S. Jhingvan ke Ghar tak C.C. Sadak Nirman. K.S.- Khand Vikash Adhikari Doiwala","13-May-2026","500000","20-Jun-2026"
"393","Normal/Others","WS/MP18333/2026-2027/280576-Construction of roads, link roads, pathways or any other road with or without drainage system","Uttarakhand","DEHRADUN(DISTRICT MAGISTRATE DEHRADUN_IDA)","Shri Mahendra Bhatt (2024-30) (2024-2030)","Elected MP","NP Doiwala ke Ward-5 me Shri Anand Singh ke Ghar se Smt Pooja Rawat ke Ghar tak C.C. Sadak Nirman. K.S.- Khand Vikash Adhikari Doiwala","13-May-2026","500000","20-Jun-2026"
"394","Normal/Others","WS/MP18333/2026-2027/280577-Construction of roads, link roads, pathways or any other road with or without drainage system","Uttarakhand","DEHRADUN(DISTRICT MAGISTRATE DEHRADUN_IDA)","Shri Mahendra Bhatt (2024-30) (2024-2030)","Elected MP","NP Doiwala ke ward-7 me Athoorwala mukhya marg se Shri Rajpal negi ke Ghar ki Aur C.C. Sadak Nirman. K.S.- Khand Vikash Adhikari Doiwala","13-May-2026","400000","20-Jun-2026"
"395","Normal/Others","WS/MP18333/2026-2027/280584-Construction of roads, link roads, pathways or any other road with or without drainage system","Uttarakhand","DEHRADUN(DISTRICT MAGISTRATE DEHRADUN_IDA)","Shri Mahendra Bhatt (2024-30) (2024-2030)","Elected MP","NP Doiwala ke ward-8 me Shri Gangaram ke Ghar se Smt Manisha gupta ke Ghar tak C.C. Sadak Nirman. K.S.- Khand Vikash Adhikari Doiwala","13-May-2026","500000","20-Jun-2026"
"396","Normal/Others","WS/MP18333/2026-2027/280585-Construction of roads, link roads, pathways or any other road with or without drainage system","Uttarakhand","DEHRADUN(DISTRICT MAGISTRATE DEHRADUN_IDA)","Shri Mahendra Bhatt (2024-30) (2024-2030)","Elected MP","NP Doiwala ke Ward-8 me Shri Vijay Negi ke Ghar sse Mamgai ji ke Ghar ki aur C.C. Sadak Nirman. K.S.-khand Vikash Adhikari Doiwala","13-May-2026","500000","20-Jun-2026"
"397","Normal/Others","WS/MP18333/2026-2027/280586-Construction of roads, link roads, pathways or any other road with or without drainage system","Uttarakhand","DEHRADUN(DISTRICT MAGISTRATE DEHRADUN_IDA)","Shri Mahendra Bhatt (2024-30) (2024-2030)","Elected MP","NP Doiwala ke Ward-8 me Smt Asha Khati ke Ghar se Shri Ramanand Nautiyal ke Ghar tak C.C. Sadak Nirman. K.S.- Khand Vikash Adhikari Doiwala","13-May-2026","400000","20-Jun-2026"
"398","Normal/Others","WS/MP18333/2026-2027/280587-Construction of roads, link roads, pathways or any other road with or without drainage system","Uttarakhand","DEHRADUN(DISTRICT MAGISTRATE DEHRADUN_IDA)","Shri Mahendra Bhatt (2024-30) (2024-2030)","Elected MP","NP Doiwala ke Ward-9 me Shri jagat Singh ashwal ke Ghar se Shri Sunil Ashwal ke Ghar tak C.C. Sadak Nirman. K.S.- khand Vikash ADhikari Doiwala","13-May-2026","200000","20-Jun-2026"
"399","Normal/Others","WS/MP18333/2026-2027/280589-Construction of roads, link roads, pathways or any other road with or without drainage system","Uttarakhand","DEHRADUN(DISTRICT MAGISTRATE DEHRADUN_IDA)","Shri Mahendra Bhatt (2024-30) (2024-2030)","Elected MP","NP Doiwala ke Ward-16 me panchwati Colony me Shri Abbal singh Rawat ke Ghar se Shripal ke Ghar tak C.C. Sadak Nirman. K.S.- Khand Vikash Adhikari Doiwala","13-May-2026","500000","20-Jun-2026"
"400","Normal/Others","WS/MP18333/2026-2027/280590-Construction of roads, link roads, pathways or any other road with or without drainage system","Uttarakhand","DEHRADUN(DISTRICT MAGISTRATE DEHRADUN_IDA)","Shri Mahendra Bhatt (2024-30) (2024-2030)","Elected MP","NP Doiwala ke Ward 17 me gyani gyan Singh Mukhya Marg se Jaspal Panwar ke Ghar se Vinod Sharma ke Ghar tak C.C. Sadak Nirman. K.S.-kahnd Vikash Adhikari Doiwala","13-May-2026","500000","20-Jun-2026"
"401","Normal/Others","WS/MP18333/2026-2027/280591-Construction of roads, link roads, pathways or any other road with or without drainage system","Uttarakhand","DEHRADUN(DISTRICT MAGISTRATE DEHRADUN_IDA)","Shri Mahendra Bhatt (2024-30) (2024-2030)","Elected MP","NP Doiwala Ke Ward-17 Ekta Colony me Mukhya Marg Smt Pooja negi ke ghar tak C.C. sadak Nirman. K.S.- Khand Vikash Adhikari Doiwala","13-May-2026","300000","20-Jun-2026"
"402","Normal/Others","WS/MP18333/2026-2027/280592-Construction of roads, link roads, pathways or any other road with or without drainage system","Uttarakhand","DEHRADUN(DISTRICT MAGISTRATE DEHRADUN_IDA)","Shri Mahendra Bhatt (2024-30) (2024-2030)","Elected MP","NP Doiwala ke Ward-17 me Sardar Jeevan Singh Enclave me Smt Sushma ke Ghar se Shri Jasmeet ke Ghar tak C.C. sadak Nirman. K.S.-Khand vikash Adhikari Doiwala","13-May-2026","400000","20-Jun-2026"
"403","Normal/Others","WS/MP18333/2026-2027/280593-Construction of roads, link roads, pathways or any other road with or without drainage system","Uttarakhand","DEHRADUN(DISTRICT MAGISTRATE DEHRADUN_IDA)","Shri Mahendra Bhatt (2024-30) (2024-2030)","Elected MP","NP Doiwala ke Ward-17 me Advkt Shri Phool Singh lodhi ke Ghar se D.R.L. School tak C.C. Sadak Nirman. K.S.- Khand Vikash ADhikari Doiwala","13-May-2026","400000","20-Jun-2026"
"404","Normal/Others","WS/MP18333/2025-2026/254873-Construction of roads, link roads, pathways or any other road with or without drainage system","Uttarakhand","DEHRADUN(DISTRICT MAGISTRATE DEHRADUN_IDA)","Shri Mahendra Bhatt (2024-30) (2024-2030)","Elected MP","Dist Dehradun ke Doiwala Block me Markham Grant Bullawala me Gulab singh ki dukan se mohan singh ke ghar tak sadak nirman, K.S- Vikash khand Doiwala","20-Dec-2025","500000","12-Mar-2026"
"405","Normal/Others","WS/MP18333/2025-2026/254874-Construction of roads, link roads, pathways or any other road with or without drainage system","Uttarakhand","DEHRADUN(DISTRICT MAGISTRATE DEHRADUN_IDA)","Shri Mahendra Bhatt (2024-30) (2024-2030)","Elected MP","Dist Dehradun ke Vikash Khand Sahaspur me Gram Bhuddi Chakmasha me dadan singh rana ke ghar se vidhyadutt ke ghar tak sadak nirman, K.S.- Vikash Khand Sahaspur","20-Dec-2025","500000","17-Feb-2026"
"406","Normal/Others","WS/MP850/2025-2026/257745-Construction of roads, link roads, pathways or any other road with or without drainage system","Uttarakhand","DEHRADUN(DISTRICT MAGISTRATE DEHRADUN_IDA)","Shri Naresh Bansal (2020-26) (2020-2026)","Elected MP","doctorganj ki jaunsari colony ke mukhyemarg se arun kumar mittal ke ghar ki aur cc road nirman karya.ia(karyadai sanstatha)-nagar palika parishad herburtpur","07-Jan-2026","732033","18-Feb-2026"
"407","Normal/Others","WS/MP850/2025-2026/257749-Construction of roads, link roads, pathways or any other road with or without drainage system","Uttarakhand","DEHRADUN(DISTRICT MAGISTRATE DEHRADUN_IDA)","Shri Naresh Bansal (2020-26) (2020-2026)","Elected MP","aasan bagh mahadev coclony mein pappu carpenter ke ghar se shri subhash sharma,sanjaysharma ke ghar ki aur hote hue shree santosh rawat ke ghar tak cc road nirman karya .ia(karyadai sanstatha)-nagar palika parishad herbutpur","07-Jan-2026","2489472","06-Feb-2026"
"408","Normal/Others","WS/MP18333/2026-2027/280660-Construction of roads, link roads, pathways or any other road with or without drainage system","Uttarakhand","DEHRADUN(DISTRICT MAGISTRATE DEHRADUN_IDA)","Shri Mahendra Bhatt (2024-30) (2024-2030)","Elected MP","Vikash khand sahaspur ke gram Chharba me mukhya marg se deepu murgi farm tak C.C. Marg nirman. K.S.- khand  vikash adhikari Sahaspur","13-May-2026","1000000","22-Aug-2026"
"409","Normal/Others","NA-Construction of roads, link roads, pathways or any other road with or without drainage system","Uttarakhand","DEHRADUN(DISTRICT MAGISTRATE DEHRADUN_IDA)","Shri Mahendra Bhatt (2024-30) (2024-2030)","Elected MP","Vikash khand Sahaspur ke Gram Chharba me mukhya marg se praveen aadi ke gharon tak C.C. Marg Nirman. K.S.- Khand Vikash Adhikari Sahaspur","13-May-2026","1000000","NA"
"410","Normal/Others","NA-Construction of roads, link roads, pathways or any other road with or without drainage system","Uttarakhand","DEHRADUN(DISTRICT MAGISTRATE DEHRADUN_IDA)","Shri Naresh Bansal (2020-26) (2020-2026)","Elected MP","nagar palika parishad herburtpur ke ward 2 adarsh vihar mein shri naushad ke makan se shri pandit ji  makan tak cc tiles evam road nirman karya.ia(karyadai sanstatha)-nagar palika parishad herburtpur","23-Jun-2026","200000","NA"
"411","Normal/Others","NA-Construction of roads, link roads, pathways or any other road with or without drainage system","Uttarakhand","DEHRADUN(DISTRICT MAGISTRATE DEHRADUN_IDA)","Shri Naresh Bansal (2020-26) (2020-2026)","Elected MP","nagar palika parishad herburtpur ke ward no.4 assanbagh mein shanu ke makan se farukh v irshad ke makan tak cc tiles sadk nirman karya.ia(karyadai sanstatha)-nagar palika parishad herburtpur","23-Jun-2026","1091000","NA"
"412","Normal/Others","NA-Construction of roads, link roads, pathways or any other road with or without drainage system","Uttarakhand","DEHRADUN(DISTRICT MAGISTRATE DEHRADUN_IDA)","Shri Mahendra Bhatt (2024-30) (2024-2030)","Elected MP","nagar panchayat selaquei ke ward-8 me rajawala-bhauwala road se naina devi mandir, bhagaram-dataram ke ghar ki aur jane wale raste me C.C. marg nirman, K.S.-khand vikash adhikari sahaspur","14-Jul-2026","250000","NA"
"413","Normal/Others","NA-Construction of roads, link roads, pathways or any other road with or without drainage system","Uttarakhand","DEHRADUN(DISTRICT MAGISTRATE DEHRADUN_IDA)","Shri Mahendra Bhatt (2024-30) (2024-2030)","Elected MP","Nagar panchayat selaqui ke ward-5 me sheetala vihar wali gali me kamal-aniket rana ke ghar ki aur jane wale raste me C.C. marg nirman, K.S.- Khand Vikash adhikari sahaspur","14-Jul-2026","250000","NA"
"414","Normal/Others","NA-Construction of roads, link roads, pathways or any other road with or without drainage system","Uttarakhand","DEHRADUN(DISTRICT MAGISTRATE DEHRADUN_IDA)","Shri Mahendra Bhatt (2024-30) (2024-2030)","Elected MP","Nagar panchayat selaqui ke ward-5 me sheetala vihar  me dheeraj kashyap  ke ghar  ke pas se kreshar ki aur mukhya marg tak C.C. marg nirman, K.S.- Khand Vikash adhikari sahaspur","14-Jul-2026","250000","NA"
"415","Normal/Others","NA-Construction of roads, link roads, pathways or any other road with or without drainage system","Uttarakhand","DEHRADUN(DISTRICT MAGISTRATE DEHRADUN_IDA)","Shri Mahendra Bhatt (2024-30) (2024-2030)","Elected MP","Nagar panchayat selaqui ke ward-8 me  rajawala-bhauwala road se hajarilal-shyam singh ke ghar ki aur jane wale raste me C.C. marg nirman, K.S.- Khand Vikash adhikari sahaspur","14-Jul-2026","250000","NA"
"416","Normal/Others","NA-Construction of roads, link roads, pathways or any other road with or without drainage system","Uttarakhand","DEHRADUN(DISTRICT MAGISTRATE DEHRADUN_IDA)","Shri Mahendra Bhatt (2024-30) (2024-2030)","Elected MP","Nagar panchayat selaqui ke ward-3 me nigam road se sudheer v usha devi ke ghar ki aur jane wale raste me C.C. marg nirman, K.S.- Khand Vikash adhikari sahaspur","14-Jul-2026","250000","NA"
"417","Normal/Others","WS/MP850/2025-2026/200408-Construction of roads, link roads, pathways or any other road with or without drainage system","Uttarakhand","DEHRADUN(DISTRICT MAGISTRATE DEHRADUN_IDA)","Shri Naresh Bansal (2020-26) (2020-2026)","Elected MP","gram hayogtagiri ke mukhye motor marg se prathmik vidhyalya tak cc road nirman karya . ia (karyadai sanstatha )-nagar palika parishad herburtpur","17-May-2025","1005000","05-Aug-2025"
"418","Normal/Others","WS/MP850/2025-2026/200409-Construction of roads, link roads, pathways or any other road with or without drainage system","Uttarakhand","DEHRADUN(DISTRICT MAGISTRATE DEHRADUN_IDA)","Shri Naresh Bansal (2020-26) (2020-2026)","Elected MP","gram barotiwala mein gaon ke mukhye marg se shri kreshan ke ghar ki aur cc road nirman karya. ia (karyadai sanstatha)- nagar palika parishad herburtpur","17-May-2025","1038000","05-Aug-2025"
"419","Normal/Others","WS/MP850/2025-2026/195304-Construction of roads, link roads, pathways or any other road with or without drainage system","Uttarakhand","DEHRADUN(DISTRICT MAGISTRATE DEHRADUN_IDA)","Shri Naresh Bansal (2020-26) (2020-2026)","Elected MP","gram bilaspur kandali mein conoel gupta ke makan se samir sina ke makan tak cc tiles sarak nirman karya.ia karyadai sanstatha nagar palika parishad herburtpur","29-Apr-2025","1776000","21-May-2025"
"420","Normal/Others","WS/MP850/2025-2026/195305-Construction of roads, link roads, pathways or any other road with or without drainage system","Uttarakhand","DEHRADUN(DISTRICT MAGISTRATE DEHRADUN_IDA)","Shri Naresh Bansal (2020-26) (2020-2026)","Elected MP","hariyawal kurd ke jaitan wala mein shri ajay thapa ke ghar se mukhya marg tak humepipe evam cc road nirman karya.ia karyadai sanstatha nagar palika parishad herburtpur","29-Apr-2025","2184000","21-May-2025"
"421","Normal/Others","WS/MP850/2025-2026/184271-Construction of roads, link roads, pathways or any other road with or without drainage system","Uttarakhand","DEHRADUN(DISTRICT MAGISTRATE DEHRADUN_IDA)","Shri Naresh Bansal (2020-26) (2020-2026)","Elected MP","gram panchayat ghanghol pandit wari mein sanik colony shri thapa ke ghar se shri bhor ke ghar tak cc road nirman karya.IA KARYADAI SANSTATHA -NAGAR PALIKA PARISHAD HERBURTPUR","20-Mar-2025","480000","02-May-2025"
"422","Normal/Others","WS/MP850/2025-2026/184272-Construction of roads, link roads, pathways or any other road with or without drainage system","Uttarakhand","DEHRADUN(DISTRICT MAGISTRATE DEHRADUN_IDA)","Shri Naresh Bansal (2020-26) (2020-2026)","Elected MP","WARD 1 MAALSI MEIN MUKHYE MARG PAR PETROL PUMP KE NIKAT MALSI GAON KI AUR CC ROAD NIRMAN.IA KARYADAI SANSTATHA -NAGAR PALIKA PARISHAD HERBURTPUR","20-Mar-2025","959000","02-May-2025"
"423","Normal/Others","WS/MP204/2025-2026/226372-Construction of roads, link roads, pathways or any other road with or without drainage system","Uttarakhand","DEHRADUN(DISTRICT MAGISTRATE DEHRADUN_IDA)","Dr. Kalpana Saini (2022-28) (2022-2028)","Elected MP","Construction of C.C. road from the house of shri Pankaj Saini towards the dairy of Shri Simratlal Saini in village panchayat jassowala, Block Vikas Nagar, Dehradun","11-Aug-2025","300000","27-Sep-2025"
"424","Normal/Others","WS/MP18333/2025-2026/231726-Construction of roads, link roads, pathways or any other road with or without drainage system","Uttarakhand","DEHRADUN(DISTRICT MAGISTRATE DEHRADUN_IDA)","Shri Mahendra Bhatt (2024-30) (2024-2030)","Elected MP","Nagar palika parishad herbertpur ward no-6  Vivek Bihar me meena jain wali gali me dehradun mukhyamarg se subhash vernma ke ghar ke samne pol tak CC marg nirman- kar Santh- Nagar palika parishad herbertpur","06-Sep-2025","1478397","04-Oct-2025"
"425","Normal/Others","WS/MP18333/2025-2026/231749-Construction of roads, link roads, pathways or any other road with or without drainage system","Uttarakhand","DEHRADUN(DISTRICT MAGISTRATE DEHRADUN_IDA)","Shri Mahendra Bhatt (2024-30) (2024-2030)","Elected MP","Nagar palika parishad herbertpur ward no-6 Vivek Bihar me Punjab and Sindh Bank  wali gali me dehradun mukhyamarg se shri umed  ke ghar ke kone tak CC marg nirman- kar Santh- Nagar palika parishad herbertpur","06-Sep-2025","1495580","04-Oct-2025"
"426","Normal/Others","WS/MP18333/2025-2026/231751-Construction of roads, link roads, pathways or any other road with or without drainage system","Uttarakhand","DEHRADUN(DISTRICT MAGISTRATE DEHRADUN_IDA)","Shri Mahendra Bhatt (2024-30) (2024-2030)","Elected MP","Nagar palika parishad herbertpur ward no-6 Vivek Bihar me Punjab and Sindh Bank wali gali me dehradun mukhyamarg se shri Neeraj ke ghar se vijay genral Store  tak CC marg nirman- kar Santh- Nagar palika parishad herbertpur","06-Sep-2025","1500000","04-Oct-2025"
"427","Normal/Others","WS/MP18333/2025-2026/231754-Construction of roads, link roads, pathways or any other road with or without drainage system","Uttarakhand","DEHRADUN(DISTRICT MAGISTRATE DEHRADUN_IDA)","Shri Mahendra Bhatt (2024-30) (2024-2030)","Elected MP","Nagar palika parishad herbertpur ward no-6 Vivek Bihar me meena jain wali gali me Phoolwati gupta ke makan ke chameli devi ke makan tak CC marg nirman- kar Santh- Nagar palika parishad herbertpur","06-Sep-2025","1500000","04-Oct-2025"
"428","Normal/Others","WS/MP18333/2025-2026/156624-Construction of rooms and halls in school and colleges","Uttarakhand","DEHRADUN(DISTRICT MAGISTRATE DEHRADUN_IDA)","Shri Mahendra Bhatt (2024-30) (2024-2030)","Elected MP","Sarswati Shishu Mandir Attal Chakrata me do Kaksha Kaksh Nirma,  Ka. Sanstha- Vidhyalay Prabandh Samiti","02-Dec-2024","800000","05-Aug-2025"
"429","Normal/Others","WS/MP850/2025-2026/173725-Construction of rooms and halls in school and colleges","Uttarakhand","DEHRADUN(DISTRICT MAGISTRATE DEHRADUN_IDA)","Shri Naresh Bansal (2020-26) (2020-2026)","Elected MP","SANATAN DHARAM JUNIOR HIGH SCHOOL MEIN ROOMS KA NIRMAN KARYA IAKARDAI SANSTATHA NAGAR PALIKA PARISHAD HERBURTPUR","06-Feb-2025","1400000","02-May-2025"
"430","Normal/Others","WS/MP850/2025-2026/177082-Construction of rooms and halls in school and colleges","Uttarakhand","DEHRADUN(DISTRICT MAGISTRATE DEHRADUN_IDA)","Shri Naresh Bansal (2020-26) (2020-2026)","Elected MP","PREMWATI SARASWATI SHISHU VIDYA MANDIR TIPARPUR MEIN FRAM STRUCTURE EVAM GROUND TILE KA NIRMAN KARYA.IA(KARYADAI SANSTATHA)-NAGAR PALIKA PARISHAD HERBURTPUR","23-Feb-2025","1500000","03-May-2025"
"431","Normal/Others","NA-Construction of rooms and halls in school and colleges","Uttarakhand","DEHRADUN(DISTRICT MAGISTRATE DEHRADUN_IDA)","Shri Mahendra Bhatt (2024-30) (2024-2030)","Elected MP","N. N. Dehradun ke ward 62 nanurkheda ke tapoavan me Vedik Sadhan Aashram Tapovan me Gurukul hetu Kaksh nirman. K.S.- Grameen nirman Vibhag Dehradun","12-Dec-2025","1000000","NA"
"432","Normal/Others","WS/MP18333/2025-2026/254354-Construction of rooms and halls in school and colleges","Uttarakhand","DEHRADUN(DISTRICT MAGISTRATE DEHRADUN_IDA)","Shri Mahendra Bhatt (2024-30) (2024-2030)","Elected MP","Dehradun ke jeevanwala me himalayee Aayurvedik yog evam prakritik chikitsalay sansthan fatehpur Tanda me Chhatrawas Nirman. Vidhyalay prabandak","16-Dec-2025","2500000","10-Mar-2026"
"433","Normal/Others","WS/MP204/2026-2027/256847-Construction of rooms and halls in school and colleges","Uttarakhand","DEHRADUN(DISTRICT MAGISTRATE DEHRADUN_IDA)","Dr. Kalpana Saini (2022-28) (2022-2028)","Elected MP","Construction of Shishu Vatika (the Garden of Children) at Sarswati Vidya Mandir Inter College, BabuGarh, Vikas Nagar, Dehradun","03-Jan-2026","2000000","11-Aug-2026"
"434","Normal/Others","WS/MP850/2025-2026/203889-Construction of rooms and halls in school and colleges","Uttarakhand","DEHRADUN(DISTRICT MAGISTRATE DEHRADUN_IDA)","Shri Naresh Bansal (2020-26) (2020-2026)","Elected MP","AMBRISH SARASWATI SISHU VIDYA MANDIR MEIN BAHUUDHESHYA HALL KA NIRMAN.IA KARYADAI SANSTAHA -NAGAR PALIKA PARISHAD HERBURTPUR","27-May-2025","1800000","04-Oct-2025"
"435","Normal/Others","WS/MP850/2025-2026/184274-Construction of rooms and halls in school and colleges","Uttarakhand","DEHRADUN(DISTRICT MAGISTRATE DEHRADUN_IDA)","Shri Naresh Bansal (2020-26) (2020-2026)","Elected MP","BS NEGI MAHILA PRAVIDHIK PRASHIKSHAN SANSTATHAN MEIN HALL KA SHEH KARYA,IA KARYADAI SANSTAHA -NAGAR PALIKA PARISHAD HERBURTPUR","20-Mar-2025","1274000","02-May-2025"
"436","Normal/Others","WS/MP850/2024-2025/136784-Construction of rooms and halls in school and colleges","Uttarakhand","DEHRADUN(DISTRICT MAGISTRATE DEHRADUN_IDA)","Shri Naresh Bansal (2020-26) (2020-2026)","Elected MP","saraswati vidya mandir inter college nathuwala mein sabhagaar kaksh ka avshesh karya. IAkaryadai sanstatha nagar palika parishad herburtpur","23-Aug-2024","1985000","07-Oct-2024"
"437","Normal/Others","WS/MP18333/2025-2026/156542-Construction of buildings for community cultural activities","Uttarakhand","DEHRADUN(DISTRICT MAGISTRATE DEHRADUN_IDA)","Shri Mahendra Bhatt (2024-30) (2024-2030)","Elected MP","Sarswati Vidhya Mandir Inter College Nathuwawala Dehradun me kaksha Kaksh Nirman, Karyadayi sanstha- Vidhyalay prabandh samiti","02-Dec-2024","800000","31-Dec-2025"
"438","Normal/Others","WS/MP850/2023-2024/85459-Construction of rooms and halls in school and colleges","Uttarakhand","DEHRADUN(DISTRICT MAGISTRATE DEHRADUN_IDA)","Shri Naresh Bansal (2020-26) (2020-2026)","Elected MP","SARASWATI SHISHU VIDYA MANDIR SCHOOL WARD - 8 SELAQUI MEIN 2 ROOMS KA NIRMAN .. IA(KARYADAI SANSTATHA)-NAGAR PALIKA PARISHAD ,HERBURTPUR","20-Jan-2024","1000000","28-Feb-2024"
"439","Normal/Others","WS/MP204/2024-2025/119111-Construction of rooms and halls in school and colleges","Uttarakhand","DEHRADUN(DISTRICT MAGISTRATE DEHRADUN_IDA)","Dr. Kalpana Saini (2022-28) (2022-2028)","Elected MP","Construction of Room in Sarswati shishu Mandir Tyuni","02-Mar-2024","1000000","02-Aug-2024"
"440","Normal/Others","WS/MP850/2025-2026/184270-Construction of boundary walls of existing public and community buildings","Uttarakhand","DEHRADUN(DISTRICT MAGISTRATE DEHRADUN_IDA)","Shri Naresh Bansal (2020-26) (2020-2026)","Elected MP","laxman chowk police chowki ki bowndary walll ka nirman karya.IA KARYADAI SANSTATHA -NAGAR PALIKA PARISHAD HERBURTPUR","20-Mar-2025","265000","18-Aug-2025"
"441","Normal/Others","WS/MP850/2025-2026/203887-Construction of community centers and community halls","Uttarakhand","DEHRADUN(DISTRICT MAGISTRATE DEHRADUN_IDA)","Shri Naresh Bansal (2020-26) (2020-2026)","Elected MP","panache valley mein samudayik bahvan ke avshesh karya.ia (karyadai sanstatha)-jila panchayat dehradun","27-May-2025","1000000","04-Feb-2026"
"442","Normal/Others","WS/MP204/2026-2027/275906-Construction of community centers and community halls","Uttarakhand","DEHRADUN(DISTRICT MAGISTRATE DEHRADUN_IDA)","Dr. Kalpana Saini (2022-28) (2022-2028)","Elected MP","Construction of Tin shed at Ranigaanv Panchayat Chowk, kalsi Block Dehradun","26-Mar-2026","400000","23-May-2026"
"443","Normal/Others","NA-Construction of community centers and community halls","Uttarakhand","DEHRADUN(DISTRICT MAGISTRATE DEHRADUN_IDA)","Dr. Kalpana Saini (2022-28) (2022-2028)","Elected MP","Installation of Service Lift at Madhav Seva Vishram Sadan, Veerbhadra Mandir Marg, Rishikesh, Dehradun operated by the Bhaurav Devras Seva Nyas.","26-Mar-2026","1250000","NA"
"444","Normal/Others","NA-Construction of community centers and community halls","Uttarakhand","DEHRADUN(DISTRICT MAGISTRATE DEHRADUN_IDA)","Shri Mahendra Bhatt (2024-30) (2024-2030)","Elected MP","Janpad dehradun ke Vikash Khand Chakrata me Gram PAnchayat Hartad chhajad ke Gram Hartad me Samudayik Bhavan Nirman. K.S.- Laghu Sichai Khand Dehradun","13-May-2026","2000000","NA"
"445","Normal/Others","WS/MP850/2023-2024/87160-Construction of common work sheds/ common covered sitting area","Uttarakhand","DEHRADUN(DISTRICT MAGISTRATE DEHRADUN_IDA)","Shri Naresh Bansal (2020-26) (2020-2026)","Elected MP","CONSTRUCTION OF COMMUNITY CENTRE/SHED AT GIC PATEL NAGAR IA(KARYADAI SANSTATHA )- NAGAR PALIKA PARISHAD HERBURTPUR","23-Jan-2024","300000","28-Feb-2024"
"446","Normal/Others","WS/MP850/2024-2025/105493-Construction of boundary walls of existing public and community buildings","Uttarakhand","DEHRADUN(DISTRICT MAGISTRATE DEHRADUN_IDA)","Shri Naresh Bansal (2020-26) (2020-2026)","Elected MP","SARASWATI SHISHU VIDYA MANDIR MAKHTI (POKHRI ) MEIN GATE EVAM BOUDARY WALL KA NIRMAN ... IA( KARYADAI SANSTATHA ) - NAGAR PALIKA PARISHAD HERBURTPUR","15-Feb-2024","1000000","28-Aug-2024"
"447","Normal/Others","WS/MP850/2025-2026/173727-Providing drains and gutters for public drainage","Uttarakhand","DEHRADUN(DISTRICT MAGISTRATE DEHRADUN_IDA)","Shri Naresh Bansal (2020-26) (2020-2026)","Elected MP","WARD 99SHRI KRISHNA ENCLAVE EVAM SHIDHIVINAYAK ENCLAVE MEIN HARENDRA SINGH BISHT KE MAKAN SE SHRI RAJEEV THAPLIYAL KE MAKAN HOTE HUE SHRI PARMANAND KE MAKAN TAK NALI NIRMAN KA KARYA.IA KARYADAI SANSTATHA NAGAR PALIKA PARISHAD HERBURTPUR","06-Feb-2025","1191000","02-May-2025"
"448","Normal/Others","WS/MP850/2025-2026/173726-Construction of flood control embankments/ protection walls along riverbanks, hilltops, roadsides","Uttarakhand","DEHRADUN(DISTRICT MAGISTRATE DEHRADUN_IDA)","Shri Naresh Bansal (2020-26) (2020-2026)","Elected MP","VIKASKHAND CHAKRATA MEIN HANOL NAHAR KA KARYA.IAKARYADAI SANSTATHA-NAGAR PALIKA PARISHAD HERBURTPUR","06-Feb-2025","987000","02-May-2025"
"449","Normal/Others","WS/MP18333/2026-2027/253640-Construction of public irrigation facilities","Uttarakhand","DEHRADUN(DISTRICT MAGISTRATE DEHRADUN_IDA)","Shri Mahendra Bhatt (2024-30) (2024-2030)","Elected MP","Vikash Khand Chakrata ke Gram Sabha Dasau ke gram Bhoopau me Sichai Tenk ka Nirman, K.S.- Vikash Khand Adhikari Chakarata","12-Dec-2025","350000","14-May-2026"
"450","Normal/Others","WS/MP850/2025-2026/177081-Construction of flood control embankments/ protection walls along riverbanks, hilltops, roadsides","Uttarakhand","DEHRADUN(DISTRICT MAGISTRATE DEHRADUN_IDA)","Shri Naresh Bansal (2020-26) (2020-2026)","Elected MP","GRAM BHEEMAWALA SATIGATA RICE MILL (ST BASTI) SE PULIYA TAK PAKKI SURAKSHA DIWAR KA NIRMAN KARYA ..IA(KARYADAI SANSTATHA)-NAGAR PALIKA PARISHAD HERBURTPUR","23-Feb-2025","1500000","03-May-2025"
"451","Normal/Others","WS/MP850/2025-2026/200407-Construction of flood control embankments/ protection walls along riverbanks, hilltops, roadsides","Uttarakhand","DEHRADUN(DISTRICT MAGISTRATE DEHRADUN_IDA)","Shri Naresh Bansal (2020-26) (2020-2026)","Elected MP","gram matiyava ke matiyava chani mein sthith sarvjanik rastein ki suraksha diwar nirman karya.ia (karyadai sanstatha)- nagar palika parishad herburtpur","17-May-2025","1009000","05-Aug-2025"
"452","Normal/Others","WS/MP850/2025-2026/200410-Construction of flood control embankments/ protection walls along riverbanks, hilltops, roadsides","Uttarakhand","DEHRADUN(DISTRICT MAGISTRATE DEHRADUN_IDA)","Shri Naresh Bansal (2020-26) (2020-2026)","Elected MP","gram sawai mein sardar singh ,swaraj singh v visna das ke gharo ke nikat isthit sarvjanik raste ki suraksha diwar nirman karya. ia (karyyadai sanstatha)- nagar palika parishad herburtpur","17-May-2025","1012000","05-Aug-2025"
"453","Normal/Others","WS/MP850/2025-2026/200411-Construction of flood control embankments/ protection walls along riverbanks, hilltops, roadsides","Uttarakhand","DEHRADUN(DISTRICT MAGISTRATE DEHRADUN_IDA)","Shri Naresh Bansal (2020-26) (2020-2026)","Elected MP","gram jogyo jaliyara tok mein awasiye basti ki pakki suraksha diwar nirman.ia (karyadai sanstatha)- nagar palika parishad herburtpur","17-May-2025","2074000","05-Aug-2025"
"454","Normal/Others","WS/MP18333/2026-2027/201288-Purchase of smart boards, visual display units and projectors","Uttarakhand","DEHRADUN(DISTRICT MAGISTRATE DEHRADUN_IDA)","Shri Mahendra Bhatt (2024-30) (2024-2030)","Elected MP","Sarswati Vidhyamandir Manduwala me Smart Boards legwane hetu. Kar. San.- Vidhyalay Praband Samiti","20-May-2025","989994","12-Jun-2026"
"455","Trust and Society","WS/MP850/2025-2026/200414-Setting up of laboratories","Uttarakhand","DEHRADUN(DISTRICT MAGISTRATE DEHRADUN_IDA)","Shri Naresh Bansal (2020-26) (2020-2026)","Elected MP","THE INSTITUTION OF ENGINEERS (INDIA) state centre uttarakhand mein laboratay nirman karya ia (karyadai sanstatha )-THE INSTITUTION OF ENGINEERS (INDIA) state uttarakhand centre","17-May-2025","1000000","04-Oct-2025"
"456","Normal/Others","WS/MP850/2025-2026/257748-Development of playground","Uttarakhand","DEHRADUN(DISTRICT MAGISTRATE DEHRADUN_IDA)","Shri Naresh Bansal (2020-26) (2020-2026)","Elected MP","setharam saraswati vidya mandir mein school ground mein devevlopment of playground karya.ia(karyadai sanstatha)-nagar palika parishad herburtpur","07-Jan-2026","585805","06-Feb-2026"
"457","Normal/Others","NA-Purchase of vehicles for mobile libraries","Uttarakhand","DEHRADUN(DISTRICT MAGISTRATE DEHRADUN_IDA)","Shri Naresh Bansal (2020-26) (2020-2026)","Elected MP","SHERKI SWAMI VIVEKANAND SEWA SAMITI KO MOBILE LIBRARY.. IA( KARYADAI SANSTATHA ) - NAGAR PALIKA PARISHAD HERBURTPUR","15-Feb-2024","1500000","NA"
"458","Normal/Others","NA-Installing community drinking water plants","Uttarakhand","DEHRADUN(DISTRICT MAGISTRATE DEHRADUN_IDA)","Dr. Kalpana Saini (2022-28) (2022-2028)","Elected MP","Installation of a Water Softener System at Madhav Seva Vishram Sadan (Operated by Bhaurao Devras Nyas), Veerbhadra Mandir Marg, Rishikesh","26-Mar-2026","700000","NA"
"459","Normal/Others","WS/MP850/2023-2024/16375-Setting up of kitchen and pantries","Uttarakhand","DEHRADUN(DISTRICT MAGISTRATE DEHRADUN_IDA)","Shri Naresh Bansal (2020-26) (2020-2026)","Elected MP","SETTING UP OF KITCHEN & PANTARIES AT DAV PG COLLEGE ,DEHRADUN  IA ( KARYADAI SANSTATHA)- BLOCK RAIPUR","04-Sep-2023","999500","03-Oct-2023"
"460","Normal/Others","WS/MP850/2024-2025/106441-Purchase of furniture and fixtures for educational purposes","Uttarakhand","DEHRADUN(DISTRICT MAGISTRATE DEHRADUN_IDA)","Shri Naresh Bansal (2020-26) (2020-2026)","Elected MP","100 table & chair/bench at SHRI GURU RAM RAI INTER COLLEGE  SAHASPUR.. IA( KARYADAI SANSTATHA ) - NAGAR PALIKA PARISHAD HERBURTPUR","16-Feb-2024","720000","28-Aug-2024"
"461","Normal/Others","WS/MP850/2024-2025/106442-Purchase of furniture and fixtures for educational purposes","Uttarakhand","DEHRADUN(DISTRICT MAGISTRATE DEHRADUN_IDA)","Shri Naresh Bansal (2020-26) (2020-2026)","Elected MP","100 TABLE & CHAIR/BENCH AT GOVERNMENT INTER COLLEGE ,DHOBALWALA IA(KARYADAI SANSTATHA ) - NAGAR PALIKA PARISHAD HERBURTPUR","16-Feb-2024","720000","28-Aug-2024"
"462","Normal/Others","WS/MP850/2023-2024/16376-Construction of rooms and facilities for hospitals, FWC , PHC Centers and ANM centers","Uttarakhand","DEHRADUN(DISTRICT MAGISTRATE DEHRADUN_IDA)","Shri Naresh Bansal (2020-26) (2020-2026)","Elected MP","CONTRUCTION OF FABRICATED WARD IN EYE SECTION OF DOON HOSPITAL ,DEHRADUN  IA(KARYADAI SANSTATHA)- BLOCK RAIPUR","04-Sep-2023","999500","03-Oct-2023"
"463","Normal/Others","NA-Construction of rooms and halls in school and colleges","Uttarakhand","DEHRADUN(DISTRICT MAGISTRATE DEHRADUN_IDA)","Shri Mahendra Bhatt (2024-30) (2024-2030)","Elected MP","Asharani Ghyanchand Jain Sarswati shishu Vidhya Mandir Nayagaon Peliyo dehradun me ek vishal kaksha- hall nirman hetu, K.S.- Khand vikas adhikari Sahaspur","15-Jul-2026","1500000","NA"
"464","Normal/Others","WS/MP850/2024-2025/105500-Construction of toilet blocks","Uttarakhand","DEHRADUN(DISTRICT MAGISTRATE DEHRADUN_IDA)","Shri Naresh Bansal (2020-26) (2020-2026)","Elected MP","SHREE BHARAT MANDIR INTER COLLEGE RISHIKESH MEIN SHIKSHO KE LIYE TOILET NIRMAN KARYA .. IA( KARYADAI SANSTATHA ) - NAGAR PALIKA PARISHAD HERBURTPUR","15-Feb-2024","300000","28-Aug-2024"
"465","Normal/Others","NA-Construction of rooms and halls in school and colleges","Uttarakhand","DEHRADUN(DISTRICT MAGISTRATE DEHRADUN_IDA)","Shri Naresh Bansal (2020-26) (2020-2026)","Elected MP","gram jeevanwala mein himalayayi ayurvedic yog evam prakartik chikitsa sansthan mein chatrawas ka nirman karya.","31-Aug-2026","1000000","NA"
"466","Normal/Others","WS/MP850/2023-2024/16377-Construction of roads, link roads, pathways or any other road with or without drainage system","Uttarakhand","DEHRADUN(DISTRICT MAGISTRATE DEHRADUN_IDA)","Shri Naresh Bansal (2020-26) (2020-2026)","Elected MP","CONTRUCTION OF CC ROAD & PULIYA AT WARD 18 BADRISH COLONY AT PREM NAGAR BAZAR FROM SH. KESHAV DUTT BELWAL HOUSE TO SH. OM PRAKASH KALA HOUSE IN DOIWALA      IA(KARYADAI SANSTATHA)- BLOCK RAIPUR","04-Sep-2023","999500","03-Oct-2023"
"467","Normal/Others","NA-Construction of flood control embankments/ protection walls along riverbanks, hilltops, roadsides","Uttarakhand","DEHRADUN(DISTRICT MAGISTRATE DEHRADUN_IDA)","Shri Mahendra Bhatt (2024-30) (2024-2030)","Elected MP","nagar panchayat selaqui ke ward-1 haripur me(khasara-413) bhoomi par nale se ho rahe katan se bhoo-roktham hetu pushta nirman karne hetu, k.S.- khand vikash adhikari sahaspur","14-Jul-2026","250000","NA"
"468","Normal/Others","NA-Construction of flood control embankments/ protection walls along riverbanks, hilltops, roadsides","Uttarakhand","DEHRADUN(DISTRICT MAGISTRATE DEHRADUN_IDA)","Shri Mahendra Bhatt (2024-30) (2024-2030)","Elected MP","nagar panchayat selaqui ke ward-1, haripur me (khasara-357) Bhoomi par nale se ho rahe Bhoo- kataan ke roktham hetu pushta nirman karne hetu. K.S.- khand vikash adhikari sahaspur","14-Jul-2026","250000","NA"
"469","Normal/Others","WS/MP850/2024-2025/99992-Construction of roads, link roads, pathways or any other road with or without drainage system","Uttarakhand","DEHRADUN(DISTRICT MAGISTRATE DEHRADUN_IDA)","Shri Naresh Bansal (2020-26) (2020-2026)","Elected MP","GRAM PANCHAYAT HARIPUR KALAN MEIN WARD NO- 13 MEIN NAVNEET GAUR KE MAKAN SE RAMA KRISHNA KE MAKAN TAK CC TILES ROAD NIRMAN . IA(KARYADAI SANSTATHA) - NAGAR PALIKA PARISHAD,HERBURTPUR","08-Feb-2024","500000","29-Aug-2024"
"470","Normal/Others","WS/MP850/2024-2025/99993-Construction of roads, link roads, pathways or any other road with or without drainage system","Uttarakhand","DEHRADUN(DISTRICT MAGISTRATE DEHRADUN_IDA)","Shri Naresh Bansal (2020-26) (2020-2026)","Elected MP","GRAM PANCHAYAT HARIPUR KALAN MEIN WARD NO - 13 MEIN SHIV RUDRA DHAM SE BHISHM PRATAP SINGH KE MAKAN TAK CC TILES ROAD NIRMAN IA(KARYADAI SANSTATHA) - NAGAR PALIKA PARISHAD HERBURTPUR","08-Feb-2024","500000","29-Aug-2024"
"471","Normal/Others","WS/MP850/2023-2024/99994-Construction of roads, link roads, pathways or any other road with or without drainage system","Uttarakhand","DEHRADUN(DISTRICT MAGISTRATE DEHRADUN_IDA)","Shri Naresh Bansal (2020-26) (2020-2026)","Elected MP","GRAM PANCHAYAT HARIPUR KALAN WARD NO- 14 MEIN SAPNA KE MAKAN SE DWEDI JI KE MAKAN TAK CC TILES ROAD NIRMAN.. IA(KARYADAI SANSTATHA)-NAGAR PALIKA PARISHAD HERBURTPUR","08-Feb-2024","550000","15-Mar-2024"
"472","Normal/Others","WS/MP850/2023-2024/99995-Construction of roads, link roads, pathways or any other road with or without drainage system","Uttarakhand","DEHRADUN(DISTRICT MAGISTRATE DEHRADUN_IDA)","Shri Naresh Bansal (2020-26) (2020-2026)","Elected MP","GRAM PANCHAYAT HARIPUR KALAN WARD NO- 15 MEIN HARIOM KE MAKAN SE KRISHNA SHESH KE MAKAN TAK CC TILES ROAD NIRMAN.. IA(KARYADAI SANSTATHA )- NAGAR PALIKA PARISHAD HERBURTPUR","08-Feb-2024","1000000","15-Mar-2024"
"473","Normal/Others","WS/MP850/2023-2024/99996-Construction of roads, link roads, pathways or any other road with or without drainage system","Uttarakhand","DEHRADUN(DISTRICT MAGISTRATE DEHRADUN_IDA)","Shri Naresh Bansal (2020-26) (2020-2026)","Elected MP","GRAM PAMCHAYAT HARIPUR KALAN WARD NO - 8 MEIN RAJESHWARI KE MAKAN SE MANOJ KE MAKAN TAK CC TILES ROAD NIRMAN KARYA .. IA( KARYADAI SANSTATHA ) - NAGAR PALIKA PARISHAD HERBURTPUR","08-Feb-2024","460000","15-Mar-2024"
"474","Normal/Others","WS/MP850/2023-2024/99997-Construction of roads, link roads, pathways or any other road with or without drainage system","Uttarakhand","DEHRADUN(DISTRICT MAGISTRATE DEHRADUN_IDA)","Shri Naresh Bansal (2020-26) (2020-2026)","Elected MP","GRAM PANCHAYAT JHAJRA MEIN WARD NO - 12 BANSIWALA MEIN NIRMALA BISHT KE MAKAN SE CHAKRATA MARG TAK CC TILES ROAD NIRMAN .. IA(KARYADAI SANSTATHA )- NAGAR PALIKA PARISHAD HERBURTPUR","08-Feb-2024","1500000","15-Mar-2024"
"475","Normal/Others","WS/MP850/2023-2024/85456-Construction of roads, link roads, pathways or any other road with or without drainage system","Uttarakhand","DEHRADUN(DISTRICT MAGISTRATE DEHRADUN_IDA)","Shri Naresh Bansal (2020-26) (2020-2026)","Elected MP","GRAM UMEDPUR THAKURPUR MEIN SUMIT PANWAR KE GHAR SE BHAGWATI NAUTIYAL KE GHAR TAK SARAK NIRMAN. IA(KARYADAI SANTATHA) -   NAGAR PALIKA PARISHAD HERBURTPUR","20-Jan-2024","500000","28-Feb-2024"
"476","Normal/Others","WS/MP850/2023-2024/85457-Construction of roads, link roads, pathways or any other road with or without drainage system","Uttarakhand","DEHRADUN(DISTRICT MAGISTRATE DEHRADUN_IDA)","Shri Naresh Bansal (2020-26) (2020-2026)","Elected MP","GRAM THAKURPUR (UMEDPUR) MEIN VISHNU VIHAR COLONY MEIN SHRI LAKHAN SINGH RANA KE MAKAN SE SHRI SUSHIL RANA KE MAKAN TAK SARAK NIRMAN.. IA(KARYADAI SANASTATHA) - NAGAR PALIKA PRAISHAD, HERBURTBUR","20-Jan-2024","500000","28-Feb-2024"
"477","Normal/Others","WS/MP850/2024-2025/85582-Construction of roads, link roads, pathways or any other road with or without drainage system","Uttarakhand","DEHRADUN(DISTRICT MAGISTRATE DEHRADUN_IDA)","Shri Naresh Bansal (2020-26) (2020-2026)","Elected MP","GRAM PANCHAYAT KOTI KE PAIHAR MUKYE SARAK SE DARSHAN SINGH ,CHETRAM,JOGENDRA SINGH ADI KE GHARO TAK CC ROAD NIRMAN ..SC/ST KHETR IA(KARYADAI SANSTATHA ) - BLOCK KALSI","20-Jan-2024","2000000","24-Jun-2024"
"478","Normal/Others","WS/MP850/2023-2024/87159-Construction of roads, link roads, pathways or any other road with or without drainage system","Uttarakhand","DEHRADUN(DISTRICT MAGISTRATE DEHRADUN_IDA)","Shri Naresh Bansal (2020-26) (2020-2026)","Elected MP","GRAM PANCHAYAT PONDHA MEIN LAXMAN GARG KE MAKAN SE MOHAN POKHRIYAL KE MAKAN TAK CC TILES  SARAK NIRMAN KARYA.. IA( KARYADAI SANSTATHA)-NAGAR PALIKA PARISHAD HERBURTPUR","23-Jan-2024","1000000","28-Feb-2024"
"479","Normal/Others","WS/MP850/2023-2024/87161-Construction of roads, link roads, pathways or any other road with or without drainage system","Uttarakhand","DEHRADUN(DISTRICT MAGISTRATE DEHRADUN_IDA)","Shri Naresh Bansal (2020-26) (2020-2026)","Elected MP","RAJKIYE INTER COLLEGE ,PATEL NAGAR MEIN CC TILES KA NIRMAN KARYA .. IA ( KARYADAI SANTATHA)- NAGAR PALIKA PARISHAD HERBURTPUR","23-Jan-2024","1300000","28-Feb-2024"
"480","Normal/Others","WS/MP850/2023-2024/105494-Construction of roads, link roads, pathways or any other road with or without drainage system","Uttarakhand","DEHRADUN(DISTRICT MAGISTRATE DEHRADUN_IDA)","Shri Naresh Bansal (2020-26) (2020-2026)","Elected MP","WARD - 54 MEIN PETROL PUMP SE VISHNU ANAND KE MAKAN TAK CC TILES ROAD NIRMAN ... IA( KARYADAI SANSTATHA ) - NAGAR PALIKA PARISHAD HERBURTPUR","15-Feb-2024","300000","15-Mar-2024"
"481","Normal/Others","WS/MP850/2024-2025/136211-Construction of roads, link roads, pathways or any other road with or without drainage system","Uttarakhand","DEHRADUN(DISTRICT MAGISTRATE DEHRADUN_IDA)","Shri Naresh Bansal (2020-26) (2020-2026)","Elected MP","SHRI MEGH SINGH KAI MAKAN SE SHRI SWAR ETC KE GHAR SE AGE KI AUR INTERLOCKING TILES SADAK NIRMAN,DHAKRANI WARD NO-9 IA KARYADAI SANSTATHA NAGAR PALIKA PARISHAD HERBURTPUR","18-Aug-2024","999000","07-Oct-2024"
"482","Normal/Others","WS/MP850/2024-2025/136795-Construction of roads, link roads, pathways or any other road with or without drainage system","Uttarakhand","DEHRADUN(DISTRICT MAGISTRATE DEHRADUN_IDA)","Shri Naresh Bansal (2020-26) (2020-2026)","Elected MP","SH.khemanand shah kai makan se SH PL dhobhal ke makan ki aur cc tiles road nirman. IA karyadai sanstatha nagar palika parishad herburtpur","23-Aug-2024","1071000","07-Oct-2024"
"483","Normal/Others","WS/MP204/2025-2026/169256-Construction of roads, link roads, pathways or any other road with or without drainage system","Uttarakhand","DEHRADUN(DISTRICT MAGISTRATE DEHRADUN_IDA)","Dr. Kalpana Saini (2022-28) (2022-2028)","Elected MP","Construction of interlocking tiles road from the house of Shri Vikas towards cremation ground in Village Panchayat Jassowala, Block Vikas Nagar, District Dehradun","30-Jan-2025","600000","27-Sep-2025"
"484","Normal/Others","WS/MP850/2026-2027/248503-Providing supply pipelines for drinking water","Uttarakhand","CHAMPAWAT(DISTRICT MAGISTRATE CHAMPAWAT_IDA)","Shri Naresh Bansal (2020-26) (2020-2026)","Elected MP","gram panchayat kajeena ke kelani tok ki ekal pejal yojna ki maramat evam vistar karya","17-Nov-2025","50000","24-Jul-2026"
"485","Normal/Others","WS/MP18333/2026-2027/254904-Construction of flood control embankments/ protection walls along riverbanks, hilltops, roadsides","Uttarakhand","CHAMPAWAT(DISTRICT MAGISTRATE CHAMPAWAT_IDA)","Shri Mahendra Bhatt (2024-30) (2024-2030)","Elected MP","Dist Champawat me N.P. Chanpawat ke Ward N0-1 Chhatar me gandak nadi par Bad Suraksha Karya, K.S.- Vikash Khand Adhikari Champawat","20-Dec-2025","500000","19-May-2026"
"486","Normal/Others","NA-Construction of community centers and community halls","Uttarakhand","CHAMPAWAT(DISTRICT MAGISTRATE CHAMPAWAT_IDA)","Shri Naresh Bansal (2020-26) (2020-2026)","Elected MP","nagar panchayat pati ke toli ke bansuk tok mein pillar nirman v sudharikaran karya.ia(karyadai sanstatha)-nagar panchayat pati","31-Aug-2026","250000","NA"
"487","Normal/Others","NA-Construction of common work sheds/ common covered sitting area","Uttarakhand","CHAMPAWAT(DISTRICT MAGISTRATE CHAMPAWAT_IDA)","Shri Naresh Bansal (2020-26) (2020-2026)","Elected MP","nagar panchayat pati ke toli ke bansuk tok mein manch nirman karya.ia (karyadai sanstatha)-nagar panchayat pati","31-Aug-2026","250000","NA"
"488","Normal/Others","WS/MP18333/2026-2027/278610-Construction of common work sheds/ common covered sitting area","Uttarakhand","CHAMPAWAT(DISTRICT MAGISTRATE CHAMPAWAT_IDA)","Shri Mahendra Bhatt (2024-30) (2024-2030)","Elected MP","Vikas Khand Pati ke Gram Sabha Jhudaili me Gram Bisari me Tinshed Nirman. K.S. Khand Vikash Adhikari Pati","19-Apr-2026","200000","22-May-2026"
"489","Normal/Others","WS/MP850/2023-2024/107468-Construction of buildings for community cultural activities","Uttarakhand","CHAMPAWAT(DISTRICT MAGISTRATE CHAMPAWAT_IDA)","Shri Naresh Bansal (2020-26) (2020-2026)","Elected MP","CONSTRUCTION OF PILLAR ALONG WITH SITE RECLAMATION IN BASUN TOK OF VILLAGE JAWLARI IA(KARYADAI SANSTATHA ) - BLOCK PATI","17-Feb-2024","249931","15-Mar-2024"
"490","Normal/Others","WS/MP850/2023-2024/107469-Construction of buildings for community cultural activities","Uttarakhand","CHAMPAWAT(DISTRICT MAGISTRATE CHAMPAWAT_IDA)","Shri Naresh Bansal (2020-26) (2020-2026)","Elected MP","CONSTRUCTION OF STAGE IN BASUN TOK OF VILLAGE JAWLARI IA(KARYADI SANASTATHA )- BLOCK PATI","17-Feb-2024","250000","15-Mar-2024"
"491","Normal/Others","NA-Construction of rooms and halls in school and colleges","Uttarakhand","CHAMPAWAT(DISTRICT MAGISTRATE CHAMPAWAT_IDA)","Dr. Kalpana Saini (2022-28) (2022-2028)","Elected MP","Construction of a Building at Pan. Motiram Sarswati shishu Mandir Pati, Champawat","04-Feb-2026","1000000","NA"
"492","Normal/Others","NA-Construction of rooms and halls in school and colleges","Uttarakhand","Uttarkashi(DISTRICT COLLECTOR UTTARKASHI_IDA)","Shri Mahendra Bhatt (2024-30) (2024-2030)","Elected MP","Mahasay Rajeev Kumar Sarswati Shishumandir uttarkashi me Bhawan Nirman, K.S.- Sichai Vibhag Khand Uttarkashi","20-Feb-2026","1000000","NA"
"493","Normal/Others","WS/MP18333/2025-2026/201384-Construction of boundary walls of existing public and community buildings","Uttarakhand","Uttarkashi(DISTRICT COLLECTOR UTTARKASHI_IDA)","Shri Mahendra Bhatt (2024-30) (2024-2030)","Elected MP","Janpad Uttarkashi ke Vikas Khand Gaugoan me gram upradi me Barudkhola tok me reling nirman karya. Kar San- Sichai Avasthapana khand Uttarkashi","20-May-2025","493245","25-Sep-2025"
"494","Normal/Others","WS/MP204/2024-2025/144172-Construction of boundary walls of existing public and community buildings","Uttarakhand","Uttarkashi(DISTRICT COLLECTOR UTTARKASHI_IDA)","Dr. Kalpana Saini (2022-28) (2022-2028)","Elected MP","Protective wall and leveling in village Bhankoli, Tehsil Bhatwadi","28-Sep-2024","200000","29-Jan-2025"
"495","Normal/Others","WS/MP204/2025-2026/178553-Construction of boundary walls of existing public and community buildings","Uttarakhand","Uttarkashi(DISTRICT COLLECTOR UTTARKASHI_IDA)","Dr. Kalpana Saini (2022-28) (2022-2028)","Elected MP","Protective wall and net work in Batula Basti Tok of Gram Panchayat Monda, Block Mori, District Uttarkashi","03-Mar-2025","1000000","18-Apr-2025"
"496","Normal/Others","WS/MP204/2025-2026/178555-Construction of boundary walls of existing public and community buildings","Uttarakhand","Uttarkashi(DISTRICT COLLECTOR UTTARKASHI_IDA)","Dr. Kalpana Saini (2022-28) (2022-2028)","Elected MP","Protective wall and net work in Thormolti Tok of Gram Panchayat Monda, Block Mori, District Uttarkashi","03-Mar-2025","1000000","18-Apr-2025"
"497","Normal/Others","WS/MP18333/2025-2026/254382-Construction of community centers and community halls","Uttarakhand","Uttarkashi(DISTRICT COLLECTOR UTTARKASHI_IDA)","Shri Mahendra Bhatt (2024-30) (2024-2030)","Elected MP","Dist Uttarkashi ke vikash khand bhatwari me gram Barsu me narayan milan kendra me saundrikaran kary, K.S.- Vikash khnad adhikari Bhatwari","16-Dec-2025","700000","31-Mar-2026"
"498","Repair and Renovation","WS/MP204/2024-2025/27289-Construction of community centers and community halls","Uttarakhand","Uttarkashi(DISTRICT COLLECTOR UTTARKASHI_IDA)","Dr. Kalpana Saini (2022-28) (2022-2028)","Elected MP","Construction of Sangh Bhawan for Samuh","27-Sep-2023","999990","24-Jul-2024"
"499","Normal/Others","WS/MP850/2025-2026/174619-Construction of flood control embankments/ protection walls along riverbanks, hilltops, roadsides","Uttarakhand","Uttarkashi(DISTRICT COLLECTOR UTTARKASHI_IDA)","Shri Naresh Bansal (2020-26) (2020-2026)","Elected MP","MANJI GAON MEIN AWASIYE BHAWNO KI PAKKI SURAKSHA DIWAR KA NIRMAN KARYA .IA(KARYADAI SANSTATHA)-BLOCK MORI","09-Feb-2025","1000000","18-Apr-2025"
"500","Normal/Others","WS/MP850/2025-2026/174621-Construction of flood control embankments/ protection walls along riverbanks, hilltops, roadsides","Uttarakhand","Uttarkashi(DISTRICT COLLECTOR UTTARKASHI_IDA)","Shri Naresh Bansal (2020-26) (2020-2026)","Elected MP","GRAM JAKHOL KE SARGA AKHORI MEIN SURAKSHA DIWAR KA NIRMAN KARYA.IA(KARYADAI SANSTATHA)-BLOCK MORI","09-Feb-2025","1000000","18-Apr-2025"
"501","Normal/Others","WS/MP18333/2026-2027/278608-Construction of flood control embankments/ protection walls along riverbanks, hilltops, roadsides","Uttarakhand","Uttarkashi(DISTRICT COLLECTOR UTTARKASHI_IDA)","Shri Mahendra Bhatt (2024-30) (2024-2030)","Elected MP","Vikas Khand Chinyalisaud ke Gram Kauda Phedi ke Phedi me Ghadiyal Tok me surkasha Diwar Nirman. K.S. Khand Vikas Adhikari Chinyalisaud","19-Apr-2026","500000","27-Jul-2026"
"502","Normal/Others","NA-Construction of flood control embankments/ protection walls along riverbanks, hilltops, roadsides","Uttarakhand","Uttarkashi(DISTRICT COLLECTOR UTTARKASHI_IDA)","Shri Naresh Bansal (2020-26) (2020-2026)","Elected MP","vikaskhand mori ke antargat dobhalgaon ke badkyari tok mein surksha diwar ka nirman karya.ia(karyadai sanstatha)-block mori","27-May-2026","2000000","NA"
"503","Normal/Others","NA-Construction of flood control embankments/ protection walls along riverbanks, hilltops, roadsides","Uttarakhand","Uttarkashi(DISTRICT COLLECTOR UTTARKASHI_IDA)","Shri Naresh Bansal (2020-26) (2020-2026)","Elected MP","mori block ke antargat gram sabha chiwan motor marg se gerenal tok tak cc marg v diwar nirman karya.ia(karyadai sanstatha)-block mori","27-May-2026","1000000","NA"
"504","Normal/Others","NA-Construction of flood control embankments/ protection walls along riverbanks, hilltops, roadsides","Uttarakhand","Uttarkashi(DISTRICT COLLECTOR UTTARKASHI_IDA)","Shri Naresh Bansal (2020-26) (2020-2026)","Elected MP","mori block ke antargat gram sabha monda ke khwadi tok mein suraksha diwar nirman karya.ia(karyadai sanstatha)-block mori","27-May-2026","1549000","NA"
"505","Normal/Others","NA-Construction of flood control embankments/ protection walls along riverbanks, hilltops, roadsides","Uttarakhand","Uttarkashi(DISTRICT COLLECTOR UTTARKASHI_IDA)","Shri Naresh Bansal (2020-26) (2020-2026)","Elected MP","mori block ke antargat gramsabha gokul motor marg boha band se gokul tok tak cc marg v diwar nirman karya.ia(karyadai sanstatha)-block mori","27-May-2026","2000000","NA"
"506","Normal/Others","NA-Construction of flood control embankments/ protection walls along riverbanks, hilltops, roadsides","Uttarakhand","Uttarkashi(DISTRICT COLLECTOR UTTARKASHI_IDA)","Shri Naresh Bansal (2020-26) (2020-2026)","Elected MP","block mori ke antargat gram jakhol ke bajani tok mein suraksha diwar nirman karya.ia(karyadai sanstatha)_ block mori","27-May-2026","1000000","NA"
"507","Normal/Others","NA-Construction of flood control embankments/ protection walls along riverbanks, hilltops, roadsides","Uttarakhand","Uttarkashi(DISTRICT COLLECTOR UTTARKASHI_IDA)","Shri Naresh Bansal (2020-26) (2020-2026)","Elected MP","vikaskhand mori ke antargat ludrala ke krasha tok mein pcc kadinja v surksha diwar nirman karya.ia(karyadai sanstatha )-block mori","27-May-2026","1000000","NA"
"508","Normal/Others","NA-Construction of flood control embankments/ protection walls along riverbanks, hilltops, roadsides","Uttarakhand","Uttarkashi(DISTRICT COLLECTOR UTTARKASHI_IDA)","Shri Naresh Bansal (2020-26) (2020-2026)","Elected MP","bolck mori ke antargat gram kunara vandi tok mein basti ki suraksha diwar ka nirman karya.ia(karyadai sanstatha)-block mori","27-May-2026","1000000","NA"
"509","Normal/Others","NA-Construction of flood control embankments/ protection walls along riverbanks, hilltops, roadsides","Uttarakhand","Uttarkashi(DISTRICT COLLECTOR UTTARKASHI_IDA)","Shri Naresh Bansal (2020-26) (2020-2026)","Elected MP","block mori ke antargat gram jakhol ke satrka tok mein suraksha diwar nirman karya.ia(karyadai sanstatha)-block mori","27-May-2026","500000","NA"
"510","Normal/Others","NA-Construction of flood control embankments/ protection walls along riverbanks, hilltops, roadsides","Uttarakhand","Uttarkashi(DISTRICT COLLECTOR UTTARKASHI_IDA)","Shri Naresh Bansal (2020-26) (2020-2026)","Elected MP","block mori ke gram jakhol mein jagdish prasad shastri ke ghar ke samip suraksha diwar nirman karya.ia(karyadai sanstatha)-block mori","27-May-2026","500000","NA"
"511","Normal/Others","WS/MP18333/2025-2026/201371-Construction of flood control embankments/ protection walls along riverbanks, hilltops, roadsides","Uttarakhand","Uttarkashi(DISTRICT COLLECTOR UTTARKASHI_IDA)","Shri Mahendra Bhatt (2024-30) (2024-2030)","Elected MP","Janpad Uttarkashi me Vikas Khand Purola ke bichala math ke gada tok me krishi bhumi ka kataw rokane hetu baad surksha karya Kar. San.- Sichai Khand Purola","20-May-2025","500000","10-Oct-2025"
"512","Normal/Others","WS/MP850/2026-2027/244821-Construction of flood control embankments/ protection walls along riverbanks, hilltops, roadsides","Uttarakhand","Uttarkashi(DISTRICT COLLECTOR UTTARKASHI_IDA)","Shri Naresh Bansal (2020-26) (2020-2026)","Elected MP","butogari name tok mein suraksha diwar","30-Oct-2025","150000","28-Jul-2026"
"513","Normal/Others","WS/MP850/2025-2026/248512-Construction of flood control embankments/ protection walls along riverbanks, hilltops, roadsides","Uttarakhand","Uttarkashi(DISTRICT COLLECTOR UTTARKASHI_IDA)","Shri Naresh Bansal (2020-26) (2020-2026)","Elected MP","constrution of protection wall at gairinala tok village masari.ia(karyadai sanstatha)-block mori","17-Nov-2025","1500000","09-Feb-2026"
"514","Normal/Others","WS/MP18333/2025-2026/254878-Construction of flood control embankments/ protection walls along riverbanks, hilltops, roadsides","Uttarakhand","Uttarkashi(DISTRICT COLLECTOR UTTARKASHI_IDA)","Shri Mahendra Bhatt (2024-30) (2024-2030)","Elected MP","Dist Uttarkashi ke Vikash Khand Bhatwari ke Gram Jamak ke talagad shemla me surksha diwar evam CC Blok ka Nirman, K.S.- Jilla Panchayat uttarkashi","20-Dec-2025","500000","28-Mar-2026"
"515","Normal/Others","WS/MP850/2024-2025/133314-Construction of flood control embankments/ protection walls along riverbanks, hilltops, roadsides","Uttarakhand","Uttarkashi(DISTRICT COLLECTOR UTTARKASHI_IDA)","Shri Naresh Bansal (2020-26) (2020-2026)","Elected MP","suchan goan sthith dewra haltadi motor marg km 6 par sc/st khetr mein bhu katav rokne hetu pakki suraksha deewar evam plum karya","10-Jul-2024","1500000","21-Oct-2024"
"516","Normal/Others","WS/MP850/2024-2025/133315-Construction of flood control embankments/ protection walls along riverbanks, hilltops, roadsides","Uttarakhand","Uttarkashi(DISTRICT COLLECTOR UTTARKASHI_IDA)","Shri Naresh Bansal (2020-26) (2020-2026)","Elected MP","vikaskhand mori ke antargat gram suchan gaon ke aamtok sthith dewara haltadi motor marg par sc/st khetr ki pakki suraksha deewar ka karya . ia(karyadai sanstatha)-  block mori","10-Jul-2024","1000000","21-Oct-2024"
"517","Normal/Others","WS/MP850/2024-2025/134499-Construction of flood control embankments/ protection walls along riverbanks, hilltops, roadsides","Uttarakhand","Uttarkashi(DISTRICT COLLECTOR UTTARKASHI_IDA)","Shri Naresh Bansal (2020-26) (2020-2026)","Elected MP","GRAM SAUR KE MOTOR ROAD SE GADKA TOK TAK RETARING WALL KA NIRMAN. IA KARYADAI SANSTATHA BLOCK MORI","01-Aug-2024","701000","21-Oct-2024"
"518","Normal/Others","WS/MP850/2024-2025/134855-Construction of flood control embankments/ protection walls along riverbanks, hilltops, roadsides","Uttarakhand","Uttarkashi(DISTRICT COLLECTOR UTTARKASHI_IDA)","Shri Naresh Bansal (2020-26) (2020-2026)","Elected MP","gram saur mein gadaka tok mein suraksha deewar ka nirman. iakaryadai sanstatha block mori","07-Aug-2024","1000000","21-Oct-2024"
"519","Normal/Others","WS/MP850/2025-2026/158952-Construction of flood control embankments/ protection walls along riverbanks, hilltops, roadsides","Uttarakhand","Uttarkashi(DISTRICT COLLECTOR UTTARKASHI_IDA)","Shri Naresh Bansal (2020-26) (2020-2026)","Elected MP","DHOBAL GAON KI ANUSUCHIT  BASTI MEIN PAKKI SURAKSHA DIWAR KA NIRMAN KARYA.IA(KARYADAI SANSTATHA)-BLOCK MORI","16-Dec-2024","1497377","18-Apr-2025"
"520","Normal/Others","WS/MP850/2025-2026/158953-Construction of flood control embankments/ protection walls along riverbanks, hilltops, roadsides","Uttarakhand","Uttarkashi(DISTRICT COLLECTOR UTTARKASHI_IDA)","Shri Naresh Bansal (2020-26) (2020-2026)","Elected MP","HUMNA TOK MEIN CHANDRAMOHAN KE MAKAN KE SAMEEP  BHAVNO KI SURAKSHA DIWAR KA NIRMAN KARYA.IA(KARYADAI SANSTATHA)-BLOCK MORI","16-Dec-2024","500000","18-Apr-2025"
"521","Normal/Others","WS/MP850/2025-2026/174620-Construction of roads, link roads, pathways or any other road with or without drainage system","Uttarakhand","Uttarkashi(DISTRICT COLLECTOR UTTARKASHI_IDA)","Shri Naresh Bansal (2020-26) (2020-2026)","Elected MP","GRAM PANCHAYAT SAUR KE GADKA NAMAK TOK MEIN CC KHARANJA NIMAN KARYA.IA(KARYADAI SANSTATHA)-BLOCK MORI","09-Feb-2025","498916","18-Apr-2025"
"522","Normal/Others","WS/MP204/2025-2026/144176-Construction of roads, link roads, pathways or any other road with or without drainage system","Uttarakhand","Uttarkashi(DISTRICT COLLECTOR UTTARKASHI_IDA)","Dr. Kalpana Saini (2022-28) (2022-2028)","Elected MP","Construction of railing and PCC on the road leading to primary school in village Raturisera","28-Sep-2024","199848","18-Apr-2025"
"523","Normal/Others","WS/MP850/2024-2025/137753-Construction of roads, link roads, pathways or any other road with or without drainage system","Uttarakhand","Uttarkashi(DISTRICT COLLECTOR UTTARKASHI_IDA)","Shri Naresh Bansal (2020-26) (2020-2026)","Elected MP","construction of sampark marg and safety wall in kotigaad to kyarda namtok at grampanchayat badkot ia karyadai sanstatha block chinyalisaur","30-Aug-2024","249000","18-Mar-2025"
"524","Normal/Others","WS/MP850/2024-2025/137754-Construction of roads, link roads, pathways or any other road with or without drainage system","Uttarakhand","Uttarkashi(DISTRICT COLLECTOR UTTARKASHI_IDA)","Shri Naresh Bansal (2020-26) (2020-2026)","Elected MP","construction of sampark marg in Pattarpani dwaari nalagaad nametok at gram panchayat bharkot ia karyadai sanstatha block chinyalisaur","30-Aug-2024","248000","18-Mar-2025"
"525","Normal/Others","WS/MP850/2024-2025/134498-Construction of roads, link roads, pathways or any other road with or without drainage system","Uttarakhand","Uttarkashi(DISTRICT COLLECTOR UTTARKASHI_IDA)","Shri Naresh Bansal (2020-26) (2020-2026)","Elected MP","gram saur kr motor road se gadaka tok tak cc road evam nali nirman. IA (karyadai sanstatha) block mori","01-Aug-2024","798000","21-Oct-2024"
"526","Normal/Others","NA-Construction of flood control embankments/ protection walls along riverbanks, hilltops, roadsides","Uttarakhand","Uttarkashi(DISTRICT COLLECTOR UTTARKASHI_IDA)","Dr. Kalpana Saini (2022-28) (2022-2028)","Elected MP","Construction of a protection wall in front of the house of Shri Abbal Rawat in Budech Tok, Gram Panchayat Makudi, Mori Block.","09-Aug-2026","249000","NA"
"527","Normal/Others","NA-Construction of flood control embankments/ protection walls along riverbanks, hilltops, roadsides","Uttarakhand","Uttarkashi(DISTRICT COLLECTOR UTTARKASHI_IDA)","Shri Naresh Bansal (2020-26) (2020-2026)","Elected MP","vikaskhand mori ke antargat dhobhal gaon mein avasiye basti mein suraksha deewar ka nirman karya.ia(karyadai sanstatha)-block mori","20-Aug-2026","1000000","NA"
"528","Normal/Others","NA-Construction of flood control embankments/ protection walls along riverbanks, hilltops, roadsides","Uttarakhand","Uttarkashi(DISTRICT COLLECTOR UTTARKASHI_IDA)","Shri Naresh Bansal (2020-26) (2020-2026)","Elected MP","vikaskhand mori ke gram paisar mein avasiye basti mein suraksha deewar ka nirman karya.ia(karyadai sanstatha)-block mori","20-Aug-2026","500000","NA"
"529","Normal/Others","WS/MP850/2025-2026/248509-Construction of roads, link roads, pathways or any other road with or without drainage system","Uttarakhand","Uttarkashi(DISTRICT COLLECTOR UTTARKASHI_IDA)","Shri Naresh Bansal (2020-26) (2020-2026)","Elected MP","gram panchayat jhotari ke antargat gram adasu se baluth tak sarvjanik marg cc tiles sarak nirman.ia(karyadai sanstatha)-block mori","17-Nov-2025","2197000","09-Feb-2026"
"530","Normal/Others","WS/MP850/2025-2026/248510-Construction of roads, link roads, pathways or any other road with or without drainage system","Uttarakhand","Uttarkashi(DISTRICT COLLECTOR UTTARKASHI_IDA)","Shri Naresh Bansal (2020-26) (2020-2026)","Elected MP","suchan gaon ke antargat dewra haltadi motor marg mein surksha diwar evam cc block nirman.ia(karyadai sanstatha)-block mori","17-Nov-2025","2000000","09-Feb-2026"
"531","Normal/Others","WS/MP850/2025-2026/248511-Construction of roads, link roads, pathways or any other road with or without drainage system","Uttarakhand","Uttarkashi(DISTRICT COLLECTOR UTTARKASHI_IDA)","Shri Naresh Bansal (2020-26) (2020-2026)","Elected MP","gram panchayat saur mein gatka namak tok mein suraksha diwar evam cc block nirman karya.ia(karyadai sanstatha)-block mori","17-Nov-2025","500000","09-Feb-2026"
"532","Normal/Others","NA-Construction of roads, link roads, pathways or any other road with or without drainage system","Uttarakhand","Uttarkashi(DISTRICT COLLECTOR UTTARKASHI_IDA)","Shri Mahendra Bhatt (2024-30) (2024-2030)","Elected MP","Vikash Khand Dunda ke Gram PAnchayat Matti me Matti gaon se Prathmik Vidhyalay Ko Jane wale Raste me Surksha Diwar nirman. K.S.- Jilla Panchayat Uttarkashi","13-May-2026","500000","NA"
"533","Normal/Others","NA-Construction of roads, link roads, pathways or any other road with or without drainage system","Uttarakhand","Uttarkashi(DISTRICT COLLECTOR UTTARKASHI_IDA)","Shri Naresh Bansal (2020-26) (2020-2026)","Elected MP","block mori ke antargat gram jakhol road km14 se sankondni tok tak padal marg nirman karya.ia(karyadai sanstatha)_block mori","27-May-2026","500000","NA"
"534","Normal/Others","NA-Construction of roads, link roads, pathways or any other road with or without drainage system","Uttarakhand","Uttarkashi(DISTRICT COLLECTOR UTTARKASHI_IDA)","Shri Naresh Bansal (2020-26) (2020-2026)","Elected MP","block mori ke danda pani se margard tak pcc kadinja evam nali nirman karya.ia(karyadai sanstatha)-block mori","27-May-2026","1000000","NA"
"535","Normal/Others","NA-Construction of roads, link roads, pathways or any other road with or without drainage system","Uttarakhand","Uttarkashi(DISTRICT COLLECTOR UTTARKASHI_IDA)","Shri Naresh Bansal (2020-26) (2020-2026)","Elected MP","block mori ke mori motor marg se badau gaon tak pcc kadinja evam nali nirman karya.ia(karyadai sanstatha)-block mori","27-May-2026","1000000","NA"
"536","Normal/Others","NA-Improvement of electricity distribution infrastructure","Uttarakhand","Uttarkashi(DISTRICT COLLECTOR UTTARKASHI_IDA)","Shri Mahendra Bhatt (2024-30) (2024-2030)","Elected MP","Vikash Khnad Mori Uttarkashi ke gram nanai ke petiyana tok me shri amit bhawani ke pratishthan ke pas ke vidhyut line shift karne ka karya  karyadai sansth- vidhyutvitrankhand badkot","17-Feb-2025","150000","NA"
"537","Normal/Others","WS/MP18333/2025-2026/174901-Setting up crops conservation facilities","Uttarakhand","Uttarkashi(DISTRICT COLLECTOR UTTARKASHI_IDA)","Shri Mahendra Bhatt (2024-30) (2024-2030)","Elected MP","Janpad uttarkashi ke vikash khand Purola ke gram math ke samadhi tok me krishi bhoomi ka Surkshatmak karya, Karyadai sanstha-Vikash Khand Purola","17-Feb-2025","500000","18-Apr-2025"
"538","Normal/Others","WS/MP204/2025-2026/240524-Security gates in streets/public place for safety purpose","Uttarakhand","Uttarkashi(DISTRICT COLLECTOR UTTARKASHI_IDA)","Dr. Kalpana Saini (2022-28) (2022-2028)","Elected MP","construction of Residental Security wall near the iron bridge in the Village named Gada of Raun Gram Panchayat of Puraula Block.","17-Oct-2025","400000","20-Nov-2025"
"539","Normal/Others","WS/MP204/2025-2026/240535-Security gates in streets/public place for safety purpose","Uttarakhand","Uttarkashi(DISTRICT COLLECTOR UTTARKASHI_IDA)","Dr. Kalpana Saini (2022-28) (2022-2028)","Elected MP","Construction of Security wall for a Public Road in a Village Seri in Gram Panchayat Raun, block Puraula, District Uttarkashi","17-Oct-2025","500000","20-Nov-2025"
"540","Normal/Others","WS/MP850/2025-2026/174618-Development of playfields and sports grounds","Uttarakhand","Uttarkashi(DISTRICT COLLECTOR UTTARKASHI_IDA)","Shri Naresh Bansal (2020-26) (2020-2026)","Elected MP","gram kunara mein khel maidan ki suraksha diwar ka nirman karya.IA(KARYADAI SANSTATHA) - BLOCK MORI","09-Feb-2025","1000000","18-Apr-2025"
"541","Normal/Others","WS/MP850/2025-2026/240239-Development of playfields and sports grounds","Uttarakhand","Uttarkashi(DISTRICT COLLECTOR UTTARKASHI_IDA)","Shri Naresh Bansal (2020-26) (2020-2026)","Elected MP","gram sabha gorsali mein samuhik khel maidan ka saundryakaran ka karya...","06-Oct-2025","700000","08-Jan-2026"
"542","Normal/Others","NA-Construction of roads, link roads, pathways or any other road with or without drainage system","Uttarakhand","Uttarkashi(DISTRICT COLLECTOR UTTARKASHI_IDA)","Dr. Kalpana Saini (2022-28) (2022-2028)","Elected MP","Construction of a connecting road from Gram Panchayat Makudi to the cremation ground via Noliyan in Mori Block.","09-Aug-2026","249000","NA"
"543","Normal/Others","NA-Construction of rooms and halls in school and colleges","Uttarakhand","Dangs(DISTRICT COLLECTOR DANG_IDA)","Dr. Kalpana Saini (2022-28) (2022-2028)","Elected MP","Construction of Hall inside girls hostel at Ritambhara Vishva Vidyapeeth Saputara","12-Mar-2024","2500000","NA"
"544","Trust and Society","NA-Construction of additional rooms and halls in the existing public and community building","Uttarakhand","KARNAL(DEPUTY COMMISSIONER KARNAL)","Shri Naresh Bansal (2020-26) (2020-2026)","Elected MP","MAHARAJA AGGARSAIN CHARITABLE TRUST BHAWAN MEIN KAKSH YA HALL KA NIRMAN KARYA.","14-Jan-2025","1500000","NA"
"545","Trust and Society","NA-Development of playground","Uttarakhand","Charkhi Dadri(Deputy Commissioner Charkhi Dadri_IDA)","Shri Naresh Bansal (2020-26) (2020-2026)","Elected MP","JANTA VIDYA MANDIR MEIN COLLEGE KE MAIN GATE EVAM PATHWAY KA NIRMAN..","18-Feb-2026","1000000","NA"
"546","Normal/Others","NA-Construction of additional rooms and halls in the existing public and community building","Uttarakhand","AMRITSAR(DEPUTY COMMISSIONER AMRITSAR_IDA)","Shri Naresh Bansal (2020-26) (2020-2026)","Elected MP","Uttaranchal ekta manch amritsar dwara nirmit Uttaranchal bhawan mein naye kaksho ka nirman","31-Aug-2026","700000","NA"
"Grand Total"," "," "," "," "," "," "," "," "," ","47,21,67,169"