"Sr. No.","Work category","Work","State","IDA","Hon'ble Members of Parliament","Elected/Nominated","Work description","Recommended date","Sanction Date","Sanction Amount ( ₹ )","Work Status"
"1","Normal/Others","WS/MP092/2026-2027/275441-Construction of rooms and facilities for hospitals, FWC , PHC Centers and ANM centers","Karnataka","SHIVAMOGGA(DEPUTY COMMISSIONER SHIMOGA_IDA)","Smt. Nirmala Sitharaman (2022-28) (2022-2028)","Elected MP","Construction of 30 Bedded NICU at Shimoga Institute of Medical Sciences, Shivamogga","23-Mar-2026","19-May-2026","6000000","Sanction"
"2","Normal/Others","WS/MP084/2025-2026/151227-Purchase of hospital equipment","Karnataka","BENGALURU URBAN(DEPUTY COMMISSIONER BANGALORE URBAN_IDA)","Shri Jaggesh (2022-28) (2022-2028)","Elected MP","Supply of Dialysis Machine, Multipara Monitor, ECG Machine and Defibrillator","07-Nov-2024","31-Jul-2025","4990500","Physical Inspection"
"3","Normal/Others","WS/MP092/2026-2027/275442-Purchase of hospital equipment","Karnataka","SHIVAMOGGA(DEPUTY COMMISSIONER SHIMOGA_IDA)","Smt. Nirmala Sitharaman (2022-28) (2022-2028)","Elected MP","Purchase of Medical Equipments for NICU at Shimoga Institute of Medical Sciences, Shivamogga","23-Mar-2026","04-Aug-2026","44000000","Sanction"
"4","Normal/Others","WS/MP833/2025-2026/16241-Purchase of prosthetics, wheel chairs, tricycles (manual or motorized), elect scooties, hearing aids","Karnataka","CHIKKAMAGALURU(DEPUTY COMMISSIONER CHIKMAGALUR)","Shri Jairam Ramesh (2022-28) (2022-2028)","Elected MP","For distribution of Retro fitted motorrised Bicycle for disabled persons.","04-Sep-2023","08-Sep-2025","1000000","Work Completed"
"5","Normal/Others","WS/MP18364/2026-2027/225813-Purchase of prosthetics, wheel chairs, tricycles (manual or motorized), elect scooties, hearing aids","Karnataka","BAGALKOTE(DEPUTY COMMISSIONER BAGALKOT_IDA)","Shri Narayanasa K. Bhandage (2024-30) (2024-2030)","Elected MP","Providing motorized tricycle to Differently abled person- Sunanda Doddappa Hunagund, Nagar Khan peth, ward no.5, in Guledgudda town.","11-Aug-2025","01-Jul-2026","99990","Vendor Identification"
"6","Normal/Others","WS/MP18364/2026-2027/225814-Purchase of prosthetics, wheel chairs, tricycles (manual or motorized), elect scooties, hearing aids","Karnataka","BAGALKOTE(DEPUTY COMMISSIONER BAGALKOT_IDA)","Shri Narayanasa K. Bhandage (2024-30) (2024-2030)","Elected MP","Providing motorized tricycle to Differently abled person- Iravva Kamappa Hulageri, in Alagundi B.K village.","11-Aug-2025","01-Jul-2026","99990","Vendor Identification"
"7","Normal/Others","WS/MP18364/2024-2025/148320-Installing tube-wells and borewells","Karnataka","BENGALURU URBAN(DEPUTY COMMISSIONER BANGALORE URBAN_IDA)","Shri Narayanasa K. Bhandage (2024-30) (2024-2030)","Elected MP","Drilling Borewell and Installation of Motor for Drinking water.","29-Oct-2024","23-Dec-2024","500000","Sanction"
"8","Normal/Others","WS/MP086/2025-2026/188706-Installing tube-wells and borewells","Karnataka","BENGALURU URBAN(DEPUTY COMMISSIONER BANGALORE URBAN_IDA)","Shri G.C. Chandrashekhar (2024-30) (2024-2030)","Elected MP","New Bore Drilling Work Near Doddabasti Village Under Sulikere Gram Panchayat, Bangalore Dakshina Taluk","02-Apr-2025","21-Jun-2025","800000","Work partially Completed"
"9","Normal/Others","WS/MP086/2025-2026/188707-Installing tube-wells and borewells","Karnataka","BENGALURU URBAN(DEPUTY COMMISSIONER BANGALORE URBAN_IDA)","Shri G.C. Chandrashekhar (2024-30) (2024-2030)","Elected MP","Work of drilling a new bore on the main road of Chikkabasti village under Sulikere Gram Panchayat, Bangalore Dakshina Taluk.","02-Apr-2025","21-Jun-2025","400000","Work partially Completed"
"10","Normal/Others","WS/MP086/2025-2026/188710-Installing tube-wells and borewells","Karnataka","BENGALURU URBAN(DEPUTY COMMISSIONER BANGALORE URBAN_IDA)","Shri G.C. Chandrashekhar (2024-30) (2024-2030)","Elected MP","Re-installation of bore well near Chikkabasti village under Sulikere Gram Panchayat, Bangalore Dakshina Taluk.","02-Apr-2025","21-Jun-2025","265000","Work partially Completed"
"11","Normal/Others","WS/MP086/2025-2026/188713-Installing tube-wells and borewells","Karnataka","BENGALURU URBAN(DEPUTY COMMISSIONER BANGALORE URBAN_IDA)","Shri G.C. Chandrashekhar (2024-30) (2024-2030)","Elected MP","Work of drilling a new bore inside Challaghatta village under Ramohalli Gram Panchayat, Bangalore Dakshina Taluk.","02-Apr-2025","21-Jun-2025","410000","Work partially Completed"
"12","Normal/Others","WS/MP086/2025-2026/188719-Installing tube-wells and borewells","Karnataka","BENGALURU URBAN(DEPUTY COMMISSIONER BANGALORE URBAN_IDA)","Shri G.C. Chandrashekhar (2024-30) (2024-2030)","Elected MP","Work of drilling a new bore near Ramayyana Lake in Kodipalya Village under Ramohalli Gram Panchayat, Bangalore Dakshina Taluk.","02-Apr-2025","21-Jun-2025","405000","Work partially Completed"
"13","Normal/Others","WS/MP086/2025-2026/188721-Installing tube-wells and borewells","Karnataka","BENGALURU URBAN(DEPUTY COMMISSIONER BANGALORE URBAN_IDA)","Shri G.C. Chandrashekhar (2024-30) (2024-2030)","Elected MP","Re-installation of Bore Well near Royal Bike Showroom Kaggalipur-1 in Kaggalipur Village under Kaggalipur Gram Panchayat, Bangalore Dakshina Taluk","02-Apr-2025","21-Jun-2025","260000","Work partially Completed"
"14","Normal/Others","WS/MP086/2025-2026/188722-Installing tube-wells and borewells","Karnataka","BENGALURU URBAN(DEPUTY COMMISSIONER BANGALORE URBAN_IDA)","Shri G.C. Chandrashekhar (2024-30) (2024-2030)","Elected MP","Re-installation of Bore Well near Kaggalipur-2, Kaggalipur Village under Kaggalipur Gram Panchayat, Bangalore Dakshina Taluk","02-Apr-2025","21-Jun-2025","260000","Work partially Completed"
"15","Normal/Others","WS/MP086/2025-2026/188724-Installing tube-wells and borewells","Karnataka","BENGALURU URBAN(DEPUTY COMMISSIONER BANGALORE URBAN_IDA)","Shri G.C. Chandrashekhar (2024-30) (2024-2030)","Elected MP","Installation of pump motor near Hombamma barangay of Tataguni village under Agar Gram Panchayat, Bangalore Dakshina Taluk","02-Apr-2025","21-Jun-2025","500000","Work partially Completed"
"16","Normal/Others","WS/MP086/2025-2026/188734-Installing tube-wells and borewells","Karnataka","BENGALURU URBAN(DEPUTY COMMISSIONER BANGALORE URBAN_IDA)","Shri G.C. Chandrashekhar (2024-30) (2024-2030)","Elected MP","Installation of pump motor near Chikkakodigehalli Village Ratna Barangay under Kodigehalli Gram Panchayat, Bengaluru Uttar Taluk","02-Apr-2025","21-Jun-2025","500000","Work partially Completed"
"17","Normal/Others","WS/MP086/2025-2026/188737-Installing tube-wells and borewells","Karnataka","BENGALURU URBAN(DEPUTY COMMISSIONER BANGALORE URBAN_IDA)","Shri G.C. Chandrashekhar (2024-30) (2024-2030)","Elected MP","New Bore Drilling Work Near Seegehalli Village Under Kodigehalli Gram Panchayat, Bangalore Uttar Taluk","02-Apr-2025","21-Jun-2025","400000","Work partially Completed"
"18","Normal/Others","WS/MP086/2025-2026/188739-Installing tube-wells and borewells","Karnataka","BENGALURU URBAN(DEPUTY COMMISSIONER BANGALORE URBAN_IDA)","Shri G.C. Chandrashekhar (2024-30) (2024-2030)","Elected MP","New Bore Drilling Work in Dhananayakanahalli Village under Sulikere Gram Panchayat, Bangalore Dakshina Taluk","02-Apr-2025","21-Jun-2025","400000","Work partially Completed"
"19","Normal/Others","WS/MP086/2025-2026/188741-Installing tube-wells and borewells","Karnataka","BENGALURU URBAN(DEPUTY COMMISSIONER BANGALORE URBAN_IDA)","Shri G.C. Chandrashekhar (2024-30) (2024-2030)","Elected MP","New borehole drilling work near Channenahalli Milk Producers Cooperative Society under Channenahalli Gram Panchayat, Bangalore South Taluk","02-Apr-2025","21-Jun-2025","400000","Work partially Completed"
"20","Normal/Others","WS/MP086/2025-2026/194196-Installing tube-wells and borewells","Karnataka","BENGALURU URBAN(DEPUTY COMMISSIONER BANGALORE URBAN_IDA)","Shri G.C. Chandrashekhar (2024-30) (2024-2030)","Elected MP","Construction of borewell and pump motor at Bangalore urban, Yelahanka Talluk, Hesaraghatta Hobali, Shivakote Grama Panchayat, Muttugadahalli Village","24-Apr-2025","12-Nov-2025","500000","Work Completed"
"21","Normal/Others","WS/MP086/2025-2026/209978-Installing tube-wells and borewells","Karnataka","BENGALURU URBAN(DEPUTY COMMISSIONER BANGALORE URBAN_IDA)","Shri G.C. Chandrashekhar (2024-30) (2024-2030)","Elected MP","installation of borewell and pipe line for ward no.147 Bangalore Urban, BTM assembly constituency, GHI Police quartres","18-Jun-2025","19-Dec-2025","499239","Physical Inspection"
"22","Normal/Others","WS/MP086/2026-2027/245832-Installing tube-wells and borewells","Karnataka","BENGALURU URBAN(DEPUTY COMMISSIONER BANGALORE URBAN_IDA)","Shri G.C. Chandrashekhar (2024-30) (2024-2030)","Elected MP","installation of new borewell at Bangalore north talluk, Kadabagere grama panchayath, Arkavathi layout","04-Nov-2025","13-May-2026","400000","Work partially Completed"
"23","Normal/Others","WS/MP086/2026-2027/245846-Installing tube-wells and borewells","Karnataka","BENGALURU URBAN(DEPUTY COMMISSIONER BANGALORE URBAN_IDA)","Shri G.C. Chandrashekhar (2024-30) (2024-2030)","Elected MP","Installation of Borewell at Bangalore South talluk, H gollagalli grama panchayath, Near apartment of Doddabele village","04-Nov-2025","13-May-2026","400000","Work partially Completed"
"24","Normal/Others","WS/MP086/2026-2027/245852-Installing tube-wells and borewells","Karnataka","BENGALURU URBAN(DEPUTY COMMISSIONER BANGALORE URBAN_IDA)","Shri G.C. Chandrashekhar (2024-30) (2024-2030)","Elected MP","Installation of borewell at Bangalore south talluk, kumbalagudu grama panchayath, near government school of Anchepalya","04-Nov-2025","13-May-2026","400000","Work partially Completed"
"25","Normal/Others","WS/MP086/2026-2027/245856-Installing tube-wells and borewells","Karnataka","BENGALURU URBAN(DEPUTY COMMISSIONER BANGALORE URBAN_IDA)","Shri G.C. Chandrashekhar (2024-30) (2024-2030)","Elected MP","installation of new bore well at Bangalore south talluk, Somanahalli grama panchayath, Narigutte colony","04-Nov-2025","13-May-2026","400000","Work partially Completed"
"26","Repair and Renovation","WS/MP086/2026-2027/245861-Installing tube-wells and borewells","Karnataka","BENGALURU URBAN(DEPUTY COMMISSIONER BANGALORE URBAN_IDA)","Shri G.C. Chandrashekhar (2024-30) (2024-2030)","Elected MP","Installation of borewell at Bangalore south talluk, K gollahalli grama panchayath, near the school of Gangasandra village","04-Nov-2025","13-May-2026","275000","Work partially Completed"
"27","Repair and Renovation","WS/MP086/2026-2027/245884-Installing tube-wells and borewells","Karnataka","BENGALURU URBAN(DEPUTY COMMISSIONER BANGALORE URBAN_IDA)","Shri G.C. Chandrashekhar (2024-30) (2024-2030)","Elected MP","installation of borewell at Bangalore south talluk, K Gollahalli grama Panchayath, Near the milk booth of Gaviyanapalya village","04-Nov-2025","13-May-2026","260000","Work partially Completed"
"28","Repair and Renovation","WS/MP086/2026-2027/245897-Installing tube-wells and borewells","Karnataka","BENGALURU URBAN(DEPUTY COMMISSIONER BANGALORE URBAN_IDA)","Shri G.C. Chandrashekhar (2024-30) (2024-2030)","Elected MP","installation of borewell at Bangalore south talluk, K gollahalli grama panchayath, near the bus stop of Tittahalli village","04-Nov-2025","13-May-2026","275000","Work partially Completed"
"29","Repair and Renovation","WS/MP086/2026-2027/245900-Installing tube-wells and borewells","Karnataka","BENGALURU URBAN(DEPUTY COMMISSIONER BANGALORE URBAN_IDA)","Shri G.C. Chandrashekhar (2024-30) (2024-2030)","Elected MP","installation of borewell at Bangalore South talluk, K gollahalli grama panchayath, inside the village of Hampapura Janata colony","04-Nov-2025","13-May-2026","260000","Work partially Completed"
"30","Repair and Renovation","WS/MP086/2026-2027/245906-Installing tube-wells and borewells","Karnataka","BENGALURU URBAN(DEPUTY COMMISSIONER BANGALORE URBAN_IDA)","Shri G.C. Chandrashekhar (2024-30) (2024-2030)","Elected MP","installation of borewell at Bangalore south talluk, Sulikere Grama panchayath, Chikkanahalli village","04-Nov-2025","13-May-2026","270000","Work partially Completed"
"31","Repair and Renovation","WS/MP086/2026-2027/245909-Installing tube-wells and borewells","Karnataka","BENGALURU URBAN(DEPUTY COMMISSIONER BANGALORE URBAN_IDA)","Shri G.C. Chandrashekhar (2024-30) (2024-2030)","Elected MP","Installation of borewell at Bangalore South talluk, Sulikere grama panchayath, Near the bus stop of Chikkabasti village","04-Nov-2025","13-May-2026","260000","Work partially Completed"
"32","Repair and Renovation","WS/MP086/2026-2027/245925-Installing tube-wells and borewells","Karnataka","BENGALURU URBAN(DEPUTY COMMISSIONER BANGALORE URBAN_IDA)","Shri G.C. Chandrashekhar (2024-30) (2024-2030)","Elected MP","installation of borewell at Bangalore South talluk, Ajjanahalli grama panchayath, Near Huluvenahalli SLN","04-Nov-2025","13-May-2026","500000","Work partially Completed"
"33","Repair and Renovation","WS/MP086/2026-2027/245930-Installing tube-wells and borewells","Karnataka","BENGALURU URBAN(DEPUTY COMMISSIONER BANGALORE URBAN_IDA)","Shri G.C. Chandrashekhar (2024-30) (2024-2030)","Elected MP","Installation of Borewell at Bangalore South Talluk, Tavarekere Grama Panchayath, Near BWSSB pipe line","04-Nov-2025","13-May-2026","230000","Work partially Completed"
"34","Repair and Renovation","WS/MP086/2026-2027/245950-Installing tube-wells and borewells","Karnataka","BENGALURU URBAN(DEPUTY COMMISSIONER BANGALORE URBAN_IDA)","Shri G.C. Chandrashekhar (2024-30) (2024-2030)","Elected MP","installation of borewell at Bangalore South talluk, Cholanayakanahalli grama panchayath, Kempagondanahalli Nagamadayana estate","04-Nov-2025","13-May-2026","270000","Work partially Completed"
"35","Repair and Renovation","WS/MP086/2026-2027/245970-Installing tube-wells and borewells","Karnataka","BENGALURU URBAN(DEPUTY COMMISSIONER BANGALORE URBAN_IDA)","Shri G.C. Chandrashekhar (2024-30) (2024-2030)","Elected MP","installation of borewell at Bangalore South taluk, Kengeri Hobali, H gollahalli grama panchayath, Nagegowdanahalli village","04-Nov-2025","13-May-2026","260000","Work partially Completed"
"36","Repair and Renovation","WS/MP086/2026-2027/245982-Installing tube-wells and borewells","Karnataka","BENGALURU URBAN(DEPUTY COMMISSIONER BANGALORE URBAN_IDA)","Shri G.C. Chandrashekhar (2024-30) (2024-2030)","Elected MP","Installation of borewell at Bangalore South talluk, Sulikere grama panchayath, Ramsandra Layout","04-Nov-2025","13-May-2026","260000","Work partially Completed"
"37","Normal/Others","WS/MP086/2026-2027/245984-Installing tube-wells and borewells","Karnataka","BENGALURU URBAN(DEPUTY COMMISSIONER BANGALORE URBAN_IDA)","Shri G.C. Chandrashekhar (2024-30) (2024-2030)","Elected MP","Installation of borewell at Bangalore South talluk, K gollahalli grama panchayath, Tagachaguppe village, Janatha colony","04-Nov-2025","13-May-2026","280000","Work partially Completed"
"38","Normal/Others","WS/MP086/2026-2027/256881-Installing tube-wells and borewells","Karnataka","BENGALURU URBAN(DEPUTY COMMISSIONER BANGALORE URBAN_IDA)","Shri G.C. Chandrashekhar (2024-30) (2024-2030)","Elected MP","Installation of Borewell at Dattatreya ward no.61, Bangalore District, Gandhinagar Assembly constituency","03-Jan-2026","01-Aug-2026","300000","Physical Inspection"
"39","Normal/Others","WS/MP834/2026-2027/280121-Installing tube-wells and borewells","Karnataka","BENGALURU URBAN(DEPUTY COMMISSIONER BANGALORE URBAN_IDA)","Shri Lahar Singh Siroya (2022-28) (2022-2028)","Elected MP","Digging of new borewell at annadanappa Layout, Tavarakere village","11-May-2026","21-Jul-2026","500000","Sanction"
"40","Normal/Others","WS/MP834/2026-2027/280122-Installing tube-wells and borewells","Karnataka","BENGALURU URBAN(DEPUTY COMMISSIONER BANGALORE URBAN_IDA)","Shri Lahar Singh Siroya (2022-28) (2022-2028)","Elected MP","Digging of new borewell at Kuvempu Nagar, Tavarakere village","11-May-2026","21-Jul-2026","500000","Sanction"
"41","Normal/Others","WS/MP833/2024-2025/16127-Installing community drinking water plants","Karnataka","CHIKKAMAGALURU(DEPUTY COMMISSIONER CHIKMAGALUR)","Shri Jairam Ramesh (2022-28) (2022-2028)","Elected MP","For construction of Road and Box drain at Ward no 08 from Old fish market of Chatra maidana to main road.","04-Sep-2023","20-Feb-2025","1500000","Work Completed"
"42","Normal/Others","WS/MP834/2025-2026/149092-Installing community drinking water plants","Karnataka","Bengaluru South(DEPUTY COMMISSIONER RAMANAGARA_IDA)","Shri Lahar Singh Siroya (2022-28) (2022-2028)","Elected MP","installation of water treatment plant and construction of building","23-Oct-2024","09-Sep-2025","497659","Physical Inspection"
"43","Normal/Others","WS/MP18296/2025-2026/155196-Installing community drinking water plants","Karnataka","BALLARI(DEPUTY COMMISSIONER BELLARY_IDA)","Dr. Syed Naseer Hussain (2024-30) (2024-2030)","Elected MP","Installation of Drinking Water RO Plant.","26-Nov-2024","02-Mar-2026","720000","Work partially Completed"
"44","Normal/Others","WS/MP18364/2025-2026/190517-Installing community drinking water plants","Karnataka","BAGALKOTE(DEPUTY COMMISSIONER BAGALKOT_IDA)","Shri Narayanasa K. Bhandage (2024-30) (2024-2030)","Elected MP","Construction and installation of Drinking water plant.","11-Apr-2025","09-Jun-2025","320000","Physical Inspection"
"45","Normal/Others","WS/MP18364/2025-2026/190518-Installing community drinking water plants","Karnataka","BAGALKOTE(DEPUTY COMMISSIONER BAGALKOT_IDA)","Shri Narayanasa K. Bhandage (2024-30) (2024-2030)","Elected MP","Construction and installation of Drinking water plant.","11-Apr-2025","09-Jun-2025","320000","Physical Inspection"
"46","Normal/Others","WS/MP18364/2025-2026/190520-Installing community drinking water plants","Karnataka","BAGALKOTE(DEPUTY COMMISSIONER BAGALKOT_IDA)","Shri Narayanasa K. Bhandage (2024-30) (2024-2030)","Elected MP","Construction and installation of Drinking water plant.","11-Apr-2025","09-Jun-2025","320000","Physical Inspection"
"47","Normal/Others","WS/MP18364/2025-2026/190521-Installing community drinking water plants","Karnataka","BAGALKOTE(DEPUTY COMMISSIONER BAGALKOT_IDA)","Shri Narayanasa K. Bhandage (2024-30) (2024-2030)","Elected MP","Construction and installation of Drinking water plant.","11-Apr-2025","09-Jun-2025","320000","Physical Inspection"
"48","Normal/Others","WS/MP18364/2025-2026/190530-Installing community drinking water plants","Karnataka","BAGALKOTE(DEPUTY COMMISSIONER BAGALKOT_IDA)","Shri Narayanasa K. Bhandage (2024-30) (2024-2030)","Elected MP","Construction and installation of Drinking water plant.","11-Apr-2025","09-Jun-2025","320000","Work partially Completed"
"49","Normal/Others","WS/MP18364/2025-2026/200401-Installing community drinking water plants","Karnataka","BAGALKOTE(DEPUTY COMMISSIONER BAGALKOT_IDA)","Shri Narayanasa K. Bhandage (2024-30) (2024-2030)","Elected MP","Installation of Pure Drinking water unit to government school.","19-May-2025","10-Sep-2025","320000","Sanction"
"50","Normal/Others","WS/MP833/2025-2026/178226-Providing supply pipelines for drinking water","Karnataka","CHIKKAMAGALURU(DEPUTY COMMISSIONER CHIKMAGALUR)","Shri Jairam Ramesh (2022-28) (2022-2028)","Elected MP","To install drinking water pipeline to Halgodu village of Thotadur Village Panchayath Limit Kalasa Tq","28-Feb-2025","30-Jan-2026","1000000","Work partially Completed"
"51","Normal/Others","WS/MP833/2024-2025/16122-Providing drains and gutters for public drainage","Karnataka","CHIKKAMAGALURU(DEPUTY COMMISSIONER CHIKMAGALUR)","Shri Jairam Ramesh (2022-28) (2022-2028)","Elected MP","Construction of box drain and deck lab adjacent to LIC office at tarikere town.","04-Sep-2023","21-Jun-2024","600000","Physical Inspection"
"52","Normal/Others","WS/MP084/2024-2025/38001-Providing drains and gutters for public drainage","Karnataka","BENGALURU URBAN(DEPUTY COMMISSIONER BANGALORE URBAN_IDA)","Shri Jaggesh (2022-28) (2022-2028)","Elected MP","CC Drainage work in Journalist's Layout, Rajanukunte Village, Rajanukunte Grama Panchayat, Yelahanka Taluk, Bangalore Urban.","17-Oct-2023","30-Aug-2024","499065","Physical Inspection"
"53","Normal/Others","WS/MP084/2024-2025/38414-Providing drains and gutters for public drainage","Karnataka","BENGALURU URBAN(DEPUTY COMMISSIONER BANGALORE URBAN_IDA)","Shri Jaggesh (2022-28) (2022-2028)","Elected MP","C.C Drainage development work, Machohalli Village, Machohalli Grama Panchayat, Banalore North Taluk, Bangalore Urban.","18-Oct-2023","24-Sep-2024","499429","Physical Inspection"
"54","Normal/Others","WS/MP084/2024-2025/38415-Providing drains and gutters for public drainage","Karnataka","BENGALURU URBAN(DEPUTY COMMISSIONER BANGALORE URBAN_IDA)","Shri Jaggesh (2022-28) (2022-2028)","Elected MP","C.C.Drainage development work, Machohalli Village, Machohalli Grama Panchayat, Bangalore North Taluk, Bangalore Urban.","18-Oct-2023","24-Sep-2024","499420","Physical Inspection"
"55","Normal/Others","WS/MP084/2024-2025/38467-Providing drains and gutters for public drainage","Karnataka","BENGALURU URBAN(DEPUTY COMMISSIONER BANGALORE URBAN_IDA)","Shri Jaggesh (2022-28) (2022-2028)","Elected MP","C.C Drainage development work, Machohalli Village, Machohalli Grama Panchayat, Bangalore North Taluk, Bangalore Urban.","19-Oct-2023","02-Jul-2024","499327","Physical Inspection"
"56","Normal/Others","WS/MP084/2024-2025/38614-Providing drains and gutters for public drainage","Karnataka","BENGALURU URBAN(DEPUTY COMMISSIONER BANGALORE URBAN_IDA)","Shri Jaggesh (2022-28) (2022-2028)","Elected MP","C.C Drainage development work, Machohalli Village, Machohalli Grama Panchayat, Bangalore North Taluk, Bangalore Urban.","19-Oct-2023","22-Nov-2024","499400","Physical Inspection"
"57","Normal/Others","WS/MP084/2024-2025/38615-Providing drains and gutters for public drainage","Karnataka","BENGALURU URBAN(DEPUTY COMMISSIONER BANGALORE URBAN_IDA)","Shri Jaggesh (2022-28) (2022-2028)","Elected MP","C.C Drainage development work, Machohalli Village, Machohalli Grama Panchayat, Bangalore North Taluk, Bangalore Urban.","19-Oct-2023","22-Nov-2024","491134","Physical Inspection"
"58","Normal/Others","WS/MP084/2024-2025/38616-Providing drains and gutters for public drainage","Karnataka","BENGALURU URBAN(DEPUTY COMMISSIONER BANGALORE URBAN_IDA)","Shri Jaggesh (2022-28) (2022-2028)","Elected MP","C.C Drainage development work, Machohalli Village, Machohalli Grama Panchayat, Bangalore North Taluk, Bangalore Urban.","19-Oct-2023","22-Nov-2024","499400","Physical Inspection"
"59","Normal/Others","WS/MP084/2024-2025/38617-Providing drains and gutters for public drainage","Karnataka","BENGALURU URBAN(DEPUTY COMMISSIONER BANGALORE URBAN_IDA)","Shri Jaggesh (2022-28) (2022-2028)","Elected MP","C.C Drainage development work, Machohalli Village, Machohalli Grama Panchayat, Bangalore North Taluk, Bangalore Urban.","19-Oct-2023","22-Nov-2024","491134","Physical Inspection"
"60","Normal/Others","WS/MP084/2024-2025/38762-Providing drains and gutters for public drainage","Karnataka","BENGALURU URBAN(DEPUTY COMMISSIONER BANGALORE URBAN_IDA)","Shri Jaggesh (2022-28) (2022-2028)","Elected MP","Concrete drain construction work.","19-Oct-2023","02-Jul-2024","494561","Physical Inspection"
"61","Normal/Others","WS/MP084/2025-2026/39275-Providing drains and gutters for public drainage","Karnataka","BENGALURU URBAN(DEPUTY COMMISSIONER BANGALORE URBAN_IDA)","Shri Jaggesh (2022-28) (2022-2028)","Elected MP","C C Drainage work.","20-Oct-2023","10-Jul-2025","499660","Physical Inspection"
"62","Normal/Others","WS/MP084/2025-2026/39277-Providing drains and gutters for public drainage","Karnataka","BENGALURU URBAN(DEPUTY COMMISSIONER BANGALORE URBAN_IDA)","Shri Jaggesh (2022-28) (2022-2028)","Elected MP","Covering slab installation work for open drainage.","20-Oct-2023","10-Jul-2025","498998","Physical Inspection"
"63","Normal/Others","WS/MP084/2025-2026/39278-Providing drains and gutters for public drainage","Karnataka","BENGALURU URBAN(DEPUTY COMMISSIONER BANGALORE URBAN_IDA)","Shri Jaggesh (2022-28) (2022-2028)","Elected MP","Providing/installation of covering slab for open drainage.","20-Oct-2023","10-Jul-2025","498229","Physical Inspection"
"64","Normal/Others","WS/MP084/2025-2026/39279-Providing drains and gutters for public drainage","Karnataka","BENGALURU URBAN(DEPUTY COMMISSIONER BANGALORE URBAN_IDA)","Shri Jaggesh (2022-28) (2022-2028)","Elected MP","Providing/installation of covering slab for open drainage.","20-Oct-2023","10-Jul-2025","498486","Physical Inspection"
"65","Normal/Others","WS/MP084/2024-2025/39280-Providing drains and gutters for public drainage","Karnataka","BENGALURU URBAN(DEPUTY COMMISSIONER BANGALORE URBAN_IDA)","Shri Jaggesh (2022-28) (2022-2028)","Elected MP","Providing/insatallation of covering slab for open drainage.","20-Oct-2023","10-Jul-2024","500000","Work partially Completed"
"66","Normal/Others","WS/MP084/2024-2025/39347-Providing drains and gutters for public drainage","Karnataka","BENGALURU URBAN(DEPUTY COMMISSIONER BANGALORE URBAN_IDA)","Shri Jaggesh (2022-28) (2022-2028)","Elected MP","C.C Drainage development work.","21-Oct-2023","10-Jul-2024","500000","Work partially Completed"
"67","Normal/Others","WS/MP833/2024-2025/74906-Providing drains and gutters for public drainage","Karnataka","CHIKKAMAGALURU(DEPUTY COMMISSIONER CHIKMAGALUR)","Shri Jairam Ramesh (2022-28) (2022-2028)","Elected MP","Chikmagalur/ SCP/ Construction of Water Drain at Ukkada village of ID Peeta village","04-Jan-2024","06-Jul-2024","1500000","Sanction"
"68","Repair and Renovation","WS/MP833/2024-2025/74909-Providing drains and gutters for public drainage","Karnataka","CHIKKAMAGALURU(DEPUTY COMMISSIONER CHIKMAGALUR)","Shri Jairam Ramesh (2022-28) (2022-2028)","Elected MP","NR Pura/ General/ Construction of box drain to VT paulos house and Zevi yakoob house road","04-Jan-2024","01-Aug-2024","500000","Work Completed"
"69","Normal/Others","WS/MP18296/2024-2025/147350-Providing drains and gutters for public drainage","Karnataka","RAICHUR(DEPUTY COMMISSIONER RAICHUR_IDA)","Dr. Syed Naseer Hussain (2024-30) (2024-2030)","Elected MP","Construction of CC Drain and CD","15-Oct-2024","29-Nov-2024","500000","Work partially Completed"
"70","Normal/Others","WS/MP18364/2025-2026/149957-Providing drains and gutters for public drainage","Karnataka","BENGALURU URBAN(DEPUTY COMMISSIONER BANGALORE URBAN_IDA)","Shri Narayanasa K. Bhandage (2024-30) (2024-2030)","Elected MP","C.C.Drain Development work.","04-Nov-2024","21-Jun-2025","499643","Physical Inspection"
"71","Normal/Others","WS/MP18364/2025-2026/149959-Providing drains and gutters for public drainage","Karnataka","BENGALURU URBAN(DEPUTY COMMISSIONER BANGALORE URBAN_IDA)","Shri Narayanasa K. Bhandage (2024-30) (2024-2030)","Elected MP","C.C.Drain Development work.","04-Nov-2024","21-Jun-2025","499643","Physical Inspection"
"72","Normal/Others","WS/MP18364/2025-2026/149970-Providing drains and gutters for public drainage","Karnataka","BENGALURU URBAN(DEPUTY COMMISSIONER BANGALORE URBAN_IDA)","Shri Narayanasa K. Bhandage (2024-30) (2024-2030)","Elected MP","C.C.Drain Development work.","04-Nov-2024","21-Jun-2025","499643","Physical Inspection"
"73","Normal/Others","WS/MP18364/2025-2026/149971-Providing drains and gutters for public drainage","Karnataka","BENGALURU URBAN(DEPUTY COMMISSIONER BANGALORE URBAN_IDA)","Shri Narayanasa K. Bhandage (2024-30) (2024-2030)","Elected MP","C.C.Drain Development work.","04-Nov-2024","21-Jun-2025","499643","Physical Inspection"
"74","Normal/Others","WS/MP18364/2024-2025/149994-Providing drains and gutters for public drainage","Karnataka","BENGALURU URBAN(DEPUTY COMMISSIONER BANGALORE URBAN_IDA)","Shri Narayanasa K. Bhandage (2024-30) (2024-2030)","Elected MP","C.C.Drain Development work.","04-Nov-2024","17-Mar-2025","499429","Physical Inspection"
"75","Normal/Others","WS/MP086/2025-2026/170927-Providing drains and gutters for public drainage","Karnataka","BENGALURU URBAN(DEPUTY COMMISSIONER BANGALORE URBAN_IDA)","Shri G.C. Chandrashekhar (2024-30) (2024-2030)","Elected MP","construction of concrete drainage system at H hosahalli village, Hennagara grama panchayat, Anekal Taluk, Jigani Hobali","31-Jan-2025","21-Jun-2025","499595","Physical Inspection"
"76","Normal/Others","WS/MP086/2025-2026/172336-Providing drains and gutters for public drainage","Karnataka","HASSAN(DEPUTY COMMISSIONER HASSAN_IDA)","Shri G.C. Chandrashekhar (2024-30) (2024-2030)","Elected MP","Development of Concrete drainage from Pundu house to Masale Puttegowda house at Belavadi Grama, Doddamagge Hobali, Arakalagud Taluk, Hassan District","04-Feb-2025","29-Dec-2025","500000","Work partially Completed"
"77","Normal/Others","WS/MP833/2025-2026/178227-Providing drains and gutters for public drainage","Karnataka","CHIKKAMAGALURU(DEPUTY COMMISSIONER CHIKMAGALUR)","Shri Jairam Ramesh (2022-28) (2022-2028)","Elected MP","Construction of C C Drain at Chikkattur village of Siddrahalli Village Panchayath Tarikere Tq","28-Feb-2025","16-Sep-2025","500000","Work partially Completed"
"78","Normal/Others","WS/MP833/2025-2026/178229-Providing drains and gutters for public drainage","Karnataka","CHIKKAMAGALURU(DEPUTY COMMISSIONER CHIKMAGALUR)","Shri Jairam Ramesh (2022-28) (2022-2028)","Elected MP","Development of Drain at Krishnapura Village (Gunjalakatte) Udeva V P. Limit Tarikere Tq","28-Feb-2025","16-Sep-2025","1000000","Work partially Completed"
"79","Normal/Others","WS/MP833/2025-2026/178232-Providing drains and gutters for public drainage","Karnataka","CHIKKAMAGALURU(DEPUTY COMMISSIONER CHIKMAGALUR)","Shri Jairam Ramesh (2022-28) (2022-2028)","Elected MP","Construction of CC drain Yerebailu ovillage Malalichinnenahally    V.P. Limit Tarikere Tq","28-Feb-2025","16-Sep-2025","1000000","Work partially Completed"
"80","Normal/Others","WS/MP833/2025-2026/178233-Providing drains and gutters for public drainage","Karnataka","CHIKKAMAGALURU(DEPUTY COMMISSIONER CHIKMAGALUR)","Shri Jairam Ramesh (2022-28) (2022-2028)","Elected MP","Construction of CC Drain of Near Gas Rajanna House at Pampamahakavi Road of  Tarikere Municipal Limit","28-Feb-2025","15-Oct-2025","1000000","Work partially Completed"
"81","Normal/Others","WS/MP086/2025-2026/227360-Providing drains and gutters for public drainage","Karnataka","TUMAKURU(DEPUTY COMMISSIONER TUMKUR_IDA)","Shri G.C. Chandrashekhar (2024-30) (2024-2030)","Elected MP","construction of concrete draianage at Tumkur district, Tiptur talluk, kibbanahalli hobali, kottigehalli village from SC gangadharaiayana land to Basavayanna land","16-Aug-2025","05-Nov-2025","500000","Sanction"
"82","Normal/Others","WS/MP086/2025-2026/227366-Providing drains and gutters for public drainage","Karnataka","TUMAKURU(DEPUTY COMMISSIONER TUMKUR_IDA)","Shri G.C. Chandrashekhar (2024-30) (2024-2030)","Elected MP","construction of drainage at tumkur district, tiptur talluk, kibbanahalli hobali, kappalu grama panchayath, kottigehalli village from prasad land to karadalu and kottigehalli road","16-Aug-2025","05-Nov-2025","500000","Sanction"
"83","Normal/Others","WS/MP18296/2025-2026/162099-Construction of public toilets and bathrooms","Karnataka","KAITHAL(DC CUM NODAL OFFICERS MPLADS)","Dr. Syed Naseer Hussain (2024-30) (2024-2030)","Elected MP","Construction of Bathroom and Toilet at Ravidasia Chaupal.","28-Dec-2024","22-Apr-2025","200000","Work Completed"
"84","Normal/Others","WS/MP18296/2025-2026/162100-Construction of public toilets and bathrooms","Karnataka","KAITHAL(DC CUM NODAL OFFICERS MPLADS)","Dr. Syed Naseer Hussain (2024-30) (2024-2030)","Elected MP","Construction of Bathroom and Toilet at Meera Baksh of Padla Village.","28-Dec-2024","22-Apr-2025","200000","Sanction"
"85","Normal/Others","WS/MP18296/2025-2026/162103-Construction of public toilets and bathrooms","Karnataka","KAITHAL(DC CUM NODAL OFFICERS MPLADS)","Dr. Syed Naseer Hussain (2024-30) (2024-2030)","Elected MP","Construction of Bathroom and Toilet at Rajput Patti Chaupal of Padla Village.","28-Dec-2024","22-Apr-2025","200000","Work Completed"
"86","Normal/Others","WS/MP18296/2025-2026/162108-Construction of public toilets and bathrooms","Karnataka","KAITHAL(DC CUM NODAL OFFICERS MPLADS)","Dr. Syed Naseer Hussain (2024-30) (2024-2030)","Elected MP","Construction of Bathroom and Toilet at Mahila Madal Centre of Padla Village.","28-Dec-2024","22-Apr-2025","400000","Work Completed"
"87","Normal/Others","WS/MP18296/2025-2026/162118-Construction of public toilets and bathrooms","Karnataka","KAITHAL(DC CUM NODAL OFFICERS MPLADS)","Dr. Syed Naseer Hussain (2024-30) (2024-2030)","Elected MP","Construction of Bathroom and Toilet at Bhatt Dharmashala.","28-Dec-2024","22-Apr-2025","500000","Sanction"
"88","Normal/Others","WS/MP18296/2025-2026/162752-Construction of public toilets and bathrooms","Karnataka","BALLARI(DEPUTY COMMISSIONER BELLARY_IDA)","Dr. Syed Naseer Hussain (2024-30) (2024-2030)","Elected MP","Providing drinking water and construction of bathroom toilets and compound wall at Government Primary School Prashanth Nagar Ballari","31-Dec-2024","13-Sep-2025","750000","Work partially Completed"
"89","Normal/Others","WS/MP086/2025-2026/166599-Construction of public toilets and bathrooms","Karnataka","KAITHAL(DC CUM NODAL OFFICERS MPLADS)","Shri G.C. Chandrashekhar (2024-30) (2024-2030)","Elected MP","Construction of One room, Toilet and Bathroom of Balmiki Chaupal at Panchayat Land of Khanoda village","20-Jan-2025","22-Apr-2025","500000","Work partially Completed"
"90","Normal/Others","WS/MP086/2025-2026/214287-Construction of public toilets and bathrooms","Karnataka","KAITHAL(DC CUM NODAL OFFICERS MPLADS)","Shri G.C. Chandrashekhar (2024-30) (2024-2030)","Elected MP","Construction of Toilet, Bathroom and Parapet at Gora Patti Chaupal, Village Mundri","03-Jul-2025","14-Jan-2026","380000","Sanction"
"91","Normal/Others","WS/MP086/2025-2026/214298-Construction of public toilets and bathrooms","Karnataka","KAITHAL(DC CUM NODAL OFFICERS MPLADS)","Shri G.C. Chandrashekhar (2024-30) (2024-2030)","Elected MP","Construction of Toilet at Ravi Dasia Chaupal, Village Balwanti","03-Jul-2025","14-Jan-2026","100000","Sanction"
"92","Normal/Others","WS/MP086/2025-2026/214802-Construction of public toilets and bathrooms","Karnataka","KAITHAL(DC CUM NODAL OFFICERS MPLADS)","Shri G.C. Chandrashekhar (2024-30) (2024-2030)","Elected MP","Construction toilet and bathroom at Ravi Dasia Chaupal, Bhayankar Patti, Village Keorak","04-Jul-2025","14-Jan-2026","250000","Sanction"
"93","Normal/Others","WS/MP18364/2025-2026/175971-Construction of flood control embankments/ protection walls along riverbanks, hilltops, roadsides","Karnataka","Pakyong(DISTRICT COLLECTOR PAKYONG_IDA)","Shri Narayanasa K. Bhandage (2024-30) (2024-2030)","Elected MP","Construction of Flood Control Embankments at Amba-Mamring Road, Near Mamring Sr.Sec School, Rhenock Assembly constituency of Pakyong District, of Sikkim state.","17-Feb-2025","28-May-2025","2500000","Physical Inspection"
"94","Normal/Others","WS/MP18364/2025-2026/219968-Construction of flood control embankments/ protection walls along riverbanks, hilltops, roadsides","Karnataka","Pakyong(DISTRICT COLLECTOR PAKYONG_IDA)","Shri Narayanasa K. Bhandage (2024-30) (2024-2030)","Elected MP","Construction of Flood Control Embankments at Rangpo Khola below Premlakha Village under Pakyong District, Sikkim State.","18-Jul-2025","14-Aug-2025","2500000","Physical Inspection"
"95","Trust and Society","WS/MP18364/2025-2026/153223-Construction of community centers and community halls","Karnataka","DHARWAD(DEPUTY COMMISSIONER DHARWAR_IDA)","Shri Narayanasa K. Bhandage (2024-30) (2024-2030)","Elected MP","Construction of Community Hall.","26-Nov-2024","09-Jun-2025","750000","Vendor Identification"
"96","Normal/Others","WS/MP18364/2025-2026/155261-Construction of community centers and community halls","Karnataka","BAGALKOTE(DEPUTY COMMISSIONER BAGALKOT_IDA)","Shri Narayanasa K. Bhandage (2024-30) (2024-2030)","Elected MP","Construction of Community Hall.","30-Nov-2024","09-Jun-2025","400000","Sanction"
"97","Normal/Others","WS/MP18364/2024-2025/155262-Construction of community centers and community halls","Karnataka","BAGALKOTE(DEPUTY COMMISSIONER BAGALKOT_IDA)","Shri Narayanasa K. Bhandage (2024-30) (2024-2030)","Elected MP","Construction of Community Hall.","30-Nov-2024","10-Mar-2025","299526","Physical Inspection"
"98","Normal/Others","WS/MP086/2024-2025/160671-Construction of community centers and community halls","Karnataka","KAITHAL(DC CUM NODAL OFFICERS MPLADS)","Shri G.C. Chandrashekhar (2024-30) (2024-2030)","Elected MP","Construction of Rooms of Ravidasiya (SC)Community Hall at Street No. - 12, Ward No. - 31, Sirta Road, Kaithal","21-Dec-2024","20-Feb-2025","400000","Sanction"
"99","Normal/Others","WS/MP18296/2025-2026/162095-Construction of community centers and community halls","Karnataka","KAITHAL(DC CUM NODAL OFFICERS MPLADS)","Dr. Syed Naseer Hussain (2024-30) (2024-2030)","Elected MP","Construction of General Chaupal (Community Hall)","28-Dec-2024","22-Apr-2025","1000000","Sanction"
"100","Normal/Others","WS/MP18296/2025-2026/162120-Construction of community centers and community halls","Karnataka","KAITHAL(DC CUM NODAL OFFICERS MPLADS)","Dr. Syed Naseer Hussain (2024-30) (2024-2030)","Elected MP","Construction of Hall and Room at Dharmashala.","28-Dec-2024","22-Apr-2025","950000","Sanction"
"101","Normal/Others","WS/MP18421/2025-2026/162157-Construction of community centers and community halls","Karnataka","KAITHAL(DC CUM NODAL OFFICERS MPLADS)","Shri Ajay Makan (2024-30) (2024-2030)","Elected MP","Construction of Common Chaupal at Panchayat Land of Sher Garh Village","28-Dec-2024","22-Apr-2025","1000000","Work Completed"
"102","Normal/Others","WS/MP18364/2025-2026/166394-Construction of community centers and community halls","Karnataka","BAGALKOTE(DEPUTY COMMISSIONER BAGALKOT_IDA)","Shri Narayanasa K. Bhandage (2024-30) (2024-2030)","Elected MP","Construction of Community Hall.","27-Jan-2025","13-Jun-2025","299766","Physical Inspection"
"103","Trust and Society","WS/MP18364/2025-2026/166584-Construction of community centers and community halls","Karnataka","BAGALKOTE(DEPUTY COMMISSIONER BAGALKOT_IDA)","Shri Narayanasa K. Bhandage (2024-30) (2024-2030)","Elected MP","Construction of Community Hall.","27-Jan-2025","09-Jun-2025","300000","Physical Inspection"
"104","Normal/Others","WS/MP18421/2025-2026/166587-Construction of community centers and community halls","Karnataka","KAITHAL(DC CUM NODAL OFFICERS MPLADS)","Shri Ajay Makan (2024-30) (2024-2030)","Elected MP","Construction of Hall of Kashyap Chaupal at Panchayat Land of Khurana Village","20-Jan-2025","22-Apr-2025","500000","Sanction"
"105","Normal/Others","WS/MP086/2025-2026/166595-Construction of community centers and community halls","Karnataka","KAITHAL(DC CUM NODAL OFFICERS MPLADS)","Shri G.C. Chandrashekhar (2024-30) (2024-2030)","Elected MP","Construction of community wall at Friends Colony, Kaithal","20-Jan-2025","22-Apr-2025","500000","Work Completed"
"106","Normal/Others","WS/MP086/2025-2026/166596-Construction of community centers and community halls","Karnataka","KAITHAL(DC CUM NODAL OFFICERS MPLADS)","Shri G.C. Chandrashekhar (2024-30) (2024-2030)","Elected MP","Construction of hall at first floor and repair work of Panchayati Dharmashala at Singhowai Gali, Dogra Gat, Kaithal","20-Jan-2025","22-Apr-2025","500000","Sanction"
"107","Normal/Others","WS/MP086/2025-2026/166611-Construction of community centers and community halls","Karnataka","KAITHAL(DC CUM NODAL OFFICERS MPLADS)","Shri G.C. Chandrashekhar (2024-30) (2024-2030)","Elected MP","Construction of Boundary wall and gate of Balmiki Chaupal at Panchayat land of Jagdishpura Village","20-Jan-2025","22-Apr-2025","250000","Sanction"
"108","Trust and Society","WS/MP18364/2025-2026/167592-Construction of community centers and community halls","Karnataka","BAGALKOTE(DEPUTY COMMISSIONER BAGALKOT_IDA)","Shri Narayanasa K. Bhandage (2024-30) (2024-2030)","Elected MP","Construction of Community Hall.","12-Feb-2025","21-Jul-2025","299792","Physical Inspection"
"109","Normal/Others","WS/MP086/2025-2026/171389-Construction of community centers and community halls","Karnataka","BENGALURU URBAN(DEPUTY COMMISSIONER BANGALORE URBAN_IDA)","Shri G.C. Chandrashekhar (2024-30) (2024-2030)","Elected MP","Bangalore district, Ward No.145, Construction of MS pipe and Puff roof roping for Hop Coms shop","01-Feb-2025","05-Apr-2025","499046","Physical Inspection"
"110","Normal/Others","WS/MP086/2025-2026/172338-Construction of community centers and community halls","Karnataka","HASSAN(DEPUTY COMMISSIONER HASSAN_IDA)","Shri G.C. Chandrashekhar (2024-30) (2024-2030)","Elected MP","Construction of Samudaya Bhavana at Mallinatha Pura Grama, Ramanathapura Hobali, Arakalagud Taluk, Hassan District.","04-Feb-2025","29-Dec-2025","500000","Work partially Completed"
"111","Trust and Society","WS/MP18364/2025-2026/172647-Construction of community centers and community halls","Karnataka","BAGALKOTE(DEPUTY COMMISSIONER BAGALKOT_IDA)","Shri Narayanasa K. Bhandage (2024-30) (2024-2030)","Elected MP","Consruction of Community Hall.","12-Feb-2025","13-Nov-2025","1000000","Physical Inspection"
"112","Normal/Others","WS/MP18364/2025-2026/177908-Construction of community centers and community halls","Karnataka","BAGALKOTE(DEPUTY COMMISSIONER BAGALKOT_IDA)","Shri Narayanasa K. Bhandage (2024-30) (2024-2030)","Elected MP","Construction of Community Hall.","19-Mar-2025","25-Nov-2025","500000","Work Completed"
"113","Normal/Others","WS/MP18364/2025-2026/183008-Construction of community centers and community halls","Karnataka","BAGALKOTE(DEPUTY COMMISSIONER BAGALKOT_IDA)","Shri Narayanasa K. Bhandage (2024-30) (2024-2030)","Elected MP","Construction of Community Hall.","19-Mar-2025","09-Jan-2026","500000","Work Completed"
"114","Normal/Others","WS/MP833/2025-2026/16089-Construction of community centers and community halls","Karnataka","CHIKKAMAGALURU(DEPUTY COMMISSIONER CHIKMAGALUR)","Shri Jairam Ramesh (2022-28) (2022-2028)","Elected MP","Public community hall at Mathigatta Village of Mathigatta village & panchayath.","04-Sep-2023","16-Feb-2026","2000000","Work partially Completed"
"115","Normal/Others","WS/MP084/2024-2025/24465-Construction of community centers and community halls","Karnataka","CHIKKAMAGALURU(DEPUTY COMMISSIONER CHIKMAGALUR)","Shri Jaggesh (2022-28) (2022-2028)","Elected MP","Construction of Godown for Farmers by  P.A.C.S.Bank, Hariharapura, Koppa Taluk, Chikkamagalur District.","22-Sep-2023","03-Jan-2025","500000","Work partially Completed"
"116","Normal/Others","WS/MP084/2024-2025/38003-Construction of community centers and community halls","Karnataka","BENGALURU URBAN(DEPUTY COMMISSIONER BANGALORE URBAN_IDA)","Shri Jaggesh (2022-28) (2022-2028)","Elected MP","Truss work of community building, Dasanapura Village, Dasanapura Hobli, Bangalore North Taluk, Bangalore Urban.","17-Oct-2023","25-Oct-2024","498150","Physical Inspection"
"117","Normal/Others","WS/MP084/2024-2025/38073-Construction of community centers and community halls","Karnataka","BENGALURU URBAN(DEPUTY COMMISSIONER BANGALORE URBAN_IDA)","Shri Jaggesh (2022-28) (2022-2028)","Elected MP","Construction work of Zinc Sheet Roof of Community Hall.","18-Oct-2023","18-Sep-2024","497100","Physical Inspection"
"118","Normal/Others","WS/MP833/2026-2027/74895-Construction of community centers and community halls","Karnataka","CHIKKAMAGALURU(DEPUTY COMMISSIONER CHIKMAGALUR)","Shri Jairam Ramesh (2022-28) (2022-2028)","Elected MP","Kadur/ SCP/ N.G Koppalu village of Dodda Pattanagere Village Panchayath","04-Jan-2024","15-May-2026","1000000","Work partially Completed"
"119","Normal/Others","WS/MP084/2025-2026/136855-Construction of community centers and community halls","Karnataka","MANDYA(DEPUTY COMMISSIONER MANDYA_IDA)","Shri Jaggesh (2022-28) (2022-2028)","Elected MP","Continuation of construction work of community center ( Ambedkar Bhawan) at Mahadeshwarapura Village, Melkote Hobli, Pandavapura Taluk, Mandya District.","23-Aug-2024","22-Aug-2025","500000","Vendor Identification"
"120","Trust and Society","WS/MP18364/2025-2026/199340-Construction of community centers and community halls","Karnataka","GADAG(Deputy Commsioner Gadag_ida)","Shri Narayanasa K. Bhandage (2024-30) (2024-2030)","Elected MP","Construction of Community Hall.","14-May-2025","05-Jul-2025","450000","Vendor Identification"
"121","Trust and Society","WS/MP18364/2025-2026/199341-Construction of community centers and community halls","Karnataka","GADAG(Deputy Commsioner Gadag_ida)","Shri Narayanasa K. Bhandage (2024-30) (2024-2030)","Elected MP","Construction of Community Hall.","14-May-2025","03-Sep-2025","600000","Vendor Identification"
"122","Trust and Society","WS/MP18364/2025-2026/200092-Construction of community centers and community halls","Karnataka","BAGALKOTE(DEPUTY COMMISSIONER BAGALKOT_IDA)","Shri Narayanasa K. Bhandage (2024-30) (2024-2030)","Elected MP","Construction of community Hall.","19-May-2025","10-Sep-2025","500000","Sanction"
"123","Normal/Others","WS/MP834/2026-2027/204883-Construction of community centers and community halls","Karnataka","DAKSHINA KANNADA(DEPUTY COMMISSIONER DAKSHIN KANNAD MANGALORE_IDA)","Shri Lahar Singh Siroya (2022-28) (2022-2028)","Elected MP","Construction of community hall at Saraswathi School, Hanuman Nagat in Kabada town","29-May-2025","30-Jul-2026","1000000","Sanction"
"124","Normal/Others","WS/MP834/2025-2026/204897-Construction of community centers and community halls","Karnataka","MYSURU(DEPUTY COMMISSIONER MYSORE_IDA)","Shri Lahar Singh Siroya (2022-28) (2022-2028)","Elected MP","Construction of Viveka memorial at Sri Ramakrishna Ashram, yadavagiri,mysuru city","29-May-2025","15-Sep-2025","1500000","Physical Inspection"
"125","Trust and Society","WS/MP18364/2025-2026/208252-Construction of community centers and community halls","Karnataka","BAGALKOTE(DEPUTY COMMISSIONER BAGALKOT_IDA)","Shri Narayanasa K. Bhandage (2024-30) (2024-2030)","Elected MP","Construction of community Hall. At Plot no.240, 241, 242, 257, 258, 259, 264, 265, 267 in Navanagar Unit no.1, Sector No.34, CMC ward no.26 in Bagalkote city.","24-Jun-2025","10-Sep-2025","500000","Sanction"
"126","Normal/Others","WS/MP086/2026-2027/209969-Construction of community centers and community halls","Karnataka","MANDYA(DEPUTY COMMISSIONER MANDYA_IDA)","Shri G.C. Chandrashekhar (2024-30) (2024-2030)","Elected MP","construction of kanaka bhavan at Mandya District,Mandya Talluk, Basaralu Village","18-Jun-2025","22-Jul-2026","500000","Physical Inspection"
"127","Normal/Others","WS/MP086/2025-2026/211373-Construction of community centers and community halls","Karnataka","Bengaluru South(DEPUTY COMMISSIONER RAMANAGARA_IDA)","Shri G.C. Chandrashekhar (2024-30) (2024-2030)","Elected MP","construction of Samudhaya bhavan at Ramnagar District, Bidadi Hobali, Bairamangala Post, Anchipura Colony","23-Jun-2025","06-Nov-2025","500000","Work partially Completed"
"128","Trust and Society","WS/MP18296/2026-2027/226930-Construction of community centers and community halls","Karnataka","BALLARI(DEPUTY COMMISSIONER BELLARY_IDA)","Dr. Syed Naseer Hussain (2024-30) (2024-2030)","Elected MP","Construction of Community Hall at Ballari city Under Bellary District Gollara Sangha (Continued Work)","13-Aug-2025","13-Jul-2026","1500000","Work partially Completed"
"129","Normal/Others","WS/MP086/2025-2026/227349-Construction of community centers and community halls","Karnataka","DHARWAD(DEPUTY COMMISSIONER DHARWAR_IDA)","Shri G.C. Chandrashekhar (2024-30) (2024-2030)","Elected MP","construction of sabha bhavan at dharwad district,dharwad talluk, devarahubli village, asti no 478","16-Aug-2025","20-Aug-2025","800000","Sanction"
"130","Normal/Others","WS/MP086/2025-2026/227609-Construction of community centers and community halls","Karnataka","MANDYA(DEPUTY COMMISSIONER MANDYA_IDA)","Shri G.C. Chandrashekhar (2024-30) (2024-2030)","Elected MP","building construction at Mandya district, Nagamangala talluk, devalapura village, devalapura raitha udpadaka company limited","19-Aug-2025","05-Feb-2026","1000000","Vendor Identification"
"131","Normal/Others","WS/MP18364/2025-2026/229946-Construction of community centers and community halls","Karnataka","BAGALKOTE(DEPUTY COMMISSIONER BAGALKOT_IDA)","Shri Narayanasa K. Bhandage (2024-30) (2024-2030)","Elected MP","Construction of community hall at Property no.138-1 in Hirebadwadagi village of Hunagund taluk.","29-Aug-2025","09-Mar-2026","500000","Work Completed"
"132","Normal/Others","WS/MP18364/2025-2026/229949-Construction of community centers and community halls","Karnataka","BAGALKOTE(DEPUTY COMMISSIONER BAGALKOT_IDA)","Shri Narayanasa K. Bhandage (2024-30) (2024-2030)","Elected MP","Construction of community hall at property no.240-279, ward no.1, in Teradal town, of Rabakavi-Banahatti taluk of Bagalkote district.","29-Aug-2025","25-Nov-2025","500000","Physical Inspection"
"133","Normal/Others","WS/MP18364/2025-2026/229951-Construction of community centers and community halls","Karnataka","BAGALKOTE(DEPUTY COMMISSIONER BAGALKOT_IDA)","Shri Narayanasa K. Bhandage (2024-30) (2024-2030)","Elected MP","Construction of community centers and community hall at Property no.60 in Siddapur village under Siddapur Gram Panchayath limits, of Jamakhandi taluk of Bagalkote district.","29-Aug-2025","25-Nov-2025","500000","Work partially Completed"
"134","Trust and Society","WS/MP18296/2026-2027/230173-Construction of community centers and community halls","Karnataka","BALLARI(DEPUTY COMMISSIONER BELLARY_IDA)","Dr. Syed Naseer Hussain (2024-30) (2024-2030)","Elected MP","Construction of Community Hall","29-Aug-2025","13-Jul-2026","1000000","Work partially Completed"
"135","Normal/Others","WS/MP18364/2025-2026/233118-Construction of community centers and community halls","Karnataka","BAGALKOTE(DEPUTY COMMISSIONER BAGALKOT_IDA)","Shri Narayanasa K. Bhandage (2024-30) (2024-2030)","Elected MP","Construction of Community Hall. At property no.118-1 in Zunjarakoppa village.","10-Oct-2025","18-Dec-2025","400000","Work Completed"
"136","Normal/Others","WS/MP18364/2025-2026/235652-Construction of community centers and community halls","Karnataka","BAGALKOTE(DEPUTY COMMISSIONER BAGALKOT_IDA)","Shri Narayanasa K. Bhandage (2024-30) (2024-2030)","Elected MP","Construction of Community Hall. At Property no.589 in Jalihal village.","10-Oct-2025","08-Jan-2026","600000","Physical Inspection"
"137","Normal/Others","WS/MP18364/2026-2027/248444-Construction of community centers and community halls","Karnataka","BAGALKOTE(DEPUTY COMMISSIONER BAGALKOT_IDA)","Shri Narayanasa K. Bhandage (2024-30) (2024-2030)","Elected MP","Construction of Community Hall. At RTC survey no.531 Hissa-A, plot No.89, CMC ward no.8 in Mudhol city of Mudhol taluk of Bagalkote District.","17-Nov-2025","11-Aug-2026","400000","Work partially Completed"
"138","Normal/Others","WS/MP18364/2025-2026/248834-Construction of community centers and community halls","Karnataka","BAGALKOTE(DEPUTY COMMISSIONER BAGALKOT_IDA)","Shri Narayanasa K. Bhandage (2024-30) (2024-2030)","Elected MP","Construction of Public Community Hall at Property no.303 in Alur L.T. village.","20-Nov-2025","08-Jan-2026","300000","Sanction"
"139","Normal/Others","WS/MP18296/2026-2027/251337-Construction of community centers and community halls","Karnataka","KAITHAL(DC CUM NODAL OFFICERS MPLADS)","Dr. Syed Naseer Hussain (2024-30) (2024-2030)","Elected MP","Construction of a Community Hall with stairs on the first floor at Ramlila Chowk, Guhna Village.","29-Nov-2025","18-Jun-2026","1919000","Sanction"
"140","Normal/Others","WS/MP18296/2025-2026/251340-Construction of community centers and community halls","Karnataka","KAITHAL(DC CUM NODAL OFFICERS MPLADS)","Dr. Syed Naseer Hussain (2024-30) (2024-2030)","Elected MP","Construction of Community Hall.","29-Nov-2025","14-Jan-2026","750000","Sanction"
"141","Normal/Others","WS/MP18364/2026-2027/267096-Construction of community centers and community halls","Karnataka","BAGALKOTE(DEPUTY COMMISSIONER BAGALKOT_IDA)","Shri Narayanasa K. Bhandage (2024-30) (2024-2030)","Elected MP","Construction of Public Community Hall at Hallur village of Bagalkote taluk.","22-Feb-2026","04-Aug-2026","250000","Work partially Completed"
"142","Normal/Others","WS/MP092/2026-2027/305015-Construction of community centers and community halls","Karnataka","Vijayanagara(DEPUTY COMMISSIONER VIJAYANAGARA_IDA)","Smt. Nirmala Sitharaman (2022-28) (2022-2028)","Elected MP","Construction of Vijayanagara District Cultural Center (Rangamandira) at Hospete - Phase 1","18-Aug-2026","18-Aug-2026","20000000","Vendor Identification"
"143","Normal/Others","WS/MP092/2026-2027/305016-Construction of community centers and community halls","Karnataka","Vijayanagara(DEPUTY COMMISSIONER VIJAYANAGARA_IDA)","Smt. Nirmala Sitharaman (2022-28) (2022-2028)","Elected MP","Construction of Vijayanagara District Cultural Center (Rangamandira) at Hospete - Phase 2","18-Aug-2026","18-Aug-2026","20000000","Vendor Identification"
"144","Normal/Others","WS/MP084/2024-2025/146264-Construction of public libraries and reading rooms","Karnataka","DAKSHINA KANNADA(DEPUTY COMMISSIONER DAKSHIN KANNAD MANGALORE_IDA)","Shri Jaggesh (2022-28) (2022-2028)","Elected MP","Construction of School Library Room at D.K.G.P. Government Senior Primary School, Devachalla (Yelimale) Village, Nellur Kemraje Post, Sulya Taluk, Dakshina Kannada District.","08-Oct-2024","18-Feb-2025","500000","Physical Inspection"
"145","Normal/Others","WS/MP084/2025-2026/145828-Construction of community centers and community halls","Karnataka","TUMAKURU(DEPUTY COMMISSIONER TUMKUR_IDA)","Shri Jaggesh (2022-28) (2022-2028)","Elected MP","Construction of Community Hall at Brammasandra Village, Kallambella Hobli, Sira Taluk, Tumkur District.","07-Oct-2024","17-Apr-2025","1000000","Vendor Identification"
"146","Normal/Others","WS/MP18364/2024-2025/146443-Construction of community centers and community halls","Karnataka","BAGALKOTE(DEPUTY COMMISSIONER BAGALKOT_IDA)","Shri Narayanasa K. Bhandage (2024-30) (2024-2030)","Elected MP","Construction of community hall at Property no.669 of Hallur village,  Bagalkote taluk.","10-Oct-2024","10-Dec-2024","499989","Physical Inspection"
"147","Normal/Others","WS/MP18364/2025-2026/147433-Construction of community centers and community halls","Karnataka","BENGALURU URBAN(DEPUTY COMMISSIONER BANGALORE URBAN_IDA)","Shri Narayanasa K. Bhandage (2024-30) (2024-2030)","Elected MP","Construction of Community Hall.","29-Oct-2024","19-Jun-2025","2000000","Physical Inspection"
"148","Normal/Others","WS/MP086/2026-2027/220619-Construction of community centers and community halls","Karnataka","SHIVAMOGGA(DEPUTY COMMISSIONER SHIMOGA_IDA)","Shri G.C. Chandrashekhar (2024-30) (2024-2030)","Elected MP","Construction of Samudhaya Bhavan at the premises of Shivamogga Jilla Okkaligara sangha, Balaraja Aras road, Shivamogga district","21-Jul-2025","19-May-2026","1000000","Vendor Identification"
"149","Normal/Others","WS/MP18364/2025-2026/221359-Construction of community centers and community halls","Karnataka","BAGALKOTE(DEPUTY COMMISSIONER BAGALKOT_IDA)","Shri Narayanasa K. Bhandage (2024-30) (2024-2030)","Elected MP","Construction of communioty Hall in Pattadakallu village of Badami taluk.","11-Aug-2025","08-Jan-2026","500000","Work partially Completed"
"150","Normal/Others","WS/MP834/2026-2027/149093-Construction of public libraries and reading rooms","Karnataka","Bengaluru South(DEPUTY COMMISSIONER RAMANAGARA_IDA)","Shri Lahar Singh Siroya (2022-28) (2022-2028)","Elected MP","construction of digital library building at Pandit Nehru High School premises","23-Oct-2024","30-Jun-2026","500000","Physical Inspection"
"151","Normal/Others","WS/MP086/2025-2026/166610-Crematoriums/energy efficient crematoriums or structures on burial/cremation ground","Karnataka","KAITHAL(DC CUM NODAL OFFICERS MPLADS)","Shri G.C. Chandrashekhar (2024-30) (2024-2030)","Elected MP","Construction of Boundary wall of cremation Centre at Chak Padla Village","20-Jan-2025","22-Apr-2025","250000","Work Completed"
"152","Normal/Others","WS/MP18364/2025-2026/150624-Construction of common work sheds/ common covered sitting area","Karnataka","BENGALURU URBAN(DEPUTY COMMISSIONER BANGALORE URBAN_IDA)","Shri Narayanasa K. Bhandage (2024-30) (2024-2030)","Elected MP","Construction of Truss Work.","04-Nov-2024","03-Apr-2025","499075","Physical Inspection"
"153","Normal/Others","WS/MP086/2025-2026/230880-Construction of common work sheds/ common covered sitting area","Karnataka","KAITHAL(DC CUM NODAL OFFICERS MPLADS)","Shri G.C. Chandrashekhar (2024-30) (2024-2030)","Elected MP","construction of common public shed at Guhna village, District Kaithal","02-Sep-2025","14-Jan-2026","1200000","Sanction"
"154","Normal/Others","WS/MP086/2025-2026/230921-Construction of common work sheds/ common covered sitting area","Karnataka","KAITHAL(DC CUM NODAL OFFICERS MPLADS)","Shri G.C. Chandrashekhar (2024-30) (2024-2030)","Elected MP","Construction of Public Shed at Cremation Ground at Jagdishpura Village, Kaithal District","02-Sep-2025","14-Jan-2026","350000","Physical Inspection"
"155","Normal/Others","WS/MP18296/2025-2026/251338-Construction of common work sheds/ common covered sitting area","Karnataka","KAITHAL(DC CUM NODAL OFFICERS MPLADS)","Dr. Syed Naseer Hussain (2024-30) (2024-2030)","Elected MP","Construction of a Public Shed.","29-Nov-2025","14-Jan-2026","200000","Sanction"
"156","Normal/Others","WS/MP18296/2025-2026/162117-Construction of additional rooms and halls in the existing public and community building","Karnataka","KAITHAL(DC CUM NODAL OFFICERS MPLADS)","Dr. Syed Naseer Hussain (2024-30) (2024-2030)","Elected MP","Construction of hall at Ravidasia Dharmashala.","28-Dec-2024","22-Apr-2025","600000","Vendor Identification"
"157","Normal/Others","WS/MP18296/2025-2026/162121-Construction of additional rooms and halls in the existing public and community building","Karnataka","KAITHAL(DC CUM NODAL OFFICERS MPLADS)","Dr. Syed Naseer Hussain (2024-30) (2024-2030)","Elected MP","Construction of one room at Ravidasia Dharmashala.","28-Dec-2024","22-Apr-2025","400000","Sanction"
"158","Normal/Others","WS/MP18421/2025-2026/166592-Construction of additional rooms and halls in the existing public and community building","Karnataka","KAITHAL(DC CUM NODAL OFFICERS MPLADS)","Shri Ajay Makan (2024-30) (2024-2030)","Elected MP","Construction of One Room, Toilet and Bathroom at Parshuram Dharmshala of Sanghan Village.","20-Jan-2025","22-Apr-2025","500000","Work partially Completed"
"159","Normal/Others","WS/MP084/2025-2026/193058-Construction of additional rooms and halls in the existing public and community building","Karnataka","TUMAKURU(DEPUTY COMMISSIONER TUMKUR_IDA)","Shri Jaggesh (2022-28) (2022-2028)","Elected MP","Construction of building at Sri Madava vidya Mandira, Higher Primary School, Bhavani Nagar, Sira, Sira Taluk, Tumakuru District, Karnataka.","21-Apr-2025","04-Jan-2026","1000000","Vendor Identification"
"160","Normal/Others","WS/MP18296/2026-2027/251336-Construction of additional rooms and halls in the existing public and community building","Karnataka","KAITHAL(DC CUM NODAL OFFICERS MPLADS)","Dr. Syed Naseer Hussain (2024-30) (2024-2030)","Elected MP","Construction of Community Hall and Toilet.","29-Nov-2025","18-Jun-2026","1100000","Sanction"
"161","Normal/Others","WS/MP18296/2025-2026/251339-Construction of additional rooms and halls in the existing public and community building","Karnataka","KAITHAL(DC CUM NODAL OFFICERS MPLADS)","Dr. Syed Naseer Hussain (2024-30) (2024-2030)","Elected MP","Construction of additional room at SC Chaupal","29-Nov-2025","14-Jan-2026","400000","Sanction"
"162","Normal/Others","WS/MP092/2026-2027/275418-Construction of rooms and halls in school and colleges","Karnataka","DAKSHINA KANNADA(DEPUTY COMMISSIONER DAKSHIN KANNAD MANGALORE_IDA)","Smt. Nirmala Sitharaman (2022-28) (2022-2028)","Elected MP","Upgrade the infrastructure of Dakshin Kannada Higher Primary School, Borugudde, Tokuru 62 Grama, Jokatte Grama Panchayat, Dakshina Kannada","23-Mar-2026","01-Aug-2026","1500000","Sanction"
"163","Normal/Others","WS/MP092/2026-2027/275432-Construction of rooms and halls in school and colleges","Karnataka","UDUPI(DEPUTY COMMISSIONER UDUPI_IDA)","Smt. Nirmala Sitharaman (2022-28) (2022-2028)","Elected MP","Construction of Classroom at Govt Higher Primary School, Heroor, Udupi","23-Mar-2026","05-Aug-2026","1000000","Sanction"
"164","Normal/Others","WS/MP092/2026-2027/275433-Construction of rooms and halls in school and colleges","Karnataka","UDUPI(DEPUTY COMMISSIONER UDUPI_IDA)","Smt. Nirmala Sitharaman (2022-28) (2022-2028)","Elected MP","Construction of Classrooms at Belmannu PU College, Karkala, Udupi","23-Mar-2026","05-Aug-2026","2000000","Sanction"
"165","Normal/Others","WS/MP086/2026-2027/278894-Construction of rooms and halls in school and colleges","Karnataka","BENGALURU URBAN(DEPUTY COMMISSIONER BANGALORE URBAN_IDA)","Shri G.C. Chandrashekhar (2024-30) (2024-2030)","Elected MP","Development of college at Bangalore BTM layout, jakkasandra ward no 173, Government Higher primary school and work to be undertaken by Executive Engineer-3, KRIDL","23-Apr-2026","14-Jul-2026","4500000","Work partially Completed"
"166","Repair and Renovation","WS/MP086/2026-2027/278895-Construction of rooms and halls in school and colleges","Karnataka","BENGALURU URBAN(DEPUTY COMMISSIONER BANGALORE URBAN_IDA)","Shri G.C. Chandrashekhar (2024-30) (2024-2030)","Elected MP","Development of Essentials at Bangalore District, BTM layout constituency, Rajendranagar GOvernment Junior Primary School","23-Apr-2026","19-Aug-2026","500000","Sanction"
"167","Normal/Others","WS/MP086/2026-2027/278896-Construction of rooms and halls in school and colleges","Karnataka","BENGALURU URBAN(DEPUTY COMMISSIONER BANGALORE URBAN_IDA)","Shri G.C. Chandrashekhar (2024-30) (2024-2030)","Elected MP","Developmental work in Bangalore District, BTM layout Constituency, Rajendranagar government Lower primary school","23-Apr-2026","01-Aug-2026","500000","Sanction"
"168","Normal/Others","WS/MP092/2026-2027/281911-Construction of rooms and halls in school and colleges","Karnataka","Davanagere(DEPUTY COMMISSIONER DAUANAGERE_IDA)","Smt. Nirmala Sitharaman (2022-28) (2022-2028)","Elected MP","Repair Work of Government Higher Primary School in Sarathi Village at Harihara Taluk","19-May-2026","24-Jul-2026","4500000","Sanction"
"169","Normal/Others","WS/MP084/2025-2026/135314-Construction of toilet blocks","Karnataka","TUMAKURU(DEPUTY COMMISSIONER TUMKUR_IDA)","Shri Jaggesh (2022-28) (2022-2028)","Elected MP","Construction of Toilet blocks at Government aided Siddeshwarswamy Vidhya Peeta School,Chennakeshavapura, Hariharapura village, Nidagal Hobli, Pavagada Taluk, Tumakuru District.","10-Aug-2024","30-Aug-2025","495000","Physical Inspection"
"170","Normal/Others","WS/MP084/2025-2026/135315-Construction of toilet blocks","Karnataka","TUMAKURU(DEPUTY COMMISSIONER TUMKUR_IDA)","Shri Jaggesh (2022-28) (2022-2028)","Elected MP","Providing water and sewer Pipeline to Toilet blocks and other developmental work at Government aided Siddeshwarswamy Vidhya Peeta School,Chennakeshavapura, Hariharapura village, Nidagal Hobli, Pavagada Taluk, Tumakuru District.","10-Aug-2024","30-Aug-2025","495000","Physical Inspection"
"171","Normal/Others","WS/MP18364/2025-2026/200419-Purchase of IT systems, including hardware and software for educational purposes","Karnataka","BAGALKOTE(DEPUTY COMMISSIONER BAGALKOT_IDA)","Shri Narayanasa K. Bhandage (2024-30) (2024-2030)","Elected MP","Purchase of IT systems, including hardware and software for educational purposes to government school.","19-May-2025","10-Sep-2025","475000","Vendor Identification"
"172","Normal/Others","WS/MP834/2026-2027/230374-Development of playground","Karnataka","BENGALURU URBAN(DEPUTY COMMISSIONER BANGALORE URBAN_IDA)","Shri Lahar Singh Siroya (2022-28) (2022-2028)","Elected MP","COnstruction of Compound wall at GOvt Model Primary School, Sy No 156, Harinagara,KOthanur villaage, Bangalore SOuth","30-Aug-2025","02-Jul-2026","2500000","Work partially Completed"
"173","Normal/Others","WS/MP18364/2024-2025/163814-Construction of boundary walls of existing public and community buildings","Karnataka","Pakyong(DISTRICT COLLECTOR PAKYONG_IDA)","Shri Narayanasa K. Bhandage (2024-30) (2024-2030)","Elected MP","Construction of Boundary wall between Government Sanskrit Mahavidyalaya and PWD Road, at Lapthang ward, under Linkey-Parkha (GPU) of Pakyong District.","07-Jan-2025","20-Mar-2025","2500000","Physical Inspection"
"174","Normal/Others","WS/MP086/2025-2026/171396-Construction of boundary walls of existing public and community buildings","Karnataka","BENGALURU URBAN(DEPUTY COMMISSIONER BANGALORE URBAN_IDA)","Shri G.C. Chandrashekhar (2024-30) (2024-2030)","Elected MP","Bangalore District, BTM constituency, KSRP 3 Betalian, Jakkasandra, Providing additional facilities to the existing community building","01-Feb-2025","05-Apr-2025","499650","Physical Inspection"
"175","Normal/Others","WS/MP086/2025-2026/214777-Construction of boundary walls of existing public and community buildings","Karnataka","KAITHAL(DC CUM NODAL OFFICERS MPLADS)","Shri G.C. Chandrashekhar (2024-30) (2024-2030)","Elected MP","Construction of Boundary wall of Brahmin Chaupal at village Nawach","04-Jul-2025","14-Jan-2026","700000","Sanction"
"176","Normal/Others","WS/MP18364/2025-2026/241443-Construction of boundary walls of existing public and community buildings","Karnataka","Pakyong(DISTRICT COLLECTOR PAKYONG_IDA)","Shri Narayanasa K. Bhandage (2024-30) (2024-2030)","Elected MP","Construction of Boundary Wall at Government Junior High School, in Pakyong Bazar village, Pakyong district of Sikkim state.","10-Oct-2025","15-Nov-2025","2500000","Work Completed"
"177","Normal/Others","WS/MP084/2025-2026/133710-Construction of buildings for community cultural activities","Karnataka","BENGALURU URBAN(DEPUTY COMMISSIONER BANGALORE URBAN_IDA)","Shri Jaggesh (2022-28) (2022-2028)","Elected MP","Construction of Building (Rangamandira)for community cultural activities at Hesaraghatta Village, Yelahanka Assembly, Yelahanka Taluk, Bengaluru Urban District.","19-Jul-2024","09-Apr-2025","2499396","Physical Inspection"
"178","Trust and Society","WS/MP18364/2026-2027/150061-Construction of buildings for community cultural activities","Karnataka","DHARWAD(DEPUTY COMMISSIONER DHARWAR_IDA)","Shri Narayanasa K. Bhandage (2024-30) (2024-2030)","Elected MP","Construction of cultural Hall.","04-Nov-2024","02-Apr-2026","500000","Sanction"
"179","Trust and Society","WS/MP18364/2025-2026/172649-Construction of buildings for community cultural activities","Karnataka","BAGALKOTE(DEPUTY COMMISSIONER BAGALKOT_IDA)","Shri Narayanasa K. Bhandage (2024-30) (2024-2030)","Elected MP","Construction of cultural Hall.","12-Feb-2025","06-Sep-2025","300000","Physical Inspection"
"180","Normal/Others","WS/MP084/2025-2026/193033-Construction of buildings for community cultural activities","Karnataka","MANDYA(DEPUTY COMMISSIONER MANDYA_IDA)","Shri Jaggesh (2022-28) (2022-2028)","Elected MP","Construction of community building work at Basaveshwara Grameenabirudhi Trust (R), H.Kodihalli, Kasaba Hobli, Mandya Taluk, Mandya District, Karnataka","21-Apr-2025","22-Aug-2025","500000","Vendor Identification"
"181","Normal/Others","WS/MP084/2025-2026/193655-Construction of buildings for community cultural activities","Karnataka","MYSURU(DEPUTY COMMISSIONER MYSORE_IDA)","Shri Jaggesh (2022-28) (2022-2028)","Elected MP","Construction of Building at Swamy Vivekananda Cultural Yuva Kendra, Shri Ramakrishna Ashrama, Yadavagiri, ward.No.18, Mysore, Mysore District, Karnataka.","22-Apr-2025","26-Nov-2025","1000000","Physical Inspection"
"182","Repair and Renovation","WS/MP18296/2025-2026/199782-Construction of Government office buildings (Post office, Police station, Police chauki, etc.)","Karnataka","BALLARI(DEPUTY COMMISSIONER BELLARY_IDA)","Dr. Syed Naseer Hussain (2024-30) (2024-2030)","Elected MP","Renovation and Repair of Ballari District Government Wakf Bhavan office.","15-May-2025","13-Sep-2025","4100000","Work partially Completed"
"183","Normal/Others","WS/MP18421/2025-2026/188622-Construction of cycle tracks, cycle stand and segregated non-motorized vehicle (NMV) lanes","Karnataka","KAITHAL(DC CUM NODAL OFFICERS MPLADS)","Shri Ajay Makan (2024-30) (2024-2030)","Elected MP","Construction of Pathway (Walking Track) around the village pond at Jaswanti Village.","01-Apr-2025","22-Apr-2025","500000","Work Completed"
"184","Repair and Renovation","WS/MP833/2024-2025/16120-Construction of rooms and halls in school and colleges","Karnataka","CHIKKAMAGALURU(DEPUTY COMMISSIONER CHIKMAGALUR)","Shri Jairam Ramesh (2022-28) (2022-2028)","Elected MP","For the development work at lower Primary Govt. school Ambedkar Nagara.","04-Sep-2023","01-Aug-2024","250000","Work partially Completed"
"185","Normal/Others","WS/MP833/2025-2026/16152-Construction of rooms and halls in school and colleges","Karnataka","CHIKKAMAGALURU(DEPUTY COMMISSIONER CHIKMAGALUR)","Shri Jairam Ramesh (2022-28) (2022-2028)","Elected MP","For construction of Compound wall at Govt first grade college, Kalasa village Panchayath.","04-Sep-2023","29-Aug-2025","1000000","Work Completed"
"186","Normal/Others","WS/MP833/2024-2025/16187-Construction of rooms and halls in school and colleges","Karnataka","CHIKKAMAGALURU(DEPUTY COMMISSIONER CHIKMAGALUR)","Shri Jairam Ramesh (2022-28) (2022-2028)","Elected MP","For construction of Compound wall at Govt PUcollege Mutthinakoppa","04-Sep-2023","01-Aug-2024","1000000","Work partially Completed"
"187","Normal/Others","WS/MP084/2024-2025/38002-Construction of rooms and halls in school and colleges","Karnataka","BENGALURU URBAN(DEPUTY COMMISSIONER BANGALORE URBAN_IDA)","Shri Jaggesh (2022-28) (2022-2028)","Elected MP","Construction of room in Basava Residential School, Huskuru Village, Bangalore North Taluk, Bangalore Urban.","17-Oct-2023","23-Dec-2024","497300","Physical Inspection"
"188","Normal/Others","WS/MP084/2024-2025/38072-Construction of rooms and halls in school and colleges","Karnataka","BENGALURU URBAN(DEPUTY COMMISSIONER BANGALORE URBAN_IDA)","Shri Jaggesh (2022-28) (2022-2028)","Elected MP","Construction work of Room-2, Basava Residential High School, Huskuru village, Bangalore North Taluk, Bangalore Urban","18-Oct-2023","18-Sep-2024","496560","Physical Inspection"
"189","Normal/Others","WS/MP086/2024-2025/152809-Construction of rooms and halls in school and colleges","Karnataka","BENGALURU URBAN(DEPUTY COMMISSIONER BANGALORE URBAN_IDA)","Shri G.C. Chandrashekhar (2024-30) (2024-2030)","Elected MP","Continued work of construction of library room VGS Elite International School at Bangalore North Taluk, Nagaruru Village, Dasanpura Hobli, Madnayakanahalli post","16-Nov-2024","07-Jan-2025","1000000","Physical Inspection"
"190","Normal/Others","WS/MP18296/2025-2026/155198-Construction of rooms and halls in school and colleges","Karnataka","BALLARI(DEPUTY COMMISSIONER BELLARY_IDA)","Dr. Syed Naseer Hussain (2024-30) (2024-2030)","Elected MP","Construction of Meeting Hall above the Library at SC ST Girls Hostel","26-Nov-2024","13-Sep-2025","1150000","Work partially Completed"
"191","Normal/Others","WS/MP18296/2025-2026/162735-Construction of rooms and halls in school and colleges","Karnataka","BALLARI(DEPUTY COMMISSIONER BELLARY_IDA)","Dr. Syed Naseer Hussain (2024-30) (2024-2030)","Elected MP","Construction of Additional Class rooms at Kenchappa Govt. School","31-Dec-2024","13-Sep-2025","1850000","Work partially Completed"
"192","Repair and Renovation","WS/MP18364/2025-2026/178645-Construction of rooms and halls in school and colleges","Karnataka","BAGALKOTE(DEPUTY COMMISSIONER BAGALKOT_IDA)","Shri Narayanasa K. Bhandage (2024-30) (2024-2030)","Elected MP","Repair and Renovation work of Government Model Primary School building.","19-Mar-2025","16-Jun-2025","300000","Physical Inspection"
"193","Repair and Renovation","WS/MP18364/2025-2026/190509-Construction of rooms and halls in school and colleges","Karnataka","BAGALKOTE(DEPUTY COMMISSIONER BAGALKOT_IDA)","Shri Narayanasa K. Bhandage (2024-30) (2024-2030)","Elected MP","Repair and Renovation work of Government Model Primary School.","11-Apr-2025","16-Jun-2025","250000","Physical Inspection"
"194","Repair and Renovation","WS/MP18364/2025-2026/190512-Construction of rooms and halls in school and colleges","Karnataka","BAGALKOTE(DEPUTY COMMISSIONER BAGALKOT_IDA)","Shri Narayanasa K. Bhandage (2024-30) (2024-2030)","Elected MP","Repair and Renovation work of Government Higher Primary School.","11-Apr-2025","09-Jun-2025","350000","Physical Inspection"
"195","Trust and Society","WS/MP18364/2025-2026/195531-Construction of rooms and halls in school and colleges","Karnataka","BAGALKOTE(DEPUTY COMMISSIONER BAGALKOT_IDA)","Shri Narayanasa K. Bhandage (2024-30) (2024-2030)","Elected MP","Construction of School Rooms.","05-May-2025","09-Jun-2025","600000","Physical Inspection"
"196","Normal/Others","WS/MP086/2025-2026/209971-Purchase of smart boards, visual display units and projectors","Karnataka","BENGALURU URBAN(DEPUTY COMMISSIONER BANGALORE URBAN_IDA)","Shri G.C. Chandrashekhar (2024-30) (2024-2030)","Elected MP","construction of Smart TV for government higher primary school, at ward no.148, ejipura, Bangalore BTM vidhanasabha constituency","18-Jun-2025","16-Dec-2025","498999","Physical Inspection"
"197","Normal/Others","WS/MP086/2025-2026/209975-Purchase of smart boards, visual display units and projectors","Karnataka","BENGALURU URBAN(DEPUTY COMMISSIONER BANGALORE URBAN_IDA)","Shri G.C. Chandrashekhar (2024-30) (2024-2030)","Elected MP","installation of smart TV at ward No. 145, Bangalore chikkapete vidhansabha constituency","18-Jun-2025","19-Dec-2025","498999","Physical Inspection"
"198","Repair and Renovation","WS/MP18421/2026-2027/223550-Construction of rooms and halls in school and colleges","Karnataka","CHIKKAMAGALURU(DEPUTY COMMISSIONER CHIKMAGALUR)","Shri Ajay Makan (2024-30) (2024-2030)","Elected MP","Construction of rooms and provide basic infrastructure to Government Higher Primary School.","01-Aug-2025","01-Sep-2026","5000000","Sanction"
"199","Repair and Renovation","WS/MP18421/2026-2027/225730-Construction of rooms and halls in school and colleges","Karnataka","CHIKKAMAGALURU(DEPUTY COMMISSIONER CHIKMAGALUR)","Shri Ajay Makan (2024-30) (2024-2030)","Elected MP","Construction of Rooms and Provide Basic Infrastructure to Government Higher Primary School","07-Aug-2025","15-May-2026","5000000","Work partially Completed"
"200","Normal/Others","WS/MP18421/2026-2027/225847-Construction of rooms and halls in school and colleges","Karnataka","CHIKKAMAGALURU(DEPUTY COMMISSIONER CHIKMAGALUR)","Shri Ajay Makan (2024-30) (2024-2030)","Elected MP","Construction of New Urdu Higher Primary School Building","14-Nov-2025","01-Sep-2026","2500000","Sanction"
"201","Normal/Others","WS/MP18421/2026-2027/225848-Construction of rooms and halls in school and colleges","Karnataka","CHIKKAMAGALURU(DEPUTY COMMISSIONER CHIKMAGALUR)","Shri Ajay Makan (2024-30) (2024-2030)","Elected MP","Construction of New Urdu Higher Primary School Building","14-Nov-2025","01-Sep-2026","2500000","Sanction"
"202","Normal/Others","WS/MP18421/2026-2027/225855-Construction of rooms and halls in school and colleges","Karnataka","CHIKKAMAGALURU(DEPUTY COMMISSIONER CHIKMAGALUR)","Shri Ajay Makan (2024-30) (2024-2030)","Elected MP","Construction of New Girls Higher Primary School Building","14-Nov-2025","01-Sep-2026","2500000","Sanction"
"203","Normal/Others","WS/MP833/2025-2026/234923-Construction of rooms and halls in school and colleges","Karnataka","HAVERI(DEPUTY COMMISSIONER HAVERI_IDA)","Shri Jairam Ramesh (2022-28) (2022-2028)","Elected MP","Construction of New Government Higher Primary School Building","19-Sep-2025","12-Dec-2025","1300000","Vendor Identification"
"204","Normal/Others","WS/MP833/2025-2026/234924-Construction of rooms and halls in school and colleges","Karnataka","HAVERI(DEPUTY COMMISSIONER HAVERI_IDA)","Shri Jairam Ramesh (2022-28) (2022-2028)","Elected MP","Construction of New Government Higher Primary School Building","19-Sep-2025","12-Dec-2025","1300000","Vendor Identification"
"205","Normal/Others","WS/MP833/2025-2026/234925-Construction of rooms and halls in school and colleges","Karnataka","HAVERI(DEPUTY COMMISSIONER HAVERI_IDA)","Shri Jairam Ramesh (2022-28) (2022-2028)","Elected MP","Construction of New Government Higher Primary Urdu School Building","19-Sep-2025","12-Dec-2025","1300000","Vendor Identification"
"206","Normal/Others","WS/MP833/2025-2026/234926-Construction of rooms and halls in school and colleges","Karnataka","HAVERI(DEPUTY COMMISSIONER HAVERI_IDA)","Shri Jairam Ramesh (2022-28) (2022-2028)","Elected MP","Construction of New Government Higher Primary School Building","19-Sep-2025","12-Dec-2025","1200000","Vendor Identification"
"207","Normal/Others","WS/MP833/2025-2026/235091-Construction of rooms and halls in school and colleges","Karnataka","HAVERI(DEPUTY COMMISSIONER HAVERI_IDA)","Shri Jairam Ramesh (2022-28) (2022-2028)","Elected MP","Hosavirapur Village Hirekeruru Taluku, Haveri District","19-Sep-2025","12-Dec-2025","1300000","Vendor Identification"
"208","Normal/Others","WS/MP833/2025-2026/235092-Construction of rooms and halls in school and colleges","Karnataka","HAVERI(DEPUTY COMMISSIONER HAVERI_IDA)","Shri Jairam Ramesh (2022-28) (2022-2028)","Elected MP","Rattihalli Taluku, Haveri District","19-Sep-2025","12-Dec-2025","1200000","Vendor Identification"
"209","Normal/Others","WS/MP833/2025-2026/235104-Construction of rooms and halls in school and colleges","Karnataka","HAVERI(DEPUTY COMMISSIONER HAVERI_IDA)","Shri Jairam Ramesh (2022-28) (2022-2028)","Elected MP","Batthikoppa Village Rattihalli Taluku","19-Sep-2025","12-Dec-2025","1200000","Vendor Identification"
"210","Normal/Others","WS/MP833/2025-2026/235110-Construction of rooms and halls in school and colleges","Karnataka","HAVERI(DEPUTY COMMISSIONER HAVERI_IDA)","Shri Jairam Ramesh (2022-28) (2022-2028)","Elected MP","Varaha Plat-1, Hirekeruru Taluku, Haveri","19-Sep-2025","12-Dec-2025","1200000","Vendor Identification"
"211","Repair and Renovation","WS/MP18364/2025-2026/200413-Construction of rooms and halls in school and colleges","Karnataka","BAGALKOTE(DEPUTY COMMISSIONER BAGALKOT_IDA)","Shri Narayanasa K. Bhandage (2024-30) (2024-2030)","Elected MP","Repair and renovation work of government school building.","19-May-2025","14-Nov-2025","1400000","Work partially Completed"
"212","Repair and Renovation","WS/MP18364/2025-2026/200415-Construction of rooms and halls in school and colleges","Karnataka","BAGALKOTE(DEPUTY COMMISSIONER BAGALKOT_IDA)","Shri Narayanasa K. Bhandage (2024-30) (2024-2030)","Elected MP","Repair and renovation work of government school building.","19-May-2025","10-Sep-2025","800000","Work partially Completed"
"213","Repair and Renovation","WS/MP18364/2025-2026/200423-Construction of rooms and halls in school and colleges","Karnataka","BAGALKOTE(DEPUTY COMMISSIONER BAGALKOT_IDA)","Shri Narayanasa K. Bhandage (2024-30) (2024-2030)","Elected MP","Repair and renovation work of government school building.","03-Jun-2025","13-Nov-2025","100000","Vendor Identification"
"214","Normal/Others","WS/MP833/2024-2025/16123-Purchase of training equipment","Karnataka","CHIKKAMAGALURU(DEPUTY COMMISSIONER CHIKMAGALUR)","Shri Jairam Ramesh (2022-28) (2022-2028)","Elected MP","To buy equipments For Sri Tungabadra education Instistution (R) (SCP. )","04-Sep-2023","01-Aug-2024","1000000","Work partially Completed"
"215","Normal/Others","WS/MP092/2024-2025/141524-Setting up of laboratories","Karnataka","DHARWAD(DEPUTY COMMISSIONER DHARWAR_IDA)","Smt. Nirmala Sitharaman (2022-28) (2022-2028)","Elected MP","SETTING UP OF BIONEST - BIO - INCUBATION CENTRE AT IIT DHARWAD","18-Sep-2024","20-Jan-2025","31900000","Physical Inspection"
"216","Normal/Others","WS/MP092/2025-2026/164729-Setting up of farmers’ training and assistance centers","Karnataka","RAICHUR(DEPUTY COMMISSIONER RAICHUR_IDA)","Smt. Nirmala Sitharaman (2022-28) (2022-2028)","Elected MP","Setting up of Farmers training center and common facility center for Agro processing through NABARD","10-Jan-2025","15-Sep-2025","4786000","Work Completed"
"217","Normal/Others","WS/MP092/2025-2026/164730-Setting up of farmers’ training and assistance centers","Karnataka","KOPPAL(DEPUTY COMMISSIONER KOPPAL_IDA)","Smt. Nirmala Sitharaman (2022-28) (2022-2028)","Elected MP","Setting up of Farmers Training Center and Common Facility Center for agro processing through NABARD","10-Jan-2025","19-Feb-2026","5000000","Work Completed"
"218","Normal/Others","WS/MP092/2025-2026/164731-Setting up of farmers’ training and assistance centers","Karnataka","Vijayanagara(DEPUTY COMMISSIONER VIJAYANAGARA_IDA)","Smt. Nirmala Sitharaman (2022-28) (2022-2028)","Elected MP","Setting up of Farmers Training Center and Common Facility Center for agro processing","10-Jan-2025","28-Jan-2026","5000000","Work Completed"
"219","Normal/Others","WS/MP092/2025-2026/164733-Setting up of farmers’ training and assistance centers","Karnataka","KALABURAGI(DEPUTY COMMISSIONER GULBARGA_IDA)","Smt. Nirmala Sitharaman (2022-28) (2022-2028)","Elected MP","Setting up of Farmers Training Center and Common Facility Center for agro processing","10-Jan-2025","02-Jan-2026","5000000","Work Completed"
"220","Normal/Others","WS/MP092/2025-2026/164734-Setting up of farmers’ training and assistance centers","Karnataka","YADGIR(Deputy Commsioner Yadgir_ida)","Smt. Nirmala Sitharaman (2022-28) (2022-2028)","Elected MP","Setting up of Farmers Training Center and Common Facility Center for agro processing","10-Jan-2025","12-Sep-2025","5000000","Work Completed"
"221","Normal/Others","WS/MP092/2025-2026/164735-Setting up of farmers’ training and assistance centers","Karnataka","BIDAR(DEPUTY COMMISSIONER BIDAR_IDA)","Smt. Nirmala Sitharaman (2022-28) (2022-2028)","Elected MP","Setting up of Farmers Training Center and Common Facility Center for agro processing","10-Jan-2025","20-Aug-2025","5000000","Work Completed"
"222","Normal/Others","WS/MP833/2025-2026/178271-Setting up of farmers’ training and assistance centers","Karnataka","CHIKKAMAGALURU(DEPUTY COMMISSIONER CHIKMAGALUR)","Shri Jairam Ramesh (2022-28) (2022-2028)","Elected MP","At Halanduru Village  Manase Village  Panchayath Limit of    Sringeri Tq","28-Feb-2025","06-Jan-2026","1000000","Work partially Completed"
"223","Normal/Others","WS/MP092/2025-2026/259247-Setting up of farmers’ training and assistance centers","Karnataka","BALLARI(DEPUTY COMMISSIONER BELLARY_IDA)","Smt. Nirmala Sitharaman (2022-28) (2022-2028)","Elected MP","Setting up of Farmers Training Center and Common Facility Center for Agro Processing","15-Jan-2026","21-Jan-2026","5000000","Work Completed"
"224","Normal/Others","WS/MP833/2024-2025/16095-Construction of roads, link roads, pathways or any other road with or without drainage system","Karnataka","CHIKKAMAGALURU(DEPUTY COMMISSIONER CHIKMAGALUR)","Shri Jairam Ramesh (2022-28) (2022-2028)","Elected MP","Road development at Ashraya badavane at Tarikere Town.(SCP)","04-Sep-2023","21-Jun-2024","2500000","Physical Inspection"
"225","Normal/Others","WS/MP833/2023-2024/16098-Construction of roads, link roads, pathways or any other road with or without drainage system","Karnataka","CHIKKAMAGALURU(DEPUTY COMMISSIONER CHIKMAGALUR)","Shri Jairam Ramesh (2022-28) (2022-2028)","Elected MP","Construction OF Concrete road From New Kabarstan (Indavara V.P) to Naraganahalli connecting Road.","04-Sep-2023","13-Mar-2024","3000000","Physical Inspection"
"226","Normal/Others","WS/MP833/2025-2026/16125-Construction of roads, link roads, pathways or any other road with or without drainage system","Karnataka","CHIKKAMAGALURU(DEPUTY COMMISSIONER CHIKMAGALUR)","Shri Jairam Ramesh (2022-28) (2022-2028)","Elected MP","For development of Concrete road at Samse Bastigadde colony of Samse village & Panchayath. (SCP)","04-Sep-2023","29-Aug-2025","2500000","Work Completed"
"227","Normal/Others","WS/MP833/2024-2025/16126-Construction of roads, link roads, pathways or any other road with or without drainage system","Karnataka","CHIKKAMAGALURU(DEPUTY COMMISSIONER CHIKMAGALUR)","Shri Jairam Ramesh (2022-28) (2022-2028)","Elected MP","For construrtion of Road and Box drain at Ward no.09 from Darga Of J.M road to Opposite road of Hammarabba house.","04-Sep-2023","15-Oct-2024","1000000","Work partially Completed"
"228","Normal/Others","WS/MP833/2024-2025/16128-Construction of roads, link roads, pathways or any other road with or without drainage system","Karnataka","CHIKKAMAGALURU(DEPUTY COMMISSIONER CHIKMAGALUR)","Shri Jairam Ramesh (2022-28) (2022-2028)","Elected MP","For construction of concrete road at Jattigadevarabana road chikkamagaravalli Aldur grama Panchayath.","04-Sep-2023","26-Dec-2024","497985","Physical Inspection"
"229","Normal/Others","WS/MP833/2024-2025/16146-Construction of roads, link roads, pathways or any other road with or without drainage system","Karnataka","CHIKKAMAGALURU(DEPUTY COMMISSIONER CHIKMAGALUR)","Shri Jairam Ramesh (2022-28) (2022-2028)","Elected MP","For construction of concrete road from Main road of Kanivehalli upto dayanandha house of Kanevehalli village to Lakya village panchayath.","04-Sep-2023","05-Jul-2024","800000","Work partially Completed"
"230","Normal/Others","WS/MP833/2024-2025/16147-Construction of roads, link roads, pathways or any other road with or without drainage system","Karnataka","CHIKKAMAGALURU(DEPUTY COMMISSIONER CHIKMAGALUR)","Shri Jairam Ramesh (2022-28) (2022-2028)","Elected MP","Road mettling At Machenhalli Village & Panchyath From Ramesh naik house to Shivappa Naik Land (SCP)","04-Sep-2023","27-Nov-2024","1000000","Work partially Completed"
"231","Normal/Others","WS/MP833/2024-2025/16149-Construction of roads, link roads, pathways or any other road with or without drainage system","Karnataka","CHIKKAMAGALURU(DEPUTY COMMISSIONER CHIKMAGALUR)","Shri Jairam Ramesh (2022-28) (2022-2028)","Elected MP","For construction of CC road at Hosambala SC colony of Sugudavani village Sirvase village Panchayath (SCP).","04-Sep-2023","10-Oct-2024","800000","Work Completed"
"232","Normal/Others","WS/MP833/2024-2025/16150-Construction of roads, link roads, pathways or any other road with or without drainage system","Karnataka","CHIKKAMAGALURU(DEPUTY COMMISSIONER CHIKMAGALUR)","Shri Jairam Ramesh (2022-28) (2022-2028)","Elected MP","For construction of Concrete road at Nagaralu ST colony of Nagaralu village Panchayath.(TSP)","04-Sep-2023","01-Aug-2024","1000000","Sanction"
"233","Normal/Others","WS/MP833/2024-2025/16188-Construction of roads, link roads, pathways or any other road with or without drainage system","Karnataka","CHIKKAMAGALURU(DEPUTY COMMISSIONER CHIKMAGALUR)","Shri Jairam Ramesh (2022-28) (2022-2028)","Elected MP","For construction of concrete road at Post office adjacent road of Magundi village panchayath","04-Sep-2023","05-Nov-2024","1500000","Vendor Identification"
"234","Normal/Others","WS/MP833/2024-2025/16189-Construction of roads, link roads, pathways or any other road with or without drainage system","Karnataka","CHIKKAMAGALURU(DEPUTY COMMISSIONER CHIKMAGALUR)","Shri Jairam Ramesh (2022-28) (2022-2028)","Elected MP","Development of Narasipura road of Bale village Panchayath.","04-Sep-2023","22-Aug-2024","1500000","Physical Inspection"
"235","Normal/Others","WS/MP833/2024-2025/16190-Construction of roads, link roads, pathways or any other road with or without drainage system","Karnataka","CHIKKAMAGALURU(DEPUTY COMMISSIONER CHIKMAGALUR)","Shri Jairam Ramesh (2022-28) (2022-2028)","Elected MP","Development of road work from Sanskrit college to Hosatota connecting road of Menase village and Grama panchayath.","04-Sep-2023","22-Nov-2024","1000000","Work partially Completed"
"236","Normal/Others","WS/MP833/2024-2025/16193-Construction of roads, link roads, pathways or any other road with or without drainage system","Karnataka","CHIKKAMAGALURU(DEPUTY COMMISSIONER CHIKMAGALUR)","Shri Jairam Ramesh (2022-28) (2022-2028)","Elected MP","For Jumma masid road development at kadabagere of Devadana village Panchayath.","04-Sep-2023","07-Aug-2024","700000","Work partially Completed"
"237","Repair and Renovation","WS/MP833/2024-2025/16194-Construction of roads, link roads, pathways or any other road with or without drainage system","Karnataka","CHIKKAMAGALURU(DEPUTY COMMISSIONER CHIKMAGALUR)","Shri Jairam Ramesh (2022-28) (2022-2028)","Elected MP","Development of Kadabagere Saint Paul church Road at Kadabagere village Devadana village Panchayath.","04-Sep-2023","07-Aug-2024","500000","Work partially Completed"
"238","Normal/Others","WS/MP833/2024-2025/16195-Construction of roads, link roads, pathways or any other road with or without drainage system","Karnataka","CHIKKAMAGALURU(DEPUTY COMMISSIONER CHIKMAGALUR)","Shri Jairam Ramesh (2022-28) (2022-2028)","Elected MP","Development of road at Adi koppa SC colony of Bilugola village Narasipura village panchayth.(SCP)","04-Sep-2023","08-Jul-2024","700000","Work partially Completed"
"239","Repair and Renovation","WS/MP833/2024-2025/16196-Construction of roads, link roads, pathways or any other road with or without drainage system","Karnataka","CHIKKAMAGALURU(DEPUTY COMMISSIONER CHIKMAGALUR)","Shri Jairam Ramesh (2022-28) (2022-2028)","Elected MP","For Development of road to residentials house adjacent to Prashamani hospital balagadi koppa town panchayath.","04-Sep-2023","13-Nov-2024","400000","Work partially Completed"
"240","Normal/Others","WS/MP833/2024-2025/16218-Construction of roads, link roads, pathways or any other road with or without drainage system","Karnataka","CHIKKAMAGALURU(DEPUTY COMMISSIONER CHIKMAGALUR)","Shri Jairam Ramesh (2022-28) (2022-2028)","Elected MP","For development of road leading to Chandrappa and others house at kadakere of Kesuve village panchayth","04-Sep-2023","22-Nov-2024","500000","Work partially Completed"
"241","Normal/Others","WS/MP833/2024-2025/16219-Construction of roads, link roads, pathways or any other road with or without drainage system","Karnataka","CHIKKAMAGALURU(DEPUTY COMMISSIONER CHIKMAGALUR)","Shri Jairam Ramesh (2022-28) (2022-2028)","Elected MP","For development of road from Kesagodu to malali at Bilagadhe village Hariharapura hobali.","04-Sep-2023","05-Jul-2024","1000000","Work partially Completed"
"242","Normal/Others","WS/MP833/2024-2025/16239-Construction of roads, link roads, pathways or any other road with or without drainage system","Karnataka","CHIKKAMAGALURU(DEPUTY COMMISSIONER CHIKMAGALUR)","Shri Jairam Ramesh (2022-28) (2022-2028)","Elected MP","For construction of concreate road at Chikkolale Karemane road.","04-Sep-2023","27-Sep-2024","500000","Work Completed"
"243","Normal/Others","WS/MP084/2024-2025/36823-Construction of roads, link roads, pathways or any other road with or without drainage system","Karnataka","Bengaluru South(DEPUTY COMMISSIONER RAMANAGARA_IDA)","Shri Jaggesh (2022-28) (2022-2028)","Elected MP","Repair and strengthening of existing road at Gollahalli Village, Harohalli Hobli, Kanakapura Taluk, Ramanagara District, Karnataka. ( Road towards Hullahalli to Jogi Katte)","14-Oct-2023","24-Sep-2024","500000","Work Completed"
"244","Normal/Others","WS/MP084/2024-2025/37999-Construction of roads, link roads, pathways or any other road with or without drainage system","Karnataka","BENGALURU URBAN(DEPUTY COMMISSIONER BANGALORE URBAN_IDA)","Shri Jaggesh (2022-28) (2022-2028)","Elected MP","CC Road works from Gouramma house to Sonnappa house in Ward.No.6,Hesaraghatta Grama Panchayat, Yelahanka Taluk, Bangalore Urban.","17-Oct-2023","30-Aug-2024","499095","Physical Inspection"
"245","Normal/Others","WS/MP084/2024-2025/38000-Construction of roads, link roads, pathways or any other road with or without drainage system","Karnataka","BENGALURU URBAN(DEPUTY COMMISSIONER BANGALORE URBAN_IDA)","Shri Jaggesh (2022-28) (2022-2028)","Elected MP","CC road works near Mangala House in Rajanukunte Village, Rajanukunte Grama Panchayat, Yelahanka Taluk, Bangalore Urban.","17-Oct-2023","30-Aug-2024","499096","Physical Inspection"
"246","Normal/Others","WS/MP084/2024-2025/38074-Construction of roads, link roads, pathways or any other road with or without drainage system","Karnataka","BENGALURU URBAN(DEPUTY COMMISSIONER BANGALORE URBAN_IDA)","Shri Jaggesh (2022-28) (2022-2028)","Elected MP","Road Development work.","18-Oct-2023","18-Sep-2024","499096","Physical Inspection"
"247","Normal/Others","WS/MP084/2024-2025/38075-Construction of roads, link roads, pathways or any other road with or without drainage system","Karnataka","BENGALURU URBAN(DEPUTY COMMISSIONER BANGALORE URBAN_IDA)","Shri Jaggesh (2022-28) (2022-2028)","Elected MP","Road Development work from Hesarghatta-Gollahalli Road to Srinivas Murthy House in Gopalpura Village, Bangalore North Taluk.","18-Oct-2023","18-Sep-2024","499095","Physical Inspection"
"248","Normal/Others","WS/MP084/2024-2025/38076-Construction of roads, link roads, pathways or any other road with or without drainage system","Karnataka","BENGALURU URBAN(DEPUTY COMMISSIONER BANGALORE URBAN_IDA)","Shri Jaggesh (2022-28) (2022-2028)","Elected MP","CC Road works, Hesaraghatta, Yelahanka Taluk, Bangalore Urban","18-Oct-2023","18-Sep-2024","499095","Physical Inspection"
"249","Normal/Others","WS/MP084/2024-2025/38082-Construction of roads, link roads, pathways or any other road with or without drainage system","Karnataka","BENGALURU URBAN(DEPUTY COMMISSIONER BANGALORE URBAN_IDA)","Shri Jaggesh (2022-28) (2022-2028)","Elected MP","CC Road works, Rajanukunte Village, Yelahanka Taluk, Banglore Urban","18-Oct-2023","29-Jun-2024","499096","Physical Inspection"
"250","Normal/Others","WS/MP084/2024-2025/38083-Construction of roads, link roads, pathways or any other road with or without drainage system","Karnataka","BENGALURU URBAN(DEPUTY COMMISSIONER BANGALORE URBAN_IDA)","Shri Jaggesh (2022-28) (2022-2028)","Elected MP","CC Road Works, Ward No.6, Hesaraghatta Grama Panchayat, Yelahanka Taluk, Banglaore Urban","18-Oct-2023","29-Jun-2024","499000","Physical Inspection"
"251","Normal/Others","WS/MP084/2024-2025/38084-Construction of roads, link roads, pathways or any other road with or without drainage system","Karnataka","BENGALURU URBAN(DEPUTY COMMISSIONER BANGALORE URBAN_IDA)","Shri Jaggesh (2022-28) (2022-2028)","Elected MP","CC Road Works, Ward No.6, Hesaraghatta Grama Panchayat, Yelhanka Taluk, Bangalore Urban","18-Oct-2023","27-Jun-2024","498452","Physical Inspection"
"252","Normal/Others","WS/MP084/2024-2025/38085-Construction of roads, link roads, pathways or any other road with or without drainage system","Karnataka","BENGALURU URBAN(DEPUTY COMMISSIONER BANGALORE URBAN_IDA)","Shri Jaggesh (2022-28) (2022-2028)","Elected MP","CC Road works, Ward No.6, Hesaraghatta Grama Panchayat, Yelahanka Taluk, Banglore Urban","18-Oct-2023","27-Jun-2024","499095","Physical Inspection"
"253","Normal/Others","WS/MP084/2024-2025/38086-Construction of roads, link roads, pathways or any other road with or without drainage system","Karnataka","BENGALURU URBAN(DEPUTY COMMISSIONER BANGALORE URBAN_IDA)","Shri Jaggesh (2022-28) (2022-2028)","Elected MP","CC Road works, Kodagi Thirumalapura Village, Hurulichikkanahalli Grama Panchayat, Yelahanka Taluk, Bangalore Urban.","18-Oct-2023","27-Jun-2024","499000","Physical Inspection"
"254","Normal/Others","WS/MP084/2024-2025/38103-Construction of roads, link roads, pathways or any other road with or without drainage system","Karnataka","BENGALURU URBAN(DEPUTY COMMISSIONER BANGALORE URBAN_IDA)","Shri Jaggesh (2022-28) (2022-2028)","Elected MP","CC Road works, Hesaraghatta Grama Panchayat, Yelahanka Taluk, Bangalore Urban","18-Oct-2023","29-Jun-2024","499223","Physical Inspection"
"255","Normal/Others","WS/MP084/2024-2025/38104-Construction of roads, link roads, pathways or any other road with or without drainage system","Karnataka","BENGALURU URBAN(DEPUTY COMMISSIONER BANGALORE URBAN_IDA)","Shri Jaggesh (2022-28) (2022-2028)","Elected MP","CC Road Works, Hesaraghatta Grama Panchayat, Yelahanka Taluk, Bangalore Urban","18-Oct-2023","29-Jun-2024","499200","Physical Inspection"
"256","Normal/Others","WS/MP084/2024-2025/38105-Construction of roads, link roads, pathways or any other road with or without drainage system","Karnataka","BENGALURU URBAN(DEPUTY COMMISSIONER BANGALORE URBAN_IDA)","Shri Jaggesh (2022-28) (2022-2028)","Elected MP","CC Road works, Hesaraghatta Grama Panchayat, Yelahanka Taluk, Bangalore Urban.","18-Oct-2023","29-Jun-2024","499200","Physical Inspection"
"257","Normal/Others","WS/MP084/2024-2025/38106-Construction of roads, link roads, pathways or any other road with or without drainage system","Karnataka","BENGALURU URBAN(DEPUTY COMMISSIONER BANGALORE URBAN_IDA)","Shri Jaggesh (2022-28) (2022-2028)","Elected MP","CC Road work, Hesaraghatta Grama Panchayat, Yelahanka Taluk, Bangalore Urban.","18-Oct-2023","29-Jun-2024","498200","Physical Inspection"
"258","Normal/Others","WS/MP084/2024-2025/38107-Construction of roads, link roads, pathways or any other road with or without drainage system","Karnataka","BENGALURU URBAN(DEPUTY COMMISSIONER BANGALORE URBAN_IDA)","Shri Jaggesh (2022-28) (2022-2028)","Elected MP","CC Road works, Hesaraghatta Grama Panchayat, Yelahanka Taluk, Bangalore Urban","18-Oct-2023","29-Jun-2024","498227","Physical Inspection"
"259","Normal/Others","WS/MP084/2024-2025/38396-Construction of roads, link roads, pathways or any other road with or without drainage system","Karnataka","BENGALURU URBAN(DEPUTY COMMISSIONER BANGALORE URBAN_IDA)","Shri Jaggesh (2022-28) (2022-2028)","Elected MP","C.C Road Development work, Machohalli Village, Machohalli Grama Panchayat, Bangalore North Taluk, Bangalore Urban.","18-Oct-2023","02-Jul-2024","499400","Physical Inspection"
"260","Normal/Others","WS/MP084/2024-2025/38397-Construction of roads, link roads, pathways or any other road with or without drainage system","Karnataka","BENGALURU URBAN(DEPUTY COMMISSIONER BANGALORE URBAN_IDA)","Shri Jaggesh (2022-28) (2022-2028)","Elected MP","C.C Road development work, Machohalli Village, Machohalli Grama Panchayat, Bangalore North Taluk, Bangalore Urban.","18-Oct-2023","02-Jul-2024","499300","Physical Inspection"
"261","Normal/Others","WS/MP084/2024-2025/38398-Construction of roads, link roads, pathways or any other road with or without drainage system","Karnataka","BENGALURU URBAN(DEPUTY COMMISSIONER BANGALORE URBAN_IDA)","Shri Jaggesh (2022-28) (2022-2028)","Elected MP","C.C Road development work, Machohali Village, Machohalli Grama Panchayat, Bangalore North Taluk, Bangalore Urban","18-Oct-2023","02-Jul-2024","499000","Physical Inspection"
"262","Normal/Others","WS/MP084/2024-2025/38399-Construction of roads, link roads, pathways or any other road with or without drainage system","Karnataka","BENGALURU URBAN(DEPUTY COMMISSIONER BANGALORE URBAN_IDA)","Shri Jaggesh (2022-28) (2022-2028)","Elected MP","C.C Road development work, Machohalli Village, Machohalli Grama Panchayat, Bangalore North Taluk, Bangalore Urban.","18-Oct-2023","02-Jul-2024","499000","Physical Inspection"
"263","Normal/Others","WS/MP084/2024-2025/38400-Construction of roads, link roads, pathways or any other road with or without drainage system","Karnataka","BENGALURU URBAN(DEPUTY COMMISSIONER BANGALORE URBAN_IDA)","Shri Jaggesh (2022-28) (2022-2028)","Elected MP","C.C Road development work, Machohalli Village, Machohalli Grama Panchayat, Bangalore North Taluk, Bangalore Urban.","18-Oct-2023","02-Jul-2024","499200","Physical Inspection"
"264","Normal/Others","WS/MP084/2024-2025/38413-Construction of roads, link roads, pathways or any other road with or without drainage system","Karnataka","BENGALURU URBAN(DEPUTY COMMISSIONER BANGALORE URBAN_IDA)","Shri Jaggesh (2022-28) (2022-2028)","Elected MP","C.C Road development work, Machohalli Village, Machohalli Grama Panchayat, Bangalore North Taluk, Bangalore Urban.","18-Oct-2023","24-Sep-2024","499210","Physical Inspection"
"265","Normal/Others","WS/MP084/2024-2025/38416-Construction of roads, link roads, pathways or any other road with or without drainage system","Karnataka","BENGALURU URBAN(DEPUTY COMMISSIONER BANGALORE URBAN_IDA)","Shri Jaggesh (2022-28) (2022-2028)","Elected MP","Road Development work, Machohalli Village, Machohalli Grama Panchayat, Bangalore North Taluk, Bangalore Urban.","18-Oct-2023","24-Sep-2024","499420","Physical Inspection"
"266","Normal/Others","WS/MP084/2024-2025/38417-Construction of roads, link roads, pathways or any other road with or without drainage system","Karnataka","BENGALURU URBAN(DEPUTY COMMISSIONER BANGALORE URBAN_IDA)","Shri Jaggesh (2022-28) (2022-2028)","Elected MP","C.C Road development work, Machohalli Village, Machohalli Grama Panchayat, Bangalore North Taluk, Bangalore Urban.","18-Oct-2023","24-Sep-2024","499400","Physical Inspection"
"267","Normal/Others","WS/MP084/2024-2025/38465-Construction of roads, link roads, pathways or any other road with or without drainage system","Karnataka","BENGALURU URBAN(DEPUTY COMMISSIONER BANGALORE URBAN_IDA)","Shri Jaggesh (2022-28) (2022-2028)","Elected MP","C.C Road development work, Machohalli Village, Machohalli Grama Panchayat, Bangalore North Taluk, Bangalore Urban.","19-Oct-2023","02-Jul-2024","476119","Physical Inspection"
"268","Normal/Others","WS/MP084/2024-2025/38466-Construction of roads, link roads, pathways or any other road with or without drainage system","Karnataka","BENGALURU URBAN(DEPUTY COMMISSIONER BANGALORE URBAN_IDA)","Shri Jaggesh (2022-28) (2022-2028)","Elected MP","C.C Road development work, Machohalli Village, Machohalli Grama Panchayat, Bangalore North, Bangalore Urban.","19-Oct-2023","02-Jul-2024","499000","Physical Inspection"
"269","Normal/Others","WS/MP084/2024-2025/38618-Construction of roads, link roads, pathways or any other road with or without drainage system","Karnataka","BENGALURU URBAN(DEPUTY COMMISSIONER BANGALORE URBAN_IDA)","Shri Jaggesh (2022-28) (2022-2028)","Elected MP","C.C Road development work,  Machohalli Village, Machohalli Grama Panchayat, Bangalore North Taluk, Bangalore Urban.","19-Oct-2023","13-Sep-2024","499400","Physical Inspection"
"270","Normal/Others","WS/MP084/2024-2025/38619-Construction of roads, link roads, pathways or any other road with or without drainage system","Karnataka","BENGALURU URBAN(DEPUTY COMMISSIONER BANGALORE URBAN_IDA)","Shri Jaggesh (2022-28) (2022-2028)","Elected MP","C.C Road development work, Machohalli Village, Machohalli Grama Panchayat, Bangalore North Taluk, Bangalore Urban.","19-Oct-2023","13-Sep-2024","491858","Physical Inspection"
"271","Normal/Others","WS/MP084/2024-2025/38620-Construction of roads, link roads, pathways or any other road with or without drainage system","Karnataka","BENGALURU URBAN(DEPUTY COMMISSIONER BANGALORE URBAN_IDA)","Shri Jaggesh (2022-28) (2022-2028)","Elected MP","C.C Road development work, Machohalli Village, Machohalli Grama Panchayat, Bangalore North Taluk, Bangalore Urban.","19-Oct-2023","13-Sep-2024","499400","Physical Inspection"
"272","Normal/Others","WS/MP084/2024-2025/38666-Construction of roads, link roads, pathways or any other road with or without drainage system","Karnataka","BENGALURU URBAN(DEPUTY COMMISSIONER BANGALORE URBAN_IDA)","Shri Jaggesh (2022-28) (2022-2028)","Elected MP","Concrete Road development work.","19-Oct-2023","10-Jul-2024","500000","Work partially Completed"
"273","Normal/Others","WS/MP084/2024-2025/38667-Construction of roads, link roads, pathways or any other road with or without drainage system","Karnataka","BENGALURU URBAN(DEPUTY COMMISSIONER BANGALORE URBAN_IDA)","Shri Jaggesh (2022-28) (2022-2028)","Elected MP","Concrete Road development work from Tavarekere village to Magadi main road.","19-Oct-2023","10-Jul-2024","500000","Work partially Completed"
"274","Normal/Others","WS/MP084/2024-2025/38757-Construction of roads, link roads, pathways or any other road with or without drainage system","Karnataka","BENGALURU URBAN(DEPUTY COMMISSIONER BANGALORE URBAN_IDA)","Shri Jaggesh (2022-28) (2022-2028)","Elected MP","Road development work, Ramohalli, Ramohalli Grama Panchayat, Kengeri Hobli, Bangalore South Taluk, Bangalore Urban.","19-Oct-2023","20-Mar-2025","499617","Physical Inspection"
"275","Normal/Others","WS/MP084/2024-2025/38758-Construction of roads, link roads, pathways or any other road with or without drainage system","Karnataka","BENGALURU URBAN(DEPUTY COMMISSIONER BANGALORE URBAN_IDA)","Shri Jaggesh (2022-28) (2022-2028)","Elected MP","Road development work, Ramohalli Village, Ramohalli Grama Panchayat, Kengeri Hobli, Bangalore South Taluk, Bangalore Urban.","19-Oct-2023","20-Mar-2025","499617","Physical Inspection"
"276","Normal/Others","WS/MP084/2024-2025/38759-Construction of roads, link roads, pathways or any other road with or without drainage system","Karnataka","BENGALURU URBAN(DEPUTY COMMISSIONER BANGALORE URBAN_IDA)","Shri Jaggesh (2022-28) (2022-2028)","Elected MP","Road development work, Ramohalli Village, Ramohalli Grama Panchayat, Bangalore South Taluk, Bangalore Urban.","19-Oct-2023","11-Sep-2024","500000","Work Completed"
"277","Normal/Others","WS/MP084/2024-2025/38760-Construction of roads, link roads, pathways or any other road with or without drainage system","Karnataka","BENGALURU URBAN(DEPUTY COMMISSIONER BANGALORE URBAN_IDA)","Shri Jaggesh (2022-28) (2022-2028)","Elected MP","Link road development work, Ramohalli Village, Ramohalli Grama Panchayat, Bangalore South Taluk, Bangalore Urban.","19-Oct-2023","11-Sep-2024","500000","Work Completed"
"278","Normal/Others","WS/MP084/2024-2025/38761-Construction of roads, link roads, pathways or any other road with or without drainage system","Karnataka","BENGALURU URBAN(DEPUTY COMMISSIONER BANGALORE URBAN_IDA)","Shri Jaggesh (2022-28) (2022-2028)","Elected MP","Road development work, Tavarekere Village, Tavarekere Grama Panchayat, Bangalore South Taluk, Bangalore Urban.","19-Oct-2023","10-Jul-2024","500000","Work partially Completed"
"279","Normal/Others","WS/MP084/2024-2025/39207-Construction of roads, link roads, pathways or any other road with or without drainage system","Karnataka","BENGALURU URBAN(DEPUTY COMMISSIONER BANGALORE URBAN_IDA)","Shri Jaggesh (2022-28) (2022-2028)","Elected MP","Concrete road development work, Lakkuppe Village, Channenahalli Grama Panchayat, Bangalore South Taluk, Bangalore Urban.","20-Oct-2023","05-Jul-2024","500000","Work partially Completed"
"280","Normal/Others","WS/MP084/2024-2025/39208-Construction of roads, link roads, pathways or any other road with or without drainage system","Karnataka","BENGALURU URBAN(DEPUTY COMMISSIONER BANGALORE URBAN_IDA)","Shri Jaggesh (2022-28) (2022-2028)","Elected MP","Concrete road development work, Lakkuppe Village, Channenahalli Grama Panchayat, Bangalore South Taluk, Bangalore Urban.","20-Oct-2023","05-Jul-2024","500000","Work partially Completed"
"281","Normal/Others","WS/MP084/2024-2025/39229-Construction of roads, link roads, pathways or any other road with or without drainage system","Karnataka","BENGALURU URBAN(DEPUTY COMMISSIONER BANGALORE URBAN_IDA)","Shri Jaggesh (2022-28) (2022-2028)","Elected MP","Concrete Road development work.","20-Oct-2023","13-Sep-2024","498420","Physical Inspection"
"282","Normal/Others","WS/MP084/2024-2025/39230-Construction of roads, link roads, pathways or any other road with or without drainage system","Karnataka","BENGALURU URBAN(DEPUTY COMMISSIONER BANGALORE URBAN_IDA)","Shri Jaggesh (2022-28) (2022-2028)","Elected MP","Concrete road development work.","20-Oct-2023","13-Sep-2024","498901","Physical Inspection"
"283","Normal/Others","WS/MP084/2024-2025/39231-Construction of roads, link roads, pathways or any other road with or without drainage system","Karnataka","BENGALURU URBAN(DEPUTY COMMISSIONER BANGALORE URBAN_IDA)","Shri Jaggesh (2022-28) (2022-2028)","Elected MP","Concrete Road development work.","20-Oct-2023","13-Sep-2024","499365","Physical Inspection"
"284","Normal/Others","WS/MP084/2024-2025/39232-Construction of roads, link roads, pathways or any other road with or without drainage system","Karnataka","BENGALURU URBAN(DEPUTY COMMISSIONER BANGALORE URBAN_IDA)","Shri Jaggesh (2022-28) (2022-2028)","Elected MP","Concrete Road development work.","20-Oct-2023","13-Sep-2024","499365","Physical Inspection"
"285","Normal/Others","WS/MP084/2024-2025/39233-Construction of roads, link roads, pathways or any other road with or without drainage system","Karnataka","BENGALURU URBAN(DEPUTY COMMISSIONER BANGALORE URBAN_IDA)","Shri Jaggesh (2022-28) (2022-2028)","Elected MP","Concrete Road development work.","20-Oct-2023","13-Sep-2024","498173","Physical Inspection"
"286","Normal/Others","WS/MP084/2024-2025/39234-Construction of roads, link roads, pathways or any other road with or without drainage system","Karnataka","BENGALURU URBAN(DEPUTY COMMISSIONER BANGALORE URBAN_IDA)","Shri Jaggesh (2022-28) (2022-2028)","Elected MP","Concrete Road development work.","20-Oct-2023","13-Sep-2024","499365","Physical Inspection"
"287","Normal/Others","WS/MP084/2024-2025/39235-Construction of roads, link roads, pathways or any other road with or without drainage system","Karnataka","BENGALURU URBAN(DEPUTY COMMISSIONER BANGALORE URBAN_IDA)","Shri Jaggesh (2022-28) (2022-2028)","Elected MP","Concrete Road development work.","20-Oct-2023","13-Sep-2024","499365","Physical Inspection"
"288","Normal/Others","WS/MP084/2024-2025/39236-Construction of roads, link roads, pathways or any other road with or without drainage system","Karnataka","BENGALURU URBAN(DEPUTY COMMISSIONER BANGALORE URBAN_IDA)","Shri Jaggesh (2022-28) (2022-2028)","Elected MP","Concrete Road development work.","20-Oct-2023","13-Sep-2024","499365","Physical Inspection"
"289","Normal/Others","WS/MP084/2024-2025/39237-Construction of roads, link roads, pathways or any other road with or without drainage system","Karnataka","BENGALURU URBAN(DEPUTY COMMISSIONER BANGALORE URBAN_IDA)","Shri Jaggesh (2022-28) (2022-2028)","Elected MP","Concrete Road development work.","20-Oct-2023","13-Sep-2024","498480","Physical Inspection"
"290","Normal/Others","WS/MP084/2024-2025/39238-Construction of roads, link roads, pathways or any other road with or without drainage system","Karnataka","BENGALURU URBAN(DEPUTY COMMISSIONER BANGALORE URBAN_IDA)","Shri Jaggesh (2022-28) (2022-2028)","Elected MP","Concrete Road development work.","20-Oct-2023","13-Sep-2024","498480","Physical Inspection"
"291","Normal/Others","WS/MP084/2024-2025/39273-Construction of roads, link roads, pathways or any other road with or without drainage system","Karnataka","BENGALURU URBAN(DEPUTY COMMISSIONER BANGALORE URBAN_IDA)","Shri Jaggesh (2022-28) (2022-2028)","Elected MP","Concrete Road development work.","20-Oct-2023","10-Jul-2024","500000","Work partially Completed"
"292","Normal/Others","WS/MP084/2024-2025/39274-Construction of roads, link roads, pathways or any other road with or without drainage system","Karnataka","BENGALURU URBAN(DEPUTY COMMISSIONER BANGALORE URBAN_IDA)","Shri Jaggesh (2022-28) (2022-2028)","Elected MP","Concrete road development work.","20-Oct-2023","10-Jul-2024","500000","Work partially Completed"
"293","Normal/Others","WS/MP084/2025-2026/39276-Construction of roads, link roads, pathways or any other road with or without drainage system","Karnataka","BENGALURU URBAN(DEPUTY COMMISSIONER BANGALORE URBAN_IDA)","Shri Jaggesh (2022-28) (2022-2028)","Elected MP","Concrete Road development work.","20-Oct-2023","10-Jul-2025","500000","Physical Inspection"
"294","Normal/Others","WS/MP084/2024-2025/39345-Construction of roads, link roads, pathways or any other road with or without drainage system","Karnataka","BENGALURU URBAN(DEPUTY COMMISSIONER BANGALORE URBAN_IDA)","Shri Jaggesh (2022-28) (2022-2028)","Elected MP","Concrete road development work.","21-Oct-2023","10-Jul-2024","500000","Work partially Completed"
"295","Normal/Others","WS/MP084/2024-2025/39346-Construction of roads, link roads, pathways or any other road with or without drainage system","Karnataka","BENGALURU URBAN(DEPUTY COMMISSIONER BANGALORE URBAN_IDA)","Shri Jaggesh (2022-28) (2022-2028)","Elected MP","Concrete Road development work.","21-Oct-2023","10-Jul-2024","500000","Work partially Completed"
"296","Normal/Others","WS/MP084/2023-2024/50291-Construction of roads, link roads, pathways or any other road with or without drainage system","Karnataka","BENGALURU URBAN(DEPUTY COMMISSIONER BANGALORE URBAN_IDA)","Shri Jaggesh (2022-28) (2022-2028)","Elected MP","Concrete road and drainage construction work, Aditya Nagar, Machohalli Gram Panchayat, Bangalore North Taluk, Bangalore Urban District.","18-Nov-2023","15-Mar-2024","498900","Physical Inspection"
"297","Normal/Others","WS/MP084/2023-2024/50293-Construction of roads, link roads, pathways or any other road with or without drainage system","Karnataka","BENGALURU URBAN(DEPUTY COMMISSIONER BANGALORE URBAN_IDA)","Shri Jaggesh (2022-28) (2022-2028)","Elected MP","Concrete Road Construction work, Aditya Nagar, Machohalli Gram Panchayat, Bangalore North Taluk, Bangalore Urban District.","18-Nov-2023","15-Mar-2024","497900","Physical Inspection"
"298","Repair and Renovation","WS/MP833/2024-2025/74899-Construction of roads, link roads, pathways or any other road with or without drainage system","Karnataka","CHIKKAMAGALURU(DEPUTY COMMISSIONER CHIKMAGALUR)","Shri Jairam Ramesh (2022-28) (2022-2028)","Elected MP","Tarikere/General/ Concrete Road construction behind Govt. School at Gopala village and","04-Jan-2024","01-Jul-2024","500000","Work partially Completed"
"299","Repair and Renovation","WS/MP833/2024-2025/74900-Construction of roads, link roads, pathways or any other road with or without drainage system","Karnataka","CHIKKAMAGALURU(DEPUTY COMMISSIONER CHIKMAGALUR)","Shri Jairam Ramesh (2022-28) (2022-2028)","Elected MP","Tarikere/ TSP/ Concrete Road construction betweenWard No-13 and 3rd cross of Vijayanagara Badavane","04-Jan-2024","01-Jul-2024","1000000","Work partially Completed"
"300","Repair and Renovation","WS/MP833/2024-2025/74901-Construction of roads, link roads, pathways or any other road with or without drainage system","Karnataka","CHIKKAMAGALURU(DEPUTY COMMISSIONER CHIKMAGALUR)","Shri Jairam Ramesh (2022-28) (2022-2028)","Elected MP","Tarikere/ SCP/ Construction     of Concrete Road at Arabala  village  from   Rangappa  House to Antharaghatta    main  road","04-Jan-2024","01-Jul-2024","500000","Work partially Completed"
"301","Normal/Others","WS/MP833/2024-2025/74902-Construction of roads, link roads, pathways or any other road with or without drainage system","Karnataka","CHIKKAMAGALURU(DEPUTY COMMISSIONER CHIKMAGALUR)","Shri Jairam Ramesh (2022-28) (2022-2028)","Elected MP","Tarikere/ TSP/ Construction    of Concrete Road at Gowligara   camp  of  Baragenahalli village","04-Jan-2024","01-Jul-2024","500000","Work partially Completed"
"302","Normal/Others","WS/MP833/2024-2025/74903-Construction of roads, link roads, pathways or any other road with or without drainage system","Karnataka","CHIKKAMAGALURU(DEPUTY COMMISSIONER CHIKMAGALUR)","Shri Jairam Ramesh (2022-28) (2022-2028)","Elected MP","Tarikere/ General/ Construction of Concrete Road from Vijayanagara(OHT)main Road to government primary school at Sy No","04-Jan-2024","01-Jul-2024","500000","Work partially Completed"
"303","Repair and Renovation","WS/MP833/2024-2025/74904-Construction of roads, link roads, pathways or any other road with or without drainage system","Karnataka","CHIKKAMAGALURU(DEPUTY COMMISSIONER CHIKMAGALUR)","Shri Jairam Ramesh (2022-28) (2022-2028)","Elected MP","Chikmagalur/ General/ Development  of road from Avathf Narigudde Mallandur  connecting road","04-Jan-2024","05-Jul-2024","3000000","Work Completed"
"304","Normal/Others","WS/MP833/2024-2025/74905-Construction of roads, link roads, pathways or any other road with or without drainage system","Karnataka","CHIKKAMAGALURU(DEPUTY COMMISSIONER CHIKMAGALUR)","Shri Jairam Ramesh (2022-28) (2022-2028)","Elected MP","Chikmagalur/ SCP/ Development of road between BHekaUucolony & K. M. raod","04-Jan-2024","01-Aug-2024","1800000","Sanction"
"305","Normal/Others","WS/MP833/2023-2024/74907-Construction of roads, link roads, pathways or any other road with or without drainage system","Karnataka","CHIKKAMAGALURU(DEPUTY COMMISSIONER CHIKMAGALUR)","Shri Jairam Ramesh (2022-28) (2022-2028)","Elected MP","NR Pura/ General/ Development of Carkoppa Road of Nagalapura village panchayath","04-Jan-2024","15-Mar-2024","1600000","Physical Inspection"
"306","Repair and Renovation","WS/MP833/2024-2025/74908-Construction of roads, link roads, pathways or any other road with or without drainage system","Karnataka","CHIKKAMAGALURU(DEPUTY COMMISSIONER CHIKMAGALUR)","Shri Jairam Ramesh (2022-28) (2022-2028)","Elected MP","NR Pura/ General/ Development of Road between Badru house and Mansoor house of kadlemakki of B Kanabur village panchayath","04-Jan-2024","05-Jul-2024","500000","Work partially Completed"
"307","Normal/Others","WS/MP833/2024-2025/74910-Construction of roads, link roads, pathways or any other road with or without drainage system","Karnataka","CHIKKAMAGALURU(DEPUTY COMMISSIONER CHIKMAGALUR)","Shri Jairam Ramesh (2022-28) (2022-2028)","Elected MP","NR Pura/ SCP/ Development of Eechi kere harijanwada road of Gubbiga Village Panchayath","04-Jan-2024","06-Jul-2024","2000000","Physical Inspection"
"308","Normal/Others","WS/MP833/2024-2025/74911-Construction of roads, link roads, pathways or any other road with or without drainage system","Karnataka","CHIKKAMAGALURU(DEPUTY COMMISSIONER CHIKMAGALUR)","Shri Jairam Ramesh (2022-28) (2022-2028)","Elected MP","NR Pura/ TSP/ Manabur ST Colony road development  at Huigere village panchayath","04-Jan-2024","07-Aug-2024","1000000","Work partially Completed"
"309","Normal/Others","WS/MP084/2024-2025/133707-Construction of roads, link roads, pathways or any other road with or without drainage system","Karnataka","BENGALURU URBAN(DEPUTY COMMISSIONER BANGALORE URBAN_IDA)","Shri Jaggesh (2022-28) (2022-2028)","Elected MP","Road Development work at Gangondanahalli village, Madanayakanahalli city Municipal council, Yelahanka Assembly, Bangalore North Taluk, Bengaluru Urban District.","19-Jul-2024","07-Dec-2024","3500000","Physical Inspection"
"310","Normal/Others","WS/MP084/2024-2025/133708-Construction of roads, link roads, pathways or any other road with or without drainage system","Karnataka","BENGALURU URBAN(DEPUTY COMMISSIONER BANGALORE URBAN_IDA)","Shri Jaggesh (2022-28) (2022-2028)","Elected MP","Road Development work at K.G.Lakkenahalli village, Madanayakanahalli city Municipal council, Yelahanka Assembly, Bangalore North Taluk, Bengaluru Urban District.","19-Jul-2024","07-Dec-2024","3500000","Physical Inspection"
"311","Normal/Others","WS/MP084/2024-2025/133709-Construction of roads, link roads, pathways or any other road with or without drainage system","Karnataka","BENGALURU URBAN(DEPUTY COMMISSIONER BANGALORE URBAN_IDA)","Shri Jaggesh (2022-28) (2022-2028)","Elected MP","Road Development Work of B.G.S Main Road, Nagarur Village, Dasanapura Gram Panchayat, Yelahanka Assembly, Bengaluru North, Bengaluru Urban District.","19-Jul-2024","07-Dec-2024","3500000","Physical Inspection"
"312","Normal/Others","WS/MP084/2024-2025/133781-Construction of roads, link roads, pathways or any other road with or without drainage system","Karnataka","BENGALURU URBAN(DEPUTY COMMISSIONER BANGALORE URBAN_IDA)","Shri Jaggesh (2022-28) (2022-2028)","Elected MP","Road Development Work at Kanshiram Nagar, Abbagere village, Bengaluru North Taluk, T.Dasarahalli Assembly, Bengaluru Urban District.","20-Jul-2024","19-Nov-2024","3000000","Physical Inspection"
"313","Normal/Others","WS/MP084/2024-2025/133782-Construction of roads, link roads, pathways or any other road with or without drainage system","Karnataka","BENGALURU URBAN(DEPUTY COMMISSIONER BANGALORE URBAN_IDA)","Shri Jaggesh (2022-28) (2022-2028)","Elected MP","Road Development Work at Hesaraghatta Village, Yelahanka Taluk, Yelahanka Assembly, Bengaluru Urban District.","20-Jul-2024","19-Nov-2024","2000000","Physical Inspection"
"314","Normal/Others","WS/MP084/2024-2025/133833-Construction of roads, link roads, pathways or any other road with or without drainage system","Karnataka","TUMAKURU(DEPUTY COMMISSIONER TUMKUR_IDA)","Shri Jaggesh (2022-28) (2022-2028)","Elected MP","Road Development Work at Anadagu village, Mayasandra Gram Panchayat, Turuvekere Taluk, Tumakuru District.","21-Jul-2024","17-Dec-2024","500000","Physical Inspection"
"315","Normal/Others","WS/MP084/2024-2025/133834-Construction of roads, link roads, pathways or any other road with or without drainage system","Karnataka","TUMAKURU(DEPUTY COMMISSIONER TUMKUR_IDA)","Shri Jaggesh (2022-28) (2022-2028)","Elected MP","Road Development Work :  Anadagu village, Mayasandra Gram Panchayat, Turuvekere Taluk, Tumakuru District.","21-Jul-2024","17-Dec-2024","500000","Work Completed"
"316","Normal/Others","WS/MP084/2024-2025/133835-Construction of roads, link roads, pathways or any other road with or without drainage system","Karnataka","TUMAKURU(DEPUTY COMMISSIONER TUMKUR_IDA)","Shri Jaggesh (2022-28) (2022-2028)","Elected MP","Road Development Work : Anadagu village, Mayasandra Gram Panchayat, Turuvekere Taluk, Tumakuru District.","21-Jul-2024","17-Dec-2024","500000","Physical Inspection"
"317","Normal/Others","WS/MP084/2024-2025/133836-Construction of roads, link roads, pathways or any other road with or without drainage system","Karnataka","TUMAKURU(DEPUTY COMMISSIONER TUMKUR_IDA)","Shri Jaggesh (2022-28) (2022-2028)","Elected MP","Road Development Work from Anadagu village Kemppamma Temple to Narayan House, Anadagu village, Mayasandra Gram Panchayat, Turuvekere Taluk, Tumakuru District.","21-Jul-2024","17-Dec-2024","500000","Physical Inspection"
"318","Normal/Others","WS/MP084/2024-2025/133837-Construction of roads, link roads, pathways or any other road with or without drainage system","Karnataka","TUMAKURU(DEPUTY COMMISSIONER TUMKUR_IDA)","Shri Jaggesh (2022-28) (2022-2028)","Elected MP","Road Development Work from Chikkasettikere Main Road   to Radhakrishna Thota, Chikkasettikere village, Mayasandra Gram Panchayat, Turuvekere Taluk, Tumakuru District.","21-Jul-2024","17-Dec-2024","500000","Work Completed"
"319","Normal/Others","WS/MP084/2024-2025/133838-Construction of roads, link roads, pathways or any other road with or without drainage system","Karnataka","TUMAKURU(DEPUTY COMMISSIONER TUMKUR_IDA)","Shri Jaggesh (2022-28) (2022-2028)","Elected MP","Road Development Work from Radhakrishna Thota to Hucchappa Nayak Thota Chikkasettikere village, Mayasandra Gram Panchayat, Turuvekere Taluk, Tumakuru District.","21-Jul-2024","17-Dec-2024","500000","Work Completed"
"320","Normal/Others","WS/MP084/2024-2025/133839-Construction of roads, link roads, pathways or any other road with or without drainage system","Karnataka","TUMAKURU(DEPUTY COMMISSIONER TUMKUR_IDA)","Shri Jaggesh (2022-28) (2022-2028)","Elected MP","Road Development Work from Chikkasettikere Main Road to Ramanna Thota, Chikkasettikere village, Mayasandra Gram Panchayat, Turuvekere Taluk, Tumakuru District.","21-Jul-2024","17-Dec-2024","500000","Work Completed"
"321","Normal/Others","WS/MP084/2024-2025/133840-Construction of roads, link roads, pathways or any other road with or without drainage system","Karnataka","TUMAKURU(DEPUTY COMMISSIONER TUMKUR_IDA)","Shri Jaggesh (2022-28) (2022-2028)","Elected MP","Road Development Work from Chikkabeeranakere Main Road to Babu's Thota, Chikkabeeranakere village, Mayasandra Gram Panchayat, Turuvekere Taluk, Tumakuru District.","21-Jul-2024","17-Dec-2024","500000","Physical Inspection"
"322","Normal/Others","WS/MP084/2024-2025/133841-Construction of roads, link roads, pathways or any other road with or without drainage system","Karnataka","TUMAKURU(DEPUTY COMMISSIONER TUMKUR_IDA)","Shri Jaggesh (2022-28) (2022-2028)","Elected MP","Road Development Work from Mayasandra Main Road to Lake, Mayasandra, Mayasandra Gram Panchayat, Turuvekere Taluk, Tumakuru District.","21-Jul-2024","17-Dec-2024","500000","Work Completed"
"323","Normal/Others","WS/MP084/2024-2025/133842-Construction of roads, link roads, pathways or any other road with or without drainage system","Karnataka","TUMAKURU(DEPUTY COMMISSIONER TUMKUR_IDA)","Shri Jaggesh (2022-28) (2022-2028)","Elected MP","C.C Road Development Work from Jadiya village Harijan colony to Shri Ranganatha Temple, Jadiya village, Soravanahalli Gram Panchayat, Turuvekere Taluk, Tumakuru District.","21-Jul-2024","17-Dec-2024","500000","Work Completed"
"324","Normal/Others","WS/MP084/2024-2025/133843-Construction of roads, link roads, pathways or any other road with or without drainage system","Karnataka","TUMAKURU(DEPUTY COMMISSIONER TUMKUR_IDA)","Shri Jaggesh (2022-28) (2022-2028)","Elected MP","C.C Road Development Work from Nagarj House to Nanjegowda House , Jadiya village, Soravanahalli Gram Panchayat, Turuvekere Taluk, Tumakuru District.","21-Jul-2024","17-Dec-2024","500000","Work Completed"
"325","Normal/Others","WS/MP084/2024-2025/133844-Construction of roads, link roads, pathways or any other road with or without drainage system","Karnataka","TUMAKURU(DEPUTY COMMISSIONER TUMKUR_IDA)","Shri Jaggesh (2022-28) (2022-2028)","Elected MP","Road Development Work from Thathegowda's Thota to Rangappa's Thota, Jadiya village, Soravanahalli Gram Panchayat, Turuvekere Taluk, Tumakuru District.","21-Jul-2024","17-Dec-2024","500000","Physical Inspection"
"326","Normal/Others","WS/MP084/2024-2025/133845-Construction of roads, link roads, pathways or any other road with or without drainage system","Karnataka","TUMAKURU(DEPUTY COMMISSIONER TUMKUR_IDA)","Shri Jaggesh (2022-28) (2022-2028)","Elected MP","Road Development Work from Rangappa's Thota to Ganganna's Thota,  Jadiya village, Soravanahalli Gram Panchayat, Turuvekere Taluk, Tumakuru District.","21-Jul-2024","17-Dec-2024","500000","Physical Inspection"
"327","Normal/Others","WS/MP084/2024-2025/133846-Construction of roads, link roads, pathways or any other road with or without drainage system","Karnataka","TUMAKURU(DEPUTY COMMISSIONER TUMKUR_IDA)","Shri Jaggesh (2022-28) (2022-2028)","Elected MP","Road Development Work from Shivramaiah's Thota to Ramanna's Thota, Jadiya village, Soravanahalli Gram Panchayat, Turuvekere Taluk, Tumakuru District.","21-Jul-2024","17-Dec-2024","500000","Physical Inspection"
"328","Normal/Others","WS/MP084/2024-2025/133848-Construction of roads, link roads, pathways or any other road with or without drainage system","Karnataka","TUMAKURU(DEPUTY COMMISSIONER TUMKUR_IDA)","Shri Jaggesh (2022-28) (2022-2028)","Elected MP","Road Development Work from Beerinakere Road to Mayanna's Thota, Jadiya village, Soravanahalli Gram Panchayat, Turuvekere Taluk, Tumakuru District.","21-Jul-2024","17-Dec-2024","500000","Physical Inspection"
"329","Normal/Others","WS/MP084/2024-2025/133930-Construction of roads, link roads, pathways or any other road with or without drainage system","Karnataka","TUMAKURU(DEPUTY COMMISSIONER TUMKUR_IDA)","Shri Jaggesh (2022-28) (2022-2028)","Elected MP","Road Development Work from Y.T.Road to Puttaswamy's House, Soravanahalli Gram Panchyat,Turuvekere Taluk, Tumakuru District.","22-Jul-2024","17-Dec-2024","500000","Physical Inspection"
"330","Normal/Others","WS/MP084/2024-2025/133931-Construction of roads, link roads, pathways or any other road with or without drainage system","Karnataka","TUMAKURU(DEPUTY COMMISSIONER TUMKUR_IDA)","Shri Jaggesh (2022-28) (2022-2028)","Elected MP","Road Development Work, Mugalur village, Soravanahalli Gram Panchayat, Turuvekere Taluk, Tumakuru District.","22-Jul-2024","17-Dec-2024","500000","Work Completed"
"331","Normal/Others","WS/MP084/2024-2025/133932-Construction of roads, link roads, pathways or any other road with or without drainage system","Karnataka","TUMAKURU(DEPUTY COMMISSIONER TUMKUR_IDA)","Shri Jaggesh (2022-28) (2022-2028)","Elected MP","Road Development Work, Mugalur village, Soravanahalli Gram Panchayat, Turuvekere Taluk, Tumakuru District.","22-Jul-2024","17-Dec-2024","500000","Work Completed"
"332","Normal/Others","WS/MP084/2024-2025/133933-Construction of roads, link roads, pathways or any other road with or without drainage system","Karnataka","TUMAKURU(DEPUTY COMMISSIONER TUMKUR_IDA)","Shri Jaggesh (2022-28) (2022-2028)","Elected MP","Road Development Work, Jadiya Village, Soravanahalli Gram Panchayat, Turuvekere Taluk, Tumakuru District.","22-Jul-2024","17-Dec-2024","500000","Physical Inspection"
"333","Normal/Others","WS/MP084/2024-2025/133934-Construction of roads, link roads, pathways or any other road with or without drainage system","Karnataka","TUMAKURU(DEPUTY COMMISSIONER TUMKUR_IDA)","Shri Jaggesh (2022-28) (2022-2028)","Elected MP","Road Development Work, Dasihalli village, Soravanahalli Gram Panchayat, Turuvekere Taluk, Tumakuru District.","22-Jul-2024","17-Dec-2024","500000","Physical Inspection"
"334","Normal/Others","WS/MP084/2024-2025/133935-Construction of roads, link roads, pathways or any other road with or without drainage system","Karnataka","TUMAKURU(DEPUTY COMMISSIONER TUMKUR_IDA)","Shri Jaggesh (2022-28) (2022-2028)","Elected MP","Road Development Work, Thubinakatte Village, Soravanahalli Gram Panchayat, Turuvekere Taluk, Tumakuru District.","22-Jul-2024","17-Dec-2024","500000","Work Completed"
"335","Normal/Others","WS/MP084/2024-2025/133936-Construction of roads, link roads, pathways or any other road with or without drainage system","Karnataka","TUMAKURU(DEPUTY COMMISSIONER TUMKUR_IDA)","Shri Jaggesh (2022-28) (2022-2028)","Elected MP","Road Development Work, Thubinakatte Village, Soravanahalli Gram Panchayat, Turuvekere Taluk, Tumakuru District.","22-Jul-2024","17-Dec-2024","500000","Work Completed"
"336","Normal/Others","WS/MP084/2024-2025/133937-Construction of roads, link roads, pathways or any other road with or without drainage system","Karnataka","TUMAKURU(DEPUTY COMMISSIONER TUMKUR_IDA)","Shri Jaggesh (2022-28) (2022-2028)","Elected MP","Road Development Work, Thubinakatte Village, Soravanahalli Gram Panchayat, Turuvekere Taluk, Tumakuru District.","22-Jul-2024","17-Dec-2024","500000","Work Completed"
"337","Normal/Others","WS/MP084/2024-2025/133938-Construction of roads, link roads, pathways or any other road with or without drainage system","Karnataka","TUMAKURU(DEPUTY COMMISSIONER TUMKUR_IDA)","Shri Jaggesh (2022-28) (2022-2028)","Elected MP","Road Development Work, Mugalur Village, Soravanahalli Gram Panchayat, Turuvekere Taluk, Tumakuru District.","22-Jul-2024","17-Dec-2024","500000","Work Completed"
"338","Normal/Others","WS/MP084/2024-2025/133939-Construction of roads, link roads, pathways or any other road with or without drainage system","Karnataka","TUMAKURU(DEPUTY COMMISSIONER TUMKUR_IDA)","Shri Jaggesh (2022-28) (2022-2028)","Elected MP","Road Development Work, Mayasandra, Mayasandra Gram Panchayat, Turuvekere Taluk, Tumakuru District.","22-Jul-2024","17-Dec-2024","500000","Work Completed"
"339","Normal/Others","WS/MP084/2024-2025/134112-Construction of roads, link roads, pathways or any other road with or without drainage system","Karnataka","TUMAKURU(DEPUTY COMMISSIONER TUMKUR_IDA)","Shri Jaggesh (2022-28) (2022-2028)","Elected MP","Road Development Work, Mayasandra Village, Mayasandra Gram Panchayat, Turuvekere Taluk, Tumakuru District.","24-Jul-2024","17-Dec-2024","500000","Work Completed"
"340","Normal/Others","WS/MP084/2024-2025/134113-Construction of roads, link roads, pathways or any other road with or without drainage system","Karnataka","TUMAKURU(DEPUTY COMMISSIONER TUMKUR_IDA)","Shri Jaggesh (2022-28) (2022-2028)","Elected MP","Road Development Work, Jadiya Village,Soravanahalli Gram Panchayat, Turuvekere Taluk, Tumakuru District.","24-Jul-2024","17-Dec-2024","500000","Physical Inspection"
"341","Normal/Others","WS/MP084/2024-2025/134114-Construction of roads, link roads, pathways or any other road with or without drainage system","Karnataka","TUMAKURU(DEPUTY COMMISSIONER TUMKUR_IDA)","Shri Jaggesh (2022-28) (2022-2028)","Elected MP","Road Development Work, Honakere Village,Soravanahalli Gram Panchayat, Turuvekere Taluk, Tumakuru District.","24-Jul-2024","17-Dec-2024","500000","Work Completed"
"342","Normal/Others","WS/MP084/2025-2026/134553-Construction of roads, link roads, pathways or any other road with or without drainage system","Karnataka","KODAGU(Deputy Commsioner Kodagu_ida)","Shri Jaggesh (2022-28) (2022-2028)","Elected MP","Road Concreting Work (C.C Road), Cherangala Village, Bhagamandal Gram Panchayat, Madikeri Taluk, Kodagu District, Karnataka.","01-Aug-2024","16-Dec-2025","1000000","Work partially Completed"
"343","Normal/Others","WS/MP18364/2024-2025/137933-Construction of roads, link roads, pathways or any other road with or without drainage system","Karnataka","BENGALURU URBAN(DEPUTY COMMISSIONER BANGALORE URBAN_IDA)","Shri Narayanasa K. Bhandage (2024-30) (2024-2030)","Elected MP","Formation and improvements to the road from Donekal Main road to Ramesh's house in Donekal village in Hesarghatta Panchayath limits, Yelahanka Taluk, Bangalore Urban District. Bangalore.","03-Sep-2024","24-Oct-2024","499575","Physical Inspection"
"344","Normal/Others","WS/MP18364/2024-2025/138033-Construction of roads, link roads, pathways or any other road with or without drainage system","Karnataka","BENGALURU URBAN(DEPUTY COMMISSIONER BANGALORE URBAN_IDA)","Shri Narayanasa K. Bhandage (2024-30) (2024-2030)","Elected MP","Formation and improvements to the road from Narayanappa’s house to Venkataramanappa house in Donekal village in Hesarghatta Panchayath limits, Yelahanka Taluk, Bangalore Urban District, Bangalore","03-Sep-2024","24-Oct-2024","499575","Physical Inspection"
"345","Normal/Others","WS/MP18364/2024-2025/138035-Construction of roads, link roads, pathways or any other road with or without drainage system","Karnataka","BENGALURU URBAN(DEPUTY COMMISSIONER BANGALORE URBAN_IDA)","Shri Narayanasa K. Bhandage (2024-30) (2024-2030)","Elected MP","Formation and improvements to the road from Jaishankar’s house to Mallikarjuna’s house in Donekal village in Hesarghatta Panchayath limits, Yelahanka Taluk, Bangalore Urban District, Bangalore","03-Sep-2024","24-Oct-2024","499575","Physical Inspection"
"346","Normal/Others","WS/MP18364/2024-2025/138036-Construction of roads, link roads, pathways or any other road with or without drainage system","Karnataka","BENGALURU URBAN(DEPUTY COMMISSIONER BANGALORE URBAN_IDA)","Shri Narayanasa K. Bhandage (2024-30) (2024-2030)","Elected MP","Formation and improvements to the road from Shrinivas’s house to Bhimaiah’s house in Donekal village in Hesarghatta Panchayath limits, Yelahanka Taluk, Bangalore Urban District, Bangalore","03-Sep-2024","24-Oct-2024","499575","Physical Inspection"
"347","Normal/Others","WS/MP18364/2024-2025/138038-Construction of roads, link roads, pathways or any other road with or without drainage system","Karnataka","BENGALURU URBAN(DEPUTY COMMISSIONER BANGALORE URBAN_IDA)","Shri Narayanasa K. Bhandage (2024-30) (2024-2030)","Elected MP","Formation and improvements to the road from Thippeswamy’s house to Venkatachalaiah’s  house in Donekal village in Hesarghatta Panchayath limits, Yelahanka Taluk, Bangalore Urban District, Bangalore","03-Sep-2024","24-Oct-2024","499575","Physical Inspection"
"348","Normal/Others","WS/MP18364/2024-2025/138181-Construction of roads, link roads, pathways or any other road with or without drainage system","Karnataka","BENGALURU URBAN(DEPUTY COMMISSIONER BANGALORE URBAN_IDA)","Shri Narayanasa K. Bhandage (2024-30) (2024-2030)","Elected MP","Formation and improvements to the road from Manjunath’s house to Girish’s  house in Donekal village in Hesarghatta Panchayath limits, Yelahanka Taluk, Bangalore Urban District, Bangalore","03-Sep-2024","24-Oct-2024","499150","Physical Inspection"
"349","Normal/Others","WS/MP18364/2024-2025/138183-Construction of roads, link roads, pathways or any other road with or without drainage system","Karnataka","BENGALURU URBAN(DEPUTY COMMISSIONER BANGALORE URBAN_IDA)","Shri Narayanasa K. Bhandage (2024-30) (2024-2030)","Elected MP","Formation and improvements to the road from Shrinivasaiah’s house to Hanumanthuraju’s house in Donekal village in Hesarghatta Panchayath limits, Yelahanka Taluk, Bangalore Urban District, Bangalore","03-Sep-2024","24-Oct-2024","499150","Physical Inspection"
"350","Normal/Others","WS/MP18364/2024-2025/138184-Construction of roads, link roads, pathways or any other road with or without drainage system","Karnataka","BENGALURU URBAN(DEPUTY COMMISSIONER BANGALORE URBAN_IDA)","Shri Narayanasa K. Bhandage (2024-30) (2024-2030)","Elected MP","Formation and improvements to the road from Venkatesh’s house to Lakshmamma’s house in Donekal village in Hesarghatta Panchayath limits, Yelahanka Taluk, Bangalore Urban District, Bangalore","03-Sep-2024","24-Oct-2024","499150","Physical Inspection"
"351","Normal/Others","WS/MP18364/2024-2025/138185-Construction of roads, link roads, pathways or any other road with or without drainage system","Karnataka","BENGALURU URBAN(DEPUTY COMMISSIONER BANGALORE URBAN_IDA)","Shri Narayanasa K. Bhandage (2024-30) (2024-2030)","Elected MP","Formation and improvements to the road from Muneshwara temple main road to Lokesh’s house in Donekal village in Hesarghatta Panchayath limits, Yelahanka Taluk, Bangalore Urban District, Bangalore","03-Sep-2024","24-Oct-2024","499150","Physical Inspection"
"352","Normal/Others","WS/MP18364/2024-2025/138186-Construction of roads, link roads, pathways or any other road with or without drainage system","Karnataka","BENGALURU URBAN(DEPUTY COMMISSIONER BANGALORE URBAN_IDA)","Shri Narayanasa K. Bhandage (2024-30) (2024-2030)","Elected MP","Formation and improvements to the road from Nagaraj’s house to Venkatesh’s house in Donekal village in Hesarghatta Panchayath limits, Yelahanka Taluk, Bangalore Urban District, Bangalore","03-Sep-2024","24-Oct-2024","499150","Physical Inspection"
"353","Normal/Others","WS/MP18364/2024-2025/138212-Construction of roads, link roads, pathways or any other road with or without drainage system","Karnataka","BENGALURU URBAN(DEPUTY COMMISSIONER BANGALORE URBAN_IDA)","Shri Narayanasa K. Bhandage (2024-30) (2024-2030)","Elected MP","Formation and improvements to the road from Balu’s house to Shrinivas Naik’s house in Donekal village in Hesarghatta Panchayath limits, Yelahanka Taluk, Bangalore Urban District, Bangalore","03-Sep-2024","24-Oct-2024","499575","Physical Inspection"
"354","Normal/Others","WS/MP18364/2024-2025/138213-Construction of roads, link roads, pathways or any other road with or without drainage system","Karnataka","BENGALURU URBAN(DEPUTY COMMISSIONER BANGALORE URBAN_IDA)","Shri Narayanasa K. Bhandage (2024-30) (2024-2030)","Elected MP","Formation and improvements to the road from Thimanna’s house to Ramesh’s house in Donekal village in Hesarghatta Panchayath limits, Yelahanka Taluk, Bangalore Urban District, Bangalore","03-Sep-2024","24-Oct-2024","499575","Physical Inspection"
"355","Normal/Others","WS/MP18364/2024-2025/138214-Construction of roads, link roads, pathways or any other road with or without drainage system","Karnataka","BENGALURU URBAN(DEPUTY COMMISSIONER BANGALORE URBAN_IDA)","Shri Narayanasa K. Bhandage (2024-30) (2024-2030)","Elected MP","Formation and improvements to the road from Krishnamurthy’s house to Ravikumar’s house in Donekal village in Hesarghatta Panchayath limits, Yelahanka Taluk, Bangalore Urban District, Bangalore","03-Sep-2024","24-Oct-2024","499575","Physical Inspection"
"356","Normal/Others","WS/MP18364/2024-2025/138215-Construction of roads, link roads, pathways or any other road with or without drainage system","Karnataka","BENGALURU URBAN(DEPUTY COMMISSIONER BANGALORE URBAN_IDA)","Shri Narayanasa K. Bhandage (2024-30) (2024-2030)","Elected MP","Formation and improvements to the road from Rajanna’s house to Ramkrishnappa’s house in Donekal village in Hesarghatta Panchayath limits, Yelahanka Taluk, Bangalore Urban District, Bangalore","03-Sep-2024","24-Oct-2024","499575","Physical Inspection"
"357","Normal/Others","WS/MP18364/2024-2025/138216-Construction of roads, link roads, pathways or any other road with or without drainage system","Karnataka","BENGALURU URBAN(DEPUTY COMMISSIONER BANGALORE URBAN_IDA)","Shri Narayanasa K. Bhandage (2024-30) (2024-2030)","Elected MP","Formation and improvements to the road from Nagapura main road to Hesarghatta farm main road in Hesarghatta Panchayath limits, Yelahanka Taluk, Bangalore Urban District, Bangalore","03-Sep-2024","24-Oct-2024","499575","Physical Inspection"
"358","Normal/Others","WS/MP18364/2024-2025/138220-Construction of roads, link roads, pathways or any other road with or without drainage system","Karnataka","BENGALURU URBAN(DEPUTY COMMISSIONER BANGALORE URBAN_IDA)","Shri Narayanasa K. Bhandage (2024-30) (2024-2030)","Elected MP","Formation and improvements to the road from Hesarghatta Sparsha Trust main road to Bhimanna’s house in Hesarghatta Panchayath limits, Yelahanka Taluk, Bangalore Urban District, Bangalore","03-Sep-2024","20-Nov-2024","499466","Physical Inspection"
"359","Normal/Others","WS/MP18364/2024-2025/138221-Construction of roads, link roads, pathways or any other road with or without drainage system","Karnataka","BENGALURU URBAN(DEPUTY COMMISSIONER BANGALORE URBAN_IDA)","Shri Narayanasa K. Bhandage (2024-30) (2024-2030)","Elected MP","Formation and improvements to the road from Hesarghatta Sparsha Trust main road to Chamundeshwari Temple road in Hesarghatta Panchayath limits, Yelahanka Taluk, Bangalore Urban District, Bangalore","03-Sep-2024","20-Nov-2024","499466","Physical Inspection"
"360","Normal/Others","WS/MP18364/2024-2025/138222-Construction of roads, link roads, pathways or any other road with or without drainage system","Karnataka","BENGALURU URBAN(DEPUTY COMMISSIONER BANGALORE URBAN_IDA)","Shri Narayanasa K. Bhandage (2024-30) (2024-2030)","Elected MP","Formation and improvements to the road from Chandrappa’s house to Rajanna’s house in Hesarghatta Panchayath limits, Yelahanka Taluk, Bangalore Urban District, Bangalore","03-Sep-2024","20-Nov-2024","499466","Physical Inspection"
"361","Normal/Others","WS/MP18364/2024-2025/138223-Construction of roads, link roads, pathways or any other road with or without drainage system","Karnataka","BENGALURU URBAN(DEPUTY COMMISSIONER BANGALORE URBAN_IDA)","Shri Narayanasa K. Bhandage (2024-30) (2024-2030)","Elected MP","Formation and improvements to the road from Ramesh’s house to Ramachandra’s house in Hesarghatta Panchayath limits, Yelahanka Taluk, Bangalore Urban District, Bangalore","03-Sep-2024","20-Nov-2024","499466","Physical Inspection"
"362","Normal/Others","WS/MP18364/2024-2025/138224-Construction of roads, link roads, pathways or any other road with or without drainage system","Karnataka","BENGALURU URBAN(DEPUTY COMMISSIONER BANGALORE URBAN_IDA)","Shri Narayanasa K. Bhandage (2024-30) (2024-2030)","Elected MP","Formation and improvements to the road from Jayaramaiah’s house to Kumar’s house in Hesarghatta Panchayath limits, Yelahanka Taluk, Bangalore Urban District, Bangalore","03-Sep-2024","20-Nov-2024","499466","Physical Inspection"
"363","Normal/Others","WS/MP084/2024-2025/139540-Construction of roads, link roads, pathways or any other road with or without drainage system","Karnataka","BENGALURU URBAN(DEPUTY COMMISSIONER BANGALORE URBAN_IDA)","Shri Jaggesh (2022-28) (2022-2028)","Elected MP","Road Development Work at Madavara Village, Madanaiyakanahalli City Council, Yelahanka Assembly, Bengaluru North Taluk, Bengaluru Urban District.","06-Sep-2024","30-Dec-2024","4000000","Physical Inspection"
"364","Normal/Others","WS/MP084/2024-2025/139541-Construction of roads, link roads, pathways or any other road with or without drainage system","Karnataka","BENGALURU URBAN(DEPUTY COMMISSIONER BANGALORE URBAN_IDA)","Shri Jaggesh (2022-28) (2022-2028)","Elected MP","Road Development Work at Narayanappana Palya Village, Dasanapura Gram Panchayat, Yelahanka Assembly, Bengaluru North Taluk, Bengaluru Urban District.","06-Sep-2024","30-Dec-2024","5000000","Physical Inspection"
"365","Normal/Others","WS/MP084/2024-2025/139542-Construction of roads, link roads, pathways or any other road with or without drainage system","Karnataka","BENGALURU URBAN(DEPUTY COMMISSIONER BANGALORE URBAN_IDA)","Shri Jaggesh (2022-28) (2022-2028)","Elected MP","Road Development Work at Giddenahalli (Mahimanna Palya), Kadabagere Grama Panchayat, Yelahanka Assembly, Bengaluru North Taluk, Bengaluru Urban District.","06-Sep-2024","30-Dec-2024","1000000","Physical Inspection"
"366","Normal/Others","WS/MP18296/2024-2025/147343-Construction of roads, link roads, pathways or any other road with or without drainage system","Karnataka","RAICHUR(DEPUTY COMMISSIONER RAICHUR_IDA)","Dr. Syed Naseer Hussain (2024-30) (2024-2030)","Elected MP","Construction CC Road","15-Oct-2024","29-Nov-2024","500000","Work partially Completed"
"367","Normal/Others","WS/MP18296/2024-2025/147361-Construction of roads, link roads, pathways or any other road with or without drainage system","Karnataka","RAICHUR(DEPUTY COMMISSIONER RAICHUR_IDA)","Dr. Syed Naseer Hussain (2024-30) (2024-2030)","Elected MP","Construction of CC Road","15-Oct-2024","29-Nov-2024","500000","Work partially Completed"
"368","Normal/Others","WS/MP18364/2024-2025/147681-Construction of roads, link roads, pathways or any other road with or without drainage system","Karnataka","BENGALURU URBAN(DEPUTY COMMISSIONER BANGALORE URBAN_IDA)","Shri Narayanasa K. Bhandage (2024-30) (2024-2030)","Elected MP","Construction of Road development works.","29-Oct-2024","23-Dec-2024","499516","Physical Inspection"
"369","Normal/Others","WS/MP18364/2024-2025/147683-Construction of roads, link roads, pathways or any other road with or without drainage system","Karnataka","BENGALURU URBAN(DEPUTY COMMISSIONER BANGALORE URBAN_IDA)","Shri Narayanasa K. Bhandage (2024-30) (2024-2030)","Elected MP","Construction of Road development works.","29-Oct-2024","23-Dec-2024","499516","Physical Inspection"
"370","Normal/Others","WS/MP18364/2024-2025/147693-Construction of roads, link roads, pathways or any other road with or without drainage system","Karnataka","BENGALURU URBAN(DEPUTY COMMISSIONER BANGALORE URBAN_IDA)","Shri Narayanasa K. Bhandage (2024-30) (2024-2030)","Elected MP","Construction of Road development works.","29-Oct-2024","23-Dec-2024","499516","Physical Inspection"
"371","Normal/Others","WS/MP18364/2024-2025/147727-Construction of roads, link roads, pathways or any other road with or without drainage system","Karnataka","BENGALURU URBAN(DEPUTY COMMISSIONER BANGALORE URBAN_IDA)","Shri Narayanasa K. Bhandage (2024-30) (2024-2030)","Elected MP","Construction of Road development works.","29-Oct-2024","23-Dec-2024","499458","Physical Inspection"
"372","Normal/Others","WS/MP18364/2024-2025/147762-Construction of roads, link roads, pathways or any other road with or without drainage system","Karnataka","BENGALURU URBAN(DEPUTY COMMISSIONER BANGALORE URBAN_IDA)","Shri Narayanasa K. Bhandage (2024-30) (2024-2030)","Elected MP","Construction of Road Development works.","29-Oct-2024","23-Dec-2024","499246","Physical Inspection"
"373","Normal/Others","WS/MP18364/2024-2025/147764-Construction of roads, link roads, pathways or any other road with or without drainage system","Karnataka","BENGALURU URBAN(DEPUTY COMMISSIONER BANGALORE URBAN_IDA)","Shri Narayanasa K. Bhandage (2024-30) (2024-2030)","Elected MP","Construction of Road development works.","29-Oct-2024","23-Dec-2024","499516","Physical Inspection"
"374","Normal/Others","WS/MP18364/2024-2025/148138-Construction of roads, link roads, pathways or any other road with or without drainage system","Karnataka","BENGALURU URBAN(DEPUTY COMMISSIONER BANGALORE URBAN_IDA)","Shri Narayanasa K. Bhandage (2024-30) (2024-2030)","Elected MP","Construction of Road Development works.","29-Oct-2024","23-Dec-2024","499516","Physical Inspection"
"375","Normal/Others","WS/MP18364/2024-2025/148139-Construction of roads, link roads, pathways or any other road with or without drainage system","Karnataka","BENGALURU URBAN(DEPUTY COMMISSIONER BANGALORE URBAN_IDA)","Shri Narayanasa K. Bhandage (2024-30) (2024-2030)","Elected MP","Construction of Road Development works.","29-Oct-2024","23-Dec-2024","499516","Physical Inspection"
"376","Normal/Others","WS/MP18364/2024-2025/148140-Construction of roads, link roads, pathways or any other road with or without drainage system","Karnataka","BENGALURU URBAN(DEPUTY COMMISSIONER BANGALORE URBAN_IDA)","Shri Narayanasa K. Bhandage (2024-30) (2024-2030)","Elected MP","Construction of Road Development works.","29-Oct-2024","23-Dec-2024","499516","Physical Inspection"
"377","Normal/Others","WS/MP18364/2024-2025/148311-Construction of roads, link roads, pathways or any other road with or without drainage system","Karnataka","BENGALURU URBAN(DEPUTY COMMISSIONER BANGALORE URBAN_IDA)","Shri Narayanasa K. Bhandage (2024-30) (2024-2030)","Elected MP","Construction of Road Development works.","29-Oct-2024","23-Dec-2024","499516","Physical Inspection"
"378","Normal/Others","WS/MP18364/2024-2025/148313-Construction of roads, link roads, pathways or any other road with or without drainage system","Karnataka","BENGALURU URBAN(DEPUTY COMMISSIONER BANGALORE URBAN_IDA)","Shri Narayanasa K. Bhandage (2024-30) (2024-2030)","Elected MP","Construction of Road Development works.","29-Oct-2024","23-Dec-2024","499516","Physical Inspection"
"379","Normal/Others","WS/MP18364/2024-2025/148316-Construction of roads, link roads, pathways or any other road with or without drainage system","Karnataka","BENGALURU URBAN(DEPUTY COMMISSIONER BANGALORE URBAN_IDA)","Shri Narayanasa K. Bhandage (2024-30) (2024-2030)","Elected MP","Construction of Road Development works.","29-Oct-2024","23-Dec-2024","499516","Physical Inspection"
"380","Normal/Others","WS/MP18364/2024-2025/148318-Construction of roads, link roads, pathways or any other road with or without drainage system","Karnataka","BENGALURU URBAN(DEPUTY COMMISSIONER BANGALORE URBAN_IDA)","Shri Narayanasa K. Bhandage (2024-30) (2024-2030)","Elected MP","Construction of Road Development works.","29-Oct-2024","23-Dec-2024","498707","Physical Inspection"
"381","Normal/Others","WS/MP18364/2024-2025/149954-Construction of roads, link roads, pathways or any other road with or without drainage system","Karnataka","BENGALURU URBAN(DEPUTY COMMISSIONER BANGALORE URBAN_IDA)","Shri Narayanasa K. Bhandage (2024-30) (2024-2030)","Elected MP","C.C.Road Development work.","04-Nov-2024","17-Mar-2025","499534","Physical Inspection"
"382","Normal/Others","WS/MP18364/2024-2025/149955-Construction of roads, link roads, pathways or any other road with or without drainage system","Karnataka","BENGALURU URBAN(DEPUTY COMMISSIONER BANGALORE URBAN_IDA)","Shri Narayanasa K. Bhandage (2024-30) (2024-2030)","Elected MP","C.C.Road Development work.","04-Nov-2024","17-Mar-2025","499534","Physical Inspection"
"383","Normal/Others","WS/MP18364/2024-2025/149956-Construction of roads, link roads, pathways or any other road with or without drainage system","Karnataka","BENGALURU URBAN(DEPUTY COMMISSIONER BANGALORE URBAN_IDA)","Shri Narayanasa K. Bhandage (2024-30) (2024-2030)","Elected MP","C.C.Road Development work.","04-Nov-2024","17-Mar-2025","499534","Physical Inspection"
"384","Normal/Others","WS/MP18364/2024-2025/149974-Construction of roads, link roads, pathways or any other road with or without drainage system","Karnataka","BENGALURU URBAN(DEPUTY COMMISSIONER BANGALORE URBAN_IDA)","Shri Narayanasa K. Bhandage (2024-30) (2024-2030)","Elected MP","C.C.Road Development work.","04-Nov-2024","17-Mar-2025","499534","Physical Inspection"
"385","Normal/Others","WS/MP18364/2024-2025/149975-Construction of roads, link roads, pathways or any other road with or without drainage system","Karnataka","BENGALURU URBAN(DEPUTY COMMISSIONER BANGALORE URBAN_IDA)","Shri Narayanasa K. Bhandage (2024-30) (2024-2030)","Elected MP","C.C.Road Development work.","04-Nov-2024","17-Mar-2025","499534","Physical Inspection"
"386","Normal/Others","WS/MP18364/2024-2025/149984-Construction of roads, link roads, pathways or any other road with or without drainage system","Karnataka","BENGALURU URBAN(DEPUTY COMMISSIONER BANGALORE URBAN_IDA)","Shri Narayanasa K. Bhandage (2024-30) (2024-2030)","Elected MP","C.C.Road Development work.","04-Nov-2024","17-Mar-2025","499534","Physical Inspection"
"387","Normal/Others","WS/MP18364/2024-2025/149985-Construction of roads, link roads, pathways or any other road with or without drainage system","Karnataka","BENGALURU URBAN(DEPUTY COMMISSIONER BANGALORE URBAN_IDA)","Shri Narayanasa K. Bhandage (2024-30) (2024-2030)","Elected MP","C.C.Road Development work.","04-Nov-2024","17-Mar-2025","499534","Physical Inspection"
"388","Normal/Others","WS/MP18364/2024-2025/149987-Construction of roads, link roads, pathways or any other road with or without drainage system","Karnataka","BENGALURU URBAN(DEPUTY COMMISSIONER BANGALORE URBAN_IDA)","Shri Narayanasa K. Bhandage (2024-30) (2024-2030)","Elected MP","C.C.Road Development work.","04-Nov-2024","17-Mar-2025","499534","Physical Inspection"
"389","Normal/Others","WS/MP18296/2024-2025/155197-Construction of roads, link roads, pathways or any other road with or without drainage system","Karnataka","BALLARI(DEPUTY COMMISSIONER BELLARY_IDA)","Dr. Syed Naseer Hussain (2024-30) (2024-2030)","Elected MP","Construction of CC Roads at Ward No. 30","26-Nov-2024","14-Mar-2025","10000000","Work partially Completed"
"390","Normal/Others","WS/MP18296/2024-2025/155199-Construction of roads, link roads, pathways or any other road with or without drainage system","Karnataka","BALLARI(DEPUTY COMMISSIONER BELLARY_IDA)","Dr. Syed Naseer Hussain (2024-30) (2024-2030)","Elected MP","Construction of CC Roads","26-Nov-2024","14-Mar-2025","2500000","Work partially Completed"
"391","Normal/Others","WS/MP18296/2024-2025/155200-Construction of roads, link roads, pathways or any other road with or without drainage system","Karnataka","BALLARI(DEPUTY COMMISSIONER BELLARY_IDA)","Dr. Syed Naseer Hussain (2024-30) (2024-2030)","Elected MP","Construction of CC Roads & Drains","26-Nov-2024","14-Mar-2025","3000000","Work partially Completed"
"392","Normal/Others","WS/MP18296/2024-2025/155201-Construction of roads, link roads, pathways or any other road with or without drainage system","Karnataka","BALLARI(DEPUTY COMMISSIONER BELLARY_IDA)","Dr. Syed Naseer Hussain (2024-30) (2024-2030)","Elected MP","Construction of CC Roads & Covering Slabs","26-Nov-2024","14-Mar-2025","1500000","Work partially Completed"
"393","Normal/Others","WS/MP18296/2024-2025/155203-Construction of roads, link roads, pathways or any other road with or without drainage system","Karnataka","BALLARI(DEPUTY COMMISSIONER BELLARY_IDA)","Dr. Syed Naseer Hussain (2024-30) (2024-2030)","Elected MP","Construction of CC Roads & Drains","26-Nov-2024","14-Mar-2025","3000000","Work partially Completed"
"394","Normal/Others","WS/MP18296/2024-2025/155205-Construction of roads, link roads, pathways or any other road with or without drainage system","Karnataka","BALLARI(DEPUTY COMMISSIONER BELLARY_IDA)","Dr. Syed Naseer Hussain (2024-30) (2024-2030)","Elected MP","Construction of CC Roads and Drains","26-Nov-2024","14-Mar-2025","4000000","Work partially Completed"
"395","Normal/Others","WS/MP18296/2024-2025/155208-Construction of roads, link roads, pathways or any other road with or without drainage system","Karnataka","BALLARI(DEPUTY COMMISSIONER BELLARY_IDA)","Dr. Syed Naseer Hussain (2024-30) (2024-2030)","Elected MP","Construction of CC Roads & Drains","26-Nov-2024","14-Mar-2025","2500000","Work partially Completed"
"396","Normal/Others","WS/MP18364/2024-2025/155218-Construction of roads, link roads, pathways or any other road with or without drainage system","Karnataka","BENGALURU URBAN(DEPUTY COMMISSIONER BANGALORE URBAN_IDA)","Shri Narayanasa K. Bhandage (2024-30) (2024-2030)","Elected MP","Construction of Road Development Works.","26-Nov-2024","20-Jan-2025","499466","Physical Inspection"
"397","Normal/Others","WS/MP18364/2024-2025/155219-Construction of roads, link roads, pathways or any other road with or without drainage system","Karnataka","BENGALURU URBAN(DEPUTY COMMISSIONER BANGALORE URBAN_IDA)","Shri Narayanasa K. Bhandage (2024-30) (2024-2030)","Elected MP","Construction of Road Development Works.","26-Nov-2024","20-Jan-2025","499466","Physical Inspection"
"398","Normal/Others","WS/MP086/2025-2026/155279-Construction of roads, link roads, pathways or any other road with or without drainage system","Karnataka","BENGALURU RURAL(DEPUTY COMMISSIONER BANGALORE RURAL SBM URBAN)","Shri G.C. Chandrashekhar (2024-30) (2024-2030)","Elected MP","construction of concrete road from venkatanarasamma home to lakshminarasimha swamy temple, hosahalli village, sasli hobli, dodballapura taluk, Bengalore rural","27-Nov-2024","16-Aug-2025","490000","Physical Inspection"
"399","Normal/Others","WS/MP086/2025-2026/155280-Construction of roads, link roads, pathways or any other road with or without drainage system","Karnataka","BENGALURU RURAL(DEPUTY COMMISSIONER BANGALORE RURAL SBM URBAN)","Shri G.C. Chandrashekhar (2024-30) (2024-2030)","Elected MP","construction of concrete road from lakshminarasimha swamy temple to Kote pattabhiramaiah home, hosahalli village, sasli hobli, dodballapura taluk, Bengalore rural","27-Nov-2024","16-Aug-2025","490000","Physical Inspection"
"400","Normal/Others","WS/MP084/2025-2026/158957-Construction of roads, link roads, pathways or any other road with or without drainage system","Karnataka","MANDYA(DEPUTY COMMISSIONER MANDYA_IDA)","Shri Jaggesh (2022-28) (2022-2028)","Elected MP","Road Development Work at Kodeyala village, Hospital Road, Kothati Hobli, Shrirangapattana Taluk, Mandya District.","16-Dec-2024","22-Aug-2025","500000","Vendor Identification"
"401","Normal/Others","WS/MP086/2025-2026/159379-Construction of roads, link roads, pathways or any other road with or without drainage system","Karnataka","BENGALURU URBAN(DEPUTY COMMISSIONER BANGALORE URBAN_IDA)","Shri G.C. Chandrashekhar (2024-30) (2024-2030)","Elected MP","Road development work behind Yallappanapalya Village Bus Stand, Bangalore South Taluk, Bangalore urban","17-Dec-2024","09-Apr-2025","499784","Physical Inspection"
"402","Normal/Others","WS/MP086/2025-2026/159380-Construction of roads, link roads, pathways or any other road with or without drainage system","Karnataka","BENGALURU URBAN(DEPUTY COMMISSIONER BANGALORE URBAN_IDA)","Shri G.C. Chandrashekhar (2024-30) (2024-2030)","Elected MP","Road development work in front of Yellappanapallya Milk Producers Association, Bangalore Urban District, Bangalore South Taluk","17-Dec-2024","09-Apr-2025","499327","Physical Inspection"
"403","Normal/Others","WS/MP086/2025-2026/159382-Construction of roads, link roads, pathways or any other road with or without drainage system","Karnataka","BENGALURU URBAN(DEPUTY COMMISSIONER BANGALORE URBAN_IDA)","Shri G.C. Chandrashekhar (2024-30) (2024-2030)","Elected MP","Road development works near Maramma temple at Yallappanapalya village, Bangalore South taluk, Bangalore Urban district.","17-Dec-2024","09-Apr-2025","498202","Physical Inspection"
"404","Normal/Others","WS/MP086/2025-2026/159383-Construction of roads, link roads, pathways or any other road with or without drainage system","Karnataka","BENGALURU URBAN(DEPUTY COMMISSIONER BANGALORE URBAN_IDA)","Shri G.C. Chandrashekhar (2024-30) (2024-2030)","Elected MP","Road development work in Yallappanapalya Village, Bangalore South Taluk, Bangalore Urban District","17-Dec-2024","09-Apr-2025","499327","Physical Inspection"
"405","Normal/Others","WS/MP086/2025-2026/159385-Construction of roads, link roads, pathways or any other road with or without drainage system","Karnataka","BENGALURU URBAN(DEPUTY COMMISSIONER BANGALORE URBAN_IDA)","Shri G.C. Chandrashekhar (2024-30) (2024-2030)","Elected MP","Road development work from Yallappanapalya village main road to Raju's house, Bangalore Urban District, Bangalore South Taluk","17-Dec-2024","09-Apr-2025","499054","Physical Inspection"
"406","Normal/Others","WS/MP086/2025-2026/159386-Construction of roads, link roads, pathways or any other road with or without drainage system","Karnataka","BENGALURU URBAN(DEPUTY COMMISSIONER BANGALORE URBAN_IDA)","Shri G.C. Chandrashekhar (2024-30) (2024-2030)","Elected MP","Road development work from Raju's house to Ramakka's house in Yallappanapalya village, Bangalore Urban District, Bangalore South Taluk","17-Dec-2024","09-Apr-2025","499509","Physical Inspection"
"407","Normal/Others","WS/MP086/2025-2026/159390-Construction of roads, link roads, pathways or any other road with or without drainage system","Karnataka","BENGALURU URBAN(DEPUTY COMMISSIONER BANGALORE URBAN_IDA)","Shri G.C. Chandrashekhar (2024-30) (2024-2030)","Elected MP","Road development work from Raju's house to Lingaya's house in Yallappanapalya village, Bangalore Urban District, Bangalore South Taluk.","17-Dec-2024","09-Apr-2025","498972","Physical Inspection"
"408","Normal/Others","WS/MP086/2025-2026/159394-Construction of roads, link roads, pathways or any other road with or without drainage system","Karnataka","BENGALURU URBAN(DEPUTY COMMISSIONER BANGALORE URBAN_IDA)","Shri G.C. Chandrashekhar (2024-30) (2024-2030)","Elected MP","Development Work in Bangalore Urban District, Bangalore South Taluk, Kempagondanahalli Village Main Road to Majeed House Road","17-Dec-2024","09-Apr-2025","499109","Physical Inspection"
"409","Normal/Others","WS/MP086/2025-2026/159395-Construction of roads, link roads, pathways or any other road with or without drainage system","Karnataka","BENGALURU URBAN(DEPUTY COMMISSIONER BANGALORE URBAN_IDA)","Shri G.C. Chandrashekhar (2024-30) (2024-2030)","Elected MP","Road development work from Ratnamma house to Bairamma house in Yallappanapalya village, Bangalore Urban district, Bangalore South taluk.","17-Dec-2024","09-Apr-2025","499587","Physical Inspection"
"410","Normal/Others","WS/MP086/2025-2026/161185-Construction of roads, link roads, pathways or any other road with or without drainage system","Karnataka","CHITRADURGA(DEPUTY COMMISSIONER CHITRADURGA_IDA)","Shri G.C. Chandrashekhar (2024-30) (2024-2030)","Elected MP","construction of roads from talakunayakanahatti to obayanahatti village, in chitradurga district, challakere talluk, nayakanahatti hobli","24-Dec-2024","03-Jul-2025","490000","Work partially Completed"
"411","Normal/Others","WS/MP086/2025-2026/170925-Construction of roads, link roads, pathways or any other road with or without drainage system","Karnataka","BENGALURU URBAN(DEPUTY COMMISSIONER BANGALORE URBAN_IDA)","Shri G.C. Chandrashekhar (2024-30) (2024-2030)","Elected MP","Development of Road at 9th main, 40th mainroad, ward no 178, JP nagar 1st phase, Bangalore","31-Jan-2025","21-Jun-2025","499201","Physical Inspection"
"412","Normal/Others","WS/MP18364/2025-2026/172293-Construction of roads, link roads, pathways or any other road with or without drainage system","Karnataka","BENGALURU URBAN(DEPUTY COMMISSIONER BANGALORE URBAN_IDA)","Shri Narayanasa K. Bhandage (2024-30) (2024-2030)","Elected MP","Construction of Roads.","12-Feb-2025","04-Apr-2025","499575","Physical Inspection"
"413","Normal/Others","WS/MP18364/2025-2026/172294-Construction of roads, link roads, pathways or any other road with or without drainage system","Karnataka","BENGALURU URBAN(DEPUTY COMMISSIONER BANGALORE URBAN_IDA)","Shri Narayanasa K. Bhandage (2024-30) (2024-2030)","Elected MP","Construction of Roads.","12-Feb-2025","04-Apr-2025","499575","Physical Inspection"
"414","Normal/Others","WS/MP18364/2025-2026/172295-Construction of roads, link roads, pathways or any other road with or without drainage system","Karnataka","BENGALURU URBAN(DEPUTY COMMISSIONER BANGALORE URBAN_IDA)","Shri Narayanasa K. Bhandage (2024-30) (2024-2030)","Elected MP","Construction of Roads.","12-Feb-2025","04-Apr-2025","499575","Physical Inspection"
"415","Normal/Others","WS/MP18364/2025-2026/172643-Construction of roads, link roads, pathways or any other road with or without drainage system","Karnataka","BENGALURU URBAN(DEPUTY COMMISSIONER BANGALORE URBAN_IDA)","Shri Narayanasa K. Bhandage (2024-30) (2024-2030)","Elected MP","Construction of Roads.","12-Feb-2025","04-Apr-2025","499575","Physical Inspection"
"416","Normal/Others","WS/MP18364/2025-2026/172644-Construction of roads, link roads, pathways or any other road with or without drainage system","Karnataka","BENGALURU URBAN(DEPUTY COMMISSIONER BANGALORE URBAN_IDA)","Shri Narayanasa K. Bhandage (2024-30) (2024-2030)","Elected MP","Construction of Roads.","12-Feb-2025","04-Apr-2025","499575","Physical Inspection"
"417","Normal/Others","WS/MP086/2025-2026/172305-Construction of roads, link roads, pathways or any other road with or without drainage system","Karnataka","HASSAN(DEPUTY COMMISSIONER HASSAN_IDA)","Shri G.C. Chandrashekhar (2024-30) (2024-2030)","Elected MP","Development of road work from Basavapattana and Belavadi main road to Karahally Channayya and Gare Jayanna house at Belavadi Grama, Doddamagge Hobali, Arakalagud Taluk, Hassan District","04-Feb-2025","29-Dec-2025","500000","Work partially Completed"
"418","Normal/Others","WS/MP086/2025-2026/172334-Construction of roads, link roads, pathways or any other road with or without drainage system","Karnataka","HASSAN(DEPUTY COMMISSIONER HASSAN_IDA)","Shri G.C. Chandrashekhar (2024-30) (2024-2030)","Elected MP","Development of road work from Thattavalu main road to Siddanakatti at Tattavalu Grama, Doddamagge Hobali, Arakalagud Taluk, Hassan District","04-Feb-2025","29-Dec-2025","500000","Work partially Completed"
"419","Normal/Others","WS/MP086/2025-2026/172339-Construction of roads, link roads, pathways or any other road with or without drainage system","Karnataka","BENGALURU URBAN(DEPUTY COMMISSIONER BANGALORE URBAN_IDA)","Shri G.C. Chandrashekhar (2024-30) (2024-2030)","Elected MP","construction of concrete road at Yellappanapalya village, Mehaboob house near, Bangalore south, Bangalore","04-Feb-2025","05-Apr-2025","499634","Physical Inspection"
"420","Normal/Others","WS/MP18364/2025-2026/172646-Construction of roads, link roads, pathways or any other road with or without drainage system","Karnataka","BENGALURU URBAN(DEPUTY COMMISSIONER BANGALORE URBAN_IDA)","Shri Narayanasa K. Bhandage (2024-30) (2024-2030)","Elected MP","Construction of Roads.","12-Feb-2025","04-Apr-2025","499575","Physical Inspection"
"421","Normal/Others","WS/MP18364/2025-2026/173242-Construction of roads, link roads, pathways or any other road with or without drainage system","Karnataka","BENGALURU URBAN(DEPUTY COMMISSIONER BANGALORE URBAN_IDA)","Shri Narayanasa K. Bhandage (2024-30) (2024-2030)","Elected MP","Construction of C.C Roads.","12-Feb-2025","04-Apr-2025","499246","Physical Inspection"
"422","Normal/Others","WS/MP18364/2025-2026/173245-Construction of roads, link roads, pathways or any other road with or without drainage system","Karnataka","BENGALURU URBAN(DEPUTY COMMISSIONER BANGALORE URBAN_IDA)","Shri Narayanasa K. Bhandage (2024-30) (2024-2030)","Elected MP","Construction of C.C Roads.","12-Feb-2025","04-Apr-2025","499246","Physical Inspection"
"423","Normal/Others","WS/MP18364/2025-2026/173247-Construction of roads, link roads, pathways or any other road with or without drainage system","Karnataka","BENGALURU URBAN(DEPUTY COMMISSIONER BANGALORE URBAN_IDA)","Shri Narayanasa K. Bhandage (2024-30) (2024-2030)","Elected MP","Construction of C.C Roads.","12-Feb-2025","04-Apr-2025","499516","Physical Inspection"
"424","Normal/Others","WS/MP18364/2025-2026/173278-Construction of roads, link roads, pathways or any other road with or without drainage system","Karnataka","BENGALURU URBAN(DEPUTY COMMISSIONER BANGALORE URBAN_IDA)","Shri Narayanasa K. Bhandage (2024-30) (2024-2030)","Elected MP","Construction of C.C Roads.","12-Feb-2025","04-Apr-2025","498408","Physical Inspection"
"425","Normal/Others","WS/MP086/2025-2026/174496-Construction of roads, link roads, pathways or any other road with or without drainage system","Karnataka","HASSAN(DEPUTY COMMISSIONER HASSAN_IDA)","Shri G.C. Chandrashekhar (2024-30) (2024-2030)","Elected MP","Development of road from the village of Navile to Prabhakar house at Kattepura Grama Panchayat, Arakalagud Talluk, Hassan district","08-Feb-2025","02-Mar-2026","500000","Physical Inspection"
"426","Normal/Others","WS/MP086/2025-2026/174500-Construction of roads, link roads, pathways or any other road with or without drainage system","Karnataka","HASSAN(DEPUTY COMMISSIONER HASSAN_IDA)","Shri G.C. Chandrashekhar (2024-30) (2024-2030)","Elected MP","Development of Road Ashokanna Site to Nale at Mallinathapura Village, Kattepura Grama Panchayath, Arakalagud Talluk, Hassan district","08-Feb-2025","02-Mar-2026","500000","Physical Inspection"
"427","Normal/Others","WS/MP086/2025-2026/174503-Construction of roads, link roads, pathways or any other road with or without drainage system","Karnataka","HASSAN(DEPUTY COMMISSIONER HASSAN_IDA)","Shri G.C. Chandrashekhar (2024-30) (2024-2030)","Elected MP","Development of Concrete road from Puttaswamygouda site to Basssappanagudi at Mallinathapura village, Kattepura Grama Panchayath, Arakalagud Talluk, Hasan district","08-Feb-2025","02-Mar-2026","500000","Physical Inspection"
"428","Normal/Others","WS/MP833/2025-2026/177647-Construction of roads, link roads, pathways or any other road with or without drainage system","Karnataka","CHIKKAMAGALURU(DEPUTY COMMISSIONER CHIKMAGALUR)","Shri Jairam Ramesh (2022-28) (2022-2028)","Elected MP","Asphalting of Naidu Street at ward No 10 of Chikkamagaluru CMC Limit","28-Feb-2025","07-Mar-2026","3000000","Sanction"
"429","Normal/Others","WS/MP833/2025-2026/177648-Construction of roads, link roads, pathways or any other road with or without drainage system","Karnataka","CHIKKAMAGALURU(DEPUTY COMMISSIONER CHIKMAGALUR)","Shri Jairam Ramesh (2022-28) (2022-2028)","Elected MP","Asphalting of JVS School Road  from I G Road Cross  of Chikkamagaluru City","28-Feb-2025","30-Jan-2026","800000","Work partially Completed"
"430","Normal/Others","WS/MP833/2025-2026/177649-Construction of roads, link roads, pathways or any other road with or without drainage system","Karnataka","CHIKKAMAGALURU(DEPUTY COMMISSIONER CHIKMAGALUR)","Shri Jairam Ramesh (2022-28) (2022-2028)","Elected MP","Asphalting of JVS School Road  from I G Road Cross  of Chikkamagaluru City","28-Feb-2025","30-Jan-2026","800000","Work partially Completed"
"431","Normal/Others","WS/MP833/2025-2026/177650-Construction of roads, link roads, pathways or any other road with or without drainage system","Karnataka","CHIKKAMAGALURU(DEPUTY COMMISSIONER CHIKMAGALUR)","Shri Jairam Ramesh (2022-28) (2022-2028)","Elected MP","Asphalting of JVS School Road  from I G Road Cross  of Chikkamagaluru City","28-Feb-2025","30-Jan-2026","800000","Work partially Completed"
"432","Normal/Others","WS/MP833/2026-2027/177946-Construction of roads, link roads, pathways or any other road with or without drainage system","Karnataka","CHIKKAMAGALURU(DEPUTY COMMISSIONER CHIKMAGALUR)","Shri Jairam Ramesh (2022-28) (2022-2028)","Elected MP","Asphalting of Shankarapura Road  Chikkamagaluru CMC limit","28-Feb-2025","20-Jul-2026","2000000","Sanction"
"433","Normal/Others","WS/MP833/2025-2026/177950-Construction of roads, link roads, pathways or any other road with or without drainage system","Karnataka","CHIKKAMAGALURU(DEPUTY COMMISSIONER CHIKMAGALUR)","Shri Jairam Ramesh (2022-28) (2022-2028)","Elected MP","Continued road work at Ward No 10 from Bairavi Medical to Ambedkar Road","28-Feb-2025","16-Sep-2025","700000","Work partially Completed"
"434","Normal/Others","WS/MP833/2025-2026/177983-Construction of roads, link roads, pathways or any other road with or without drainage system","Karnataka","CHIKKAMAGALURU(DEPUTY COMMISSIONER CHIKMAGALUR)","Shri Jairam Ramesh (2022-28) (2022-2028)","Elected MP","Development of Road from Hosapura Harijan  colony to Chennagowdanahalli Village","28-Feb-2025","21-Jan-2026","5000000","Work partially Completed"
"435","Normal/Others","WS/MP833/2025-2026/177985-Construction of roads, link roads, pathways or any other road with or without drainage system","Karnataka","CHIKKAMAGALURU(DEPUTY COMMISSIONER CHIKMAGALUR)","Shri Jairam Ramesh (2022-28) (2022-2028)","Elected MP","Development of Road from Kushalanagara Village to K.M. Road Cross of Bidrahalli Village","28-Feb-2025","21-Jan-2026","2500000","Physical Inspection"
"436","Normal/Others","WS/MP833/2025-2026/177988-Construction of roads, link roads, pathways or any other road with or without drainage system","Karnataka","CHIKKAMAGALURU(DEPUTY COMMISSIONER CHIKMAGALUR)","Shri Jairam Ramesh (2022-28) (2022-2028)","Elected MP","Development of Road from Danakkihara Village to Koodlu Village of Coove  Village Panchayath","28-Feb-2025","30-Jan-2026","1500000","Work partially Completed"
"437","Normal/Others","WS/MP833/2025-2026/177994-Construction of roads, link roads, pathways or any other road with or without drainage system","Karnataka","CHIKKAMAGALURU(DEPUTY COMMISSIONER CHIKMAGALUR)","Shri Jairam Ramesh (2022-28) (2022-2028)","Elected MP","Development of Bilumudi Road at Chavalmane V.P. of Koppa Taluk","28-Feb-2025","08-Sep-2025","400000","Work partially Completed"
"438","Normal/Others","WS/MP833/2025-2026/177997-Construction of roads, link roads, pathways or any other road with or without drainage system","Karnataka","CHIKKAMAGALURU(DEPUTY COMMISSIONER CHIKMAGALUR)","Shri Jairam Ramesh (2022-28) (2022-2028)","Elected MP","Development of  Road from Mavinamarada kattehole to Santhekere Road of Chikkingala VP Limit, Kasaba Hobli , Kadur  Taluk","28-Feb-2025","28-Nov-2025","2000000","Work partially Completed"
"439","Normal/Others","WS/MP833/2025-2026/178003-Construction of roads, link roads, pathways or any other road with or without drainage system","Karnataka","CHIKKAMAGALURU(DEPUTY COMMISSIONER CHIKMAGALUR)","Shri Jairam Ramesh (2022-28) (2022-2028)","Elected MP","Construction of concrete  Road at Ballavara Village of   Nandibatlu Village Panchayath","28-Feb-2025","15-Oct-2025","1000000","Work partially Completed"
"440","Normal/Others","WS/MP833/2025-2026/178006-Construction of roads, link roads, pathways or any other road with or without drainage system","Karnataka","CHIKKAMAGALURU(DEPUTY COMMISSIONER CHIKMAGALUR)","Shri Jairam Ramesh (2022-28) (2022-2028)","Elected MP","Continued road development of Ranganathaswamy Temple of Udeva Village at Udeva Village Panchayath","28-Feb-2025","04-Feb-2026","1000000","Sanction"
"441","Normal/Others","WS/MP833/2025-2026/178221-Construction of roads, link roads, pathways or any other road with or without drainage system","Karnataka","CHIKKAMAGALURU(DEPUTY COMMISSIONER CHIKMAGALUR)","Shri Jairam Ramesh (2022-28) (2022-2028)","Elected MP","Development of Road from Karakucci B Colony Village  main road to Govindappa House of karakucchi Village Panchayath  Limit","28-Feb-2025","30-Aug-2025","500000","Work partially Completed"
"442","Normal/Others","WS/MP833/2025-2026/178222-Construction of roads, link roads, pathways or any other road with or without drainage system","Karnataka","CHIKKAMAGALURU(DEPUTY COMMISSIONER CHIKMAGALUR)","Shri Jairam Ramesh (2022-28) (2022-2028)","Elected MP","Construction of road at Paramanaghatta Anjaneya Temple  at Galihalli Cross of Tarikere Municipal","28-Feb-2025","30-Jul-2025","1000000","Work partially Completed"
"443","Normal/Others","WS/MP084/2025-2026/190018-Construction of roads, link roads, pathways or any other road with or without drainage system","Karnataka","BENGALURU URBAN(DEPUTY COMMISSIONER BANGALORE URBAN_IDA)","Shri Jaggesh (2022-28) (2022-2028)","Elected MP","Construction of Cement Concrete Road (C C Road) at Machohalli village, Dasanapura Hobli, Bengaluru North Taluk, Bengaluru Urban, Karnataka","08-Apr-2025","17-Oct-2025","5000000","Physical Inspection"
"444","Normal/Others","WS/MP084/2025-2026/190019-Construction of roads, link roads, pathways or any other road with or without drainage system","Karnataka","BENGALURU URBAN(DEPUTY COMMISSIONER BANGALORE URBAN_IDA)","Shri Jaggesh (2022-28) (2022-2028)","Elected MP","Construction of Cement Concrete Road (C C Road) at Gangondanahalli village, Dasanapura Hobli, Bengaluru North Taluk, Bengaluru Urban, Karnataka","08-Apr-2025","17-Oct-2025","5000000","Physical Inspection"
"445","Normal/Others","WS/MP084/2025-2026/190020-Construction of roads, link roads, pathways or any other road with or without drainage system","Karnataka","BENGALURU URBAN(DEPUTY COMMISSIONER BANGALORE URBAN_IDA)","Shri Jaggesh (2022-28) (2022-2028)","Elected MP","Construction of Cement Concrete Road (C C Road) at Narayanappana Palya village, Dasanapura Hobli, Bengaluru North Taluk, Bengaluru Urban, Karnataka","08-Apr-2025","17-Oct-2025","3000000","Physical Inspection"
"446","Normal/Others","WS/MP084/2025-2026/190021-Construction of roads, link roads, pathways or any other road with or without drainage system","Karnataka","BENGALURU URBAN(DEPUTY COMMISSIONER BANGALORE URBAN_IDA)","Shri Jaggesh (2022-28) (2022-2028)","Elected MP","Construction of Cement Concrete Road (C C Road) at Thammenahalli village, Dasanapura Hobli, Bengaluru North Taluk, Bengaluru Urban, Karnataka","08-Apr-2025","17-Oct-2025","4000000","Physical Inspection"
"447","Normal/Others","WS/MP084/2026-2027/190022-Construction of roads, link roads, pathways or any other road with or without drainage system","Karnataka","BENGALURU URBAN(DEPUTY COMMISSIONER BANGALORE URBAN_IDA)","Shri Jaggesh (2022-28) (2022-2028)","Elected MP","Construction of Cement Concrete Road (C C Road) at Lakshmipura village, Yeshwanthapura Hobli, Bengaluru North Taluk, Bengaluru Urban, Karnataka","08-Apr-2025","21-May-2026","3000000","Physical Inspection"
"448","Normal/Others","WS/MP084/2025-2026/190707-Construction of roads, link roads, pathways or any other road with or without drainage system","Karnataka","BENGALURU URBAN(DEPUTY COMMISSIONER BANGALORE URBAN_IDA)","Shri Jaggesh (2022-28) (2022-2028)","Elected MP","Construction of Cement Concrete Road (C C Road) at Kadabagere village, Dasanapura Hobli, Bengaluru North Taluk, Bengaluru Urban, Karnataka","12-Apr-2025","20-Jun-2025","4000000","Physical Inspection"
"449","Normal/Others","WS/MP084/2025-2026/190708-Construction of roads, link roads, pathways or any other road with or without drainage system","Karnataka","BENGALURU URBAN(DEPUTY COMMISSIONER BANGALORE URBAN_IDA)","Shri Jaggesh (2022-28) (2022-2028)","Elected MP","Construction of Cement Concrete Road (C C Road) at Kuduragere village, Dasanapura Hobli, Bengaluru North Taluk, Bengaluru Urban, Karnataka","12-Apr-2025","20-Jun-2025","3000000","Physical Inspection"
"450","Normal/Others","WS/MP084/2025-2026/190709-Construction of roads, link roads, pathways or any other road with or without drainage system","Karnataka","BENGALURU URBAN(DEPUTY COMMISSIONER BANGALORE URBAN_IDA)","Shri Jaggesh (2022-28) (2022-2028)","Elected MP","Construction of Cement Concrete Road (C C Road) at Heggadadevanapura village, Dasanapura Hobli, Bengaluru North Taluk, Bengaluru Urban, Karnataka","12-Apr-2025","20-Jun-2025","3000000","Physical Inspection"
"451","Normal/Others","WS/MP18421/2026-2027/290263-Construction of buildings for sports facilities","Karnataka","KODAGU(Deputy Commsioner Kodagu_ida)","Shri Ajay Makan (2024-30) (2024-2030)","Elected MP","Construction of Sports Training Centre Admin Block Ground Floor (Phase-2)","29-Jun-2026","27-Jul-2026","19900000","Work partially Completed"
"452","Normal/Others","WS/MP18421/2025-2026/248277-Construction of buildings for training institutions","Karnataka","KODAGU(Deputy Commsioner Kodagu_ida)","Shri Ajay Makan (2024-30) (2024-2030)","Elected MP","Construction of Sports Training Centre","14-Nov-2025","26-Nov-2025","19950000","Work partially Completed"
"453","Normal/Others","WS/MP086/2024-2025/159255-Construction of buildings for multi-gym","Karnataka","KAITHAL(DC CUM NODAL OFFICERS MPLADS)","Shri G.C. Chandrashekhar (2024-30) (2024-2030)","Elected MP","Construction of Open Gym at Panchayat Khel stadium of Padla Village","17-Dec-2024","20-Feb-2025","350000","Work Completed"
"454","Normal/Others","WS/MP086/2024-2025/160664-Construction of buildings for multi-gym","Karnataka","KAITHAL(DC CUM NODAL OFFICERS MPLADS)","Shri G.C. Chandrashekhar (2024-30) (2024-2030)","Elected MP","Construction of Open Gym at Panchayat Play Ground (near Bijli Board) of Village Mundri","21-Dec-2024","20-Feb-2025","350000","Sanction"
"455","Normal/Others","WS/MP086/2024-2025/160668-Construction of buildings for multi-gym","Karnataka","KAITHAL(DC CUM NODAL OFFICERS MPLADS)","Shri G.C. Chandrashekhar (2024-30) (2024-2030)","Elected MP","Construction of Open Gym at Panchayat Play Ground (near on Main firni) of Village Naina","21-Dec-2024","20-Feb-2025","350000","Work Completed"
"456","Normal/Others","WS/MP086/2024-2025/160669-Construction of buildings for multi-gym","Karnataka","KAITHAL(DC CUM NODAL OFFICERS MPLADS)","Shri G.C. Chandrashekhar (2024-30) (2024-2030)","Elected MP","Construction of Open Gym at Panchayat Chopal No. - 2 of Village Khanoda","21-Dec-2024","20-Feb-2025","350000","Work partially Completed"
"457","Normal/Others","WS/MP086/2024-2025/159253-Installation of multi-gym equipment","Karnataka","KAITHAL(DC CUM NODAL OFFICERS MPLADS)","Shri G.C. Chandrashekhar (2024-30) (2024-2030)","Elected MP","Construction of Open Gym at Sirta Village Panchayat land near Guga Medi","17-Dec-2024","20-Feb-2025","350000","Sanction"
"458","Normal/Others","WS/MP833/2025-2026/16097-Installation of fixed garden gym equipment","Karnataka","CHIKKAMAGALURU(DEPUTY COMMISSIONER CHIKMAGALUR)","Shri Jairam Ramesh (2022-28) (2022-2028)","Elected MP","To buy Gim equipments and to buy playing equipments for children Park at Ammanni road.","04-Sep-2023","15-Oct-2025","500000","Work partially Completed"
"459","Normal/Others","WS/MP086/2024-2025/159256-Installation of fixed garden gym equipment","Karnataka","KAITHAL(DC CUM NODAL OFFICERS MPLADS)","Shri G.C. Chandrashekhar (2024-30) (2024-2030)","Elected MP","Construction of Open Gym at Panchayat Khel stadium of Geong Village","17-Dec-2024","20-Feb-2025","350000","Sanction"
"460","Normal/Others","WS/MP18364/2025-2026/151471-Development of public parks","Karnataka","GADAG(Deputy Commsioner Gadag_ida)","Shri Narayanasa K. Bhandage (2024-30) (2024-2030)","Elected MP","Development of public park.","26-Nov-2024","17-Mar-2026","500000","Vendor Identification"
"461","Normal/Others","WS/MP084/2025-2026/38658-Lighting of public spaces","Karnataka","TUMAKURU(DEPUTY COMMISSIONER TUMKUR_IDA)","Shri Jaggesh (2022-28) (2022-2028)","Elected MP","12/12.5 meter high mast light installation.","19-Oct-2023","30-Aug-2025","500000","Physical Inspection"
"462","Normal/Others","WS/MP084/2025-2026/38659-Lighting of public spaces","Karnataka","TUMAKURU(DEPUTY COMMISSIONER TUMKUR_IDA)","Shri Jaggesh (2022-28) (2022-2028)","Elected MP","12/12.5 meter high mast light installation work.","19-Oct-2023","30-Aug-2025","500000","Physical Inspection"
"463","Normal/Others","WS/MP084/2025-2026/38660-Lighting of public spaces","Karnataka","TUMAKURU(DEPUTY COMMISSIONER TUMKUR_IDA)","Shri Jaggesh (2022-28) (2022-2028)","Elected MP","12/12.5 meter high mast light installation work.","19-Oct-2023","30-Aug-2025","500000","Physical Inspection"
"464","Normal/Others","WS/MP084/2025-2026/38661-Lighting of public spaces","Karnataka","TUMAKURU(DEPUTY COMMISSIONER TUMKUR_IDA)","Shri Jaggesh (2022-28) (2022-2028)","Elected MP","12/12.5 meter high mast light installation.","19-Oct-2023","30-Aug-2025","500000","Physical Inspection"
"465","Normal/Others","WS/MP18364/2024-2025/147443-Lighting of public spaces","Karnataka","BENGALURU URBAN(DEPUTY COMMISSIONER BANGALORE URBAN_IDA)","Shri Narayanasa K. Bhandage (2024-30) (2024-2030)","Elected MP","Installation of High Mast Lights.","29-Oct-2024","23-Dec-2024","499048","Physical Inspection"
"466","Normal/Others","WS/MP18364/2024-2025/147675-Lighting of public spaces","Karnataka","BENGALURU URBAN(DEPUTY COMMISSIONER BANGALORE URBAN_IDA)","Shri Narayanasa K. Bhandage (2024-30) (2024-2030)","Elected MP","Installation of High Mast Lights","29-Oct-2024","23-Dec-2024","499048","Physical Inspection"
"467","Normal/Others","WS/MP18296/2025-2026/155154-Lighting of public spaces","Karnataka","BALLARI(DEPUTY COMMISSIONER BELLARY_IDA)","Dr. Syed Naseer Hussain (2024-30) (2024-2030)","Elected MP","Installation of High Mast Lights (16 Mtrs)","26-Nov-2024","02-Mar-2026","720000","Work partially Completed"
"468","Normal/Others","WS/MP18296/2025-2026/155158-Lighting of public spaces","Karnataka","BALLARI(DEPUTY COMMISSIONER BELLARY_IDA)","Dr. Syed Naseer Hussain (2024-30) (2024-2030)","Elected MP","Installation of High Mast Lights (16 Mtrs)","26-Nov-2024","02-Mar-2026","720000","Work partially Completed"
"469","Normal/Others","WS/MP18296/2025-2026/155163-Lighting of public spaces","Karnataka","BALLARI(DEPUTY COMMISSIONER BELLARY_IDA)","Dr. Syed Naseer Hussain (2024-30) (2024-2030)","Elected MP","Installation of High Mast Lights (12.5 Mtrs)","26-Nov-2024","02-Mar-2026","560000","Work partially Completed"
"470","Normal/Others","WS/MP18296/2025-2026/155165-Lighting of public spaces","Karnataka","BALLARI(DEPUTY COMMISSIONER BELLARY_IDA)","Dr. Syed Naseer Hussain (2024-30) (2024-2030)","Elected MP","Installation of High Mast Lights (12.5 Mtrs)","26-Nov-2024","02-Mar-2026","560000","Work partially Completed"
"471","Normal/Others","WS/MP18296/2025-2026/155171-Lighting of public spaces","Karnataka","BALLARI(DEPUTY COMMISSIONER BELLARY_IDA)","Dr. Syed Naseer Hussain (2024-30) (2024-2030)","Elected MP","Installation of High Mast Lights (12.5 Mtrs)","26-Nov-2024","02-Mar-2026","560000","Work partially Completed"
"472","Normal/Others","WS/MP18296/2025-2026/155176-Lighting of public spaces","Karnataka","BALLARI(DEPUTY COMMISSIONER BELLARY_IDA)","Dr. Syed Naseer Hussain (2024-30) (2024-2030)","Elected MP","Installation of High Mast Lights (16 Mtrs)","26-Nov-2024","02-Mar-2026","720000","Work partially Completed"
"473","Normal/Others","WS/MP18296/2025-2026/155188-Lighting of public spaces","Karnataka","BALLARI(DEPUTY COMMISSIONER BELLARY_IDA)","Dr. Syed Naseer Hussain (2024-30) (2024-2030)","Elected MP","Installation of High Mast Lights (12.5 Mtrs)","26-Nov-2024","02-Mar-2026","560000","Work partially Completed"
"474","Normal/Others","WS/MP18296/2025-2026/155193-Lighting of public spaces","Karnataka","BALLARI(DEPUTY COMMISSIONER BELLARY_IDA)","Dr. Syed Naseer Hussain (2024-30) (2024-2030)","Elected MP","Installation of High Mast Lights (12.5 Mtrs)","26-Nov-2024","16-Mar-2026","560000","Work partially Completed"
"475","Normal/Others","WS/MP084/2025-2026/213157-Lighting of public spaces","Karnataka","BENGALURU URBAN(DEPUTY COMMISSIONER BANGALORE URBAN_IDA)","Shri Jaggesh (2022-28) (2022-2028)","Elected MP","Installing High Mast Street Lighting Poles at the circle in front of Kittana Halli Gram Panchayat, Kittana Halli, Bengaluru North Taluk, Bengaluru Urban District.","27-Jun-2025","20-Dec-2025","999908","Physical Inspection"
"476","Normal/Others","WS/MP084/2025-2026/213158-Lighting of public spaces","Karnataka","BENGALURU URBAN(DEPUTY COMMISSIONER BANGALORE URBAN_IDA)","Shri Jaggesh (2022-28) (2022-2028)","Elected MP","Installing High Mast Street Lighting Poles at Ravuthanahalli, Bengaluru North Taluk, Bengaluru Urban District.","27-Jun-2025","09-Jan-2026","999908","Physical Inspection"
"477","Normal/Others","WS/MP084/2025-2026/213159-Lighting of public spaces","Karnataka","BENGALURU URBAN(DEPUTY COMMISSIONER BANGALORE URBAN_IDA)","Shri Jaggesh (2022-28) (2022-2028)","Elected MP","Installing High Mast Street Lighting Poles at  Dasanapura Village, Bengaluru North Taluk, Bengaluru Urban District.","27-Jun-2025","20-Dec-2025","999908","Physical Inspection"
"478","Normal/Others","WS/MP18296/2025-2026/272702-Lighting of public spaces","Karnataka","BALLARI(DEPUTY COMMISSIONER BELLARY_IDA)","Dr. Syed Naseer Hussain (2024-30) (2024-2030)","Elected MP","Installation of High Mast Lights (12.5 Mtrs) at District Stadium Ballari (Beside lake)","06-Mar-2026","16-Mar-2026","560000","Work partially Completed"
"479","Normal/Others","WS/MP18296/2025-2026/272706-Lighting of public spaces","Karnataka","BALLARI(DEPUTY COMMISSIONER BELLARY_IDA)","Dr. Syed Naseer Hussain (2024-30) (2024-2030)","Elected MP","Installation of High Mast Lights (12.5 Mtrs) near Bus Stop Backside District Stadium Ballari.","06-Mar-2026","16-Mar-2026","560000","Work partially Completed"
"480","Normal/Others","WS/MP084/2026-2027/282589-Lighting of public spaces","Karnataka","BENGALURU RURAL(DEPUTY COMMISSIONER BANGALORE RURAL SBM URBAN)","Shri Jaggesh (2022-28) (2022-2028)","Elected MP","Installation of High Mast Light at Naranahalli Village, Doddabelavangala Hobli, Doddaballapur Taluk, Bengaluru Rural District, Karnataka.","20-May-2026","03-Aug-2026","500000","Sanction"
"481","Normal/Others","WS/MP084/2026-2027/282590-Lighting of public spaces","Karnataka","BENGALURU RURAL(DEPUTY COMMISSIONER BANGALORE RURAL SBM URBAN)","Shri Jaggesh (2022-28) (2022-2028)","Elected MP","Installation of High Mast Light at Chikkabelavangala Village, Doddabelavangala Hobli, Doddaballapur Taluk, Bengaluru Rural District, Karnataka.","20-May-2026","03-Aug-2026","500000","Sanction"
"482","Normal/Others","WS/MP084/2026-2027/282591-Lighting of public spaces","Karnataka","BENGALURU RURAL(DEPUTY COMMISSIONER BANGALORE RURAL SBM URBAN)","Shri Jaggesh (2022-28) (2022-2028)","Elected MP","Installation of High Mast Light at Sasalu Village, Sasalu Hobli, Doddaballapur Taluk, Bengaluru Rural District, Karnataka.","20-May-2026","03-Aug-2026","500000","Sanction"
"483","Normal/Others","WS/MP084/2026-2027/282592-Lighting of public spaces","Karnataka","BENGALURU RURAL(DEPUTY COMMISSIONER BANGALORE RURAL SBM URBAN)","Shri Jaggesh (2022-28) (2022-2028)","Elected MP","Installation of High Mast Light at Aroodi Village, Sasalu Hobli, Doddaballapur Taluk, Bengaluru Rural District, Karnataka.","20-May-2026","03-Aug-2026","500000","Sanction"
"484","Normal/Others","WS/MP084/2026-2027/282593-Lighting of public spaces","Karnataka","BENGALURU RURAL(DEPUTY COMMISSIONER BANGALORE RURAL SBM URBAN)","Shri Jaggesh (2022-28) (2022-2028)","Elected MP","Installation of High Mast Light at Alahalli Village, Kasaba Hobli, Doddaballapur Taluk, Bengaluru Rural District, Karnataka.","20-May-2026","03-Aug-2026","500000","Sanction"
"485","Normal/Others","WS/MP084/2026-2027/282594-Lighting of public spaces","Karnataka","BENGALURU RURAL(DEPUTY COMMISSIONER BANGALORE RURAL SBM URBAN)","Shri Jaggesh (2022-28) (2022-2028)","Elected MP","Installation of High Mast Light at Vaddarahalli Village, Kasaba Hobli, Doddaballapur Taluk, Bengaluru Rural District, Karnataka.","20-May-2026","03-Aug-2026","500000","Sanction"
"486","Normal/Others","WS/MP084/2026-2027/282595-Lighting of public spaces","Karnataka","BENGALURU RURAL(DEPUTY COMMISSIONER BANGALORE RURAL SBM URBAN)","Shri Jaggesh (2022-28) (2022-2028)","Elected MP","Installation of High Mast Light at Konaghatta Village, Kasaba Hobli, Doddaballapur Taluk, Bengaluru Rural District, Karnataka.","20-May-2026","03-Aug-2026","500000","Sanction"
"487","Normal/Others","WS/MP084/2026-2027/282596-Lighting of public spaces","Karnataka","BENGALURU RURAL(DEPUTY COMMISSIONER BANGALORE RURAL SBM URBAN)","Shri Jaggesh (2022-28) (2022-2028)","Elected MP","Installation of High Mast Light at Banavathi Village, Sasalu Hobli, Doddaballapur Taluk, Bengaluru Rural District, Karnataka.","20-May-2026","03-Aug-2026","500000","Sanction"
"488","Normal/Others","WS/MP084/2026-2027/282597-Lighting of public spaces","Karnataka","BENGALURU RURAL(DEPUTY COMMISSIONER BANGALORE RURAL SBM URBAN)","Shri Jaggesh (2022-28) (2022-2028)","Elected MP","Installation of High Mast Light at Kadathippur Village, Sasalu Hobli, Doddaballapur Taluk, Bengaluru Rural District, Karnataka.","20-May-2026","03-Aug-2026","500000","Sanction"
"489","Normal/Others","WS/MP084/2026-2027/282649-Lighting of public spaces","Karnataka","BENGALURU RURAL(DEPUTY COMMISSIONER BANGALORE RURAL SBM URBAN)","Shri Jaggesh (2022-28) (2022-2028)","Elected MP","Installation of High Mast Light at Isthur Village, Madhure Hobli, Doddaballapur Taluk, Bengaluru Rural District, Karnataka.","21-May-2026","03-Aug-2026","500000","Sanction"
"490","Normal/Others","WS/MP084/2026-2027/286962-Lighting of public spaces","Karnataka","BENGALURU RURAL(DEPUTY COMMISSIONER BANGALORE RURAL SBM URBAN)","Shri Jaggesh (2022-28) (2022-2028)","Elected MP","Installation of High Mast Light at Bhaktharahalli Village, Doddabelavangala Hobli, Dodda Ballapur Taluk, Bengaluru Rural District, Karnataka State.","18-Jun-2026","03-Aug-2026","500000","Sanction"
"491","Normal/Others","WS/MP084/2026-2027/286963-Lighting of public spaces","Karnataka","BENGALURU RURAL(DEPUTY COMMISSIONER BANGALORE RURAL SBM URBAN)","Shri Jaggesh (2022-28) (2022-2028)","Elected MP","Installation of High Mast Light at Ramapura Village, Doddabelavangala Hobli, Dodda Ballapur Taluk, Bengaluru Rural District, Karnataka State.","18-Jun-2026","03-Aug-2026","500000","Sanction"
"492","Normal/Others","WS/MP084/2026-2027/286964-Lighting of public spaces","Karnataka","BENGALURU RURAL(DEPUTY COMMISSIONER BANGALORE RURAL SBM URBAN)","Shri Jaggesh (2022-28) (2022-2028)","Elected MP","Installation of High Mast Light at Dodda Tumkur Village, Madhure Hobli, Dodda Ballapur Taluk, Bengaluru Rural District, Karnataka State.","18-Jun-2026","03-Aug-2026","500000","Sanction"
"493","Normal/Others","WS/MP084/2026-2027/286965-Lighting of public spaces","Karnataka","BENGALURU RURAL(DEPUTY COMMISSIONER BANGALORE RURAL SBM URBAN)","Shri Jaggesh (2022-28) (2022-2028)","Elected MP","Installation of High Mast Light at Hanabe Village, Doddabelavangala Hobli, Dodda Ballapur Taluk, Bengaluru Rural District, Karnataka State.","18-Jun-2026","03-Aug-2026","500000","Sanction"
"494","Normal/Others","WS/MP084/2026-2027/286966-Lighting of public spaces","Karnataka","BENGALURU RURAL(DEPUTY COMMISSIONER BANGALORE RURAL SBM URBAN)","Shri Jaggesh (2022-28) (2022-2028)","Elected MP","Installation of High Mast Light at Thippur Village, Doddabelavangala Hobli, Dodda Ballapur Taluk, Bengaluru Rural District, Karnataka State.","18-Jun-2026","03-Aug-2026","500000","Sanction"
"495","Normal/Others","WS/MP084/2026-2027/286967-Lighting of public spaces","Karnataka","BENGALURU RURAL(DEPUTY COMMISSIONER BANGALORE RURAL SBM URBAN)","Shri Jaggesh (2022-28) (2022-2028)","Elected MP","Installation of High Mast Light at Gundumgere Village, Sasalu Hobli, Dodda Ballapur Taluk, Bengaluru Rural District, Karnataka State.","18-Jun-2026","03-Aug-2026","500000","Sanction"
"496","Normal/Others","WS/MP086/2025-2026/159590-Street lights","Karnataka","BENGALURU URBAN(DEPUTY COMMISSIONER BANGALORE URBAN_IDA)","Shri G.C. Chandrashekhar (2024-30) (2024-2030)","Elected MP","Street light installation work near Koramangala Jyothinivas College under BTM Assembly Constituency, Bengaluru City District.","18-Dec-2024","05-Apr-2025","499406","Physical Inspection"
"497","Normal/Others","WS/MP086/2025-2026/159592-Street lights","Karnataka","BENGALURU URBAN(DEPUTY COMMISSIONER BANGALORE URBAN_IDA)","Shri G.C. Chandrashekhar (2024-30) (2024-2030)","Elected MP","Installation of street lights from Koramangala 19th main road to Udupi Sagar Hotel in Bangalore City District, BTM Assembly Constituency.","18-Dec-2024","05-Apr-2025","499470","Physical Inspection"
"498","Normal/Others","WS/MP086/2025-2026/159593-Street lights","Karnataka","BENGALURU URBAN(DEPUTY COMMISSIONER BANGALORE URBAN_IDA)","Shri G.C. Chandrashekhar (2024-30) (2024-2030)","Elected MP","Installation of street lights from Koramangala NJV Main Road to KHB Sports Village in Bangalore City District, BTM Assembly Constituency","18-Dec-2024","05-Apr-2025","499470","Physical Inspection"
"499","Normal/Others","WS/MP086/2025-2026/159595-Street lights","Karnataka","BENGALURU URBAN(DEPUTY COMMISSIONER BANGALORE URBAN_IDA)","Shri G.C. Chandrashekhar (2024-30) (2024-2030)","Elected MP","Street light installation work from Koramangala Good Vibe Venture to PMR Memorial Trust under BTM Assembly Constituency, Bengaluru City District.","18-Dec-2024","05-Apr-2025","499535","Physical Inspection"
"500","Normal/Others","WS/MP086/2025-2026/159602-Street lights","Karnataka","BENGALURU URBAN(DEPUTY COMMISSIONER BANGALORE URBAN_IDA)","Shri G.C. Chandrashekhar (2024-30) (2024-2030)","Elected MP","BInstallation of street light around Prestige Pine Wood playground at Bangalore City District, Koramangala under BTM Assembly Constituency,","18-Dec-2024","05-Apr-2025","499470","Physical Inspection"
"501","Normal/Others","WS/MP086/2026-2027/169459-Street lights","Karnataka","TUMAKURU(DEPUTY COMMISSIONER TUMKUR_IDA)","Shri G.C. Chandrashekhar (2024-30) (2024-2030)","Elected MP","Construction of High Mask Light near Ganapathi temple at Tumkur District, Tiptur Talluk, Nonavinakere Hobli, Nellikere grama Panchayath, Burudeghatta village","28-Jan-2025","20-Jun-2026","200000","Work partially Completed"
"502","Normal/Others","WS/MP086/2026-2027/169460-Street lights","Karnataka","TUMAKURU(DEPUTY COMMISSIONER TUMKUR_IDA)","Shri G.C. Chandrashekhar (2024-30) (2024-2030)","Elected MP","Construction of High mask light in front of shiva temple at tumkur district, Tiptur talluk, Nonavinakere hobali, Nellikere grama panchayath, Burudeghatta village","28-Jan-2025","20-Jun-2026","300000","Physical Inspection"
"503","Normal/Others","WS/MP086/2025-2026/171330-Street lights","Karnataka","BENGALURU URBAN(DEPUTY COMMISSIONER BANGALORE URBAN_IDA)","Shri G.C. Chandrashekhar (2024-30) (2024-2030)","Elected MP","Bangalore District, Bangalore South Taluk, Tavarekere Village, SC Colony, Solar light installment work at the road of Narasimhaiah","01-Feb-2025","05-Apr-2025","499403","Physical Inspection"
"504","Normal/Others","WS/MP086/2025-2026/171364-Street lights","Karnataka","BENGALURU URBAN(DEPUTY COMMISSIONER BANGALORE URBAN_IDA)","Shri G.C. Chandrashekhar (2024-30) (2024-2030)","Elected MP","Bangalore District, Bangalore South Taluk, Tavarekere Village, SC Colony, Solar light installment work at the road of Anjanappa","01-Feb-2025","05-Apr-2025","499403","Physical Inspection"
"505","Normal/Others","WS/MP086/2025-2026/171371-Street lights","Karnataka","BENGALURU URBAN(DEPUTY COMMISSIONER BANGALORE URBAN_IDA)","Shri G.C. Chandrashekhar (2024-30) (2024-2030)","Elected MP","Bangalore District, Bangalore South Taluk, Tavarekere Village, SC Colony, Solar light installment work at the road of Lokesh","01-Feb-2025","05-Apr-2025","499403","Physical Inspection"
"506","Normal/Others","WS/MP084/2025-2026/203190-Street lights","Karnataka","BENGALURU URBAN(DEPUTY COMMISSIONER BANGALORE URBAN_IDA)","Shri Jaggesh (2022-28) (2022-2028)","Elected MP","Providing Solar Street lights at Yellappanapalya village, Tavarekere Hobli, Bengaluru South, Bengaluru Urban District, Karnataka","24-May-2025","20-Dec-2025","999788","Physical Inspection"
"507","Normal/Others","WS/MP084/2025-2026/203192-Street lights","Karnataka","BENGALURU URBAN(DEPUTY COMMISSIONER BANGALORE URBAN_IDA)","Shri Jaggesh (2022-28) (2022-2028)","Elected MP","Providing Solar Street lights at Kendagondanahalli village, Tavarekere Hobli, Bengaluru South, Bengaluru Urban District, Karnataka","24-May-2025","31-Dec-2025","999788","Physical Inspection"
"508","Normal/Others","WS/MP086/2025-2026/227367-Street lights","Karnataka","TUMAKURU(DEPUTY COMMISSIONER TUMKUR_IDA)","Shri G.C. Chandrashekhar (2024-30) (2024-2030)","Elected MP","istallation of high mask light at tumkur district, tiptur talluk, kibbanahalli hobali, kuppalu grama panchayath, kottigehalli village in front of Shree Kalleshwara temple","16-Aug-2025","05-Nov-2025","300000","Sanction"
"509","Normal/Others","WS/MP086/2025-2026/227461-Street lights","Karnataka","BENGALURU URBAN(DEPUTY COMMISSIONER BANGALORE URBAN_IDA)","Shri G.C. Chandrashekhar (2024-30) (2024-2030)","Elected MP","istallation of high mask light at Bengaluru north talluk, hosahalli village","18-Aug-2025","06-Mar-2026","497323","Physical Inspection"
"510","Normal/Others","WS/MP086/2025-2026/227476-Street lights","Karnataka","BENGALURU URBAN(DEPUTY COMMISSIONER BANGALORE URBAN_IDA)","Shri G.C. Chandrashekhar (2024-30) (2024-2030)","Elected MP","development of high mask light at bangalore urban, Bangalore North talluk, heggadadevanapura village","18-Aug-2025","25-Feb-2026","497323","Physical Inspection"
"511","Normal/Others","WS/MP086/2025-2026/230200-Street lights","Karnataka","BENGALURU URBAN(DEPUTY COMMISSIONER BANGALORE URBAN_IDA)","Shri G.C. Chandrashekhar (2024-30) (2024-2030)","Elected MP","construction of high mask light at bangalore north talluk, tore nagasandra village","29-Aug-2025","20-Dec-2025","497323","Physical Inspection"
"512","Normal/Others","WS/MP834/2026-2027/280123-Street lights","Karnataka","BENGALURU URBAN(DEPUTY COMMISSIONER BANGALORE URBAN_IDA)","Shri Lahar Singh Siroya (2022-28) (2022-2028)","Elected MP","installation of  solar street ligh at Halubhavi Palya, muddiahna paly village","11-May-2026","01-Aug-2026","500000","Sanction"
"513","Normal/Others","WS/MP084/2025-2026/193065-Construction of roads, link roads, pathways or any other road with or without drainage system","Karnataka","TUMAKURU(DEPUTY COMMISSIONER TUMKUR_IDA)","Shri Jaggesh (2022-28) (2022-2028)","Elected MP","Construction of Cement Concrete Road (C C Road) from Janardhanapura Main road to Maddura Bovi House, Harijana Colony, Mayasandra hobli and Grama Panchayat, Turuvekere Taluk, Tumakuru District, Karnataka.","21-Apr-2025","17-Feb-2026","500000","Sanction"
"514","Normal/Others","WS/MP084/2025-2026/193066-Construction of roads, link roads, pathways or any other road with or without drainage system","Karnataka","TUMAKURU(DEPUTY COMMISSIONER TUMKUR_IDA)","Shri Jaggesh (2022-28) (2022-2028)","Elected MP","Construction of Cement Concrete Road (C C Road) from Maddura Bovi House to Hanumanthabovi House, Harijana Colony, Janardhanapura village, Mayasandra hobli and Grama Panchayat, Turuvekere Taluk, Tumakuru District, Karnataka.","21-Apr-2025","17-Feb-2026","500000","Sanction"
"515","Normal/Others","WS/MP084/2025-2026/193067-Construction of roads, link roads, pathways or any other road with or without drainage system","Karnataka","TUMAKURU(DEPUTY COMMISSIONER TUMKUR_IDA)","Shri Jaggesh (2022-28) (2022-2028)","Elected MP","Construction of Cement Concrete Road (C C Road) from Amasegowda House to Gangganna House, Janardhanapura village, Mayasandra hobli and Grama Panchayat, Turuvekere Taluk, Tumakuru District, Karnataka.","21-Apr-2025","17-Feb-2026","500000","Sanction"
"516","Normal/Others","WS/MP084/2025-2026/193068-Construction of roads, link roads, pathways or any other road with or without drainage system","Karnataka","TUMAKURU(DEPUTY COMMISSIONER TUMKUR_IDA)","Shri Jaggesh (2022-28) (2022-2028)","Elected MP","Construction of Cement Concrete Road (C C Road) from Gangganna House to Rajanna House, Janardhanapura village, Mayasandra hobli and Grama Panchayat, Turuvekere Taluk, Tumakuru District, Karnataka.","21-Apr-2025","17-Feb-2026","500000","Sanction"
"517","Normal/Others","WS/MP084/2025-2026/193631-Construction of roads, link roads, pathways or any other road with or without drainage system","Karnataka","TUMAKURU(DEPUTY COMMISSIONER TUMKUR_IDA)","Shri Jaggesh (2022-28) (2022-2028)","Elected MP","Construction of Cement Concrete Road (C C Road) from Beluruswamy House to Shivshankar House, Mayasandra village, Mayasandra Gram Panchayat, Turuvekere Taluk, Tumukuru District, Karnataka","22-Apr-2025","17-Feb-2026","500000","Sanction"
"518","Normal/Others","WS/MP084/2025-2026/193636-Construction of roads, link roads, pathways or any other road with or without drainage system","Karnataka","TUMAKURU(DEPUTY COMMISSIONER TUMKUR_IDA)","Shri Jaggesh (2022-28) (2022-2028)","Elected MP","Construction of Cement Concrete Road (C C Road) from Naveen House to Kumar House, Nandikalkere Village, Mayasandra Hobli, Mattagadahalli Gram Panchayat, Turuvekere Taluk, Tumkuru District, Karnataka.","22-Apr-2025","17-Feb-2026","500000","Sanction"
"519","Normal/Others","WS/MP084/2025-2026/193637-Construction of roads, link roads, pathways or any other road with or without drainage system","Karnataka","TUMAKURU(DEPUTY COMMISSIONER TUMKUR_IDA)","Shri Jaggesh (2022-28) (2022-2028)","Elected MP","Construction of Cement Concrete Road (C C Road) from Prakash House to Byraveshwara Temple, Jadiya Village, Soravanahalli Gram Panchayat, Turuvekere Taluk, Tumukuru District, Karnataka.","22-Apr-2025","17-Feb-2026","500000","Sanction"
"520","Normal/Others","WS/MP084/2025-2026/193662-Construction of roads, link roads, pathways or any other road with or without drainage system","Karnataka","TUMAKURU(DEPUTY COMMISSIONER TUMKUR_IDA)","Shri Jaggesh (2022-28) (2022-2028)","Elected MP","Construction of Cement Concrete Road (C C Road) near Kashilingeshwara Temple Enclosure, Jadiya Village, Soravanahalli Gram Panchayat, Turuvekere Taluk, Tumakuru District, Karnataka.","22-Apr-2025","17-Feb-2026","500000","Sanction"
"521","Normal/Others","WS/MP084/2025-2026/193663-Construction of roads, link roads, pathways or any other road with or without drainage system","Karnataka","TUMAKURU(DEPUTY COMMISSIONER TUMKUR_IDA)","Shri Jaggesh (2022-28) (2022-2028)","Elected MP","Construction of Cement Concrete Road (C C Road) from Mahesh House to Boregowda House, Jadiya Village, Soravanahalli Gram Panchayat, Turuvekere Taluk, Tumakuru District, Karnataka.","22-Apr-2025","17-Feb-2026","500000","Sanction"
"522","Normal/Others","WS/MP084/2025-2026/193664-Construction of roads, link roads, pathways or any other road with or without drainage system","Karnataka","TUMAKURU(DEPUTY COMMISSIONER TUMKUR_IDA)","Shri Jaggesh (2022-28) (2022-2028)","Elected MP","Construction of Cement Concrete Road (C C Road) from Thimmappa House to Venkatesh House, Kanchihatti Village, Bommenahalli Hobli, Soravanahalli Gram Panchayat, Turuvekere Taluk, Tumakuru District, Karnataka.","22-Apr-2025","17-Feb-2026","500000","Sanction"
"523","Normal/Others","WS/MP084/2025-2026/193665-Construction of roads, link roads, pathways or any other road with or without drainage system","Karnataka","TUMAKURU(DEPUTY COMMISSIONER TUMKUR_IDA)","Shri Jaggesh (2022-28) (2022-2028)","Elected MP","Construction of Cement Concrete Road (C C Road) from Venkatesh House to Water Tank, Kanchihatti Village, Bommenahalli Hobli, Soravanahalli Gram Panchayat, Turuvekere Taluk, Tumakuru District, Karnataka.","22-Apr-2025","17-Feb-2026","500000","Sanction"
"524","Normal/Others","WS/MP084/2025-2026/193666-Construction of roads, link roads, pathways or any other road with or without drainage system","Karnataka","TUMAKURU(DEPUTY COMMISSIONER TUMKUR_IDA)","Shri Jaggesh (2022-28) (2022-2028)","Elected MP","Construction of Cement Concrete Road (C C Road) from Vishwanath House to Panchakshari House Bommenahalli Village, Soravanahalli Gram Panchayat, Turuvekere Taluk, Tumakuru District, Karnataka.","22-Apr-2025","17-Feb-2026","500000","Sanction"
"525","Normal/Others","WS/MP084/2025-2026/193667-Construction of roads, link roads, pathways or any other road with or without drainage system","Karnataka","TUMAKURU(DEPUTY COMMISSIONER TUMKUR_IDA)","Shri Jaggesh (2022-28) (2022-2028)","Elected MP","Construction of Cement Concrete Road (C C Road) from Suresh House to Doddaiah House Bommenahalli Village, Soravanahalli Gram Panchayat, Turuvekere Taluk, Tumakuru District, Karnataka.","22-Apr-2025","17-Feb-2026","500000","Sanction"
"526","Normal/Others","WS/MP084/2025-2026/193668-Construction of roads, link roads, pathways or any other road with or without drainage system","Karnataka","TUMAKURU(DEPUTY COMMISSIONER TUMKUR_IDA)","Shri Jaggesh (2022-28) (2022-2028)","Elected MP","Construction of Road from Thubinakatte Main Road to Jayanna Thota, Thubinakatte Village, Mayasandra Hobli, Soravanahalli Gram Panchayat, Turuvekere Village, Tumakuru District, Karnataka","22-Apr-2025","17-Feb-2026","500000","Sanction"
"527","Normal/Others","WS/MP084/2025-2026/193669-Construction of roads, link roads, pathways or any other road with or without drainage system","Karnataka","TUMAKURU(DEPUTY COMMISSIONER TUMKUR_IDA)","Shri Jaggesh (2022-28) (2022-2028)","Elected MP","Construction of Road from  Jayanna Thota to Javarappa Thota, Thubinakatte Village, Mayasandra Hobli, Soravanahalli Gram Panchayat, Turuvekere Village, Tumakuru District, Karnataka","22-Apr-2025","17-Feb-2026","500000","Sanction"
"528","Normal/Others","WS/MP086/2025-2026/196052-Construction of roads, link roads, pathways or any other road with or without drainage system","Karnataka","BENGALURU URBAN(DEPUTY COMMISSIONER BANGALORE URBAN_IDA)","Shri G.C. Chandrashekhar (2024-30) (2024-2030)","Elected MP","Bangalore Urban District, Jayanagar Vidhanasabha constituency, JP nagar ward no. 178, near 35 main road, new provision store, 12th main, conrete road","02-May-2025","20-Dec-2025","2500000","Work partially Completed"
"529","Normal/Others","WS/MP086/2025-2026/196055-Construction of roads, link roads, pathways or any other road with or without drainage system","Karnataka","BENGALURU URBAN(DEPUTY COMMISSIONER BANGALORE URBAN_IDA)","Shri G.C. Chandrashekhar (2024-30) (2024-2030)","Elected MP","Bangalore Urban district, Jayanagar assembly constituency, ward 178, JP Nagar 35th main road, from Sri sai Ram medical to 12th main road, concrete road construction work","02-May-2025","20-Dec-2025","2500000","Work partially Completed"
"530","Normal/Others","WS/MP086/2025-2026/196057-Construction of roads, link roads, pathways or any other road with or without drainage system","Karnataka","BENGALURU URBAN(DEPUTY COMMISSIONER BANGALORE URBAN_IDA)","Shri G.C. Chandrashekhar (2024-30) (2024-2030)","Elected MP","Bangalore Urban district, Jayanagar assembly constituency, ward 178, JP nagar 6th main road to ganganagar 1st phase concrete road development work","02-May-2025","20-Dec-2025","2000000","Work partially Completed"
"531","Normal/Others","WS/MP18364/2025-2026/199342-Construction of roads, link roads, pathways or any other road with or without drainage system","Karnataka","BAGALKOTE(DEPUTY COMMISSIONER BAGALKOT_IDA)","Shri Narayanasa K. Bhandage (2024-30) (2024-2030)","Elected MP","Improvement work of Moharam road.","19-May-2025","06-Aug-2025","493484","Physical Inspection"
"532","Normal/Others","WS/MP18296/2025-2026/199843-Construction of roads, link roads, pathways or any other road with or without drainage system","Karnataka","KALABURAGI(DEPUTY COMMISSIONER GULBARGA_IDA)","Dr. Syed Naseer Hussain (2024-30) (2024-2030)","Elected MP","Construction of CC Road from Hanuman Temple to PDA Engineering college at Kalaburagi City.","15-May-2025","24-Jul-2025","8700000","Work partially Completed"
"533","Normal/Others","WS/MP18364/2025-2026/201271-Construction of roads, link roads, pathways or any other road with or without drainage system","Karnataka","BENGALURU URBAN(DEPUTY COMMISSIONER BANGALORE URBAN_IDA)","Shri Narayanasa K. Bhandage (2024-30) (2024-2030)","Elected MP","Construction of Cement Concrete Road.","03-Jun-2025","01-Sep-2025","4995360","Physical Inspection"
"534","Normal/Others","WS/MP18364/2025-2026/201272-Construction of roads, link roads, pathways or any other road with or without drainage system","Karnataka","BENGALURU URBAN(DEPUTY COMMISSIONER BANGALORE URBAN_IDA)","Shri Narayanasa K. Bhandage (2024-30) (2024-2030)","Elected MP","Construction of Cement Concrete Road.","03-Jun-2025","01-Sep-2025","4995360","Physical Inspection"
"535","Normal/Others","WS/MP18364/2025-2026/204268-Construction of roads, link roads, pathways or any other road with or without drainage system","Karnataka","BENGALURU URBAN(DEPUTY COMMISSIONER BANGALORE URBAN_IDA)","Shri Narayanasa K. Bhandage (2024-30) (2024-2030)","Elected MP","Construction of Cement Concrete Road.","03-Jun-2025","01-Sep-2025","4995360","Physical Inspection"
"536","Normal/Others","WS/MP18364/2025-2026/204269-Construction of roads, link roads, pathways or any other road with or without drainage system","Karnataka","BENGALURU URBAN(DEPUTY COMMISSIONER BANGALORE URBAN_IDA)","Shri Narayanasa K. Bhandage (2024-30) (2024-2030)","Elected MP","Construction of Cement Concrete Road.","03-Jun-2025","01-Sep-2025","4995360","Physical Inspection"
"537","Normal/Others","WS/MP084/2025-2026/203191-Construction of roads, link roads, pathways or any other road with or without drainage system","Karnataka","BENGALURU URBAN(DEPUTY COMMISSIONER BANGALORE URBAN_IDA)","Shri Jaggesh (2022-28) (2022-2028)","Elected MP","Road Development work, Road to Element Resort, O B Chudahalli village, Bengaluru South Taluk, Bengaluru Urban District, Karnataka","24-May-2025","25-Nov-2025","499328","Physical Inspection"
"538","Normal/Others","WS/MP084/2025-2026/203336-Construction of roads, link roads, pathways or any other road with or without drainage system","Karnataka","BENGALURU RURAL(DEPUTY COMMISSIONER BANGALORE RURAL SBM URBAN)","Shri Jaggesh (2022-28) (2022-2028)","Elected MP","Road Development work from    S.Manjunath House to Main Road at Saraswathipuram Badavane, Sompura Hobli, Nelamangala Taluk, Bengaluru Rural District, Karnataka","24-May-2025","01-Sep-2025","2500000","Physical Inspection"
"539","Normal/Others","WS/MP084/2025-2026/203342-Construction of roads, link roads, pathways or any other road with or without drainage system","Karnataka","BENGALURU URBAN(DEPUTY COMMISSIONER BANGALORE URBAN_IDA)","Shri Jaggesh (2022-28) (2022-2028)","Elected MP","Construction of Cement Concrete Road (C C Road) from Kiran House  to Challar House, O B Chudahalli, Bengaluru South Taluk, Bengaluru Urban District, Karnataka.","24-May-2025","06-Aug-2025","499206","Physical Inspection"
"540","Normal/Others","WS/MP084/2025-2026/203343-Construction of roads, link roads, pathways or any other road with or without drainage system","Karnataka","BENGALURU URBAN(DEPUTY COMMISSIONER BANGALORE URBAN_IDA)","Shri Jaggesh (2022-28) (2022-2028)","Elected MP","Construction of Cement Concrete Road (C C Road) from Main Road to Bhaskar House, O B Chudahalli, Bengaluru South Taluk, Bengaluru Urban District, Karnataka.","24-May-2025","06-Aug-2025","499328","Physical Inspection"
"541","Normal/Others","WS/MP084/2025-2026/203344-Construction of roads, link roads, pathways or any other road with or without drainage system","Karnataka","BENGALURU URBAN(DEPUTY COMMISSIONER BANGALORE URBAN_IDA)","Shri Jaggesh (2022-28) (2022-2028)","Elected MP","Construction of Cement Concrete Road (C C Road) near Venkateshwara Malige, Main Road , O B Chudahalli, Bengaluru South Taluk, Bengaluru Urban District, Karnataka.","24-May-2025","06-Aug-2025","499328","Physical Inspection"
"542","Normal/Others","WS/MP084/2025-2026/203345-Construction of roads, link roads, pathways or any other road with or without drainage system","Karnataka","BENGALURU URBAN(DEPUTY COMMISSIONER BANGALORE URBAN_IDA)","Shri Jaggesh (2022-28) (2022-2028)","Elected MP","Construction of Cement Concrete Road (C C Road) in Front of Vinayaka House, Main Road , O B Chudahalli, Bengaluru South Taluk, Bengaluru Urban District, Karnataka.","24-May-2025","06-Aug-2025","499328","Physical Inspection"
"543","Normal/Others","WS/MP084/2025-2026/203346-Construction of roads, link roads, pathways or any other road with or without drainage system","Karnataka","BENGALURU URBAN(DEPUTY COMMISSIONER BANGALORE URBAN_IDA)","Shri Jaggesh (2022-28) (2022-2028)","Elected MP","Construction of Cement Concrete Road (C C Road) at O B Chudahalli, Bengaluru South Taluk, Bengaluru Urban District, Karnataka.","24-May-2025","06-Aug-2025","499328","Physical Inspection"
"544","Normal/Others","WS/MP18364/2025-2026/210283-Construction of roads, link roads, pathways or any other road with or without drainage system","Karnataka","BAGALKOTE(DEPUTY COMMISSIONER BAGALKOT_IDA)","Shri Narayanasa K. Bhandage (2024-30) (2024-2030)","Elected MP","Construction of C.C Road At Hallur Gram Panchayath Property no.669, ward no. IV, in Hallur village.","24-Jun-2025","18-Dec-2025","500000","Work partially Completed"
"545","Normal/Others","WS/MP086/2025-2026/209979-Construction of roads, link roads, pathways or any other road with or without drainage system","Karnataka","BENGALURU URBAN(DEPUTY COMMISSIONER BANGALORE URBAN_IDA)","Shri G.C. Chandrashekhar (2024-30) (2024-2030)","Elected MP","construction of concrete road from 12th main road obayya home to muralidhar home at ward no. 178, Bangalore Urban, Jayanagar vidhansabha constituency","18-Jun-2025","06-Mar-2026","499494","Physical Inspection"
"546","Normal/Others","WS/MP086/2025-2026/209981-Construction of roads, link roads, pathways or any other road with or without drainage system","Karnataka","BENGALURU URBAN(DEPUTY COMMISSIONER BANGALORE URBAN_IDA)","Shri G.C. Chandrashekhar (2024-30) (2024-2030)","Elected MP","construction of footpath at muneshwara swamy layout, ward no.148, Bangalore BTM constituency","18-Jun-2025","19-Dec-2025","499225","Physical Inspection"
"547","Normal/Others","WS/MP086/2025-2026/209984-Construction of roads, link roads, pathways or any other road with or without drainage system","Karnataka","BENGALURU URBAN(DEPUTY COMMISSIONER BANGALORE URBAN_IDA)","Shri G.C. Chandrashekhar (2024-30) (2024-2030)","Elected MP","construction of roads at srinivagilu main road, ward no.148, Bangalore Urban, BTM assembly constituency","18-Jun-2025","20-Dec-2025","499625","Physical Inspection"
"548","Normal/Others","WS/MP086/2025-2026/209988-Construction of roads, link roads, pathways or any other road with or without drainage system","Karnataka","BENGALURU URBAN(DEPUTY COMMISSIONER BANGALORE URBAN_IDA)","Shri G.C. Chandrashekhar (2024-30) (2024-2030)","Elected MP","construction of road at ward no.178, 35th cross, jayanagar assembly constituency","18-Jun-2025","06-Mar-2026","499352","Physical Inspection"
"549","Normal/Others","WS/MP18296/2025-2026/226487-Construction of roads, link roads, pathways or any other road with or without drainage system","Karnataka","KALABURAGI(DEPUTY COMMISSIONER GULBARGA_IDA)","Dr. Syed Naseer Hussain (2024-30) (2024-2030)","Elected MP","Construction of C.C Road from SVP Chowk to PDA Engineering college road Hanuman Temple.","12-Aug-2025","22-Jan-2026","8100000","Work partially Completed"
"550","Normal/Others","WS/MP18296/2025-2026/226590-Construction of roads, link roads, pathways or any other road with or without drainage system","Karnataka","BALLARI(DEPUTY COMMISSIONER BELLARY_IDA)","Dr. Syed Naseer Hussain (2024-30) (2024-2030)","Elected MP","Installation of Pavers for road connectivity from Karimaremma temple to Old Bypass road at Ward no. 30, Cowl Bazar, Ballari.","12-Aug-2025","06-Dec-2025","2500000","Work partially Completed"
"551","Normal/Others","WS/MP18296/2025-2026/226598-Construction of roads, link roads, pathways or any other road with or without drainage system","Karnataka","BALLARI(DEPUTY COMMISSIONER BELLARY_IDA)","Dr. Syed Naseer Hussain (2024-30) (2024-2030)","Elected MP","Construction of CC Road at Ballari Ward No. 32, Gopalgowda Nagar, 2 Stage Park backside Reddy House to Gulnaz House","12-Aug-2025","06-Dec-2025","500000","Work partially Completed"
"552","Normal/Others","WS/MP18296/2025-2026/226602-Construction of roads, link roads, pathways or any other road with or without drainage system","Karnataka","BALLARI(DEPUTY COMMISSIONER BELLARY_IDA)","Dr. Syed Naseer Hussain (2024-30) (2024-2030)","Elected MP","Construction of CC Road at Ballari Ward No. 32, Gopalgowda Nagar, near 2nd Stage Park Shamiulla House to Hajipeer House.","12-Aug-2025","06-Dec-2025","500000","Work partially Completed"
"553","Normal/Others","WS/MP086/2025-2026/227456-Construction of roads, link roads, pathways or any other road with or without drainage system","Karnataka","BENGALURU URBAN(DEPUTY COMMISSIONER BANGALORE URBAN_IDA)","Shri G.C. Chandrashekhar (2024-30) (2024-2030)","Elected MP","construction of cement concrete road near bangalore urban district, Yalahanka Talluk, Sasuveghatta main road to Chennakeshava home","18-Aug-2025","06-Mar-2026","499063","Physical Inspection"
"554","Normal/Others","WS/MP086/2025-2026/227457-Construction of roads, link roads, pathways or any other road with or without drainage system","Karnataka","BENGALURU URBAN(DEPUTY COMMISSIONER BANGALORE URBAN_IDA)","Shri G.C. Chandrashekhar (2024-30) (2024-2030)","Elected MP","development of cement concrete road at Bangalore Urban, Yelahanka talluk, guddadahalli gnanabharathi school to nagesh home","18-Aug-2025","06-Mar-2026","499596","Physical Inspection"
"555","Normal/Others","WS/MP086/2025-2026/227459-Construction of roads, link roads, pathways or any other road with or without drainage system","Karnataka","BENGALURU URBAN(DEPUTY COMMISSIONER BANGALORE URBAN_IDA)","Shri G.C. Chandrashekhar (2024-30) (2024-2030)","Elected MP","construction of cement concrete road at Bangalore Urban, Yelahanka talluk, Hurulichikkanahalli grama panchayath,from sanjeev home to rukmini home","18-Aug-2025","06-Mar-2026","499596","Physical Inspection"
"556","Normal/Others","WS/MP086/2025-2026/227463-Construction of roads, link roads, pathways or any other road with or without drainage system","Karnataka","BENGALURU URBAN(DEPUTY COMMISSIONER BANGALORE URBAN_IDA)","Shri G.C. Chandrashekhar (2024-30) (2024-2030)","Elected MP","construction of cement concrete road at Bangalore urban, yelahanka talluk, hesaraghatta grama panchayath, hesaraghatta prabhu home to hema home","18-Aug-2025","06-Mar-2026","499596","Physical Inspection"
"557","Normal/Others","WS/MP086/2025-2026/227467-Construction of roads, link roads, pathways or any other road with or without drainage system","Karnataka","BENGALURU URBAN(DEPUTY COMMISSIONER BANGALORE URBAN_IDA)","Shri G.C. Chandrashekhar (2024-30) (2024-2030)","Elected MP","construction of cement concrete road at Bangalore urban, Yelahanka talluk, hesaraghatta village from kumar home to rajesh home","18-Aug-2025","25-Feb-2026","499063","Physical Inspection"
"558","Normal/Others","WS/MP086/2025-2026/227468-Construction of roads, link roads, pathways or any other road with or without drainage system","Karnataka","BENGALURU URBAN(DEPUTY COMMISSIONER BANGALORE URBAN_IDA)","Shri G.C. Chandrashekhar (2024-30) (2024-2030)","Elected MP","construction of concrete road at Bangalore Urban, Bangalore North talluk, gopalapura grama panchayath, totagere village from maranna home to viranjanappa home","18-Aug-2025","25-Feb-2026","498416","Physical Inspection"
"559","Normal/Others","WS/MP086/2025-2026/227469-Construction of roads, link roads, pathways or any other road with or without drainage system","Karnataka","BENGALURU URBAN(DEPUTY COMMISSIONER BANGALORE URBAN_IDA)","Shri G.C. Chandrashekhar (2024-30) (2024-2030)","Elected MP","construction of road and drainage at Bangalore Urban, Yelahanka taluk, hurali Chikkanahalli grama panchayath, shubhash nagar lataraj home to prasanna home","18-Aug-2025","25-Feb-2026","499585","Physical Inspection"
"560","Normal/Others","WS/MP086/2025-2026/227472-Construction of roads, link roads, pathways or any other road with or without drainage system","Karnataka","BENGALURU URBAN(DEPUTY COMMISSIONER BANGALORE URBAN_IDA)","Shri G.C. Chandrashekhar (2024-30) (2024-2030)","Elected MP","construction of concrete road at Bangalore urban, yelahanka talluk,  sonnenahalli grama panchayath, challahalli village radhamma home to narayanaswamy home","18-Aug-2025","25-Feb-2026","500000","Physical Inspection"
"561","Normal/Others","WS/MP086/2025-2026/255706-Construction of roads, link roads, pathways or any other road with or without drainage system","Karnataka","BENGALURU URBAN(DEPUTY COMMISSIONER BANGALORE URBAN_IDA)","Shri G.C. Chandrashekhar (2024-30) (2024-2030)","Elected MP","development of concrete road from Bangalore North talluk, Dasanapura Hobali, Kuduregere village, Kuduregere Sasuveghatta road to 1st cross","27-Dec-2025","24-Feb-2026","499217","Physical Inspection"
"562","Normal/Others","WS/MP086/2025-2026/255710-Construction of roads, link roads, pathways or any other road with or without drainage system","Karnataka","BENGALURU URBAN(DEPUTY COMMISSIONER BANGALORE URBAN_IDA)","Shri G.C. Chandrashekhar (2024-30) (2024-2030)","Elected MP","Construction of concrete road at Bangalore, Yelahanka talluk, Hesaraghatta hobali, Tarabanahalli Kumbarahalli Border road Lakshmipathi home to bairanna Land","27-Dec-2025","24-Feb-2026","500000","Physical Inspection"
"563","Normal/Others","WS/MP086/2025-2026/255726-Construction of roads, link roads, pathways or any other road with or without drainage system","Karnataka","BENGALURU URBAN(DEPUTY COMMISSIONER BANGALORE URBAN_IDA)","Shri G.C. Chandrashekhar (2024-30) (2024-2030)","Elected MP","Construction of Concrete road at Bangalore, Yelahanka Taluk, Hesaraghatta hobali, Kumbarahalli border road 1st cross","27-Dec-2025","24-Feb-2026","500000","Physical Inspection"
"564","Normal/Others","WS/MP086/2025-2026/255728-Construction of roads, link roads, pathways or any other road with or without drainage system","Karnataka","BENGALURU URBAN(DEPUTY COMMISSIONER BANGALORE URBAN_IDA)","Shri G.C. Chandrashekhar (2024-30) (2024-2030)","Elected MP","Construction of concrete road at Bangalore, Yelahanka talluk, Hesaraghatta Hobali, Kasaghattapura grama Panchayath, Narayanappa Home to Ramanjaneya Home","27-Dec-2025","24-Feb-2026","499448","Physical Inspection"
"565","Normal/Others","WS/MP086/2025-2026/255730-Construction of roads, link roads, pathways or any other road with or without drainage system","Karnataka","BENGALURU URBAN(DEPUTY COMMISSIONER BANGALORE URBAN_IDA)","Shri G.C. Chandrashekhar (2024-30) (2024-2030)","Elected MP","Construction of concrete road at Bangalore, Yelahanka Talluk, Hesaraghatta hobali, Hurulichikkanahalli grama panchayath, Tarabanahalli pipe line road to Shreedhar home","27-Dec-2025","25-Feb-2026","499448","Physical Inspection"
"566","Normal/Others","WS/MP086/2026-2027/263791-Construction of roads, link roads, pathways or any other road with or without drainage system","Karnataka","BENGALURU URBAN(DEPUTY COMMISSIONER BANGALORE URBAN_IDA)","Shri G.C. Chandrashekhar (2024-30) (2024-2030)","Elected MP","Bengaluru District, North Talluk, Dasanapura Hobali, Kuduregere grama, Narayanadhama main road to Kere road, Concrete road work","31-Jan-2026","19-Jun-2026","500000","Physical Inspection"
"567","Normal/Others","WS/MP086/2026-2027/263795-Construction of roads, link roads, pathways or any other road with or without drainage system","Karnataka","BENGALURU URBAN(DEPUTY COMMISSIONER BANGALORE URBAN_IDA)","Shri G.C. Chandrashekhar (2024-30) (2024-2030)","Elected MP","Development of concrete road at Bangalore District, Yelahanka Talluk, Hesaraghatta hobali, Tarabanahalli kumbarahalli road, Nagesh home to Nandakumar home","31-Jan-2026","19-Jun-2026","500000","Physical Inspection"
"568","Normal/Others","WS/MP092/2026-2027/275497-Construction of roads, link roads, pathways or any other road with or without drainage system","Karnataka","BENGALURU URBAN(DEPUTY COMMISSIONER BANGALORE URBAN_IDA)","Smt. Nirmala Sitharaman (2022-28) (2022-2028)","Elected MP","Construction of Road and Drainage System","23-Mar-2026","01-Aug-2026","1000000","Sanction"
"569","Normal/Others","WS/MP833/2025-2026/178001-Construction of footpaths and pedestrian ways","Karnataka","CHIKKAMAGALURU(DEPUTY COMMISSIONER CHIKMAGALUR)","Shri Jairam Ramesh (2022-28) (2022-2028)","Elected MP","Development of  Footpath Opposite side CUDA  Water Tank of Kalyananagara, near Veerashaiva burial ground Ward at  Ward No 3  Chikkamagaluru","28-Feb-2025","30-Jul-2025","1000000","Work partially Completed"
"570","Normal/Others","WS/MP18296/2025-2026/149333-Construction of culverts and bridges","Karnataka","TUMAKURU(DEPUTY COMMISSIONER TUMKUR_IDA)","Dr. Syed Naseer Hussain (2024-30) (2024-2030)","Elected MP","Construction of Culvert and Road","25-Oct-2024","19-Jun-2025","1000000","Physical Inspection"
"571","Normal/Others","WS/MP086/2025-2026/150246-Construction of culverts and bridges","Karnataka","TUMAKURU(DEPUTY COMMISSIONER TUMKUR_IDA)","Shri G.C. Chandrashekhar (2024-30) (2024-2030)","Elected MP","construction of continued work of bridge and road at Tumkur district, Kunigal Taluk, Nagasandra Panchayath, Andanayyana Palya","01-Nov-2024","19-Jun-2025","1200000","Physical Inspection"
"572","Normal/Others","WS/MP086/2025-2026/161184-Construction of culverts and bridges","Karnataka","CHITRADURGA(DEPUTY COMMISSIONER CHITRADURGA_IDA)","Shri G.C. Chandrashekhar (2024-30) (2024-2030)","Elected MP","construction of bridge near chitradurga district, challakere taluk, nayakanahatti hobali, obayanahatti village","24-Dec-2024","03-Jul-2025","490000","Work partially Completed"
"573","Normal/Others","WS/MP833/2025-2026/177949-Construction of culverts and bridges","Karnataka","CHIKKAMAGALURU(DEPUTY COMMISSIONER CHIKMAGALUR)","Shri Jairam Ramesh (2022-28) (2022-2028)","Elected MP","Asphalting of Road from Railway bridge  of  Chikkamagaluru Municipality","28-Feb-2025","16-Sep-2025","3300000","Work Completed"
"574","Normal/Others","WS/MP18296/2025-2026/199796-Construction of culverts and bridges","Karnataka","BALLARI(DEPUTY COMMISSIONER BELLARY_IDA)","Dr. Syed Naseer Hussain (2024-30) (2024-2030)","Elected MP","Construction of culvert or bridge connecting link road from Khalid Nagar to Reddy Layout.","15-May-2025","13-Sep-2025","3200000","Work partially Completed"
"575","Normal/Others","WS/MP086/2026-2027/220621-Construction of culverts and bridges","Karnataka","UTTARA KANNADA(DEPUTY COMMISSIONER UTTARKANNADA KARWAR_IDA)","Shri G.C. Chandrashekhar (2024-30) (2024-2030)","Elected MP","construction of bridge at Uttara Kannada district, honnavara Talluk, Hodke Village","21-Jul-2025","14-Jul-2026","500000","Work partially Completed"
"576","Normal/Others","WS/MP086/2025-2026/230178-Construction of roads, link roads, pathways or any other road with or without drainage system","Karnataka","BENGALURU URBAN(DEPUTY COMMISSIONER BANGALORE URBAN_IDA)","Shri G.C. Chandrashekhar (2024-30) (2024-2030)","Elected MP","construction of cement concrete road from vasu home to shyamanna home at bangalore urban, yelahanka talluk, sonnenahalli grama panchayath","29-Aug-2025","25-Feb-2026","500000","Physical Inspection"
"577","Normal/Others","WS/MP086/2025-2026/230180-Construction of roads, link roads, pathways or any other road with or without drainage system","Karnataka","BENGALURU URBAN(DEPUTY COMMISSIONER BANGALORE URBAN_IDA)","Shri G.C. Chandrashekhar (2024-30) (2024-2030)","Elected MP","construction of cement concrete road from purushottam home to govindaraju home at bangalore urban, yelahanka talluk, guddadahalli village","29-Aug-2025","25-Feb-2026","499078","Physical Inspection"
"578","Normal/Others","WS/MP086/2025-2026/230182-Construction of roads, link roads, pathways or any other road with or without drainage system","Karnataka","BENGALURU URBAN(DEPUTY COMMISSIONER BANGALORE URBAN_IDA)","Shri G.C. Chandrashekhar (2024-30) (2024-2030)","Elected MP","construction of cement concrete road from madhurai main road to kumar home at bengaluru north talluk, gopalapura grama panchayath, kukkanahalli village","29-Aug-2025","25-Feb-2026","499389","Physical Inspection"
"579","Normal/Others","WS/MP086/2025-2026/230187-Construction of roads, link roads, pathways or any other road with or without drainage system","Karnataka","BENGALURU URBAN(DEPUTY COMMISSIONER BANGALORE URBAN_IDA)","Shri G.C. Chandrashekhar (2024-30) (2024-2030)","Elected MP","construction of cement concrete road and drainage from siddaraju home to somanna home at yelahanka talluk, kodagi thirumalapura  village","29-Aug-2025","25-Feb-2026","499596","Physical Inspection"
"580","Normal/Others","WS/MP086/2025-2026/230189-Construction of roads, link roads, pathways or any other road with or without drainage system","Karnataka","BENGALURU URBAN(DEPUTY COMMISSIONER BANGALORE URBAN_IDA)","Shri G.C. Chandrashekhar (2024-30) (2024-2030)","Elected MP","construction of cement concrete road from sasiveghatta village main road to vasanth home at yelahanka talluk, sasiveghatta village","29-Aug-2025","25-Feb-2026","499078","Physical Inspection"
"581","Normal/Others","WS/MP086/2025-2026/230192-Construction of roads, link roads, pathways or any other road with or without drainage system","Karnataka","BENGALURU URBAN(DEPUTY COMMISSIONER BANGALORE URBAN_IDA)","Shri G.C. Chandrashekhar (2024-30) (2024-2030)","Elected MP","construction of cement concrete road from shabarinagar nagaraju home to sathish home at yelahanka talluk, hurali chikkanahalli grama panchayath","29-Aug-2025","20-Dec-2025","499078","Physical Inspection"
"582","Normal/Others","WS/MP086/2025-2026/230195-Construction of roads, link roads, pathways or any other road with or without drainage system","Karnataka","BENGALURU URBAN(DEPUTY COMMISSIONER BANGALORE URBAN_IDA)","Shri G.C. Chandrashekhar (2024-30) (2024-2030)","Elected MP","construction of cement concrete road viji home to rajanna home at bengaluru north talluk, gopalapura grama panchayath, totagere village","29-Aug-2025","20-Dec-2025","499182","Physical Inspection"
"583","Normal/Others","WS/MP086/2025-2026/230196-Construction of roads, link roads, pathways or any other road with or without drainage system","Karnataka","BENGALURU URBAN(DEPUTY COMMISSIONER BANGALORE URBAN_IDA)","Shri G.C. Chandrashekhar (2024-30) (2024-2030)","Elected MP","construction of cement concrete road from shekhar home to rajesh home at yelahanka talluk, kodagi thirumalapura village","29-Aug-2025","20-Dec-2025","499063","Physical Inspection"
"584","Normal/Others","WS/MP086/2025-2026/230197-Construction of roads, link roads, pathways or any other road with or without drainage system","Karnataka","BENGALURU URBAN(DEPUTY COMMISSIONER BANGALORE URBAN_IDA)","Shri G.C. Chandrashekhar (2024-30) (2024-2030)","Elected MP","construction of cement concrete road and drainage from hesaraghatta to hosahallipalya at yelahanka talluk, hesaraghatta grama panchayath","29-Aug-2025","20-Dec-2025","499596","Physical Inspection"
"585","Normal/Others","WS/MP086/2025-2026/240742-Construction of roads, link roads, pathways or any other road with or without drainage system","Karnataka","BENGALURU URBAN(DEPUTY COMMISSIONER BANGALORE URBAN_IDA)","Shri G.C. Chandrashekhar (2024-30) (2024-2030)","Elected MP","construction of concrete road at Bangalore district, Jayanagar assembly constituency, ward 168 marenahalli, 8th main road, 8th cross","08-Oct-2025","20-Dec-2025","5500000","Work partially Completed"
"586","Normal/Others","WS/MP086/2025-2026/209983-Construction of rooms and halls in school and colleges","Karnataka","BENGALURU URBAN(DEPUTY COMMISSIONER BANGALORE URBAN_IDA)","Shri G.C. Chandrashekhar (2024-30) (2024-2030)","Elected MP","construction of compound wall at ward no.148, 20th cross, government school, Bangalore urban, BTM constituency","18-Jun-2025","20-Dec-2025","499402","Physical Inspection"
"587","Trust and Society","WS/MP086/2025-2026/213179-Construction of rooms and halls in school and colleges","Karnataka","TUMAKURU(DEPUTY COMMISSIONER TUMKUR_IDA)","Shri G.C. Chandrashekhar (2024-30) (2024-2030)","Elected MP","construction of shivayogishwara hostel at turuvekere town, Turuvekere talluk, Tumkur district work to be executed through Nirmiti Kendra","28-Jun-2025","05-Mar-2026","2500000","Vendor Identification"
"588","Normal/Others","WS/MP833/2024-2025/92740-Construction of roads, link roads, pathways or any other road with or without drainage system","Karnataka","CHIKKAMAGALURU(DEPUTY COMMISSIONER CHIKMAGALUR)","Shri Jairam Ramesh (2022-28) (2022-2028)","Elected MP","Chikkamagaluru Taluk Construction Concrete road to Vishwasnagar cross Road at Shankarpur-Kalyannagar Link Road","21-Feb-2024","01-Aug-2024","1000000","Work Completed"
"589","Normal/Others","WS/MP833/2024-2025/92741-Construction of roads, link roads, pathways or any other road with or without drainage system","Karnataka","CHIKKAMAGALURU(DEPUTY COMMISSIONER CHIKMAGALUR)","Shri Jairam Ramesh (2022-28) (2022-2028)","Elected MP","Chikkamagalurr Taluk Road Development work  from Benakanakallu to Beranagodu Village of Basaravalli Village  Panchayath","21-Feb-2024","24-Sep-2024","5000000","Work Completed"
"590","Trust and Society","WS/MP834/2026-2027/287989-Installation/ Construction of Anti-Pollution structure","Karnataka","BENGALURU URBAN(DEPUTY COMMISSIONER BANGALORE URBAN_IDA)","Shri Lahar Singh Siroya (2022-28) (2022-2028)","Elected MP","purchase of 5 high end multipara monitor sat to Jayadeva Memorial Hospital, RR Nagar, Bangalore","22-Jun-2026","02-Jul-2026","5000000","Physical Inspection"
"591","Normal/Others","WS/MP086/2025-2026/170914-Security gates in streets/public place for safety purpose","Karnataka","BENGALURU URBAN(DEPUTY COMMISSIONER BANGALORE URBAN_IDA)","Shri G.C. Chandrashekhar (2024-30) (2024-2030)","Elected MP","Construction of chain link fencing from 13th cross to 13 A cross, Ward no 178, JP nagar 1st phase, Bangalore","31-Jan-2025","09-Apr-2025","499567","Physical Inspection"
"592","Normal/Others","WS/MP086/2025-2026/170915-Security gates in streets/public place for safety purpose","Karnataka","BENGALURU URBAN(DEPUTY COMMISSIONER BANGALORE URBAN_IDA)","Shri G.C. Chandrashekhar (2024-30) (2024-2030)","Elected MP","Construction of chain link fencing from 13A cross to 14th cross, Ward no 178, JP nagar 1st phase, Bangalore","31-Jan-2025","09-Apr-2025","499341","Physical Inspection"
"593","Normal/Others","WS/MP086/2025-2026/170916-Security gates in streets/public place for safety purpose","Karnataka","BENGALURU URBAN(DEPUTY COMMISSIONER BANGALORE URBAN_IDA)","Shri G.C. Chandrashekhar (2024-30) (2024-2030)","Elected MP","Construction of chain link fencing from 14th cross to 14 A cross, Ward no 178, JP nagar 1st phase, Bangalore","31-Jan-2025","09-Apr-2025","498956","Physical Inspection"
"594","Normal/Others","WS/MP086/2025-2026/214295-Security gates in streets/public place for safety purpose","Karnataka","KAITHAL(DC CUM NODAL OFFICERS MPLADS)","Shri G.C. Chandrashekhar (2024-30) (2024-2030)","Elected MP","Construction of Main Gate at Ravi Dasia Chaupal, Village Balwanti","03-Jul-2025","14-Jan-2026","150000","Sanction"
"595","Normal/Others","WS/MP18296/2026-2027/251335-Security gates in streets/public place for safety purpose","Karnataka","KAITHAL(DC CUM NODAL OFFICERS MPLADS)","Dr. Syed Naseer Hussain (2024-30) (2024-2030)","Elected MP","Construction of a public       gate at the corner of the  telephone exchange, Ward  No. 21, Model Town, Jind Road, Kaithal.","29-Nov-2025","05-Aug-2026","250000","Sanction"
"596","Normal/Others","WS/MP838/2024-2025/133313-Construction of roads, link roads, pathways or any other road with or without drainage system","Karnataka","HASSAN(DEPUTY COMMISSIONER HASSAN_IDA)","Dr. Dharmasthala Veerendra Heggade (2022-28) (2022-2028)","Nominated MP","Construction of Roads","09-Jul-2024","20-Dec-2024","498261","Physical Inspection"
"597","Normal/Others","WS/MP838/2025-2026/213327-Construction of rooms and halls in school and colleges","Karnataka","VIJAYAPURA(DEPUTY COMMISSIONER BIJAPUR_IDA)","Dr. Dharmasthala Veerendra Heggade (2022-28) (2022-2028)","Nominated MP","Construction of 8 classrooms with a total area of 7,200 sq. ft. for college students, managed by the 1008 Bhaghawan Shri Mahavir Jain Minority Charitable Trust in Muddebihal","30-Jun-2025","26-Mar-2026","2500000","Vendor Identification"
"598","Normal/Others","WS/MP838/2026-2027/242203-Construction of roads, link roads, pathways or any other road with or without drainage system","Karnataka","UDUPI(DEPUTY COMMISSIONER UDUPI_IDA)","Dr. Dharmasthala Veerendra Heggade (2022-28) (2022-2028)","Nominated MP","To carry out the construction work of a concrete drain along the road leading to Shri Chamundeshwari Temple, located within the jurisdiction of Yadtadi Gram Panchayat, Brahmavar Taluk, Udupi District","16-Oct-2025","21-May-2026","500000","Vendor Identification"
"599","Normal/Others","WS/MP838/2026-2027/242204-Construction of roads, link roads, pathways or any other road with or without drainage system","Karnataka","UDUPI(DEPUTY COMMISSIONER UDUPI_IDA)","Dr. Dharmasthala Veerendra Heggade (2022-28) (2022-2028)","Nominated MP","To carry out the construction work of a concrete drain along the road leading to Yadtadi Kambalagadde, located within the jurisdiction of Yadtadi Gram Panchayat, Brahmavar Taluk, Udupi District.","16-Oct-2025","21-May-2026","500000","Vendor Identification"
"600","Normal/Others","WS/MP838/2024-2025/75008-Construction of road under bridge","Karnataka","HASSAN(DEPUTY COMMISSIONER HASSAN_IDA)","Dr. Dharmasthala Veerendra Heggade (2022-28) (2022-2028)","Nominated MP","Construction of Road","04-Jan-2024","22-Jul-2024","499174","Physical Inspection"
"601","Normal/Others","WS/MP18363/2025-2026/253468-Construction of buildings for sports facilities","Karnataka","VIJAYAPURA(DEPUTY COMMISSIONER BIJAPUR_IDA)","Smt. Sudha Murty (2024-30) (2024-2030)","Nominated MP","construction of sports hostel for boys","11-Dec-2025","04-Feb-2026","20000000","Vendor Identification"
"602","Normal/Others","WS/MP838/2026-2027/228288-Construction of roads, link roads, pathways or any other road with or without drainage system","Karnataka","DAKSHINA KANNADA(DEPUTY COMMISSIONER DAKSHIN KANNAD MANGALORE_IDA)","Dr. Dharmasthala Veerendra Heggade (2022-28) (2022-2028)","Nominated MP","Widening of the road connecting the national highway from Ayyappa Gudi to Priyadarshini Compound and Chowkadabettu within the limits of Belthangady Town Panchayat","22-Aug-2025","15-Jul-2026","5000000","Vendor Identification"
"603","Normal/Others","WS/MP838/2026-2027/228289-Construction of roads, link roads, pathways or any other road with or without drainage system","Karnataka","DAKSHINA KANNADA(DEPUTY COMMISSIONER DAKSHIN KANNAD MANGALORE_IDA)","Dr. Dharmasthala Veerendra Heggade (2022-28) (2022-2028)","Nominated MP","Road development by widening the road up to Kellaguttu Junction in the Priyadarshini Compound area, under the jurisdiction of Belthangady Town Panchayat","22-Aug-2025","15-Jul-2026","5000000","Time Estimation"
"604","Normal/Others","WS/MP838/2026-2027/228293-Construction of roads, link roads, pathways or any other road with or without drainage system","Karnataka","DAKSHINA KANNADA(DEPUTY COMMISSIONER DAKSHIN KANNAD MANGALORE_IDA)","Dr. Dharmasthala Veerendra Heggade (2022-28) (2022-2028)","Nominated MP","Road development through widening up to Renkedaguttu Samrat Ashoka Ranga Mandira at Kellaguttu Junction, under the jurisdiction of Belthangady Town Panchayat","22-Aug-2025","15-Jul-2026","5000000","Sanction"
"605","Normal/Others","WS/MP838/2026-2027/228294-Construction of roads, link roads, pathways or any other road with or without drainage system","Karnataka","DAKSHINA KANNADA(DEPUTY COMMISSIONER DAKSHIN KANNAD MANGALORE_IDA)","Dr. Dharmasthala Veerendra Heggade (2022-28) (2022-2028)","Nominated MP","Road development by widening the road from Renkedaguttu Samrat Ashoka Ranga Mandira Road to Mallottu, under the jurisdiction of Belthangady Town Panchayat","22-Aug-2025","15-Jul-2026","5000000","Sanction"
"606","Normal/Others","WS/MP838/2024-2025/92069-Construction of New Building","Karnataka","BIDAR(DEPUTY COMMISSIONER BIDAR_IDA)","Dr. Dharmasthala Veerendra Heggade (2022-28) (2022-2028)","Nominated MP","Construction of New building for Sikindrapura Milk Producers Cooperative Society","30-Jan-2024","23-Sep-2024","1000000","Physical Inspection"
"607","Normal/Others","WS/MP838/2024-2025/92070-Construction of New Building","Karnataka","BIDAR(DEPUTY COMMISSIONER BIDAR_IDA)","Dr. Dharmasthala Veerendra Heggade (2022-28) (2022-2028)","Nominated MP","Construction of New building for Chatnalli Milk Producers Cooperative Society","30-Jan-2024","23-Sep-2024","1000000","Physical Inspection"
"608","Normal/Others","WS/MP838/2024-2025/92071-Construction of New Building","Karnataka","BIDAR(DEPUTY COMMISSIONER BIDAR_IDA)","Dr. Dharmasthala Veerendra Heggade (2022-28) (2022-2028)","Nominated MP","Construction of New building for Marakhal Milk Producers Cooperative Society","30-Jan-2024","23-Sep-2024","1000000","Physical Inspection"
"609","Normal/Others","WS/MP838/2024-2025/92072-Construction of New Building","Karnataka","BIDAR(DEPUTY COMMISSIONER BIDAR_IDA)","Dr. Dharmasthala Veerendra Heggade (2022-28) (2022-2028)","Nominated MP","Construction of New building for  Vaddanakera Milk Producers Cooperative Society","30-Jan-2024","23-Sep-2024","1000000","Physical Inspection"
"610","Normal/Others","WS/MP838/2024-2025/92073-Construction of New Building","Karnataka","BIDAR(DEPUTY COMMISSIONER BIDAR_IDA)","Dr. Dharmasthala Veerendra Heggade (2022-28) (2022-2028)","Nominated MP","Construction of New building for Bannalli Milk Producers Cooperative Society","30-Jan-2024","23-Sep-2024","1000000","Physical Inspection"
"611","Normal/Others","WS/MP838/2024-2025/92074-Construction of New Building","Karnataka","BIDAR(DEPUTY COMMISSIONER BIDAR_IDA)","Dr. Dharmasthala Veerendra Heggade (2022-28) (2022-2028)","Nominated MP","Construction of New building for Itga Milk Producers Cooperative Society","30-Jan-2024","23-Sep-2024","1000000","Physical Inspection"
"612","Normal/Others","WS/MP838/2024-2025/92075-Construction of New Building","Karnataka","BIDAR(DEPUTY COMMISSIONER BIDAR_IDA)","Dr. Dharmasthala Veerendra Heggade (2022-28) (2022-2028)","Nominated MP","Construction of New building for Sastapur Milk Producers Cooperative Society","30-Jan-2024","23-Sep-2024","1000000","Physical Inspection"
"613","Normal/Others","WS/MP838/2024-2025/92076-Construction of New Building","Karnataka","BIDAR(DEPUTY COMMISSIONER BIDAR_IDA)","Dr. Dharmasthala Veerendra Heggade (2022-28) (2022-2028)","Nominated MP","Construction of New building for Bagadoori Milk Producers Cooperative Society","30-Jan-2024","23-Sep-2024","1000000","Physical Inspection"
"614","Normal/Others","WS/MP838/2024-2025/92077-Construction of New Building","Karnataka","BIDAR(DEPUTY COMMISSIONER BIDAR_IDA)","Dr. Dharmasthala Veerendra Heggade (2022-28) (2022-2028)","Nominated MP","Construction of New building for Chandoori Milk Producers Cooperative Society","30-Jan-2024","23-Sep-2024","1000000","Physical Inspection"
"615","Normal/Others","WS/MP838/2024-2025/92078-Construction of New Building","Karnataka","BIDAR(DEPUTY COMMISSIONER BIDAR_IDA)","Dr. Dharmasthala Veerendra Heggade (2022-28) (2022-2028)","Nominated MP","Construction of New building for  Maroor Milk Producers Cooperative Society","30-Jan-2024","23-Sep-2024","1000000","Physical Inspection"
"616","Normal/Others","WS/MP838/2025-2026/192338-Construction of roads, link roads, pathways or any other road with or without drainage system","Karnataka","BELAGAVI(DEPUTY COMMISSIONER BELGAUM_IDA)","Dr. Dharmasthala Veerendra Heggade (2022-28) (2022-2028)","Nominated MP","Road construction work","18-Apr-2025","20-Aug-2025","1500000","Vendor Identification"
"617","Normal/Others","WS/MP838/2024-2025/74999-Construction of roads, link roads, pathways or any other road with or without drainage system","Karnataka","HASSAN(DEPUTY COMMISSIONER HASSAN_IDA)","Dr. Dharmasthala Veerendra Heggade (2022-28) (2022-2028)","Nominated MP","Road Development","04-Jan-2024","22-Jul-2024","499174","Physical Inspection"
"618","Normal/Others","WS/MP18363/2024-2025/147435-Construction of rooms and facilities for hospitals, FWC , PHC Centers and ANM centers","Karnataka","VIJAYAPURA(DEPUTY COMMISSIONER BIJAPUR_IDA)","Smt. Sudha Murty (2024-30) (2024-2030)","Nominated MP","Construction of facilities cemntre at District Civil Hospital","15-Oct-2024","30-Oct-2024","8580000","Work partially Completed"
"619","Normal/Others","WS/MP18363/2024-2025/147448-Construction of rooms and facilities for hospitals, FWC , PHC Centers and ANM centers","Karnataka","VIJAYAPURA(DEPUTY COMMISSIONER BIJAPUR_IDA)","Smt. Sudha Murty (2024-30) (2024-2030)","Nominated MP","Construction of additional rooms at district civil hospital","15-Oct-2024","30-Oct-2024","16548000","Work partially Completed"
"620","Normal/Others","WS/MP838/2025-2026/197841-Construction of rooms and facilities for hospitals, FWC , PHC Centers and ANM centers","Karnataka","DAKSHINA KANNADA(DEPUTY COMMISSIONER DAKSHIN KANNAD MANGALORE_IDA)","Dr. Dharmasthala Veerendra Heggade (2022-28) (2022-2028)","Nominated MP","For the construction of a building for an open rehabilitation center for differently-abled persons who have suffered spinal cord injuries at Kanyadi village, Dharmasthala Gram, Belthangady Taluk, Dakshina Kannada District","08-May-2025","30-Jan-2026","300000","Work Completed"
"621","Normal/Others","WS/MP838/2026-2027/269864-Construction of rooms and facilities for hospitals, FWC , PHC Centers and ANM centers","Karnataka","BALLARI(DEPUTY COMMISSIONER BELLARY_IDA)","Dr. Dharmasthala Veerendra Heggade (2022-28) (2022-2028)","Nominated MP","To carry out the construction work of the Shree Chikkenakoppa Chennaveera Sharana Free Eye Hospital building in Kampli town of Ballari district.","21-Feb-2026","29-Aug-2026","499000","Sanction"
"622","Normal/Others","WS/MP838/2026-2027/207580-Construction of rooms and halls in school and colleges","Karnataka","DAKSHINA KANNADA(DEPUTY COMMISSIONER DAKSHIN KANNAD MANGALORE_IDA)","Dr. Dharmasthala Veerendra Heggade (2022-28) (2022-2028)","Nominated MP","Construction of classrooms at Vivekananda Training Centre","09-Jun-2025","30-Jul-2026","1500000","Sanction"
"623","Normal/Others","WS/MP838/2025-2026/266550-Construction of rooms and halls in school and colleges","Karnataka","DAKSHINA KANNADA(DEPUTY COMMISSIONER DAKSHIN KANNAD MANGALORE_IDA)","Dr. Dharmasthala Veerendra Heggade (2022-28) (2022-2028)","Nominated MP","To carry out the construction work of new classroom buildings for the educational development of students of the Government High School, Nidle,Belthangady Taluk,Dakshina Kannada District.","05-Feb-2026","26-Mar-2026","500000","Work partially Completed"
"624","Normal/Others","WS/MP838/2026-2027/216582-Purchase of smart boards, visual display units and projectors","Karnataka","UDUPI(DEPUTY COMMISSIONER UDUPI_IDA)","Dr. Dharmasthala Veerendra Heggade (2022-28) (2022-2028)","Nominated MP","Providing Smart Class Unit (1 Nos) To Govt high School holebagilu","09-Jul-2025","29-Jun-2026","190500","Vendor Identification"
"625","Normal/Others","WS/MP838/2025-2026/227505-Purchase of smart boards, visual display units and projectors","Karnataka","DAKSHINA KANNADA(DEPUTY COMMISSIONER DAKSHIN KANNAD MANGALORE_IDA)","Dr. Dharmasthala Veerendra Heggade (2022-28) (2022-2028)","Nominated MP","PROVIDING SMART CLASS UNIT (1 Nos) to GOVT PRIMARY SCHOOL BAJIRE (29240200502)","18-Aug-2025","31-Jan-2026","145000","Sanction"
"626","Normal/Others","WS/MP838/2025-2026/227506-Purchase of smart boards, visual display units and projectors","Karnataka","DAKSHINA KANNADA(DEPUTY COMMISSIONER DAKSHIN KANNAD MANGALORE_IDA)","Dr. Dharmasthala Veerendra Heggade (2022-28) (2022-2028)","Nominated MP","PROVIDING SMART CLASS UNIT (1 Nos) to GOVT PRIMARY SCHOOL PERODITHAYAKATTE (29240207502)","18-Aug-2025","06-Feb-2026","145000","Sanction"
"627","Normal/Others","WS/MP838/2025-2026/227507-Purchase of smart boards, visual display units and projectors","Karnataka","DAKSHINA KANNADA(DEPUTY COMMISSIONER DAKSHIN KANNAD MANGALORE_IDA)","Dr. Dharmasthala Veerendra Heggade (2022-28) (2022-2028)","Nominated MP","PROVIDING SMART CLASS UNIT (1 Nos) to GOVT SCHOOL MAIROLTHADKA (29240200703)","18-Aug-2025","31-Jan-2026","145000","Sanction"
"628","Normal/Others","WS/MP838/2025-2026/227508-Purchase of smart boards, visual display units and projectors","Karnataka","DAKSHINA KANNADA(DEPUTY COMMISSIONER DAKSHIN KANNAD MANGALORE_IDA)","Dr. Dharmasthala Veerendra Heggade (2022-28) (2022-2028)","Nominated MP","PROVIDING SMART CLASS UNIT (1 Nos) to GOVT SCHOOL KATTADABAIL (29240208002)","18-Aug-2025","31-Jan-2026","145000","Sanction"
"629","Normal/Others","WS/MP838/2025-2026/227509-Purchase of smart boards, visual display units and projectors","Karnataka","DAKSHINA KANNADA(DEPUTY COMMISSIONER DAKSHIN KANNAD MANGALORE_IDA)","Dr. Dharmasthala Veerendra Heggade (2022-28) (2022-2028)","Nominated MP","PROVIDING SMART CLASS UNIT (1 Nos) to GOVT SCHOOL MACCHINA(29240203901)","18-Aug-2025","31-Jan-2026","145000","Sanction"
"630","Normal/Others","WS/MP838/2025-2026/227510-Purchase of smart boards, visual display units and projectors","Karnataka","DAKSHINA KANNADA(DEPUTY COMMISSIONER DAKSHIN KANNAD MANGALORE_IDA)","Dr. Dharmasthala Veerendra Heggade (2022-28) (2022-2028)","Nominated MP","PROVIDING SMART CLASS UNIT (1 Nos) to GOVT SCHOOL PATRAME A (29240205902)","18-Aug-2025","06-Feb-2026","145000","Sanction"
"631","Normal/Others","WS/MP838/2025-2026/227511-Purchase of smart boards, visual display units and projectors","Karnataka","DAKSHINA KANNADA(DEPUTY COMMISSIONER DAKSHIN KANNAD MANGALORE_IDA)","Dr. Dharmasthala Veerendra Heggade (2022-28) (2022-2028)","Nominated MP","PROVIDING SMART CLASS UNIT (1 Nos) to GOVT SCHOOL BANGADI (29240201801)","18-Aug-2025","31-Jan-2026","145000","Sanction"
"632","Normal/Others","WS/MP838/2025-2026/227512-Purchase of smart boards, visual display units and projectors","Karnataka","DAKSHINA KANNADA(DEPUTY COMMISSIONER DAKSHIN KANNAD MANGALORE_IDA)","Dr. Dharmasthala Veerendra Heggade (2022-28) (2022-2028)","Nominated MP","PROVIDING SMART CLASS UNIT (1 Nos) to GOVT SCHOOL KUKRABETTU (29240204101)","18-Aug-2025","31-Jan-2026","145000","Sanction"
"633","Normal/Others","WS/MP838/2025-2026/227513-Purchase of smart boards, visual display units and projectors","Karnataka","DAKSHINA KANNADA(DEPUTY COMMISSIONER DAKSHIN KANNAD MANGALORE_IDA)","Dr. Dharmasthala Veerendra Heggade (2022-28) (2022-2028)","Nominated MP","PROVIDING SMART CLASS UNIT (1 Nos) to GOVT SCHOOL GERUKATTE (29240202104)","18-Aug-2025","31-Jan-2026","145000","Sanction"
"634","Normal/Others","WS/MP838/2025-2026/227514-Purchase of smart boards, visual display units and projectors","Karnataka","DAKSHINA KANNADA(DEPUTY COMMISSIONER DAKSHIN KANNAD MANGALORE_IDA)","Dr. Dharmasthala Veerendra Heggade (2022-28) (2022-2028)","Nominated MP","PROVIDING SMART CLASS UNIT (1 Nos) to GOVT SCHOOL CHARMADI(29240201001)","18-Aug-2025","31-Jan-2026","145000","Sanction"
"635","Normal/Others","WS/MP838/2025-2026/227515-Purchase of smart boards, visual display units and projectors","Karnataka","DAKSHINA KANNADA(DEPUTY COMMISSIONER DAKSHIN KANNAD MANGALORE_IDA)","Dr. Dharmasthala Veerendra Heggade (2022-28) (2022-2028)","Nominated MP","PROVIDING SMART CLASS UNIT (1 Nos) to GOVT SCHOOL KAJAKE(29240204001)","18-Aug-2025","31-Jan-2026","145000","Sanction"
"636","Normal/Others","WS/MP838/2025-2026/227516-Purchase of smart boards, visual display units and projectors","Karnataka","DAKSHINA KANNADA(DEPUTY COMMISSIONER DAKSHIN KANNAD MANGALORE_IDA)","Dr. Dharmasthala Veerendra Heggade (2022-28) (2022-2028)","Nominated MP","PROVIDING SMART CLASS UNIT (1 Nos) to GOVT SCHOOL NADA(29240204803)","18-Aug-2025","31-Jan-2026","145000","Sanction"
"637","Normal/Others","WS/MP838/2025-2026/227517-Purchase of smart boards, visual display units and projectors","Karnataka","DAKSHINA KANNADA(DEPUTY COMMISSIONER DAKSHIN KANNAD MANGALORE_IDA)","Dr. Dharmasthala Veerendra Heggade (2022-28) (2022-2028)","Nominated MP","PROVIDING SMART CLASS UNIT (1 Nos) to GOVT SCHOOL MOORJE(29240206101)","18-Aug-2025","17-Feb-2026","145000","Physical Inspection"
"638","Normal/Others","WS/MP838/2025-2026/197846-Construction of rooms and halls in school and colleges","Karnataka","BENGALURU URBAN(DEPUTY COMMISSIONER BANGALORE URBAN_IDA)","Dr. Dharmasthala Veerendra Heggade (2022-28) (2022-2028)","Nominated MP","Construction of a High School Reading Room Building","08-May-2025","31-Dec-2025","500000","Work partially Completed"
"639","Normal/Others","WS/MP838/2024-2025/80167-Construction of rooms and halls in school and colleges","Karnataka","MANDYA(DEPUTY COMMISSIONER MANDYA_IDA)","Dr. Dharmasthala Veerendra Heggade (2022-28) (2022-2028)","Nominated MP","Construction of buildings","11-Jan-2024","20-Aug-2024","2000000","Work Completed"
"640","Normal/Others","WS/MP838/2024-2025/149183-Construction of rooms and halls in school and colleges","Karnataka","Davanagere(DEPUTY COMMISSIONER DAUANAGERE_IDA)","Dr. Dharmasthala Veerendra Heggade (2022-28) (2022-2028)","Nominated MP","Govt School Building Renovation","23-Oct-2024","01-Feb-2025","494791","Physical Inspection"
"641","Normal/Others","WS/MP838/2024-2025/149184-Construction of rooms and halls in school and colleges","Karnataka","Davanagere(DEPUTY COMMISSIONER DAUANAGERE_IDA)","Dr. Dharmasthala Veerendra Heggade (2022-28) (2022-2028)","Nominated MP","Govt School Building Renovation","23-Oct-2024","01-Feb-2025","491972","Physical Inspection"
"642","Trust and Society","WS/MP18363/2026-2027/220694-Construction of buildings for community cultural activities","Karnataka","BENGALURU URBAN(DEPUTY COMMISSIONER BANGALORE URBAN_IDA)","Smt. Sudha Murty (2024-30) (2024-2030)","Nominated MP","Construction of building (ground floor) for the promotion of art and culture","21-Jul-2025","19-Jun-2026","5000000","Physical Inspection"
"643","Normal/Others","WS/MP838/2025-2026/166187-Construction of buildings for community cultural activities","Karnataka","MYSURU(DEPUTY COMMISSIONER MYSORE_IDA)","Dr. Dharmasthala Veerendra Heggade (2022-28) (2022-2028)","Nominated MP","Swami Vivekananda Cultural Youth Center and construction work of Viveka Memorial","17-Jan-2025","05-Jul-2025","2500000","Physical Inspection"
"644","Normal/Others","WS/MP838/2025-2026/216511-Construction of boundary walls of existing public and community buildings","Karnataka","DAKSHINA KANNADA(DEPUTY COMMISSIONER DAKSHIN KANNAD MANGALORE_IDA)","Dr. Dharmasthala Veerendra Heggade (2022-28) (2022-2028)","Nominated MP","Construction of a 25x8 concrete retaining wall for the Ashoka Nagar Scheduled Caste Colony under the jurisdiction of Dharmasthala Gram Panchayat Belthangady Taluk.","09-Jul-2025","09-Jan-2026","7650000","Sanction"
"645","Normal/Others","WS/MP838/2025-2026/216512-Construction of boundary walls of existing public and community buildings","Karnataka","DAKSHINA KANNADA(DEPUTY COMMISSIONER DAKSHIN KANNAD MANGALORE_IDA)","Dr. Dharmasthala Veerendra Heggade (2022-28) (2022-2028)","Nominated MP","Construction of a 5x8 concrete retaining wall for the Ashoka Nagar Scheduled Caste Colony under the jurisdiction of Dharmasthala Gram Panchayat, Belthangady Taluk","09-Jul-2025","31-Jan-2026","1900000","Sanction"
"646","Normal/Others","WS/MP838/2025-2026/216515-Construction of boundary walls of existing public and community buildings","Karnataka","DAKSHINA KANNADA(DEPUTY COMMISSIONER DAKSHIN KANNAD MANGALORE_IDA)","Dr. Dharmasthala Veerendra Heggade (2022-28) (2022-2028)","Nominated MP","Construction of a 300-meter-long concrete drain with a slab for the Ashoka Nagar Scheduled Caste Colony under the jurisdiction of Dharmasthala Gram Panchayat, Belthangady Taluk.","09-Jul-2025","09-Jan-2026","2750000","Sanction"
"647","Normal/Others","WS/MP838/2025-2026/216517-Construction of boundary walls of existing public and community buildings","Karnataka","DAKSHINA KANNADA(DEPUTY COMMISSIONER DAKSHIN KANNAD MANGALORE_IDA)","Dr. Dharmasthala Veerendra Heggade (2022-28) (2022-2028)","Nominated MP","Construction of a 600 meter long concrete drain without a slab for the Ashoka Nagar Scheduled Caste Colony under the jurisdiction of Dharmasthala Gram Panchayat, Belthangady Taluk","09-Jul-2025","09-Jan-2026","5000000","Sanction"
"648","Normal/Others","WS/MP838/2025-2026/216520-Construction of boundary walls of existing public and community buildings","Karnataka","DAKSHINA KANNADA(DEPUTY COMMISSIONER DAKSHIN KANNAD MANGALORE_IDA)","Dr. Dharmasthala Veerendra Heggade (2022-28) (2022-2028)","Nominated MP","Construction of a 25x7 (length x height) concrete retaining wall for the Ashoka Nagar Scheduled Caste Colony under the jurisdiction of Dharmasthala Gram Panchayat, Belthangady Taluk.","09-Jul-2025","30-Jan-2026","5000000","Sanction"
"649","Normal/Others","WS/MP838/2025-2026/216522-Construction of boundary walls of existing public and community buildings","Karnataka","DAKSHINA KANNADA(DEPUTY COMMISSIONER DAKSHIN KANNAD MANGALORE_IDA)","Dr. Dharmasthala Veerendra Heggade (2022-28) (2022-2028)","Nominated MP","Construction of a 15x5 (length x height) concrete retaining wall for the Ashoka Nagar Scheduled Caste Colony under the jurisdiction of Dharmasthala Gram Panchayat, Belthangady Taluk.","09-Jul-2025","30-Jan-2026","1800000","Sanction"
"650","Normal/Others","WS/MP838/2025-2026/169484-Purchase of smart boards, visual display units and projectors","Karnataka","DAKSHINA KANNADA(DEPUTY COMMISSIONER DAKSHIN KANNAD MANGALORE_IDA)","Dr. Dharmasthala Veerendra Heggade (2022-28) (2022-2028)","Nominated MP","Providing Smart Class Unit (1 Nos) To Govt. Upgraded Primary School Andinje  (29240200101)","31-Jan-2025","28-Aug-2025","145000","Work partially Completed"
"651","Normal/Others","WS/MP838/2025-2026/169485-Purchase of smart boards, visual display units and projectors","Karnataka","DAKSHINA KANNADA(DEPUTY COMMISSIONER DAKSHIN KANNAD MANGALORE_IDA)","Dr. Dharmasthala Veerendra Heggade (2022-28) (2022-2028)","Nominated MP","PROVIDING SMART CLASS UNIT (1 Nos) to  GOVT. UPGRADED PRIMARY SCHOOL ARAMBODY (29240200201)","31-Jan-2025","28-Aug-2025","145000","Work partially Completed"
"652","Normal/Others","WS/MP838/2025-2026/169486-Purchase of smart boards, visual display units and projectors","Karnataka","DAKSHINA KANNADA(DEPUTY COMMISSIONER DAKSHIN KANNAD MANGALORE_IDA)","Dr. Dharmasthala Veerendra Heggade (2022-28) (2022-2028)","Nominated MP","PROVIDING SMART CLASS UNIT (1 Nos) to  GOVT. UPGRADED PRIMARY SCHOOL BADAGAKARANDUR (29240200301)","31-Jan-2025","28-Aug-2025","145000","Work partially Completed"
"653","Normal/Others","WS/MP838/2025-2026/169487-Purchase of smart boards, visual display units and projectors","Karnataka","DAKSHINA KANNADA(DEPUTY COMMISSIONER DAKSHIN KANNAD MANGALORE_IDA)","Dr. Dharmasthala Veerendra Heggade (2022-28) (2022-2028)","Nominated MP","PROVIDING SMART CLASS UNIT (1 Nos) to  GOVT. HIGHER PRIMARY SCHOOL KUNTALAPALKE - B (29240200702)","31-Jan-2025","28-Aug-2025","145000","Work Completed"
"654","Normal/Others","WS/MP838/2025-2026/169488-Purchase of smart boards, visual display units and projectors","Karnataka","DAKSHINA KANNADA(DEPUTY COMMISSIONER DAKSHIN KANNAD MANGALORE_IDA)","Dr. Dharmasthala Veerendra Heggade (2022-28) (2022-2028)","Nominated MP","PROVIDING SMART CLASS UNIT (1 Nos) to  GOVT. HIGHER PRIMARY SCHOOL PERLA BAIPADY (29240200706)","31-Jan-2025","28-Aug-2025","145000","Work Completed"
"655","Normal/Others","WS/MP838/2025-2026/169489-Purchase of smart boards, visual display units and projectors","Karnataka","DAKSHINA KANNADA(DEPUTY COMMISSIONER DAKSHIN KANNAD MANGALORE_IDA)","Dr. Dharmasthala Veerendra Heggade (2022-28) (2022-2028)","Nominated MP","PROVIDING SMART CLASS UNIT (1 Nos) to  GOVT. HIGHER PRIMARY SCHOOL BARYA (29240200801)","31-Jan-2025","15-Dec-2025","145000","Work Completed"
"656","Normal/Others","WS/MP838/2025-2026/169490-Purchase of smart boards, visual display units and projectors","Karnataka","DAKSHINA KANNADA(DEPUTY COMMISSIONER DAKSHIN KANNAD MANGALORE_IDA)","Dr. Dharmasthala Veerendra Heggade (2022-28) (2022-2028)","Nominated MP","PROVIDING SMART CLASS UNIT (1 Nos) to  GOVT. HIGHER PRIMARY SCHOOL BENGILA (29240200802)","31-Jan-2025","15-Dec-2025","145000","Work Completed"
"657","Normal/Others","WS/MP838/2025-2026/169491-Purchase of smart boards, visual display units and projectors","Karnataka","DAKSHINA KANNADA(DEPUTY COMMISSIONER DAKSHIN KANNAD MANGALORE_IDA)","Dr. Dharmasthala Veerendra Heggade (2022-28) (2022-2028)","Nominated MP","PROVIDING SMART CLASS UNIT (1 Nos) to DKZP GOVT. UPGRADED PRIMARY SCHOOL PERIYOTTU (29240200803)","31-Jan-2025","15-Dec-2025","145000","Work Completed"
"658","Normal/Others","WS/MP838/2025-2026/169492-Purchase of smart boards, visual display units and projectors","Karnataka","DAKSHINA KANNADA(DEPUTY COMMISSIONER DAKSHIN KANNAD MANGALORE_IDA)","Dr. Dharmasthala Veerendra Heggade (2022-28) (2022-2028)","Nominated MP","PROVIDING SMART CLASS UNIT (1 Nos) to  GOVT. UPGRADED PRIMARY SCHOOL MAYA (29240200902)","31-Jan-2025","15-Dec-2025","145000","Work partially Completed"
"659","Normal/Others","WS/MP838/2025-2026/169493-Purchase of smart boards, visual display units and projectors","Karnataka","DAKSHINA KANNADA(DEPUTY COMMISSIONER DAKSHIN KANNAD MANGALORE_IDA)","Dr. Dharmasthala Veerendra Heggade (2022-28) (2022-2028)","Nominated MP","PROVIDING SMART CLASS UNIT (1 Nos) to  GOVT. HIGHER PRIMARY SCHOOL PARLANI (29240201003)","31-Jan-2025","15-Dec-2025","145000","Work partially Completed"
"660","Normal/Others","WS/MP838/2025-2026/169494-Purchase of smart boards, visual display units and projectors","Karnataka","DAKSHINA KANNADA(DEPUTY COMMISSIONER DAKSHIN KANNAD MANGALORE_IDA)","Dr. Dharmasthala Veerendra Heggade (2022-28) (2022-2028)","Nominated MP","PROVIDING SMART CLASS UNIT (1 Nos) to  GOVT. HIGHER PRIMARY SCHOOL PERIADKA (29240201101)","31-Jan-2025","15-Dec-2025","145000","Work partially Completed"
"661","Normal/Others","WS/MP838/2025-2026/169495-Purchase of smart boards, visual display units and projectors","Karnataka","DAKSHINA KANNADA(DEPUTY COMMISSIONER DAKSHIN KANNAD MANGALORE_IDA)","Dr. Dharmasthala Veerendra Heggade (2022-28) (2022-2028)","Nominated MP","PROVIDING SMART CLASS UNIT (1 Nos) to GOVT. HIGHER PRIMARY SCHOOL KUNTALAPALKE (29240201501)","31-Jan-2025","15-Dec-2025","145000","Work partially Completed"
"662","Normal/Others","WS/MP838/2025-2026/169496-Purchase of smart boards, visual display units and projectors","Karnataka","DAKSHINA KANNADA(DEPUTY COMMISSIONER DAKSHIN KANNAD MANGALORE_IDA)","Dr. Dharmasthala Veerendra Heggade (2022-28) (2022-2028)","Nominated MP","PROVIDING SMART CLASS UNIT (1 Nos) to  GOVT. HIGHER PRIMARY SCHOOL PERINJE (29240201602)","31-Jan-2025","31-Jan-2026","145000","Work partially Completed"
"663","Normal/Others","WS/MP838/2025-2026/169497-Purchase of smart boards, visual display units and projectors","Karnataka","DAKSHINA KANNADA(DEPUTY COMMISSIONER DAKSHIN KANNAD MANGALORE_IDA)","Dr. Dharmasthala Veerendra Heggade (2022-28) (2022-2028)","Nominated MP","PROVIDING SMART CLASS UNIT (1 Nos) to  GOVT. HIGHER PRIMARY SCHOOL BANNENGALA (29240201701)","31-Jan-2025","06-Feb-2026","145000","Work partially Completed"
"664","Normal/Others","WS/MP838/2025-2026/169498-Purchase of smart boards, visual display units and projectors","Karnataka","DAKSHINA KANNADA(DEPUTY COMMISSIONER DAKSHIN KANNAD MANGALORE_IDA)","Dr. Dharmasthala Veerendra Heggade (2022-28) (2022-2028)","Nominated MP","PROVIDING SMART CLASS UNIT (1 Nos) to  GOVT. UPGRADED PRIMARY SCHOOL ILANTHILA (29240201702)","31-Jan-2025","06-Feb-2026","145000","Work partially Completed"
"665","Normal/Others","WS/MP838/2025-2026/169499-Purchase of smart boards, visual display units and projectors","Karnataka","DAKSHINA KANNADA(DEPUTY COMMISSIONER DAKSHIN KANNAD MANGALORE_IDA)","Dr. Dharmasthala Veerendra Heggade (2022-28) (2022-2028)","Nominated MP","PROVIDING SMART CLASS UNIT (1 Nos) to  GOVT. UPGRADED PRIMARY SCHOOL ANDETHADKA (29240201703)","31-Jan-2025","15-Dec-2025","145000","Work partially Completed"
"666","Normal/Others","WS/MP838/2025-2026/169500-Purchase of smart boards, visual display units and projectors","Karnataka","DAKSHINA KANNADA(DEPUTY COMMISSIONER DAKSHIN KANNAD MANGALORE_IDA)","Dr. Dharmasthala Veerendra Heggade (2022-28) (2022-2028)","Nominated MP","PROVIDING SMART CLASS UNIT (1 Nos) to  GOVT. HIGHER PRIMARY SCHOOL DEVANAARI (29240201802)","31-Jan-2025","15-Dec-2025","145000","Work partially Completed"
"667","Normal/Others","WS/MP838/2025-2026/169501-Purchase of smart boards, visual display units and projectors","Karnataka","DAKSHINA KANNADA(DEPUTY COMMISSIONER DAKSHIN KANNAD MANGALORE_IDA)","Dr. Dharmasthala Veerendra Heggade (2022-28) (2022-2028)","Nominated MP","PROVIDING SMART CLASS UNIT (1 Nos) to  GOVT. HIGHER PRIMARY SCHOOL INDABETTU (29240201803)","31-Jan-2025","15-Dec-2025","145000","Work partially Completed"
"668","Normal/Others","WS/MP838/2025-2026/169502-Purchase of smart boards, visual display units and projectors","Karnataka","DAKSHINA KANNADA(DEPUTY COMMISSIONER DAKSHIN KANNAD MANGALORE_IDA)","Dr. Dharmasthala Veerendra Heggade (2022-28) (2022-2028)","Nominated MP","PROVIDING SMART CLASS UNIT (1 Nos) to  GOVT. HIGHER PRIMARY SCHOOL KODIYALABAILU (29240201901)","31-Jan-2025","15-Dec-2025","145000","Work partially Completed"
"669","Normal/Others","WS/MP838/2025-2026/169503-Purchase of smart boards, visual display units and projectors","Karnataka","DAKSHINA KANNADA(DEPUTY COMMISSIONER DAKSHIN KANNAD MANGALORE_IDA)","Dr. Dharmasthala Veerendra Heggade (2022-28) (2022-2028)","Nominated MP","PROVIDING SMART CLASS UNIT (1 Nos) to DKZP GOVT. HIGHER PRIMARY SCHOOL KADIRUDYAVARA (29240201902)","31-Jan-2025","15-Dec-2025","145000","Work partially Completed"
"670","Normal/Others","WS/MP838/2025-2026/169504-Purchase of smart boards, visual display units and projectors","Karnataka","DAKSHINA KANNADA(DEPUTY COMMISSIONER DAKSHIN KANNAD MANGALORE_IDA)","Dr. Dharmasthala Veerendra Heggade (2022-28) (2022-2028)","Nominated MP","PROVIDING SMART CLASS UNIT (1 Nos) to  GOVT. HIGHER PRIMARY SCHOOL KALENJA (29240202002)","31-Jan-2025","15-Dec-2025","145000","Work partially Completed"
"671","Normal/Others","WS/MP838/2025-2026/169505-Purchase of smart boards, visual display units and projectors","Karnataka","DAKSHINA KANNADA(DEPUTY COMMISSIONER DAKSHIN KANNAD MANGALORE_IDA)","Dr. Dharmasthala Veerendra Heggade (2022-28) (2022-2028)","Nominated MP","PROVIDING SMART CLASS UNIT (1 Nos) to GOVT. UPGRADED PRIMARY SCHOOL GOVINDOOR (29240202101)","31-Jan-2025","15-Dec-2025","145000","Work partially Completed"
"672","Normal/Others","WS/MP838/2025-2026/169506-Purchase of smart boards, visual display units and projectors","Karnataka","DAKSHINA KANNADA(DEPUTY COMMISSIONER DAKSHIN KANNAD MANGALORE_IDA)","Dr. Dharmasthala Veerendra Heggade (2022-28) (2022-2028)","Nominated MP","PROVIDING SMART CLASS UNIT (1 Nos) to  GOVT. HIGHER PRIMARY SCHOOL KALMANJA (29240202202)","31-Jan-2025","15-Dec-2025","145000","Work partially Completed"
"673","Normal/Others","WS/MP838/2025-2026/169507-Purchase of smart boards, visual display units and projectors","Karnataka","DAKSHINA KANNADA(DEPUTY COMMISSIONER DAKSHIN KANNAD MANGALORE_IDA)","Dr. Dharmasthala Veerendra Heggade (2022-28) (2022-2028)","Nominated MP","PROVIDING SMART CLASS UNIT (1 Nos) to  GOVT. HIGHER PRIMARY SCHOOL SIDDABAIL PARARI (29240202204)","31-Jan-2025","15-Dec-2025","145000","Work partially Completed"
"674","Normal/Others","WS/MP838/2025-2026/169508-Purchase of smart boards, visual display units and projectors","Karnataka","DAKSHINA KANNADA(DEPUTY COMMISSIONER DAKSHIN KANNAD MANGALORE_IDA)","Dr. Dharmasthala Veerendra Heggade (2022-28) (2022-2028)","Nominated MP","PROVIDING SMART CLASS UNIT (1 Nos) to  GOVT. HIGHER PRIMARY SCHOOL PADMUNJA (29240202301)","31-Jan-2025","15-Dec-2025","145000","Work partially Completed"
"675","Normal/Others","WS/MP838/2025-2026/169509-Purchase of smart boards, visual display units and projectors","Karnataka","DAKSHINA KANNADA(DEPUTY COMMISSIONER DAKSHIN KANNAD MANGALORE_IDA)","Dr. Dharmasthala Veerendra Heggade (2022-28) (2022-2028)","Nominated MP","PROVIDING SMART CLASS UNIT (1 Nos) to GOVT. HIGHER PRIMARY SCHOOL PILIGUDU (29240202302)","31-Jan-2025","15-Dec-2025","145000","Work partially Completed"
"676","Normal/Others","WS/MP838/2025-2026/169510-Purchase of smart boards, visual display units and projectors","Karnataka","DAKSHINA KANNADA(DEPUTY COMMISSIONER DAKSHIN KANNAD MANGALORE_IDA)","Dr. Dharmasthala Veerendra Heggade (2022-28) (2022-2028)","Nominated MP","PROVIDING SMART CLASS UNIT (1 Nos) to  GOVT. UPGRADED PRIMARY SCHOOL KANIYOOR KASABA (29240202303)","31-Jan-2025","29-Jan-2026","145000","Work partially Completed"
"677","Normal/Others","WS/MP838/2025-2026/169511-Purchase of smart boards, visual display units and projectors","Karnataka","DAKSHINA KANNADA(DEPUTY COMMISSIONER DAKSHIN KANNAD MANGALORE_IDA)","Dr. Dharmasthala Veerendra Heggade (2022-28) (2022-2028)","Nominated MP","PROVIDING SMART CLASS UNIT (1 Nos) to  GOVT.UPGRADED PRIMARY SCHOOL KANYADI-I (29240202401)","31-Jan-2025","29-Jan-2026","145000","Work partially Completed"
"678","Normal/Others","WS/MP838/2025-2026/169512-Purchase of smart boards, visual display units and projectors","Karnataka","DAKSHINA KANNADA(DEPUTY COMMISSIONER DAKSHIN KANNAD MANGALORE_IDA)","Dr. Dharmasthala Veerendra Heggade (2022-28) (2022-2028)","Nominated MP","PROVIDING SMART CLASS UNIT (1 Nos) to DKZP GOVT. HIGHER PRIMARY SCHOOL KARAMBAR (29240202501)","31-Jan-2025","15-Dec-2025","145000","Work partially Completed"
"679","Normal/Others","WS/MP838/2025-2026/169513-Purchase of smart boards, visual display units and projectors","Karnataka","DAKSHINA KANNADA(DEPUTY COMMISSIONER DAKSHIN KANNAD MANGALORE_IDA)","Dr. Dharmasthala Veerendra Heggade (2022-28) (2022-2028)","Nominated MP","PROVIDING SMART CLASS UNIT (1 Nos) to GOVT. HIGHER PRIMARY SCHOOL KARAYA (29240202602)","31-Jan-2025","15-Dec-2025","145000","Work partially Completed"
"680","Normal/Others","WS/MP838/2025-2026/169514-Purchase of smart boards, visual display units and projectors","Karnataka","DAKSHINA KANNADA(DEPUTY COMMISSIONER DAKSHIN KANNAD MANGALORE_IDA)","Dr. Dharmasthala Veerendra Heggade (2022-28) (2022-2028)","Nominated MP","PROVIDING SMART CLASS UNIT (1 Nos) to  GOVT. HIGHER PRIMARY SCHOOL KALLERI  (29240202603)","31-Jan-2025","15-Dec-2025","145000","Work partially Completed"
"681","Normal/Others","WS/MP838/2025-2026/169515-Purchase of smart boards, visual display units and projectors","Karnataka","DAKSHINA KANNADA(DEPUTY COMMISSIONER DAKSHIN KANNAD MANGALORE_IDA)","Dr. Dharmasthala Veerendra Heggade (2022-28) (2022-2028)","Nominated MP","PROVIDING SMART CLASS UNIT (1 Nos) to DKZP GOVT. UPGRADED PRIMARY SCHOOL THURKALIKE (29240202604)","31-Jan-2025","29-Jan-2026","145000","Work partially Completed"
"682","Normal/Others","WS/MP838/2025-2026/169516-Purchase of smart boards, visual display units and projectors","Karnataka","DAKSHINA KANNADA(DEPUTY COMMISSIONER DAKSHIN KANNAD MANGALORE_IDA)","Dr. Dharmasthala Veerendra Heggade (2022-28) (2022-2028)","Nominated MP","PROVIDING SMART CLASS UNIT (1 Nos) to  GOVT. UPGRADED PRIMARY SCHOOL THIMMANABETTU (29240202701)","31-Jan-2025","31-Jan-2026","145000","Work partially Completed"
"683","Normal/Others","WS/MP838/2025-2026/169517-Purchase of smart boards, visual display units and projectors","Karnataka","DAKSHINA KANNADA(DEPUTY COMMISSIONER DAKSHIN KANNAD MANGALORE_IDA)","Dr. Dharmasthala Veerendra Heggade (2022-28) (2022-2028)","Nominated MP","PROVIDING SMART CLASS UNIT (1 Nos) to  GOVT. HIGHER PRIMARY SCHOOL KELADAPETE (29240202801)","31-Jan-2025","29-Jan-2026","145000","Work partially Completed"
"684","Normal/Others","WS/MP838/2025-2026/169518-Purchase of smart boards, visual display units and projectors","Karnataka","DAKSHINA KANNADA(DEPUTY COMMISSIONER DAKSHIN KANNAD MANGALORE_IDA)","Dr. Dharmasthala Veerendra Heggade (2022-28) (2022-2028)","Nominated MP","PROVIDING SMART CLASS UNIT (1 Nos) to GOVT. HIGHER PRIMARY SCHOOL KOKKADA (29240202903)","31-Jan-2025","29-Jan-2026","145000","Work partially Completed"
"685","Normal/Others","WS/MP838/2025-2026/169519-Purchase of smart boards, visual display units and projectors","Karnataka","DAKSHINA KANNADA(DEPUTY COMMISSIONER DAKSHIN KANNAD MANGALORE_IDA)","Dr. Dharmasthala Veerendra Heggade (2022-28) (2022-2028)","Nominated MP","PROVIDING SMART CLASS UNIT (1 Nos) to GOVT. UPGRADED PRIMARY SCHOOL UPPARAPALIKE (29240202904)","31-Jan-2025","29-Jan-2026","145000","Work partially Completed"
"686","Normal/Others","WS/MP838/2025-2026/169520-Purchase of smart boards, visual display units and projectors","Karnataka","DAKSHINA KANNADA(DEPUTY COMMISSIONER DAKSHIN KANNAD MANGALORE_IDA)","Dr. Dharmasthala Veerendra Heggade (2022-28) (2022-2028)","Nominated MP","PROVIDING SMART CLASS UNIT (1 Nos) to GOVT. HIGHER PRIMARY SCHOOL KOYYUR TEMPLE (29240203102)","31-Jan-2025","29-Jan-2026","145000","Work partially Completed"
"687","Normal/Others","WS/MP838/2025-2026/169521-Purchase of smart boards, visual display units and projectors","Karnataka","DAKSHINA KANNADA(DEPUTY COMMISSIONER DAKSHIN KANNAD MANGALORE_IDA)","Dr. Dharmasthala Veerendra Heggade (2022-28) (2022-2028)","Nominated MP","PROVIDING SMART CLASS UNIT (1 Nos) to  GOVT. HIGHER PRIMARY SCHOOL KOYYURU (29240203103)","31-Jan-2025","29-Jan-2026","145000","Work partially Completed"
"688","Normal/Others","WS/MP838/2025-2026/169522-Purchase of smart boards, visual display units and projectors","Karnataka","DAKSHINA KANNADA(DEPUTY COMMISSIONER DAKSHIN KANNAD MANGALORE_IDA)","Dr. Dharmasthala Veerendra Heggade (2022-28) (2022-2028)","Nominated MP","PROVIDING SMART CLASS UNIT (1 Nos) to  GOVT. UPGRADED PRIMARY SCHOOL KOYYURU KASABA (29240203104)","31-Jan-2025","29-Jan-2026","145000","Work partially Completed"
"689","Normal/Others","WS/MP838/2025-2026/169523-Purchase of smart boards, visual display units and projectors","Karnataka","DAKSHINA KANNADA(DEPUTY COMMISSIONER DAKSHIN KANNAD MANGALORE_IDA)","Dr. Dharmasthala Veerendra Heggade (2022-28) (2022-2028)","Nominated MP","PROVIDING SMART CLASS UNIT (1 Nos) to  GOVT. HIGHER PRIMARY SCHOOL KUNJATHODY (29240203301)","31-Jan-2025","29-Jan-2026","145000","Work partially Completed"
"690","Normal/Others","WS/MP838/2025-2026/169524-Purchase of smart boards, visual display units and projectors","Karnataka","DAKSHINA KANNADA(DEPUTY COMMISSIONER DAKSHIN KANNAD MANGALORE_IDA)","Dr. Dharmasthala Veerendra Heggade (2022-28) (2022-2028)","Nominated MP","PROVIDING SMART CLASS UNIT (1 Nos) to GOVT. HIGHER PRIMARY SCHOOL MANGALATHERU (29240203401)","31-Jan-2025","29-Jan-2026","145000","Work partially Completed"
"691","Normal/Others","WS/MP838/2025-2026/169525-Purchase of smart boards, visual display units and projectors","Karnataka","DAKSHINA KANNADA(DEPUTY COMMISSIONER DAKSHIN KANNAD MANGALORE_IDA)","Dr. Dharmasthala Veerendra Heggade (2022-28) (2022-2028)","Nominated MP","PROVIDING SMART CLASS UNIT (1 Nos) to DKZP GOVT. HIGHER PRIMARY SCHOOL KUKKEDY (29240203402)","31-Jan-2025","29-Jan-2026","145000","Work partially Completed"
"692","Normal/Others","WS/MP838/2025-2026/169526-Purchase of smart boards, visual display units and projectors","Karnataka","DAKSHINA KANNADA(DEPUTY COMMISSIONER DAKSHIN KANNAD MANGALORE_IDA)","Dr. Dharmasthala Veerendra Heggade (2022-28) (2022-2028)","Nominated MP","PROVIDING SMART CLASS UNIT (1 Nos) to  GOVT. UPGRADED PRIMARY SCHOOL KUTHLUR (29240203501)","31-Jan-2025","29-Jan-2026","145000","Work partially Completed"
"693","Normal/Others","WS/MP838/2025-2026/169527-Purchase of smart boards, visual display units and projectors","Karnataka","DAKSHINA KANNADA(DEPUTY COMMISSIONER DAKSHIN KANNAD MANGALORE_IDA)","Dr. Dharmasthala Veerendra Heggade (2022-28) (2022-2028)","Nominated MP","PROVIDING SMART CLASS UNIT (1 Nos) to  GOVT. UPGRADED PRIMARY SCHOOL KARNODY LAILA (29240203701)","31-Jan-2025","29-Jan-2026","145000","Work partially Completed"
"694","Normal/Others","WS/MP838/2025-2026/169528-Purchase of smart boards, visual display units and projectors","Karnataka","DAKSHINA KANNADA(DEPUTY COMMISSIONER DAKSHIN KANNAD MANGALORE_IDA)","Dr. Dharmasthala Veerendra Heggade (2022-28) (2022-2028)","Nominated MP","PROVIDING SMART CLASS UNIT (1 Nos) to GOVT. HIGHER PRIMARY SCHOOL LAILA (29240203703)","31-Jan-2025","31-Jan-2026","145000","Work partially Completed"
"695","Normal/Others","WS/MP838/2025-2026/169529-Purchase of smart boards, visual display units and projectors","Karnataka","DAKSHINA KANNADA(DEPUTY COMMISSIONER DAKSHIN KANNAD MANGALORE_IDA)","Dr. Dharmasthala Veerendra Heggade (2022-28) (2022-2028)","Nominated MP","PROVIDING SMART CLASS UNIT (1 Nos) to  GOVT. UPGRADED PRIMARY SCHOOL MAALADY (29240203801)","31-Jan-2025","29-Jan-2026","145000","Physical Inspection"
"696","Normal/Others","WS/MP838/2025-2026/169530-Purchase of smart boards, visual display units and projectors","Karnataka","DAKSHINA KANNADA(DEPUTY COMMISSIONER DAKSHIN KANNAD MANGALORE_IDA)","Dr. Dharmasthala Veerendra Heggade (2022-28) (2022-2028)","Nominated MP","PROVIDING SMART CLASS UNIT (1 Nos) to  GOVT. HIGHER PRIMARY SCHOOL KUDRADKA (29240203902)","31-Jan-2025","29-Jan-2026","145000","Work partially Completed"
"697","Normal/Others","WS/MP838/2025-2026/169531-Purchase of smart boards, visual display units and projectors","Karnataka","DAKSHINA KANNADA(DEPUTY COMMISSIONER DAKSHIN KANNAD MANGALORE_IDA)","Dr. Dharmasthala Veerendra Heggade (2022-28) (2022-2028)","Nominated MP","PROVIDING SMART CLASS UNIT (1 Nos) to GOVT. HIGHER PRIMARY SCHOOL PAALADKA (29240203905)","31-Jan-2025","31-Jan-2026","145000","Work partially Completed"
"698","Normal/Others","WS/MP838/2025-2026/169532-Purchase of smart boards, visual display units and projectors","Karnataka","DAKSHINA KANNADA(DEPUTY COMMISSIONER DAKSHIN KANNAD MANGALORE_IDA)","Dr. Dharmasthala Veerendra Heggade (2022-28) (2022-2028)","Nominated MP","PROVIDING SMART CLASS UNIT (1 Nos) to  GOVT. UPGRADED PRIMARY SCHOOL MAVINAKATTE (29240204102)","31-Jan-2025","29-Jan-2026","145000","Work partially Completed"
"699","Normal/Others","WS/MP838/2025-2026/169533-Purchase of smart boards, visual display units and projectors","Karnataka","DAKSHINA KANNADA(DEPUTY COMMISSIONER DAKSHIN KANNAD MANGALORE_IDA)","Dr. Dharmasthala Veerendra Heggade (2022-28) (2022-2028)","Nominated MP","PROVIDING SMART CLASS UNIT (1 Nos) to  GOVT. UPGRADED PRIMARY SCHOOL KILLOOR (29240204301)","31-Jan-2025","29-Jan-2026","145000","Physical Inspection"
"700","Normal/Others","WS/MP838/2025-2026/169534-Purchase of smart boards, visual display units and projectors","Karnataka","DAKSHINA KANNADA(DEPUTY COMMISSIONER DAKSHIN KANNAD MANGALORE_IDA)","Dr. Dharmasthala Veerendra Heggade (2022-28) (2022-2028)","Nominated MP","PROVIDING SMART CLASS UNIT (1 Nos) to  GOVT. HIGHER PRIMARY SCHOOL KUKKAVU (29240204302)","31-Jan-2025","29-Jan-2026","145000","Physical Inspection"
"701","Normal/Others","WS/MP838/2025-2026/169535-Purchase of smart boards, visual display units and projectors","Karnataka","DAKSHINA KANNADA(DEPUTY COMMISSIONER DAKSHIN KANNAD MANGALORE_IDA)","Dr. Dharmasthala Veerendra Heggade (2022-28) (2022-2028)","Nominated MP","PROVIDING SMART CLASS UNIT (1 Nos) to  GOVT. HIGHER PRIMARY SCHOOL BULERI (29240204402)","31-Jan-2025","29-Jan-2026","145000","Work partially Completed"
"702","Normal/Others","WS/MP838/2025-2026/169536-Purchase of smart boards, visual display units and projectors","Karnataka","DAKSHINA KANNADA(DEPUTY COMMISSIONER DAKSHIN KANNAD MANGALORE_IDA)","Dr. Dharmasthala Veerendra Heggade (2022-28) (2022-2028)","Nominated MP","PROVIDING SMART CLASS UNIT (1 Nos) to  GOVT. UPGRADED PRIMARY SCHOOL UMBETTU (29240204501)","31-Jan-2025","29-Jan-2026","145000","Work partially Completed"
"703","Normal/Others","WS/MP838/2025-2026/169537-Purchase of smart boards, visual display units and projectors","Karnataka","DAKSHINA KANNADA(DEPUTY COMMISSIONER DAKSHIN KANNAD MANGALORE_IDA)","Dr. Dharmasthala Veerendra Heggade (2022-28) (2022-2028)","Nominated MP","PROVIDING SMART CLASS UNIT (1 Nos) to GOVT. HIGHER PRIMARY SCHOOL NERIA (29240205301)","31-Jan-2025","29-Jan-2026","145000","Physical Inspection"
"704","Normal/Others","WS/MP838/2025-2026/169538-Purchase of smart boards, visual display units and projectors","Karnataka","DAKSHINA KANNADA(DEPUTY COMMISSIONER DAKSHIN KANNAD MANGALORE_IDA)","Dr. Dharmasthala Veerendra Heggade (2022-28) (2022-2028)","Nominated MP","PROVIDING SMART CLASS UNIT (1 Nos) to  GOVT. UPGRADED PRIMARY SCHOOL BAYALU (29240205302)","31-Jan-2025","29-Jan-2026","145000","Physical Inspection"
"705","Normal/Others","WS/MP838/2025-2026/169539-Purchase of smart boards, visual display units and projectors","Karnataka","DAKSHINA KANNADA(DEPUTY COMMISSIONER DAKSHIN KANNAD MANGALORE_IDA)","Dr. Dharmasthala Veerendra Heggade (2022-28) (2022-2028)","Nominated MP","PROVIDING SMART CLASS UNIT (1 Nos) to  GOVT. HIGHER PRIMARY SCHOOL GANDIBAGILU (29240205304)","31-Jan-2025","29-Jan-2026","145000","Physical Inspection"
"706","Normal/Others","WS/MP838/2025-2026/169594-Purchase of smart boards, visual display units and projectors","Karnataka","DAKSHINA KANNADA(DEPUTY COMMISSIONER DAKSHIN KANNAD MANGALORE_IDA)","Dr. Dharmasthala Veerendra Heggade (2022-28) (2022-2028)","Nominated MP","PROVIDING SMART CLASS UNIT (1 Nos) to  GOVT. UPGRADED PRIMARY SCHOOL BARENGAYA (29240205401)","31-Jan-2025","29-Jan-2026","145000","Physical Inspection"
"707","Normal/Others","WS/MP838/2025-2026/169595-Purchase of smart boards, visual display units and projectors","Karnataka","DAKSHINA KANNADA(DEPUTY COMMISSIONER DAKSHIN KANNAD MANGALORE_IDA)","Dr. Dharmasthala Veerendra Heggade (2022-28) (2022-2028)","Nominated MP","PROVIDING SMART CLASS UNIT (1 Nos) to GOVT. UPGRADED PRIMARY SCHOOL NITTADE (29240205501)","31-Jan-2025","29-Jan-2026","145000","Work partially Completed"
"708","Normal/Others","WS/MP838/2025-2026/169596-Purchase of smart boards, visual display units and projectors","Karnataka","DAKSHINA KANNADA(DEPUTY COMMISSIONER DAKSHIN KANNAD MANGALORE_IDA)","Dr. Dharmasthala Veerendra Heggade (2022-28) (2022-2028)","Nominated MP","PROVIDING SMART CLASS UNIT (1 Nos) to  GOVT. HIGHER PRIMARY SCHOOL PERMUDA (29240205503)","31-Jan-2025","29-Jan-2026","145000","Work partially Completed"
"709","Normal/Others","WS/MP838/2025-2026/169606-Purchase of smart boards, visual display units and projectors","Karnataka","DAKSHINA KANNADA(DEPUTY COMMISSIONER DAKSHIN KANNAD MANGALORE_IDA)","Dr. Dharmasthala Veerendra Heggade (2022-28) (2022-2028)","Nominated MP","PROVIDING SMART CLASS UNIT (1 Nos) to  GOVT. HIGHER PRIMARY SCHOOL NAALA (29240205601)","31-Jan-2025","29-Jan-2026","145000","Work partially Completed"
"710","Normal/Others","WS/MP838/2025-2026/169608-Purchase of smart boards, visual display units and projectors","Karnataka","DAKSHINA KANNADA(DEPUTY COMMISSIONER DAKSHIN KANNAD MANGALORE_IDA)","Dr. Dharmasthala Veerendra Heggade (2022-28) (2022-2028)","Nominated MP","PROVIDING SMART CLASS UNIT (1 Nos) to  GOVT. UPGRADED PRIMARY SCHOOL PADANGADY (29240205701)","31-Jan-2025","29-Jan-2026","145000","Work partially Completed"
"711","Normal/Others","WS/MP838/2025-2026/169610-Purchase of smart boards, visual display units and projectors","Karnataka","DAKSHINA KANNADA(DEPUTY COMMISSIONER DAKSHIN KANNAD MANGALORE_IDA)","Dr. Dharmasthala Veerendra Heggade (2022-28) (2022-2028)","Nominated MP","PROVIDING SMART CLASS UNIT (1 Nos) to  GOVT. UPGRADED PRIMARY SCHOOL PILYA (29240206101)","31-Jan-2025","29-Jan-2026","145000","Work partially Completed"
"712","Normal/Others","WS/MP838/2025-2026/169613-Purchase of smart boards, visual display units and projectors","Karnataka","DAKSHINA KANNADA(DEPUTY COMMISSIONER DAKSHIN KANNAD MANGALORE_IDA)","Dr. Dharmasthala Veerendra Heggade (2022-28) (2022-2028)","Nominated MP","PROVIDING SMART CLASS UNIT (1 Nos) to  GOVT. HIGHER PRIMARY SCHOOL KEMMATE (29240206201)","31-Jan-2025","29-Jan-2026","145000","Physical Inspection"
"713","Normal/Others","WS/MP838/2025-2026/169615-Purchase of smart boards, visual display units and projectors","Karnataka","DAKSHINA KANNADA(DEPUTY COMMISSIONER DAKSHIN KANNAD MANGALORE_IDA)","Dr. Dharmasthala Veerendra Heggade (2022-28) (2022-2028)","Nominated MP","PROVIDING SMART CLASS UNIT (1 Nos) to GOVT. HIGHER PRIMARY SCHOOL MIYAAR (29240206203)","31-Jan-2025","29-Jan-2026","145000","Physical Inspection"
"714","Normal/Others","WS/MP838/2025-2026/169616-Purchase of smart boards, visual display units and projectors","Karnataka","DAKSHINA KANNADA(DEPUTY COMMISSIONER DAKSHIN KANNAD MANGALORE_IDA)","Dr. Dharmasthala Veerendra Heggade (2022-28) (2022-2028)","Nominated MP","PROVIDING SMART CLASS UNIT (1 Nos) to  GOVT. HIGHER PRIMARY SCHOOL PUTHILA (29240206301)","31-Jan-2025","29-Jan-2026","145000","Work partially Completed"
"715","Normal/Others","WS/MP838/2025-2026/169617-Purchase of smart boards, visual display units and projectors","Karnataka","DAKSHINA KANNADA(DEPUTY COMMISSIONER DAKSHIN KANNAD MANGALORE_IDA)","Dr. Dharmasthala Veerendra Heggade (2022-28) (2022-2028)","Nominated MP","PROVIDING SMART CLASS UNIT (1 Nos) to  GOVT. HIGHER PRIMARY SCHOOL NELYADKA (29240206401)","31-Jan-2025","06-Feb-2026","145000","Physical Inspection"
"716","Normal/Others","WS/MP838/2025-2026/169620-Purchase of smart boards, visual display units and projectors","Karnataka","DAKSHINA KANNADA(DEPUTY COMMISSIONER DAKSHIN KANNAD MANGALORE_IDA)","Dr. Dharmasthala Veerendra Heggade (2022-28) (2022-2028)","Nominated MP","PROVIDING SMART CLASS UNIT (1 Nos) to  GOVT. HIGHER PRIMARY SCHOOL GUTHINA BAIL (29240206501)","31-Jan-2025","29-Jan-2026","145000","Physical Inspection"
"717","Normal/Others","WS/MP838/2025-2026/169624-Purchase of smart boards, visual display units and projectors","Karnataka","DAKSHINA KANNADA(DEPUTY COMMISSIONER DAKSHIN KANNAD MANGALORE_IDA)","Dr. Dharmasthala Veerendra Heggade (2022-28) (2022-2028)","Nominated MP","PROVIDING SMART CLASS UNIT (1 Nos) to  GOVT. UPGRADED PRIMARY SCHOOL SAVYA (29240206601)","31-Jan-2025","29-Jan-2026","145000","Work partially Completed"
"718","Normal/Others","WS/MP838/2025-2026/169626-Purchase of smart boards, visual display units and projectors","Karnataka","DAKSHINA KANNADA(DEPUTY COMMISSIONER DAKSHIN KANNAD MANGALORE_IDA)","Dr. Dharmasthala Veerendra Heggade (2022-28) (2022-2028)","Nominated MP","PROVIDING SMART CLASS UNIT (1 Nos) to GOVT. UPGRADED PRIMARY SCHOOL PERLA (29240206702)","31-Jan-2025","29-Jan-2026","145000","Physical Inspection"
"719","Normal/Others","WS/MP838/2025-2026/169627-Purchase of smart boards, visual display units and projectors","Karnataka","DAKSHINA KANNADA(DEPUTY COMMISSIONER DAKSHIN KANNAD MANGALORE_IDA)","Dr. Dharmasthala Veerendra Heggade (2022-28) (2022-2028)","Nominated MP","PROVIDING SMART CLASS UNIT (1 Nos) to  GOVT. UPGRADED PRIMARY SCHOOL SHISHILA (29240206903)","31-Jan-2025","29-Jan-2026","145000","Physical Inspection"
"720","Normal/Others","WS/MP838/2025-2026/169628-Purchase of smart boards, visual display units and projectors","Karnataka","DAKSHINA KANNADA(DEPUTY COMMISSIONER DAKSHIN KANNAD MANGALORE_IDA)","Dr. Dharmasthala Veerendra Heggade (2022-28) (2022-2028)","Nominated MP","PROVIDING SMART CLASS UNIT (1 Nos) to  GOVT. HIGHER PRIMARY SCHOOL SONANDOOR (29240207001)","31-Jan-2025","29-Jan-2026","145000","Work partially Completed"
"721","Normal/Others","WS/MP838/2025-2026/169635-Purchase of smart boards, visual display units and projectors","Karnataka","DAKSHINA KANNADA(DEPUTY COMMISSIONER DAKSHIN KANNAD MANGALORE_IDA)","Dr. Dharmasthala Veerendra Heggade (2022-28) (2022-2028)","Nominated MP","PROVIDING SMART CLASS UNIT (1 Nos) to  GOVT. HIGHER PRIMARY SCHOOL SULKERIMOGRU (29240207201)","31-Jan-2025","29-Jan-2026","145000","Work partially Completed"
"722","Normal/Others","WS/MP838/2025-2026/169639-Purchase of smart boards, visual display units and projectors","Karnataka","DAKSHINA KANNADA(DEPUTY COMMISSIONER DAKSHIN KANNAD MANGALORE_IDA)","Dr. Dharmasthala Veerendra Heggade (2022-28) (2022-2028)","Nominated MP","PROVIDING SMART CLASS UNIT (1 Nos) to  GOVT. UPGRADED PRIMARY SCHOOL THANNIRUPANTHA (29240207301)","31-Jan-2025","17-Nov-2025","145000","Work partially Completed"
"723","Normal/Others","WS/MP838/2025-2026/169656-Purchase of smart boards, visual display units and projectors","Karnataka","DAKSHINA KANNADA(DEPUTY COMMISSIONER DAKSHIN KANNAD MANGALORE_IDA)","Dr. Dharmasthala Veerendra Heggade (2022-28) (2022-2028)","Nominated MP","PROVIDING SMART CLASS UNIT (1 Nos) to GOVT. HIGHER PRIMARY SCHOOL PALEDU (29240207304)","31-Jan-2025","31-Jan-2026","145000","Work partially Completed"
"724","Normal/Others","WS/MP838/2025-2026/169658-Purchase of smart boards, visual display units and projectors","Karnataka","DAKSHINA KANNADA(DEPUTY COMMISSIONER DAKSHIN KANNAD MANGALORE_IDA)","Dr. Dharmasthala Veerendra Heggade (2022-28) (2022-2028)","Nominated MP","PROVIDING SMART CLASS UNIT (1 Nos) to GOVT. UPGRADED PRIMARY SCHOOL KUTTIKALA (29240207401)","31-Jan-2025","29-Jan-2026","145000","Work partially Completed"
"725","Normal/Others","WS/MP838/2025-2026/169659-Purchase of smart boards, visual display units and projectors","Karnataka","DAKSHINA KANNADA(DEPUTY COMMISSIONER DAKSHIN KANNAD MANGALORE_IDA)","Dr. Dharmasthala Veerendra Heggade (2022-28) (2022-2028)","Nominated MP","PROVIDING SMART CLASS UNIT (1 Nos) to  GOVT. UPGRADED PRIMARY SCHOOL THOTATHADI (29240207601)","31-Jan-2025","31-Jan-2026","145000","Sanction"
"726","Normal/Others","WS/MP838/2025-2026/169660-Purchase of smart boards, visual display units and projectors","Karnataka","DAKSHINA KANNADA(DEPUTY COMMISSIONER DAKSHIN KANNAD MANGALORE_IDA)","Dr. Dharmasthala Veerendra Heggade (2022-28) (2022-2028)","Nominated MP","PROVIDING SMART CLASS UNIT (1 Nos) to GOVT. HIGHER PRIMARY SCHOOL DOMPADAPALKE (29240207703)","31-Jan-2025","29-Jan-2026","145000","Sanction"
"727","Normal/Others","WS/MP838/2025-2026/169661-Purchase of smart boards, visual display units and projectors","Karnataka","DAKSHINA KANNADA(DEPUTY COMMISSIONER DAKSHIN KANNAD MANGALORE_IDA)","Dr. Dharmasthala Veerendra Heggade (2022-28) (2022-2028)","Nominated MP","PROVIDING SMART CLASS UNIT (1 Nos) to  GOVT. UPGRADED PRIMARY SCHOOL GURIPALLA (29240207704)","31-Jan-2025","31-Jan-2026","145000","Sanction"
"728","Normal/Others","WS/MP838/2025-2026/169662-Purchase of smart boards, visual display units and projectors","Karnataka","DAKSHINA KANNADA(DEPUTY COMMISSIONER DAKSHIN KANNAD MANGALORE_IDA)","Dr. Dharmasthala Veerendra Heggade (2022-28) (2022-2028)","Nominated MP","PROVIDING SMART CLASS UNIT (1 Nos) to GOVT. HIGHER PRIMARY SCHOOL HALEPETE UJIRE (29240207705)","31-Jan-2025","06-Feb-2026","145000","Sanction"
"729","Normal/Others","WS/MP838/2025-2026/169663-Purchase of smart boards, visual display units and projectors","Karnataka","DAKSHINA KANNADA(DEPUTY COMMISSIONER DAKSHIN KANNAD MANGALORE_IDA)","Dr. Dharmasthala Veerendra Heggade (2022-28) (2022-2028)","Nominated MP","PROVIDING SMART CLASS UNIT (1 Nos) to  GOVT. HIGHER PRIMARY SCHOOL MUNDATHODY PERLA (29240207711)","31-Jan-2025","31-Jan-2026","145000","Sanction"
"730","Normal/Others","WS/MP838/2025-2026/169664-Purchase of smart boards, visual display units and projectors","Karnataka","DAKSHINA KANNADA(DEPUTY COMMISSIONER DAKSHIN KANNAD MANGALORE_IDA)","Dr. Dharmasthala Veerendra Heggade (2022-28) (2022-2028)","Nominated MP","PROVIDING SMART CLASS UNIT (1 Nos) to  GOVT. MODEL HIGHER PRIMARY SCHOOL BELTHANGADY (29240208301)","31-Jan-2025","06-Feb-2026","145000","Work partially Completed"
"731","Normal/Others","WS/MP838/2025-2026/169665-Purchase of smart boards, visual display units and projectors","Karnataka","DAKSHINA KANNADA(DEPUTY COMMISSIONER DAKSHIN KANNAD MANGALORE_IDA)","Dr. Dharmasthala Veerendra Heggade (2022-28) (2022-2028)","Nominated MP","PROVIDING SMART CLASS UNIT (1 Nos) to NETAJI SUBHASH CHANDRA BOSE AWASIYA VIDYALAYA BELTHANGADY (29240208302)","31-Jan-2025","06-Feb-2026","145000","Sanction"
"732","Normal/Others","WS/MP838/2025-2026/169666-Purchase of smart boards, visual display units and projectors","Karnataka","DAKSHINA KANNADA(DEPUTY COMMISSIONER DAKSHIN KANNAD MANGALORE_IDA)","Dr. Dharmasthala Veerendra Heggade (2022-28) (2022-2028)","Nominated MP","PROVIDING SMART CLASS UNIT (1 Nos) to GOVT. HIGHER PRIMARY SCHOOL MUGULI (29240208801)","31-Jan-2025","31-Jan-2026","145000","Sanction"
"733","Normal/Others","WS/MP838/2025-2026/169668-Purchase of smart boards, visual display units and projectors","Karnataka","DAKSHINA KANNADA(DEPUTY COMMISSIONER DAKSHIN KANNAD MANGALORE_IDA)","Dr. Dharmasthala Veerendra Heggade (2022-28) (2022-2028)","Nominated MP","PROVIDING SMART CLASS UNIT (1 Nos) to AIDED HIGHER PRIMARY SCHOOL MARODY (29240204103)","31-Jan-2025","31-Jan-2026","145000","Work partially Completed"
"734","Normal/Others","WS/MP838/2025-2026/169671-Purchase of smart boards, visual display units and projectors","Karnataka","DAKSHINA KANNADA(DEPUTY COMMISSIONER DAKSHIN KANNAD MANGALORE_IDA)","Dr. Dharmasthala Veerendra Heggade (2022-28) (2022-2028)","Nominated MP","PROVIDING SMART CLASS UNIT (1 Nos) to SRI SARASWATI AIDED HIGHER PRIMARY SCHOOL BELAL (29240200904)","31-Jan-2025","31-Jan-2026","145000","Work partially Completed"
"735","Normal/Others","WS/MP838/2025-2026/169673-Purchase of smart boards, visual display units and projectors","Karnataka","DAKSHINA KANNADA(DEPUTY COMMISSIONER DAKSHIN KANNAD MANGALORE_IDA)","Dr. Dharmasthala Veerendra Heggade (2022-28) (2022-2028)","Nominated MP","PROVIDING SMART CLASS UNIT (1 Nos) to SHRI VISHNUMOORTHY AIDED HIGHER PRIMARY SCHOOL PATTOOR (29240205905)","31-Jan-2025","25-Mar-2026","145000","Sanction"
"736","Normal/Others","WS/MP838/2025-2026/169674-Purchase of smart boards, visual display units and projectors","Karnataka","DAKSHINA KANNADA(DEPUTY COMMISSIONER DAKSHIN KANNAD MANGALORE_IDA)","Dr. Dharmasthala Veerendra Heggade (2022-28) (2022-2028)","Nominated MP","PROVIDING SMART CLASS UNIT (1 Nos) to AIDED HIGHER PRIMARY SCHOOL URUVALU (29240207804)","31-Jan-2025","31-Jan-2026","145000","Work partially Completed"
"737","Normal/Others","WS/MP838/2025-2026/169676-Purchase of smart boards, visual display units and projectors","Karnataka","DAKSHINA KANNADA(DEPUTY COMMISSIONER DAKSHIN KANNAD MANGALORE_IDA)","Dr. Dharmasthala Veerendra Heggade (2022-28) (2022-2028)","Nominated MP","PROVIDING SMART CLASS UNIT (1 Nos) to AIDED HIGHER PRIMARY SCHOOL SULKERI (29240207101)","31-Jan-2025","31-Jan-2026","145000","Work partially Completed"
"738","Normal/Others","WS/MP838/2025-2026/169689-Purchase of smart boards, visual display units and projectors","Karnataka","DAKSHINA KANNADA(DEPUTY COMMISSIONER DAKSHIN KANNAD MANGALORE_IDA)","Dr. Dharmasthala Veerendra Heggade (2022-28) (2022-2028)","Nominated MP","PROVIDING SMART CLASS UNIT (1 Nos) to  GOVT. PRE UNIVERSITY COLLEGE (High School section) ALADANGADY  (29240200302)","31-Jan-2025","31-Jan-2026","145000","Work partially Completed"
"739","Normal/Others","WS/MP838/2025-2026/169690-Purchase of smart boards, visual display units and projectors","Karnataka","DAKSHINA KANNADA(DEPUTY COMMISSIONER DAKSHIN KANNAD MANGALORE_IDA)","Dr. Dharmasthala Veerendra Heggade (2022-28) (2022-2028)","Nominated MP","PROVIDING SMART CLASS UNIT (1 Nos) to  GOVT. HIGH SCHOOL BALENJA  (29240200602)","31-Jan-2025","31-Jan-2026","145000","Work partially Completed"
"740","Normal/Others","WS/MP838/2025-2026/169691-Purchase of smart boards, visual display units and projectors","Karnataka","DAKSHINA KANNADA(DEPUTY COMMISSIONER DAKSHIN KANNAD MANGALORE_IDA)","Dr. Dharmasthala Veerendra Heggade (2022-28) (2022-2028)","Nominated MP","PROVIDING SMART CLASS UNIT (1 Nos) to  GOVT. HIGH SCHOOL KAKKINJE (29240201004)","31-Jan-2025","31-Jan-2026","145000","Sanction"
"741","Normal/Others","WS/MP838/2025-2026/169692-Purchase of smart boards, visual display units and projectors","Karnataka","DAKSHINA KANNADA(DEPUTY COMMISSIONER DAKSHIN KANNAD MANGALORE_IDA)","Dr. Dharmasthala Veerendra Heggade (2022-28) (2022-2028)","Nominated MP","PROVIDING SMART CLASS UNIT (1 Nos) to  GOVT. HIGH SCHOOL SALETHADKA  (29240202001)","31-Jan-2025","31-Jan-2026","145000","Sanction"
"742","Normal/Others","WS/MP838/2025-2026/169693-Purchase of smart boards, visual display units and projectors","Karnataka","DAKSHINA KANNADA(DEPUTY COMMISSIONER DAKSHIN KANNAD MANGALORE_IDA)","Dr. Dharmasthala Veerendra Heggade (2022-28) (2022-2028)","Nominated MP","PROVIDING SMART CLASS UNIT (1 Nos) to GOVT. HIGH SCHOOL KAYARTHADKA (29240202004)","31-Jan-2025","02-Feb-2026","145000","Sanction"
"743","Normal/Others","WS/MP838/2025-2026/169694-Purchase of smart boards, visual display units and projectors","Karnataka","DAKSHINA KANNADA(DEPUTY COMMISSIONER DAKSHIN KANNAD MANGALORE_IDA)","Dr. Dharmasthala Veerendra Heggade (2022-28) (2022-2028)","Nominated MP","PROVIDING SMART CLASS UNIT (1 Nos) to  GOVT. HIGH SCHOOL KALMANJA (29240202206)","31-Jan-2025","02-Feb-2026","145000","Sanction"
"744","Normal/Others","WS/MP838/2025-2026/169695-Purchase of smart boards, visual display units and projectors","Karnataka","DAKSHINA KANNADA(DEPUTY COMMISSIONER DAKSHIN KANNAD MANGALORE_IDA)","Dr. Dharmasthala Veerendra Heggade (2022-28) (2022-2028)","Nominated MP","PROVIDING SMART CLASS UNIT (1 Nos) to  GOVT. HIGH SCHOOL PADMUNJA (29240202304)","31-Jan-2025","02-Feb-2026","145000","Work partially Completed"
"745","Normal/Others","WS/MP838/2025-2026/169696-Purchase of smart boards, visual display units and projectors","Karnataka","DAKSHINA KANNADA(DEPUTY COMMISSIONER DAKSHIN KANNAD MANGALORE_IDA)","Dr. Dharmasthala Veerendra Heggade (2022-28) (2022-2028)","Nominated MP","PROVIDING SMART CLASS UNIT (1 Nos) to GOVT. HIGH SCHOOL KASHIPATNA (29240202803)","31-Jan-2025","02-Feb-2026","145000","Work partially Completed"
"746","Normal/Others","WS/MP838/2025-2026/169697-Purchase of smart boards, visual display units and projectors","Karnataka","DAKSHINA KANNADA(DEPUTY COMMISSIONER DAKSHIN KANNAD MANGALORE_IDA)","Dr. Dharmasthala Veerendra Heggade (2022-28) (2022-2028)","Nominated MP","PROVIDING SMART CLASS UNIT (1 Nos) to  GOVT. PRE UNIVERSITY COLLEGE (High School section) KOKRADY (29240203002)","31-Jan-2025","02-Feb-2026","145000","Work partially Completed"
"747","Normal/Others","WS/MP838/2025-2026/169698-Purchase of smart boards, visual display units and projectors","Karnataka","DAKSHINA KANNADA(DEPUTY COMMISSIONER DAKSHIN KANNAD MANGALORE_IDA)","Dr. Dharmasthala Veerendra Heggade (2022-28) (2022-2028)","Nominated MP","PROVIDING SMART CLASS UNIT (1 Nos) to KARNATAKA PUBLIC SCHOOL (High School section) PUNJALKATTE (29240203303)","31-Jan-2025","02-Feb-2026","145000","Work partially Completed"
"748","Normal/Others","WS/MP838/2025-2026/169699-Purchase of smart boards, visual display units and projectors","Karnataka","DAKSHINA KANNADA(DEPUTY COMMISSIONER DAKSHIN KANNAD MANGALORE_IDA)","Dr. Dharmasthala Veerendra Heggade (2022-28) (2022-2028)","Nominated MP","PROVIDING SMART CLASS UNIT (1 Nos) to GOVT. HIGH SCHOOL MITTABAGILU (29240204304)","31-Jan-2025","02-Feb-2026","145000","Sanction"
"749","Normal/Others","WS/MP838/2025-2026/169708-Purchase of smart boards, visual display units and projectors","Karnataka","DAKSHINA KANNADA(DEPUTY COMMISSIONER DAKSHIN KANNAD MANGALORE_IDA)","Dr. Dharmasthala Veerendra Heggade (2022-28) (2022-2028)","Nominated MP","PROVIDING SMART CLASS UNIT (1 Nos) to GOVT. HIGH SCHOOL BULERI - MOGRU (29240204405)","31-Jan-2025","02-Feb-2026","145000","Work partially Completed"
"750","Normal/Others","WS/MP838/2025-2026/169709-Purchase of smart boards, visual display units and projectors","Karnataka","DAKSHINA KANNADA(DEPUTY COMMISSIONER DAKSHIN KANNAD MANGALORE_IDA)","Dr. Dharmasthala Veerendra Heggade (2022-28) (2022-2028)","Nominated MP","PROVIDING SMART CLASS UNIT (1 Nos) to GOVT. HIGH SCHOOL NAVOOR (29240205203)","31-Jan-2025","02-Feb-2026","145000","Sanction"
"751","Normal/Others","WS/MP838/2025-2026/169710-Purchase of smart boards, visual display units and projectors","Karnataka","DAKSHINA KANNADA(DEPUTY COMMISSIONER DAKSHIN KANNAD MANGALORE_IDA)","Dr. Dharmasthala Veerendra Heggade (2022-28) (2022-2028)","Nominated MP","PROVIDING SMART CLASS UNIT (1 Nos) to GOVT. HIGH SCHOOL NELYADKA (29240206403)","31-Jan-2025","02-Feb-2026","145000","Sanction"
"752","Normal/Others","WS/MP838/2025-2026/169722-Purchase of smart boards, visual display units and projectors","Karnataka","DAKSHINA KANNADA(DEPUTY COMMISSIONER DAKSHIN KANNAD MANGALORE_IDA)","Dr. Dharmasthala Veerendra Heggade (2022-28) (2022-2028)","Nominated MP","PROVIDING SMART CLASS UNIT (1 Nos) to NETHAJI SUBHASHCHANDRABOSE GOVT. HIGH SCHOOL SAVANALU (29240206503)","31-Jan-2025","02-Feb-2026","145000","Work partially Completed"
"753","Normal/Others","WS/MP838/2025-2026/169724-Purchase of smart boards, visual display units and projectors","Karnataka","DAKSHINA KANNADA(DEPUTY COMMISSIONER DAKSHIN KANNAD MANGALORE_IDA)","Dr. Dharmasthala Veerendra Heggade (2022-28) (2022-2028)","Nominated MP","PROVIDING SMART CLASS UNIT (1 Nos) to  GOVT. HIGH SCHOOL SARALIKATTE (29240207402)","31-Jan-2025","02-Feb-2026","145000","Work partially Completed"
"754","Normal/Others","WS/MP838/2025-2026/169725-Purchase of smart boards, visual display units and projectors","Karnataka","DAKSHINA KANNADA(DEPUTY COMMISSIONER DAKSHIN KANNAD MANGALORE_IDA)","Dr. Dharmasthala Veerendra Heggade (2022-28) (2022-2028)","Nominated MP","PROVIDING SMART CLASS UNIT (1 Nos) to GOVT. HIGH SCHOOL HALEPETE UJIRE (29240207712)","31-Jan-2025","06-Feb-2026","145000","Sanction"
"755","Normal/Others","WS/MP838/2025-2026/169726-Purchase of smart boards, visual display units and projectors","Karnataka","DAKSHINA KANNADA(DEPUTY COMMISSIONER DAKSHIN KANNAD MANGALORE_IDA)","Dr. Dharmasthala Veerendra Heggade (2022-28) (2022-2028)","Nominated MP","PROVIDING SMART CLASS UNIT (1 Nos) to ST. THERESE HIGH SCHOOL BELTHANGADY (29240208402)","31-Jan-2025","02-Feb-2026","145000","Work partially Completed"
"756","Normal/Others","WS/MP838/2025-2026/169732-Purchase of smart boards, visual display units and projectors","Karnataka","DAKSHINA KANNADA(DEPUTY COMMISSIONER DAKSHIN KANNAD MANGALORE_IDA)","Dr. Dharmasthala Veerendra Heggade (2022-28) (2022-2028)","Nominated MP","PROVIDING SMART CLASS UNIT (1 Nos) to MUNDAJE HIGH SCHOOL MUNDAJE (29240204606)","31-Jan-2025","02-Feb-2026","145000","Sanction"
"757","Normal/Others","WS/MP838/2025-2026/197933-Purchase of smart boards, visual display units and projectors","Karnataka","DAKSHINA KANNADA(DEPUTY COMMISSIONER DAKSHIN KANNAD MANGALORE_IDA)","Dr. Dharmasthala Veerendra Heggade (2022-28) (2022-2028)","Nominated MP","Providing Smart Class Unit (1 Nos) To Govt. Upgraded Primary School Nidle","08-May-2025","06-Feb-2026","145000","Sanction"
"758","Normal/Others","WS/MP838/2024-2025/151294-Construction of boundary walls of existing public and community buildings","Karnataka","DAKSHINA KANNADA(DEPUTY COMMISSIONER DAKSHIN KANNAD MANGALORE_IDA)","Dr. Dharmasthala Veerendra Heggade (2022-28) (2022-2028)","Nominated MP","Defense wall construction work","07-Nov-2024","07-Feb-2025","1000000","Physical Inspection"
"759","Normal/Others","WS/MP838/2025-2026/226678-Construction of community centers and community halls","Karnataka","HASSAN(DEPUTY COMMISSIONER HASSAN_IDA)","Dr. Dharmasthala Veerendra Heggade (2022-28) (2022-2028)","Nominated MP","For the ongoing work of Community Bhavan being constructed on the land belonging to Sri Ramanuja Seva Samiti Trust","13-Aug-2025","31-Dec-2025","499000","Work partially Completed"
"760","Normal/Others","WS/MP838/2025-2026/220895-Construction of community centers and community halls","Karnataka","HASSAN(DEPUTY COMMISSIONER HASSAN_IDA)","Dr. Dharmasthala Veerendra Heggade (2022-28) (2022-2028)","Nominated MP","Construction of a public community hall","22-Jul-2025","31-Dec-2025","499000","Work partially Completed"
"761","Normal/Others","WS/MP838/2024-2025/149181-Construction of community centers and community halls","Karnataka","HAVERI(DEPUTY COMMISSIONER HAVERI_IDA)","Dr. Dharmasthala Veerendra Heggade (2022-28) (2022-2028)","Nominated MP","Construction of Zilla Shahithya Bhavana","23-Oct-2024","27-Feb-2025","500000","Work partially Completed"
"762","Normal/Others","WS/MP18363/2024-2025/147432-Construction of public libraries and reading rooms","Karnataka","VIJAYAPURA(DEPUTY COMMISSIONER BIJAPUR_IDA)","Smt. Sudha Murty (2024-30) (2024-2030)","Nominated MP","Construction of library building","15-Oct-2024","30-Oct-2024","10770000","Work partially Completed"
"763","Normal/Others","WS/MP18363/2024-2025/147459-Construction of public libraries and reading rooms","Karnataka","VIJAYAPURA(DEPUTY COMMISSIONER BIJAPUR_IDA)","Smt. Sudha Murty (2024-30) (2024-2030)","Nominated MP","Construction of Library Building","15-Oct-2024","13-Mar-2025","8102000","Work partially Completed"
"764","Normal/Others","WS/MP838/2025-2026/213318-Construction of community centers and community halls","Karnataka","Davanagere(DEPUTY COMMISSIONER DAUANAGERE_IDA)","Dr. Dharmasthala Veerendra Heggade (2022-28) (2022-2028)","Nominated MP","For the construction of basic amenities of Anjaneya Swamy Community Hall","30-Jun-2025","02-Dec-2025","1000000","Physical Inspection"
"765","Normal/Others","WS/MP838/2025-2026/137805-Construction of community centers and community halls","Karnataka","Narayanpet(DISTRICT COLLECTOR NARAYANPET_IDA)","Dr. Dharmasthala Veerendra Heggade (2022-28) (2022-2028)","Nominated MP","Construction of Children's orphanage center","30-Aug-2024","23-Jun-2025","1000000","Work Completed"
"766","Normal/Others","WS/MP838/2024-2025/138562-Construction of community centers and community halls","Karnataka","HAVERI(DEPUTY COMMISSIONER HAVERI_IDA)","Dr. Dharmasthala Veerendra Heggade (2022-28) (2022-2028)","Nominated MP","Construction work of Kannada Sahitya Bhavan","03-Sep-2024","27-Feb-2025","1000000","Vendor Identification"
"767","Normal/Others","WS/MP838/2025-2026/138571-Construction of community centers and community halls","Karnataka","MYSURU(DEPUTY COMMISSIONER MYSORE_IDA)","Dr. Dharmasthala Veerendra Heggade (2022-28) (2022-2028)","Nominated MP","Construction work of Shri H.D Devegowda community hall","03-Sep-2024","07-Jul-2025","375000","Physical Inspection"
"768","Normal/Others","WS/MP838/2024-2025/80191-Construction of community centers and community halls","Karnataka","MYSURU(DEPUTY COMMISSIONER MYSORE_IDA)","Dr. Dharmasthala Veerendra Heggade (2022-28) (2022-2028)","Nominated MP","Construction of Community Hall","11-Jan-2024","01-Feb-2025","1000000","Physical Inspection"
"769","Normal/Others","WS/MP838/2024-2025/80237-Construction of community centers and community halls","Karnataka","Dangs(DISTRICT COLLECTOR DANG_IDA)","Dr. Dharmasthala Veerendra Heggade (2022-28) (2022-2028)","Nominated MP","Construction of Dining Hall","11-Jan-2024","04-Dec-2024","1000000","Sanction"
"770","Normal/Others","WS/MP838/2025-2026/189895-Construction of community centers and community halls","Karnataka","HAVERI(DEPUTY COMMISSIONER HAVERI_IDA)","Dr. Dharmasthala Veerendra Heggade (2022-28) (2022-2028)","Nominated MP","Additional grant to complete the construction work of the District Literature Hall","07-Apr-2025","30-May-2025","500000","Work partially Completed"
"771","Normal/Others","WS/MP18363/2025-2026/253465-Construction of shelters for animals","Karnataka","VIJAYAPURA(DEPUTY COMMISSIONER BIJAPUR_IDA)","Smt. Sudha Murty (2024-30) (2024-2030)","Nominated MP","comprehensive dog care centre","11-Dec-2025","04-Feb-2026","14255000","Vendor Identification"
"772","Normal/Others","WS/MP18363/2025-2026/253467-Construction of shelters for animals","Karnataka","VIJAYAPURA(DEPUTY COMMISSIONER BIJAPUR_IDA)","Smt. Sudha Murty (2024-30) (2024-2030)","Nominated MP","construction of additional rooms for the comprehensive do care shelter","11-Dec-2025","04-Feb-2026","9745000","Vendor Identification"
"773","Normal/Others","WS/MP838/2026-2027/226687-Setting up processing plants, cold storages,etc for fish and fisheries products for community use","Karnataka","SHIVAMOGGA(DEPUTY COMMISSIONER SHIMOGA_IDA)","Dr. Dharmasthala Veerendra Heggade (2022-28) (2022-2028)","Nominated MP","Construction work of the storage building of the Women Milk Producers Cooperative Society","13-Aug-2025","28-Jul-2026","499000","Vendor Identification"
"774","Normal/Others","WS/MP838/2026-2027/226688-Setting up processing plants, cold storages,etc for fish and fisheries products for community use","Karnataka","SHIVAMOGGA(DEPUTY COMMISSIONER SHIMOGA_IDA)","Dr. Dharmasthala Veerendra Heggade (2022-28) (2022-2028)","Nominated MP","New Building Construction Work of Milk Producers Cooperative Society","13-Aug-2025","28-Jul-2026","499000","Vendor Identification"
"775","Normal/Others","WS/MP838/2025-2026/93009-Setting up of farmers’ training and assistance centers","Karnataka","BIDAR(DEPUTY COMMISSIONER BIDAR_IDA)","Dr. Dharmasthala Veerendra Heggade (2022-28) (2022-2028)","Nominated MP","Providing Data Processing Milk Collection Unit (1 Nos) to Dhanasinganayaka Thanda Milk Producers Cooperative Society","31-Jan-2024","21-Apr-2025","107771","Physical Inspection"
"776","Normal/Others","WS/MP838/2025-2026/93011-Setting up of farmers’ training and assistance centers","Karnataka","BIDAR(DEPUTY COMMISSIONER BIDAR_IDA)","Dr. Dharmasthala Veerendra Heggade (2022-28) (2022-2028)","Nominated MP","Providing Data Processing Milk Collection Unit (1 Nos) to Kauta B Milk Producers Cooperative Society","31-Jan-2024","21-Apr-2025","107771","Physical Inspection"
"777","Normal/Others","WS/MP838/2025-2026/93012-Setting up of farmers’ training and assistance centers","Karnataka","BIDAR(DEPUTY COMMISSIONER BIDAR_IDA)","Dr. Dharmasthala Veerendra Heggade (2022-28) (2022-2028)","Nominated MP","Providing Data Processing Milk Collection Unit (1 Nos) to Benachichonchili Milk Producers Cooperative Society","31-Jan-2024","21-Apr-2025","107771","Physical Inspection"
"778","Normal/Others","WS/MP838/2025-2026/93014-Setting up of farmers’ training and assistance centers","Karnataka","BIDAR(DEPUTY COMMISSIONER BIDAR_IDA)","Dr. Dharmasthala Veerendra Heggade (2022-28) (2022-2028)","Nominated MP","Providing Data Processing Milk Collection Unit (1 Nos) to Chatnala Milk Producers Cooperative Society","31-Jan-2024","21-Apr-2025","107771","Physical Inspection"
"779","Normal/Others","WS/MP838/2025-2026/93017-Setting up of farmers’ training and assistance centers","Karnataka","BIDAR(DEPUTY COMMISSIONER BIDAR_IDA)","Dr. Dharmasthala Veerendra Heggade (2022-28) (2022-2028)","Nominated MP","Providing Data Processing Milk Collection Unit (1 Nos) to Tharanalli Milk Producers Cooperative Society","31-Jan-2024","21-Apr-2025","107771","Physical Inspection"
"780","Normal/Others","WS/MP838/2025-2026/93018-Setting up of farmers’ training and assistance centers","Karnataka","BIDAR(DEPUTY COMMISSIONER BIDAR_IDA)","Dr. Dharmasthala Veerendra Heggade (2022-28) (2022-2028)","Nominated MP","Providing Data Processing Milk Collection Unit (1 Nos) to Chimegaon Milk Producers Cooperative Society","31-Jan-2024","21-Apr-2025","107771","Physical Inspection"
"781","Normal/Others","WS/MP838/2025-2026/93020-Setting up of farmers’ training and assistance centers","Karnataka","BIDAR(DEPUTY COMMISSIONER BIDAR_IDA)","Dr. Dharmasthala Veerendra Heggade (2022-28) (2022-2028)","Nominated MP","Providing Data Processing Milk Collection Unit (1 Nos) to Mahadeva Pateela Thanda Milk Producers Cooperative Society","31-Jan-2024","21-Apr-2025","107771","Physical Inspection"
"782","Normal/Others","WS/MP838/2025-2026/93021-Setting up of farmers’ training and assistance centers","Karnataka","BIDAR(DEPUTY COMMISSIONER BIDAR_IDA)","Dr. Dharmasthala Veerendra Heggade (2022-28) (2022-2028)","Nominated MP","Providing Data Processing Milk Collection Unit (1 Nos) to Chikkanagava Milk Producers Cooperative Society","31-Jan-2024","21-Apr-2025","107771","Physical Inspection"
"783","Normal/Others","WS/MP838/2025-2026/93023-Setting up of farmers’ training and assistance centers","Karnataka","BIDAR(DEPUTY COMMISSIONER BIDAR_IDA)","Dr. Dharmasthala Veerendra Heggade (2022-28) (2022-2028)","Nominated MP","Providing Data Processing Milk Collection Unit (1 Nos) to Elyala Milk Producers Cooperative Society","31-Jan-2024","21-Apr-2025","107771","Physical Inspection"
"784","Normal/Others","WS/MP838/2025-2026/93024-Setting up of farmers’ training and assistance centers","Karnataka","BIDAR(DEPUTY COMMISSIONER BIDAR_IDA)","Dr. Dharmasthala Veerendra Heggade (2022-28) (2022-2028)","Nominated MP","Providing Data Processing Milk Collection Unit (1 Nos) to Mudhola K Milk Producers Cooperative Society","31-Jan-2024","21-Apr-2025","107771","Physical Inspection"
"785","Normal/Others","WS/MP838/2025-2026/93027-Setting up of farmers’ training and assistance centers","Karnataka","BIDAR(DEPUTY COMMISSIONER BIDAR_IDA)","Dr. Dharmasthala Veerendra Heggade (2022-28) (2022-2028)","Nominated MP","Providing Data Processing Milk Collection Unit (1 Nos) to Chandoori Milk Producers Cooperative Society","31-Jan-2024","21-Apr-2025","107771","Physical Inspection"
"786","Normal/Others","WS/MP838/2025-2026/93030-Setting up of farmers’ training and assistance centers","Karnataka","BIDAR(DEPUTY COMMISSIONER BIDAR_IDA)","Dr. Dharmasthala Veerendra Heggade (2022-28) (2022-2028)","Nominated MP","Providing Data Processing Milk Collection Unit (1 Nos) to Mahadonagaov Milk Producers Cooperative Society","31-Jan-2024","21-Apr-2025","107771","Physical Inspection"
"787","Normal/Others","WS/MP838/2025-2026/93034-Setting up of farmers’ training and assistance centers","Karnataka","BIDAR(DEPUTY COMMISSIONER BIDAR_IDA)","Dr. Dharmasthala Veerendra Heggade (2022-28) (2022-2028)","Nominated MP","Providing Data Processing Milk Collection Unit (1 Nos) to Murag K Milk Producers Cooperative Society","31-Jan-2024","21-Apr-2025","107771","Physical Inspection"
"788","Normal/Others","WS/MP838/2025-2026/93035-Setting up of farmers’ training and assistance centers","Karnataka","BIDAR(DEPUTY COMMISSIONER BIDAR_IDA)","Dr. Dharmasthala Veerendra Heggade (2022-28) (2022-2028)","Nominated MP","Providing Data Processing Milk Collection Unit (1 Nos) to Malakapurawadi Milk Producers Cooperative Society","31-Jan-2024","21-Apr-2025","107771","Physical Inspection"
"789","Normal/Others","WS/MP838/2025-2026/93038-Setting up of farmers’ training and assistance centers","Karnataka","BIDAR(DEPUTY COMMISSIONER BIDAR_IDA)","Dr. Dharmasthala Veerendra Heggade (2022-28) (2022-2028)","Nominated MP","Providing Data Processing Milk Collection Unit (1 Nos) to Jambagi Milk Producers Cooperative Society","31-Jan-2024","21-Apr-2025","107771","Physical Inspection"
"790","Normal/Others","WS/MP838/2025-2026/93044-Setting up of farmers’ training and assistance centers","Karnataka","BIDAR(DEPUTY COMMISSIONER BIDAR_IDA)","Dr. Dharmasthala Veerendra Heggade (2022-28) (2022-2028)","Nominated MP","Providing Data Processing Milk Collection Unit (1 Nos) to Gadigowdagaov Milk Producers Cooperative Society","31-Jan-2024","21-Apr-2025","107771","Physical Inspection"
"791","Normal/Others","WS/MP838/2025-2026/93052-Setting up of farmers’ training and assistance centers","Karnataka","BIDAR(DEPUTY COMMISSIONER BIDAR_IDA)","Dr. Dharmasthala Veerendra Heggade (2022-28) (2022-2028)","Nominated MP","Providing Data Processing Milk Collection Unit (1 Nos) to Kalakhora Milk Producers Cooperative Society","31-Jan-2024","21-Apr-2025","107771","Physical Inspection"
"792","Normal/Others","WS/MP838/2025-2026/93058-Setting up of farmers’ training and assistance centers","Karnataka","BIDAR(DEPUTY COMMISSIONER BIDAR_IDA)","Dr. Dharmasthala Veerendra Heggade (2022-28) (2022-2028)","Nominated MP","Providing Data Processing Milk Collection Unit (1 Nos) to Kambalewadi Milk Producers Cooperative Society","31-Jan-2024","21-Apr-2025","107771","Physical Inspection"
"793","Normal/Others","WS/MP838/2025-2026/93063-Setting up of farmers’ training and assistance centers","Karnataka","BIDAR(DEPUTY COMMISSIONER BIDAR_IDA)","Dr. Dharmasthala Veerendra Heggade (2022-28) (2022-2028)","Nominated MP","Providing Data Processing Milk Collection Unit (1 Nos) to  Yelladagundi Milk Producers Cooperative Society","31-Jan-2024","21-Apr-2025","107771","Physical Inspection"
"794","Normal/Others","WS/MP838/2025-2026/93065-Setting up of farmers’ training and assistance centers","Karnataka","BIDAR(DEPUTY COMMISSIONER BIDAR_IDA)","Dr. Dharmasthala Veerendra Heggade (2022-28) (2022-2028)","Nominated MP","Providing Data Processing Milk Collection Unit (1 Nos) to Ladawanti Milk Producers Cooperative Society","31-Jan-2024","21-Apr-2025","107771","Physical Inspection"
"795","Normal/Others","WS/MP838/2025-2026/93074-Setting up of farmers’ training and assistance centers","Karnataka","BIDAR(DEPUTY COMMISSIONER BIDAR_IDA)","Dr. Dharmasthala Veerendra Heggade (2022-28) (2022-2028)","Nominated MP","Providing Data Processing Milk Collection Unit (1 Nos) to Hanumanthawadi M Milk Producers Cooperative Society","31-Jan-2024","21-Apr-2025","107771","Physical Inspection"
"796","Normal/Others","WS/MP838/2025-2026/93079-Setting up of farmers’ training and assistance centers","Karnataka","BIDAR(DEPUTY COMMISSIONER BIDAR_IDA)","Dr. Dharmasthala Veerendra Heggade (2022-28) (2022-2028)","Nominated MP","Providing Data Processing Milk Collection Unit (1 Nos) to Dhannoora R Milk Producers Cooperative Society","31-Jan-2024","21-Apr-2025","107771","Physical Inspection"
"797","Normal/Others","WS/MP838/2025-2026/93082-Setting up of farmers’ training and assistance centers","Karnataka","BIDAR(DEPUTY COMMISSIONER BIDAR_IDA)","Dr. Dharmasthala Veerendra Heggade (2022-28) (2022-2028)","Nominated MP","Providing Data Processing Milk Collection Unit (1 Nos) to Mudabi Milk Producers Cooperative Society","31-Jan-2024","21-Apr-2025","107771","Physical Inspection"
"798","Normal/Others","WS/MP838/2025-2026/93085-Setting up of farmers’ training and assistance centers","Karnataka","BIDAR(DEPUTY COMMISSIONER BIDAR_IDA)","Dr. Dharmasthala Veerendra Heggade (2022-28) (2022-2028)","Nominated MP","Providing Data Processing Milk Collection Unit (1 Nos) to Valakhindi Milk Producers Cooperative Society","31-Jan-2024","21-Apr-2025","107771","Physical Inspection"
"799","Normal/Others","WS/MP838/2025-2026/93091-Setting up of farmers’ training and assistance centers","Karnataka","BIDAR(DEPUTY COMMISSIONER BIDAR_IDA)","Dr. Dharmasthala Veerendra Heggade (2022-28) (2022-2028)","Nominated MP","Providing Data Processing Milk Collection Unit (1 Nos) to Devanala Milk Producers Cooperative Society","31-Jan-2024","21-Apr-2025","107771","Physical Inspection"
"800","Normal/Others","WS/MP838/2025-2026/93094-Setting up of farmers’ training and assistance centers","Karnataka","BIDAR(DEPUTY COMMISSIONER BIDAR_IDA)","Dr. Dharmasthala Veerendra Heggade (2022-28) (2022-2028)","Nominated MP","Providing Data Processing Milk Collection Unit (1 Nos) to Morakhandi Milk Producers Cooperative Society","31-Jan-2024","21-Apr-2025","107771","Physical Inspection"
"801","Normal/Others","WS/MP838/2025-2026/93096-Setting up of farmers’ training and assistance centers","Karnataka","BIDAR(DEPUTY COMMISSIONER BIDAR_IDA)","Dr. Dharmasthala Veerendra Heggade (2022-28) (2022-2028)","Nominated MP","Providing Data Processing Milk Collection Unit (1 Nos) to Paratapura Milk Producers Cooperative Society","31-Jan-2024","21-Apr-2025","107771","Physical Inspection"
"802","Normal/Others","WS/MP838/2025-2026/93100-Setting up of farmers’ training and assistance centers","Karnataka","BIDAR(DEPUTY COMMISSIONER BIDAR_IDA)","Dr. Dharmasthala Veerendra Heggade (2022-28) (2022-2028)","Nominated MP","Providing Data Processing Milk Collection Unit (1 Nos) to Mirakal Milk Producers Cooperative Society","31-Jan-2024","21-Apr-2025","107771","Physical Inspection"
"803","Normal/Others","WS/MP838/2025-2026/93102-Setting up of farmers’ training and assistance centers","Karnataka","BIDAR(DEPUTY COMMISSIONER BIDAR_IDA)","Dr. Dharmasthala Veerendra Heggade (2022-28) (2022-2028)","Nominated MP","Providing Data Processing Milk Collection Unit (1 Nos) to Belura Milk Producers Cooperative Society","31-Jan-2024","21-Apr-2025","107771","Physical Inspection"
"804","Normal/Others","WS/MP838/2025-2026/93105-Setting up of farmers’ training and assistance centers","Karnataka","BIDAR(DEPUTY COMMISSIONER BIDAR_IDA)","Dr. Dharmasthala Veerendra Heggade (2022-28) (2022-2028)","Nominated MP","Providing Data Processing Milk Collection Unit (1 Nos) to Togalura Milk Producers Cooperative Society","31-Jan-2024","21-Apr-2025","107771","Physical Inspection"
"805","Normal/Others","WS/MP838/2025-2026/93108-Setting up of farmers’ training and assistance centers","Karnataka","BIDAR(DEPUTY COMMISSIONER BIDAR_IDA)","Dr. Dharmasthala Veerendra Heggade (2022-28) (2022-2028)","Nominated MP","Providing Data Processing Milk Collection Unit (1 Nos) to Baradapura Milk Producers Cooperative Society","31-Jan-2024","21-Apr-2025","107771","Physical Inspection"
"806","Normal/Others","WS/MP838/2025-2026/93110-Setting up of farmers’ training and assistance centers","Karnataka","BIDAR(DEPUTY COMMISSIONER BIDAR_IDA)","Dr. Dharmasthala Veerendra Heggade (2022-28) (2022-2028)","Nominated MP","Providing Data Processing Milk Collection Unit (1 Nos) to Mavinahalli Milk Producers Cooperative Society","31-Jan-2024","21-Apr-2025","107771","Physical Inspection"
"807","Normal/Others","WS/MP838/2025-2026/93113-Setting up of farmers’ training and assistance centers","Karnataka","BIDAR(DEPUTY COMMISSIONER BIDAR_IDA)","Dr. Dharmasthala Veerendra Heggade (2022-28) (2022-2028)","Nominated MP","Providing Data Processing Milk Collection Unit (1 Nos) to Maisalaga Milk Producers Cooperative Society","31-Jan-2024","21-Apr-2025","107771","Physical Inspection"
"808","Normal/Others","WS/MP838/2025-2026/93117-Setting up of farmers’ training and assistance centers","Karnataka","BIDAR(DEPUTY COMMISSIONER BIDAR_IDA)","Dr. Dharmasthala Veerendra Heggade (2022-28) (2022-2028)","Nominated MP","Providing Data Processing Milk Collection Unit (1 Nos) to Yalavanthagi Milk Producers Cooperative Society","31-Jan-2024","21-Apr-2025","107771","Physical Inspection"
"809","Normal/Others","WS/MP838/2025-2026/93120-Setting up of farmers’ training and assistance centers","Karnataka","BIDAR(DEPUTY COMMISSIONER BIDAR_IDA)","Dr. Dharmasthala Veerendra Heggade (2022-28) (2022-2028)","Nominated MP","Providing Data Processing Milk Collection Unit (1 Nos) to Byalahalli K Milk Producers Cooperative Society","31-Jan-2024","21-Apr-2025","107771","Physical Inspection"
"810","Normal/Others","WS/MP838/2025-2026/93122-Setting up of farmers’ training and assistance centers","Karnataka","BIDAR(DEPUTY COMMISSIONER BIDAR_IDA)","Dr. Dharmasthala Veerendra Heggade (2022-28) (2022-2028)","Nominated MP","Providing Data Processing Milk Collection Unit (1 Nos) to Neelamanahalli Milk Producers Cooperative Society","31-Jan-2024","21-Apr-2025","107771","Physical Inspection"
"811","Normal/Others","WS/MP838/2025-2026/93127-Setting up of farmers’ training and assistance centers","Karnataka","BIDAR(DEPUTY COMMISSIONER BIDAR_IDA)","Dr. Dharmasthala Veerendra Heggade (2022-28) (2022-2028)","Nominated MP","Providing Data Processing Milk Collection Unit (1 Nos) to Ganesharapurawadi Milk Producers Cooperative Society","31-Jan-2024","21-Apr-2025","107771","Physical Inspection"
"812","Normal/Others","WS/MP838/2025-2026/93132-Setting up of farmers’ training and assistance centers","Karnataka","BIDAR(DEPUTY COMMISSIONER BIDAR_IDA)","Dr. Dharmasthala Veerendra Heggade (2022-28) (2022-2028)","Nominated MP","Providing Data Processing Milk Collection Unit (1 Nos) to Rakshala B Milk Producers Cooperative Society","31-Jan-2024","21-Apr-2025","107771","Physical Inspection"
"813","Normal/Others","WS/MP838/2025-2026/93136-Setting up of farmers’ training and assistance centers","Karnataka","BIDAR(DEPUTY COMMISSIONER BIDAR_IDA)","Dr. Dharmasthala Veerendra Heggade (2022-28) (2022-2028)","Nominated MP","Providing Data Processing Milk Collection Unit (1 Nos) to Sompura Milk Producers Cooperative Society","31-Jan-2024","21-Apr-2025","107771","Physical Inspection"
"814","Normal/Others","WS/MP838/2025-2026/93139-Setting up of farmers’ training and assistance centers","Karnataka","BIDAR(DEPUTY COMMISSIONER BIDAR_IDA)","Dr. Dharmasthala Veerendra Heggade (2022-28) (2022-2028)","Nominated MP","Providing Data Processing Milk Collection Unit (1 Nos) to Janawada Milk Producers Cooperative Society","31-Jan-2024","21-Apr-2025","107771","Physical Inspection"
"815","Normal/Others","WS/MP838/2025-2026/93140-Setting up of farmers’ training and assistance centers","Karnataka","BIDAR(DEPUTY COMMISSIONER BIDAR_IDA)","Dr. Dharmasthala Veerendra Heggade (2022-28) (2022-2028)","Nominated MP","Providing Data Processing Milk Collection Unit (1 Nos) to Aliambara Milk Producers Cooperative Society","31-Jan-2024","21-Apr-2025","107771","Physical Inspection"
"816","Normal/Others","WS/MP838/2025-2026/93141-Setting up of farmers’ training and assistance centers","Karnataka","BIDAR(DEPUTY COMMISSIONER BIDAR_IDA)","Dr. Dharmasthala Veerendra Heggade (2022-28) (2022-2028)","Nominated MP","Providing Data Processing Milk Collection Unit (1 Nos) to Rajanala Milk Producers Cooperative Society","31-Jan-2024","21-Apr-2025","107771","Physical Inspection"
"817","Normal/Others","WS/MP838/2025-2026/93152-Setting up of farmers’ training and assistance centers","Karnataka","BIDAR(DEPUTY COMMISSIONER BIDAR_IDA)","Dr. Dharmasthala Veerendra Heggade (2022-28) (2022-2028)","Nominated MP","Providing Data Processing Milk Collection Unit (1 Nos) to Yaranalli Milk Producers Cooperative Society","31-Jan-2024","21-Apr-2025","107771","Physical Inspection"
"818","Normal/Others","WS/MP838/2025-2026/93154-Setting up of farmers’ training and assistance centers","Karnataka","BIDAR(DEPUTY COMMISSIONER BIDAR_IDA)","Dr. Dharmasthala Veerendra Heggade (2022-28) (2022-2028)","Nominated MP","Providing Data Processing Milk Collection Unit (1 Nos) to Bampalli Milk Producers Cooperative Society","31-Jan-2024","21-Apr-2025","107771","Physical Inspection"
"819","Normal/Others","WS/MP838/2025-2026/93156-Setting up of farmers’ training and assistance centers","Karnataka","BIDAR(DEPUTY COMMISSIONER BIDAR_IDA)","Dr. Dharmasthala Veerendra Heggade (2022-28) (2022-2028)","Nominated MP","Providing Data Processing Milk Collection Unit (1 Nos) to Shrimandala Milk Producers Cooperative Society","31-Jan-2024","21-Apr-2025","107771","Physical Inspection"
"820","Normal/Others","WS/MP838/2025-2026/93161-Setting up of farmers’ training and assistance centers","Karnataka","BIDAR(DEPUTY COMMISSIONER BIDAR_IDA)","Dr. Dharmasthala Veerendra Heggade (2022-28) (2022-2028)","Nominated MP","Providing Data Processing Milk Collection Unit (1 Nos) to Khanapura Milk Producers Cooperative Society","31-Jan-2024","21-Apr-2025","107771","Physical Inspection"
"821","Normal/Others","WS/MP838/2025-2026/93163-Setting up of farmers’ training and assistance centers","Karnataka","BIDAR(DEPUTY COMMISSIONER BIDAR_IDA)","Dr. Dharmasthala Veerendra Heggade (2022-28) (2022-2028)","Nominated MP","Providing Data Processing Milk Collection Unit (1 Nos) to Navalasapura Milk Producers Cooperative Society","31-Jan-2024","21-Apr-2025","107771","Physical Inspection"
"822","Normal/Others","WS/MP838/2025-2026/93164-Setting up of farmers’ training and assistance centers","Karnataka","BIDAR(DEPUTY COMMISSIONER BIDAR_IDA)","Dr. Dharmasthala Veerendra Heggade (2022-28) (2022-2028)","Nominated MP","Providing Data Processing Milk Collection Unit (1 Nos) to Phathepura Milk Producers Cooperative Society","31-Jan-2024","21-Apr-2025","107771","Physical Inspection"
"823","Normal/Others","WS/MP838/2025-2026/93166-Setting up of farmers’ training and assistance centers","Karnataka","BIDAR(DEPUTY COMMISSIONER BIDAR_IDA)","Dr. Dharmasthala Veerendra Heggade (2022-28) (2022-2028)","Nominated MP","Providing Data Processing Milk Collection Unit (1 Nos) to Marakala Milk Producers Cooperative Society","31-Jan-2024","21-Apr-2025","107771","Physical Inspection"
"824","Normal/Others","WS/MP838/2025-2026/93188-Setting up of farmers’ training and assistance centers","Karnataka","BIDAR(DEPUTY COMMISSIONER BIDAR_IDA)","Dr. Dharmasthala Veerendra Heggade (2022-28) (2022-2028)","Nominated MP","Providing Data Processing Milk Collection Unit (1 Nos) to Kanganakota Milk Producers Cooperative Society","31-Jan-2024","21-Apr-2025","107771","Physical Inspection"
"825","Normal/Others","WS/MP838/2025-2026/93190-Setting up of farmers’ training and assistance centers","Karnataka","BIDAR(DEPUTY COMMISSIONER BIDAR_IDA)","Dr. Dharmasthala Veerendra Heggade (2022-28) (2022-2028)","Nominated MP","Providing Data Processing Milk Collection Unit (1 Nos) to Baavagi Milk Producers Cooperative Society","31-Jan-2024","21-Apr-2025","107771","Physical Inspection"
"826","Normal/Others","WS/MP838/2025-2026/93193-Setting up of farmers’ training and assistance centers","Karnataka","BIDAR(DEPUTY COMMISSIONER BIDAR_IDA)","Dr. Dharmasthala Veerendra Heggade (2022-28) (2022-2028)","Nominated MP","Providing Data Processing Milk Collection Unit (1 Nos) to Patharapalli Milk Producers Cooperative Society","31-Jan-2024","21-Apr-2025","107771","Physical Inspection"
"827","Normal/Others","WS/MP838/2025-2026/93197-Setting up of farmers’ training and assistance centers","Karnataka","BIDAR(DEPUTY COMMISSIONER BIDAR_IDA)","Dr. Dharmasthala Veerendra Heggade (2022-28) (2022-2028)","Nominated MP","Providing Data Processing Milk Collection Unit (1 Nos) to Chatnalli Milk Producers Cooperative Society","31-Jan-2024","21-Apr-2025","107771","Physical Inspection"
"828","Normal/Others","WS/MP838/2025-2026/93198-Setting up of farmers’ training and assistance centers","Karnataka","BIDAR(DEPUTY COMMISSIONER BIDAR_IDA)","Dr. Dharmasthala Veerendra Heggade (2022-28) (2022-2028)","Nominated MP","Providing Data Processing Milk Collection Unit (1 Nos) to Sindhola Milk Producers Cooperative Society","31-Jan-2024","21-Apr-2025","107771","Physical Inspection"
"829","Normal/Others","WS/MP838/2025-2026/93201-Setting up of farmers’ training and assistance centers","Karnataka","BIDAR(DEPUTY COMMISSIONER BIDAR_IDA)","Dr. Dharmasthala Veerendra Heggade (2022-28) (2022-2028)","Nominated MP","Providing Data Processing Milk Collection Unit (1 Nos) to Rajagira Milk Producers Cooperative Society","31-Jan-2024","21-Apr-2025","107771","Physical Inspection"
"830","Normal/Others","WS/MP838/2025-2026/93203-Setting up of farmers’ training and assistance centers","Karnataka","BIDAR(DEPUTY COMMISSIONER BIDAR_IDA)","Dr. Dharmasthala Veerendra Heggade (2022-28) (2022-2028)","Nominated MP","Providing Data Processing Milk Collection Unit (1 Nos) to Chitta Milk Producers Cooperative Society","31-Jan-2024","21-Apr-2025","107771","Physical Inspection"
"831","Normal/Others","WS/MP838/2025-2026/93205-Setting up of farmers’ training and assistance centers","Karnataka","BIDAR(DEPUTY COMMISSIONER BIDAR_IDA)","Dr. Dharmasthala Veerendra Heggade (2022-28) (2022-2028)","Nominated MP","Providing Data Processing Milk Collection Unit (1 Nos) to Chittawadi Milk Producers Cooperative Society","31-Jan-2024","21-Apr-2025","107771","Physical Inspection"
"832","Normal/Others","WS/MP838/2025-2026/93206-Setting up of farmers’ training and assistance centers","Karnataka","BIDAR(DEPUTY COMMISSIONER BIDAR_IDA)","Dr. Dharmasthala Veerendra Heggade (2022-28) (2022-2028)","Nominated MP","Providing Data Processing Milk Collection Unit (1 Nos) to Khasampura Milk Producers Cooperative Society","31-Jan-2024","21-Apr-2025","107771","Physical Inspection"
"833","Normal/Others","WS/MP838/2025-2026/93208-Setting up of farmers’ training and assistance centers","Karnataka","BIDAR(DEPUTY COMMISSIONER BIDAR_IDA)","Dr. Dharmasthala Veerendra Heggade (2022-28) (2022-2028)","Nominated MP","Providing Data Processing Milk Collection Unit (1 Nos) to Honnaddi Milk Producers Cooperative Society","31-Jan-2024","21-Apr-2025","107771","Physical Inspection"
"834","Normal/Others","WS/MP838/2025-2026/93209-Setting up of farmers’ training and assistance centers","Karnataka","BIDAR(DEPUTY COMMISSIONER BIDAR_IDA)","Dr. Dharmasthala Veerendra Heggade (2022-28) (2022-2028)","Nominated MP","Providing Data Processing Milk Collection Unit (1 Nos) to Kapalapura Milk Producers Cooperative Society","31-Jan-2024","21-Apr-2025","107771","Physical Inspection"
"835","Normal/Others","WS/MP838/2025-2026/93223-Setting up of farmers’ training and assistance centers","Karnataka","BIDAR(DEPUTY COMMISSIONER BIDAR_IDA)","Dr. Dharmasthala Veerendra Heggade (2022-28) (2022-2028)","Nominated MP","Providing Data Processing Milk Collection Unit (1 Nos) to Anadoora Milk Producers Cooperative Society","31-Jan-2024","21-Apr-2025","107771","Physical Inspection"
"836","Normal/Others","WS/MP838/2025-2026/93226-Setting up of farmers’ training and assistance centers","Karnataka","BIDAR(DEPUTY COMMISSIONER BIDAR_IDA)","Dr. Dharmasthala Veerendra Heggade (2022-28) (2022-2028)","Nominated MP","Providing Data Processing Milk Collection Unit (1 Nos) to Andurawadi Milk Producers Cooperative Society","31-Jan-2024","21-Apr-2025","107771","Physical Inspection"
"837","Normal/Others","WS/MP838/2025-2026/93237-Setting up of farmers’ training and assistance centers","Karnataka","BIDAR(DEPUTY COMMISSIONER BIDAR_IDA)","Dr. Dharmasthala Veerendra Heggade (2022-28) (2022-2028)","Nominated MP","Providing Data Processing Milk Collection Unit (1 Nos) to Hunasagera Milk Producers Cooperative Society","31-Jan-2024","21-Apr-2025","107771","Physical Inspection"
"838","Normal/Others","WS/MP838/2025-2026/93239-Setting up of farmers’ training and assistance centers","Karnataka","BIDAR(DEPUTY COMMISSIONER BIDAR_IDA)","Dr. Dharmasthala Veerendra Heggade (2022-28) (2022-2028)","Nominated MP","Providing Data Processing Milk Collection Unit (1 Nos) to Ghatabarola Milk Producers Cooperative Society","31-Jan-2024","21-Apr-2025","107771","Physical Inspection"
"839","Normal/Others","WS/MP838/2025-2026/93241-Setting up of farmers’ training and assistance centers","Karnataka","BIDAR(DEPUTY COMMISSIONER BIDAR_IDA)","Dr. Dharmasthala Veerendra Heggade (2022-28) (2022-2028)","Nominated MP","Providing Data Processing Milk Collection Unit (1 Nos) to Ghodawadi Milk Producers Cooperative Society","31-Jan-2024","21-Apr-2025","107771","Physical Inspection"
"840","Normal/Others","WS/MP838/2025-2026/93324-Setting up of farmers’ training and assistance centers","Karnataka","BIDAR(DEPUTY COMMISSIONER BIDAR_IDA)","Dr. Dharmasthala Veerendra Heggade (2022-28) (2022-2028)","Nominated MP","Providing Data Processing Milk Collection Unit (1 Nos) to Madaragaon Milk Producers Cooperative Society","31-Jan-2024","21-Apr-2025","107771","Physical Inspection"
"841","Normal/Others","WS/MP838/2025-2026/93326-Setting up of farmers’ training and assistance centers","Karnataka","BIDAR(DEPUTY COMMISSIONER BIDAR_IDA)","Dr. Dharmasthala Veerendra Heggade (2022-28) (2022-2028)","Nominated MP","Providing Data Processing Milk Collection Unit (1 Nos) to Jalasangi Milk Producers Cooperative Society","31-Jan-2024","21-Apr-2025","107771","Physical Inspection"
"842","Normal/Others","WS/MP838/2025-2026/93328-Setting up of farmers’ training and assistance centers","Karnataka","BIDAR(DEPUTY COMMISSIONER BIDAR_IDA)","Dr. Dharmasthala Veerendra Heggade (2022-28) (2022-2028)","Nominated MP","Providing Data Processing Milk Collection Unit (1 Nos) to Kaparagaov Milk Producers Cooperative Society","31-Jan-2024","21-Apr-2025","107771","Physical Inspection"
"843","Normal/Others","WS/MP838/2025-2026/93332-Setting up of farmers’ training and assistance centers","Karnataka","BIDAR(DEPUTY COMMISSIONER BIDAR_IDA)","Dr. Dharmasthala Veerendra Heggade (2022-28) (2022-2028)","Nominated MP","Providing Data Processing Milk Collection Unit (1 Nos) to Muthangi Milk Producers Cooperative Society","31-Jan-2024","21-Apr-2025","107771","Physical Inspection"
"844","Normal/Others","WS/MP838/2025-2026/93335-Setting up of farmers’ training and assistance centers","Karnataka","BIDAR(DEPUTY COMMISSIONER BIDAR_IDA)","Dr. Dharmasthala Veerendra Heggade (2022-28) (2022-2028)","Nominated MP","Providing Data Processing Milk Collection Unit (1 Nos) to Bhadrapura Milk Producers Cooperative Society","31-Jan-2024","21-Apr-2025","107771","Physical Inspection"
"845","Normal/Others","WS/MP838/2025-2026/93336-Setting up of farmers’ training and assistance centers","Karnataka","BIDAR(DEPUTY COMMISSIONER BIDAR_IDA)","Dr. Dharmasthala Veerendra Heggade (2022-28) (2022-2028)","Nominated MP","Providing Data Processing Milk Collection Unit (1 Nos) to Gudithanda Milk Producers Cooperative Society","31-Jan-2024","21-Apr-2025","107771","Physical Inspection"
"846","Normal/Others","WS/MP838/2025-2026/93339-Setting up of farmers’ training and assistance centers","Karnataka","BIDAR(DEPUTY COMMISSIONER BIDAR_IDA)","Dr. Dharmasthala Veerendra Heggade (2022-28) (2022-2028)","Nominated MP","Providing Data Processing Milk Collection Unit (1 Nos) to Madaragi Milk Producers Cooperative Society","31-Jan-2024","21-Apr-2025","107771","Physical Inspection"
"847","Normal/Others","WS/MP838/2025-2026/93341-Setting up of farmers’ training and assistance centers","Karnataka","BIDAR(DEPUTY COMMISSIONER BIDAR_IDA)","Dr. Dharmasthala Veerendra Heggade (2022-28) (2022-2028)","Nominated MP","Providing Data Processing Milk Collection Unit (1 Nos) to Allura K Milk Producers Cooperative Society","31-Jan-2024","21-Apr-2025","107771","Physical Inspection"
"848","Normal/Others","WS/MP838/2025-2026/93342-Setting up of farmers’ training and assistance centers","Karnataka","BIDAR(DEPUTY COMMISSIONER BIDAR_IDA)","Dr. Dharmasthala Veerendra Heggade (2022-28) (2022-2028)","Nominated MP","Providing Data Processing Milk Collection Unit (1 Nos) to Marakhala Milk Producers Cooperative Society","31-Jan-2024","21-Apr-2025","107771","Physical Inspection"
"849","Normal/Others","WS/MP838/2025-2026/93344-Setting up of farmers’ training and assistance centers","Karnataka","BIDAR(DEPUTY COMMISSIONER BIDAR_IDA)","Dr. Dharmasthala Veerendra Heggade (2022-28) (2022-2028)","Nominated MP","Providing Data Processing Milk Collection Unit (1 Nos) to Nandagoan Milk Producers Cooperative Society","31-Jan-2024","21-Apr-2025","107771","Physical Inspection"
"850","Normal/Others","WS/MP838/2025-2026/93355-Setting up of farmers’ training and assistance centers","Karnataka","BIDAR(DEPUTY COMMISSIONER BIDAR_IDA)","Dr. Dharmasthala Veerendra Heggade (2022-28) (2022-2028)","Nominated MP","Providing Data Processing Milk Collection Unit (1 Nos) to Shamathabaada Milk Producers Cooperative Society","31-Jan-2024","19-Apr-2025","107771","Physical Inspection"
"851","Normal/Others","WS/MP838/2025-2026/93360-Setting up of farmers’ training and assistance centers","Karnataka","BIDAR(DEPUTY COMMISSIONER BIDAR_IDA)","Dr. Dharmasthala Veerendra Heggade (2022-28) (2022-2028)","Nominated MP","Providing Data Processing Milk Collection Unit (1 Nos) to Kabirabadawadi Milk Producers Cooperative Society","31-Jan-2024","19-Apr-2025","107771","Physical Inspection"
"852","Normal/Others","WS/MP838/2025-2026/93370-Setting up of farmers’ training and assistance centers","Karnataka","BIDAR(DEPUTY COMMISSIONER BIDAR_IDA)","Dr. Dharmasthala Veerendra Heggade (2022-28) (2022-2028)","Nominated MP","Providing Data Processing Milk Collection Unit (1 Nos) to Chitta K Milk Producers Cooperative Society","31-Jan-2024","19-Apr-2025","107771","Physical Inspection"
"853","Normal/Others","WS/MP838/2025-2026/93377-Setting up of farmers’ training and assistance centers","Karnataka","BIDAR(DEPUTY COMMISSIONER BIDAR_IDA)","Dr. Dharmasthala Veerendra Heggade (2022-28) (2022-2028)","Nominated MP","Providing Data Processing Milk Collection Unit (1 Nos) to Phathimapura Milk Producers Cooperative Society","31-Jan-2024","19-Apr-2025","107771","Physical Inspection"
"854","Normal/Others","WS/MP838/2025-2026/93381-Setting up of farmers’ training and assistance centers","Karnataka","BIDAR(DEPUTY COMMISSIONER BIDAR_IDA)","Dr. Dharmasthala Veerendra Heggade (2022-28) (2022-2028)","Nominated MP","Providing Data Processing Milk Collection Unit (1 Nos) to kodambala Milk Producers Cooperative Society","31-Jan-2024","19-Apr-2025","107771","Physical Inspection"
"855","Normal/Others","WS/MP838/2025-2026/93397-Setting up of farmers’ training and assistance centers","Karnataka","BIDAR(DEPUTY COMMISSIONER BIDAR_IDA)","Dr. Dharmasthala Veerendra Heggade (2022-28) (2022-2028)","Nominated MP","Providing Data Processing Milk Collection Unit (1 Nos) to Muganura Milk Producers Cooperative Society","31-Jan-2024","19-Apr-2025","107771","Physical Inspection"
"856","Normal/Others","WS/MP838/2025-2026/93400-Setting up of farmers’ training and assistance centers","Karnataka","BIDAR(DEPUTY COMMISSIONER BIDAR_IDA)","Dr. Dharmasthala Veerendra Heggade (2022-28) (2022-2028)","Nominated MP","Providing Data Processing Milk Collection Unit (1 Nos) to Nimbura Milk Producers Cooperative Society","31-Jan-2024","19-Apr-2025","107771","Physical Inspection"
"857","Normal/Others","WS/MP838/2025-2026/93403-Setting up of farmers’ training and assistance centers","Karnataka","BIDAR(DEPUTY COMMISSIONER BIDAR_IDA)","Dr. Dharmasthala Veerendra Heggade (2022-28) (2022-2028)","Nominated MP","Providing Data Processing Milk Collection Unit (1 Nos) to Naavadagi Milk Producers Cooperative Society","31-Jan-2024","19-Apr-2025","107771","Physical Inspection"
"858","Normal/Others","WS/MP838/2025-2026/93410-Setting up of farmers’ training and assistance centers","Karnataka","BIDAR(DEPUTY COMMISSIONER BIDAR_IDA)","Dr. Dharmasthala Veerendra Heggade (2022-28) (2022-2028)","Nominated MP","Providing Data Processing Milk Collection Unit (1 Nos) to Bannalli Milk Producers Cooperative Society","31-Jan-2024","19-Apr-2025","107771","Physical Inspection"
"859","Normal/Others","WS/MP838/2025-2026/93415-Setting up of farmers’ training and assistance centers","Karnataka","BIDAR(DEPUTY COMMISSIONER BIDAR_IDA)","Dr. Dharmasthala Veerendra Heggade (2022-28) (2022-2028)","Nominated MP","Providing Data Processing Milk Collection Unit (1 Nos) to Bashiraapura Milk Producers Cooperative Society","31-Jan-2024","19-Apr-2025","107771","Physical Inspection"
"860","Normal/Others","WS/MP838/2025-2026/93417-Setting up of farmers’ training and assistance centers","Karnataka","BIDAR(DEPUTY COMMISSIONER BIDAR_IDA)","Dr. Dharmasthala Veerendra Heggade (2022-28) (2022-2028)","Nominated MP","Providing Data Processing Milk Collection Unit (1 Nos) to Vitalapura Milk Producers Cooperative Society","31-Jan-2024","19-Apr-2025","107771","Physical Inspection"
"861","Normal/Others","WS/MP838/2025-2026/93421-Setting up of farmers’ training and assistance centers","Karnataka","BIDAR(DEPUTY COMMISSIONER BIDAR_IDA)","Dr. Dharmasthala Veerendra Heggade (2022-28) (2022-2028)","Nominated MP","Providing Data Processing Milk Collection Unit (1 Nos) to Udamanahalli Milk Producers Cooperative Society","31-Jan-2024","19-Apr-2025","107771","Physical Inspection"
"862","Normal/Others","WS/MP838/2025-2026/93427-Setting up of farmers’ training and assistance centers","Karnataka","BIDAR(DEPUTY COMMISSIONER BIDAR_IDA)","Dr. Dharmasthala Veerendra Heggade (2022-28) (2022-2028)","Nominated MP","Providing Data Processing Milk Collection Unit (1 Nos) to Kaarapaakapalli Milk Producers Cooperative Society","31-Jan-2024","19-Apr-2025","107771","Physical Inspection"
"863","Normal/Others","WS/MP838/2025-2026/93432-Setting up of farmers’ training and assistance centers","Karnataka","BIDAR(DEPUTY COMMISSIONER BIDAR_IDA)","Dr. Dharmasthala Veerendra Heggade (2022-28) (2022-2028)","Nominated MP","Providing Data Processing Milk Collection Unit (1 Nos) to Dubalagundi Milk Producers Cooperative Society","31-Jan-2024","19-Apr-2025","107771","Physical Inspection"
"864","Normal/Others","WS/MP838/2024-2025/93926-Setting up of farmers’ training and assistance centers","Karnataka","BIDAR(DEPUTY COMMISSIONER BIDAR_IDA)","Dr. Dharmasthala Veerendra Heggade (2022-28) (2022-2028)","Nominated MP","Providing Stainless Steel Cans (10   No's) to Pashapura Milk Producers Cooperative Society","02-Feb-2024","16-Oct-2024","36000","Physical Inspection"
"865","Normal/Others","WS/MP838/2024-2025/93927-Setting up of farmers’ training and assistance centers","Karnataka","BIDAR(DEPUTY COMMISSIONER BIDAR_IDA)","Dr. Dharmasthala Veerendra Heggade (2022-28) (2022-2028)","Nominated MP","Providing Stainless Steel Cans (10 No's) to Chikli J Milk Producers Cooperative Society","02-Feb-2024","16-Oct-2024","36000","Physical Inspection"
"866","Normal/Others","WS/MP838/2024-2025/93928-Setting up of farmers’ training and assistance centers","Karnataka","BIDAR(DEPUTY COMMISSIONER BIDAR_IDA)","Dr. Dharmasthala Veerendra Heggade (2022-28) (2022-2028)","Nominated MP","Providing Stainless Steel Cans (6 No's) to Gudapalli Milk Producers Cooperative Society","02-Feb-2024","16-Oct-2024","21600","Physical Inspection"
"867","Normal/Others","WS/MP838/2024-2025/93929-Setting up of farmers’ training and assistance centers","Karnataka","BIDAR(DEPUTY COMMISSIONER BIDAR_IDA)","Dr. Dharmasthala Veerendra Heggade (2022-28) (2022-2028)","Nominated MP","Providing Stainless Steel Cans (10 No's) to Jambagi Milk Producers Cooperative Society","02-Feb-2024","16-Oct-2024","36000","Physical Inspection"
"868","Normal/Others","WS/MP838/2024-2025/93930-Setting up of farmers’ training and assistance centers","Karnataka","BIDAR(DEPUTY COMMISSIONER BIDAR_IDA)","Dr. Dharmasthala Veerendra Heggade (2022-28) (2022-2028)","Nominated MP","Providing Stainless Steel Cans (6 No's) to Sunkanala Milk Producers Cooperative Society","02-Feb-2024","16-Oct-2024","21600","Physical Inspection"
"869","Normal/Others","WS/MP838/2024-2025/93931-Setting up of farmers’ training and assistance centers","Karnataka","BIDAR(DEPUTY COMMISSIONER BIDAR_IDA)","Dr. Dharmasthala Veerendra Heggade (2022-28) (2022-2028)","Nominated MP","Providing Stainless Steel Cans (6 No's) to Musthapura Milk Producers Cooperative Society","02-Feb-2024","16-Oct-2024","21600","Physical Inspection"
"870","Normal/Others","WS/MP838/2024-2025/93932-Setting up of farmers’ training and assistance centers","Karnataka","BIDAR(DEPUTY COMMISSIONER BIDAR_IDA)","Dr. Dharmasthala Veerendra Heggade (2022-28) (2022-2028)","Nominated MP","Providing Stainless Steel Cans (10 No's) to Ballura J Milk Producers Cooperative Society","02-Feb-2024","16-Oct-2024","36000","Physical Inspection"
"871","Normal/Others","WS/MP838/2024-2025/93933-Setting up of farmers’ training and assistance centers","Karnataka","BIDAR(DEPUTY COMMISSIONER BIDAR_IDA)","Dr. Dharmasthala Veerendra Heggade (2022-28) (2022-2028)","Nominated MP","Providing Stainless Steel Cans (10 No's) to Chatnala Milk Producers Cooperative Society","02-Feb-2024","16-Oct-2024","36000","Physical Inspection"
"872","Normal/Others","WS/MP838/2024-2025/93934-Setting up of farmers’ training and assistance centers","Karnataka","BIDAR(DEPUTY COMMISSIONER BIDAR_IDA)","Dr. Dharmasthala Veerendra Heggade (2022-28) (2022-2028)","Nominated MP","Providing Stainless Steel Cans (6 No's) to Shambelli Milk Producers Cooperative Society","02-Feb-2024","16-Oct-2024","21600","Physical Inspection"
"873","Normal/Others","WS/MP838/2024-2025/93935-Setting up of farmers’ training and assistance centers","Karnataka","BIDAR(DEPUTY COMMISSIONER BIDAR_IDA)","Dr. Dharmasthala Veerendra Heggade (2022-28) (2022-2028)","Nominated MP","Providing Stainless Steel Cans (8 No's) to Dhupathamahagaov Milk Producers Cooperative Society","02-Feb-2024","16-Oct-2024","28800","Physical Inspection"
"874","Normal/Others","WS/MP838/2024-2025/93936-Setting up of farmers’ training and assistance centers","Karnataka","BIDAR(DEPUTY COMMISSIONER BIDAR_IDA)","Dr. Dharmasthala Veerendra Heggade (2022-28) (2022-2028)","Nominated MP","Providing Stainless Steel Cans (6 No's) to Bembra Milk Producers Cooperative Society","02-Feb-2024","16-Oct-2024","21600","Physical Inspection"
"875","Normal/Others","WS/MP838/2024-2025/93937-Setting up of farmers’ training and assistance centers","Karnataka","BIDAR(DEPUTY COMMISSIONER BIDAR_IDA)","Dr. Dharmasthala Veerendra Heggade (2022-28) (2022-2028)","Nominated MP","Providing Stainless Steel Cans (10 No's) to Jamalapura Milk Producers Cooperative Society","02-Feb-2024","16-Oct-2024","36000","Physical Inspection"
"876","Normal/Others","WS/MP838/2024-2025/93940-Setting up of farmers’ training and assistance centers","Karnataka","BIDAR(DEPUTY COMMISSIONER BIDAR_IDA)","Dr. Dharmasthala Veerendra Heggade (2022-28) (2022-2028)","Nominated MP","Providing Stainless Steel Cans (10 No's) to Khandikeri Milk Producers Cooperative Society","02-Feb-2024","16-Oct-2024","36000","Physical Inspection"
"877","Normal/Others","WS/MP838/2024-2025/93942-Setting up of farmers’ training and assistance centers","Karnataka","BIDAR(DEPUTY COMMISSIONER BIDAR_IDA)","Dr. Dharmasthala Veerendra Heggade (2022-28) (2022-2028)","Nominated MP","Providing Stainless Steel Cans (10 No's) to Harinayaka Thanda Milk Producers Cooperative Society","02-Feb-2024","16-Oct-2024","36000","Physical Inspection"
"878","Normal/Others","WS/MP838/2024-2025/93944-Setting up of farmers’ training and assistance centers","Karnataka","BIDAR(DEPUTY COMMISSIONER BIDAR_IDA)","Dr. Dharmasthala Veerendra Heggade (2022-28) (2022-2028)","Nominated MP","Providing Stainless Steel Cans (10 No's) to Belakuni B.G. Milk Producers Cooperative Society","02-Feb-2024","16-Oct-2024","36000","Physical Inspection"
"879","Normal/Others","WS/MP838/2024-2025/93945-Setting up of farmers’ training and assistance centers","Karnataka","BIDAR(DEPUTY COMMISSIONER BIDAR_IDA)","Dr. Dharmasthala Veerendra Heggade (2022-28) (2022-2028)","Nominated MP","Providing Stainless Steel Cans (8 No's) to Torna Milk Producers Cooperative Society","02-Feb-2024","16-Oct-2024","28800","Physical Inspection"
"880","Normal/Others","WS/MP838/2024-2025/93948-Setting up of farmers’ training and assistance centers","Karnataka","BIDAR(DEPUTY COMMISSIONER BIDAR_IDA)","Dr. Dharmasthala Veerendra Heggade (2022-28) (2022-2028)","Nominated MP","Providing Stainless Steel Cans (10 No's) to Tornawadi Milk Producers Cooperative Society","02-Feb-2024","16-Oct-2024","36000","Physical Inspection"
"881","Normal/Others","WS/MP838/2024-2025/93949-Setting up of farmers’ training and assistance centers","Karnataka","BIDAR(DEPUTY COMMISSIONER BIDAR_IDA)","Dr. Dharmasthala Veerendra Heggade (2022-28) (2022-2028)","Nominated MP","Providing Stainless Steel Cans (10 No's) to Balatha K Milk Producers Cooperative Society","02-Feb-2024","16-Oct-2024","36000","Physical Inspection"
"882","Normal/Others","WS/MP838/2024-2025/93952-Setting up of farmers’ training and assistance centers","Karnataka","BIDAR(DEPUTY COMMISSIONER BIDAR_IDA)","Dr. Dharmasthala Veerendra Heggade (2022-28) (2022-2028)","Nominated MP","Providing Stainless Steel Cans (6 No's) to Bhopalaghada Milk Producers Cooperative Society","02-Feb-2024","16-Oct-2024","21600","Physical Inspection"
"883","Normal/Others","WS/MP838/2024-2025/93955-Setting up of farmers’ training and assistance centers","Karnataka","BIDAR(DEPUTY COMMISSIONER BIDAR_IDA)","Dr. Dharmasthala Veerendra Heggade (2022-28) (2022-2028)","Nominated MP","Providing Stainless Steel Cans (8 No's) to Chimegaon Milk Producers Cooperative Society","02-Feb-2024","16-Oct-2024","28800","Physical Inspection"
"884","Normal/Others","WS/MP838/2024-2025/93958-Setting up of farmers’ training and assistance centers","Karnataka","BIDAR(DEPUTY COMMISSIONER BIDAR_IDA)","Dr. Dharmasthala Veerendra Heggade (2022-28) (2022-2028)","Nominated MP","Providing Stainless Steel Cans (8 No's) to Somunayaka Thanda Milk Producers Cooperative Society","02-Feb-2024","16-Oct-2024","28800","Physical Inspection"
"885","Normal/Others","WS/MP838/2024-2025/93960-Setting up of farmers’ training and assistance centers","Karnataka","BIDAR(DEPUTY COMMISSIONER BIDAR_IDA)","Dr. Dharmasthala Veerendra Heggade (2022-28) (2022-2028)","Nominated MP","Providing Stainless Steel Cans (8 No's) to Mahadeva Pateela Thanda Milk Producers Cooperative Society","02-Feb-2024","16-Oct-2024","28800","Physical Inspection"
"886","Normal/Others","WS/MP838/2024-2025/93961-Setting up of farmers’ training and assistance centers","Karnataka","BIDAR(DEPUTY COMMISSIONER BIDAR_IDA)","Dr. Dharmasthala Veerendra Heggade (2022-28) (2022-2028)","Nominated MP","Providing Stainless Steel Cans (8 No's) to Huliyala Milk Producers Cooperative Society","02-Feb-2024","16-Oct-2024","28800","Physical Inspection"
"887","Normal/Others","WS/MP838/2024-2025/93963-Setting up of farmers’ training and assistance centers","Karnataka","BIDAR(DEPUTY COMMISSIONER BIDAR_IDA)","Dr. Dharmasthala Veerendra Heggade (2022-28) (2022-2028)","Nominated MP","Providing Stainless Steel Cans (6 No's) to Ekamba Milk Producers Cooperative Society","02-Feb-2024","16-Oct-2024","21600","Physical Inspection"
"888","Normal/Others","WS/MP838/2024-2025/93965-Setting up of farmers’ training and assistance centers","Karnataka","BIDAR(DEPUTY COMMISSIONER BIDAR_IDA)","Dr. Dharmasthala Veerendra Heggade (2022-28) (2022-2028)","Nominated MP","Providing Stainless Steel Cans (8 No's) to Dhudakanala Milk Producers Cooperative Society","02-Feb-2024","16-Oct-2024","28800","Physical Inspection"
"889","Normal/Others","WS/MP838/2024-2025/93966-Setting up of farmers’ training and assistance centers","Karnataka","BIDAR(DEPUTY COMMISSIONER BIDAR_IDA)","Dr. Dharmasthala Veerendra Heggade (2022-28) (2022-2028)","Nominated MP","Providing Stainless Steel Cans (6 No's) to Bhorala Milk Producers Cooperative Society","02-Feb-2024","16-Oct-2024","21600","Physical Inspection"
"890","Normal/Others","WS/MP838/2024-2025/93969-Setting up of farmers’ training and assistance centers","Karnataka","BIDAR(DEPUTY COMMISSIONER BIDAR_IDA)","Dr. Dharmasthala Veerendra Heggade (2022-28) (2022-2028)","Nominated MP","Providing Stainless Steel Cans (6 No's) to Lingadalli K Milk Producers Cooperative Society","02-Feb-2024","16-Oct-2024","21600","Physical Inspection"
"891","Normal/Others","WS/MP838/2024-2025/93971-Setting up of farmers’ training and assistance centers","Karnataka","BIDAR(DEPUTY COMMISSIONER BIDAR_IDA)","Dr. Dharmasthala Veerendra Heggade (2022-28) (2022-2028)","Nominated MP","Providing Stainless Steel Cans (6 No's) to Mudhola K Milk Producers Cooperative Society","02-Feb-2024","16-Oct-2024","21600","Physical Inspection"
"892","Normal/Others","WS/MP838/2024-2025/93972-Setting up of farmers’ training and assistance centers","Karnataka","BIDAR(DEPUTY COMMISSIONER BIDAR_IDA)","Dr. Dharmasthala Veerendra Heggade (2022-28) (2022-2028)","Nominated MP","Providing Stainless Steel Cans (6 No's) to Chandoori Milk Producers Cooperative Society","02-Feb-2024","16-Oct-2024","21600","Physical Inspection"
"893","Normal/Others","WS/MP838/2024-2025/93975-Setting up of farmers’ training and assistance centers","Karnataka","BIDAR(DEPUTY COMMISSIONER BIDAR_IDA)","Dr. Dharmasthala Veerendra Heggade (2022-28) (2022-2028)","Nominated MP","Providing Stainless Steel Cans (10 No's) to Haalahalli Milk Producers Cooperative Society","02-Feb-2024","16-Oct-2024","36000","Physical Inspection"
"894","Normal/Others","WS/MP838/2024-2025/93994-Setting up of farmers’ training and assistance centers","Karnataka","BIDAR(DEPUTY COMMISSIONER BIDAR_IDA)","Dr. Dharmasthala Veerendra Heggade (2022-28) (2022-2028)","Nominated MP","Providing Stainless Steel Cans (6 No's) to Hippalagaon Milk Producers Cooperative Society","02-Feb-2024","16-Oct-2024","21600","Physical Inspection"
"895","Normal/Others","WS/MP838/2024-2025/93999-Setting up of farmers’ training and assistance centers","Karnataka","BIDAR(DEPUTY COMMISSIONER BIDAR_IDA)","Dr. Dharmasthala Veerendra Heggade (2022-28) (2022-2028)","Nominated MP","Providing Stainless Steel Cans (10 No's) to Mahadonagaon Milk Producers Cooperative Society","02-Feb-2024","16-Oct-2024","36000","Physical Inspection"
"896","Normal/Others","WS/MP838/2024-2025/94010-Setting up of farmers’ training and assistance centers","Karnataka","BIDAR(DEPUTY COMMISSIONER BIDAR_IDA)","Dr. Dharmasthala Veerendra Heggade (2022-28) (2022-2028)","Nominated MP","Providing Stainless Steel Cans (8 No's) to Rakshala B Milk Producers Cooperative Society","02-Feb-2024","16-Oct-2024","28800","Physical Inspection"
"897","Normal/Others","WS/MP838/2024-2025/94012-Setting up of farmers’ training and assistance centers","Karnataka","BIDAR(DEPUTY COMMISSIONER BIDAR_IDA)","Dr. Dharmasthala Veerendra Heggade (2022-28) (2022-2028)","Nominated MP","Providing Stainless Steel Cans (8 No's) to Soladaapaka Milk Producers Cooperative Society","02-Feb-2024","16-Oct-2024","28800","Physical Inspection"
"898","Normal/Others","WS/MP838/2024-2025/94014-Setting up of farmers’ training and assistance centers","Karnataka","BIDAR(DEPUTY COMMISSIONER BIDAR_IDA)","Dr. Dharmasthala Veerendra Heggade (2022-28) (2022-2028)","Nominated MP","Providing Stainless Steel Cans (8 No's) to Sompura Milk Producers Cooperative Society","02-Feb-2024","16-Oct-2024","28800","Physical Inspection"
"899","Normal/Others","WS/MP838/2024-2025/94020-Setting up of farmers’ training and assistance centers","Karnataka","BIDAR(DEPUTY COMMISSIONER BIDAR_IDA)","Dr. Dharmasthala Veerendra Heggade (2022-28) (2022-2028)","Nominated MP","Providing Stainless Steel Cans (8 No's) to Lakhanagaon Milk Producers Cooperative Society","02-Feb-2024","16-Oct-2024","28800","Physical Inspection"
"900","Normal/Others","WS/MP838/2024-2025/94030-Setting up of farmers’ training and assistance centers","Karnataka","BIDAR(DEPUTY COMMISSIONER BIDAR_IDA)","Dr. Dharmasthala Veerendra Heggade (2022-28) (2022-2028)","Nominated MP","Providing Stainless Steel Cans (8 No's) to Murag K Milk Producers Cooperative Society","02-Feb-2024","16-Oct-2024","28800","Physical Inspection"
"901","Normal/Others","WS/MP838/2024-2025/94035-Setting up of farmers’ training and assistance centers","Karnataka","BIDAR(DEPUTY COMMISSIONER BIDAR_IDA)","Dr. Dharmasthala Veerendra Heggade (2022-28) (2022-2028)","Nominated MP","Providing Stainless Steel Cans (10 No's) to Chandeshwara Milk Producers Cooperative Society","02-Feb-2024","16-Oct-2024","36000","Physical Inspection"
"902","Normal/Others","WS/MP838/2024-2025/94038-Setting up of farmers’ training and assistance centers","Karnataka","BIDAR(DEPUTY COMMISSIONER BIDAR_IDA)","Dr. Dharmasthala Veerendra Heggade (2022-28) (2022-2028)","Nominated MP","Providing Stainless Steel Cans (10 No's) to Holasamudra Milk Producers Cooperative Society","02-Feb-2024","16-Oct-2024","36000","Physical Inspection"
"903","Normal/Others","WS/MP838/2024-2025/94043-Setting up of farmers’ training and assistance centers","Karnataka","BIDAR(DEPUTY COMMISSIONER BIDAR_IDA)","Dr. Dharmasthala Veerendra Heggade (2022-28) (2022-2028)","Nominated MP","Providing Stainless Steel Cans (8 No's) to Rajola Milk Producers Cooperative Society","02-Feb-2024","16-Oct-2024","28800","Physical Inspection"
"904","Normal/Others","WS/MP838/2024-2025/94158-Setting up of farmers’ training and assistance centers","Karnataka","BIDAR(DEPUTY COMMISSIONER BIDAR_IDA)","Dr. Dharmasthala Veerendra Heggade (2022-28) (2022-2028)","Nominated MP","Providing Stainless Steel Cans (8 No's) to Sastapura Milk Producers Cooperative Society","02-Feb-2024","16-Oct-2024","28800","Physical Inspection"
"905","Normal/Others","WS/MP838/2024-2025/94170-Setting up of farmers’ training and assistance centers","Karnataka","BIDAR(DEPUTY COMMISSIONER BIDAR_IDA)","Dr. Dharmasthala Veerendra Heggade (2022-28) (2022-2028)","Nominated MP","Providing Stainless Steel Cans (8 No's) to Kambalewadi Milk Producers Cooperative Society","02-Feb-2024","16-Oct-2024","28800","Physical Inspection"
"906","Normal/Others","WS/MP838/2024-2025/94178-Setting up of farmers’ training and assistance centers","Karnataka","BIDAR(DEPUTY COMMISSIONER BIDAR_IDA)","Dr. Dharmasthala Veerendra Heggade (2022-28) (2022-2028)","Nominated MP","Providing Stainless Steel Cans (8 No's) to Alagooda Milk Producers Cooperative Society","02-Feb-2024","16-Oct-2024","28800","Physical Inspection"
"907","Normal/Others","WS/MP838/2024-2025/94180-Setting up of farmers’ training and assistance centers","Karnataka","BIDAR(DEPUTY COMMISSIONER BIDAR_IDA)","Dr. Dharmasthala Veerendra Heggade (2022-28) (2022-2028)","Nominated MP","Providing Stainless Steel Cans (6 No's) to Yelladagundi Milk Producers Cooperative Society","02-Feb-2024","16-Oct-2024","21600","Physical Inspection"
"908","Normal/Others","WS/MP838/2024-2025/94182-Setting up of farmers’ training and assistance centers","Karnataka","BIDAR(DEPUTY COMMISSIONER BIDAR_IDA)","Dr. Dharmasthala Veerendra Heggade (2022-28) (2022-2028)","Nominated MP","Providing Stainless Steel Cans (8 No's) to Ladawanti Milk Producers Cooperative Society","02-Feb-2024","16-Oct-2024","28800","Physical Inspection"
"909","Normal/Others","WS/MP838/2024-2025/94185-Setting up of farmers’ training and assistance centers","Karnataka","BIDAR(DEPUTY COMMISSIONER BIDAR_IDA)","Dr. Dharmasthala Veerendra Heggade (2022-28) (2022-2028)","Nominated MP","Providing Stainless Steel Cans (6 No's) to Siragura Milk Producers Cooperative Society","02-Feb-2024","16-Oct-2024","21600","Physical Inspection"
"910","Normal/Others","WS/MP838/2024-2025/94186-Setting up of farmers’ training and assistance centers","Karnataka","BIDAR(DEPUTY COMMISSIONER BIDAR_IDA)","Dr. Dharmasthala Veerendra Heggade (2022-28) (2022-2028)","Nominated MP","Providing Stainless Steel Cans (6 No's) to Ekamba Milk Producers Cooperative Society","02-Feb-2024","16-Oct-2024","21600","Physical Inspection"
"911","Normal/Others","WS/MP838/2024-2025/94190-Setting up of farmers’ training and assistance centers","Karnataka","BIDAR(DEPUTY COMMISSIONER BIDAR_IDA)","Dr. Dharmasthala Veerendra Heggade (2022-28) (2022-2028)","Nominated MP","Providing Stainless Steel Cans (8 No's) to Ilyala Milk Producers Cooperative Society","02-Feb-2024","16-Oct-2024","28800","Physical Inspection"
"912","Normal/Others","WS/MP838/2024-2025/94192-Setting up of farmers’ training and assistance centers","Karnataka","BIDAR(DEPUTY COMMISSIONER BIDAR_IDA)","Dr. Dharmasthala Veerendra Heggade (2022-28) (2022-2028)","Nominated MP","Providing Stainless Steel Cans (6 No's) to Hipparaga Ghat Milk Producers Cooperative Society","02-Feb-2024","16-Oct-2024","21600","Physical Inspection"
"913","Normal/Others","WS/MP838/2024-2025/94202-Setting up of farmers’ training and assistance centers","Karnataka","BIDAR(DEPUTY COMMISSIONER BIDAR_IDA)","Dr. Dharmasthala Veerendra Heggade (2022-28) (2022-2028)","Nominated MP","Providing Stainless Steel Cans (6 No's) to Gundura Milk Producers Cooperative Society","02-Feb-2024","16-Oct-2024","21600","Physical Inspection"
"914","Normal/Others","WS/MP838/2024-2025/94208-Setting up of farmers’ training and assistance centers","Karnataka","BIDAR(DEPUTY COMMISSIONER BIDAR_IDA)","Dr. Dharmasthala Veerendra Heggade (2022-28) (2022-2028)","Nominated MP","Providing Stainless Steel Cans (8 No's) to Hanumanthawadi Milk Producers Cooperative Society","02-Feb-2024","16-Oct-2024","28800","Physical Inspection"
"915","Normal/Others","WS/MP838/2024-2025/94211-Setting up of farmers’ training and assistance centers","Karnataka","BIDAR(DEPUTY COMMISSIONER BIDAR_IDA)","Dr. Dharmasthala Veerendra Heggade (2022-28) (2022-2028)","Nominated MP","Providing Stainless Steel Cans (6 No's) to Bagadoori Milk Producers Cooperative Society","02-Feb-2024","16-Oct-2024","21600","Physical Inspection"
"916","Normal/Others","WS/MP838/2024-2025/94213-Setting up of farmers’ training and assistance centers","Karnataka","BIDAR(DEPUTY COMMISSIONER BIDAR_IDA)","Dr. Dharmasthala Veerendra Heggade (2022-28) (2022-2028)","Nominated MP","Providing Stainless Steel Cans (10 No's) to Hirenagaon Milk Producers Cooperative Society","02-Feb-2024","16-Oct-2024","36000","Physical Inspection"
"917","Normal/Others","WS/MP838/2024-2025/94218-Setting up of farmers’ training and assistance centers","Karnataka","BIDAR(DEPUTY COMMISSIONER BIDAR_IDA)","Dr. Dharmasthala Veerendra Heggade (2022-28) (2022-2028)","Nominated MP","Providing Stainless Steel Cans (8 No's) to Kherda B Milk Producers Cooperative Society","02-Feb-2024","16-Oct-2024","28800","Physical Inspection"
"918","Normal/Others","WS/MP838/2024-2025/94237-Setting up of farmers’ training and assistance centers","Karnataka","BIDAR(DEPUTY COMMISSIONER BIDAR_IDA)","Dr. Dharmasthala Veerendra Heggade (2022-28) (2022-2028)","Nominated MP","Providing Stainless Steel Cans (6 No's) to Dhannura R Milk Producers Cooperative Society","02-Feb-2024","16-Oct-2024","21600","Physical Inspection"
"919","Normal/Others","WS/MP838/2024-2025/94240-Setting up of farmers’ training and assistance centers","Karnataka","BIDAR(DEPUTY COMMISSIONER BIDAR_IDA)","Dr. Dharmasthala Veerendra Heggade (2022-28) (2022-2028)","Nominated MP","Providing Stainless Steel Cans (6 No's) to Chicknagaon Milk Producers Cooperative Society","02-Feb-2024","16-Oct-2024","21600","Physical Inspection"
"920","Normal/Others","WS/MP838/2024-2025/94241-Setting up of farmers’ training and assistance centers","Karnataka","BIDAR(DEPUTY COMMISSIONER BIDAR_IDA)","Dr. Dharmasthala Veerendra Heggade (2022-28) (2022-2028)","Nominated MP","Providing Stainless Steel Cans (6 No's) to Yalavanthagi Milk Producers Cooperative Society","02-Feb-2024","16-Oct-2024","21600","Physical Inspection"
"921","Normal/Others","WS/MP838/2024-2025/94242-Setting up of farmers’ training and assistance centers","Karnataka","BIDAR(DEPUTY COMMISSIONER BIDAR_IDA)","Dr. Dharmasthala Veerendra Heggade (2022-28) (2022-2028)","Nominated MP","Providing Stainless Steel Cans (6 No's) to Ekalora Milk Producers Cooperative Society","02-Feb-2024","16-Oct-2024","21600","Physical Inspection"
"922","Normal/Others","WS/MP838/2024-2025/94243-Setting up of farmers’ training and assistance centers","Karnataka","BIDAR(DEPUTY COMMISSIONER BIDAR_IDA)","Dr. Dharmasthala Veerendra Heggade (2022-28) (2022-2028)","Nominated MP","Providing Stainless Steel Cans (8 No's) to Mudabi Milk Producers Cooperative Society","02-Feb-2024","16-Oct-2024","28800","Physical Inspection"
"923","Normal/Others","WS/MP838/2024-2025/94247-Setting up of farmers’ training and assistance centers","Karnataka","BIDAR(DEPUTY COMMISSIONER BIDAR_IDA)","Dr. Dharmasthala Veerendra Heggade (2022-28) (2022-2028)","Nominated MP","Providing Stainless Steel Cans (8 No's) to Jajanamugali Milk Producers Cooperative Society","02-Feb-2024","16-Oct-2024","28800","Physical Inspection"
"924","Normal/Others","WS/MP838/2024-2025/94248-Setting up of farmers’ training and assistance centers","Karnataka","BIDAR(DEPUTY COMMISSIONER BIDAR_IDA)","Dr. Dharmasthala Veerendra Heggade (2022-28) (2022-2028)","Nominated MP","Providing Stainless Steel Cans (6 No's) to Umapura Milk Producers Cooperative Society","02-Feb-2024","16-Oct-2024","21600","Physical Inspection"
"925","Normal/Others","WS/MP838/2024-2025/94249-Setting up of farmers’ training and assistance centers","Karnataka","BIDAR(DEPUTY COMMISSIONER BIDAR_IDA)","Dr. Dharmasthala Veerendra Heggade (2022-28) (2022-2028)","Nominated MP","Providing Stainless Steel Cans (8 No's) to Ghotala Milk Producers Cooperative Society","02-Feb-2024","16-Oct-2024","28800","Physical Inspection"
"926","Normal/Others","WS/MP838/2024-2025/94251-Setting up of farmers’ training and assistance centers","Karnataka","BIDAR(DEPUTY COMMISSIONER BIDAR_IDA)","Dr. Dharmasthala Veerendra Heggade (2022-28) (2022-2028)","Nominated MP","Providing Stainless Steel Cans (8 No's) to Devanala Milk Producers Cooperative Society","02-Feb-2024","16-Oct-2024","28800","Physical Inspection"
"927","Normal/Others","WS/MP838/2024-2025/94252-Setting up of farmers’ training and assistance centers","Karnataka","BIDAR(DEPUTY COMMISSIONER BIDAR_IDA)","Dr. Dharmasthala Veerendra Heggade (2022-28) (2022-2028)","Nominated MP","Providing Stainless Steel Cans (8 No's) to Betabalakunda Milk Producers Cooperative Society","02-Feb-2024","16-Oct-2024","28800","Physical Inspection"
"928","Normal/Others","WS/MP838/2024-2025/94254-Setting up of farmers’ training and assistance centers","Karnataka","BIDAR(DEPUTY COMMISSIONER BIDAR_IDA)","Dr. Dharmasthala Veerendra Heggade (2022-28) (2022-2028)","Nominated MP","Providing Stainless Steel Cans (8 No's) to Ramatheertha K  Milk Producers Cooperative Society","02-Feb-2024","16-Oct-2024","28800","Physical Inspection"
"929","Normal/Others","WS/MP838/2024-2025/94255-Setting up of farmers’ training and assistance centers","Karnataka","BIDAR(DEPUTY COMMISSIONER BIDAR_IDA)","Dr. Dharmasthala Veerendra Heggade (2022-28) (2022-2028)","Nominated MP","Providing Stainless Steel Cans (8 No's) to Morakhandi Milk Producers Cooperative Society","02-Feb-2024","16-Oct-2024","28800","Physical Inspection"
"930","Normal/Others","WS/MP838/2024-2025/94256-Setting up of farmers’ training and assistance centers","Karnataka","BIDAR(DEPUTY COMMISSIONER BIDAR_IDA)","Dr. Dharmasthala Veerendra Heggade (2022-28) (2022-2028)","Nominated MP","Providing Stainless Steel Cans (8 No's) to Paratapura Milk Producers Cooperative Society","02-Feb-2024","16-Oct-2024","28800","Physical Inspection"
"931","Normal/Others","WS/MP838/2024-2025/94258-Setting up of farmers’ training and assistance centers","Karnataka","BIDAR(DEPUTY COMMISSIONER BIDAR_IDA)","Dr. Dharmasthala Veerendra Heggade (2022-28) (2022-2028)","Nominated MP","Providing Stainless Steel Cans (8 No's) to Mirakhal Milk Producers Cooperative Society","02-Feb-2024","16-Oct-2024","28800","Physical Inspection"
"932","Normal/Others","WS/MP838/2024-2025/94259-Setting up of farmers’ training and assistance centers","Karnataka","BIDAR(DEPUTY COMMISSIONER BIDAR_IDA)","Dr. Dharmasthala Veerendra Heggade (2022-28) (2022-2028)","Nominated MP","Providing Stainless Steel Cans (8 No's) to Mirakhal Thanda Milk Producers Cooperative Society","02-Feb-2024","16-Oct-2024","28800","Physical Inspection"
"933","Normal/Others","WS/MP838/2024-2025/94262-Setting up of farmers’ training and assistance centers","Karnataka","BIDAR(DEPUTY COMMISSIONER BIDAR_IDA)","Dr. Dharmasthala Veerendra Heggade (2022-28) (2022-2028)","Nominated MP","Providing Stainless Steel Cans (8 No's) to Belura Milk Producers Cooperative Society","02-Feb-2024","16-Oct-2024","28800","Physical Inspection"
"934","Normal/Others","WS/MP838/2024-2025/94264-Setting up of farmers’ training and assistance centers","Karnataka","BIDAR(DEPUTY COMMISSIONER BIDAR_IDA)","Dr. Dharmasthala Veerendra Heggade (2022-28) (2022-2028)","Nominated MP","Providing Stainless Steel Cans (4 No's) to Gadigowdagaon Milk Producers Cooperative Society","02-Feb-2024","16-Oct-2024","14400","Physical Inspection"
"935","Normal/Others","WS/MP838/2024-2025/94266-Setting up of farmers’ training and assistance centers","Karnataka","BIDAR(DEPUTY COMMISSIONER BIDAR_IDA)","Dr. Dharmasthala Veerendra Heggade (2022-28) (2022-2028)","Nominated MP","Providing Stainless Steel Cans (8 No's) to Chalakapura Milk Producers Cooperative Society","02-Feb-2024","16-Oct-2024","28800","Physical Inspection"
"936","Normal/Others","WS/MP838/2024-2025/94267-Setting up of farmers’ training and assistance centers","Karnataka","BIDAR(DEPUTY COMMISSIONER BIDAR_IDA)","Dr. Dharmasthala Veerendra Heggade (2022-28) (2022-2028)","Nominated MP","Providing Stainless Steel Cans (6 No's) to Maasi Mooda Milk Producers Cooperative Society","02-Feb-2024","16-Oct-2024","21600","Physical Inspection"
"937","Normal/Others","WS/MP838/2024-2025/94269-Setting up of farmers’ training and assistance centers","Karnataka","BIDAR(DEPUTY COMMISSIONER BIDAR_IDA)","Dr. Dharmasthala Veerendra Heggade (2022-28) (2022-2028)","Nominated MP","Providing Stainless Steel Cans (6 No's) to Baradapura Milk Producers Cooperative Society","02-Feb-2024","16-Oct-2024","21600","Physical Inspection"
"938","Normal/Others","WS/MP838/2024-2025/94270-Setting up of farmers’ training and assistance centers","Karnataka","BIDAR(DEPUTY COMMISSIONER BIDAR_IDA)","Dr. Dharmasthala Veerendra Heggade (2022-28) (2022-2028)","Nominated MP","Providing Stainless Steel Cans (8 No's) to Yenakura Milk Producers Cooperative Society","02-Feb-2024","16-Oct-2024","28800","Physical Inspection"
"939","Normal/Others","WS/MP838/2024-2025/94271-Setting up of farmers’ training and assistance centers","Karnataka","BIDAR(DEPUTY COMMISSIONER BIDAR_IDA)","Dr. Dharmasthala Veerendra Heggade (2022-28) (2022-2028)","Nominated MP","Providing Stainless Steel Cans (6 No's) to Haranala Milk Producers Cooperative Society","02-Feb-2024","16-Oct-2024","21600","Physical Inspection"
"940","Normal/Others","WS/MP838/2024-2025/94273-Setting up of farmers’ training and assistance centers","Karnataka","BIDAR(DEPUTY COMMISSIONER BIDAR_IDA)","Dr. Dharmasthala Veerendra Heggade (2022-28) (2022-2028)","Nominated MP","Providing Stainless Steel Cans (6 No's) to Chandapura Milk Producers Cooperative Society","02-Feb-2024","16-Oct-2024","21600","Physical Inspection"
"941","Normal/Others","WS/MP838/2024-2025/94275-Setting up of farmers’ training and assistance centers","Karnataka","BIDAR(DEPUTY COMMISSIONER BIDAR_IDA)","Dr. Dharmasthala Veerendra Heggade (2022-28) (2022-2028)","Nominated MP","Providing Stainless Steel Cans (8 No's) to Siddeshwara Wadi Milk Producers Cooperative Society","02-Feb-2024","16-Oct-2024","28800","Physical Inspection"
"942","Normal/Others","WS/MP838/2024-2025/94277-Setting up of farmers’ training and assistance centers","Karnataka","BIDAR(DEPUTY COMMISSIONER BIDAR_IDA)","Dr. Dharmasthala Veerendra Heggade (2022-28) (2022-2028)","Nominated MP","Providing Stainless Steel Cans (8 No's) to Siddeshwara Milk Producers Cooperative Society","02-Feb-2024","16-Oct-2024","28800","Physical Inspection"
"943","Normal/Others","WS/MP838/2024-2025/94281-Setting up of farmers’ training and assistance centers","Karnataka","BIDAR(DEPUTY COMMISSIONER BIDAR_IDA)","Dr. Dharmasthala Veerendra Heggade (2022-28) (2022-2028)","Nominated MP","Providing Stainless Steel Cans (8 No's) to Maroora Milk Producers Cooperative Society","02-Feb-2024","16-Oct-2024","28800","Physical Inspection"
"944","Normal/Others","WS/MP838/2024-2025/94289-Setting up of farmers’ training and assistance centers","Karnataka","BIDAR(DEPUTY COMMISSIONER BIDAR_IDA)","Dr. Dharmasthala Veerendra Heggade (2022-28) (2022-2028)","Nominated MP","Providing Stainless Steel Cans (8 No's) to Godhi Hipparaga Milk Producers Cooperative Society","02-Feb-2024","16-Oct-2024","28800","Physical Inspection"
"945","Normal/Others","WS/MP838/2024-2025/94290-Setting up of farmers’ training and assistance centers","Karnataka","BIDAR(DEPUTY COMMISSIONER BIDAR_IDA)","Dr. Dharmasthala Veerendra Heggade (2022-28) (2022-2028)","Nominated MP","Providing Stainless Steel Cans (6 No's) to Nelagi Milk Producers Cooperative Society","02-Feb-2024","16-Oct-2024","21600","Physical Inspection"
"946","Normal/Others","WS/MP838/2024-2025/94293-Setting up of farmers’ training and assistance centers","Karnataka","BIDAR(DEPUTY COMMISSIONER BIDAR_IDA)","Dr. Dharmasthala Veerendra Heggade (2022-28) (2022-2028)","Nominated MP","Providing Stainless Steel Cans (8 No's) to Hunaji K Milk Producers Cooperative Society","02-Feb-2024","16-Oct-2024","28800","Physical Inspection"
"947","Normal/Others","WS/MP838/2024-2025/94295-Setting up of farmers’ training and assistance centers","Karnataka","BIDAR(DEPUTY COMMISSIONER BIDAR_IDA)","Dr. Dharmasthala Veerendra Heggade (2022-28) (2022-2028)","Nominated MP","Providing Stainless Steel Cans (8 No's) to Halahalli Milk Producers Cooperative Society","02-Feb-2024","16-Oct-2024","28800","Physical Inspection"
"948","Normal/Others","WS/MP838/2024-2025/94298-Setting up of farmers’ training and assistance centers","Karnataka","BIDAR(DEPUTY COMMISSIONER BIDAR_IDA)","Dr. Dharmasthala Veerendra Heggade (2022-28) (2022-2028)","Nominated MP","Providing Stainless Steel Cans (6 No's) to Byalahalli Milk Producers Cooperative Society","02-Feb-2024","16-Oct-2024","21600","Physical Inspection"
"949","Normal/Others","WS/MP838/2024-2025/94299-Setting up of farmers’ training and assistance centers","Karnataka","BIDAR(DEPUTY COMMISSIONER BIDAR_IDA)","Dr. Dharmasthala Veerendra Heggade (2022-28) (2022-2028)","Nominated MP","Providing Stainless Steel Cans (8 No's) to Thungaon K Milk Producers Cooperative Society","02-Feb-2024","16-Oct-2024","28800","Physical Inspection"
"950","Normal/Others","WS/MP838/2024-2025/94301-Setting up of farmers’ training and assistance centers","Karnataka","BIDAR(DEPUTY COMMISSIONER BIDAR_IDA)","Dr. Dharmasthala Veerendra Heggade (2022-28) (2022-2028)","Nominated MP","Providing Stainless Steel Cans (8 No's) to Neelamanahalli Milk Producers Cooperative Society","02-Feb-2024","16-Oct-2024","28800","Physical Inspection"
"951","Normal/Others","WS/MP838/2024-2025/94314-Setting up of farmers’ training and assistance centers","Karnataka","BIDAR(DEPUTY COMMISSIONER BIDAR_IDA)","Dr. Dharmasthala Veerendra Heggade (2022-28) (2022-2028)","Nominated MP","Providing Stainless Steel Cans (8 No's) to Ganesharapura wadi Milk Producers Cooperative Society","02-Feb-2024","16-Oct-2024","28800","Physical Inspection"
"952","Normal/Others","WS/MP838/2024-2025/94316-Setting up of farmers’ training and assistance centers","Karnataka","BIDAR(DEPUTY COMMISSIONER BIDAR_IDA)","Dr. Dharmasthala Veerendra Heggade (2022-28) (2022-2028)","Nominated MP","Providing Stainless Steel Cans (6 No's) to Halahipparaga Milk Producers Cooperative Society","02-Feb-2024","16-Oct-2024","21600","Physical Inspection"
"953","Normal/Others","WS/MP838/2024-2025/94318-Setting up of farmers’ training and assistance centers","Karnataka","BIDAR(DEPUTY COMMISSIONER BIDAR_IDA)","Dr. Dharmasthala Veerendra Heggade (2022-28) (2022-2028)","Nominated MP","Providing Stainless Steel Cans (8 No's) to Malachapura Milk Producers Cooperative Society","02-Feb-2024","16-Oct-2024","28800","Physical Inspection"
"954","Normal/Others","WS/MP838/2024-2025/94319-Setting up of farmers’ training and assistance centers","Karnataka","BIDAR(DEPUTY COMMISSIONER BIDAR_IDA)","Dr. Dharmasthala Veerendra Heggade (2022-28) (2022-2028)","Nominated MP","Providing Stainless Steel Cans (8 No's) to Dhanura H Milk Producers Cooperative Society","02-Feb-2024","16-Oct-2024","28800","Physical Inspection"
"955","Normal/Others","WS/MP838/2024-2025/94324-Setting up of farmers’ training and assistance centers","Karnataka","BIDAR(DEPUTY COMMISSIONER BIDAR_IDA)","Dr. Dharmasthala Veerendra Heggade (2022-28) (2022-2028)","Nominated MP","Providing Stainless Steel Cans (8 No's) to Islampura Milk Producers Cooperative Society","02-Feb-2024","16-Oct-2024","28800","Physical Inspection"
"956","Normal/Others","WS/MP838/2024-2025/94326-Setting up of farmers’ training and assistance centers","Karnataka","BIDAR(DEPUTY COMMISSIONER BIDAR_IDA)","Dr. Dharmasthala Veerendra Heggade (2022-28) (2022-2028)","Nominated MP","Providing Stainless Steel Cans (8 No's) to Janawada Milk Producers Cooperative Society","02-Feb-2024","16-Oct-2024","28800","Physical Inspection"
"957","Normal/Others","WS/MP838/2024-2025/94327-Setting up of farmers’ training and assistance centers","Karnataka","BIDAR(DEPUTY COMMISSIONER BIDAR_IDA)","Dr. Dharmasthala Veerendra Heggade (2022-28) (2022-2028)","Nominated MP","Providing Stainless Steel Cans (8 No's) to Aliambara Milk Producers Cooperative Society","02-Feb-2024","16-Oct-2024","28800","Physical Inspection"
"958","Normal/Others","WS/MP838/2024-2025/94328-Setting up of farmers’ training and assistance centers","Karnataka","BIDAR(DEPUTY COMMISSIONER BIDAR_IDA)","Dr. Dharmasthala Veerendra Heggade (2022-28) (2022-2028)","Nominated MP","Providing Stainless Steel Cans (8 No's) to Rajanala Milk Producers Cooperative Society","02-Feb-2024","16-Oct-2024","28800","Physical Inspection"
"959","Normal/Others","WS/MP838/2024-2025/94329-Setting up of farmers’ training and assistance centers","Karnataka","BIDAR(DEPUTY COMMISSIONER BIDAR_IDA)","Dr. Dharmasthala Veerendra Heggade (2022-28) (2022-2028)","Nominated MP","Providing Stainless Steel Cans (6 No's) to Vilasapura Milk Producers Cooperative Society","02-Feb-2024","16-Oct-2024","21600","Physical Inspection"
"960","Normal/Others","WS/MP838/2024-2025/94330-Setting up of farmers’ training and assistance centers","Karnataka","BIDAR(DEPUTY COMMISSIONER BIDAR_IDA)","Dr. Dharmasthala Veerendra Heggade (2022-28) (2022-2028)","Nominated MP","Providing Stainless Steel Cans (4 No's) to Sanganalli Milk Producers Cooperative Society","02-Feb-2024","16-Oct-2024","14400","Physical Inspection"
"961","Normal/Others","WS/MP838/2024-2025/94334-Setting up of farmers’ training and assistance centers","Karnataka","BIDAR(DEPUTY COMMISSIONER BIDAR_IDA)","Dr. Dharmasthala Veerendra Heggade (2022-28) (2022-2028)","Nominated MP","Providing Stainless Steel Cans (6 No's) to Yaranalli Milk Producers Cooperative Society","02-Feb-2024","16-Oct-2024","21600","Physical Inspection"
"962","Normal/Others","WS/MP838/2024-2025/94335-Setting up of farmers’ training and assistance centers","Karnataka","BIDAR(DEPUTY COMMISSIONER BIDAR_IDA)","Dr. Dharmasthala Veerendra Heggade (2022-28) (2022-2028)","Nominated MP","Providing Stainless Steel Cans (8 No's) to Bampalli Milk Producers Cooperative Society","02-Feb-2024","16-Oct-2024","28800","Physical Inspection"
"963","Normal/Others","WS/MP838/2024-2025/94342-Setting up of farmers’ training and assistance centers","Karnataka","BIDAR(DEPUTY COMMISSIONER BIDAR_IDA)","Dr. Dharmasthala Veerendra Heggade (2022-28) (2022-2028)","Nominated MP","Providing Stainless Steel Cans (8 No's) to Hippalagaon Milk Producers Cooperative Society","02-Feb-2024","16-Oct-2024","28800","Physical Inspection"
"964","Normal/Others","WS/MP838/2024-2025/94347-Setting up of farmers’ training and assistance centers","Karnataka","BIDAR(DEPUTY COMMISSIONER BIDAR_IDA)","Dr. Dharmasthala Veerendra Heggade (2022-28) (2022-2028)","Nominated MP","Providing Stainless Steel Cans (6 No's) to Srimandala Milk Producers Cooperative Society","02-Feb-2024","16-Oct-2024","21600","Physical Inspection"
"965","Normal/Others","WS/MP838/2024-2025/94363-Setting up of farmers’ training and assistance centers","Karnataka","BIDAR(DEPUTY COMMISSIONER BIDAR_IDA)","Dr. Dharmasthala Veerendra Heggade (2022-28) (2022-2028)","Nominated MP","Providing Stainless Steel Cans (8 No's) to Khanapura Milk Producers Cooperative Society","02-Feb-2024","16-Oct-2024","28800","Physical Inspection"
"966","Normal/Others","WS/MP838/2024-2025/94364-Setting up of farmers’ training and assistance centers","Karnataka","BIDAR(DEPUTY COMMISSIONER BIDAR_IDA)","Dr. Dharmasthala Veerendra Heggade (2022-28) (2022-2028)","Nominated MP","Providing Stainless Steel Cans (8 No's) to Chamboola Milk Producers Cooperative Society","02-Feb-2024","16-Oct-2024","28800","Physical Inspection"
"967","Normal/Others","WS/MP838/2024-2025/94367-Setting up of farmers’ training and assistance centers","Karnataka","BIDAR(DEPUTY COMMISSIONER BIDAR_IDA)","Dr. Dharmasthala Veerendra Heggade (2022-28) (2022-2028)","Nominated MP","Providing Stainless Steel Cans (8 No's) to Navalasapura Milk Producers Cooperative Society","02-Feb-2024","16-Oct-2024","28800","Physical Inspection"
"968","Normal/Others","WS/MP838/2024-2025/94368-Setting up of farmers’ training and assistance centers","Karnataka","BIDAR(DEPUTY COMMISSIONER BIDAR_IDA)","Dr. Dharmasthala Veerendra Heggade (2022-28) (2022-2028)","Nominated MP","Providing Stainless Steel Cans (6 No's) to Phathepura Milk Producers Cooperative Society","02-Feb-2024","16-Oct-2024","21600","Physical Inspection"
"969","Normal/Others","WS/MP838/2024-2025/94374-Setting up of farmers’ training and assistance centers","Karnataka","BIDAR(DEPUTY COMMISSIONER BIDAR_IDA)","Dr. Dharmasthala Veerendra Heggade (2022-28) (2022-2028)","Nominated MP","Providing Stainless Steel Cans (6 No's) to Daddapura Milk Producers Cooperative Society","02-Feb-2024","16-Oct-2024","21600","Physical Inspection"
"970","Normal/Others","WS/MP838/2024-2025/94376-Setting up of farmers’ training and assistance centers","Karnataka","BIDAR(DEPUTY COMMISSIONER BIDAR_IDA)","Dr. Dharmasthala Veerendra Heggade (2022-28) (2022-2028)","Nominated MP","Providing Stainless Steel Cans (10 No's) to Chimakoda Milk Producers Cooperative Society","02-Feb-2024","16-Oct-2024","36000","Physical Inspection"
"971","Normal/Others","WS/MP838/2024-2025/94378-Setting up of farmers’ training and assistance centers","Karnataka","BIDAR(DEPUTY COMMISSIONER BIDAR_IDA)","Dr. Dharmasthala Veerendra Heggade (2022-28) (2022-2028)","Nominated MP","Providing Stainless Steel Cans (10 No's) to Marakhala Milk Producers Cooperative Society","02-Feb-2024","16-Oct-2024","36000","Physical Inspection"
"972","Normal/Others","WS/MP838/2024-2025/94379-Setting up of farmers’ training and assistance centers","Karnataka","BIDAR(DEPUTY COMMISSIONER BIDAR_IDA)","Dr. Dharmasthala Veerendra Heggade (2022-28) (2022-2028)","Nominated MP","Providing Stainless Steel Cans (8 No's) to Kanganakota Milk Producers Cooperative Society","02-Feb-2024","16-Oct-2024","28800","Physical Inspection"
"973","Normal/Others","WS/MP838/2024-2025/94381-Setting up of farmers’ training and assistance centers","Karnataka","BIDAR(DEPUTY COMMISSIONER BIDAR_IDA)","Dr. Dharmasthala Veerendra Heggade (2022-28) (2022-2028)","Nominated MP","Providing Stainless Steel Cans (8 No's) to Bhavagi Milk Producers Cooperative Society","02-Feb-2024","16-Oct-2024","28800","Physical Inspection"
"974","Normal/Others","WS/MP838/2024-2025/94383-Setting up of farmers’ training and assistance centers","Karnataka","BIDAR(DEPUTY COMMISSIONER BIDAR_IDA)","Dr. Dharmasthala Veerendra Heggade (2022-28) (2022-2028)","Nominated MP","Providing Stainless Steel Cans (8 No's) to Sangolagi Milk Producers Cooperative Society","02-Feb-2024","16-Oct-2024","28800","Physical Inspection"
"975","Normal/Others","WS/MP838/2024-2025/94400-Setting up of farmers’ training and assistance centers","Karnataka","BIDAR(DEPUTY COMMISSIONER BIDAR_IDA)","Dr. Dharmasthala Veerendra Heggade (2022-28) (2022-2028)","Nominated MP","Providing Stainless Steel Cans (6 No's) to Thadapalli Milk Producers Cooperative Society","02-Feb-2024","16-Oct-2024","21600","Physical Inspection"
"976","Normal/Others","WS/MP838/2024-2025/94402-Setting up of farmers’ training and assistance centers","Karnataka","BIDAR(DEPUTY COMMISSIONER BIDAR_IDA)","Dr. Dharmasthala Veerendra Heggade (2022-28) (2022-2028)","Nominated MP","Providing Stainless Steel Cans (6 No's) to Patharapalli Milk Producers Cooperative Society","02-Feb-2024","16-Oct-2024","21600","Physical Inspection"
"977","Normal/Others","WS/MP838/2024-2025/94406-Setting up of farmers’ training and assistance centers","Karnataka","BIDAR(DEPUTY COMMISSIONER BIDAR_IDA)","Dr. Dharmasthala Veerendra Heggade (2022-28) (2022-2028)","Nominated MP","Providing Stainless Steel Cans (6 No's) to Shekhapura Milk Producers Cooperative Society","02-Feb-2024","16-Oct-2024","21600","Physical Inspection"
"978","Normal/Others","WS/MP838/2024-2025/94411-Setting up of farmers’ training and assistance centers","Karnataka","BIDAR(DEPUTY COMMISSIONER BIDAR_IDA)","Dr. Dharmasthala Veerendra Heggade (2022-28) (2022-2028)","Nominated MP","Providing Stainless Steel Cans (6 No's) to Honnaddi Milk Producers Cooperative Society","02-Feb-2024","16-Oct-2024","21600","Physical Inspection"
"979","Normal/Others","WS/MP838/2024-2025/94414-Setting up of farmers’ training and assistance centers","Karnataka","BIDAR(DEPUTY COMMISSIONER BIDAR_IDA)","Dr. Dharmasthala Veerendra Heggade (2022-28) (2022-2028)","Nominated MP","Providing Stainless Steel Cans (10 No's) to Chattanalli Milk Producers Cooperative Society","02-Feb-2024","16-Oct-2024","36000","Physical Inspection"
"980","Normal/Others","WS/MP838/2024-2025/94426-Setting up of farmers’ training and assistance centers","Karnataka","BIDAR(DEPUTY COMMISSIONER BIDAR_IDA)","Dr. Dharmasthala Veerendra Heggade (2022-28) (2022-2028)","Nominated MP","Providing Stainless Steel Cans (6 No's) to Sindhola Milk Producers Cooperative Society","02-Feb-2024","16-Oct-2024","21600","Physical Inspection"
"981","Normal/Others","WS/MP838/2024-2025/94448-Setting up of farmers’ training and assistance centers","Karnataka","BIDAR(DEPUTY COMMISSIONER BIDAR_IDA)","Dr. Dharmasthala Veerendra Heggade (2022-28) (2022-2028)","Nominated MP","Providing Stainless Steel Cans (8 No's) to Rajagira Milk Producers Cooperative Society","02-Feb-2024","16-Oct-2024","28800","Physical Inspection"
"982","Normal/Others","WS/MP838/2024-2025/94449-Setting up of farmers’ training and assistance centers","Karnataka","BIDAR(DEPUTY COMMISSIONER BIDAR_IDA)","Dr. Dharmasthala Veerendra Heggade (2022-28) (2022-2028)","Nominated MP","Providing Stainless Steel Cans (8 No's) to Hokrana B Milk Producers Cooperative Society","02-Feb-2024","16-Oct-2024","28800","Physical Inspection"
"983","Normal/Others","WS/MP838/2024-2025/94452-Setting up of farmers’ training and assistance centers","Karnataka","BIDAR(DEPUTY COMMISSIONER BIDAR_IDA)","Dr. Dharmasthala Veerendra Heggade (2022-28) (2022-2028)","Nominated MP","Providing Stainless Steel Cans (6 No's) to Cheethalagera Milk Producers Cooperative Society","02-Feb-2024","16-Oct-2024","21600","Physical Inspection"
"984","Normal/Others","WS/MP838/2024-2025/94490-Setting up of farmers’ training and assistance centers","Karnataka","BIDAR(DEPUTY COMMISSIONER BIDAR_IDA)","Dr. Dharmasthala Veerendra Heggade (2022-28) (2022-2028)","Nominated MP","Providing Stainless Steel Cans (6 No's) to Barura Milk Producers Cooperative Society","02-Feb-2024","16-Oct-2024","21600","Physical Inspection"
"985","Normal/Others","WS/MP838/2024-2025/94493-Setting up of farmers’ training and assistance centers","Karnataka","BIDAR(DEPUTY COMMISSIONER BIDAR_IDA)","Dr. Dharmasthala Veerendra Heggade (2022-28) (2022-2028)","Nominated MP","Providing Stainless Steel Cans (8 No's) to Chitta Milk Producers Cooperative Society","02-Feb-2024","16-Oct-2024","28800","Physical Inspection"
"986","Normal/Others","WS/MP838/2024-2025/94496-Setting up of farmers’ training and assistance centers","Karnataka","BIDAR(DEPUTY COMMISSIONER BIDAR_IDA)","Dr. Dharmasthala Veerendra Heggade (2022-28) (2022-2028)","Nominated MP","Providing Stainless Steel Cans (8 No's) to Chitta Wadi Milk Producers Cooperative Society","02-Feb-2024","16-Oct-2024","28800","Physical Inspection"
"987","Normal/Others","WS/MP838/2024-2025/94499-Setting up of farmers’ training and assistance centers","Karnataka","BIDAR(DEPUTY COMMISSIONER BIDAR_IDA)","Dr. Dharmasthala Veerendra Heggade (2022-28) (2022-2028)","Nominated MP","Providing Stainless Steel Cans (10 No's) to Ghodampalli Milk Producers Cooperative Society","02-Feb-2024","16-Oct-2024","36000","Physical Inspection"
"988","Normal/Others","WS/MP838/2024-2025/94502-Setting up of farmers’ training and assistance centers","Karnataka","BIDAR(DEPUTY COMMISSIONER BIDAR_IDA)","Dr. Dharmasthala Veerendra Heggade (2022-28) (2022-2028)","Nominated MP","Providing Stainless Steel Cans (8 No's) to Nagoora Milk Producers Cooperative Society","02-Feb-2024","16-Oct-2024","28800","Physical Inspection"
"989","Normal/Others","WS/MP838/2024-2025/94514-Setting up of farmers’ training and assistance centers","Karnataka","BIDAR(DEPUTY COMMISSIONER BIDAR_IDA)","Dr. Dharmasthala Veerendra Heggade (2022-28) (2022-2028)","Nominated MP","Providing Stainless Steel Cans (6 No's) to Gunnalli Milk Producers Cooperative Society","02-Feb-2024","16-Oct-2024","21600","Physical Inspection"
"990","Normal/Others","WS/MP838/2024-2025/94522-Setting up of farmers’ training and assistance centers","Karnataka","BIDAR(DEPUTY COMMISSIONER BIDAR_IDA)","Dr. Dharmasthala Veerendra Heggade (2022-28) (2022-2028)","Nominated MP","Providing Stainless Steel Cans (8 No's) to Khasampura Milk Producers Cooperative Society","02-Feb-2024","16-Oct-2024","28800","Physical Inspection"
"991","Normal/Others","WS/MP838/2024-2025/94525-Setting up of farmers’ training and assistance centers","Karnataka","BIDAR(DEPUTY COMMISSIONER BIDAR_IDA)","Dr. Dharmasthala Veerendra Heggade (2022-28) (2022-2028)","Nominated MP","Providing Stainless Steel Cans (6 No's) to Kadwada Milk Producers Cooperative Society","02-Feb-2024","16-Oct-2024","21600","Physical Inspection"
"992","Normal/Others","WS/MP838/2024-2025/94527-Setting up of farmers’ training and assistance centers","Karnataka","BIDAR(DEPUTY COMMISSIONER BIDAR_IDA)","Dr. Dharmasthala Veerendra Heggade (2022-28) (2022-2028)","Nominated MP","Providing Stainless Steel Cans (6 No's) to Sirsi A Milk Producers Cooperative Society","02-Feb-2024","16-Oct-2024","21600","Physical Inspection"
"993","Normal/Others","WS/MP838/2024-2025/94530-Setting up of farmers’ training and assistance centers","Karnataka","BIDAR(DEPUTY COMMISSIONER BIDAR_IDA)","Dr. Dharmasthala Veerendra Heggade (2022-28) (2022-2028)","Nominated MP","Providing Stainless Steel Cans (8 No's) to Aurada S Milk Producers Cooperative Society","02-Feb-2024","16-Oct-2024","28800","Physical Inspection"
"994","Normal/Others","WS/MP838/2024-2025/94532-Setting up of farmers’ training and assistance centers","Karnataka","BIDAR(DEPUTY COMMISSIONER BIDAR_IDA)","Dr. Dharmasthala Veerendra Heggade (2022-28) (2022-2028)","Nominated MP","Providing Stainless Steel Cans (8 No's) to Bagadala Milk Producers Cooperative Society","02-Feb-2024","16-Oct-2024","28800","Physical Inspection"
"995","Normal/Others","WS/MP838/2024-2025/94534-Setting up of farmers’ training and assistance centers","Karnataka","BIDAR(DEPUTY COMMISSIONER BIDAR_IDA)","Dr. Dharmasthala Veerendra Heggade (2022-28) (2022-2028)","Nominated MP","Providing Stainless Steel Cans (6 No's) to Baapura Milk Producers Cooperative Society","02-Feb-2024","16-Oct-2024","21600","Physical Inspection"
"996","Normal/Others","WS/MP838/2024-2025/94536-Setting up of farmers’ training and assistance centers","Karnataka","BIDAR(DEPUTY COMMISSIONER BIDAR_IDA)","Dr. Dharmasthala Veerendra Heggade (2022-28) (2022-2028)","Nominated MP","Providing Stainless Steel Cans (6 No's) to Kholara K Milk Producers Cooperative Society","02-Feb-2024","16-Oct-2024","21600","Physical Inspection"
"997","Normal/Others","WS/MP838/2024-2025/94538-Setting up of farmers’ training and assistance centers","Karnataka","BIDAR(DEPUTY COMMISSIONER BIDAR_IDA)","Dr. Dharmasthala Veerendra Heggade (2022-28) (2022-2028)","Nominated MP","Providing Stainless Steel Cans (8 No's) to Nijampura Milk Producers Cooperative Society","02-Feb-2024","16-Oct-2024","28800","Physical Inspection"
"998","Normal/Others","WS/MP838/2024-2025/94539-Setting up of farmers’ training and assistance centers","Karnataka","BIDAR(DEPUTY COMMISSIONER BIDAR_IDA)","Dr. Dharmasthala Veerendra Heggade (2022-28) (2022-2028)","Nominated MP","Providing Stainless Steel Cans (8 No's) to Kapalapura Milk Producers Cooperative Society","02-Feb-2024","16-Oct-2024","28800","Physical Inspection"
"999","Normal/Others","WS/MP838/2024-2025/94541-Setting up of farmers’ training and assistance centers","Karnataka","BIDAR(DEPUTY COMMISSIONER BIDAR_IDA)","Dr. Dharmasthala Veerendra Heggade (2022-28) (2022-2028)","Nominated MP","Providing Stainless Steel Cans (8 No's) to Seekindrapura Milk Producers Cooperative Society","02-Feb-2024","16-Oct-2024","28800","Physical Inspection"
"1000","Normal/Others","WS/MP838/2024-2025/94550-Setting up of farmers’ training and assistance centers","Karnataka","BIDAR(DEPUTY COMMISSIONER BIDAR_IDA)","Dr. Dharmasthala Veerendra Heggade (2022-28) (2022-2028)","Nominated MP","Providing Stainless Steel Cans (6 No's) to Anadurawadi Milk Producers Cooperative Society","02-Feb-2024","16-Oct-2024","21600","Physical Inspection"
"1001","Normal/Others","WS/MP838/2024-2025/94552-Setting up of farmers’ training and assistance centers","Karnataka","BIDAR(DEPUTY COMMISSIONER BIDAR_IDA)","Dr. Dharmasthala Veerendra Heggade (2022-28) (2022-2028)","Nominated MP","Providing Stainless Steel Cans (8 No's) to Anadura Milk Producers Cooperative Society","02-Feb-2024","16-Oct-2024","28800","Physical Inspection"
"1002","Normal/Others","WS/MP838/2024-2025/94553-Setting up of farmers’ training and assistance centers","Karnataka","BIDAR(DEPUTY COMMISSIONER BIDAR_IDA)","Dr. Dharmasthala Veerendra Heggade (2022-28) (2022-2028)","Nominated MP","Providing Stainless Steel Cans (6 No's) to Kanakatta Milk Producers Cooperative Society","02-Feb-2024","16-Oct-2024","21600","Physical Inspection"
"1003","Normal/Others","WS/MP838/2024-2025/94555-Setting up of farmers’ training and assistance centers","Karnataka","BIDAR(DEPUTY COMMISSIONER BIDAR_IDA)","Dr. Dharmasthala Veerendra Heggade (2022-28) (2022-2028)","Nominated MP","Providing Stainless Steel Cans (8 No's) to Hunasagera Milk Producers Cooperative Society","02-Feb-2024","16-Oct-2024","28800","Physical Inspection"
"1004","Normal/Others","WS/MP838/2024-2025/94557-Setting up of farmers’ training and assistance centers","Karnataka","BIDAR(DEPUTY COMMISSIONER BIDAR_IDA)","Dr. Dharmasthala Veerendra Heggade (2022-28) (2022-2028)","Nominated MP","Providing Stainless Steel Cans (8 No's) to Ghataborala Milk Producers Cooperative Society","02-Feb-2024","16-Oct-2024","28800","Physical Inspection"
"1005","Normal/Others","WS/MP838/2024-2025/94563-Setting up of farmers’ training and assistance centers","Karnataka","BIDAR(DEPUTY COMMISSIONER BIDAR_IDA)","Dr. Dharmasthala Veerendra Heggade (2022-28) (2022-2028)","Nominated MP","Providing Stainless Steel Cans (8 No's) to Ghodawadi Milk Producers Cooperative Society","02-Feb-2024","16-Oct-2024","28800","Physical Inspection"
"1006","Normal/Others","WS/MP838/2024-2025/94566-Setting up of farmers’ training and assistance centers","Karnataka","BIDAR(DEPUTY COMMISSIONER BIDAR_IDA)","Dr. Dharmasthala Veerendra Heggade (2022-28) (2022-2028)","Nominated MP","Providing Stainless Steel Cans (8 No's) to Handikera Milk Producers Cooperative Society","02-Feb-2024","16-Oct-2024","28800","Physical Inspection"
"1007","Normal/Others","WS/MP838/2024-2025/94575-Setting up of farmers’ training and assistance centers","Karnataka","BIDAR(DEPUTY COMMISSIONER BIDAR_IDA)","Dr. Dharmasthala Veerendra Heggade (2022-28) (2022-2028)","Nominated MP","Providing Stainless Steel Cans (6 No's) to Sonakera Milk Producers Cooperative Society","02-Feb-2024","16-Oct-2024","21600","Physical Inspection"
"1008","Normal/Others","WS/MP838/2024-2025/94578-Setting up of farmers’ training and assistance centers","Karnataka","BIDAR(DEPUTY COMMISSIONER BIDAR_IDA)","Dr. Dharmasthala Veerendra Heggade (2022-28) (2022-2028)","Nominated MP","Providing Stainless Steel Cans (6 No's) to Chandanahalli Milk Producers Cooperative Society","02-Feb-2024","16-Oct-2024","21600","Physical Inspection"
"1009","Normal/Others","WS/MP838/2024-2025/94579-Setting up of farmers’ training and assistance centers","Karnataka","BIDAR(DEPUTY COMMISSIONER BIDAR_IDA)","Dr. Dharmasthala Veerendra Heggade (2022-28) (2022-2028)","Nominated MP","Providing Stainless Steel Cans (6 No's) to Kumarachincholli Milk Producers Cooperative Society","02-Feb-2024","16-Oct-2024","21600","Physical Inspection"
"1010","Normal/Others","WS/MP838/2024-2025/94580-Setting up of farmers’ training and assistance centers","Karnataka","BIDAR(DEPUTY COMMISSIONER BIDAR_IDA)","Dr. Dharmasthala Veerendra Heggade (2022-28) (2022-2028)","Nominated MP","Providing Stainless Steel Cans (8 No's) to Madaragaon Milk Producers Cooperative Society","02-Feb-2024","16-Oct-2024","28800","Physical Inspection"
"1011","Normal/Others","WS/MP838/2024-2025/94581-Setting up of farmers’ training and assistance centers","Karnataka","BIDAR(DEPUTY COMMISSIONER BIDAR_IDA)","Dr. Dharmasthala Veerendra Heggade (2022-28) (2022-2028)","Nominated MP","Providing Stainless Steel Cans (8 No's) to Vaddanakera Milk Producers Cooperative Society","02-Feb-2024","16-Oct-2024","28800","Physical Inspection"
"1012","Normal/Others","WS/MP838/2024-2025/94582-Setting up of farmers’ training and assistance centers","Karnataka","BIDAR(DEPUTY COMMISSIONER BIDAR_IDA)","Dr. Dharmasthala Veerendra Heggade (2022-28) (2022-2028)","Nominated MP","Providing Stainless Steel Cans (8 No's) to Jalasangi Milk Producers Cooperative Society","02-Feb-2024","16-Oct-2024","28800","Physical Inspection"
"1013","Normal/Others","WS/MP838/2024-2025/94583-Setting up of farmers’ training and assistance centers","Karnataka","BIDAR(DEPUTY COMMISSIONER BIDAR_IDA)","Dr. Dharmasthala Veerendra Heggade (2022-28) (2022-2028)","Nominated MP","Providing Stainless Steel Cans (8 No's) to Kaparagaon Milk Producers Cooperative Society","02-Feb-2024","16-Oct-2024","28800","Physical Inspection"
"1014","Normal/Others","WS/MP838/2024-2025/94827-Setting up of farmers’ training and assistance centers","Karnataka","BIDAR(DEPUTY COMMISSIONER BIDAR_IDA)","Dr. Dharmasthala Veerendra Heggade (2022-28) (2022-2028)","Nominated MP","Providing Stainless Steel Cans (8 No's) to Neerna Milk Producers Cooperative Society","02-Feb-2024","16-Oct-2024","28800","Physical Inspection"
"1015","Normal/Others","WS/MP838/2024-2025/94828-Setting up of farmers’ training and assistance centers","Karnataka","BIDAR(DEPUTY COMMISSIONER BIDAR_IDA)","Dr. Dharmasthala Veerendra Heggade (2022-28) (2022-2028)","Nominated MP","Providing Stainless Steel Cans (6 No's) to Muthangi Milk Producers Cooperative Society","02-Feb-2024","16-Oct-2024","21600","Physical Inspection"
"1016","Normal/Others","WS/MP838/2024-2025/94830-Setting up of farmers’ training and assistance centers","Karnataka","BIDAR(DEPUTY COMMISSIONER BIDAR_IDA)","Dr. Dharmasthala Veerendra Heggade (2022-28) (2022-2028)","Nominated MP","Providing Stainless Steel Cans (8 No's) to Govinda thanda Milk Producers Cooperative Society","02-Feb-2024","16-Oct-2024","28800","Physical Inspection"
"1017","Normal/Others","WS/MP838/2024-2025/94831-Setting up of farmers’ training and assistance centers","Karnataka","BIDAR(DEPUTY COMMISSIONER BIDAR_IDA)","Dr. Dharmasthala Veerendra Heggade (2022-28) (2022-2028)","Nominated MP","Providing Stainless Steel Cans (8 No's) to Bhadrapura Milk Producers Cooperative Society","02-Feb-2024","16-Oct-2024","28800","Physical Inspection"
"1018","Normal/Others","WS/MP838/2024-2025/94833-Setting up of farmers’ training and assistance centers","Karnataka","BIDAR(DEPUTY COMMISSIONER BIDAR_IDA)","Dr. Dharmasthala Veerendra Heggade (2022-28) (2022-2028)","Nominated MP","Providing Stainless Steel Cans (6 No's) to GudiThanda Milk Producers Cooperative Society","02-Feb-2024","16-Oct-2024","21600","Physical Inspection"
"1019","Normal/Others","WS/MP838/2024-2025/94834-Setting up of farmers’ training and assistance centers","Karnataka","BIDAR(DEPUTY COMMISSIONER BIDAR_IDA)","Dr. Dharmasthala Veerendra Heggade (2022-28) (2022-2028)","Nominated MP","Providing Stainless Steel Cans (8 No's) to Madaragi Milk Producers Cooperative Society","02-Feb-2024","16-Oct-2024","28800","Physical Inspection"
"1020","Normal/Others","WS/MP838/2024-2025/94835-Setting up of farmers’ training and assistance centers","Karnataka","BIDAR(DEPUTY COMMISSIONER BIDAR_IDA)","Dr. Dharmasthala Veerendra Heggade (2022-28) (2022-2028)","Nominated MP","Providing Stainless Steel Cans (8 No's) to Allura K Milk Producers Cooperative Society","02-Feb-2024","16-Oct-2024","28800","Physical Inspection"
"1021","Normal/Others","WS/MP838/2024-2025/94837-Setting up of farmers’ training and assistance centers","Karnataka","BIDAR(DEPUTY COMMISSIONER BIDAR_IDA)","Dr. Dharmasthala Veerendra Heggade (2022-28) (2022-2028)","Nominated MP","Providing Stainless Steel Cans (8 No's) to Nimboora Milk Producers Cooperative Society","02-Feb-2024","16-Oct-2024","28800","Physical Inspection"
"1022","Normal/Others","WS/MP838/2024-2025/94838-Setting up of farmers’ training and assistance centers","Karnataka","BIDAR(DEPUTY COMMISSIONER BIDAR_IDA)","Dr. Dharmasthala Veerendra Heggade (2022-28) (2022-2028)","Nominated MP","Providing Stainless Steel Cans (10 No's) to Marakhala Milk Producers Cooperative Society","02-Feb-2024","16-Oct-2024","36000","Physical Inspection"
"1023","Normal/Others","WS/MP838/2024-2025/94839-Setting up of farmers’ training and assistance centers","Karnataka","BIDAR(DEPUTY COMMISSIONER BIDAR_IDA)","Dr. Dharmasthala Veerendra Heggade (2022-28) (2022-2028)","Nominated MP","Providing Stainless Steel Cans (6 No's) to Hallikheda B Milk Producers Cooperative Society","02-Feb-2024","16-Oct-2024","21600","Physical Inspection"
"1024","Normal/Others","WS/MP838/2024-2025/94840-Setting up of farmers’ training and assistance centers","Karnataka","BIDAR(DEPUTY COMMISSIONER BIDAR_IDA)","Dr. Dharmasthala Veerendra Heggade (2022-28) (2022-2028)","Nominated MP","Providing Stainless Steel Cans (6 No's) to Kandagola Milk Producers Cooperative Society","02-Feb-2024","16-Oct-2024","21600","Physical Inspection"
"1025","Normal/Others","WS/MP838/2024-2025/94841-Setting up of farmers’ training and assistance centers","Karnataka","BIDAR(DEPUTY COMMISSIONER BIDAR_IDA)","Dr. Dharmasthala Veerendra Heggade (2022-28) (2022-2028)","Nominated MP","Providing Stainless Steel Cans (6 No's) to Shamathabada Milk Producers Cooperative Society","02-Feb-2024","16-Oct-2024","21600","Physical Inspection"
"1026","Normal/Others","WS/MP838/2024-2025/94865-Setting up of farmers’ training and assistance centers","Karnataka","BIDAR(DEPUTY COMMISSIONER BIDAR_IDA)","Dr. Dharmasthala Veerendra Heggade (2022-28) (2022-2028)","Nominated MP","Providing Stainless Steel Cans (6 No's) to Belakera Milk Producers Cooperative Society","02-Feb-2024","16-Oct-2024","21600","Physical Inspection"
"1027","Normal/Others","WS/MP838/2024-2025/94866-Setting up of farmers’ training and assistance centers","Karnataka","BIDAR(DEPUTY COMMISSIONER BIDAR_IDA)","Dr. Dharmasthala Veerendra Heggade (2022-28) (2022-2028)","Nominated MP","Providing Stainless Steel Cans (6 No's) to Sirakattanalli Milk Producers Cooperative Society","02-Feb-2024","16-Oct-2024","21600","Physical Inspection"
"1028","Normal/Others","WS/MP838/2024-2025/94867-Setting up of farmers’ training and assistance centers","Karnataka","BIDAR(DEPUTY COMMISSIONER BIDAR_IDA)","Dr. Dharmasthala Veerendra Heggade (2022-28) (2022-2028)","Nominated MP","Providing Stainless Steel Cans (6 No's) to Benachincholi Milk Producers Cooperative Society","02-Feb-2024","16-Oct-2024","21600","Physical Inspection"
"1029","Normal/Others","WS/MP838/2024-2025/94869-Setting up of farmers’ training and assistance centers","Karnataka","BIDAR(DEPUTY COMMISSIONER BIDAR_IDA)","Dr. Dharmasthala Veerendra Heggade (2022-28) (2022-2028)","Nominated MP","Providing Stainless Steel Cans (6 No's) to Nandagaon Milk Producers Cooperative Society","02-Feb-2024","16-Oct-2024","21600","Physical Inspection"
"1030","Normal/Others","WS/MP838/2024-2025/94870-Setting up of farmers’ training and assistance centers","Karnataka","BIDAR(DEPUTY COMMISSIONER BIDAR_IDA)","Dr. Dharmasthala Veerendra Heggade (2022-28) (2022-2028)","Nominated MP","Providing Stainless Steel Cans (6 No's) to Mustari Wadi Milk Producers Cooperative Society","02-Feb-2024","16-Oct-2024","21600","Physical Inspection"
"1031","Normal/Others","WS/MP838/2024-2025/94900-Setting up of farmers’ training and assistance centers","Karnataka","BIDAR(DEPUTY COMMISSIONER BIDAR_IDA)","Dr. Dharmasthala Veerendra Heggade (2022-28) (2022-2028)","Nominated MP","Providing Stainless Steel Cans (10 No's) to Mustari Milk Producers Cooperative Society","02-Feb-2024","16-Oct-2024","36000","Physical Inspection"
"1032","Normal/Others","WS/MP838/2024-2025/94902-Setting up of farmers’ training and assistance centers","Karnataka","BIDAR(DEPUTY COMMISSIONER BIDAR_IDA)","Dr. Dharmasthala Veerendra Heggade (2022-28) (2022-2028)","Nominated MP","Providing Stainless Steel Cans (10 No's) to Sindakera Milk Producers Cooperative Society","02-Feb-2024","16-Oct-2024","36000","Physical Inspection"
"1033","Normal/Others","WS/MP838/2024-2025/94904-Setting up of farmers’ training and assistance centers","Karnataka","BIDAR(DEPUTY COMMISSIONER BIDAR_IDA)","Dr. Dharmasthala Veerendra Heggade (2022-28) (2022-2028)","Nominated MP","Providing Stainless Steel Cans (6 No's) to Hudagi Milk Producers Cooperative Society","02-Feb-2024","16-Oct-2024","21600","Physical Inspection"
"1034","Normal/Others","WS/MP838/2024-2025/94905-Setting up of farmers’ training and assistance centers","Karnataka","BIDAR(DEPUTY COMMISSIONER BIDAR_IDA)","Dr. Dharmasthala Veerendra Heggade (2022-28) (2022-2028)","Nominated MP","Providing Stainless Steel Cans (10 No's) to Fathimapura Milk Producers Cooperative Society","02-Feb-2024","16-Oct-2024","36000","Physical Inspection"
"1035","Normal/Others","WS/MP838/2024-2025/94907-Setting up of farmers’ training and assistance centers","Karnataka","BIDAR(DEPUTY COMMISSIONER BIDAR_IDA)","Dr. Dharmasthala Veerendra Heggade (2022-28) (2022-2028)","Nominated MP","Providing Stainless Steel Cans (10 No's) to Kodambala Milk Producers Cooperative Society","02-Feb-2024","16-Oct-2024","36000","Physical Inspection"
"1036","Normal/Others","WS/MP838/2024-2025/94908-Setting up of farmers’ training and assistance centers","Karnataka","BIDAR(DEPUTY COMMISSIONER BIDAR_IDA)","Dr. Dharmasthala Veerendra Heggade (2022-28) (2022-2028)","Nominated MP","Providing Stainless Steel Cans (6 No's) to Rampura Milk Producers Cooperative Society","02-Feb-2024","16-Oct-2024","21600","Physical Inspection"
"1037","Normal/Others","WS/MP838/2024-2025/94909-Setting up of farmers’ training and assistance centers","Karnataka","BIDAR(DEPUTY COMMISSIONER BIDAR_IDA)","Dr. Dharmasthala Veerendra Heggade (2022-28) (2022-2028)","Nominated MP","Providing Stainless Steel Cans (6 No's) to Mudanala  Milk Producers Cooperative Society","02-Feb-2024","16-Oct-2024","21600","Physical Inspection"
"1038","Normal/Others","WS/MP838/2024-2025/94910-Setting up of farmers’ training and assistance centers","Karnataka","BIDAR(DEPUTY COMMISSIONER BIDAR_IDA)","Dr. Dharmasthala Veerendra Heggade (2022-28) (2022-2028)","Nominated MP","Providing Stainless Steel Cans (10 No's) to Itaga Milk Producers Cooperative Society","02-Feb-2024","16-Oct-2024","36000","Physical Inspection"
"1039","Normal/Others","WS/MP838/2024-2025/94911-Setting up of farmers’ training and assistance centers","Karnataka","BIDAR(DEPUTY COMMISSIONER BIDAR_IDA)","Dr. Dharmasthala Veerendra Heggade (2022-28) (2022-2028)","Nominated MP","Providing Stainless Steel Cans (10 No's) to Valakhindi Milk Producers Cooperative Society","02-Feb-2024","16-Oct-2024","36000","Physical Inspection"
"1040","Normal/Others","WS/MP838/2024-2025/94913-Setting up of farmers’ training and assistance centers","Karnataka","BIDAR(DEPUTY COMMISSIONER BIDAR_IDA)","Dr. Dharmasthala Veerendra Heggade (2022-28) (2022-2028)","Nominated MP","Providing Stainless Steel Cans (6 No's) to Chinakera Milk Producers Cooperative Society","02-Feb-2024","16-Oct-2024","21600","Physical Inspection"
"1041","Normal/Others","WS/MP838/2024-2025/94917-Setting up of farmers’ training and assistance centers","Karnataka","BIDAR(DEPUTY COMMISSIONER BIDAR_IDA)","Dr. Dharmasthala Veerendra Heggade (2022-28) (2022-2028)","Nominated MP","Providing Stainless Steel Cans (6 No's) to Chitta K Milk Producers Cooperative Society","02-Feb-2024","16-Oct-2024","21600","Physical Inspection"
"1042","Normal/Others","WS/MP838/2024-2025/94919-Setting up of farmers’ training and assistance centers","Karnataka","BIDAR(DEPUTY COMMISSIONER BIDAR_IDA)","Dr. Dharmasthala Veerendra Heggade (2022-28) (2022-2028)","Nominated MP","Providing Stainless Steel Cans (6 No's) to Uccha Milk Producers Cooperative Society","02-Feb-2024","16-Oct-2024","21600","Physical Inspection"
"1043","Normal/Others","WS/MP838/2024-2025/94921-Setting up of farmers’ training and assistance centers","Karnataka","BIDAR(DEPUTY COMMISSIONER BIDAR_IDA)","Dr. Dharmasthala Veerendra Heggade (2022-28) (2022-2028)","Nominated MP","Providing Stainless Steel Cans (10 No's) to Sedola Milk Producers Cooperative Society","02-Feb-2024","16-Oct-2024","36000","Physical Inspection"
"1044","Normal/Others","WS/MP838/2024-2025/94923-Setting up of farmers’ training and assistance centers","Karnataka","BIDAR(DEPUTY COMMISSIONER BIDAR_IDA)","Dr. Dharmasthala Veerendra Heggade (2022-28) (2022-2028)","Nominated MP","Providing Stainless Steel Cans (6 No's) to Varavatti K Milk Producers Cooperative Society","02-Feb-2024","16-Oct-2024","21600","Physical Inspection"
"1045","Normal/Others","WS/MP838/2024-2025/94924-Setting up of farmers’ training and assistance centers","Karnataka","BIDAR(DEPUTY COMMISSIONER BIDAR_IDA)","Dr. Dharmasthala Veerendra Heggade (2022-28) (2022-2028)","Nominated MP","Providing Stainless Steel Cans (6 No's) to Muganoora Milk Producers Cooperative Society","02-Feb-2024","16-Oct-2024","21600","Physical Inspection"
"1046","Normal/Others","WS/MP838/2024-2025/94926-Setting up of farmers’ training and assistance centers","Karnataka","BIDAR(DEPUTY COMMISSIONER BIDAR_IDA)","Dr. Dharmasthala Veerendra Heggade (2022-28) (2022-2028)","Nominated MP","Providing Stainless Steel Cans (6 No's) to Bajolaga Milk Producers Cooperative Society","02-Feb-2024","16-Oct-2024","21600","Physical Inspection"
"1047","Normal/Others","WS/MP838/2024-2025/94928-Setting up of farmers’ training and assistance centers","Karnataka","BIDAR(DEPUTY COMMISSIONER BIDAR_IDA)","Dr. Dharmasthala Veerendra Heggade (2022-28) (2022-2028)","Nominated MP","Providing Stainless Steel Cans (6 No's) to Navadagi Milk Producers Cooperative Society","02-Feb-2024","16-Oct-2024","21600","Physical Inspection"
"1048","Normal/Others","WS/MP838/2024-2025/94930-Setting up of farmers’ training and assistance centers","Karnataka","BIDAR(DEPUTY COMMISSIONER BIDAR_IDA)","Dr. Dharmasthala Veerendra Heggade (2022-28) (2022-2028)","Nominated MP","Providing Stainless Steel Cans (6 No's) to Bannalli Milk Producers Cooperative Society","02-Feb-2024","16-Oct-2024","21600","Physical Inspection"
"1049","Normal/Others","WS/MP838/2024-2025/94932-Setting up of farmers’ training and assistance centers","Karnataka","BIDAR(DEPUTY COMMISSIONER BIDAR_IDA)","Dr. Dharmasthala Veerendra Heggade (2022-28) (2022-2028)","Nominated MP","Providing Stainless Steel Cans (6 No's) to Bashirapura Milk Producers Cooperative Society","02-Feb-2024","16-Oct-2024","21600","Physical Inspection"
"1050","Normal/Others","WS/MP838/2024-2025/94933-Setting up of farmers’ training and assistance centers","Karnataka","BIDAR(DEPUTY COMMISSIONER BIDAR_IDA)","Dr. Dharmasthala Veerendra Heggade (2022-28) (2022-2028)","Nominated MP","Providing Stainless Steel Cans (6 No's) to Vittalapura Milk Producers Cooperative Society","02-Feb-2024","16-Oct-2024","21600","Physical Inspection"
"1051","Normal/Others","WS/MP838/2024-2025/94934-Setting up of farmers’ training and assistance centers","Karnataka","BIDAR(DEPUTY COMMISSIONER BIDAR_IDA)","Dr. Dharmasthala Veerendra Heggade (2022-28) (2022-2028)","Nominated MP","Providing Stainless Steel Cans (10 No's) to Bemalakheda Milk Producers Cooperative Society","02-Feb-2024","16-Oct-2024","36000","Physical Inspection"
"1052","Normal/Others","WS/MP838/2024-2025/94935-Setting up of farmers’ training and assistance centers","Karnataka","BIDAR(DEPUTY COMMISSIONER BIDAR_IDA)","Dr. Dharmasthala Veerendra Heggade (2022-28) (2022-2028)","Nominated MP","Providing Stainless Steel Cans (10 No's) to Udamanalli Milk Producers Cooperative Society","02-Feb-2024","16-Oct-2024","36000","Physical Inspection"
"1053","Normal/Others","WS/MP838/2024-2025/94936-Setting up of farmers’ training and assistance centers","Karnataka","BIDAR(DEPUTY COMMISSIONER BIDAR_IDA)","Dr. Dharmasthala Veerendra Heggade (2022-28) (2022-2028)","Nominated MP","Providing Stainless Steel Cans (6 No's) to Karakana Halli Milk Producers Cooperative Society","02-Feb-2024","16-Oct-2024","21600","Physical Inspection"
"1054","Normal/Others","WS/MP838/2024-2025/94938-Setting up of farmers’ training and assistance centers","Karnataka","BIDAR(DEPUTY COMMISSIONER BIDAR_IDA)","Dr. Dharmasthala Veerendra Heggade (2022-28) (2022-2028)","Nominated MP","Providing Stainless Steel Cans (10 No's) to Karapakapalli Milk Producers Cooperative Society","02-Feb-2024","16-Oct-2024","36000","Physical Inspection"
"1055","Normal/Others","WS/MP838/2024-2025/94939-Setting up of farmers’ training and assistance centers","Karnataka","BIDAR(DEPUTY COMMISSIONER BIDAR_IDA)","Dr. Dharmasthala Veerendra Heggade (2022-28) (2022-2028)","Nominated MP","Providing Stainless Steel Cans (10 No's) to Polakapalli Milk Producers Cooperative Society","02-Feb-2024","16-Oct-2024","36000","Physical Inspection"
"Grand Total"," "," "," "," "," "," "," "," "," "," ","93,14,58,153"