"Sr. No.","State","Work","Work ID","IDA","Hon'ble Members of Parliament","Elected/Nominated","Expenditure Date","Vendor Name","Payment Status","Fund Disbursed Amount ( ₹ )"
"1","Chhattisgarh","Construction of public libraries and reading rooms","WS/MP176/2024-2025/149419","Uttar Bastar Kanker(DISTRICT COLLECTOR KANKER_IDA)","Shri Rajeev Shukla (2022-28) (2022-2028)","Elected MP","20-Dec-2024","Samriddhi Enterprises","Payment Success","7500000"
"2","Chhattisgarh","Construction of public libraries and reading rooms","WS/MP176/2024-2025/149419","Uttar Bastar Kanker(DISTRICT COLLECTOR KANKER_IDA)","Shri Rajeev Shukla (2022-28) (2022-2028)","Elected MP","28-Feb-2025","Samriddhi Enterprises","Payment Success","5000000"
"3","Chhattisgarh","Construction of public libraries and reading rooms","WS/MP176/2024-2025/149419","Uttar Bastar Kanker(DISTRICT COLLECTOR KANKER_IDA)","Shri Rajeev Shukla (2022-28) (2022-2028)","Elected MP","28-Feb-2025","Samriddhi Enterprises","Payment Success","5000000"
"4","Chhattisgarh","Construction of public libraries and reading rooms","WS/MP176/2024-2025/149419","Uttar Bastar Kanker(DISTRICT COLLECTOR KANKER_IDA)","Shri Rajeev Shukla (2022-28) (2022-2028)","Elected MP","28-Mar-2025","Samriddhi Enterprises","Payment Success","12500000"
"5","Chhattisgarh","Construction of boundary walls of existing public and community buildings","WS/MP176/2025-2026/243139","DURG(DISTRICT COLLECTOR DURG_IDA)","Shri Rajeev Shukla (2022-28) (2022-2028)","Elected MP","24-Dec-2025","SARPANCH GRAM PANCHYAT JAMRAW","Payment Success","250000"
"6","Chhattisgarh","Construction of boundary walls of existing public and community buildings","WS/MP176/2025-2026/243139","DURG(DISTRICT COLLECTOR DURG_IDA)","Shri Rajeev Shukla (2022-28) (2022-2028)","Elected MP","11-Jun-2026","SARPANCH GRAM PANCHYAT JAMRAW","Payment Success","250000"
"7","Chhattisgarh","Construction of boundary walls of existing public and community buildings","WS/MP176/2025-2026/243140","DURG(DISTRICT COLLECTOR DURG_IDA)","Shri Rajeev Shukla (2022-28) (2022-2028)","Elected MP","05-Jan-2026","SARPANCH GRAM PANCHYAT PAHANDA A","Payment Success","500000"
"8","Chhattisgarh","Construction of community centers and community halls","WS/MP176/2025-2026/243141","DURG(DISTRICT COLLECTOR DURG_IDA)","Shri Rajeev Shukla (2022-28) (2022-2028)","Elected MP","12-Jan-2026","SARPANCH GRAM PANCHAYAT MOTIPUR","Payment Success","350000"
"9","Chhattisgarh","Construction of community centers and community halls","WS/MP176/2025-2026/243264","DURG(DISTRICT COLLECTOR DURG_IDA)","Shri Rajeev Shukla (2022-28) (2022-2028)","Elected MP","24-Dec-2025","SARPANCH GRAM PANCHAYAT KHARRA","Payment Success","350000"
"10","Chhattisgarh","Construction of roads, link roads, pathways or any other road with or without drainage system","WS/MP176/2025-2026/243267","DURG(DISTRICT COLLECTOR DURG_IDA)","Shri Rajeev Shukla (2022-28) (2022-2028)","Elected MP","27-Jan-2026","SARPANCH GRAM PANCHYAT BATREL","Payment Success","260000"
"11","Chhattisgarh","Construction of roads, link roads, pathways or any other road with or without drainage system","WS/MP176/2025-2026/243267","DURG(DISTRICT COLLECTOR DURG_IDA)","Shri Rajeev Shukla (2022-28) (2022-2028)","Elected MP","29-Apr-2026","SARPANCH GRAM PANCHYAT BATREL","Payment Success","260000"
"12","Chhattisgarh","Construction of roads, link roads, pathways or any other road with or without drainage system","WS/MP176/2025-2026/243268","DURG(DISTRICT COLLECTOR DURG_IDA)","Shri Rajeev Shukla (2022-28) (2022-2028)","Elected MP","24-Dec-2025","SARPANCH GRAM PANCHYAT BATREL","Payment Success","260000"
"13","Chhattisgarh","Construction of roads, link roads, pathways or any other road with or without drainage system","WS/MP176/2025-2026/243268","DURG(DISTRICT COLLECTOR DURG_IDA)","Shri Rajeev Shukla (2022-28) (2022-2028)","Elected MP","29-Apr-2026","SARPANCH GRAM PANCHYAT BATREL","Payment Success","260000"
"14","Chhattisgarh","Construction of roads, link roads, pathways or any other road with or without drainage system","WS/MP176/2025-2026/243272","DURG(DISTRICT COLLECTOR DURG_IDA)","Shri Rajeev Shukla (2022-28) (2022-2028)","Elected MP","24-Dec-2025","SARPANCH GRAM PANCHAYAT NIPANI","Payment Success","260000"
"15","Chhattisgarh","Construction of roads, link roads, pathways or any other road with or without drainage system","WS/MP176/2025-2026/243273","DURG(DISTRICT COLLECTOR DURG_IDA)","Shri Rajeev Shukla (2022-28) (2022-2028)","Elected MP","24-Dec-2025","SARPANCH GRAM PANCHAYAT NIPANI","Payment Success","260000"
"16","Chhattisgarh","Improvement of electricity distribution infrastructure","WS/MP176/2025-2026/243278","DURG(DISTRICT COLLECTOR DURG_IDA)","Shri Rajeev Shukla (2022-28) (2022-2028)","Elected MP","21-Jan-2026","SARPANCH GRAM PANCHAYAT DHOURABHATHA","Payment Success","300000"
"17","Chhattisgarh","Construction of community centers and community halls","WS/MP176/2025-2026/243279","DURG(DISTRICT COLLECTOR DURG_IDA)","Shri Rajeev Shukla (2022-28) (2022-2028)","Elected MP","24-Dec-2025","SARPANCH GRAM PANCHAYAT CHULGAHAN","Payment Success","350000"
"18","Chhattisgarh","Construction of common work sheds/ common covered sitting area","WS/MP176/2025-2026/243280","DURG(DISTRICT COLLECTOR DURG_IDA)","Shri Rajeev Shukla (2022-28) (2022-2028)","Elected MP","05-Jan-2026","SARPANCH GRAM PANCHYATA KARSA","Payment Success","250000"
"19","Chhattisgarh","Construction of roads, link roads, pathways or any other road with or without drainage system","WS/MP176/2025-2026/243281","DURG(DISTRICT COLLECTOR DURG_IDA)","Shri Rajeev Shukla (2022-28) (2022-2028)","Elected MP","16-Jan-2026","SARPANCH GRAM PANCHAYAT RAKHI","Payment Success","260000"
"20","Chhattisgarh","Construction of roads, link roads, pathways or any other road with or without drainage system","WS/MP176/2025-2026/243281","DURG(DISTRICT COLLECTOR DURG_IDA)","Shri Rajeev Shukla (2022-28) (2022-2028)","Elected MP","12-Mar-2026","SARPANCH GRAM PANCHAYAT RAKHI","Payment Success","260000"
"21","Chhattisgarh","Construction of roads, link roads, pathways or any other road with or without drainage system","WS/MP176/2025-2026/243283","DURG(DISTRICT COLLECTOR DURG_IDA)","Shri Rajeev Shukla (2022-28) (2022-2028)","Elected MP","24-Dec-2025","SARPANCH GRAM PANCHYAT  ASOGA","Payment Success","260000"
"22","Chhattisgarh","Construction of roads, link roads, pathways or any other road with or without drainage system","WS/MP176/2025-2026/243283","DURG(DISTRICT COLLECTOR DURG_IDA)","Shri Rajeev Shukla (2022-28) (2022-2028)","Elected MP","27-Jul-2026","SARPANCH GRAM PANCHYAT  ASOGA","Payment Success","259974"
"23","Chhattisgarh","Construction of roads, link roads, pathways or any other road with or without drainage system","WS/MP176/2025-2026/243284","DURG(DISTRICT COLLECTOR DURG_IDA)","Shri Rajeev Shukla (2022-28) (2022-2028)","Elected MP","24-Dec-2025","SARPANCH GRAM PANCHAYAT KASAHI","Payment Success","290000"
"24","Chhattisgarh","Construction of roads, link roads, pathways or any other road with or without drainage system","WS/MP176/2025-2026/243284","DURG(DISTRICT COLLECTOR DURG_IDA)","Shri Rajeev Shukla (2022-28) (2022-2028)","Elected MP","02-Mar-2026","SARPANCH GRAM PANCHAYAT KASAHI","Payment Success","289980"
"25","Chhattisgarh","Construction of roads, link roads, pathways or any other road with or without drainage system","WS/MP176/2025-2026/243285","DURG(DISTRICT COLLECTOR DURG_IDA)","Shri Rajeev Shukla (2022-28) (2022-2028)","Elected MP","24-Dec-2025","SARPANCH GRAM PANCHYAT TARRA","Payment Success","260000"
"26","Chhattisgarh","Construction of roads, link roads, pathways or any other road with or without drainage system","WS/MP176/2025-2026/243285","DURG(DISTRICT COLLECTOR DURG_IDA)","Shri Rajeev Shukla (2022-28) (2022-2028)","Elected MP","03-Mar-2026","SARPANCH GRAM PANCHYAT TARRA","Payment Success","260000"
"27","Chhattisgarh","Construction of roads, link roads, pathways or any other road with or without drainage system","WS/MP176/2025-2026/243286","DURG(DISTRICT COLLECTOR DURG_IDA)","Shri Rajeev Shukla (2022-28) (2022-2028)","Elected MP","24-Dec-2025","SARPANCH GRAM PANCHYAT SELUD","Payment Success","500000"
"28","Chhattisgarh","Construction of roads, link roads, pathways or any other road with or without drainage system","WS/MP176/2025-2026/243286","DURG(DISTRICT COLLECTOR DURG_IDA)","Shri Rajeev Shukla (2022-28) (2022-2028)","Elected MP","19-Mar-2026","SARPANCH GRAM PANCHYAT SELUD","Payment Success","500000"
"29","Chhattisgarh","Construction of roads, link roads, pathways or any other road with or without drainage system","WS/MP176/2025-2026/243305","DURG(DISTRICT COLLECTOR DURG_IDA)","Shri Rajeev Shukla (2022-28) (2022-2028)","Elected MP","19-Jan-2026","SARPANCH GRAM PANCHYAT Manikchauri","Payment Success","260000"
"30","Chhattisgarh","Construction of roads, link roads, pathways or any other road with or without drainage system","WS/MP176/2025-2026/243305","DURG(DISTRICT COLLECTOR DURG_IDA)","Shri Rajeev Shukla (2022-28) (2022-2028)","Elected MP","14-Aug-2026","SARPANCH GRAM PANCHYAT Manikchauri","Payment In-Progress","259974"
"31","Chhattisgarh","Construction of roads, link roads, pathways or any other road with or without drainage system","WS/MP176/2025-2026/243306","DURG(DISTRICT COLLECTOR DURG_IDA)","Shri Rajeev Shukla (2022-28) (2022-2028)","Elected MP","05-Jan-2026","SARPANCH GRAM PANCHYAT Dhaur","Payment Success","260000"
"32","Chhattisgarh","Construction of roads, link roads, pathways or any other road with or without drainage system","WS/MP176/2025-2026/243306","DURG(DISTRICT COLLECTOR DURG_IDA)","Shri Rajeev Shukla (2022-28) (2022-2028)","Elected MP","19-Mar-2026","SARPANCH GRAM PANCHYAT Dhaur","Payment Success","260000"
"33","Chhattisgarh","Construction of roads, link roads, pathways or any other road with or without drainage system","WS/MP176/2025-2026/243771","DURG(DISTRICT COLLECTOR DURG_IDA)","Shri Rajeev Shukla (2022-28) (2022-2028)","Elected MP","12-Jan-2026","SARPANCH GRAM PANCHAYAT CHUNKATTA","Payment Success","260000"
"34","Chhattisgarh","Construction of culverts and bridges","WS/MP176/2025-2026/264721","SURGUJA(Collector Surguja_IDA)","Shri Rajeev Shukla (2022-28) (2022-2028)","Elected MP","11-Mar-2026","Gram panchayat Puta","Payment Success","1750000"
"35","Chhattisgarh","Lighting of public spaces","WS/MP176/2026-2027/278427","RAIPUR(DISTRICT COLLECTOR RAIPUR_IDA)","Shri Rajeev Shukla (2022-28) (2022-2028)","Elected MP","25-Aug-2026","GRAM PANCHAYAT NILJA","Payment In-Progress","250000"
"36","Chhattisgarh","Construction of culverts and bridges","WS/MP224/2026-2027/284685","JASHPUR(DISTRICT COLLECTOR JASHPUR_IDA)","Smt. Phulo Devi Netam (2026-32) (2026-2032)","Elected MP","07-Jul-2026","Rameshwar Gupta","Payment Success","999924"
"37","Chhattisgarh","Construction of culverts and bridges","WS/MP224/2026-2027/284685","JASHPUR(DISTRICT COLLECTOR JASHPUR_IDA)","Smt. Phulo Devi Netam (2026-32) (2026-2032)","Elected MP","27-Aug-2026","Rameshwar Gupta","Payment In-Progress","999938"
"38","Chhattisgarh","Development of playfields and sports grounds","WS/MP224/2026-2027/284686","JASHPUR(DISTRICT COLLECTOR JASHPUR_IDA)","Smt. Phulo Devi Netam (2026-32) (2026-2032)","Elected MP","07-Jul-2026","Rameshwar Gupta","Payment Success","1000113"
"39","Chhattisgarh","Development of playfields and sports grounds","WS/MP224/2026-2027/284686","JASHPUR(DISTRICT COLLECTOR JASHPUR_IDA)","Smt. Phulo Devi Netam (2026-32) (2026-2032)","Elected MP","04-Aug-2026","Rameshwar Gupta","Payment Success","999545"
"40","Chhattisgarh","Development of playfields and sports grounds","WS/MP224/2026-2027/284687","JASHPUR(DISTRICT COLLECTOR JASHPUR_IDA)","Smt. Phulo Devi Netam (2026-32) (2026-2032)","Elected MP","07-Jul-2026","Rameshwar Gupta","Payment Success","999637"
"41","Chhattisgarh","Construction of common work sheds/ common covered sitting area","WS/MP224/2026-2027/284714","BALOD(Collector Balod_IDA)","Smt. Phulo Devi Netam (2026-32) (2026-2032)","Elected MP","25-Aug-2026","GP KANERI","Payment Success","750000"
"42","Chhattisgarh","Construction of common work sheds/ common covered sitting area","WS/MP224/2026-2027/284716","MUNGELI(Collector Mungeli_IDA)","Smt. Phulo Devi Netam (2026-32) (2026-2032)","Elected MP","29-Jul-2026","GRAM PANCHYAT KODUKAPA SGVY","Payment Success","400000"
"43","Chhattisgarh","Construction of common work sheds/ common covered sitting area","WS/MP224/2026-2027/284717","MUNGELI(Collector Mungeli_IDA)","Smt. Phulo Devi Netam (2026-32) (2026-2032)","Elected MP","24-Jul-2026","GRAM PANCHYAT BALAUDI SGVY","Payment Success","400000"
"44","Chhattisgarh","Construction of common work sheds/ common covered sitting area","WS/MP224/2026-2027/284717","MUNGELI(Collector Mungeli_IDA)","Smt. Phulo Devi Netam (2026-32) (2026-2032)","Elected MP","24-Jul-2026","GRAM PANCHYAT BALAUDI SGVY","Payment In-Progress","400000"
"45","Chhattisgarh","Construction of common work sheds/ common covered sitting area","WS/MP224/2026-2027/284718","MUNGELI(Collector Mungeli_IDA)","Smt. Phulo Devi Netam (2026-32) (2026-2032)","Elected MP","31-Jul-2026","GRAM PANCHYAT NEWASPUR SGVY","Payment Success","400000"
"46","Chhattisgarh","Construction of culverts and bridges","WS/MP224/2026-2027/284721","Sarangarh-Bilaigarh(Collector SB_IDA)","Smt. Phulo Devi Netam (2026-32) (2026-2032)","Elected MP","18-Jul-2026","g p uLKHAR","Payment Success","500000"
"47","Chhattisgarh","Construction of buildings for community cultural activities","WS/MP224/2026-2027/284723","DURG(DISTRICT COLLECTOR DURG_IDA)","Smt. Phulo Devi Netam (2026-32) (2026-2032)","Elected MP","19-Aug-2026","SARPANCH SACHIV GRAM PANCHAYAT KUTHREL","Payment Success","500000"
"48","Chhattisgarh","Construction of culverts and bridges","WS/MP224/2026-2027/284727","GARIYABAND(Collectro Gariaband_IDA)","Smt. Phulo Devi Netam (2026-32) (2026-2032)","Elected MP","13-Jul-2026","SRYGR DARLIPARA","Payment Success","400000"
"49","Chhattisgarh","Construction of culverts and bridges","WS/MP224/2026-2027/284727","GARIYABAND(Collectro Gariaband_IDA)","Smt. Phulo Devi Netam (2026-32) (2026-2032)","Elected MP","14-Jul-2026","SRYGR DARLIPARA","Payment In-Progress","400000"
"50","Chhattisgarh","Construction of culverts and bridges","WS/MP224/2026-2027/284727","GARIYABAND(Collectro Gariaband_IDA)","Smt. Phulo Devi Netam (2026-32) (2026-2032)","Elected MP","27-Aug-2026","SRYGR DARLIPARA","Payment In-Progress","199000"
"51","Chhattisgarh","Construction of common work sheds/ common covered sitting area","WS/MP224/2026-2027/284728","DHAMTARI(DISTRICT COLLECTOR DHAMTARI_IDA)","Smt. Phulo Devi Netam (2026-32) (2026-2032)","Elected MP","07-Jul-2026","GRAM PANCHAYAT NAWAGAON SA","Payment Success","500000"
"52","Chhattisgarh","Construction of common work sheds/ common covered sitting area","WS/MP224/2026-2027/288065","KONDAGAON(DISTRICT COLLECTOR KONDAGAON_IDA)","Smt. Phulo Devi Netam (2026-32) (2026-2032)","Elected MP","29-Jul-2026","SARPANCH GRAM PANCHAT CHHINDLI","Payment Success","750000"
"53","Chhattisgarh","Construction of common work sheds/ common covered sitting area","WS/MP224/2026-2027/288066","KONDAGAON(DISTRICT COLLECTOR KONDAGAON_IDA)","Smt. Phulo Devi Netam (2026-32) (2026-2032)","Elected MP","29-Jul-2026","SARPANCH GRAM PANCHAT CHHINDLI","Payment Success","750000"
"54","Chhattisgarh","Construction of roads, link roads, pathways or any other road with or without drainage system","WS/MP225/2023-2024/75724","JANJGIR-CHAMPA(DISTRICT COLLECTOR JANJGIR CHAMPA_IDA)","Smt. Ranjeet Ranjan (2022-28) (2022-2028)","Elected MP","19-Jan-2024","SARPANCH GRAM PANCHAYAT MUDPAR  B","Payment Success","500000"
"55","Chhattisgarh","Construction of roads, link roads, pathways or any other road with or without drainage system","WS/MP225/2023-2024/75724","JANJGIR-CHAMPA(DISTRICT COLLECTOR JANJGIR CHAMPA_IDA)","Smt. Ranjeet Ranjan (2022-28) (2022-2028)","Elected MP","19-Jul-2024","SARPANCH GRAM PANCHAYAT MUDPAR  B","Payment Success","300000"
"56","Chhattisgarh","Construction of roads, link roads, pathways or any other road with or without drainage system","WS/MP225/2023-2024/75724","JANJGIR-CHAMPA(DISTRICT COLLECTOR JANJGIR CHAMPA_IDA)","Smt. Ranjeet Ranjan (2022-28) (2022-2028)","Elected MP","01-May-2025","SARPANCH GRAM PANCHAYAT MUDPAR  B","Payment Success","200000"
"57","Chhattisgarh","Construction of roads, link roads, pathways or any other road with or without drainage system","WS/MP225/2023-2024/75727","JANJGIR-CHAMPA(DISTRICT COLLECTOR JANJGIR CHAMPA_IDA)","Smt. Ranjeet Ranjan (2022-28) (2022-2028)","Elected MP","19-Jan-2024","SARPANCH GRAM PANCHAYAT MUDPAR  B","Payment Success","500000"
"58","Chhattisgarh","Construction of roads, link roads, pathways or any other road with or without drainage system","WS/MP225/2023-2024/75727","JANJGIR-CHAMPA(DISTRICT COLLECTOR JANJGIR CHAMPA_IDA)","Smt. Ranjeet Ranjan (2022-28) (2022-2028)","Elected MP","19-Jul-2024","SARPANCH GRAM PANCHAYAT MUDPAR  B","Payment Success","300000"
"59","Chhattisgarh","Construction of roads, link roads, pathways or any other road with or without drainage system","WS/MP225/2023-2024/75727","JANJGIR-CHAMPA(DISTRICT COLLECTOR JANJGIR CHAMPA_IDA)","Smt. Ranjeet Ranjan (2022-28) (2022-2028)","Elected MP","01-May-2025","SARPANCH GRAM PANCHAYAT MUDPAR  B","Payment Success","200000"
"60","Chhattisgarh","Construction of flood control embankments/ protection walls along riverbanks, hilltops, roadsides","WS/MP225/2024-2025/140112","SAKTI(COLLECTOR SAKTI_IDA)","Smt. Ranjeet Ranjan (2022-28) (2022-2028)","Elected MP","05-Nov-2024","sarpanch gram panchayat boirdih","Payment Success","400000"
"61","Chhattisgarh","Construction of flood control embankments/ protection walls along riverbanks, hilltops, roadsides","WS/MP225/2024-2025/140112","SAKTI(COLLECTOR SAKTI_IDA)","Smt. Ranjeet Ranjan (2022-28) (2022-2028)","Elected MP","16-Jan-2025","sarpanch gram panchayat boirdih","Payment Success","600000"
"62","Chhattisgarh","Construction of public toilets and bathrooms","WS/MP225/2024-2025/140115","SAKTI(COLLECTOR SAKTI_IDA)","Smt. Ranjeet Ranjan (2022-28) (2022-2028)","Elected MP","04-Oct-2024","SARPANCH SACHIV GP KIRARI","Payment Success","500000"
"63","Chhattisgarh","Construction of public toilets and bathrooms","WS/MP225/2024-2025/140115","SAKTI(COLLECTOR SAKTI_IDA)","Smt. Ranjeet Ranjan (2022-28) (2022-2028)","Elected MP","18-Jun-2025","SARPANCH SACHIV GP KIRARI","Payment Success","499797"
"64","Chhattisgarh","Construction of community centers and community halls","WS/MP225/2024-2025/140116","DURG(DISTRICT COLLECTOR DURG_IDA)","Smt. Ranjeet Ranjan (2022-28) (2022-2028)","Elected MP","27-Dec-2024","SARPANCH GRAM PANCHAYAT JHEET","Payment Success","1200000"
"65","Chhattisgarh","Construction of community centers and community halls","WS/MP225/2024-2025/140116","DURG(DISTRICT COLLECTOR DURG_IDA)","Smt. Ranjeet Ranjan (2022-28) (2022-2028)","Elected MP","04-Sep-2025","SARPANCH GRAM PANCHAYAT JHEET","Payment Success","975000"
"66","Chhattisgarh","Construction of community centers and community halls","WS/MP225/2024-2025/140116","DURG(DISTRICT COLLECTOR DURG_IDA)","Smt. Ranjeet Ranjan (2022-28) (2022-2028)","Elected MP","19-Mar-2026","SARPANCH GRAM PANCHAYAT JHEET","Payment Success","825000"
"67","Chhattisgarh","Construction of community centers and community halls","WS/MP225/2024-2025/140119","SAKTI(COLLECTOR SAKTI_IDA)","Smt. Ranjeet Ranjan (2022-28) (2022-2028)","Elected MP","07-Oct-2024","GRAM PANCHAYAT SARWANI BA","Payment Success","920000"
"68","Chhattisgarh","Construction of community centers and community halls","WS/MP225/2024-2025/140119","SAKTI(COLLECTOR SAKTI_IDA)","Smt. Ranjeet Ranjan (2022-28) (2022-2028)","Elected MP","03-Feb-2025","GRAM PANCHAYAT SARWANI BA","Payment Success","920000"
"69","Chhattisgarh","Purchase of ambulances (Four, three and two wheelers)","WS/MP225/2025-2026/140121","SAKTI(COLLECTOR SAKTI_IDA)","Smt. Ranjeet Ranjan (2022-28) (2022-2028)","Elected MP","23-Jul-2026","chief medical and health officer sakti","Payment Success","2122690"
"70","Chhattisgarh","Construction of community centers and community halls","WS/MP225/2024-2025/140123","Balodabazar-Bhatapara(Collector Baloda Bazar_IDA)","Smt. Ranjeet Ranjan (2022-28) (2022-2028)","Elected MP","14-Nov-2024","GRAM PANCHAYAT DERADIH","Payment Success","800000"
"71","Chhattisgarh","Construction of community centers and community halls","WS/MP225/2024-2025/140123","Balodabazar-Bhatapara(Collector Baloda Bazar_IDA)","Smt. Ranjeet Ranjan (2022-28) (2022-2028)","Elected MP","22-Apr-2025","GRAM PANCHAYAT DERADIH","Payment Success","700000"
"72","Chhattisgarh","Construction of community centers and community halls","WS/MP225/2024-2025/140123","Balodabazar-Bhatapara(Collector Baloda Bazar_IDA)","Smt. Ranjeet Ranjan (2022-28) (2022-2028)","Elected MP","05-Dec-2025","GRAM PANCHAYAT DERADIH","Payment Success","499000"
"73","Chhattisgarh","Installation of multi-gym equipment","WS/MP225/2024-2025/140364","BALOD(Collector Balod_IDA)","Smt. Ranjeet Ranjan (2022-28) (2022-2028)","Elected MP","06-Nov-2024","Gram panchayat riwagahan","Payment Success","500000"
"74","Chhattisgarh","Installation of multi-gym equipment","WS/MP225/2024-2025/140364","BALOD(Collector Balod_IDA)","Smt. Ranjeet Ranjan (2022-28) (2022-2028)","Elected MP","19-Nov-2025","Gram panchayat riwagahan","Payment Success","500000"
"75","Chhattisgarh","Installation of multi-gym equipment","WS/MP225/2024-2025/140365","BALOD(Collector Balod_IDA)","Smt. Ranjeet Ranjan (2022-28) (2022-2028)","Elected MP","18-Nov-2024","GRAM PANCHAYAT GORKAPAR","Payment Success","500000"
"76","Chhattisgarh","Installation of multi-gym equipment","WS/MP225/2024-2025/140365","BALOD(Collector Balod_IDA)","Smt. Ranjeet Ranjan (2022-28) (2022-2028)","Elected MP","25-Nov-2025","GRAM PANCHAYAT GORKAPAR","Payment Success","500000"
"77","Chhattisgarh","Construction of common work sheds/ common covered sitting area","WS/MP225/2024-2025/140366","BALOD(Collector Balod_IDA)","Smt. Ranjeet Ranjan (2022-28) (2022-2028)","Elected MP","06-Nov-2024","Gram panchayat parsadih su","Payment Success","250000"
"78","Chhattisgarh","Construction of common work sheds/ common covered sitting area","WS/MP225/2024-2025/140366","BALOD(Collector Balod_IDA)","Smt. Ranjeet Ranjan (2022-28) (2022-2028)","Elected MP","26-Nov-2025","Gram panchayat parsadih su","Payment Success","250000"
"79","Chhattisgarh","Construction of common work sheds/ common covered sitting area","WS/MP225/2024-2025/140368","BALOD(Collector Balod_IDA)","Smt. Ranjeet Ranjan (2022-28) (2022-2028)","Elected MP","06-Nov-2024","GRAM PANCHAYAT BHEDI SU","Payment Success","250000"
"80","Chhattisgarh","Construction of common work sheds/ common covered sitting area","WS/MP225/2024-2025/140368","BALOD(Collector Balod_IDA)","Smt. Ranjeet Ranjan (2022-28) (2022-2028)","Elected MP","26-Nov-2025","GRAM PANCHAYAT BHEDI SU","Payment Success","250000"
"81","Chhattisgarh","Construction of roads, link roads, pathways or any other road with or without drainage system","WS/MP225/2024-2025/142863","JASHPUR(DISTRICT COLLECTOR JASHPUR_IDA)","Smt. Ranjeet Ranjan (2022-28) (2022-2028)","Elected MP","07-Oct-2024","Rameshwar Gupta","Payment Success","749788"
"82","Chhattisgarh","Construction of roads, link roads, pathways or any other road with or without drainage system","WS/MP225/2024-2025/142863","JASHPUR(DISTRICT COLLECTOR JASHPUR_IDA)","Smt. Ranjeet Ranjan (2022-28) (2022-2028)","Elected MP","25-Oct-2024","Rameshwar Gupta","Payment Success","749756"
"83","Chhattisgarh","Purchase of non-conventional energy system and devices for community use","WS/MP225/2024-2025/142877","SURGUJA(Collector Surguja_IDA)","Smt. Ranjeet Ranjan (2022-28) (2022-2028)","Elected MP","17-Jan-2025","STARCARE ENTERPRISES LLP","Payment Success","248000"
"84","Chhattisgarh","Purchase of non-conventional energy system and devices for community use","WS/MP225/2024-2025/142877","SURGUJA(Collector Surguja_IDA)","Smt. Ranjeet Ranjan (2022-28) (2022-2028)","Elected MP","29-Mar-2025","STARCARE ENTERPRISES LLP","Payment Success","248000"
"85","Chhattisgarh","Purchase of non-conventional energy system and devices for community use","WS/MP225/2024-2025/142878","SURGUJA(Collector Surguja_IDA)","Smt. Ranjeet Ranjan (2022-28) (2022-2028)","Elected MP","17-Jan-2025","STARCARE ENTERPRISES LLP","Payment Success","248000"
"86","Chhattisgarh","Purchase of non-conventional energy system and devices for community use","WS/MP225/2024-2025/142878","SURGUJA(Collector Surguja_IDA)","Smt. Ranjeet Ranjan (2022-28) (2022-2028)","Elected MP","29-Mar-2025","STARCARE ENTERPRISES LLP","Payment Success","248000"
"87","Chhattisgarh","Purchase of non-conventional energy system and devices for community use","WS/MP225/2024-2025/142879","SURGUJA(Collector Surguja_IDA)","Smt. Ranjeet Ranjan (2022-28) (2022-2028)","Elected MP","26-Dec-2024","STARCARE ENTERPRISES LLP","Payment Success","248000"
"88","Chhattisgarh","Purchase of non-conventional energy system and devices for community use","WS/MP225/2024-2025/142879","SURGUJA(Collector Surguja_IDA)","Smt. Ranjeet Ranjan (2022-28) (2022-2028)","Elected MP","17-Jan-2025","STARCARE ENTERPRISES LLP","Payment Success","248000"
"89","Chhattisgarh","Purchase of non-conventional energy system and devices for community use","WS/MP225/2024-2025/142880","SURGUJA(Collector Surguja_IDA)","Smt. Ranjeet Ranjan (2022-28) (2022-2028)","Elected MP","26-Dec-2024","STARCARE ENTERPRISES LLP","Payment Success","248000"
"90","Chhattisgarh","Purchase of non-conventional energy system and devices for community use","WS/MP225/2024-2025/142880","SURGUJA(Collector Surguja_IDA)","Smt. Ranjeet Ranjan (2022-28) (2022-2028)","Elected MP","17-Jan-2025","STARCARE ENTERPRISES LLP","Payment Success","248000"
"91","Chhattisgarh","Purchase of non-conventional energy system and devices for community use","WS/MP225/2024-2025/142881","SURGUJA(Collector Surguja_IDA)","Smt. Ranjeet Ranjan (2022-28) (2022-2028)","Elected MP","26-Dec-2024","STARCARE ENTERPRISES LLP","Payment Success","248000"
"92","Chhattisgarh","Purchase of non-conventional energy system and devices for community use","WS/MP225/2024-2025/142881","SURGUJA(Collector Surguja_IDA)","Smt. Ranjeet Ranjan (2022-28) (2022-2028)","Elected MP","17-Jan-2025","STARCARE ENTERPRISES LLP","Payment Success","248000"
"93","Chhattisgarh","Purchase of non-conventional energy system and devices for community use","WS/MP225/2024-2025/142882","SURGUJA(Collector Surguja_IDA)","Smt. Ranjeet Ranjan (2022-28) (2022-2028)","Elected MP","26-Dec-2024","STARCARE ENTERPRISES LLP","Payment Success","248000"
"94","Chhattisgarh","Purchase of non-conventional energy system and devices for community use","WS/MP225/2024-2025/142882","SURGUJA(Collector Surguja_IDA)","Smt. Ranjeet Ranjan (2022-28) (2022-2028)","Elected MP","17-Jan-2025","STARCARE ENTERPRISES LLP","Payment Success","248000"
"95","Chhattisgarh","Purchase of non-conventional energy system and devices for community use","WS/MP225/2024-2025/142883","SURGUJA(Collector Surguja_IDA)","Smt. Ranjeet Ranjan (2022-28) (2022-2028)","Elected MP","26-Dec-2024","STARCARE ENTERPRISES LLP","Payment Success","248000"
"96","Chhattisgarh","Purchase of non-conventional energy system and devices for community use","WS/MP225/2024-2025/142883","SURGUJA(Collector Surguja_IDA)","Smt. Ranjeet Ranjan (2022-28) (2022-2028)","Elected MP","17-Jan-2025","STARCARE ENTERPRISES LLP","Payment Success","248000"
"97","Chhattisgarh","Purchase of non-conventional energy system and devices for community use","WS/MP225/2024-2025/142884","SURGUJA(Collector Surguja_IDA)","Smt. Ranjeet Ranjan (2022-28) (2022-2028)","Elected MP","26-Dec-2024","STARCARE ENTERPRISES LLP","Payment Success","248000"
"98","Chhattisgarh","Purchase of non-conventional energy system and devices for community use","WS/MP225/2024-2025/142884","SURGUJA(Collector Surguja_IDA)","Smt. Ranjeet Ranjan (2022-28) (2022-2028)","Elected MP","17-Jan-2025","STARCARE ENTERPRISES LLP","Payment Success","248000"
"99","Chhattisgarh","Purchase of non-conventional energy system and devices for community use","WS/MP225/2024-2025/142885","SURGUJA(Collector Surguja_IDA)","Smt. Ranjeet Ranjan (2022-28) (2022-2028)","Elected MP","26-Dec-2024","STARCARE ENTERPRISES LLP","Payment Success","248000"
"100","Chhattisgarh","Purchase of non-conventional energy system and devices for community use","WS/MP225/2024-2025/142885","SURGUJA(Collector Surguja_IDA)","Smt. Ranjeet Ranjan (2022-28) (2022-2028)","Elected MP","17-Jan-2025","STARCARE ENTERPRISES LLP","Payment Success","248000"
"101","Chhattisgarh","Lighting of public spaces","WS/MP225/2024-2025/142886","JASHPUR(DISTRICT COLLECTOR JASHPUR_IDA)","Smt. Ranjeet Ranjan (2022-28) (2022-2028)","Elected MP","21-Jan-2025","STARCARE ENTERPRISES LLP","Payment Success","75518"
"102","Chhattisgarh","Lighting of public spaces","WS/MP225/2024-2025/142886","JASHPUR(DISTRICT COLLECTOR JASHPUR_IDA)","Smt. Ranjeet Ranjan (2022-28) (2022-2028)","Elected MP","10-Mar-2025","STARCARE ENTERPRISES LLP","Payment Success","420940"
"103","Chhattisgarh","Lighting of public spaces","WS/MP225/2024-2025/142887","JASHPUR(DISTRICT COLLECTOR JASHPUR_IDA)","Smt. Ranjeet Ranjan (2022-28) (2022-2028)","Elected MP","21-Jan-2025","STARCARE ENTERPRISES LLP","Payment Success","75518"
"104","Chhattisgarh","Lighting of public spaces","WS/MP225/2024-2025/142887","JASHPUR(DISTRICT COLLECTOR JASHPUR_IDA)","Smt. Ranjeet Ranjan (2022-28) (2022-2028)","Elected MP","10-Mar-2025","STARCARE ENTERPRISES LLP","Payment Success","420940"
"105","Chhattisgarh","Lighting of public spaces","WS/MP225/2024-2025/142888","JASHPUR(DISTRICT COLLECTOR JASHPUR_IDA)","Smt. Ranjeet Ranjan (2022-28) (2022-2028)","Elected MP","21-Jan-2025","STARCARE ENTERPRISES LLP","Payment Success","75518"
"106","Chhattisgarh","Lighting of public spaces","WS/MP225/2024-2025/142888","JASHPUR(DISTRICT COLLECTOR JASHPUR_IDA)","Smt. Ranjeet Ranjan (2022-28) (2022-2028)","Elected MP","10-Mar-2025","STARCARE ENTERPRISES LLP","Payment Success","420940"
"107","Chhattisgarh","Lighting of public spaces","WS/MP225/2024-2025/142889","JASHPUR(DISTRICT COLLECTOR JASHPUR_IDA)","Smt. Ranjeet Ranjan (2022-28) (2022-2028)","Elected MP","21-Jan-2025","STARCARE ENTERPRISES LLP","Payment Success","75518"
"108","Chhattisgarh","Lighting of public spaces","WS/MP225/2024-2025/142889","JASHPUR(DISTRICT COLLECTOR JASHPUR_IDA)","Smt. Ranjeet Ranjan (2022-28) (2022-2028)","Elected MP","10-Mar-2025","STARCARE ENTERPRISES LLP","Payment Success","420940"
"109","Chhattisgarh","Lighting of public spaces","WS/MP225/2024-2025/142890","JASHPUR(DISTRICT COLLECTOR JASHPUR_IDA)","Smt. Ranjeet Ranjan (2022-28) (2022-2028)","Elected MP","21-Jan-2025","STARCARE ENTERPRISES LLP","Payment Success","75518"
"110","Chhattisgarh","Lighting of public spaces","WS/MP225/2024-2025/142890","JASHPUR(DISTRICT COLLECTOR JASHPUR_IDA)","Smt. Ranjeet Ranjan (2022-28) (2022-2028)","Elected MP","10-Mar-2025","STARCARE ENTERPRISES LLP","Payment Success","420940"
"111","Chhattisgarh","Lighting of public spaces","WS/MP225/2024-2025/142891","JASHPUR(DISTRICT COLLECTOR JASHPUR_IDA)","Smt. Ranjeet Ranjan (2022-28) (2022-2028)","Elected MP","21-Jan-2025","STARCARE ENTERPRISES LLP","Payment Success","75518"
"112","Chhattisgarh","Lighting of public spaces","WS/MP225/2024-2025/142891","JASHPUR(DISTRICT COLLECTOR JASHPUR_IDA)","Smt. Ranjeet Ranjan (2022-28) (2022-2028)","Elected MP","10-Mar-2025","STARCARE ENTERPRISES LLP","Payment Success","420940"
"113","Chhattisgarh","Lighting of public spaces","WS/MP225/2024-2025/142892","JASHPUR(DISTRICT COLLECTOR JASHPUR_IDA)","Smt. Ranjeet Ranjan (2022-28) (2022-2028)","Elected MP","21-Jan-2025","STARCARE ENTERPRISES LLP","Payment Success","75518"
"114","Chhattisgarh","Lighting of public spaces","WS/MP225/2024-2025/142892","JASHPUR(DISTRICT COLLECTOR JASHPUR_IDA)","Smt. Ranjeet Ranjan (2022-28) (2022-2028)","Elected MP","10-Mar-2025","STARCARE ENTERPRISES LLP","Payment Success","420940"
"115","Chhattisgarh","Lighting of public spaces","WS/MP225/2024-2025/142893","JASHPUR(DISTRICT COLLECTOR JASHPUR_IDA)","Smt. Ranjeet Ranjan (2022-28) (2022-2028)","Elected MP","21-Jan-2025","STARCARE ENTERPRISES LLP","Payment Success","75518"
"116","Chhattisgarh","Lighting of public spaces","WS/MP225/2024-2025/142893","JASHPUR(DISTRICT COLLECTOR JASHPUR_IDA)","Smt. Ranjeet Ranjan (2022-28) (2022-2028)","Elected MP","10-Mar-2025","STARCARE ENTERPRISES LLP","Payment Success","420940"
"117","Chhattisgarh","Lighting of public spaces","WS/MP225/2024-2025/142894","JASHPUR(DISTRICT COLLECTOR JASHPUR_IDA)","Smt. Ranjeet Ranjan (2022-28) (2022-2028)","Elected MP","21-Jan-2025","STARCARE ENTERPRISES LLP","Payment Success","75518"
"118","Chhattisgarh","Lighting of public spaces","WS/MP225/2024-2025/142894","JASHPUR(DISTRICT COLLECTOR JASHPUR_IDA)","Smt. Ranjeet Ranjan (2022-28) (2022-2028)","Elected MP","10-Mar-2025","STARCARE ENTERPRISES LLP","Payment Success","420940"
"119","Chhattisgarh","Lighting of public spaces","WS/MP225/2024-2025/142895","JASHPUR(DISTRICT COLLECTOR JASHPUR_IDA)","Smt. Ranjeet Ranjan (2022-28) (2022-2028)","Elected MP","21-Jan-2025","STARCARE ENTERPRISES LLP","Payment Success","75518"
"120","Chhattisgarh","Lighting of public spaces","WS/MP225/2024-2025/142895","JASHPUR(DISTRICT COLLECTOR JASHPUR_IDA)","Smt. Ranjeet Ranjan (2022-28) (2022-2028)","Elected MP","10-Mar-2025","STARCARE ENTERPRISES LLP","Payment Success","420940"
"121","Chhattisgarh","Lighting of public spaces","WS/MP225/2024-2025/142896","JASHPUR(DISTRICT COLLECTOR JASHPUR_IDA)","Smt. Ranjeet Ranjan (2022-28) (2022-2028)","Elected MP","21-Jan-2025","STARCARE ENTERPRISES LLP","Payment Success","75518"
"122","Chhattisgarh","Lighting of public spaces","WS/MP225/2024-2025/142896","JASHPUR(DISTRICT COLLECTOR JASHPUR_IDA)","Smt. Ranjeet Ranjan (2022-28) (2022-2028)","Elected MP","10-Mar-2025","STARCARE ENTERPRISES LLP","Payment Success","420940"
"123","Chhattisgarh","Lighting of public spaces","WS/MP225/2024-2025/142897","JASHPUR(DISTRICT COLLECTOR JASHPUR_IDA)","Smt. Ranjeet Ranjan (2022-28) (2022-2028)","Elected MP","21-Jan-2025","STARCARE ENTERPRISES LLP","Payment Success","75518"
"124","Chhattisgarh","Lighting of public spaces","WS/MP225/2024-2025/142897","JASHPUR(DISTRICT COLLECTOR JASHPUR_IDA)","Smt. Ranjeet Ranjan (2022-28) (2022-2028)","Elected MP","10-Mar-2025","STARCARE ENTERPRISES LLP","Payment Success","420940"
"125","Chhattisgarh","Lighting of public spaces","WS/MP225/2024-2025/142898","JASHPUR(DISTRICT COLLECTOR JASHPUR_IDA)","Smt. Ranjeet Ranjan (2022-28) (2022-2028)","Elected MP","21-Jan-2025","STARCARE ENTERPRISES LLP","Payment Success","75518"
"126","Chhattisgarh","Lighting of public spaces","WS/MP225/2024-2025/142898","JASHPUR(DISTRICT COLLECTOR JASHPUR_IDA)","Smt. Ranjeet Ranjan (2022-28) (2022-2028)","Elected MP","10-Mar-2025","STARCARE ENTERPRISES LLP","Payment Success","420940"
"127","Chhattisgarh","Lighting of public spaces","WS/MP225/2024-2025/142899","JASHPUR(DISTRICT COLLECTOR JASHPUR_IDA)","Smt. Ranjeet Ranjan (2022-28) (2022-2028)","Elected MP","21-Jan-2025","STARCARE ENTERPRISES LLP","Payment Success","75518"
"128","Chhattisgarh","Lighting of public spaces","WS/MP225/2024-2025/142899","JASHPUR(DISTRICT COLLECTOR JASHPUR_IDA)","Smt. Ranjeet Ranjan (2022-28) (2022-2028)","Elected MP","10-Mar-2025","STARCARE ENTERPRISES LLP","Payment Success","420940"
"129","Chhattisgarh","Lighting of public spaces","WS/MP225/2024-2025/143842","JASHPUR(DISTRICT COLLECTOR JASHPUR_IDA)","Smt. Ranjeet Ranjan (2022-28) (2022-2028)","Elected MP","21-Jan-2025","STARCARE ENTERPRISES LLP","Payment Success","75518"
"130","Chhattisgarh","Lighting of public spaces","WS/MP225/2024-2025/143842","JASHPUR(DISTRICT COLLECTOR JASHPUR_IDA)","Smt. Ranjeet Ranjan (2022-28) (2022-2028)","Elected MP","10-Mar-2025","STARCARE ENTERPRISES LLP","Payment Success","420940"
"131","Chhattisgarh","Lighting of public spaces","WS/MP225/2024-2025/143843","JASHPUR(DISTRICT COLLECTOR JASHPUR_IDA)","Smt. Ranjeet Ranjan (2022-28) (2022-2028)","Elected MP","21-Jan-2025","STARCARE ENTERPRISES LLP","Payment Success","75518"
"132","Chhattisgarh","Lighting of public spaces","WS/MP225/2024-2025/143843","JASHPUR(DISTRICT COLLECTOR JASHPUR_IDA)","Smt. Ranjeet Ranjan (2022-28) (2022-2028)","Elected MP","10-Mar-2025","STARCARE ENTERPRISES LLP","Payment Success","420940"
"133","Chhattisgarh","Lighting of public spaces","WS/MP225/2024-2025/143844","JASHPUR(DISTRICT COLLECTOR JASHPUR_IDA)","Smt. Ranjeet Ranjan (2022-28) (2022-2028)","Elected MP","21-Jan-2025","STARCARE ENTERPRISES LLP","Payment Success","75518"
"134","Chhattisgarh","Lighting of public spaces","WS/MP225/2024-2025/143844","JASHPUR(DISTRICT COLLECTOR JASHPUR_IDA)","Smt. Ranjeet Ranjan (2022-28) (2022-2028)","Elected MP","10-Mar-2025","STARCARE ENTERPRISES LLP","Payment Success","420940"
"135","Chhattisgarh","Street lights","WS/MP225/2024-2025/143845","JASHPUR(DISTRICT COLLECTOR JASHPUR_IDA)","Smt. Ranjeet Ranjan (2022-28) (2022-2028)","Elected MP","21-Jan-2025","STARCARE ENTERPRISES LLP","Payment Success","75518"
"136","Chhattisgarh","Street lights","WS/MP225/2024-2025/143845","JASHPUR(DISTRICT COLLECTOR JASHPUR_IDA)","Smt. Ranjeet Ranjan (2022-28) (2022-2028)","Elected MP","10-Mar-2025","STARCARE ENTERPRISES LLP","Payment Success","420940"
"137","Chhattisgarh","Street lights","WS/MP225/2024-2025/143846","JASHPUR(DISTRICT COLLECTOR JASHPUR_IDA)","Smt. Ranjeet Ranjan (2022-28) (2022-2028)","Elected MP","21-Jan-2025","STARCARE ENTERPRISES LLP","Payment Success","75518"
"138","Chhattisgarh","Street lights","WS/MP225/2024-2025/143846","JASHPUR(DISTRICT COLLECTOR JASHPUR_IDA)","Smt. Ranjeet Ranjan (2022-28) (2022-2028)","Elected MP","10-Mar-2025","STARCARE ENTERPRISES LLP","Payment Success","420940"
"139","Chhattisgarh","Street lights","WS/MP225/2024-2025/143847","JASHPUR(DISTRICT COLLECTOR JASHPUR_IDA)","Smt. Ranjeet Ranjan (2022-28) (2022-2028)","Elected MP","21-Jan-2025","STARCARE ENTERPRISES LLP","Payment Success","75518"
"140","Chhattisgarh","Street lights","WS/MP225/2024-2025/143847","JASHPUR(DISTRICT COLLECTOR JASHPUR_IDA)","Smt. Ranjeet Ranjan (2022-28) (2022-2028)","Elected MP","10-Mar-2025","STARCARE ENTERPRISES LLP","Payment Success","420940"
"141","Chhattisgarh","Lighting of public spaces","WS/MP225/2024-2025/143848","JASHPUR(DISTRICT COLLECTOR JASHPUR_IDA)","Smt. Ranjeet Ranjan (2022-28) (2022-2028)","Elected MP","21-Jan-2025","STARCARE ENTERPRISES LLP","Payment Success","75518"
"142","Chhattisgarh","Lighting of public spaces","WS/MP225/2024-2025/143848","JASHPUR(DISTRICT COLLECTOR JASHPUR_IDA)","Smt. Ranjeet Ranjan (2022-28) (2022-2028)","Elected MP","10-Mar-2025","STARCARE ENTERPRISES LLP","Payment Success","420940"
"143","Chhattisgarh","Construction of community centers and community halls","WS/MP225/2025-2026/143851","KONDAGAON(DISTRICT COLLECTOR KONDAGAON_IDA)","Smt. Ranjeet Ranjan (2022-28) (2022-2028)","Elected MP","30-Oct-2025","GRAM PANCHAYAT BADEDONGAR","Payment Success","500000"
"144","Chhattisgarh","Construction of buildings for community cultural activities","WS/MP225/2024-2025/143852","KONDAGAON(DISTRICT COLLECTOR KONDAGAON_IDA)","Smt. Ranjeet Ranjan (2022-28) (2022-2028)","Elected MP","15-Jan-2025","GRAM PANCHAYAT BHANDARWANDI","Payment Success","500000"
"145","Chhattisgarh","Construction of common work sheds/ common covered sitting area","WS/MP225/2024-2025/143853","KONDAGAON(DISTRICT COLLECTOR KONDAGAON_IDA)","Smt. Ranjeet Ranjan (2022-28) (2022-2028)","Elected MP","15-Jan-2025","GRAM PANCHAYAT JHATIBANDH","Payment Success","500000"
"146","Chhattisgarh","Construction of roads, link roads, pathways or any other road with or without drainage system","WS/MP225/2024-2025/143854","KONDAGAON(DISTRICT COLLECTOR KONDAGAON_IDA)","Smt. Ranjeet Ranjan (2022-28) (2022-2028)","Elected MP","15-Jan-2025","GRAM PANCHAYAT AALOR","Payment Success","500000"
"147","Chhattisgarh","Construction of roads, link roads, pathways or any other road with or without drainage system","WS/MP225/2024-2025/143854","KONDAGAON(DISTRICT COLLECTOR KONDAGAON_IDA)","Smt. Ranjeet Ranjan (2022-28) (2022-2028)","Elected MP","10-Sep-2025","GRAM PANCHAYAT AALOR","Payment Success","485000"
"148","Chhattisgarh","Construction of roads, link roads, pathways or any other road with or without drainage system","WS/MP225/2024-2025/144157","DURG(DISTRICT COLLECTOR DURG_IDA)","Smt. Ranjeet Ranjan (2022-28) (2022-2028)","Elected MP","21-Oct-2024","SARPANCH SACHIV GRAM PANCHAYAT JEORA","Payment Success","750000"
"149","Chhattisgarh","Construction of roads, link roads, pathways or any other road with or without drainage system","WS/MP225/2024-2025/144157","DURG(DISTRICT COLLECTOR DURG_IDA)","Smt. Ranjeet Ranjan (2022-28) (2022-2028)","Elected MP","20-Jan-2025","SARPANCH SACHIV GRAM PANCHAYAT JEORA","Payment Success","250000"
"150","Chhattisgarh","Construction of roads, link roads, pathways or any other road with or without drainage system","WS/MP225/2024-2025/144158","DURG(DISTRICT COLLECTOR DURG_IDA)","Smt. Ranjeet Ranjan (2022-28) (2022-2028)","Elected MP","21-Oct-2024","SARPANCH SACHIV GRAM PANCHAYAT JEORA","Payment Success","1125000"
"151","Chhattisgarh","Construction of roads, link roads, pathways or any other road with or without drainage system","WS/MP225/2024-2025/144158","DURG(DISTRICT COLLECTOR DURG_IDA)","Smt. Ranjeet Ranjan (2022-28) (2022-2028)","Elected MP","20-Jan-2025","SARPANCH SACHIV GRAM PANCHAYAT JEORA","Payment Success","374961"
"152","Chhattisgarh","Construction of buildings for community cultural activities","WS/MP225/2024-2025/146665","BARPETA(DEPUTY COMMISSIONER BARPETA 1)","Smt. Ranjeet Ranjan (2022-28) (2022-2028)","Elected MP","30-Dec-2024","CONST OF SANSKRITIK BHAWAN AT PACHIM BHATNAPATTY MEAR 1408 NO LP SCHOOL","Payment Success","1500000"
"153","Chhattisgarh","Construction of buildings for community cultural activities","WS/MP225/2024-2025/146665","BARPETA(DEPUTY COMMISSIONER BARPETA 1)","Smt. Ranjeet Ranjan (2022-28) (2022-2028)","Elected MP","15-Sep-2025","CONST OF SANSKRITIK BHAWAN AT PACHIM BHATNAPATTY MEAR 1408 NO LP SCHOOL","Payment Success","1000000"
"154","Chhattisgarh","Lighting of public spaces","WS/MP225/2025-2026/152057","Balrampur-Ramanujganj(District Collector BALRAMPUR_IDA)","Smt. Ranjeet Ranjan (2022-28) (2022-2028)","Elected MP","19-Jun-2025","STARCARE ENTERPRISES LLP","Payment Success","375000"
"155","Chhattisgarh","Lighting of public spaces","WS/MP225/2025-2026/152058","Balrampur-Ramanujganj(District Collector BALRAMPUR_IDA)","Smt. Ranjeet Ranjan (2022-28) (2022-2028)","Elected MP","19-Jun-2025","STARCARE ENTERPRISES LLP","Payment Success","375000"
"156","Chhattisgarh","Lighting of public spaces","WS/MP225/2025-2026/152059","Balrampur-Ramanujganj(District Collector BALRAMPUR_IDA)","Smt. Ranjeet Ranjan (2022-28) (2022-2028)","Elected MP","19-Jun-2025","STARCARE ENTERPRISES LLP","Payment Success","375000"
"157","Chhattisgarh","Lighting of public spaces","WS/MP225/2025-2026/152060","Balrampur-Ramanujganj(District Collector BALRAMPUR_IDA)","Smt. Ranjeet Ranjan (2022-28) (2022-2028)","Elected MP","19-Jun-2025","STARCARE ENTERPRISES LLP","Payment Success","375000"
"158","Chhattisgarh","Lighting of public spaces","WS/MP225/2025-2026/152061","Balrampur-Ramanujganj(District Collector BALRAMPUR_IDA)","Smt. Ranjeet Ranjan (2022-28) (2022-2028)","Elected MP","19-Jun-2025","STARCARE ENTERPRISES LLP","Payment Success","375000"
"159","Chhattisgarh","Lighting of public spaces","WS/MP225/2025-2026/152062","Balrampur-Ramanujganj(District Collector BALRAMPUR_IDA)","Smt. Ranjeet Ranjan (2022-28) (2022-2028)","Elected MP","19-Jun-2025","STARCARE ENTERPRISES LLP","Payment Success","375000"
"160","Chhattisgarh","Lighting of public spaces","WS/MP225/2025-2026/152063","Balrampur-Ramanujganj(District Collector BALRAMPUR_IDA)","Smt. Ranjeet Ranjan (2022-28) (2022-2028)","Elected MP","19-Jun-2025","STARCARE ENTERPRISES LLP","Payment Success","375000"
"161","Chhattisgarh","Lighting of public spaces","WS/MP225/2025-2026/152064","Balrampur-Ramanujganj(District Collector BALRAMPUR_IDA)","Smt. Ranjeet Ranjan (2022-28) (2022-2028)","Elected MP","19-Jun-2025","STARCARE ENTERPRISES LLP","Payment Success","375000"
"162","Chhattisgarh","Lighting of public spaces","WS/MP225/2025-2026/152065","Balrampur-Ramanujganj(District Collector BALRAMPUR_IDA)","Smt. Ranjeet Ranjan (2022-28) (2022-2028)","Elected MP","19-Jun-2025","STARCARE ENTERPRISES LLP","Payment Success","375000"
"163","Chhattisgarh","Purchase of hospital equipment","WS/MP225/2024-2025/152087","BALOD(Collector Balod_IDA)","Smt. Ranjeet Ranjan (2022-28) (2022-2028)","Elected MP","18-Jan-2025","CMHO BALOD","Payment Success","1250000"
"164","Chhattisgarh","Purchase of hospital equipment","WS/MP225/2024-2025/152087","BALOD(Collector Balod_IDA)","Smt. Ranjeet Ranjan (2022-28) (2022-2028)","Elected MP","03-Apr-2025","CMHO BALOD","Payment Success","1231993"
"165","Chhattisgarh","Purchase of hospital equipment","WS/MP225/2024-2025/152088","BALOD(Collector Balod_IDA)","Smt. Ranjeet Ranjan (2022-28) (2022-2028)","Elected MP","18-Jan-2025","CMHO BALOD","Payment Success","1250000"
"166","Chhattisgarh","Purchase of hospital equipment","WS/MP225/2024-2025/152088","BALOD(Collector Balod_IDA)","Smt. Ranjeet Ranjan (2022-28) (2022-2028)","Elected MP","03-Apr-2025","CMHO BALOD","Payment Success","1231993"
"167","Chhattisgarh","Installation of multi-gym equipment","WS/MP225/2024-2025/152090","Balodabazar-Bhatapara(Collector Baloda Bazar_IDA)","Smt. Ranjeet Ranjan (2022-28) (2022-2028)","Elected MP","24-Mar-2025","CHHATTISGARH HUMAN RESOURCE DEVELOPMENT SOCIETY","Payment Success","570000"
"168","Chhattisgarh","Installation of multi-gym equipment","WS/MP225/2024-2025/152090","Balodabazar-Bhatapara(Collector Baloda Bazar_IDA)","Smt. Ranjeet Ranjan (2022-28) (2022-2028)","Elected MP","29-May-2025","CHHATTISGARH HUMAN RESOURCE DEVELOPMENT SOCIETY","Payment Success","189155"
"169","Chhattisgarh","Installation of multi-gym equipment","WS/MP225/2024-2025/152091","Balodabazar-Bhatapara(Collector Baloda Bazar_IDA)","Smt. Ranjeet Ranjan (2022-28) (2022-2028)","Elected MP","24-Mar-2025","CHHATTISGARH HUMAN RESOURCE DEVELOPMENT SOCIETY","Payment Success","570000"
"170","Chhattisgarh","Installation of multi-gym equipment","WS/MP225/2024-2025/152091","Balodabazar-Bhatapara(Collector Baloda Bazar_IDA)","Smt. Ranjeet Ranjan (2022-28) (2022-2028)","Elected MP","29-May-2025","CHHATTISGARH HUMAN RESOURCE DEVELOPMENT SOCIETY","Payment Success","189155"
"171","Chhattisgarh","Installation of multi-gym equipment","WS/MP225/2024-2025/152092","Balodabazar-Bhatapara(Collector Baloda Bazar_IDA)","Smt. Ranjeet Ranjan (2022-28) (2022-2028)","Elected MP","24-Mar-2025","CHHATTISGARH HUMAN RESOURCE DEVELOPMENT SOCIETY","Payment Success","570000"
"172","Chhattisgarh","Installation of multi-gym equipment","WS/MP225/2024-2025/152092","Balodabazar-Bhatapara(Collector Baloda Bazar_IDA)","Smt. Ranjeet Ranjan (2022-28) (2022-2028)","Elected MP","29-May-2025","CHHATTISGARH HUMAN RESOURCE DEVELOPMENT SOCIETY","Payment Success","189155"
"173","Chhattisgarh","Installation of multi-gym equipment","WS/MP225/2024-2025/152093","Balodabazar-Bhatapara(Collector Baloda Bazar_IDA)","Smt. Ranjeet Ranjan (2022-28) (2022-2028)","Elected MP","24-Mar-2025","CHHATTISGARH HUMAN RESOURCE DEVELOPMENT SOCIETY","Payment Success","570000"
"174","Chhattisgarh","Installation of multi-gym equipment","WS/MP225/2024-2025/152093","Balodabazar-Bhatapara(Collector Baloda Bazar_IDA)","Smt. Ranjeet Ranjan (2022-28) (2022-2028)","Elected MP","29-May-2025","CHHATTISGARH HUMAN RESOURCE DEVELOPMENT SOCIETY","Payment Success","189155"
"175","Chhattisgarh","Installation of multi-gym equipment","WS/MP225/2024-2025/152094","Balodabazar-Bhatapara(Collector Baloda Bazar_IDA)","Smt. Ranjeet Ranjan (2022-28) (2022-2028)","Elected MP","12-Mar-2025","CHHATTISGARH HUMAN RESOURCE DEVELOPMENT SOCIETY","Payment Success","570000"
"176","Chhattisgarh","Installation of multi-gym equipment","WS/MP225/2024-2025/152094","Balodabazar-Bhatapara(Collector Baloda Bazar_IDA)","Smt. Ranjeet Ranjan (2022-28) (2022-2028)","Elected MP","29-May-2025","CHHATTISGARH HUMAN RESOURCE DEVELOPMENT SOCIETY","Payment Success","189155"
"177","Chhattisgarh","Lighting of public spaces","WS/MP225/2025-2026/152602","Balrampur-Ramanujganj(District Collector BALRAMPUR_IDA)","Smt. Ranjeet Ranjan (2022-28) (2022-2028)","Elected MP","19-Jun-2025","STARCARE ENTERPRISES LLP","Payment Success","375000"
"178","Chhattisgarh","Purchase of hospital equipment","WS/MP225/2024-2025/157011","BALOD(Collector Balod_IDA)","Smt. Ranjeet Ranjan (2022-28) (2022-2028)","Elected MP","18-Jan-2025","CMHO BALOD","Payment Success","1700000"
"179","Chhattisgarh","Purchase of hospital equipment","WS/MP225/2024-2025/157011","BALOD(Collector Balod_IDA)","Smt. Ranjeet Ranjan (2022-28) (2022-2028)","Elected MP","03-Apr-2025","CMHO BALOD","Payment Success","1681986"
"180","Chhattisgarh","Purchase of hospital equipment","WS/MP225/2024-2025/157011","BALOD(Collector Balod_IDA)","Smt. Ranjeet Ranjan (2022-28) (2022-2028)","Elected MP","17-Feb-2026","CMHO BALOD","Payment Success","100000"
"181","Chhattisgarh","Purchase of hospital equipment","WS/MP225/2024-2025/157012","BALOD(Collector Balod_IDA)","Smt. Ranjeet Ranjan (2022-28) (2022-2028)","Elected MP","18-Jan-2025","CMHO BALOD","Payment Success","1700000"
"182","Chhattisgarh","Purchase of hospital equipment","WS/MP225/2024-2025/157012","BALOD(Collector Balod_IDA)","Smt. Ranjeet Ranjan (2022-28) (2022-2028)","Elected MP","03-Apr-2025","CMHO BALOD","Payment Success","1681986"
"183","Chhattisgarh","Purchase of hospital equipment","WS/MP225/2024-2025/157012","BALOD(Collector Balod_IDA)","Smt. Ranjeet Ranjan (2022-28) (2022-2028)","Elected MP","17-Feb-2026","CMHO BALOD","Payment Success","100000"
"184","Chhattisgarh","Purchase of hospital equipment","WS/MP225/2024-2025/157013","BALOD(Collector Balod_IDA)","Smt. Ranjeet Ranjan (2022-28) (2022-2028)","Elected MP","18-Jan-2025","CMHO BALOD","Payment Success","1700000"
"185","Chhattisgarh","Purchase of hospital equipment","WS/MP225/2024-2025/157013","BALOD(Collector Balod_IDA)","Smt. Ranjeet Ranjan (2022-28) (2022-2028)","Elected MP","03-Apr-2025","CMHO BALOD","Payment Success","1681986"
"186","Chhattisgarh","Purchase of hospital equipment","WS/MP225/2024-2025/157013","BALOD(Collector Balod_IDA)","Smt. Ranjeet Ranjan (2022-28) (2022-2028)","Elected MP","17-Feb-2026","CMHO BALOD","Payment Success","100000"
"187","Chhattisgarh","Lighting of public spaces","WS/MP225/2024-2025/157014","BALOD(Collector Balod_IDA)","Smt. Ranjeet Ranjan (2022-28) (2022-2028)","Elected MP","18-Jan-2025","CMHO BALOD","Payment Success","500000"
"188","Chhattisgarh","Lighting of public spaces","WS/MP225/2024-2025/157014","BALOD(Collector Balod_IDA)","Smt. Ranjeet Ranjan (2022-28) (2022-2028)","Elected MP","28-Mar-2025","CMHO BALOD","Payment Success","500000"
"189","Chhattisgarh","Lighting of public spaces","WS/MP225/2024-2025/157015","BALOD(Collector Balod_IDA)","Smt. Ranjeet Ranjan (2022-28) (2022-2028)","Elected MP","18-Jan-2025","CMHO BALOD","Payment Success","500000"
"190","Chhattisgarh","Lighting of public spaces","WS/MP225/2024-2025/157015","BALOD(Collector Balod_IDA)","Smt. Ranjeet Ranjan (2022-28) (2022-2028)","Elected MP","03-Apr-2025","CMHO BALOD","Payment Success","499993"
"191","Chhattisgarh","Lighting of public spaces","WS/MP225/2024-2025/158944","JANJGIR-CHAMPA(DISTRICT COLLECTOR JANJGIR CHAMPA_IDA)","Smt. Ranjeet Ranjan (2022-28) (2022-2028)","Elected MP","14-May-2025","ECONATIVE VENTURES PRIVATE LIMITED","Payment Success","248250"
"192","Chhattisgarh","Lighting of public spaces","WS/MP225/2024-2025/158944","JANJGIR-CHAMPA(DISTRICT COLLECTOR JANJGIR CHAMPA_IDA)","Smt. Ranjeet Ranjan (2022-28) (2022-2028)","Elected MP","08-Jul-2025","ECONATIVE VENTURES PRIVATE LIMITED","Payment Success","248250"
"193","Chhattisgarh","Lighting of public spaces","WS/MP225/2024-2025/158945","JANJGIR-CHAMPA(DISTRICT COLLECTOR JANJGIR CHAMPA_IDA)","Smt. Ranjeet Ranjan (2022-28) (2022-2028)","Elected MP","14-May-2025","ECONATIVE VENTURES PRIVATE LIMITED","Payment Success","248250"
"194","Chhattisgarh","Lighting of public spaces","WS/MP225/2024-2025/158945","JANJGIR-CHAMPA(DISTRICT COLLECTOR JANJGIR CHAMPA_IDA)","Smt. Ranjeet Ranjan (2022-28) (2022-2028)","Elected MP","08-Jul-2025","ECONATIVE VENTURES PRIVATE LIMITED","Payment Success","248250"
"195","Chhattisgarh","Lighting of public spaces","WS/MP225/2024-2025/158946","JANJGIR-CHAMPA(DISTRICT COLLECTOR JANJGIR CHAMPA_IDA)","Smt. Ranjeet Ranjan (2022-28) (2022-2028)","Elected MP","14-May-2025","ECONATIVE VENTURES PRIVATE LIMITED","Payment Success","248250"
"196","Chhattisgarh","Lighting of public spaces","WS/MP225/2024-2025/158946","JANJGIR-CHAMPA(DISTRICT COLLECTOR JANJGIR CHAMPA_IDA)","Smt. Ranjeet Ranjan (2022-28) (2022-2028)","Elected MP","08-Jul-2025","ECONATIVE VENTURES PRIVATE LIMITED","Payment Success","248250"
"197","Chhattisgarh","Lighting of public spaces","WS/MP225/2024-2025/158947","JANJGIR-CHAMPA(DISTRICT COLLECTOR JANJGIR CHAMPA_IDA)","Smt. Ranjeet Ranjan (2022-28) (2022-2028)","Elected MP","14-May-2025","ECONATIVE VENTURES PRIVATE LIMITED","Payment Success","248250"
"198","Chhattisgarh","Lighting of public spaces","WS/MP225/2024-2025/158947","JANJGIR-CHAMPA(DISTRICT COLLECTOR JANJGIR CHAMPA_IDA)","Smt. Ranjeet Ranjan (2022-28) (2022-2028)","Elected MP","08-Jul-2025","ECONATIVE VENTURES PRIVATE LIMITED","Payment Success","248250"
"199","Chhattisgarh","Lighting of public spaces","WS/MP225/2024-2025/158948","JANJGIR-CHAMPA(DISTRICT COLLECTOR JANJGIR CHAMPA_IDA)","Smt. Ranjeet Ranjan (2022-28) (2022-2028)","Elected MP","14-May-2025","ECONATIVE VENTURES PRIVATE LIMITED","Payment Success","248250"
"200","Chhattisgarh","Lighting of public spaces","WS/MP225/2024-2025/158948","JANJGIR-CHAMPA(DISTRICT COLLECTOR JANJGIR CHAMPA_IDA)","Smt. Ranjeet Ranjan (2022-28) (2022-2028)","Elected MP","08-Jul-2025","ECONATIVE VENTURES PRIVATE LIMITED","Payment Success","248250"
"201","Chhattisgarh","Lighting of public spaces","WS/MP225/2024-2025/158949","JANJGIR-CHAMPA(DISTRICT COLLECTOR JANJGIR CHAMPA_IDA)","Smt. Ranjeet Ranjan (2022-28) (2022-2028)","Elected MP","14-May-2025","ECONATIVE VENTURES PRIVATE LIMITED","Payment Success","248250"
"202","Chhattisgarh","Lighting of public spaces","WS/MP225/2024-2025/158949","JANJGIR-CHAMPA(DISTRICT COLLECTOR JANJGIR CHAMPA_IDA)","Smt. Ranjeet Ranjan (2022-28) (2022-2028)","Elected MP","08-Jul-2025","ECONATIVE VENTURES PRIVATE LIMITED","Payment Success","248250"
"203","Chhattisgarh","Lighting of public spaces","WS/MP225/2024-2025/158950","JANJGIR-CHAMPA(DISTRICT COLLECTOR JANJGIR CHAMPA_IDA)","Smt. Ranjeet Ranjan (2022-28) (2022-2028)","Elected MP","14-May-2025","ECONATIVE VENTURES PRIVATE LIMITED","Payment Success","248250"
"204","Chhattisgarh","Lighting of public spaces","WS/MP225/2024-2025/158950","JANJGIR-CHAMPA(DISTRICT COLLECTOR JANJGIR CHAMPA_IDA)","Smt. Ranjeet Ranjan (2022-28) (2022-2028)","Elected MP","08-Jul-2025","ECONATIVE VENTURES PRIVATE LIMITED","Payment Success","248250"
"205","Chhattisgarh","Lighting of public spaces","WS/MP225/2024-2025/158951","JANJGIR-CHAMPA(DISTRICT COLLECTOR JANJGIR CHAMPA_IDA)","Smt. Ranjeet Ranjan (2022-28) (2022-2028)","Elected MP","14-May-2025","ECONATIVE VENTURES PRIVATE LIMITED","Payment Success","248250"
"206","Chhattisgarh","Lighting of public spaces","WS/MP225/2024-2025/158951","JANJGIR-CHAMPA(DISTRICT COLLECTOR JANJGIR CHAMPA_IDA)","Smt. Ranjeet Ranjan (2022-28) (2022-2028)","Elected MP","08-Jul-2025","ECONATIVE VENTURES PRIVATE LIMITED","Payment Success","248250"
"207","Chhattisgarh","Lighting of public spaces","WS/MP225/2024-2025/158961","JANJGIR-CHAMPA(DISTRICT COLLECTOR JANJGIR CHAMPA_IDA)","Smt. Ranjeet Ranjan (2022-28) (2022-2028)","Elected MP","14-May-2025","ECONATIVE VENTURES PRIVATE LIMITED","Payment Success","248250"
"208","Chhattisgarh","Lighting of public spaces","WS/MP225/2024-2025/158961","JANJGIR-CHAMPA(DISTRICT COLLECTOR JANJGIR CHAMPA_IDA)","Smt. Ranjeet Ranjan (2022-28) (2022-2028)","Elected MP","08-Jul-2025","ECONATIVE VENTURES PRIVATE LIMITED","Payment Success","248250"
"209","Chhattisgarh","Lighting of public spaces","WS/MP225/2024-2025/158962","JANJGIR-CHAMPA(DISTRICT COLLECTOR JANJGIR CHAMPA_IDA)","Smt. Ranjeet Ranjan (2022-28) (2022-2028)","Elected MP","14-May-2025","ECONATIVE VENTURES PRIVATE LIMITED","Payment Success","248250"
"210","Chhattisgarh","Lighting of public spaces","WS/MP225/2024-2025/158962","JANJGIR-CHAMPA(DISTRICT COLLECTOR JANJGIR CHAMPA_IDA)","Smt. Ranjeet Ranjan (2022-28) (2022-2028)","Elected MP","08-Jul-2025","ECONATIVE VENTURES PRIVATE LIMITED","Payment Success","248250"
"211","Chhattisgarh","Lighting of public spaces","WS/MP225/2024-2025/158963","JANJGIR-CHAMPA(DISTRICT COLLECTOR JANJGIR CHAMPA_IDA)","Smt. Ranjeet Ranjan (2022-28) (2022-2028)","Elected MP","14-May-2025","ECONATIVE VENTURES PRIVATE LIMITED","Payment Success","248250"
"212","Chhattisgarh","Lighting of public spaces","WS/MP225/2024-2025/158963","JANJGIR-CHAMPA(DISTRICT COLLECTOR JANJGIR CHAMPA_IDA)","Smt. Ranjeet Ranjan (2022-28) (2022-2028)","Elected MP","08-Jul-2025","ECONATIVE VENTURES PRIVATE LIMITED","Payment Success","248250"
"213","Chhattisgarh","Lighting of public spaces","WS/MP225/2024-2025/158964","JANJGIR-CHAMPA(DISTRICT COLLECTOR JANJGIR CHAMPA_IDA)","Smt. Ranjeet Ranjan (2022-28) (2022-2028)","Elected MP","14-May-2025","ECONATIVE VENTURES PRIVATE LIMITED","Payment Success","248250"
"214","Chhattisgarh","Lighting of public spaces","WS/MP225/2024-2025/158964","JANJGIR-CHAMPA(DISTRICT COLLECTOR JANJGIR CHAMPA_IDA)","Smt. Ranjeet Ranjan (2022-28) (2022-2028)","Elected MP","08-Jul-2025","ECONATIVE VENTURES PRIVATE LIMITED","Payment Success","248250"
"215","Chhattisgarh","Construction of roads, link roads, pathways or any other road with or without drainage system","WS/MP225/2024-2025/159387","Balodabazar-Bhatapara(Collector Baloda Bazar_IDA)","Smt. Ranjeet Ranjan (2022-28) (2022-2028)","Elected MP","07-Jan-2025","GRAM PANCHAYAT DERADIH","Payment Success","400000"
"216","Chhattisgarh","Construction of roads, link roads, pathways or any other road with or without drainage system","WS/MP225/2024-2025/159387","Balodabazar-Bhatapara(Collector Baloda Bazar_IDA)","Smt. Ranjeet Ranjan (2022-28) (2022-2028)","Elected MP","31-Jan-2025","GRAM PANCHAYAT DERADIH","Payment Success","350000"
"217","Chhattisgarh","Construction of roads, link roads, pathways or any other road with or without drainage system","WS/MP225/2024-2025/159387","Balodabazar-Bhatapara(Collector Baloda Bazar_IDA)","Smt. Ranjeet Ranjan (2022-28) (2022-2028)","Elected MP","22-Apr-2025","GRAM PANCHAYAT DERADIH","Payment Success","249937"
"218","Chhattisgarh","Construction of roads, link roads, pathways or any other road with or without drainage system","WS/MP225/2024-2025/159389","Balodabazar-Bhatapara(Collector Baloda Bazar_IDA)","Smt. Ranjeet Ranjan (2022-28) (2022-2028)","Elected MP","07-Jan-2025","GRAM PANCHAYAT DERADIH","Payment Success","600000"
"219","Chhattisgarh","Construction of roads, link roads, pathways or any other road with or without drainage system","WS/MP225/2024-2025/159389","Balodabazar-Bhatapara(Collector Baloda Bazar_IDA)","Smt. Ranjeet Ranjan (2022-28) (2022-2028)","Elected MP","31-Jan-2025","GRAM PANCHAYAT DERADIH","Payment Success","525000"
"220","Chhattisgarh","Construction of roads, link roads, pathways or any other road with or without drainage system","WS/MP225/2024-2025/159389","Balodabazar-Bhatapara(Collector Baloda Bazar_IDA)","Smt. Ranjeet Ranjan (2022-28) (2022-2028)","Elected MP","21-Apr-2025","GRAM PANCHAYAT DERADIH","Payment Success","374863"
"221","Chhattisgarh","Construction of culverts and bridges","WS/MP225/2024-2025/159397","Balrampur-Ramanujganj(District Collector BALRAMPUR_IDA)","Smt. Ranjeet Ranjan (2022-28) (2022-2028)","Elected MP","12-Mar-2025","GRAM PANCHAYAT KARAMDIHA","Payment Success","485120"
"222","Chhattisgarh","Construction of culverts and bridges","WS/MP225/2024-2025/159397","Balrampur-Ramanujganj(District Collector BALRAMPUR_IDA)","Smt. Ranjeet Ranjan (2022-28) (2022-2028)","Elected MP","25-Mar-2026","GRAM PANCHAYAT KARAMDIHA","Payment Success","484530"
"223","Chhattisgarh","Construction of culverts and bridges","WS/MP225/2024-2025/159398","Balrampur-Ramanujganj(District Collector BALRAMPUR_IDA)","Smt. Ranjeet Ranjan (2022-28) (2022-2028)","Elected MP","12-Mar-2025","SARPANCH AND SACHIV GRAM PANCHAYAT SEMRAKATHARA","Payment Success","485120"
"224","Chhattisgarh","Construction of culverts and bridges","WS/MP225/2024-2025/159398","Balrampur-Ramanujganj(District Collector BALRAMPUR_IDA)","Smt. Ranjeet Ranjan (2022-28) (2022-2028)","Elected MP","04-Nov-2025","SARPANCH AND SACHIV GRAM PANCHAYAT SEMRAKATHARA","Payment Success","484802"
"225","Chhattisgarh","Construction of roads, link roads, pathways or any other road with or without drainage system","WS/MP225/2024-2025/159401","Balrampur-Ramanujganj(District Collector BALRAMPUR_IDA)","Smt. Ranjeet Ranjan (2022-28) (2022-2028)","Elected MP","12-Mar-2025","GRAM PANCHAYAT KOTAGAHANA","Payment Success","499973"
"226","Chhattisgarh","Construction of roads, link roads, pathways or any other road with or without drainage system","WS/MP225/2024-2025/159401","Balrampur-Ramanujganj(District Collector BALRAMPUR_IDA)","Smt. Ranjeet Ranjan (2022-28) (2022-2028)","Elected MP","02-Sep-2025","GRAM PANCHAYAT KOTAGAHANA","Payment Success","499789"
"227","Chhattisgarh","Construction of roads, link roads, pathways or any other road with or without drainage system","WS/MP225/2024-2025/159409","JASHPUR(DISTRICT COLLECTOR JASHPUR_IDA)","Smt. Ranjeet Ranjan (2022-28) (2022-2028)","Elected MP","08-Jan-2025","Rameshwar Gupta","Payment Success","749892"
"228","Chhattisgarh","Construction of roads, link roads, pathways or any other road with or without drainage system","WS/MP225/2024-2025/159409","JASHPUR(DISTRICT COLLECTOR JASHPUR_IDA)","Smt. Ranjeet Ranjan (2022-28) (2022-2028)","Elected MP","06-Mar-2025","Rameshwar Gupta","Payment Success","249886"
"229","Chhattisgarh","Construction of culverts and bridges","WS/MP225/2024-2025/159428","SURGUJA(Collector Surguja_IDA)","Smt. Ranjeet Ranjan (2022-28) (2022-2028)","Elected MP","02-Jan-2025","Gram Panchayat Kharhadorna","Payment Success","500000"
"230","Chhattisgarh","Construction of culverts and bridges","WS/MP225/2024-2025/159428","SURGUJA(Collector Surguja_IDA)","Smt. Ranjeet Ranjan (2022-28) (2022-2028)","Elected MP","06-May-2025","Gram Panchayat Kharhadorna","Payment Success","499783"
"231","Chhattisgarh","Construction of culverts and bridges","WS/MP225/2024-2025/159429","SURGUJA(Collector Surguja_IDA)","Smt. Ranjeet Ranjan (2022-28) (2022-2028)","Elected MP","02-Jan-2025","Gram Panchayat Kunmera","Payment Success","500000"
"232","Chhattisgarh","Construction of culverts and bridges","WS/MP225/2024-2025/159429","SURGUJA(Collector Surguja_IDA)","Smt. Ranjeet Ranjan (2022-28) (2022-2028)","Elected MP","07-Jul-2025","Gram Panchayat Kunmera","Payment Success","499838"
"233","Chhattisgarh","Purchase of smart boards, visual display units and projectors","WS/MP225/2025-2026/159535","Kabeerdham(DISTRICT COLLECTOR KABIRDHAM)","Smt. Ranjeet Ranjan (2022-28) (2022-2028)","Elected MP","11-Jul-2025","SPARK NEXT SOLUTIONS","Payment Success","54999"
"234","Chhattisgarh","Purchase of smart boards, visual display units and projectors","WS/MP225/2025-2026/159535","Kabeerdham(DISTRICT COLLECTOR KABIRDHAM)","Smt. Ranjeet Ranjan (2022-28) (2022-2028)","Elected MP","11-Jul-2025","DISTRICT EDUCATION OFFICER DIST KABIRDHA","Payment Success","945000"
"235","Chhattisgarh","Purchase of smart boards, visual display units and projectors","WS/MP225/2025-2026/159536","Kabeerdham(DISTRICT COLLECTOR KABIRDHAM)","Smt. Ranjeet Ranjan (2022-28) (2022-2028)","Elected MP","11-Jul-2025","SPARK NEXT SOLUTIONS","Payment Success","54999"
"236","Chhattisgarh","Purchase of smart boards, visual display units and projectors","WS/MP225/2025-2026/159536","Kabeerdham(DISTRICT COLLECTOR KABIRDHAM)","Smt. Ranjeet Ranjan (2022-28) (2022-2028)","Elected MP","11-Jul-2025","DISTRICT EDUCATION OFFICER DIST KABIRDHA","Payment Success","945000"
"237","Chhattisgarh","Purchase of smart boards, visual display units and projectors","WS/MP225/2025-2026/159537","Kabeerdham(DISTRICT COLLECTOR KABIRDHAM)","Smt. Ranjeet Ranjan (2022-28) (2022-2028)","Elected MP","11-Jul-2025","SPARK NEXT SOLUTIONS","Payment Success","54999"
"238","Chhattisgarh","Purchase of smart boards, visual display units and projectors","WS/MP225/2025-2026/159537","Kabeerdham(DISTRICT COLLECTOR KABIRDHAM)","Smt. Ranjeet Ranjan (2022-28) (2022-2028)","Elected MP","11-Jul-2025","DISTRICT EDUCATION OFFICER DIST KABIRDHA","Payment Success","945000"
"239","Chhattisgarh","Purchase of smart boards, visual display units and projectors","WS/MP225/2025-2026/159538","Kabeerdham(DISTRICT COLLECTOR KABIRDHAM)","Smt. Ranjeet Ranjan (2022-28) (2022-2028)","Elected MP","11-Jul-2025","POORVA ENGINEERS AND CONSULTANTS","Payment Success","944999"
"240","Chhattisgarh","Purchase of smart boards, visual display units and projectors","WS/MP225/2025-2026/159538","Kabeerdham(DISTRICT COLLECTOR KABIRDHAM)","Smt. Ranjeet Ranjan (2022-28) (2022-2028)","Elected MP","11-Jul-2025","SPARK NEXT SOLUTIONS","Payment Success","54999"
"241","Chhattisgarh","Purchase of smart boards, visual display units and projectors","WS/MP225/2025-2026/159539","Kabeerdham(DISTRICT COLLECTOR KABIRDHAM)","Smt. Ranjeet Ranjan (2022-28) (2022-2028)","Elected MP","11-Jul-2025","POORVA ENGINEERS AND CONSULTANTS","Payment Success","944999"
"242","Chhattisgarh","Purchase of smart boards, visual display units and projectors","WS/MP225/2025-2026/159539","Kabeerdham(DISTRICT COLLECTOR KABIRDHAM)","Smt. Ranjeet Ranjan (2022-28) (2022-2028)","Elected MP","11-Jul-2025","SPARK NEXT SOLUTIONS","Payment Success","54999"
"243","Chhattisgarh","Installation of multi-gym equipment","WS/MP225/2024-2025/159542","Sarangarh-Bilaigarh(Collector SB_IDA)","Smt. Ranjeet Ranjan (2022-28) (2022-2028)","Elected MP","07-Jan-2025","G P Mudpar Chhote","Payment Success","500000"
"244","Chhattisgarh","Installation of multi-gym equipment","WS/MP225/2024-2025/159542","Sarangarh-Bilaigarh(Collector SB_IDA)","Smt. Ranjeet Ranjan (2022-28) (2022-2028)","Elected MP","14-Jul-2025","G P Mudpar Chhote","Payment Success","499424"
"245","Chhattisgarh","Installation of multi-gym equipment","WS/MP225/2024-2025/159543","Sarangarh-Bilaigarh(Collector SB_IDA)","Smt. Ranjeet Ranjan (2022-28) (2022-2028)","Elected MP","07-Jan-2025","GRAM PANCHAYAT MUDIYADIH","Payment Success","500000"
"246","Chhattisgarh","Installation of multi-gym equipment","WS/MP225/2024-2025/159544","Sarangarh-Bilaigarh(Collector SB_IDA)","Smt. Ranjeet Ranjan (2022-28) (2022-2028)","Elected MP","17-Jan-2025","gram panchayat gadhabhatha","Payment Success","500000"
"247","Chhattisgarh","Installation of multi-gym equipment","WS/MP225/2024-2025/159544","Sarangarh-Bilaigarh(Collector SB_IDA)","Smt. Ranjeet Ranjan (2022-28) (2022-2028)","Elected MP","25-Aug-2025","gram panchayat gadhabhatha","Payment Success","500000"
"248","Chhattisgarh","Construction of roads, link roads, pathways or any other road with or without drainage system","WS/MP225/2024-2025/159545","Sarangarh-Bilaigarh(Collector SB_IDA)","Smt. Ranjeet Ranjan (2022-28) (2022-2028)","Elected MP","07-Jan-2025","G P Deogaon Patharipali","Payment Success","500000"
"249","Chhattisgarh","Construction of roads, link roads, pathways or any other road with or without drainage system","WS/MP225/2024-2025/159545","Sarangarh-Bilaigarh(Collector SB_IDA)","Smt. Ranjeet Ranjan (2022-28) (2022-2028)","Elected MP","26-Apr-2025","G P Deogaon Patharipali","Payment Success","499522"
"250","Chhattisgarh","Construction of culverts and bridges","WS/MP225/2024-2025/159546","Sarangarh-Bilaigarh(Collector SB_IDA)","Smt. Ranjeet Ranjan (2022-28) (2022-2028)","Elected MP","07-Jan-2025","G P Domadih A","Payment Success","500000"
"251","Chhattisgarh","Construction of culverts and bridges","WS/MP225/2024-2025/159546","Sarangarh-Bilaigarh(Collector SB_IDA)","Smt. Ranjeet Ranjan (2022-28) (2022-2028)","Elected MP","16-Jan-2026","G P Domadih A","Payment Success","499972"
"252","Chhattisgarh","Construction of roads, link roads, pathways or any other road with or without drainage system","WS/MP225/2024-2025/160361","Balodabazar-Bhatapara(Collector Baloda Bazar_IDA)","Smt. Ranjeet Ranjan (2022-28) (2022-2028)","Elected MP","07-Jan-2025","GRAM PANCHAYAT DERADIH","Payment Success","400000"
"253","Chhattisgarh","Construction of roads, link roads, pathways or any other road with or without drainage system","WS/MP225/2024-2025/160361","Balodabazar-Bhatapara(Collector Baloda Bazar_IDA)","Smt. Ranjeet Ranjan (2022-28) (2022-2028)","Elected MP","31-Jan-2025","GRAM PANCHAYAT DERADIH","Payment Success","350000"
"254","Chhattisgarh","Construction of roads, link roads, pathways or any other road with or without drainage system","WS/MP225/2024-2025/160361","Balodabazar-Bhatapara(Collector Baloda Bazar_IDA)","Smt. Ranjeet Ranjan (2022-28) (2022-2028)","Elected MP","22-Apr-2025","GRAM PANCHAYAT DERADIH","Payment Success","249815"
"255","Chhattisgarh","Construction of common work sheds/ common covered sitting area","WS/MP225/2024-2025/164097","Balodabazar-Bhatapara(Collector Baloda Bazar_IDA)","Smt. Ranjeet Ranjan (2022-28) (2022-2028)","Elected MP","28-Apr-2025","GRAM PANCHAYAT DERADIH","Payment Success","400000"
"256","Chhattisgarh","Construction of common work sheds/ common covered sitting area","WS/MP225/2024-2025/164097","Balodabazar-Bhatapara(Collector Baloda Bazar_IDA)","Smt. Ranjeet Ranjan (2022-28) (2022-2028)","Elected MP","17-Oct-2025","GRAM PANCHAYAT DERADIH","Payment Success","350000"
"257","Chhattisgarh","Retrofitting in essential lifeline buildings","WS/MP225/2024-2025/164098","Balodabazar-Bhatapara(Collector Baloda Bazar_IDA)","Smt. Ranjeet Ranjan (2022-28) (2022-2028)","Elected MP","28-Apr-2025","GRAM PANCHAYAT DERADIH","Payment Success","80000"
"258","Chhattisgarh","Retrofitting in essential lifeline buildings","WS/MP225/2024-2025/164098","Balodabazar-Bhatapara(Collector Baloda Bazar_IDA)","Smt. Ranjeet Ranjan (2022-28) (2022-2028)","Elected MP","20-Jul-2025","GRAM PANCHAYAT DERADIH","Payment Success","70000"
"259","Chhattisgarh","Retrofitting in essential lifeline buildings","WS/MP225/2024-2025/164098","Balodabazar-Bhatapara(Collector Baloda Bazar_IDA)","Smt. Ranjeet Ranjan (2022-28) (2022-2028)","Elected MP","06-Dec-2025","GRAM PANCHAYAT DERADIH","Payment Success","49589"
"260","Chhattisgarh","Construction of roads, link roads, pathways or any other road with or without drainage system","WS/MP225/2024-2025/164099","Balodabazar-Bhatapara(Collector Baloda Bazar_IDA)","Smt. Ranjeet Ranjan (2022-28) (2022-2028)","Elected MP","28-Apr-2025","GRAM PANCHAYAT DERADIH","Payment Success","40000"
"261","Chhattisgarh","Construction of roads, link roads, pathways or any other road with or without drainage system","WS/MP225/2024-2025/164099","Balodabazar-Bhatapara(Collector Baloda Bazar_IDA)","Smt. Ranjeet Ranjan (2022-28) (2022-2028)","Elected MP","29-Aug-2025","GRAM PANCHAYAT DERADIH","Payment Success","59808"
"262","Chhattisgarh","Construction of common work sheds/ common covered sitting area","WS/MP225/2025-2026/164100","Balodabazar-Bhatapara(Collector Baloda Bazar_IDA)","Smt. Ranjeet Ranjan (2022-28) (2022-2028)","Elected MP","17-Jun-2025","GRAM PANCHAYAT DERADIH","Payment Success","140000"
"263","Chhattisgarh","Construction of common work sheds/ common covered sitting area","WS/MP225/2025-2026/164100","Balodabazar-Bhatapara(Collector Baloda Bazar_IDA)","Smt. Ranjeet Ranjan (2022-28) (2022-2028)","Elected MP","24-Dec-2025","GRAM PANCHAYAT DERADIH","Payment Success","122000"
"264","Chhattisgarh","Installing tube-wells and borewells","WS/MP225/2024-2025/164101","Balodabazar-Bhatapara(Collector Baloda Bazar_IDA)","Smt. Ranjeet Ranjan (2022-28) (2022-2028)","Elected MP","28-Apr-2025","GRAM PANCHAYAT DERADIH","Payment Success","60000"
"265","Chhattisgarh","Installing tube-wells and borewells","WS/MP225/2024-2025/164101","Balodabazar-Bhatapara(Collector Baloda Bazar_IDA)","Smt. Ranjeet Ranjan (2022-28) (2022-2028)","Elected MP","06-Dec-2025","GRAM PANCHAYAT DERADIH","Payment Success","89984"
"266","Chhattisgarh","Construction of common work sheds/ common covered sitting area","WS/MP225/2024-2025/164102","Balodabazar-Bhatapara(Collector Baloda Bazar_IDA)","Smt. Ranjeet Ranjan (2022-28) (2022-2028)","Elected MP","28-Apr-2025","GRAM PANCHAYAT DERADIH","Payment Success","60000"
"267","Chhattisgarh","Construction of common work sheds/ common covered sitting area","WS/MP225/2024-2025/164102","Balodabazar-Bhatapara(Collector Baloda Bazar_IDA)","Smt. Ranjeet Ranjan (2022-28) (2022-2028)","Elected MP","19-Jul-2025","GRAM PANCHAYAT DERADIH","Payment Success","52500"
"268","Chhattisgarh","Construction of common work sheds/ common covered sitting area","WS/MP225/2024-2025/164102","Balodabazar-Bhatapara(Collector Baloda Bazar_IDA)","Smt. Ranjeet Ranjan (2022-28) (2022-2028)","Elected MP","06-Dec-2025","GRAM PANCHAYAT DERADIH","Payment Success","36500"
"269","Chhattisgarh","Construction of additional rooms and halls in the existing public and community building","WS/MP225/2024-2025/164103","Balodabazar-Bhatapara(Collector Baloda Bazar_IDA)","Smt. Ranjeet Ranjan (2022-28) (2022-2028)","Elected MP","28-Apr-2025","GRAM PANCHAYAT DERADIH","Payment Success","280000"
"270","Chhattisgarh","Construction of additional rooms and halls in the existing public and community building","WS/MP225/2024-2025/164103","Balodabazar-Bhatapara(Collector Baloda Bazar_IDA)","Smt. Ranjeet Ranjan (2022-28) (2022-2028)","Elected MP","11-Jul-2025","GRAM PANCHAYAT DERADIH","Payment Success","245000"
"271","Chhattisgarh","Construction of additional rooms and halls in the existing public and community building","WS/MP225/2024-2025/164103","Balodabazar-Bhatapara(Collector Baloda Bazar_IDA)","Smt. Ranjeet Ranjan (2022-28) (2022-2028)","Elected MP","06-Dec-2025","GRAM PANCHAYAT DERADIH","Payment Success","174000"
"272","Chhattisgarh","Construction of roads, link roads, pathways or any other road with or without drainage system","WS/MP225/2024-2025/164104","Balodabazar-Bhatapara(Collector Baloda Bazar_IDA)","Smt. Ranjeet Ranjan (2022-28) (2022-2028)","Elected MP","28-Apr-2025","GRAM PANCHAYAT DERADIH","Payment Success","120000"
"273","Chhattisgarh","Construction of roads, link roads, pathways or any other road with or without drainage system","WS/MP225/2024-2025/164104","Balodabazar-Bhatapara(Collector Baloda Bazar_IDA)","Smt. Ranjeet Ranjan (2022-28) (2022-2028)","Elected MP","29-Aug-2025","GRAM PANCHAYAT DERADIH","Payment Success","179000"
"274","Chhattisgarh","Construction of additional rooms and halls in the existing public and community building","WS/MP225/2024-2025/164106","Balodabazar-Bhatapara(Collector Baloda Bazar_IDA)","Smt. Ranjeet Ranjan (2022-28) (2022-2028)","Elected MP","28-Apr-2025","GRAM PANCHAYAT DERADIH","Payment Success","80000"
"275","Chhattisgarh","Construction of additional rooms and halls in the existing public and community building","WS/MP225/2024-2025/164106","Balodabazar-Bhatapara(Collector Baloda Bazar_IDA)","Smt. Ranjeet Ranjan (2022-28) (2022-2028)","Elected MP","20-Jul-2025","GRAM PANCHAYAT DERADIH","Payment Success","70000"
"276","Chhattisgarh","Construction of additional rooms and halls in the existing public and community building","WS/MP225/2024-2025/164106","Balodabazar-Bhatapara(Collector Baloda Bazar_IDA)","Smt. Ranjeet Ranjan (2022-28) (2022-2028)","Elected MP","06-Dec-2025","GRAM PANCHAYAT DERADIH","Payment Success","49000"
"277","Chhattisgarh","Installation of multi-gym equipment","WS/MP225/2025-2026/180132","JANJGIR-CHAMPA(DISTRICT COLLECTOR JANJGIR CHAMPA_IDA)","Smt. Ranjeet Ranjan (2022-28) (2022-2028)","Elected MP","08-Jul-2025","ECONATIVE VENTURES PRIVATE LIMITED","Payment Success","375000"
"278","Chhattisgarh","Installation of multi-gym equipment","WS/MP225/2025-2026/180132","JANJGIR-CHAMPA(DISTRICT COLLECTOR JANJGIR CHAMPA_IDA)","Smt. Ranjeet Ranjan (2022-28) (2022-2028)","Elected MP","24-Sep-2025","ECONATIVE VENTURES PRIVATE LIMITED","Payment Success","125000"
"279","Chhattisgarh","Installation of multi-gym equipment","WS/MP225/2025-2026/180133","JANJGIR-CHAMPA(DISTRICT COLLECTOR JANJGIR CHAMPA_IDA)","Smt. Ranjeet Ranjan (2022-28) (2022-2028)","Elected MP","08-Jul-2025","ECONATIVE VENTURES PRIVATE LIMITED","Payment Success","375000"
"280","Chhattisgarh","Installation of multi-gym equipment","WS/MP225/2025-2026/180133","JANJGIR-CHAMPA(DISTRICT COLLECTOR JANJGIR CHAMPA_IDA)","Smt. Ranjeet Ranjan (2022-28) (2022-2028)","Elected MP","24-Sep-2025","ECONATIVE VENTURES PRIVATE LIMITED","Payment Success","125000"
"281","Chhattisgarh","Installation of multi-gym equipment","WS/MP225/2025-2026/180134","JANJGIR-CHAMPA(DISTRICT COLLECTOR JANJGIR CHAMPA_IDA)","Smt. Ranjeet Ranjan (2022-28) (2022-2028)","Elected MP","08-Jul-2025","ECONATIVE VENTURES PRIVATE LIMITED","Payment Success","375000"
"282","Chhattisgarh","Installation of multi-gym equipment","WS/MP225/2025-2026/180134","JANJGIR-CHAMPA(DISTRICT COLLECTOR JANJGIR CHAMPA_IDA)","Smt. Ranjeet Ranjan (2022-28) (2022-2028)","Elected MP","24-Sep-2025","ECONATIVE VENTURES PRIVATE LIMITED","Payment Success","125000"
"283","Chhattisgarh","Installation of multi-gym equipment","WS/MP225/2025-2026/180135","JANJGIR-CHAMPA(DISTRICT COLLECTOR JANJGIR CHAMPA_IDA)","Smt. Ranjeet Ranjan (2022-28) (2022-2028)","Elected MP","08-Jul-2025","ECONATIVE VENTURES PRIVATE LIMITED","Payment Success","375000"
"284","Chhattisgarh","Installation of multi-gym equipment","WS/MP225/2025-2026/180135","JANJGIR-CHAMPA(DISTRICT COLLECTOR JANJGIR CHAMPA_IDA)","Smt. Ranjeet Ranjan (2022-28) (2022-2028)","Elected MP","24-Sep-2025","ECONATIVE VENTURES PRIVATE LIMITED","Payment Success","125000"
"285","Chhattisgarh","Installation of multi-gym equipment","WS/MP225/2025-2026/180136","JANJGIR-CHAMPA(DISTRICT COLLECTOR JANJGIR CHAMPA_IDA)","Smt. Ranjeet Ranjan (2022-28) (2022-2028)","Elected MP","08-Jul-2025","ECONATIVE VENTURES PRIVATE LIMITED","Payment Success","375000"
"286","Chhattisgarh","Installation of multi-gym equipment","WS/MP225/2025-2026/180136","JANJGIR-CHAMPA(DISTRICT COLLECTOR JANJGIR CHAMPA_IDA)","Smt. Ranjeet Ranjan (2022-28) (2022-2028)","Elected MP","24-Sep-2025","ECONATIVE VENTURES PRIVATE LIMITED","Payment Success","125000"
"287","Chhattisgarh","Installation of multi-gym equipment","WS/MP225/2025-2026/180137","JANJGIR-CHAMPA(DISTRICT COLLECTOR JANJGIR CHAMPA_IDA)","Smt. Ranjeet Ranjan (2022-28) (2022-2028)","Elected MP","08-Jul-2025","ECONATIVE VENTURES PRIVATE LIMITED","Payment Success","375000"
"288","Chhattisgarh","Installation of multi-gym equipment","WS/MP225/2025-2026/180137","JANJGIR-CHAMPA(DISTRICT COLLECTOR JANJGIR CHAMPA_IDA)","Smt. Ranjeet Ranjan (2022-28) (2022-2028)","Elected MP","24-Sep-2025","ECONATIVE VENTURES PRIVATE LIMITED","Payment Success","125000"
"289","Chhattisgarh","Installation of multi-gym equipment","WS/MP225/2025-2026/180138","JANJGIR-CHAMPA(DISTRICT COLLECTOR JANJGIR CHAMPA_IDA)","Smt. Ranjeet Ranjan (2022-28) (2022-2028)","Elected MP","08-Jul-2025","ECONATIVE VENTURES PRIVATE LIMITED","Payment Success","375000"
"290","Chhattisgarh","Installation of multi-gym equipment","WS/MP225/2025-2026/180138","JANJGIR-CHAMPA(DISTRICT COLLECTOR JANJGIR CHAMPA_IDA)","Smt. Ranjeet Ranjan (2022-28) (2022-2028)","Elected MP","24-Sep-2025","ECONATIVE VENTURES PRIVATE LIMITED","Payment Success","125000"
"291","Chhattisgarh","Installation of multi-gym equipment","WS/MP225/2025-2026/180139","JANJGIR-CHAMPA(DISTRICT COLLECTOR JANJGIR CHAMPA_IDA)","Smt. Ranjeet Ranjan (2022-28) (2022-2028)","Elected MP","08-Jul-2025","ECONATIVE VENTURES PRIVATE LIMITED","Payment Success","375000"
"292","Chhattisgarh","Installation of multi-gym equipment","WS/MP225/2025-2026/180139","JANJGIR-CHAMPA(DISTRICT COLLECTOR JANJGIR CHAMPA_IDA)","Smt. Ranjeet Ranjan (2022-28) (2022-2028)","Elected MP","24-Sep-2025","ECONATIVE VENTURES PRIVATE LIMITED","Payment Success","125000"
"293","Chhattisgarh","Installation of multi-gym equipment","WS/MP225/2025-2026/180140","JANJGIR-CHAMPA(DISTRICT COLLECTOR JANJGIR CHAMPA_IDA)","Smt. Ranjeet Ranjan (2022-28) (2022-2028)","Elected MP","08-Jul-2025","ECONATIVE VENTURES PRIVATE LIMITED","Payment Success","375000"
"294","Chhattisgarh","Installation of multi-gym equipment","WS/MP225/2025-2026/180140","JANJGIR-CHAMPA(DISTRICT COLLECTOR JANJGIR CHAMPA_IDA)","Smt. Ranjeet Ranjan (2022-28) (2022-2028)","Elected MP","24-Sep-2025","ECONATIVE VENTURES PRIVATE LIMITED","Payment Success","125000"
"295","Chhattisgarh","Installation of multi-gym equipment","WS/MP225/2025-2026/180141","JANJGIR-CHAMPA(DISTRICT COLLECTOR JANJGIR CHAMPA_IDA)","Smt. Ranjeet Ranjan (2022-28) (2022-2028)","Elected MP","08-Jul-2025","ECONATIVE VENTURES PRIVATE LIMITED","Payment Success","375000"
"296","Chhattisgarh","Installation of multi-gym equipment","WS/MP225/2025-2026/180141","JANJGIR-CHAMPA(DISTRICT COLLECTOR JANJGIR CHAMPA_IDA)","Smt. Ranjeet Ranjan (2022-28) (2022-2028)","Elected MP","24-Sep-2025","ECONATIVE VENTURES PRIVATE LIMITED","Payment Success","125000"
"297","Chhattisgarh","Installation of multi-gym equipment","WS/MP225/2025-2026/180142","JANJGIR-CHAMPA(DISTRICT COLLECTOR JANJGIR CHAMPA_IDA)","Smt. Ranjeet Ranjan (2022-28) (2022-2028)","Elected MP","08-Jul-2025","ECONATIVE VENTURES PRIVATE LIMITED","Payment Success","375000"
"298","Chhattisgarh","Installation of multi-gym equipment","WS/MP225/2025-2026/180142","JANJGIR-CHAMPA(DISTRICT COLLECTOR JANJGIR CHAMPA_IDA)","Smt. Ranjeet Ranjan (2022-28) (2022-2028)","Elected MP","24-Sep-2025","ECONATIVE VENTURES PRIVATE LIMITED","Payment Success","125000"
"299","Chhattisgarh","Installation of multi-gym equipment","WS/MP225/2025-2026/180143","JANJGIR-CHAMPA(DISTRICT COLLECTOR JANJGIR CHAMPA_IDA)","Smt. Ranjeet Ranjan (2022-28) (2022-2028)","Elected MP","08-Jul-2025","ECONATIVE VENTURES PRIVATE LIMITED","Payment Success","375000"
"300","Chhattisgarh","Installation of multi-gym equipment","WS/MP225/2025-2026/180143","JANJGIR-CHAMPA(DISTRICT COLLECTOR JANJGIR CHAMPA_IDA)","Smt. Ranjeet Ranjan (2022-28) (2022-2028)","Elected MP","24-Sep-2025","ECONATIVE VENTURES PRIVATE LIMITED","Payment Success","125000"
"301","Chhattisgarh","Installation of multi-gym equipment","WS/MP225/2025-2026/180144","JANJGIR-CHAMPA(DISTRICT COLLECTOR JANJGIR CHAMPA_IDA)","Smt. Ranjeet Ranjan (2022-28) (2022-2028)","Elected MP","08-Jul-2025","ECONATIVE VENTURES PRIVATE LIMITED","Payment Success","375000"
"302","Chhattisgarh","Installation of multi-gym equipment","WS/MP225/2025-2026/180144","JANJGIR-CHAMPA(DISTRICT COLLECTOR JANJGIR CHAMPA_IDA)","Smt. Ranjeet Ranjan (2022-28) (2022-2028)","Elected MP","24-Sep-2025","ECONATIVE VENTURES PRIVATE LIMITED","Payment Success","125000"
"303","Chhattisgarh","Installation of multi-gym equipment","WS/MP225/2025-2026/180145","JANJGIR-CHAMPA(DISTRICT COLLECTOR JANJGIR CHAMPA_IDA)","Smt. Ranjeet Ranjan (2022-28) (2022-2028)","Elected MP","08-Jul-2025","ECONATIVE VENTURES PRIVATE LIMITED","Payment Success","375000"
"304","Chhattisgarh","Installation of multi-gym equipment","WS/MP225/2025-2026/180145","JANJGIR-CHAMPA(DISTRICT COLLECTOR JANJGIR CHAMPA_IDA)","Smt. Ranjeet Ranjan (2022-28) (2022-2028)","Elected MP","24-Sep-2025","ECONATIVE VENTURES PRIVATE LIMITED","Payment Success","125000"
"305","Chhattisgarh","Installation of multi-gym equipment","WS/MP225/2025-2026/180150","SAKTI(COLLECTOR SAKTI_IDA)","Smt. Ranjeet Ranjan (2022-28) (2022-2028)","Elected MP","28-Aug-2025","ECONATIVE VENTURES PRIVATE LIMITED","Payment Success","375000"
"306","Chhattisgarh","Installation of multi-gym equipment","WS/MP225/2025-2026/180150","SAKTI(COLLECTOR SAKTI_IDA)","Smt. Ranjeet Ranjan (2022-28) (2022-2028)","Elected MP","24-Sep-2025","ECONATIVE VENTURES PRIVATE LIMITED","Payment Success","125000"
"307","Chhattisgarh","Installation of multi-gym equipment","WS/MP225/2025-2026/180151","SAKTI(COLLECTOR SAKTI_IDA)","Smt. Ranjeet Ranjan (2022-28) (2022-2028)","Elected MP","28-Aug-2025","ECONATIVE VENTURES PRIVATE LIMITED","Payment Success","375000"
"308","Chhattisgarh","Installation of multi-gym equipment","WS/MP225/2025-2026/180151","SAKTI(COLLECTOR SAKTI_IDA)","Smt. Ranjeet Ranjan (2022-28) (2022-2028)","Elected MP","24-Sep-2025","ECONATIVE VENTURES PRIVATE LIMITED","Payment Success","125000"
"309","Chhattisgarh","Installation of multi-gym equipment","WS/MP225/2025-2026/180152","SAKTI(COLLECTOR SAKTI_IDA)","Smt. Ranjeet Ranjan (2022-28) (2022-2028)","Elected MP","28-Aug-2025","ECONATIVE VENTURES PRIVATE LIMITED","Payment Success","375000"
"310","Chhattisgarh","Installation of multi-gym equipment","WS/MP225/2025-2026/180152","SAKTI(COLLECTOR SAKTI_IDA)","Smt. Ranjeet Ranjan (2022-28) (2022-2028)","Elected MP","24-Sep-2025","ECONATIVE VENTURES PRIVATE LIMITED","Payment Success","125000"
"311","Chhattisgarh","Installation of multi-gym equipment","WS/MP225/2025-2026/180153","SAKTI(COLLECTOR SAKTI_IDA)","Smt. Ranjeet Ranjan (2022-28) (2022-2028)","Elected MP","28-Aug-2025","ECONATIVE VENTURES PRIVATE LIMITED","Payment Success","375000"
"312","Chhattisgarh","Installation of multi-gym equipment","WS/MP225/2025-2026/180153","SAKTI(COLLECTOR SAKTI_IDA)","Smt. Ranjeet Ranjan (2022-28) (2022-2028)","Elected MP","24-Sep-2025","ECONATIVE VENTURES PRIVATE LIMITED","Payment Success","125000"
"313","Chhattisgarh","Installation of multi-gym equipment","WS/MP225/2025-2026/180154","SAKTI(COLLECTOR SAKTI_IDA)","Smt. Ranjeet Ranjan (2022-28) (2022-2028)","Elected MP","28-Aug-2025","ECONATIVE VENTURES PRIVATE LIMITED","Payment Success","375000"
"314","Chhattisgarh","Installation of multi-gym equipment","WS/MP225/2025-2026/180154","SAKTI(COLLECTOR SAKTI_IDA)","Smt. Ranjeet Ranjan (2022-28) (2022-2028)","Elected MP","24-Sep-2025","ECONATIVE VENTURES PRIVATE LIMITED","Payment Success","125000"
"315","Chhattisgarh","Lighting of public spaces","WS/MP225/2025-2026/190750","SURGUJA(Collector Surguja_IDA)","Smt. Ranjeet Ranjan (2022-28) (2022-2028)","Elected MP","10-Sep-2025","STARCARE ENTERPRISES LLP","Payment Success","250000"
"316","Chhattisgarh","Lighting of public spaces","WS/MP225/2025-2026/190750","SURGUJA(Collector Surguja_IDA)","Smt. Ranjeet Ranjan (2022-28) (2022-2028)","Elected MP","10-Apr-2026","STARCARE ENTERPRISES LLP","Payment In-Progress","249668"
"317","Chhattisgarh","Lighting of public spaces","WS/MP225/2025-2026/190751","SURGUJA(Collector Surguja_IDA)","Smt. Ranjeet Ranjan (2022-28) (2022-2028)","Elected MP","10-Sep-2025","STARCARE ENTERPRISES LLP","Payment Success","250000"
"318","Chhattisgarh","Lighting of public spaces","WS/MP225/2025-2026/190751","SURGUJA(Collector Surguja_IDA)","Smt. Ranjeet Ranjan (2022-28) (2022-2028)","Elected MP","10-Apr-2026","STARCARE ENTERPRISES LLP","Payment In-Progress","249668"
"319","Chhattisgarh","Lighting of public spaces","WS/MP225/2025-2026/190752","SURGUJA(Collector Surguja_IDA)","Smt. Ranjeet Ranjan (2022-28) (2022-2028)","Elected MP","10-Sep-2025","STARCARE ENTERPRISES LLP","Payment Success","250000"
"320","Chhattisgarh","Lighting of public spaces","WS/MP225/2025-2026/190752","SURGUJA(Collector Surguja_IDA)","Smt. Ranjeet Ranjan (2022-28) (2022-2028)","Elected MP","10-Apr-2026","STARCARE ENTERPRISES LLP","Payment In-Progress","249668"
"321","Chhattisgarh","Lighting of public spaces","WS/MP225/2025-2026/190753","SURGUJA(Collector Surguja_IDA)","Smt. Ranjeet Ranjan (2022-28) (2022-2028)","Elected MP","10-Sep-2025","STARCARE ENTERPRISES LLP","Payment Success","250000"
"322","Chhattisgarh","Lighting of public spaces","WS/MP225/2025-2026/190753","SURGUJA(Collector Surguja_IDA)","Smt. Ranjeet Ranjan (2022-28) (2022-2028)","Elected MP","10-Apr-2026","STARCARE ENTERPRISES LLP","Payment In-Progress","249668"
"323","Chhattisgarh","Lighting of public spaces","WS/MP225/2025-2026/190754","SURGUJA(Collector Surguja_IDA)","Smt. Ranjeet Ranjan (2022-28) (2022-2028)","Elected MP","10-Sep-2025","STARCARE ENTERPRISES LLP","Payment Success","250000"
"324","Chhattisgarh","Lighting of public spaces","WS/MP225/2025-2026/190754","SURGUJA(Collector Surguja_IDA)","Smt. Ranjeet Ranjan (2022-28) (2022-2028)","Elected MP","10-Apr-2026","STARCARE ENTERPRISES LLP","Payment In-Progress","249668"
"325","Chhattisgarh","Lighting of public spaces","WS/MP225/2025-2026/190755","SURGUJA(Collector Surguja_IDA)","Smt. Ranjeet Ranjan (2022-28) (2022-2028)","Elected MP","10-Sep-2025","STARCARE ENTERPRISES LLP","Payment Success","250000"
"326","Chhattisgarh","Lighting of public spaces","WS/MP225/2025-2026/190755","SURGUJA(Collector Surguja_IDA)","Smt. Ranjeet Ranjan (2022-28) (2022-2028)","Elected MP","10-Apr-2026","STARCARE ENTERPRISES LLP","Payment In-Progress","249668"
"327","Chhattisgarh","Lighting of public spaces","WS/MP225/2025-2026/190756","SURGUJA(Collector Surguja_IDA)","Smt. Ranjeet Ranjan (2022-28) (2022-2028)","Elected MP","10-Sep-2025","STARCARE ENTERPRISES LLP","Payment Success","250000"
"328","Chhattisgarh","Lighting of public spaces","WS/MP225/2025-2026/190756","SURGUJA(Collector Surguja_IDA)","Smt. Ranjeet Ranjan (2022-28) (2022-2028)","Elected MP","10-Apr-2026","STARCARE ENTERPRISES LLP","Payment In-Progress","249668"
"329","Chhattisgarh","Lighting of public spaces","WS/MP225/2025-2026/190757","SURGUJA(Collector Surguja_IDA)","Smt. Ranjeet Ranjan (2022-28) (2022-2028)","Elected MP","10-Sep-2025","STARCARE ENTERPRISES LLP","Payment Success","250000"
"330","Chhattisgarh","Lighting of public spaces","WS/MP225/2025-2026/190757","SURGUJA(Collector Surguja_IDA)","Smt. Ranjeet Ranjan (2022-28) (2022-2028)","Elected MP","10-Apr-2026","STARCARE ENTERPRISES LLP","Payment In-Progress","249668"
"331","Chhattisgarh","Lighting of public spaces","WS/MP225/2025-2026/190758","SURGUJA(Collector Surguja_IDA)","Smt. Ranjeet Ranjan (2022-28) (2022-2028)","Elected MP","10-Sep-2025","STARCARE ENTERPRISES LLP","Payment Success","250000"
"332","Chhattisgarh","Lighting of public spaces","WS/MP225/2025-2026/190758","SURGUJA(Collector Surguja_IDA)","Smt. Ranjeet Ranjan (2022-28) (2022-2028)","Elected MP","10-Apr-2026","STARCARE ENTERPRISES LLP","Payment In-Progress","249668"
"333","Chhattisgarh","Lighting of public spaces","WS/MP225/2025-2026/190759","SURGUJA(Collector Surguja_IDA)","Smt. Ranjeet Ranjan (2022-28) (2022-2028)","Elected MP","10-Sep-2025","STARCARE ENTERPRISES LLP","Payment Success","250000"
"334","Chhattisgarh","Lighting of public spaces","WS/MP225/2025-2026/190759","SURGUJA(Collector Surguja_IDA)","Smt. Ranjeet Ranjan (2022-28) (2022-2028)","Elected MP","10-Apr-2026","STARCARE ENTERPRISES LLP","Payment In-Progress","249668"
"335","Chhattisgarh","Lighting of public spaces","WS/MP225/2025-2026/190760","SURGUJA(Collector Surguja_IDA)","Smt. Ranjeet Ranjan (2022-28) (2022-2028)","Elected MP","10-Sep-2025","STARCARE ENTERPRISES LLP","Payment Success","250000"
"336","Chhattisgarh","Lighting of public spaces","WS/MP225/2025-2026/190760","SURGUJA(Collector Surguja_IDA)","Smt. Ranjeet Ranjan (2022-28) (2022-2028)","Elected MP","10-Apr-2026","STARCARE ENTERPRISES LLP","Payment In-Progress","249668"
"337","Chhattisgarh","Lighting of public spaces","WS/MP225/2025-2026/190761","SURGUJA(Collector Surguja_IDA)","Smt. Ranjeet Ranjan (2022-28) (2022-2028)","Elected MP","10-Sep-2025","STARCARE ENTERPRISES LLP","Payment Success","250000"
"338","Chhattisgarh","Lighting of public spaces","WS/MP225/2025-2026/190761","SURGUJA(Collector Surguja_IDA)","Smt. Ranjeet Ranjan (2022-28) (2022-2028)","Elected MP","10-Apr-2026","STARCARE ENTERPRISES LLP","Payment In-Progress","249668"
"339","Chhattisgarh","Lighting of public spaces","WS/MP225/2025-2026/190762","SURGUJA(Collector Surguja_IDA)","Smt. Ranjeet Ranjan (2022-28) (2022-2028)","Elected MP","10-Sep-2025","STARCARE ENTERPRISES LLP","Payment Success","250000"
"340","Chhattisgarh","Lighting of public spaces","WS/MP225/2025-2026/190762","SURGUJA(Collector Surguja_IDA)","Smt. Ranjeet Ranjan (2022-28) (2022-2028)","Elected MP","10-Apr-2026","STARCARE ENTERPRISES LLP","Payment In-Progress","249668"
"341","Chhattisgarh","Lighting of public spaces","WS/MP225/2025-2026/190771","SURGUJA(Collector Surguja_IDA)","Smt. Ranjeet Ranjan (2022-28) (2022-2028)","Elected MP","10-Sep-2025","STARCARE ENTERPRISES LLP","Payment Success","250000"
"342","Chhattisgarh","Lighting of public spaces","WS/MP225/2025-2026/190771","SURGUJA(Collector Surguja_IDA)","Smt. Ranjeet Ranjan (2022-28) (2022-2028)","Elected MP","22-May-2026","STARCARE ENTERPRISES LLP","Payment In-Progress","249668"
"343","Chhattisgarh","Lighting of public spaces","WS/MP225/2025-2026/190772","SURGUJA(Collector Surguja_IDA)","Smt. Ranjeet Ranjan (2022-28) (2022-2028)","Elected MP","10-Sep-2025","STARCARE ENTERPRISES LLP","Payment Success","250000"
"344","Chhattisgarh","Lighting of public spaces","WS/MP225/2025-2026/190772","SURGUJA(Collector Surguja_IDA)","Smt. Ranjeet Ranjan (2022-28) (2022-2028)","Elected MP","22-May-2026","STARCARE ENTERPRISES LLP","Payment In-Progress","249668"
"345","Chhattisgarh","Lighting of public spaces","WS/MP225/2025-2026/190773","SURGUJA(Collector Surguja_IDA)","Smt. Ranjeet Ranjan (2022-28) (2022-2028)","Elected MP","10-Sep-2025","STARCARE ENTERPRISES LLP","Payment Success","250000"
"346","Chhattisgarh","Lighting of public spaces","WS/MP225/2025-2026/190773","SURGUJA(Collector Surguja_IDA)","Smt. Ranjeet Ranjan (2022-28) (2022-2028)","Elected MP","10-Apr-2026","STARCARE ENTERPRISES LLP","Payment In-Progress","249668"
"347","Chhattisgarh","Lighting of public spaces","WS/MP225/2025-2026/190774","SURGUJA(Collector Surguja_IDA)","Smt. Ranjeet Ranjan (2022-28) (2022-2028)","Elected MP","10-Sep-2025","STARCARE ENTERPRISES LLP","Payment Success","250000"
"348","Chhattisgarh","Lighting of public spaces","WS/MP225/2025-2026/190774","SURGUJA(Collector Surguja_IDA)","Smt. Ranjeet Ranjan (2022-28) (2022-2028)","Elected MP","10-Apr-2026","STARCARE ENTERPRISES LLP","Payment In-Progress","249668"
"349","Chhattisgarh","Lighting of public spaces","WS/MP225/2025-2026/190775","SURGUJA(Collector Surguja_IDA)","Smt. Ranjeet Ranjan (2022-28) (2022-2028)","Elected MP","10-Sep-2025","STARCARE ENTERPRISES LLP","Payment Success","250000"
"350","Chhattisgarh","Lighting of public spaces","WS/MP225/2025-2026/190775","SURGUJA(Collector Surguja_IDA)","Smt. Ranjeet Ranjan (2022-28) (2022-2028)","Elected MP","10-Apr-2026","STARCARE ENTERPRISES LLP","Payment In-Progress","249668"
"351","Chhattisgarh","Lighting of public spaces","WS/MP225/2025-2026/190776","SURGUJA(Collector Surguja_IDA)","Smt. Ranjeet Ranjan (2022-28) (2022-2028)","Elected MP","10-Sep-2025","STARCARE ENTERPRISES LLP","Payment Success","250000"
"352","Chhattisgarh","Lighting of public spaces","WS/MP225/2025-2026/190776","SURGUJA(Collector Surguja_IDA)","Smt. Ranjeet Ranjan (2022-28) (2022-2028)","Elected MP","10-Apr-2026","STARCARE ENTERPRISES LLP","Payment In-Progress","249668"
"353","Chhattisgarh","Lighting of public spaces","WS/MP225/2025-2026/190777","SURGUJA(Collector Surguja_IDA)","Smt. Ranjeet Ranjan (2022-28) (2022-2028)","Elected MP","10-Sep-2025","STARCARE ENTERPRISES LLP","Payment Success","250000"
"354","Chhattisgarh","Lighting of public spaces","WS/MP225/2025-2026/190777","SURGUJA(Collector Surguja_IDA)","Smt. Ranjeet Ranjan (2022-28) (2022-2028)","Elected MP","10-Apr-2026","STARCARE ENTERPRISES LLP","Payment In-Progress","249668"
"355","Chhattisgarh","Lighting of public spaces","WS/MP225/2025-2026/190778","SURGUJA(Collector Surguja_IDA)","Smt. Ranjeet Ranjan (2022-28) (2022-2028)","Elected MP","10-Sep-2025","STARCARE ENTERPRISES LLP","Payment Success","250000"
"356","Chhattisgarh","Lighting of public spaces","WS/MP225/2025-2026/190778","SURGUJA(Collector Surguja_IDA)","Smt. Ranjeet Ranjan (2022-28) (2022-2028)","Elected MP","10-Apr-2026","STARCARE ENTERPRISES LLP","Payment In-Progress","249668"
"357","Chhattisgarh","Lighting of public spaces","WS/MP225/2025-2026/191536","RAJNANDGAON(DISTRICT COLLECTOR RAJNANDGAON_IDA)","Smt. Ranjeet Ranjan (2022-28) (2022-2028)","Elected MP","25-Aug-2025","POORVA ENGINEERS AND CONSULTANTS","Payment Success","199950"
"358","Chhattisgarh","Lighting of public spaces","WS/MP225/2025-2026/191536","RAJNANDGAON(DISTRICT COLLECTOR RAJNANDGAON_IDA)","Smt. Ranjeet Ranjan (2022-28) (2022-2028)","Elected MP","30-Sep-2025","POORVA ENGINEERS AND CONSULTANTS","Payment Success","199952"
"359","Chhattisgarh","Lighting of public spaces","WS/MP225/2025-2026/191537","RAJNANDGAON(DISTRICT COLLECTOR RAJNANDGAON_IDA)","Smt. Ranjeet Ranjan (2022-28) (2022-2028)","Elected MP","25-Aug-2025","POORVA ENGINEERS AND CONSULTANTS","Payment Success","199950"
"360","Chhattisgarh","Lighting of public spaces","WS/MP225/2025-2026/191537","RAJNANDGAON(DISTRICT COLLECTOR RAJNANDGAON_IDA)","Smt. Ranjeet Ranjan (2022-28) (2022-2028)","Elected MP","30-Sep-2025","POORVA ENGINEERS AND CONSULTANTS","Payment Success","199952"
"361","Chhattisgarh","Lighting of public spaces","WS/MP225/2025-2026/191538","RAJNANDGAON(DISTRICT COLLECTOR RAJNANDGAON_IDA)","Smt. Ranjeet Ranjan (2022-28) (2022-2028)","Elected MP","25-Aug-2025","POORVA ENGINEERS AND CONSULTANTS","Payment Success","199950"
"362","Chhattisgarh","Lighting of public spaces","WS/MP225/2025-2026/191538","RAJNANDGAON(DISTRICT COLLECTOR RAJNANDGAON_IDA)","Smt. Ranjeet Ranjan (2022-28) (2022-2028)","Elected MP","30-Sep-2025","POORVA ENGINEERS AND CONSULTANTS","Payment Success","199952"
"363","Chhattisgarh","Lighting of public spaces","WS/MP225/2025-2026/191539","RAJNANDGAON(DISTRICT COLLECTOR RAJNANDGAON_IDA)","Smt. Ranjeet Ranjan (2022-28) (2022-2028)","Elected MP","25-Aug-2025","POORVA ENGINEERS AND CONSULTANTS","Payment Success","199950"
"364","Chhattisgarh","Lighting of public spaces","WS/MP225/2025-2026/191539","RAJNANDGAON(DISTRICT COLLECTOR RAJNANDGAON_IDA)","Smt. Ranjeet Ranjan (2022-28) (2022-2028)","Elected MP","30-Sep-2025","POORVA ENGINEERS AND CONSULTANTS","Payment Success","199952"
"365","Chhattisgarh","Lighting of public spaces","WS/MP225/2025-2026/191540","RAJNANDGAON(DISTRICT COLLECTOR RAJNANDGAON_IDA)","Smt. Ranjeet Ranjan (2022-28) (2022-2028)","Elected MP","25-Aug-2025","POORVA ENGINEERS AND CONSULTANTS","Payment Success","199950"
"366","Chhattisgarh","Lighting of public spaces","WS/MP225/2025-2026/191540","RAJNANDGAON(DISTRICT COLLECTOR RAJNANDGAON_IDA)","Smt. Ranjeet Ranjan (2022-28) (2022-2028)","Elected MP","30-Sep-2025","POORVA ENGINEERS AND CONSULTANTS","Payment Success","199952"
"367","Chhattisgarh","Lighting of public spaces","WS/MP225/2025-2026/191541","RAJNANDGAON(DISTRICT COLLECTOR RAJNANDGAON_IDA)","Smt. Ranjeet Ranjan (2022-28) (2022-2028)","Elected MP","25-Aug-2025","POORVA ENGINEERS AND CONSULTANTS","Payment Success","199950"
"368","Chhattisgarh","Lighting of public spaces","WS/MP225/2025-2026/191541","RAJNANDGAON(DISTRICT COLLECTOR RAJNANDGAON_IDA)","Smt. Ranjeet Ranjan (2022-28) (2022-2028)","Elected MP","30-Sep-2025","POORVA ENGINEERS AND CONSULTANTS","Payment Success","199952"
"369","Chhattisgarh","Lighting of public spaces","WS/MP225/2025-2026/191542","RAJNANDGAON(DISTRICT COLLECTOR RAJNANDGAON_IDA)","Smt. Ranjeet Ranjan (2022-28) (2022-2028)","Elected MP","25-Aug-2025","POORVA ENGINEERS AND CONSULTANTS","Payment Success","199950"
"370","Chhattisgarh","Lighting of public spaces","WS/MP225/2025-2026/191542","RAJNANDGAON(DISTRICT COLLECTOR RAJNANDGAON_IDA)","Smt. Ranjeet Ranjan (2022-28) (2022-2028)","Elected MP","30-Sep-2025","POORVA ENGINEERS AND CONSULTANTS","Payment Success","199952"
"371","Chhattisgarh","Lighting of public spaces","WS/MP225/2025-2026/191543","RAJNANDGAON(DISTRICT COLLECTOR RAJNANDGAON_IDA)","Smt. Ranjeet Ranjan (2022-28) (2022-2028)","Elected MP","25-Aug-2025","POORVA ENGINEERS AND CONSULTANTS","Payment Success","199950"
"372","Chhattisgarh","Lighting of public spaces","WS/MP225/2025-2026/191543","RAJNANDGAON(DISTRICT COLLECTOR RAJNANDGAON_IDA)","Smt. Ranjeet Ranjan (2022-28) (2022-2028)","Elected MP","30-Sep-2025","POORVA ENGINEERS AND CONSULTANTS","Payment Success","199952"
"373","Chhattisgarh","Lighting of public spaces","WS/MP225/2025-2026/191544","RAJNANDGAON(DISTRICT COLLECTOR RAJNANDGAON_IDA)","Smt. Ranjeet Ranjan (2022-28) (2022-2028)","Elected MP","25-Aug-2025","POORVA ENGINEERS AND CONSULTANTS","Payment Success","199950"
"374","Chhattisgarh","Lighting of public spaces","WS/MP225/2025-2026/191544","RAJNANDGAON(DISTRICT COLLECTOR RAJNANDGAON_IDA)","Smt. Ranjeet Ranjan (2022-28) (2022-2028)","Elected MP","30-Sep-2025","POORVA ENGINEERS AND CONSULTANTS","Payment Success","199952"
"375","Chhattisgarh","Lighting of public spaces","WS/MP225/2025-2026/191545","RAJNANDGAON(DISTRICT COLLECTOR RAJNANDGAON_IDA)","Smt. Ranjeet Ranjan (2022-28) (2022-2028)","Elected MP","25-Aug-2025","POORVA ENGINEERS AND CONSULTANTS","Payment Success","199950"
"376","Chhattisgarh","Lighting of public spaces","WS/MP225/2025-2026/191545","RAJNANDGAON(DISTRICT COLLECTOR RAJNANDGAON_IDA)","Smt. Ranjeet Ranjan (2022-28) (2022-2028)","Elected MP","01-Oct-2025","POORVA ENGINEERS AND CONSULTANTS","Payment Success","199952"
"377","Chhattisgarh","Lighting of public spaces","WS/MP225/2025-2026/191546","RAJNANDGAON(DISTRICT COLLECTOR RAJNANDGAON_IDA)","Smt. Ranjeet Ranjan (2022-28) (2022-2028)","Elected MP","25-Aug-2025","Pra Infra Projects","Payment Success","199950"
"378","Chhattisgarh","Lighting of public spaces","WS/MP225/2025-2026/191546","RAJNANDGAON(DISTRICT COLLECTOR RAJNANDGAON_IDA)","Smt. Ranjeet Ranjan (2022-28) (2022-2028)","Elected MP","01-Oct-2025","Pra Infra Projects","Payment Success","199952"
"379","Chhattisgarh","Lighting of public spaces","WS/MP225/2025-2026/191547","RAJNANDGAON(DISTRICT COLLECTOR RAJNANDGAON_IDA)","Smt. Ranjeet Ranjan (2022-28) (2022-2028)","Elected MP","25-Aug-2025","Pra Infra Projects","Payment Success","199950"
"380","Chhattisgarh","Lighting of public spaces","WS/MP225/2025-2026/191547","RAJNANDGAON(DISTRICT COLLECTOR RAJNANDGAON_IDA)","Smt. Ranjeet Ranjan (2022-28) (2022-2028)","Elected MP","01-Oct-2025","Pra Infra Projects","Payment Success","199952"
"381","Chhattisgarh","Lighting of public spaces","WS/MP225/2025-2026/191548","RAJNANDGAON(DISTRICT COLLECTOR RAJNANDGAON_IDA)","Smt. Ranjeet Ranjan (2022-28) (2022-2028)","Elected MP","25-Aug-2025","POORVA ENGINEERS AND CONSULTANTS","Payment Success","199950"
"382","Chhattisgarh","Lighting of public spaces","WS/MP225/2025-2026/191548","RAJNANDGAON(DISTRICT COLLECTOR RAJNANDGAON_IDA)","Smt. Ranjeet Ranjan (2022-28) (2022-2028)","Elected MP","30-Sep-2025","POORVA ENGINEERS AND CONSULTANTS","Payment Success","199952"
"383","Chhattisgarh","Lighting of public spaces","WS/MP225/2025-2026/191549","RAJNANDGAON(DISTRICT COLLECTOR RAJNANDGAON_IDA)","Smt. Ranjeet Ranjan (2022-28) (2022-2028)","Elected MP","25-Aug-2025","POORVA ENGINEERS AND CONSULTANTS","Payment Success","199950"
"384","Chhattisgarh","Lighting of public spaces","WS/MP225/2025-2026/191549","RAJNANDGAON(DISTRICT COLLECTOR RAJNANDGAON_IDA)","Smt. Ranjeet Ranjan (2022-28) (2022-2028)","Elected MP","30-Sep-2025","POORVA ENGINEERS AND CONSULTANTS","Payment Success","199952"
"385","Chhattisgarh","Lighting of public spaces","WS/MP225/2025-2026/191555","RAJNANDGAON(DISTRICT COLLECTOR RAJNANDGAON_IDA)","Smt. Ranjeet Ranjan (2022-28) (2022-2028)","Elected MP","25-Aug-2025","POORVA ENGINEERS AND CONSULTANTS","Payment Success","199950"
"386","Chhattisgarh","Lighting of public spaces","WS/MP225/2025-2026/191555","RAJNANDGAON(DISTRICT COLLECTOR RAJNANDGAON_IDA)","Smt. Ranjeet Ranjan (2022-28) (2022-2028)","Elected MP","01-Oct-2025","POORVA ENGINEERS AND CONSULTANTS","Payment Success","199952"
"387","Chhattisgarh","Construction of community centers and community halls","WS/MP225/2025-2026/191556","Balodabazar-Bhatapara(Collector Baloda Bazar_IDA)","Smt. Ranjeet Ranjan (2022-28) (2022-2028)","Elected MP","19-Jun-2025","GRAM PANCHAYAT BAIJNATH","Payment Success","800000"
"388","Chhattisgarh","Construction of community centers and community halls","WS/MP225/2025-2026/191556","Balodabazar-Bhatapara(Collector Baloda Bazar_IDA)","Smt. Ranjeet Ranjan (2022-28) (2022-2028)","Elected MP","25-Jul-2025","GRAM PANCHAYAT BAIJNATH","Payment Success","700000"
"389","Chhattisgarh","Construction of community centers and community halls","WS/MP225/2025-2026/191556","Balodabazar-Bhatapara(Collector Baloda Bazar_IDA)","Smt. Ranjeet Ranjan (2022-28) (2022-2028)","Elected MP","02-Feb-2026","GRAM PANCHAYAT BAIJNATH","Payment Success","500000"
"390","Chhattisgarh","Development of playfields and sports grounds","WS/MP225/2025-2026/191557","Balodabazar-Bhatapara(Collector Baloda Bazar_IDA)","Smt. Ranjeet Ranjan (2022-28) (2022-2028)","Elected MP","04-Aug-2025","GRAM PANCHAYAT NAVRANGPUR","Payment Success","400000"
"391","Chhattisgarh","Development of playfields and sports grounds","WS/MP225/2025-2026/191557","Balodabazar-Bhatapara(Collector Baloda Bazar_IDA)","Smt. Ranjeet Ranjan (2022-28) (2022-2028)","Elected MP","14-Jan-2026","GRAM PANCHAYAT NAVRANGPUR","Payment Success","350000"
"392","Chhattisgarh","Development of playfields and sports grounds","WS/MP225/2025-2026/191557","Balodabazar-Bhatapara(Collector Baloda Bazar_IDA)","Smt. Ranjeet Ranjan (2022-28) (2022-2028)","Elected MP","13-Jul-2026","GRAM PANCHAYAT NAVRANGPUR","Payment Success","249100"
"393","Chhattisgarh","Construction of roads, link roads, pathways or any other road with or without drainage system","WS/MP225/2025-2026/191558","Balodabazar-Bhatapara(Collector Baloda Bazar_IDA)","Smt. Ranjeet Ranjan (2022-28) (2022-2028)","Elected MP","04-Aug-2025","GRAM PANCHAYAT NARDHA","Payment Success","400000"
"394","Chhattisgarh","Construction of roads, link roads, pathways or any other road with or without drainage system","WS/MP225/2025-2026/191558","Balodabazar-Bhatapara(Collector Baloda Bazar_IDA)","Smt. Ranjeet Ranjan (2022-28) (2022-2028)","Elected MP","18-Mar-2026","GRAM PANCHAYAT NARDHA","Payment Success","600000"
"395","Chhattisgarh","Construction of roads, link roads, pathways or any other road with or without drainage system","WS/MP225/2025-2026/191559","Balodabazar-Bhatapara(Collector Baloda Bazar_IDA)","Smt. Ranjeet Ranjan (2022-28) (2022-2028)","Elected MP","04-Aug-2025","GRAM PANCHAYAT BARPANI","Payment Success","400000"
"396","Chhattisgarh","Construction of roads, link roads, pathways or any other road with or without drainage system","WS/MP225/2025-2026/191559","Balodabazar-Bhatapara(Collector Baloda Bazar_IDA)","Smt. Ranjeet Ranjan (2022-28) (2022-2028)","Elected MP","10-Feb-2026","GRAM PANCHAYAT BARPANI","Payment Success","600000"
"397","Chhattisgarh","Construction of roads, link roads, pathways or any other road with or without drainage system","WS/MP225/2025-2026/191560","Balodabazar-Bhatapara(Collector Baloda Bazar_IDA)","Smt. Ranjeet Ranjan (2022-28) (2022-2028)","Elected MP","19-Jun-2025","GRAM PANCHAYAT CHATA","Payment Success","400000"
"398","Chhattisgarh","Construction of roads, link roads, pathways or any other road with or without drainage system","WS/MP225/2025-2026/191560","Balodabazar-Bhatapara(Collector Baloda Bazar_IDA)","Smt. Ranjeet Ranjan (2022-28) (2022-2028)","Elected MP","05-Jan-2026","GRAM PANCHAYAT CHATA","Payment Success","350000"
"399","Chhattisgarh","Construction of roads, link roads, pathways or any other road with or without drainage system","WS/MP225/2025-2026/191560","Balodabazar-Bhatapara(Collector Baloda Bazar_IDA)","Smt. Ranjeet Ranjan (2022-28) (2022-2028)","Elected MP","02-Feb-2026","GRAM PANCHAYAT CHATA","Payment Success","250000"
"400","Chhattisgarh","Construction of roads, link roads, pathways or any other road with or without drainage system","WS/MP225/2025-2026/191561","Balodabazar-Bhatapara(Collector Baloda Bazar_IDA)","Smt. Ranjeet Ranjan (2022-28) (2022-2028)","Elected MP","04-Aug-2025","GRAM PANCHAYAT NAGARDA","Payment Success","400000"
"401","Chhattisgarh","Construction of roads, link roads, pathways or any other road with or without drainage system","WS/MP225/2025-2026/191561","Balodabazar-Bhatapara(Collector Baloda Bazar_IDA)","Smt. Ranjeet Ranjan (2022-28) (2022-2028)","Elected MP","30-Oct-2025","GRAM PANCHAYAT NAGARDA","Payment Success","350000"
"402","Chhattisgarh","Construction of roads, link roads, pathways or any other road with or without drainage system","WS/MP225/2025-2026/191561","Balodabazar-Bhatapara(Collector Baloda Bazar_IDA)","Smt. Ranjeet Ranjan (2022-28) (2022-2028)","Elected MP","12-Dec-2025","GRAM PANCHAYAT NAGARDA","Payment Success","250000"
"403","Chhattisgarh","Construction of common work sheds/ common covered sitting area","WS/MP225/2025-2026/192631","MUNGELI(Collector Mungeli_IDA)","Smt. Ranjeet Ranjan (2022-28) (2022-2028)","Elected MP","26-Jun-2025","GRAM PANCHYAT KIRNA SGVY","Payment Success","400000"
"404","Chhattisgarh","Construction of common work sheds/ common covered sitting area","WS/MP225/2025-2026/192631","MUNGELI(Collector Mungeli_IDA)","Smt. Ranjeet Ranjan (2022-28) (2022-2028)","Elected MP","21-Aug-2025","GRAM PANCHYAT KIRNA SGVY","Payment Success","590035"
"405","Chhattisgarh","Development of playground","WS/MP225/2025-2026/192632","MUNGELI(Collector Mungeli_IDA)","Smt. Ranjeet Ranjan (2022-28) (2022-2028)","Elected MP","26-Jun-2025","GRAM PANCHYAT KODUKAPA SGVY","Payment Success","400000"
"406","Chhattisgarh","Development of playground","WS/MP225/2025-2026/192632","MUNGELI(Collector Mungeli_IDA)","Smt. Ranjeet Ranjan (2022-28) (2022-2028)","Elected MP","29-Jun-2025","GRAM PANCHYAT KODUKAPA SGVY","Payment Success","400000"
"407","Chhattisgarh","Development of playground","WS/MP225/2025-2026/192632","MUNGELI(Collector Mungeli_IDA)","Smt. Ranjeet Ranjan (2022-28) (2022-2028)","Elected MP","21-Aug-2025","GRAM PANCHYAT KODUKAPA SGVY","Payment Success","199782"
"408","Chhattisgarh","Development of playfields and sports grounds","WS/MP225/2025-2026/192633","MUNGELI(Collector Mungeli_IDA)","Smt. Ranjeet Ranjan (2022-28) (2022-2028)","Elected MP","30-Jun-2025","GRAM PANCHYAT SAMBALPUR SGVY","Payment Success","400000"
"409","Chhattisgarh","Development of playfields and sports grounds","WS/MP225/2025-2026/192633","MUNGELI(Collector Mungeli_IDA)","Smt. Ranjeet Ranjan (2022-28) (2022-2028)","Elected MP","01-Aug-2025","GRAM PANCHYAT SAMBALPUR SGVY","Payment Success","599040"
"410","Chhattisgarh","Construction of roads, link roads, pathways or any other road with or without drainage system","WS/MP225/2025-2026/192634","JANJGIR-CHAMPA(DISTRICT COLLECTOR JANJGIR CHAMPA_IDA)","Smt. Ranjeet Ranjan (2022-28) (2022-2028)","Elected MP","26-May-2025","GRAM PANCHAYAT TANOD","Payment Success","400000"
"411","Chhattisgarh","Construction of roads, link roads, pathways or any other road with or without drainage system","WS/MP225/2025-2026/192634","JANJGIR-CHAMPA(DISTRICT COLLECTOR JANJGIR CHAMPA_IDA)","Smt. Ranjeet Ranjan (2022-28) (2022-2028)","Elected MP","17-Sep-2025","GRAM PANCHAYAT TANOD","Payment Success","574953"
"412","Chhattisgarh","Construction of culverts and bridges","WS/MP225/2025-2026/192635","SURGUJA(Collector Surguja_IDA)","Smt. Ranjeet Ranjan (2022-28) (2022-2028)","Elected MP","01-Jun-2025","MR GRAM JAL AWAM SWAKHSTA SAMITI G P RAIKERA","Payment Success","500000"
"413","Chhattisgarh","Construction of culverts and bridges","WS/MP225/2025-2026/192635","SURGUJA(Collector Surguja_IDA)","Smt. Ranjeet Ranjan (2022-28) (2022-2028)","Elected MP","08-Jan-2026","MR GRAM JAL AWAM SWAKHSTA SAMITI G P RAIKERA","Payment Success","498196"
"414","Chhattisgarh","Construction of culverts and bridges","WS/MP225/2025-2026/192636","Balrampur-Ramanujganj(District Collector BALRAMPUR_IDA)","Smt. Ranjeet Ranjan (2022-28) (2022-2028)","Elected MP","27-May-2025","GRAM PANCHAYAT KOTAGAHANA","Payment Success","749642"
"415","Chhattisgarh","Construction of culverts and bridges","WS/MP225/2025-2026/192636","Balrampur-Ramanujganj(District Collector BALRAMPUR_IDA)","Smt. Ranjeet Ranjan (2022-28) (2022-2028)","Elected MP","12-Sep-2025","GRAM PANCHAYAT KOTAGAHANA","Payment Success","248971"
"416","Chhattisgarh","Development of playground","WS/MP225/2025-2026/192637","Balodabazar-Bhatapara(Collector Baloda Bazar_IDA)","Smt. Ranjeet Ranjan (2022-28) (2022-2028)","Elected MP","17-Jun-2025","GRAM PANCHAYAT DERADIH","Payment Success","600000"
"417","Chhattisgarh","Development of playground","WS/MP225/2025-2026/192637","Balodabazar-Bhatapara(Collector Baloda Bazar_IDA)","Smt. Ranjeet Ranjan (2022-28) (2022-2028)","Elected MP","29-Aug-2025","GRAM PANCHAYAT DERADIH","Payment Success","899000"
"418","Chhattisgarh","Construction of roads, link roads, pathways or any other road with or without drainage system","WS/MP225/2025-2026/199844","MUZAFFARPUR(DISTRICT PLANNING OFFICER MUZAFFARPUR_IDA)","Smt. Ranjeet Ranjan (2022-28) (2022-2028)","Elected MP","05-Aug-2025","ASST ENG SAKRA LAEO1 MUZ","Payment Success","1474766"
"419","Chhattisgarh","Construction of roads, link roads, pathways or any other road with or without drainage system","WS/MP225/2025-2026/204790","JASHPUR(DISTRICT COLLECTOR JASHPUR_IDA)","Smt. Ranjeet Ranjan (2022-28) (2022-2028)","Elected MP","20-Jun-2025","Rameshwar Gupta","Payment Success","749862"
"420","Chhattisgarh","Construction of roads, link roads, pathways or any other road with or without drainage system","WS/MP225/2025-2026/204790","JASHPUR(DISTRICT COLLECTOR JASHPUR_IDA)","Smt. Ranjeet Ranjan (2022-28) (2022-2028)","Elected MP","19-Aug-2025","Rameshwar Gupta","Payment Success","749815"
"421","Chhattisgarh","Construction of roads, link roads, pathways or any other road with or without drainage system","WS/MP225/2025-2026/204791","JASHPUR(DISTRICT COLLECTOR JASHPUR_IDA)","Smt. Ranjeet Ranjan (2022-28) (2022-2028)","Elected MP","20-Jun-2025","Rameshwar Gupta","Payment Success","749862"
"422","Chhattisgarh","Construction of roads, link roads, pathways or any other road with or without drainage system","WS/MP225/2025-2026/204791","JASHPUR(DISTRICT COLLECTOR JASHPUR_IDA)","Smt. Ranjeet Ranjan (2022-28) (2022-2028)","Elected MP","19-Aug-2025","Rameshwar Gupta","Payment Success","749974"
"423","Chhattisgarh","Development of playfields and sports grounds","WS/MP225/2025-2026/206965","PAPUM PARE(DEPUTY COMMISSIONER PAPUM PARE_IDA)","Smt. Ranjeet Ranjan (2022-28) (2022-2028)","Elected MP","16-Nov-2025","DEBIA MATTAK","Payment Success","2462527"
"424","Chhattisgarh","Construction of roads, link roads, pathways or any other road with or without drainage system","WS/MP225/2025-2026/207305","JASHPUR(DISTRICT COLLECTOR JASHPUR_IDA)","Smt. Ranjeet Ranjan (2022-28) (2022-2028)","Elected MP","06-Oct-2025","RAJ KUMAR SHARMA","Payment Success","724857"
"425","Chhattisgarh","Construction of roads, link roads, pathways or any other road with or without drainage system","WS/MP225/2025-2026/207305","JASHPUR(DISTRICT COLLECTOR JASHPUR_IDA)","Smt. Ranjeet Ranjan (2022-28) (2022-2028)","Elected MP","28-Jan-2026","RAJ KUMAR SHARMA","Payment Success","724769"
"426","Chhattisgarh","Provision of escalator and travellators for public use","WS/MP225/2025-2026/214150","JANJGIR-CHAMPA(DISTRICT COLLECTOR JANJGIR CHAMPA_IDA)","Smt. Ranjeet Ranjan (2022-28) (2022-2028)","Elected MP","08-Oct-2025","GRAM PANCHAYAT DEORI","Payment Success","400000"
"427","Chhattisgarh","Provision of escalator and travellators for public use","WS/MP225/2025-2026/214150","JANJGIR-CHAMPA(DISTRICT COLLECTOR JANJGIR CHAMPA_IDA)","Smt. Ranjeet Ranjan (2022-28) (2022-2028)","Elected MP","24-Mar-2026","GRAM PANCHAYAT DEORI","Payment Success","598568"
"428","Chhattisgarh","Development of playfields and sports grounds","WS/MP225/2025-2026/214151","JANJGIR-CHAMPA(DISTRICT COLLECTOR JANJGIR CHAMPA_IDA)","Smt. Ranjeet Ranjan (2022-28) (2022-2028)","Elected MP","09-Oct-2025","GRAM PANCHAYAT PADARIYA PAMGARH","Payment Success","400000"
"429","Chhattisgarh","Development of playfields and sports grounds","WS/MP225/2025-2026/214151","JANJGIR-CHAMPA(DISTRICT COLLECTOR JANJGIR CHAMPA_IDA)","Smt. Ranjeet Ranjan (2022-28) (2022-2028)","Elected MP","20-Feb-2026","GRAM PANCHAYAT PADARIYA PAMGARH","Payment Success","597058"
"430","Chhattisgarh","Construction of roads, link roads, pathways or any other road with or without drainage system","WS/MP225/2025-2026/214152","JANJGIR-CHAMPA(DISTRICT COLLECTOR JANJGIR CHAMPA_IDA)","Smt. Ranjeet Ranjan (2022-28) (2022-2028)","Elected MP","08-Oct-2025","GRAM PANCHAYAT BHUIGAON","Payment Success","400000"
"431","Chhattisgarh","Construction of roads, link roads, pathways or any other road with or without drainage system","WS/MP225/2025-2026/214152","JANJGIR-CHAMPA(DISTRICT COLLECTOR JANJGIR CHAMPA_IDA)","Smt. Ranjeet Ranjan (2022-28) (2022-2028)","Elected MP","13-Feb-2026","GRAM PANCHAYAT BHUIGAON","Payment Success","586530"
"432","Chhattisgarh","Construction of roads, link roads, pathways or any other road with or without drainage system","WS/MP225/2025-2026/214153","JANJGIR-CHAMPA(DISTRICT COLLECTOR JANJGIR CHAMPA_IDA)","Smt. Ranjeet Ranjan (2022-28) (2022-2028)","Elected MP","08-Oct-2025","GRAM PANCHAYAT TANOD","Payment Success","400000"
"433","Chhattisgarh","Construction of roads, link roads, pathways or any other road with or without drainage system","WS/MP225/2025-2026/214153","JANJGIR-CHAMPA(DISTRICT COLLECTOR JANJGIR CHAMPA_IDA)","Smt. Ranjeet Ranjan (2022-28) (2022-2028)","Elected MP","13-Feb-2026","GRAM PANCHAYAT TANOD","Payment Success","595455"
"434","Chhattisgarh","Installation of fixed garden gym equipment","WS/MP225/2025-2026/214154","JANJGIR-CHAMPA(DISTRICT COLLECTOR JANJGIR CHAMPA_IDA)","Smt. Ranjeet Ranjan (2022-28) (2022-2028)","Elected MP","06-Jan-2026","GRAM PANCHAYAT TANOD","Payment Success","400000"
"435","Chhattisgarh","Installation of fixed garden gym equipment","WS/MP225/2025-2026/214154","JANJGIR-CHAMPA(DISTRICT COLLECTOR JANJGIR CHAMPA_IDA)","Smt. Ranjeet Ranjan (2022-28) (2022-2028)","Elected MP","14-Aug-2026","GRAM PANCHAYAT TANOD","Payment Success","599782"
"436","Chhattisgarh","Construction of roads, link roads, pathways or any other road with or without drainage system","WS/MP225/2025-2026/226094","Balodabazar-Bhatapara(Collector Baloda Bazar_IDA)","Smt. Ranjeet Ranjan (2022-28) (2022-2028)","Elected MP","07-Oct-2025","GRAM PANCHAYAT BALODA","Payment Success","400000"
"437","Chhattisgarh","Construction of roads, link roads, pathways or any other road with or without drainage system","WS/MP225/2025-2026/226094","Balodabazar-Bhatapara(Collector Baloda Bazar_IDA)","Smt. Ranjeet Ranjan (2022-28) (2022-2028)","Elected MP","12-Dec-2025","GRAM PANCHAYAT BALODA","Payment Success","350000"
"438","Chhattisgarh","Construction of roads, link roads, pathways or any other road with or without drainage system","WS/MP225/2025-2026/226094","Balodabazar-Bhatapara(Collector Baloda Bazar_IDA)","Smt. Ranjeet Ranjan (2022-28) (2022-2028)","Elected MP","02-Feb-2026","GRAM PANCHAYAT BALODA","Payment Success","250000"
"439","Chhattisgarh","Installation of fixed garden gym equipment","WS/MP225/2025-2026/226095","Balodabazar-Bhatapara(Collector Baloda Bazar_IDA)","Smt. Ranjeet Ranjan (2022-28) (2022-2028)","Elected MP","07-Oct-2025","GRAM PANCHAYAT TEMARI","Payment Success","400000"
"440","Chhattisgarh","Construction of roads, link roads, pathways or any other road with or without drainage system","WS/MP225/2025-2026/226096","Balodabazar-Bhatapara(Collector Baloda Bazar_IDA)","Smt. Ranjeet Ranjan (2022-28) (2022-2028)","Elected MP","07-Oct-2025","GRAM PANCHAYAT KURMAJHAR","Payment Success","400000"
"441","Chhattisgarh","Installation of multi-gym equipment","WS/MP225/2025-2026/231494","SURAJPUR(DISTRICT COLLECTOR Surajpur_IDA)","Smt. Ranjeet Ranjan (2022-28) (2022-2028)","Elected MP","21-Apr-2026","STARCARE ENTERPRISES LLP","Payment Success","500000"
"442","Chhattisgarh","Installation of multi-gym equipment","WS/MP225/2025-2026/231495","SURAJPUR(DISTRICT COLLECTOR Surajpur_IDA)","Smt. Ranjeet Ranjan (2022-28) (2022-2028)","Elected MP","21-Apr-2026","STARCARE ENTERPRISES LLP","Payment Success","500000"
"443","Chhattisgarh","Installation of multi-gym equipment","WS/MP225/2025-2026/231496","SURAJPUR(DISTRICT COLLECTOR Surajpur_IDA)","Smt. Ranjeet Ranjan (2022-28) (2022-2028)","Elected MP","21-Apr-2026","STARCARE ENTERPRISES LLP","Payment Success","500000"
"444","Chhattisgarh","Installation of multi-gym equipment","WS/MP225/2025-2026/231497","SURAJPUR(DISTRICT COLLECTOR Surajpur_IDA)","Smt. Ranjeet Ranjan (2022-28) (2022-2028)","Elected MP","21-Apr-2026","STARCARE ENTERPRISES LLP","Payment Success","500000"
"445","Chhattisgarh","Installation of multi-gym equipment","WS/MP225/2025-2026/231498","SURAJPUR(DISTRICT COLLECTOR Surajpur_IDA)","Smt. Ranjeet Ranjan (2022-28) (2022-2028)","Elected MP","21-Apr-2026","STARCARE ENTERPRISES LLP","Payment Success","500000"
"446","Chhattisgarh","Construction of roads, link roads, pathways or any other road with or without drainage system","WS/MP225/2025-2026/249984","BARPETA(DEPUTY COMMISSIONER BARPETA 1)","Smt. Ranjeet Ranjan (2022-28) (2022-2028)","Elected MP","06-Feb-2026","CONST OF ROAD FROM NO1 BHATNAPAITY ME SCHOOL TO ABDUL BATEN AHMED HOUSE CHENGA","Payment Success","1500000"
"447","Chhattisgarh","Construction of shelters for animals","WS/MP225/2025-2026/250304","Balodabazar-Bhatapara(Collector Baloda Bazar_IDA)","Smt. Ranjeet Ranjan (2022-28) (2022-2028)","Elected MP","12-Dec-2025","GRAM PANCHAYAT DERADIH","Payment Success","600000"
"448","Chhattisgarh","Construction of shelters for animals","WS/MP225/2025-2026/250304","Balodabazar-Bhatapara(Collector Baloda Bazar_IDA)","Smt. Ranjeet Ranjan (2022-28) (2022-2028)","Elected MP","24-Dec-2025","GRAM PANCHAYAT DERADIH","Payment Success","525000"
"449","Chhattisgarh","Development of playfields and sports grounds","WS/MP225/2025-2026/250305","Balodabazar-Bhatapara(Collector Baloda Bazar_IDA)","Smt. Ranjeet Ranjan (2022-28) (2022-2028)","Elected MP","12-Dec-2025","GRAM PANCHAYAT MANAKONI","Payment Success","400000"
"450","Chhattisgarh","Development of playfields and sports grounds","WS/MP225/2025-2026/250305","Balodabazar-Bhatapara(Collector Baloda Bazar_IDA)","Smt. Ranjeet Ranjan (2022-28) (2022-2028)","Elected MP","24-Dec-2025","GRAM PANCHAYAT MANAKONI","Payment Success","350000"
"451","Chhattisgarh","Development of playfields and sports grounds","WS/MP225/2025-2026/250305","Balodabazar-Bhatapara(Collector Baloda Bazar_IDA)","Smt. Ranjeet Ranjan (2022-28) (2022-2028)","Elected MP","17-Aug-2026","GRAM PANCHAYAT MANAKONI","Payment In-Progress","250000"
"452","Chhattisgarh","Construction of roads, link roads, pathways or any other road with or without drainage system","WS/MP225/2025-2026/250306","Balodabazar-Bhatapara(Collector Baloda Bazar_IDA)","Smt. Ranjeet Ranjan (2022-28) (2022-2028)","Elected MP","12-Dec-2025","GRAM PANCHAYAT KOT RA","Payment Success","400000"
"453","Chhattisgarh","Construction of roads, link roads, pathways or any other road with or without drainage system","WS/MP225/2025-2026/250306","Balodabazar-Bhatapara(Collector Baloda Bazar_IDA)","Smt. Ranjeet Ranjan (2022-28) (2022-2028)","Elected MP","24-Dec-2025","GRAM PANCHAYAT KOT RA","Payment Success","350000"
"454","Chhattisgarh","Construction of culverts and bridges","WS/MP225/2025-2026/250308","JASHPUR(DISTRICT COLLECTOR JASHPUR_IDA)","Smt. Ranjeet Ranjan (2022-28) (2022-2028)","Elected MP","25-Mar-2026","Rameshwar Gupta","Payment Success","750560"
"455","Chhattisgarh","Construction of culverts and bridges","WS/MP225/2025-2026/250308","JASHPUR(DISTRICT COLLECTOR JASHPUR_IDA)","Smt. Ranjeet Ranjan (2022-28) (2022-2028)","Elected MP","08-May-2026","Rameshwar Gupta","Payment Success","747658"
"456","Chhattisgarh","Setting up crops conservation facilities","WS/MP225/2025-2026/250309","SURGUJA(Collector Surguja_IDA)","Smt. Ranjeet Ranjan (2022-28) (2022-2028)","Elected MP","21-Jan-2026","Gram Panchayat Nagam","Payment Success","750000"
"457","Chhattisgarh","Setting up crops conservation facilities","WS/MP225/2025-2026/250309","SURGUJA(Collector Surguja_IDA)","Smt. Ranjeet Ranjan (2022-28) (2022-2028)","Elected MP","24-Feb-2026","Gram Panchayat Nagam","Payment Success","749964"
"458","Chhattisgarh","Installation of fixed garden gym equipment","WS/MP225/2025-2026/255017","JANJGIR-CHAMPA(DISTRICT COLLECTOR JANJGIR CHAMPA_IDA)","Smt. Ranjeet Ranjan (2022-28) (2022-2028)","Elected MP","21-May-2026","ECONATIVE VENTURES PRIVATE LIMITED","Payment Success","750000"
"459","Chhattisgarh","Installation of fixed garden gym equipment","WS/MP225/2025-2026/255017","JANJGIR-CHAMPA(DISTRICT COLLECTOR JANJGIR CHAMPA_IDA)","Smt. Ranjeet Ranjan (2022-28) (2022-2028)","Elected MP","10-Aug-2026","ECONATIVE VENTURES PRIVATE LIMITED","Payment Success","250000"
"460","Chhattisgarh","Installation of fixed garden gym equipment","WS/MP225/2025-2026/255018","JANJGIR-CHAMPA(DISTRICT COLLECTOR JANJGIR CHAMPA_IDA)","Smt. Ranjeet Ranjan (2022-28) (2022-2028)","Elected MP","21-May-2026","ECONATIVE VENTURES PRIVATE LIMITED","Payment Success","750000"
"461","Chhattisgarh","Installation of fixed garden gym equipment","WS/MP225/2025-2026/255018","JANJGIR-CHAMPA(DISTRICT COLLECTOR JANJGIR CHAMPA_IDA)","Smt. Ranjeet Ranjan (2022-28) (2022-2028)","Elected MP","10-Aug-2026","ECONATIVE VENTURES PRIVATE LIMITED","Payment Success","250000"
"462","Chhattisgarh","Installation of fixed garden gym equipment","WS/MP225/2025-2026/255019","JANJGIR-CHAMPA(DISTRICT COLLECTOR JANJGIR CHAMPA_IDA)","Smt. Ranjeet Ranjan (2022-28) (2022-2028)","Elected MP","21-May-2026","ECONATIVE VENTURES PRIVATE LIMITED","Payment Success","750000"
"463","Chhattisgarh","Installation of fixed garden gym equipment","WS/MP225/2025-2026/255019","JANJGIR-CHAMPA(DISTRICT COLLECTOR JANJGIR CHAMPA_IDA)","Smt. Ranjeet Ranjan (2022-28) (2022-2028)","Elected MP","10-Aug-2026","ECONATIVE VENTURES PRIVATE LIMITED","Payment Success","250000"
"464","Chhattisgarh","Installation of fixed garden gym equipment","WS/MP225/2025-2026/255020","JANJGIR-CHAMPA(DISTRICT COLLECTOR JANJGIR CHAMPA_IDA)","Smt. Ranjeet Ranjan (2022-28) (2022-2028)","Elected MP","21-May-2026","ECONATIVE VENTURES PRIVATE LIMITED","Payment Success","750000"
"465","Chhattisgarh","Installation of fixed garden gym equipment","WS/MP225/2025-2026/255020","JANJGIR-CHAMPA(DISTRICT COLLECTOR JANJGIR CHAMPA_IDA)","Smt. Ranjeet Ranjan (2022-28) (2022-2028)","Elected MP","10-Aug-2026","ECONATIVE VENTURES PRIVATE LIMITED","Payment Success","250000"
"466","Chhattisgarh","Installation of fixed garden gym equipment","WS/MP225/2025-2026/255021","JANJGIR-CHAMPA(DISTRICT COLLECTOR JANJGIR CHAMPA_IDA)","Smt. Ranjeet Ranjan (2022-28) (2022-2028)","Elected MP","21-May-2026","ECONATIVE VENTURES PRIVATE LIMITED","Payment Success","750000"
"467","Chhattisgarh","Installation of fixed garden gym equipment","WS/MP225/2025-2026/255021","JANJGIR-CHAMPA(DISTRICT COLLECTOR JANJGIR CHAMPA_IDA)","Smt. Ranjeet Ranjan (2022-28) (2022-2028)","Elected MP","10-Aug-2026","ECONATIVE VENTURES PRIVATE LIMITED","Payment Success","250000"
"468","Chhattisgarh","Installation of fixed garden gym equipment","WS/MP225/2025-2026/255034","JANJGIR-CHAMPA(DISTRICT COLLECTOR JANJGIR CHAMPA_IDA)","Smt. Ranjeet Ranjan (2022-28) (2022-2028)","Elected MP","21-May-2026","Skycore Infra","Payment Success","750000"
"469","Chhattisgarh","Installation of fixed garden gym equipment","WS/MP225/2025-2026/255034","JANJGIR-CHAMPA(DISTRICT COLLECTOR JANJGIR CHAMPA_IDA)","Smt. Ranjeet Ranjan (2022-28) (2022-2028)","Elected MP","10-Aug-2026","Skycore Infra","Payment Success","250000"
"470","Chhattisgarh","Installation of fixed garden gym equipment","WS/MP225/2025-2026/255035","JANJGIR-CHAMPA(DISTRICT COLLECTOR JANJGIR CHAMPA_IDA)","Smt. Ranjeet Ranjan (2022-28) (2022-2028)","Elected MP","21-May-2026","Skycore Infra","Payment Success","750000"
"471","Chhattisgarh","Installation of fixed garden gym equipment","WS/MP225/2025-2026/255035","JANJGIR-CHAMPA(DISTRICT COLLECTOR JANJGIR CHAMPA_IDA)","Smt. Ranjeet Ranjan (2022-28) (2022-2028)","Elected MP","10-Aug-2026","Skycore Infra","Payment Success","250000"
"472","Chhattisgarh","Installation of fixed garden gym equipment","WS/MP225/2025-2026/255036","JANJGIR-CHAMPA(DISTRICT COLLECTOR JANJGIR CHAMPA_IDA)","Smt. Ranjeet Ranjan (2022-28) (2022-2028)","Elected MP","21-May-2026","Skycore Infra","Payment Success","750000"
"473","Chhattisgarh","Installation of fixed garden gym equipment","WS/MP225/2025-2026/255036","JANJGIR-CHAMPA(DISTRICT COLLECTOR JANJGIR CHAMPA_IDA)","Smt. Ranjeet Ranjan (2022-28) (2022-2028)","Elected MP","10-Aug-2026","Skycore Infra","Payment Success","250000"
"474","Chhattisgarh","Installation of fixed garden gym equipment","WS/MP225/2025-2026/255038","JANJGIR-CHAMPA(DISTRICT COLLECTOR JANJGIR CHAMPA_IDA)","Smt. Ranjeet Ranjan (2022-28) (2022-2028)","Elected MP","21-May-2026","Skycore Infra","Payment Success","750000"
"475","Chhattisgarh","Installation of fixed garden gym equipment","WS/MP225/2025-2026/255038","JANJGIR-CHAMPA(DISTRICT COLLECTOR JANJGIR CHAMPA_IDA)","Smt. Ranjeet Ranjan (2022-28) (2022-2028)","Elected MP","10-Aug-2026","Skycore Infra","Payment Success","250000"
"476","Chhattisgarh","Installation of fixed garden gym equipment","WS/MP225/2025-2026/255042","JANJGIR-CHAMPA(DISTRICT COLLECTOR JANJGIR CHAMPA_IDA)","Smt. Ranjeet Ranjan (2022-28) (2022-2028)","Elected MP","21-May-2026","Skycore Infra","Payment Success","750000"
"477","Chhattisgarh","Installation of fixed garden gym equipment","WS/MP225/2025-2026/255042","JANJGIR-CHAMPA(DISTRICT COLLECTOR JANJGIR CHAMPA_IDA)","Smt. Ranjeet Ranjan (2022-28) (2022-2028)","Elected MP","10-Aug-2026","Skycore Infra","Payment Success","250000"
"478","Chhattisgarh","Construction of culverts and bridges","WS/MP225/2025-2026/262664","SURGUJA(Collector Surguja_IDA)","Smt. Ranjeet Ranjan (2022-28) (2022-2028)","Elected MP","10-Feb-2026","Gram Panchayat Nagam","Payment Success","760000"
"479","Chhattisgarh","Construction of culverts and bridges","WS/MP225/2025-2026/262664","SURGUJA(Collector Surguja_IDA)","Smt. Ranjeet Ranjan (2022-28) (2022-2028)","Elected MP","25-Mar-2026","Gram Panchayat Nagam","Payment Success","759933"
"480","Chhattisgarh","Construction of culverts and bridges","WS/MP225/2025-2026/268688","JASHPUR(DISTRICT COLLECTOR JASHPUR_IDA)","Smt. Ranjeet Ranjan (2022-28) (2022-2028)","Elected MP","27-Feb-2026","Rameshwar Gupta","Payment Success","649998"
"481","Chhattisgarh","Construction of culverts and bridges","WS/MP225/2025-2026/268688","JASHPUR(DISTRICT COLLECTOR JASHPUR_IDA)","Smt. Ranjeet Ranjan (2022-28) (2022-2028)","Elected MP","02-Apr-2026","Rameshwar Gupta","Payment Success","649780"
"482","Chhattisgarh","Installation of fixed garden gym equipment","WS/MP225/2026-2027/273632","SAKTI(COLLECTOR SAKTI_IDA)","Smt. Ranjeet Ranjan (2022-28) (2022-2028)","Elected MP","21-Jul-2026","Skycore Infra","Payment Success","375000"
"483","Chhattisgarh","Installation of fixed garden gym equipment","WS/MP225/2026-2027/277549","SAKTI(COLLECTOR SAKTI_IDA)","Smt. Ranjeet Ranjan (2022-28) (2022-2028)","Elected MP","21-Jul-2026","Skycore Infra","Payment Success","375000"
"484","Chhattisgarh","Installation of fixed garden gym equipment","WS/MP225/2026-2027/277550","SAKTI(COLLECTOR SAKTI_IDA)","Smt. Ranjeet Ranjan (2022-28) (2022-2028)","Elected MP","21-Jul-2026","Skycore Infra","Payment Success","375000"
"485","Chhattisgarh","Installation of fixed garden gym equipment","WS/MP225/2026-2027/277551","SAKTI(COLLECTOR SAKTI_IDA)","Smt. Ranjeet Ranjan (2022-28) (2022-2028)","Elected MP","21-Jul-2026","Skycore Infra","Payment Success","375000"
"486","Chhattisgarh","Construction of culverts and bridges","WS/MP225/2026-2027/278133","JASHPUR(DISTRICT COLLECTOR JASHPUR_IDA)","Smt. Ranjeet Ranjan (2022-28) (2022-2028)","Elected MP","22-May-2026","AK Ventures","Payment Success","900400"
"487","Chhattisgarh","Construction of culverts and bridges","WS/MP225/2026-2027/278134","JASHPUR(DISTRICT COLLECTOR JASHPUR_IDA)","Smt. Ranjeet Ranjan (2022-28) (2022-2028)","Elected MP","22-May-2026","AK Ventures","Payment Success","900400"
"488","Chhattisgarh","Construction of culverts and bridges","WS/MP225/2026-2027/278134","JASHPUR(DISTRICT COLLECTOR JASHPUR_IDA)","Smt. Ranjeet Ranjan (2022-28) (2022-2028)","Elected MP","22-Jul-2026","Qureshi Infra","Payment Success","599258"
"489","Chhattisgarh","Construction of footpaths and pedestrian ways","WS/MP225/2026-2027/278135","JASHPUR(DISTRICT COLLECTOR JASHPUR_IDA)","Smt. Ranjeet Ranjan (2022-28) (2022-2028)","Elected MP","22-May-2026","AK Ventures","Payment Success","900400"
"490","Chhattisgarh","Construction of footpaths and pedestrian ways","WS/MP225/2026-2027/278135","JASHPUR(DISTRICT COLLECTOR JASHPUR_IDA)","Smt. Ranjeet Ranjan (2022-28) (2022-2028)","Elected MP","22-Jul-2026","Qureshi Infra","Payment Success","598720"
"491","Chhattisgarh","Setting up crops conservation facilities","WS/MP225/2026-2027/281977","SAKTI(COLLECTOR SAKTI_IDA)","Smt. Ranjeet Ranjan (2022-28) (2022-2028)","Elected MP","22-Jun-2026","SARPANCH GRAM PANCHAYAT AMGAON","Payment Success","1000000"
"492","Chhattisgarh","Setting up crops conservation facilities","WS/MP225/2026-2027/281978","SAKTI(COLLECTOR SAKTI_IDA)","Smt. Ranjeet Ranjan (2022-28) (2022-2028)","Elected MP","22-Jun-2026","SARPANCH GRAM PANCHAYAT BARDULI","Payment Success","1000000"
"493","Chhattisgarh","Construction of roads, link roads, pathways or any other road with or without drainage system","WS/MP225/2026-2027/281993","SURGUJA(Collector Surguja_IDA)","Smt. Ranjeet Ranjan (2022-28) (2022-2028)","Elected MP","19-Jun-2026","Gram Panchayat Nagam","Payment Success","500000"
"494","Chhattisgarh","Construction of roads, link roads, pathways or any other road with or without drainage system","WS/MP225/2026-2027/281993","SURGUJA(Collector Surguja_IDA)","Smt. Ranjeet Ranjan (2022-28) (2022-2028)","Elected MP","16-Jul-2026","Gram Panchayat Nagam","Payment Success","499800"
"495","Chhattisgarh","Construction of culverts and bridges","WS/MP225/2026-2027/281994","SURGUJA(Collector Surguja_IDA)","Smt. Ranjeet Ranjan (2022-28) (2022-2028)","Elected MP","19-Jun-2026","Gram Panchayatm Kharakona","Payment Success","650000"
"496","Chhattisgarh","Construction of culverts and bridges","WS/MP225/2026-2027/281996","SURGUJA(Collector Surguja_IDA)","Smt. Ranjeet Ranjan (2022-28) (2022-2028)","Elected MP","23-Jun-2026","GRAM PANCHAYAT BHUSU","Payment Success","750000"
"497","Chhattisgarh","Construction of culverts and bridges","WS/MP225/2026-2027/282006","SURGUJA(Collector Surguja_IDA)","Smt. Ranjeet Ranjan (2022-28) (2022-2028)","Elected MP","29-May-2026","Gram Panchayat Nagam","Payment Success","850000"
"498","Chhattisgarh","Construction of culverts and bridges","WS/MP225/2026-2027/282006","SURGUJA(Collector Surguja_IDA)","Smt. Ranjeet Ranjan (2022-28) (2022-2028)","Elected MP","16-Jul-2026","Gram Panchayat Nagam","Payment Success","849529"
"499","Chhattisgarh","Construction of bus-sheds or bus-stops","WS/MP225/2026-2027/282012","MUNGELI(Collector Mungeli_IDA)","Smt. Ranjeet Ranjan (2022-28) (2022-2028)","Elected MP","15-Jul-2026","GRAM PANCHYAT KODUKAPA SGVY","Payment Success","400000"
"500","Chhattisgarh","Installation of fixed garden gym equipment","WS/MP225/2026-2027/282014","Sarangarh-Bilaigarh(Collector SB_IDA)","Smt. Ranjeet Ranjan (2022-28) (2022-2028)","Elected MP","01-Jul-2026","Gram Panchayat Bhandora","Payment Success","750000"
"501","Chhattisgarh","Construction of roads, link roads, pathways or any other road with or without drainage system","WS/MP225/2026-2027/282015","Sarangarh-Bilaigarh(Collector SB_IDA)","Smt. Ranjeet Ranjan (2022-28) (2022-2028)","Elected MP","01-Jul-2026","Gram Panchayat Bhandora","Payment Success","500000"
"502","Chhattisgarh","Construction of roads, link roads, pathways or any other road with or without drainage system","WS/MP225/2026-2027/282016","Sarangarh-Bilaigarh(Collector SB_IDA)","Smt. Ranjeet Ranjan (2022-28) (2022-2028)","Elected MP","20-Jun-2026","BHuwneshwar tiwari","Payment Success","490000"
"503","Chhattisgarh","Construction of roads, link roads, pathways or any other road with or without drainage system","WS/MP225/2026-2027/282017","Sarangarh-Bilaigarh(Collector SB_IDA)","Smt. Ranjeet Ranjan (2022-28) (2022-2028)","Elected MP","20-Jun-2026","GP Singarpur","Payment Success","500000"
"504","Chhattisgarh","Construction of roads, link roads, pathways or any other road with or without drainage system","WS/MP225/2026-2027/284900","Balodabazar-Bhatapara(Collector Baloda Bazar_IDA)","Smt. Ranjeet Ranjan (2022-28) (2022-2028)","Elected MP","13-Jul-2026","GRAM PANCHAYAT DERADIH","Payment Success","400000"
"505","Chhattisgarh","Construction of roads, link roads, pathways or any other road with or without drainage system","WS/MP225/2026-2027/284901","GARIYABAND(Collectro Gariaband_IDA)","Smt. Ranjeet Ranjan (2022-28) (2022-2028)","Elected MP","14-Aug-2026","SARPANCH SACHIV GRAM PANCHAYAT TEKA","Payment Success","400000"
"506","Chhattisgarh","Purchase of vehicle for mobile dispensaries (Four, three and two wheelers)","WS/MP18340/2025-2026/197523","RAIPUR(DISTRICT COLLECTOR RAIPUR_IDA)","Shri Devendra Pratap Singh (2024-30) (2024-2030)","Elected MP","08-Aug-2025","Maruti Suzuki India Limited","Payment Success","1065680"
"507","Chhattisgarh","Purchase of vehicle for mobile dispensaries (Four, three and two wheelers)","WS/MP18340/2025-2026/197523","RAIPUR(DISTRICT COLLECTOR RAIPUR_IDA)","Shri Devendra Pratap Singh (2024-30) (2024-2030)","Elected MP","08-Aug-2025","NR COACH WORKS PRIVATE LIMITED","Payment Success","377600"
"508","Chhattisgarh","Construction of community centers and community halls","WS/MP18340/2025-2026/213914","RAIGARH(DISTRICT COLLECTOR RAIGARH_IDA)","Shri Devendra Pratap Singh (2024-30) (2024-2030)","Elected MP","28-Apr-2026","GRAM PANCHAYAT TAMNAR","Payment Success","300000"
"509","Chhattisgarh","Patrolling Vehicles to government institution for Public Conveniences, Safety and Security","WS/MP18340/2025-2026/239128","RAIGARH(DISTRICT COLLECTOR RAIGARH_IDA)","Shri Devendra Pratap Singh (2024-30) (2024-2030)","Elected MP","10-Apr-2026","Punit Kumar Agrawal","Payment Success","1599700"
"510","Chhattisgarh","Construction of common work sheds/ common covered sitting area","WS/MP18340/2025-2026/255347","DHAMTARI(DISTRICT COLLECTOR DHAMTARI_IDA)","Shri Devendra Pratap Singh (2024-30) (2024-2030)","Elected MP","09-Mar-2026","GRAM PANCHAYAT RIWAGAHAN","Payment Success","250000"
"511","Chhattisgarh","Construction of common work sheds/ common covered sitting area","WS/MP18340/2025-2026/255347","DHAMTARI(DISTRICT COLLECTOR DHAMTARI_IDA)","Shri Devendra Pratap Singh (2024-30) (2024-2030)","Elected MP","02-Jul-2026","GRAM PANCHAYAT RIWAGAHAN","Payment Success","250000"
"512","Chhattisgarh","Construction of roads, link roads, pathways or any other road with or without drainage system","WS/MP18340/2025-2026/255350","RAIGARH(DISTRICT COLLECTOR RAIGARH_IDA)","Shri Devendra Pratap Singh (2024-30) (2024-2030)","Elected MP","07-Apr-2026","Gram Panchyat Godhi","Payment Success","400000"
"513","Chhattisgarh","Construction of roads, link roads, pathways or any other road with or without drainage system","WS/MP18340/2025-2026/255350","RAIGARH(DISTRICT COLLECTOR RAIGARH_IDA)","Shri Devendra Pratap Singh (2024-30) (2024-2030)","Elected MP","15-Jul-2026","Gram Panchyat Godhi","Payment Success","599987"
"514","Chhattisgarh","Construction of roads, link roads, pathways or any other road with or without drainage system","WS/MP18340/2025-2026/256789","RAIGARH(DISTRICT COLLECTOR RAIGARH_IDA)","Shri Devendra Pratap Singh (2024-30) (2024-2030)","Elected MP","20-Feb-2026","GRAM PANCHAYAT AMAPALI","Payment Success","600000"
"515","Chhattisgarh","Construction of roads, link roads, pathways or any other road with or without drainage system","WS/MP18340/2025-2026/256789","RAIGARH(DISTRICT COLLECTOR RAIGARH_IDA)","Shri Devendra Pratap Singh (2024-30) (2024-2030)","Elected MP","19-Jun-2026","GRAM PANCHAYAT AMAPALI","Payment Success","599450"
"516","Chhattisgarh","Construction of roads, link roads, pathways or any other road with or without drainage system","WS/MP18340/2025-2026/256790","RAIGARH(DISTRICT COLLECTOR RAIGARH_IDA)","Shri Devendra Pratap Singh (2024-30) (2024-2030)","Elected MP","20-Feb-2026","GRAM PANCHAYAT GAMEKELA","Payment Success","500000"
"517","Chhattisgarh","Construction of roads, link roads, pathways or any other road with or without drainage system","WS/MP18340/2025-2026/256790","RAIGARH(DISTRICT COLLECTOR RAIGARH_IDA)","Shri Devendra Pratap Singh (2024-30) (2024-2030)","Elected MP","19-Jun-2026","GRAM PANCHAYAT GAMEKELA","Payment Success","500000"
"518","Chhattisgarh","Setting up public non-conventional energy plants","WS/MP18340/2026-2027/260575","DHAMTARI(DISTRICT COLLECTOR DHAMTARI_IDA)","Shri Devendra Pratap Singh (2024-30) (2024-2030)","Elected MP","27-May-2026","RAO II CSPDCL RAIPUR","Payment Success","393051"
"519","Chhattisgarh","Construction of roads, link roads, pathways or any other road with or without drainage system","WS/MP18340/2026-2027/279030","RAIGARH(DISTRICT COLLECTOR RAIGARH_IDA)","Shri Devendra Pratap Singh (2024-30) (2024-2030)","Elected MP","20-Jul-2026","GRAM PANCHAYAT REGDI","Payment Success","840000"
"520","Chhattisgarh","Construction of flood control embankments/ protection walls along riverbanks, hilltops, roadsides","WS/MP18464/2026-2027/295373","KORBA(Collector-Korba)","Smt. Laxmi Verma (2026-32) (2026-2032)","Elected MP","07-Aug-2026","MUKHYA KARYAPALAN ADHIKARI JANPAD PANCHAYAT PONDI UPRODA","Payment Success","750000"
"521","Chhattisgarh","Construction of roads, link roads, pathways or any other road with or without drainage system","WS/MP18464/2026-2027/295378","KORBA(Collector-Korba)","Smt. Laxmi Verma (2026-32) (2026-2032)","Elected MP","27-Jul-2026","CEO JP Pali sansad mad 18th","Payment Success","500000"
"Grand Total"," "," "," "," "," "," "," "," "," ","24,72,13,017"