"Sr. No.","Work category","WORK","State","IDA","Hon'ble Members of Parliament","Elected/Nominated","Work description","Recommended date","RECOMMENDED AMOUNT   ( ₹ )","Sanction Date"
"1","Normal/Others","NA-Construction of community centers and community halls","Odisha","Baleshwar(DISTRICT COLLECTOR BALESHWAR_IDA)","Smt. Sulata Deo (2022-28) (2022-2028)","Elected MP","Completion of CRC Centre near Kantaghara Chhaka at Antara","28-May-2025","200000","NA"
"2","Normal/Others","WS/MP138/2026-2027/204967-Construction of community centers and community halls","Odisha","Baleshwar(DISTRICT COLLECTOR BALESHWAR_IDA)","Smt. Sulata Deo (2022-28) (2022-2028)","Elected MP","Construction of Biju Community Center near Maheswar Chhaka Uitikiri GP Srirampur Block Sadar Block Executant BDO Sadar Block Balasore","29-May-2025","400000","14-May-2026"
"3","Normal/Others","WS/MP138/2026-2027/204968-Construction of community centers and community halls","Odisha","Baleshwar(DISTRICT COLLECTOR BALESHWAR_IDA)","Smt. Sulata Deo (2022-28) (2022-2028)","Elected MP","Completion of Basanti Community Centre at Buanl GP Buanl Block Sadar Block Executant BDO Sadar Block Balasore","29-May-2025","500000","13-Apr-2026"
"4","Normal/Others","WS/MP138/2026-2027/204969-Construction of community centers and community halls","Odisha","Baleshwar(DISTRICT COLLECTOR BALESHWAR_IDA)","Smt. Sulata Deo (2022-28) (2022-2028)","Elected MP","Construction of Biju community centre at Madhusudhanpur GP Sindhia Block Sadar Block Executant BDO Sadar Block Balasore","29-May-2025","450000","14-May-2026"
"5","Normal/Others","WS/MP138/2026-2027/204970-Construction of community centers and community halls","Odisha","Baleshwar(DISTRICT COLLECTOR BALESHWAR_IDA)","Smt. Sulata Deo (2022-28) (2022-2028)","Elected MP","Construction of Biju Community Centre at Kuradhia GP Kurandhia Block Sadar Block Executant BDO Sadar Block Balasore","29-May-2025","400000","14-May-2026"
"6","Normal/Others","NA-Construction of community centers and community halls","Odisha","Baleshwar(DISTRICT COLLECTOR BALESHWAR_IDA)","Dr. Sasmit Patra (2022-28) (2022-2028)","Elected MP","Completion of Ambajhara Community Centre","23-Aug-2026","150000","NA"
"7","Normal/Others","WS/MP138/2025-2026/204685-Construction of boundary walls of existing public and community buildings","Odisha","Baleshwar(DISTRICT COLLECTOR BALESHWAR_IDA)","Smt. Sulata Deo (2022-28) (2022-2028)","Elected MP","Construction of graud wall from Shiba Mandir Ghata to Asta Ghata Village Ramachandrapur GP Block Begunia Nilgiri Executing Agency ITDA Nilgiri","28-May-2025","200000","04-Nov-2025"
"8","Normal/Others","WS/MP138/2025-2026/204691-Construction of boundary walls of existing public and community buildings","Odisha","Baleshwar(DISTRICT COLLECTOR BALESHWAR_IDA)","Smt. Sulata Deo (2022-28) (2022-2028)","Elected MP","Construction of Guard Wall from Chinchida Gayadhar Mohanty House to Lambodhar Nayak GP Block Aghirapada Oupada  Executing Agency BDO Oupada","28-May-2025","200000","04-Nov-2025"
"9","Normal/Others","WS/MP138/2026-2027/204666-Construction of boundary walls of existing public and community buildings","Odisha","Baleshwar(DISTRICT COLLECTOR BALESHWAR_IDA)","Smt. Sulata Deo (2022-28) (2022-2028)","Elected MP","Completion of Boundary wall with drain at Dolagobinda High School, Dhubagadia Panchayat Muruna Simulia","28-May-2025","300000","14-May-2026"
"10","Normal/Others","NA-Construction of buildings for community cultural activities","Odisha","Baleshwar(DISTRICT COLLECTOR BALESHWAR_IDA)","Shri Ashwini Vaishnaw (2024-30) (2024-2030)","Elected MP","Construction of Yatri Niwas and Tourism Facilities.","20-Aug-2024","5000000","NA"
"11","Trust and Society","WS/MP131/2026-2027/271030-Construction of rooms and halls in school and colleges","Odisha","Baleshwar(DISTRICT COLLECTOR BALESHWAR_IDA)","Dr. Sasmit Patra (2022-28) (2022-2028)","Elected MP","Construction of class room at Aurobindo Poornanga Shiksha Gabesana Dhama(run by Aurobindo Tapobhumi) at Nilgiri ward no 6.","25-Feb-2026","1000000","21-Jul-2026"
"12","Normal/Others","NA-Construction of rooms and halls in school and colleges","Odisha","Baleshwar(DISTRICT COLLECTOR BALESHWAR_IDA)","Smt. Sulata Deo (2022-28) (2022-2028)","Elected MP","Construction of additional classroom of Laxmi Basanti Special School for Hi managed by ASHA (a social organisation) at Sanakhudi, PO-Mathani, PS-Basta, Executive Agency-BDO Basta/Panchayat Samiti Basta Ward No.6 Village-Sanakhudi","31-Aug-2026","500000","NA"
"13","Normal/Others","NA-Construction of rooms and halls in school and colleges","Odisha","Baleshwar(DISTRICT COLLECTOR BALESHWAR_IDA)","Smt. Sulata Deo (2022-28) (2022-2028)","Elected MP","Completion of Class room at Upendra Prasada Uchha Bidyamandira Ohada Panchayat Achyutpur, Block Khaira","28-May-2025","300000","NA"
"14","Normal/Others","WS/MP138/2025-2026/204665-Construction of rooms and halls in school and colleges","Odisha","Baleshwar(DISTRICT COLLECTOR BALESHWAR_IDA)","Smt. Sulata Deo (2022-28) (2022-2028)","Elected MP","Completion of Class room at Mahamadpur High School Mahamadpur Panchayat Anandapur Simulia","28-May-2025","300000","09-Jan-2026"
"15","Normal/Others","NA-Construction of rooms and facilities for hospitals, FWC , PHC Centers and ANM centers","Odisha","Baleshwar(DISTRICT COLLECTOR BALESHWAR_IDA)","Shri Ashwini Vaishnaw (2024-30) (2024-2030)","Elected MP","Upgradation and Construction work at District Head Quarter Hospital (DHH), Baleshwar","11-Aug-2026","17000000","NA"
"16","Normal/Others","NA-Construction of rooms and facilities for hospitals, FWC , PHC Centers and ANM centers","Odisha","Baleshwar(DISTRICT COLLECTOR BALESHWAR_IDA)","Shri Ashwini Vaishnaw (2024-30) (2024-2030)","Elected MP","Upgradation work at Sub-Divisional Hospital (SDH), Nilagiri","11-Aug-2026","14000000","NA"
"17","Normal/Others","NA-Development of playground","Odisha","Baleshwar(DISTRICT COLLECTOR BALESHWAR_IDA)","Dr. Sasmit Patra (2022-28) (2022-2028)","Elected MP","Construction of Compound Wall around Manakahani Primary School K.Jayapur GP","23-Aug-2026","200000","NA"
"18","Normal/Others","WS/MP134/2025-2026/195815-Purchase of ambulances (Four, three and two wheelers)","Odisha","Baleshwar(DISTRICT COLLECTOR BALESHWAR_IDA)","Shri Ashwini Vaishnaw (2024-30) (2024-2030)","Elected MP","Bus for Sanjeevani Express (Treatment of Dialysis patients) for District Headquarter Hospital, Baleshwar","01-May-2025","2900000","20-Sep-2025"
"19","Normal/Others","WS/MP138/2026-2027/213992-Construction of public toilets and bathrooms","Odisha","Baleshwar(DISTRICT COLLECTOR BALESHWAR_IDA)","Smt. Sulata Deo (2022-28) (2022-2028)","Elected MP","Construction of Bathing Gath Pucca Ghata at Baunsa Pakhori Chandipur GP Raisuan Block Sadar Block Executant BDO Sadar Block Balasore","02-Jul-2025","250000","14-May-2026"
"20","Normal/Others","WS/MP138/2025-2026/204689-Establishing public ground water recharging facilities","Odisha","Baleshwar(DISTRICT COLLECTOR BALESHWAR_IDA)","Smt. Sulata Deo (2022-28) (2022-2028)","Elected MP","Construction of Bathing Ghat near Kalakad UGME tank village Kalakad GP Block Garadihi Nilgiri Executing Agency ITDA Nilgiri","28-May-2025","155000","04-Nov-2025"
"21","Normal/Others","WS/MP138/2025-2026/204687-Establishing public ground water recharging facilities","Odisha","Baleshwar(DISTRICT COLLECTOR BALESHWAR_IDA)","Smt. Sulata Deo (2022-28) (2022-2028)","Elected MP","Construction of Bathing Ghat at Khuntadiha Adibasisahi Over Tartari Nalla near Somanath Majhi House GP Block Chhatrapur Nilgiri Executing Agency ITDA Nilgiri","28-May-2025","155000","04-Nov-2025"
"22","Normal/Others","WS/MP138/2025-2026/204688-Construction of roads, link roads, pathways or any other road with or without drainage system","Odisha","Baleshwar(DISTRICT COLLECTOR BALESHWAR_IDA)","Smt. Sulata Deo (2022-28) (2022-2028)","Elected MP","Construction of CC Road from Ratna Beherania house to Junakoili Field GP Block Ajodhya Nilgiri Executing Agency ITDA Nilgiri","28-May-2025","200000","22-Dec-2025"
"23","Normal/Others","WS/MP138/2025-2026/213970-Construction of roads, link roads, pathways or any other road with or without drainage system","Odisha","Baleshwar(DISTRICT COLLECTOR BALESHWAR_IDA)","Smt. Sulata Deo (2022-28) (2022-2028)","Elected MP","Construction of CC Road from Nira Behera House to Sasikanta Mallik House Village Kasaba Jaypur GP Block Kasaba Jaypur Bahanaga Executing Agency ITDA Nilgiri","01-Jul-2025","200000","04-Nov-2025"
"24","Normal/Others","WS/MP138/2025-2026/213971-Construction of roads, link roads, pathways or any other road with or without drainage system","Odisha","Baleshwar(DISTRICT COLLECTOR BALESHWAR_IDA)","Smt. Sulata Deo (2022-28) (2022-2028)","Elected MP","Construction of CC Road at Teliapada Putty Sahi GP Block DN Pur Oupada Executing Agency BDO Oupada","01-Jul-2025","200000","04-Nov-2025"
"25","Normal/Others","NA-Construction of roads, link roads, pathways or any other road with or without drainage system","Odisha","Baleshwar(DISTRICT COLLECTOR BALESHWAR_IDA)","Dr. Sasmit Patra (2022-28) (2022-2028)","Elected MP","Construction of CC Road from Kartik Sing house to Tapan Gahan farm","23-Aug-2026","200000","NA"
"26","Normal/Others","NA-Construction of roads, link roads, pathways or any other road with or without drainage system","Odisha","Baleshwar(DISTRICT COLLECTOR BALESHWAR_IDA)","Dr. Sasmit Patra (2022-28) (2022-2028)","Elected MP","Construction of CC Road from Sarat Sing house to Pokhari","23-Aug-2026","150000","NA"
"27","Normal/Others","NA-Construction of roads, link roads, pathways or any other road with or without drainage system","Odisha","Baleshwar(DISTRICT COLLECTOR BALESHWAR_IDA)","Dr. Sasmit Patra (2022-28) (2022-2028)","Elected MP","Construction of CC Road from Hatasahi Tube well Chhaka to Nahapanda Dhia","23-Aug-2026","380000","NA"
"28","Normal/Others","NA-Construction of roads, link roads, pathways or any other road with or without drainage system","Odisha","Baleshwar(DISTRICT COLLECTOR BALESHWAR_IDA)","Dr. Sasmit Patra (2022-28) (2022-2028)","Elected MP","Construction of CC Road from Sanatan House to PWD Road","23-Aug-2026","200000","NA"
"29","Normal/Others","NA-Construction of roads, link roads, pathways or any other road with or without drainage system","Odisha","Baleshwar(DISTRICT COLLECTOR BALESHWAR_IDA)","Dr. Sasmit Patra (2022-28) (2022-2028)","Elected MP","Construction of CC Road from Surendra Sahu House to Somnath Sahu House, Sahu Sahi","23-Aug-2026","200000","NA"
"30","Normal/Others","NA-Construction of roads, link roads, pathways or any other road with or without drainage system","Odisha","Baleshwar(DISTRICT COLLECTOR BALESHWAR_IDA)","Dr. Sasmit Patra (2022-28) (2022-2028)","Elected MP","Construction of CC Road from Ratha Bindhani house to Dangara Sahi","23-Aug-2026","200000","NA"
"31","Normal/Others","NA-Construction of roads, link roads, pathways or any other road with or without drainage system","Odisha","Baleshwar(DISTRICT COLLECTOR BALESHWAR_IDA)","Dr. Sasmit Patra (2022-28) (2022-2028)","Elected MP","Construction of CC Road Between Abhay Mohanty house to Pagulu Pradhan house","23-Aug-2026","200000","NA"
"32","Normal/Others","NA-Renovation of ponds and lakes","Odisha","Baleshwar(DISTRICT COLLECTOR BALESHWAR_IDA)","Dr. Sasmit Patra (2022-28) (2022-2028)","Elected MP","Construction of Guard Wall from Mahendra Mallick house to School Chhaka","23-Aug-2026","200000","NA"
"33","Normal/Others","NA-Renovation of ponds and lakes","Odisha","Baleshwar(DISTRICT COLLECTOR BALESHWAR_IDA)","Dr. Sasmit Patra (2022-28) (2022-2028)","Elected MP","Construction of Guard Wall near the side of Nishankapur, Bagicha Pokhari","23-Aug-2026","150000","NA"
"34","Normal/Others","NA-Renovation of ponds and lakes","Odisha","Baleshwar(DISTRICT COLLECTOR BALESHWAR_IDA)","Dr. Sasmit Patra (2022-28) (2022-2028)","Elected MP","Construction of Bathing Ghat of Tiakata Tank","23-Aug-2026","200000","NA"
"35","Normal/Others","NA-Street lights","Odisha","Baleshwar(DISTRICT COLLECTOR BALESHWAR_IDA)","Smt. Sulata Deo (2022-28) (2022-2028)","Elected MP","Supply and Installation of High Max Light (150 watt 1 no with each pole 4 light) at Bartana High School Panchayat Bartana Block Khaira","28-May-2025","200000","NA"
"36","Normal/Others","WS/MP138/2025-2026/204686-Street lights","Odisha","Baleshwar(DISTRICT COLLECTOR BALESHWAR_IDA)","Smt. Sulata Deo (2022-28) (2022-2028)","Elected MP","Installation of Solar light (15 watt) at Jharanaghati Hudisahi Darkhuli Village Jamuna Santalasahi Bhudurbani Play ground Kubasahi (Parasipal) Barakheda Kelamara Chandigad Gandhi Hata Bada Baidyanath Uchha Vidhyapitha Mahisapatta Baniagan RK Pur Parishad Chhaka Gogirana (2 numbers) 14 nos each Rs 35000 In the permises of Kans High School GP Block Nilgiri Executing Agency ITDA Nilgiri","28-May-2025","490000","22-Dec-2025"
"37","Normal/Others","WS/MP138/2025-2026/204690-Security gates in streets/public place for safety purpose","Odisha","Baleshwar(DISTRICT COLLECTOR BALESHWAR_IDA)","Smt. Sulata Deo (2022-28) (2022-2028)","Elected MP","Construction Completion of Entry Gate at Oupada Play Field near PHC and Block GP Block Talakia Oupada  Executing Agency BDO Oupada","28-May-2025","200000","04-Nov-2025"
"38","Normal/Others","WS/MP138/2026-2027/257488-Construction of roads, link roads, pathways or any other road with or without drainage system","Odisha","BHADRAK(DISTRICT COLLECTOR BHADRAK_IDA)","Smt. Sulata Deo (2022-28) (2022-2028)","Elected MP","Construction of Baba Rajarajeshwar CC near Baba RajaRajeswar Temple Ward No.4","06-Jan-2026","500000","18-Jul-2026"
"39","Normal/Others","WS/MP132/2026-2027/293774-Construction of roads, link roads, pathways or any other road with or without drainage system","Odisha","BHADRAK(DISTRICT COLLECTOR BHADRAK_IDA)","Shri Manas Ranjan Mangaraj (2022-28) (2022-2028)","Elected MP","Construction of Paver Block road in front of Manas Mallick statue in campus of Pujya Puja Sansad, Dhusuri NAC","09-Jul-2026","350000","19-Aug-2026"
"40","Normal/Others","WS/MP132/2026-2027/293775-Construction of roads, link roads, pathways or any other road with or without drainage system","Odisha","BHADRAK(DISTRICT COLLECTOR BHADRAK_IDA)","Shri Manas Ranjan Mangaraj (2022-28) (2022-2028)","Elected MP","Construction of CC road from Genguti Nadi Bandha to Korkada Tripathy Sahi Mahadev Temple.","09-Jul-2026","200000","19-Aug-2026"
"41","Normal/Others","WS/MP134/2025-2026/239492-Construction of rooms and halls in school and colleges","Odisha","BHADRAK(DISTRICT COLLECTOR BHADRAK_IDA)","Shri Ashwini Vaishnaw (2024-30) (2024-2030)","Elected MP","Construction of new building of Dolasahi Government U.P.M.E. School, Dolasahi, Bhadrak.","03-Oct-2025","10000000","18-Mar-2026"
"42","Repair and Renovation","WS/MP132/2026-2027/293776-Construction of community centers and community halls","Odisha","BHADRAK(DISTRICT COLLECTOR BHADRAK_IDA)","Shri Manas Ranjan Mangaraj (2022-28) (2022-2028)","Elected MP","Repair and Renovation of Saraswati Community Center at Chanda Patana (Kanjipal).","09-Jul-2026","200000","19-Aug-2026"
"43","Repair and Renovation","WS/MP132/2026-2027/293777-Construction of community centers and community halls","Odisha","BHADRAK(DISTRICT COLLECTOR BHADRAK_IDA)","Shri Manas Ranjan Mangaraj (2022-28) (2022-2028)","Elected MP","Repair and Renovation of Sports room at Korkada Village","09-Jul-2026","200000","19-Aug-2026"
"44","Normal/Others","WS/MP131/2026-2027/272277-Construction of community centers and community halls","Odisha","BHADRAK(DISTRICT COLLECTOR BHADRAK_IDA)","Dr. Sasmit Patra (2022-28) (2022-2028)","Elected MP","Construction of Madina Maidan Community Hall At Madina Maidan, Puruna Bazar, P.O-Dist. Bhadrak- 756100","03-Mar-2026","2000000","19-Jun-2026"
"45","Normal/Others","NA-Construction of community centers and community halls","Odisha","Kataka(DISTRICT COLLECTOR CUTTACK_IDA)","Dr. Sasmit Patra (2022-28) (2022-2028)","Elected MP","Construction of Badhia Youth CC","06-Mar-2026","150000","NA"
"46","Normal/Others","NA-Construction of community centers and community halls","Odisha","Kataka(DISTRICT COLLECTOR CUTTACK_IDA)","Dr. Sasmit Patra (2022-28) (2022-2028)","Elected MP","Construction of Mundia Sahi Mandap CC at Tanla Sahi","06-Mar-2026","150000","NA"
"47","Normal/Others","NA-Construction of community centers and community halls","Odisha","Kataka(DISTRICT COLLECTOR CUTTACK_IDA)","Dr. Sasmit Patra (2022-28) (2022-2028)","Elected MP","Construction of Guahl sahi Bajarangi Youth CC","06-Mar-2026","150000","NA"
"48","Normal/Others","WS/MP131/2026-2027/272585-Construction of community centers and community halls","Odisha","Kataka(DISTRICT COLLECTOR CUTTACK_IDA)","Dr. Sasmit Patra (2022-28) (2022-2028)","Elected MP","Construction of Madheipada Village CC","06-Mar-2026","250000","21-Jul-2026"
"49","Normal/Others","WS/MP131/2026-2027/272586-Construction of community centers and community halls","Odisha","Kataka(DISTRICT COLLECTOR CUTTACK_IDA)","Dr. Sasmit Patra (2022-28) (2022-2028)","Elected MP","Construction of Mahatma CC at Harijan Sahi near Badamba Hata","06-Mar-2026","200000","29-Aug-2026"
"50","Normal/Others","WS/MP131/2026-2027/272587-Construction of community centers and community halls","Odisha","Kataka(DISTRICT COLLECTOR CUTTACK_IDA)","Dr. Sasmit Patra (2022-28) (2022-2028)","Elected MP","Construction of village Panthian Mandap CC at Mangalpur","06-Mar-2026","200000","29-Aug-2026"
"51","Normal/Others","WS/MP131/2026-2027/272588-Construction of community centers and community halls","Odisha","Kataka(DISTRICT COLLECTOR CUTTACK_IDA)","Dr. Sasmit Patra (2022-28) (2022-2028)","Elected MP","Construction of Community Kitchen  at Talasahi","06-Mar-2026","150000","29-Aug-2026"
"52","Normal/Others","NA-Construction of community centers and community halls","Odisha","Kataka(DISTRICT COLLECTOR CUTTACK_IDA)","Dr. Sasmit Patra (2022-28) (2022-2028)","Elected MP","Construction of Royal youth CC at Biswambarapur","06-Mar-2026","200000","NA"
"53","Normal/Others","NA-Construction of community centers and community halls","Odisha","Kataka(DISTRICT COLLECTOR CUTTACK_IDA)","Dr. Sasmit Patra (2022-28) (2022-2028)","Elected MP","Construction of Mahavira Youth CC at Biswambarapur","06-Mar-2026","200000","NA"
"54","Normal/Others","WS/MP131/2026-2027/272591-Construction of community centers and community halls","Odisha","Kataka(DISTRICT COLLECTOR CUTTACK_IDA)","Dr. Sasmit Patra (2022-28) (2022-2028)","Elected MP","Construction of Community Kitchen CC near Banshidhari Sports Club","06-Mar-2026","200000","29-Aug-2026"
"55","Normal/Others","WS/MP131/2026-2027/272592-Construction of community centers and community halls","Odisha","Kataka(DISTRICT COLLECTOR CUTTACK_IDA)","Dr. Sasmit Patra (2022-28) (2022-2028)","Elected MP","Construction of Kanthitala Sahi Mandap CC near Sriram Pitha","06-Mar-2026","200000","29-Aug-2026"
"56","Normal/Others","WS/MP131/2026-2027/272593-Construction of community centers and community halls","Odisha","Kataka(DISTRICT COLLECTOR CUTTACK_IDA)","Dr. Sasmit Patra (2022-28) (2022-2028)","Elected MP","Construction of Badshah CC","06-Mar-2026","300000","29-Aug-2026"
"57","Normal/Others","WS/MP131/2026-2027/272594-Construction of community centers and community halls","Odisha","Kataka(DISTRICT COLLECTOR CUTTACK_IDA)","Dr. Sasmit Patra (2022-28) (2022-2028)","Elected MP","Construction of Community Kitchen near Gopal Jew at Manpur village","06-Mar-2026","200000","29-Aug-2026"
"58","Normal/Others","NA-Construction of community centers and community halls","Odisha","Kataka(DISTRICT COLLECTOR CUTTACK_IDA)","Dr. Sasmit Patra (2022-28) (2022-2028)","Elected MP","Construction of Community Kitchen  at Chandimangal Village near Jaleswar","06-Mar-2026","200000","NA"
"59","Normal/Others","NA-Construction of community centers and community halls","Odisha","Kataka(DISTRICT COLLECTOR CUTTACK_IDA)","Dr. Sasmit Patra (2022-28) (2022-2028)","Elected MP","Construction of Sunyashram CC near Gopinathapur Field","06-Mar-2026","200000","NA"
"60","Normal/Others","WS/MP131/2026-2027/272562-Construction of community centers and community halls","Odisha","Kataka(DISTRICT COLLECTOR CUTTACK_IDA)","Dr. Sasmit Patra (2022-28) (2022-2028)","Elected MP","Construction of Bhubaneswari Youth CC at Kamaladiha","06-Mar-2026","300000","22-Apr-2026"
"61","Normal/Others","NA-Construction of community centers and community halls","Odisha","Kataka(DISTRICT COLLECTOR CUTTACK_IDA)","Dr. Sasmit Patra (2022-28) (2022-2028)","Elected MP","Construction of Mangal CC at Balikiari","06-Mar-2026","200000","NA"
"62","Normal/Others","NA-Construction of community centers and community halls","Odisha","Kataka(DISTRICT COLLECTOR CUTTACK_IDA)","Dr. Sasmit Patra (2022-28) (2022-2028)","Elected MP","Construction of Narsinghpur Rajya Gopal Samaj CC at  Padampur","06-Mar-2026","500000","NA"
"63","Normal/Others","NA-Construction of community centers and community halls","Odisha","Kataka(DISTRICT COLLECTOR CUTTACK_IDA)","Dr. Sasmit Patra (2022-28) (2022-2028)","Elected MP","Construction of Sanskruti Club CC at Ostanarayanipur, Nijigda","06-Mar-2026","500000","NA"
"64","Normal/Others","NA-Construction of community centers and community halls","Odisha","Kataka(DISTRICT COLLECTOR CUTTACK_IDA)","Dr. Sasmit Patra (2022-28) (2022-2028)","Elected MP","Construction of Arakhabadi club CC at Ranasinghpur","06-Mar-2026","300000","NA"
"65","Normal/Others","NA-Construction of community centers and community halls","Odisha","Kataka(DISTRICT COLLECTOR CUTTACK_IDA)","Dr. Sasmit Patra (2022-28) (2022-2028)","Elected MP","Construction of Balisahi Golasahi Mandap CC","06-Mar-2026","200000","NA"
"66","Normal/Others","NA-Construction of community centers and community halls","Odisha","Kataka(DISTRICT COLLECTOR CUTTACK_IDA)","Dr. Sasmit Patra (2022-28) (2022-2028)","Elected MP","Construction of Badhia Village CC","06-Mar-2026","200000","NA"
"67","Normal/Others","NA-Construction of community centers and community halls","Odisha","Kataka(DISTRICT COLLECTOR CUTTACK_IDA)","Dr. Sasmit Patra (2022-28) (2022-2028)","Elected MP","Construction of Raghunath Pathagara CC","06-Mar-2026","250000","NA"
"68","Normal/Others","NA-Construction of community centers and community halls","Odisha","Kataka(DISTRICT COLLECTOR CUTTACK_IDA)","Dr. Sasmit Patra (2022-28) (2022-2028)","Elected MP","Construction of Chakragada Bajarangi youth cc","06-Mar-2026","150000","NA"
"69","Normal/Others","WS/MP131/2026-2027/272578-Construction of community centers and community halls","Odisha","Kataka(DISTRICT COLLECTOR CUTTACK_IDA)","Dr. Sasmit Patra (2022-28) (2022-2028)","Elected MP","Construction of Hata Cultural Mandap CC","06-Mar-2026","150000","22-Apr-2026"
"70","Normal/Others","NA-Construction of community centers and community halls","Odisha","Kataka(DISTRICT COLLECTOR CUTTACK_IDA)","Shri Manas Ranjan Mangaraj (2022-28) (2022-2028)","Elected MP","Construction of Podabara community center in ward no. 49, CMC, District- Cuttack","07-Jun-2025","150000","NA"
"71","Normal/Others","NA-Construction of community centers and community halls","Odisha","Kataka(DISTRICT COLLECTOR CUTTACK_IDA)","Shri Manas Ranjan Mangaraj (2022-28) (2022-2028)","Elected MP","Construction of Azad Club at Ward No. 1, Choudwar Municipality, District- Cuttack","07-Jun-2025","100000","NA"
"72","Normal/Others","NA-Construction of community centers and community halls","Odisha","Kataka(DISTRICT COLLECTOR CUTTACK_IDA)","Shri Manas Ranjan Mangaraj (2022-28) (2022-2028)","Elected MP","Construction of Panda Sahi Community center at Ward No. 48, CMC","07-Jun-2025","150000","NA"
"73","Normal/Others","NA-Construction of community centers and community halls","Odisha","Kataka(DISTRICT COLLECTOR CUTTACK_IDA)","Shri Manas Ranjan Mangaraj (2022-28) (2022-2028)","Elected MP","Construction of Ramalila Sadan at Ward No. 4, Choudwar Municipality Corporation","07-Jun-2025","150000","NA"
"74","Normal/Others","NA-Construction of community centers and community halls","Odisha","Kataka(DISTRICT COLLECTOR CUTTACK_IDA)","Shri Manas Ranjan Mangaraj (2022-28) (2022-2028)","Elected MP","Construction of Community center in Banipada, Block- Tangi, Dist- Cuttack","07-Jun-2025","150000","NA"
"75","Normal/Others","NA-Construction of community centers and community halls","Odisha","Kataka(DISTRICT COLLECTOR CUTTACK_IDA)","Shri Manas Ranjan Mangaraj (2022-28) (2022-2028)","Elected MP","Construction of Community center in ward no. 5, Choudwar Municipality, Dist- Cuttack","07-Jun-2025","150000","NA"
"76","Normal/Others","NA-Construction of community centers and community halls","Odisha","Kataka(DISTRICT COLLECTOR CUTTACK_IDA)","Shri Manas Ranjan Mangaraj (2022-28) (2022-2028)","Elected MP","Construction of Gayatri Paribara Community center in Ward No. 10, Choudwar Municipality","07-Jun-2025","150000","NA"
"77","Normal/Others","WS/MP138/2025-2026/211099-Construction of community centers and community halls","Odisha","Kataka(DISTRICT COLLECTOR CUTTACK_IDA)","Smt. Sulata Deo (2022-28) (2022-2028)","Elected MP","Construction of CC near by Mahima Alekha Tungi Bidyadharpur Cuttack Sadar Block Ward No 54 Rural District Cuttack","21-Jun-2025","500000","22-Sep-2025"
"78","Normal/Others","WS/MP138/2025-2026/253615-Construction of community centers and community halls","Odisha","Kataka(DISTRICT COLLECTOR CUTTACK_IDA)","Smt. Sulata Deo (2022-28) (2022-2028)","Elected MP","Construction of NECTAR Old Age Home, Plot No.-623 by 934, Mangarajpur GP","12-Dec-2025","400000","07-Mar-2026"
"79","Normal/Others","WS/MP138/2025-2026/23249-Construction of community centers and community halls","Odisha","Kataka(DISTRICT COLLECTOR CUTTACK_IDA)","Smt. Sulata Deo (2022-28) (2022-2028)","Elected MP","Construction of Jagannath Seva Sangha Community Center at Nuasahi, Block Badamba, Village Sankhamery","19-Sep-2023","150000","08-May-2025"
"80","Normal/Others","WS/MP138/2023-2024/23251-Construction of community centers and community halls","Odisha","Kataka(DISTRICT COLLECTOR CUTTACK_IDA)","Smt. Sulata Deo (2022-28) (2022-2028)","Elected MP","Construction of Nuasolabandha Community Center, Block Narsinghpur, Village Champerwar","19-Sep-2023","250000","04-Dec-2023"
"81","Normal/Others","WS/MP138/2023-2024/23252-Construction of community centers and community halls","Odisha","Kataka(DISTRICT COLLECTOR CUTTACK_IDA)","Smt. Sulata Deo (2022-28) (2022-2028)","Elected MP","Construction of Jawan Community Center, Block Narsinghpur Village Paikapadapatana","19-Sep-2023","200000","04-Dec-2023"
"82","Normal/Others","WS/MP138/2023-2024/23253-Construction of community centers and community halls","Odisha","Kataka(DISTRICT COLLECTOR CUTTACK_IDA)","Smt. Sulata Deo (2022-28) (2022-2028)","Elected MP","Construction of Laudi Mandap Community Center, Block Narsinghpur Village Rushipada","19-Sep-2023","100000","04-Dec-2023"
"83","Normal/Others","WS/MP138/2023-2024/23254-Construction of community centers and community halls","Odisha","Kataka(DISTRICT COLLECTOR CUTTACK_IDA)","Smt. Sulata Deo (2022-28) (2022-2028)","Elected MP","Construction of R.K. Mahila Community Center at Lakyanagar, Block Narsinghpur Village Regeda","19-Sep-2023","150000","04-Dec-2023"
"84","Normal/Others","WS/MP138/2023-2024/23255-Construction of community centers and community halls","Odisha","Kataka(DISTRICT COLLECTOR CUTTACK_IDA)","Smt. Sulata Deo (2022-28) (2022-2028)","Elected MP","Gramya Cultural Center Community Center, Naupalli, Block Narsinghpur Village Kakudia","19-Sep-2023","150000","04-Dec-2023"
"85","Normal/Others","WS/MP138/2025-2026/23246-Construction of community centers and community halls","Odisha","Kataka(DISTRICT COLLECTOR CUTTACK_IDA)","Smt. Sulata Deo (2022-28) (2022-2028)","Elected MP","Construction of Adibasi Sahi Village Community Center at Warn No. 11, Block Badamba, Village Jhajia,","19-Sep-2023","100000","08-May-2025"
"86","Normal/Others","WS/MP138/2025-2026/23247-Construction of community centers and community halls","Odisha","Kataka(DISTRICT COLLECTOR CUTTACK_IDA)","Smt. Sulata Deo (2022-28) (2022-2028)","Elected MP","Construction of Village Mandap Community Center Ward No. 9, Block Badamba, Village Jhajia","19-Sep-2023","100000","08-May-2025"
"87","Normal/Others","WS/MP131/2023-2024/75402-Construction of community centers and community halls","Odisha","Kataka(DISTRICT COLLECTOR CUTTACK_IDA)","Dr. Sasmit Patra (2022-28) (2022-2028)","Elected MP","Construction of Mahila Community Centre at Mundia Sahi Chakraprasad","04-Jan-2024","200000","13-Feb-2024"
"88","Normal/Others","WS/MP131/2023-2024/75403-Construction of community centers and community halls","Odisha","Kataka(DISTRICT COLLECTOR CUTTACK_IDA)","Dr. Sasmit Patra (2022-28) (2022-2028)","Elected MP","Construction of Dhoba Sahi Community Centre","04-Jan-2024","200000","13-Feb-2024"
"89","Normal/Others","WS/MP131/2023-2024/75405-Construction of community centers and community halls","Odisha","Kataka(DISTRICT COLLECTOR CUTTACK_IDA)","Dr. Sasmit Patra (2022-28) (2022-2028)","Elected MP","Construction of Kalua Community Centre","04-Jan-2024","150000","13-Feb-2024"
"90","Normal/Others","WS/MP131/2023-2024/75406-Construction of community centers and community halls","Odisha","Kataka(DISTRICT COLLECTOR CUTTACK_IDA)","Dr. Sasmit Patra (2022-28) (2022-2028)","Elected MP","Construction of Uparasahi Suda Community Centre","04-Jan-2024","150000","13-Feb-2024"
"91","Normal/Others","WS/MP131/2023-2024/75407-Construction of community centers and community halls","Odisha","Kataka(DISTRICT COLLECTOR CUTTACK_IDA)","Dr. Sasmit Patra (2022-28) (2022-2028)","Elected MP","Construction of Akhada Community Centre","04-Jan-2024","150000","13-Feb-2024"
"92","Normal/Others","WS/MP131/2023-2024/75397-Construction of community centers and community halls","Odisha","Kataka(DISTRICT COLLECTOR CUTTACK_IDA)","Dr. Sasmit Patra (2022-28) (2022-2028)","Elected MP","Construction of Mangala Mahila Community Centre","04-Jan-2024","200000","13-Feb-2024"
"93","Normal/Others","WS/MP131/2023-2024/75398-Construction of community centers and community halls","Odisha","Kataka(DISTRICT COLLECTOR CUTTACK_IDA)","Dr. Sasmit Patra (2022-28) (2022-2028)","Elected MP","Construction of Ghantapada Community Centre","04-Jan-2024","200000","13-Feb-2024"
"94","Normal/Others","WS/MP131/2023-2024/75399-Construction of community centers and community halls","Odisha","Kataka(DISTRICT COLLECTOR CUTTACK_IDA)","Dr. Sasmit Patra (2022-28) (2022-2028)","Elected MP","Construction of Mission Shakti Community Centre Nukhapada","04-Jan-2024","100000","13-Feb-2024"
"95","Normal/Others","WS/MP131/2023-2024/75400-Construction of community centers and community halls","Odisha","Kataka(DISTRICT COLLECTOR CUTTACK_IDA)","Dr. Sasmit Patra (2022-28) (2022-2028)","Elected MP","Construction of Yatri Bishramagara at Chakka","04-Jan-2024","150000","13-Feb-2024"
"96","Normal/Others","WS/MP138/2023-2024/113791-Construction of community centers and community halls","Odisha","Kataka(DISTRICT COLLECTOR CUTTACK_IDA)","Smt. Sulata Deo (2022-28) (2022-2028)","Elected MP","Construction of NECTOR Old age Home, Plot No-623/934, Mangarajpur Grampanchayat Tangi, Choudwar Block, Distt Cuttack Odisha","24-Feb-2024","600000","15-Mar-2024"
"97","Normal/Others","WS/MP131/2024-2025/162168-Construction of community centers and community halls","Odisha","Kataka(DISTRICT COLLECTOR CUTTACK_IDA)","Dr. Sasmit Patra (2022-28) (2022-2028)","Elected MP","Construction of residence building for NECTAR Old Age Home, Mangarajpur Village, Charbatia, Choudwar, Dist- Cuttack. Pin- 754028","28-Dec-2024","1000000","05-Feb-2025"
"98","Normal/Others","NA-Construction of community centers and community halls","Odisha","Kataka(DISTRICT COLLECTOR CUTTACK_IDA)","Dr. Santrupt Misra (2026-32) (2026-2032)","Elected MP","Construction of Radhagovindajew Community Centre","11-Aug-2026","980000","NA"
"99","Normal/Others","NA-Construction of community centers and community halls","Odisha","Kataka(DISTRICT COLLECTOR CUTTACK_IDA)","Dr. Santrupt Misra (2026-32) (2026-2032)","Elected MP","Construction of Kishore Community Centre near Kishore Club","11-Aug-2026","500000","NA"
"100","Normal/Others","NA-Construction of community centers and community halls","Odisha","Kataka(DISTRICT COLLECTOR CUTTACK_IDA)","Dr. Santrupt Misra (2026-32) (2026-2032)","Elected MP","Construction of Maa Mangala Community Centre","11-Aug-2026","500000","NA"
"101","Normal/Others","NA-Construction of community centers and community halls","Odisha","Kataka(DISTRICT COLLECTOR CUTTACK_IDA)","Dr. Santrupt Misra (2026-32) (2026-2032)","Elected MP","Construction of Radha Mohan Community Centre","11-Aug-2026","500000","NA"
"102","Normal/Others","NA-Construction of community centers and community halls","Odisha","Kataka(DISTRICT COLLECTOR CUTTACK_IDA)","Dr. Santrupt Misra (2026-32) (2026-2032)","Elected MP","Construction of Radha Krushna Community Centre","11-Aug-2026","600000","NA"
"103","Normal/Others","NA-Construction of community centers and community halls","Odisha","Kataka(DISTRICT COLLECTOR CUTTACK_IDA)","Dr. Santrupt Misra (2026-32) (2026-2032)","Elected MP","Construction of Parbati Sikhya Sanskrutika Parishad","11-Aug-2026","400000","NA"
"104","Normal/Others","NA-Construction of community centers and community halls","Odisha","Kataka(DISTRICT COLLECTOR CUTTACK_IDA)","Shri Sujeet Kumar (2026-32) (2026-2032)","Elected MP","Construction of Building of SHARP, Baula Sahi, Narsinghpur","19-Aug-2026","750000","NA"
"105","Normal/Others","NA-Construction of community centers and community halls","Odisha","Kataka(DISTRICT COLLECTOR CUTTACK_IDA)","Shri Dilip Kumar Ray (2026-32) (2026-2032)","Elected MP","Development of Jajati Keshari Community Centre","01-Sep-2026","500000","NA"
"106","Normal/Others","NA-Construction of community centers and community halls","Odisha","Kataka(DISTRICT COLLECTOR CUTTACK_IDA)","Shri Dilip Kumar Ray (2026-32) (2026-2032)","Elected MP","Development of Nuapatna Primary School,","01-Sep-2026","500000","NA"
"107","Normal/Others","NA-Construction of community centers and community halls","Odisha","Kataka(DISTRICT COLLECTOR CUTTACK_IDA)","Shri Dilip Kumar Ray (2026-32) (2026-2032)","Elected MP","Construction of Jagulai community centre","01-Sep-2026","700000","NA"
"108","Normal/Others","NA-Construction of community centers and community halls","Odisha","Kataka(DISTRICT COLLECTOR CUTTACK_IDA)","Shri Dilip Kumar Ray (2026-32) (2026-2032)","Elected MP","Construction of community  Hall","01-Sep-2026","500000","NA"
"109","Normal/Others","NA-Construction of community centers and community halls","Odisha","Kataka(DISTRICT COLLECTOR CUTTACK_IDA)","Shri Dilip Kumar Ray (2026-32) (2026-2032)","Elected MP","Construction of Bidyaratna Bhawan Building","01-Sep-2026","500000","NA"
"110","Normal/Others","WS/MP131/2023-2024/75401-Construction of public libraries and reading rooms","Odisha","Kataka(DISTRICT COLLECTOR CUTTACK_IDA)","Dr. Sasmit Patra (2022-28) (2022-2028)","Elected MP","Construction of Library","04-Jan-2024","200000","13-Feb-2024"
"111","Normal/Others","WS/MP138/2025-2026/23245-Construction of buildings for community cultural activities","Odisha","Kataka(DISTRICT COLLECTOR CUTTACK_IDA)","Smt. Sulata Deo (2022-28) (2022-2028)","Elected MP","Construction of Mahila Cultural Mandap at Ward No. 2, Block Badamba, Village Jhajia","19-Sep-2023","200000","08-May-2025"
"112","Normal/Others","WS/MP138/2023-2024/23256-Construction of buildings for community cultural activities","Odisha","Kataka(DISTRICT COLLECTOR CUTTACK_IDA)","Smt. Sulata Deo (2022-28) (2022-2028)","Elected MP","Mahadev Sahi Cultural Center, Block Narsinghpur Village Kakudia","19-Sep-2023","150000","04-Dec-2023"
"113","Normal/Others","NA-Construction of rooms and halls in school and colleges","Odisha","Kataka(DISTRICT COLLECTOR CUTTACK_IDA)","Shri Sujeet Kumar (2026-32) (2026-2032)","Elected MP","Const. of building at Bapuji Sishu Mandir (Child Care Institution), Swarnakshetra, Mahanga","20-Jul-2026","700000","NA"
"114","Normal/Others","WS/MP134/2024-2025/155284-Construction of buildings for community cultural activities","Odisha","Kataka(DISTRICT COLLECTOR CUTTACK_IDA)","Shri Ashwini Vaishnaw (2024-30) (2024-2030)","Elected MP","Construction of additional rooms & halls and peripheral development of Champanath Kalyan Mandap","28-Nov-2024","2500000","02-Dec-2024"
"115","Normal/Others","WS/MP134/2024-2025/155285-Construction of buildings for community cultural activities","Odisha","Kataka(DISTRICT COLLECTOR CUTTACK_IDA)","Shri Ashwini Vaishnaw (2024-30) (2024-2030)","Elected MP","Installation of Fixed Garden Gym equipment and playing equipment for children","28-Nov-2024","1000000","02-Dec-2024"
"116","Normal/Others","WS/MP134/2024-2025/155286-Construction of buildings for community cultural activities","Odisha","Kataka(DISTRICT COLLECTOR CUTTACK_IDA)","Shri Ashwini Vaishnaw (2024-30) (2024-2030)","Elected MP","Construction of Rest Shed and Public Toilet facilities (Women)","28-Nov-2024","1000000","02-Dec-2024"
"117","Normal/Others","WS/MP134/2024-2025/155287-Construction of buildings for community cultural activities","Odisha","Kataka(DISTRICT COLLECTOR CUTTACK_IDA)","Shri Ashwini Vaishnaw (2024-30) (2024-2030)","Elected MP","Development of Public Park at Bhattarika (Drinking water, Sanitation, Parking Light etc.)","28-Nov-2024","1000000","02-Dec-2024"
"118","Normal/Others","WS/MP131/2023-2024/75404-Construction of common work sheds/ common covered sitting area","Odisha","Kataka(DISTRICT COLLECTOR CUTTACK_IDA)","Dr. Sasmit Patra (2022-28) (2022-2028)","Elected MP","Construction of Jatri Waiting Hall, Mardamekha","04-Jan-2024","300000","13-Feb-2024"
"119","Normal/Others","NA-Construction of additional rooms and halls in the existing public and community building","Odisha","Kataka(DISTRICT COLLECTOR CUTTACK_IDA)","Shri Dilip Kumar Ray (2026-32) (2026-2032)","Elected MP","Development of Nityananda Bayam Bidyalaya","01-Sep-2026","500000","NA"
"120","Normal/Others","NA-Construction of boundary walls of existing public and community buildings","Odisha","Kataka(DISTRICT COLLECTOR CUTTACK_IDA)","Shri Dilip Kumar Ray (2026-32) (2026-2032)","Elected MP","Development of Boundary wall of Gobindjewpatana Primary School.","01-Sep-2026","500000","NA"
"121","Trust and Society","WS/MP134/2026-2027/268119-Construction of rooms and halls in school and colleges","Odisha","Kataka(DISTRICT COLLECTOR CUTTACK_IDA)","Shri Ashwini Vaishnaw (2024-30) (2024-2030)","Elected MP","Construction of Ladies Hostel, Saraswati Vidya Mandir, Gatiroupatna, Cuttack.","13-Feb-2026","5000000","06-Jul-2026"
"122","Normal/Others","NA-Construction of rooms and halls in school and colleges","Odisha","Kataka(DISTRICT COLLECTOR CUTTACK_IDA)","Shri Ashwini Vaishnaw (2024-30) (2024-2030)","Elected MP","Repair and renovation of the school building and flooring at Haridapashi Primary School, Achalkote, Tigiria, Cuttack, Odisha.","11-Jun-2026","1050000","NA"
"123","Normal/Others","WS/MP134/2024-2025/155565-Development of playground","Odisha","Kataka(DISTRICT COLLECTOR CUTTACK_IDA)","Shri Ashwini Vaishnaw (2024-30) (2024-2030)","Elected MP","Development of turf and training facilities for multipurpose sports in Football Play Ground.","28-Nov-2024","5000000","09-Dec-2024"
"124","Normal/Others","WS/MP132/2026-2027/136476-Construction of rooms and halls in school and colleges","Odisha","Kataka(DISTRICT COLLECTOR CUTTACK_IDA)","Shri Manas Ranjan Mangaraj (2022-28) (2022-2028)","Elected MP","Construction of Class rooms and hall in Saraswati Sishu Vidya Mandir, At/Po- Khentalo, GP- Ishani Berhampur, Block- Nischintakoili, Dist- Cuttack, Pin- 754131","20-Aug-2024","500000","29-May-2026"
"125","Normal/Others","WS/MP138/2024-2025/113790-Construction of rooms and halls in school and colleges","Odisha","Kataka(DISTRICT COLLECTOR CUTTACK_IDA)","Smt. Sulata Deo (2022-28) (2022-2028)","Elected MP","Bhagabati Bidyapith, Sukleswar, Ward No. 4, Village Sukleswar, GP Pallisahi, Block PS  Mahanga, Distt Cuttack-Odisha","24-Feb-2024","1000000","15-Feb-2025"
"126","Normal/Others","WS/MP138/2025-2026/23248-Installing tube-wells and borewells","Odisha","Kataka(DISTRICT COLLECTOR CUTTACK_IDA)","Smt. Sulata Deo (2022-28) (2022-2028)","Elected MP","Construction/Renovation of Open Well at Jenasahi, Block Badamba, Village Sankhamery","19-Sep-2023","100000","08-May-2025"
"127","Normal/Others","NA-Construction of public irrigation facilities","Odisha","Kataka(DISTRICT COLLECTOR CUTTACK_IDA)","Dr. Sasmit Patra (2022-28) (2022-2028)","Elected MP","Construction of Water Chamber for Public Lift irrigation Project, location - Madala Pani Panchayat, Village- Patapur, Gram Panchayat - Gopalpur, Block- Banki-Dampara, Dist.- Cuttack","08-Sep-2025","950000","NA"
"128","Normal/Others","NA-Construction of public irrigation facilities","Odisha","Kataka(DISTRICT COLLECTOR CUTTACK_IDA)","Dr. Sasmit Patra (2022-28) (2022-2028)","Elected MP","Extension of pipeline for public irrigation facility. Location - Madala Pani Panchayat, Village - Patapur, Gram Panchayat - Gopalpur, Block - Banki-Dampara, District - Cuttack","10-Sep-2025","950000","NA"
"129","Normal/Others","NA-Construction of public irrigation facilities","Odisha","Kataka(DISTRICT COLLECTOR CUTTACK_IDA)","Shri Manas Ranjan Mangaraj (2022-28) (2022-2028)","Elected MP","Extension of Pipiline for public irrigation facility in Madala Panipanchayat.","13-Sep-2025","950000","NA"
"130","Normal/Others","WS/MP134/2026-2027/211659-Purchase of ambulances (Four, three and two wheelers)","Odisha","Kataka(DISTRICT COLLECTOR CUTTACK_IDA)","Shri Ashwini Vaishnaw (2024-30) (2024-2030)","Elected MP","Dental Care on Wheels SCB Dental College and Hospital Cuttack Odisha","24-Jun-2025","5569600","22-Jun-2026"
"131","Normal/Others","WS/MP131/2025-2026/87477-Installing community drinking water plants","Odisha","Kataka(DISTRICT COLLECTOR CUTTACK_IDA)","Dr. Sasmit Patra (2022-28) (2022-2028)","Elected MP","Solar Water Pump with Tubewell for drinking purpose Near Andha Kapileswar Temple, Kapileswarpur, Anlo, Niali","23-Jan-2024","800000","22-Apr-2025"
"132","Normal/Others","NA-Purchase of ambulance to transport sick and injured animals","Odisha","Kataka(DISTRICT COLLECTOR CUTTACK_IDA)","Smt. Sulata Deo (2022-28) (2022-2028)","Elected MP","Purchase of Ambulance for rescue/help sick and injured animals in favour of Speak for Animals (Non Profitable Trust) NGO Vide Registration No: 1081602604, Add: Plot No. 3148 Block Cuttacksadar Village, Khandeita Cuttack, Odisha, Email: speakforanimals.odisha@gmail.com","18-Sep-2023","1200000","NA"
"133","Normal/Others","WS/MP131/2024-2025/154570-Construction of roads, link roads, pathways or any other road with or without drainage system","Odisha","Kataka(DISTRICT COLLECTOR CUTTACK_IDA)","Dr. Sasmit Patra (2022-28) (2022-2028)","Elected MP","Construction of DPS Road from Niali Main Road to Mangala Mandir","24-Nov-2024","1000000","09-Dec-2024"
"134","Normal/Others","WS/MP131/2024-2025/154571-Construction of roads, link roads, pathways or any other road with or without drainage system","Odisha","Kataka(DISTRICT COLLECTOR CUTTACK_IDA)","Dr. Sasmit Patra (2022-28) (2022-2028)","Elected MP","Construction of DPS Road from Mangala Mandir to DPS Kalinga Main Gate","24-Nov-2024","1000000","09-Dec-2024"
"135","Normal/Others","WS/MP131/2026-2027/272583-Construction of roads, link roads, pathways or any other road with or without drainage system","Odisha","Kataka(DISTRICT COLLECTOR CUTTACK_IDA)","Dr. Sasmit Patra (2022-28) (2022-2028)","Elected MP","Construction of Road at Balisahi from Arjun Patra to Dayanidhi Patra House","06-Mar-2026","150000","21-Jul-2026"
"136","Normal/Others","NA-Construction of roads, link roads, pathways or any other road with or without drainage system","Odisha","Kataka(DISTRICT COLLECTOR CUTTACK_IDA)","Dr. Sasmit Patra (2022-28) (2022-2028)","Elected MP","Construction of Paikapadapatana Nuasahi Back side CC Road","06-Mar-2026","150000","NA"
"137","Normal/Others","WS/MP138/2024-2025/160612-Construction of public libraries and reading rooms","Odisha","DHENKANAL(DISTRICT COLLECTOR DHENKANAL_IDA)","Smt. Sulata Deo (2022-28) (2022-2028)","Elected MP","Construction of New India Library Building at Borapada Dhenkanal, Khata No. 111/271 Plot No: 70/751 Kisam-Gharabari Panchayat-Gobindapur (Rural) Ward No-14 Block- Sadar Block DIstt Dhenkanal","21-Dec-2024","998000","18-Mar-2025"
"138","Normal/Others","WS/MP131/2024-2025/152347-Crematoriums/energy efficient crematoriums or structures on burial/cremation ground","Odisha","GANJAM(DISTRICT COLLECTOR GANJAM_IDA)","Dr. Sasmit Patra (2022-28) (2022-2028)","Elected MP","Cremation center near burial ground in Rajapur village in Ganjam District","13-Nov-2024","1000000","30-Nov-2024"
"139","Normal/Others","WS/MP131/2025-2026/192919-Crematoriums/energy efficient crematoriums or structures on burial/cremation ground","Odisha","GANJAM(DISTRICT COLLECTOR GANJAM_IDA)","Dr. Sasmit Patra (2022-28) (2022-2028)","Elected MP","Construction of Crematorium at Dhoba Sahi, Paikajamuna, GP- Paikajamuna","21-Apr-2025","200000","22-May-2025"
"140","Repair and Renovation","NA-Construction of community centers and community halls","Odisha","GANJAM(DISTRICT COLLECTOR GANJAM_IDA)","Shri Manas Ranjan Mangaraj (2022-28) (2022-2028)","Elected MP","Renovation of Ghaneswar Kalyan Mandap at K Nuagaon.","08-May-2026","500000","NA"
"141","Normal/Others","WS/MP131/2025-2026/192897-Construction of boundary walls of existing public and community buildings","Odisha","GANJAM(DISTRICT COLLECTOR GANJAM_IDA)","Dr. Sasmit Patra (2022-28) (2022-2028)","Elected MP","Construction of Boundary Wall of Panchayat office building of Kendupar, GP- Kendupadar","21-Apr-2025","200000","22-May-2025"
"142","Normal/Others","WS/MP131/2025-2026/193303-Construction of buildings for community cultural activities","Odisha","GANJAM(DISTRICT COLLECTOR GANJAM_IDA)","Dr. Sasmit Patra (2022-28) (2022-2028)","Elected MP","Construction of Recreation Club beside Kalyan Mandap at W.No-16","22-Apr-2025","300000","19-Sep-2025"
"143","Normal/Others","NA-Development of playground","Odisha","GANJAM(DISTRICT COLLECTOR GANJAM_IDA)","Dr. Sasmit Patra (2022-28) (2022-2028)","Elected MP","Development of the playground with construction of boundary wall of Swami Vivekananda Bidya Mandir, Raghunathpur, Humma, Ganjam, Odisha - 761027","16-Jun-2026","1000000","NA"
"144","Normal/Others","WS/MP131/2025-2026/201795-Development of playground","Odisha","GANJAM(DISTRICT COLLECTOR GANJAM_IDA)","Dr. Sasmit Patra (2022-28) (2022-2028)","Elected MP","Construction of Boundary wall at Markandi High School - Markandi GP","20-May-2025","200000","15-Jul-2025"
"145","Repair and Renovation","WS/MP131/2025-2026/194789-Construction of rooms and halls in school and colleges","Odisha","GANJAM(DISTRICT COLLECTOR GANJAM_IDA)","Dr. Sasmit Patra (2022-28) (2022-2028)","Elected MP","Renovation of Utkalmani Primary School at Gosaninuagaon main road at Ward No.27","27-Apr-2025","300000","21-Jun-2025"
"146","Normal/Others","WS/MP132/2025-2026/240879-Construction of rooms and halls in school and colleges","Odisha","GANJAM(DISTRICT COLLECTOR GANJAM_IDA)","Shri Manas Ranjan Mangaraj (2022-28) (2022-2028)","Elected MP","Construction of additional class rooms in Swami Vivekananda Bidya Mandir, Raghunathpur, Ganjam, Odisha- 761027","09-Oct-2025","500000","28-Nov-2025"
"147","Normal/Others","NA-Construction of rooms and halls in school and colleges","Odisha","GANJAM(DISTRICT COLLECTOR GANJAM_IDA)","Shri Sujeet Kumar (2026-32) (2026-2032)","Elected MP","Construction Additional Classroom at Saraswati Sishu Vidya Mandir, Nilakanthanagar","19-Aug-2026","700000","NA"
"148","Normal/Others","WS/MP131/2025-2026/192736-Construction of rooms and halls in school and colleges","Odisha","GANJAM(DISTRICT COLLECTOR GANJAM_IDA)","Dr. Sasmit Patra (2022-28) (2022-2028)","Elected MP","Construction of Upper Primary School, Deulapalli","20-Apr-2025","300000","19-Sep-2025"
"149","Repair and Renovation","WS/MP131/2025-2026/193300-Construction of rooms and halls in school and colleges","Odisha","GANJAM(DISTRICT COLLECTOR GANJAM_IDA)","Dr. Sasmit Patra (2022-28) (2022-2028)","Elected MP","Renovation of Class Room at Kalimeghi Jagilipadar High School","22-Apr-2025","500000","13-Aug-2025"
"150","Normal/Others","WS/MP131/2025-2026/191909-Construction of community centers and community halls","Odisha","GANJAM(DISTRICT COLLECTOR GANJAM_IDA)","Dr. Sasmit Patra (2022-28) (2022-2028)","Elected MP","Construction of  Abhiram Community Mandap at village Eakasingi in Nulia Sahi","16-Apr-2025","200000","21-Jun-2025"
"151","Normal/Others","WS/MP131/2025-2026/191910-Construction of community centers and community halls","Odisha","GANJAM(DISTRICT COLLECTOR GANJAM_IDA)","Dr. Sasmit Patra (2022-28) (2022-2028)","Elected MP","Construction of community hall at Dankalpadu beach at village Dankalpadu","16-Apr-2025","300000","21-Jun-2025"
"152","Normal/Others","WS/MP131/2025-2026/191911-Construction of community centers and community halls","Odisha","GANJAM(DISTRICT COLLECTOR GANJAM_IDA)","Dr. Sasmit Patra (2022-28) (2022-2028)","Elected MP","Construction of  Bhajagobinda Mandap at village Dalapalanka","16-Apr-2025","300000","21-Jun-2025"
"153","Normal/Others","WS/MP131/2025-2026/191912-Construction of community centers and community halls","Odisha","GANJAM(DISTRICT COLLECTOR GANJAM_IDA)","Dr. Sasmit Patra (2022-28) (2022-2028)","Elected MP","Construction of  kitchen shed near Kalayan Mandap at village Chandrapur","16-Apr-2025","300000","21-Jun-2025"
"154","Normal/Others","WS/MP131/2025-2026/191913-Construction of community centers and community halls","Odisha","GANJAM(DISTRICT COLLECTOR GANJAM_IDA)","Dr. Sasmit Patra (2022-28) (2022-2028)","Elected MP","Construction of community hall at village Pati Sunapur in Palia Sahi","16-Apr-2025","300000","21-Jun-2025"
"155","Normal/Others","WS/MP131/2025-2026/191914-Construction of community centers and community halls","Odisha","GANJAM(DISTRICT COLLECTOR GANJAM_IDA)","Dr. Sasmit Patra (2022-28) (2022-2028)","Elected MP","Construction of community hall at village Kotilingi in Barika Sahi","16-Apr-2025","300000","21-Jun-2025"
"156","Normal/Others","WS/MP131/2025-2026/191915-Construction of community centers and community halls","Odisha","GANJAM(DISTRICT COLLECTOR GANJAM_IDA)","Dr. Sasmit Patra (2022-28) (2022-2028)","Elected MP","Construction of Shree Jagannath Kala Parishad Hall at Chikiti Gada","16-Apr-2025","300000","21-Jun-2025"
"157","Normal/Others","WS/MP131/2025-2026/192749-Construction of community centers and community halls","Odisha","GANJAM(DISTRICT COLLECTOR GANJAM_IDA)","Dr. Sasmit Patra (2022-28) (2022-2028)","Elected MP","Construction of Gouda community Center Nearest Puruna Jagannath Sahi, Ward No.-03","20-Apr-2025","300000","19-Sep-2025"
"158","Normal/Others","WS/MP131/2025-2026/192751-Construction of community centers and community halls","Odisha","GANJAM(DISTRICT COLLECTOR GANJAM_IDA)","Dr. Sasmit Patra (2022-28) (2022-2028)","Elected MP","Construction of Tala Dash Sahi Community Centre","20-Apr-2025","200000","22-May-2025"
"159","Normal/Others","WS/MP131/2025-2026/192752-Construction of community centers and community halls","Odisha","GANJAM(DISTRICT COLLECTOR GANJAM_IDA)","Dr. Sasmit Patra (2022-28) (2022-2028)","Elected MP","Construction of Kalyan Mandap","20-Apr-2025","300000","22-May-2025"
"160","Normal/Others","WS/MP131/2025-2026/192757-Construction of community centers and community halls","Odisha","GANJAM(DISTRICT COLLECTOR GANJAM_IDA)","Dr. Sasmit Patra (2022-28) (2022-2028)","Elected MP","Construction of Dash Sahi Community Centre","20-Apr-2025","300000","22-May-2025"
"161","Normal/Others","WS/MP131/2025-2026/192898-Construction of community centers and community halls","Odisha","GANJAM(DISTRICT COLLECTOR GANJAM_IDA)","Dr. Sasmit Patra (2022-28) (2022-2028)","Elected MP","Construction of Community Hall at Tumba Thengapalli, GP- Chadhiapalli","21-Apr-2025","200000","22-May-2025"
"162","Normal/Others","WS/MP131/2025-2026/192899-Construction of community centers and community halls","Odisha","GANJAM(DISTRICT COLLECTOR GANJAM_IDA)","Dr. Sasmit Patra (2022-28) (2022-2028)","Elected MP","Construction of Khandayat Samaj Community Hall at Nimina, GP - Nimna","21-Apr-2025","200000","22-May-2025"
"163","Normal/Others","WS/MP131/2025-2026/192900-Construction of community centers and community halls","Odisha","GANJAM(DISTRICT COLLECTOR GANJAM_IDA)","Dr. Sasmit Patra (2022-28) (2022-2028)","Elected MP","Construction of Odia Samaj community hall at Balisira, GP - Balisira","21-Apr-2025","200000","22-May-2025"
"164","Normal/Others","WS/MP131/2025-2026/192902-Construction of community centers and community halls","Odisha","GANJAM(DISTRICT COLLECTOR GANJAM_IDA)","Dr. Sasmit Patra (2022-28) (2022-2028)","Elected MP","Construction of Community Hall near Badabandha at Balyasara, GP - Balyasara","21-Apr-2025","200000","22-May-2025"
"165","Normal/Others","WS/MP131/2025-2026/192903-Construction of community centers and community halls","Odisha","GANJAM(DISTRICT COLLECTOR GANJAM_IDA)","Dr. Sasmit Patra (2022-28) (2022-2028)","Elected MP","Construction of Manoranjan community centre at Barida-A, GP- Barida-A","21-Apr-2025","200000","22-May-2025"
"166","Normal/Others","WS/MP131/2025-2026/192905-Construction of community centers and community halls","Odisha","GANJAM(DISTRICT COLLECTOR GANJAM_IDA)","Dr. Sasmit Patra (2022-28) (2022-2028)","Elected MP","Construction of Kalyan Mandap, At- Pathara, GP- Nandiagada","21-Apr-2025","200000","22-May-2025"
"167","Normal/Others","WS/MP131/2025-2026/193992-Construction of community centers and community halls","Odisha","GANJAM(DISTRICT COLLECTOR GANJAM_IDA)","Dr. Sasmit Patra (2022-28) (2022-2028)","Elected MP","Construction of community centre at Dhoba Sahi, Vill-Dhimbiripalli, Ward No-04","23-Apr-2025","300000","13-Aug-2025"
"168","Normal/Others","WS/MP131/2025-2026/193993-Construction of community centers and community halls","Odisha","GANJAM(DISTRICT COLLECTOR GANJAM_IDA)","Dr. Sasmit Patra (2022-28) (2022-2028)","Elected MP","Construction of community centre at Dhumuchai, near Old GP Office, Vill- Dhumuchai","23-Apr-2025","300000","13-Aug-2025"
"169","Normal/Others","WS/MP131/2025-2026/194003-Construction of community centers and community halls","Odisha","GANJAM(DISTRICT COLLECTOR GANJAM_IDA)","Dr. Sasmit Patra (2022-28) (2022-2028)","Elected MP","Construction of community centre at Kural Samaj, Vill- Kaliaguda, Ward No - 18","23-Apr-2025","300000","13-Aug-2025"
"170","Normal/Others","WS/MP131/2025-2026/194005-Construction of community centers and community halls","Odisha","GANJAM(DISTRICT COLLECTOR GANJAM_IDA)","Dr. Sasmit Patra (2022-28) (2022-2028)","Elected MP","Construction of community centre at Khunteswari Hill Top, near Biju Patnaik Watch Tower, Ward No - 11","23-Apr-2025","300000","21-Jun-2025"
"171","Normal/Others","WS/MP131/2025-2026/194006-Construction of community centers and community halls","Odisha","GANJAM(DISTRICT COLLECTOR GANJAM_IDA)","Dr. Sasmit Patra (2022-28) (2022-2028)","Elected MP","Construction of community centre near Balunkeswar Temple, Ward No-3","23-Apr-2025","250000","21-Jun-2025"
"172","Normal/Others","WS/MP131/2025-2026/194008-Construction of community centers and community halls","Odisha","GANJAM(DISTRICT COLLECTOR GANJAM_IDA)","Dr. Sasmit Patra (2022-28) (2022-2028)","Elected MP","Construction of Community Centre near Kanduni Devi Temple, Ward No- 8","23-Apr-2025","250000","21-Jun-2025"
"173","Normal/Others","WS/MP131/2025-2026/194009-Construction of community centers and community halls","Odisha","GANJAM(DISTRICT COLLECTOR GANJAM_IDA)","Dr. Sasmit Patra (2022-28) (2022-2028)","Elected MP","Construction of community centre at Ramanambadi near Jagnyaswara Temple, Vill-Ramanambadi","23-Apr-2025","300000","13-Aug-2025"
"174","Normal/Others","WS/MP131/2025-2026/192895-Construction of community centers and community halls","Odisha","GANJAM(DISTRICT COLLECTOR GANJAM_IDA)","Dr. Sasmit Patra (2022-28) (2022-2028)","Elected MP","Construction of Alia Samaj Community Hall at Debabhumi, GP- Debabhumi","21-Apr-2025","200000","22-May-2025"
"175","Normal/Others","WS/MP131/2025-2026/194784-Construction of community centers and community halls","Odisha","GANJAM(DISTRICT COLLECTOR GANJAM_IDA)","Dr. Sasmit Patra (2022-28) (2022-2028)","Elected MP","Construction of Community Hall at Rama Krushnagar 5th lane at Ward No. 15","27-Apr-2025","300000","21-Jun-2025"
"176","Normal/Others","WS/MP131/2025-2026/201773-Construction of community centers and community halls","Odisha","GANJAM(DISTRICT COLLECTOR GANJAM_IDA)","Dr. Sasmit Patra (2022-28) (2022-2028)","Elected MP","Construction of Kalyan Mandap(Godarapalli village) - Durubandha GP, Hinjili","20-May-2025","700000","13-Aug-2025"
"177","Normal/Others","WS/MP131/2025-2026/201774-Construction of community centers and community halls","Odisha","GANJAM(DISTRICT COLLECTOR GANJAM_IDA)","Dr. Sasmit Patra (2022-28) (2022-2028)","Elected MP","Construction of Gouda Kula Kothaghara in Ward No - 09 (Nuagada) Hinjilicut Municipality","20-May-2025","1200000","01-Sep-2025"
"178","Normal/Others","WS/MP131/2025-2026/201780-Construction of community centers and community halls","Odisha","GANJAM(DISTRICT COLLECTOR GANJAM_IDA)","Dr. Sasmit Patra (2022-28) (2022-2028)","Elected MP","Construction of Kalyan Mandap (Narendrapur GP) of Sheragada GP, Hinjili","20-May-2025","600000","15-Jul-2025"
"179","Normal/Others","WS/MP131/2025-2026/201789-Construction of community centers and community halls","Odisha","GANJAM(DISTRICT COLLECTOR GANJAM_IDA)","Dr. Sasmit Patra (2022-28) (2022-2028)","Elected MP","Construction of Bijay Vihar Kalyan Mandap","20-May-2025","200000","15-Jul-2025"
"180","Normal/Others","WS/MP131/2025-2026/201794-Construction of community centers and community halls","Odisha","GANJAM(DISTRICT COLLECTOR GANJAM_IDA)","Dr. Sasmit Patra (2022-28) (2022-2028)","Elected MP","Construction of Kalyan Mandap at Burukudi Bisoi street - Phulta GP","20-May-2025","300000","15-Jul-2025"
"181","Normal/Others","WS/MP131/2025-2026/192703-Construction of community centers and community halls","Odisha","GANJAM(DISTRICT COLLECTOR GANJAM_IDA)","Dr. Sasmit Patra (2022-28) (2022-2028)","Elected MP","Construction of community Hall at Hatiota village near G.S. Science College under Hatiota GP","20-Apr-2025","400000","15-Jul-2025"
"182","Normal/Others","WS/MP131/2025-2026/192704-Construction of community centers and community halls","Odisha","GANJAM(DISTRICT COLLECTOR GANJAM_IDA)","Dr. Sasmit Patra (2022-28) (2022-2028)","Elected MP","Construction of  community Hall at Banaramchandrapur village under Badapankalabadi GP","20-Apr-2025","300000","15-Jul-2025"
"183","Normal/Others","WS/MP131/2025-2026/192705-Construction of community centers and community halls","Odisha","GANJAM(DISTRICT COLLECTOR GANJAM_IDA)","Dr. Sasmit Patra (2022-28) (2022-2028)","Elected MP","Construction of community Hall at Jemadeipur village under Hatiota GP","20-Apr-2025","500000","15-Jul-2025"
"184","Normal/Others","WS/MP131/2025-2026/192706-Construction of community centers and community halls","Odisha","GANJAM(DISTRICT COLLECTOR GANJAM_IDA)","Dr. Sasmit Patra (2022-28) (2022-2028)","Elected MP","Construction of Odia Samaja Community Hall at Ustapada village near under Banthapalli GP","20-Apr-2025","300000","15-Jul-2025"
"185","Normal/Others","WS/MP131/2025-2026/192707-Construction of community centers and community halls","Odisha","GANJAM(DISTRICT COLLECTOR GANJAM_IDA)","Dr. Sasmit Patra (2022-28) (2022-2028)","Elected MP","Construction of Community Hall at Kendubadi Bisoyi Sahi Village under Kendubadi GP","20-Apr-2025","500000","15-Jul-2025"
"186","Normal/Others","WS/MP131/2025-2026/192745-Construction of community centers and community halls","Odisha","GANJAM(DISTRICT COLLECTOR GANJAM_IDA)","Dr. Sasmit Patra (2022-28) (2022-2028)","Elected MP","Construction of Community Center nearest Kapileswar Mandir, Talasahi, Pathara","20-Apr-2025","300000","19-Sep-2025"
"187","Repair and Renovation","WS/MP131/2025-2026/194786-Construction of community centers and community halls","Odisha","GANJAM(DISTRICT COLLECTOR GANJAM_IDA)","Dr. Sasmit Patra (2022-28) (2022-2028)","Elected MP","Renovation of Kalyan Mandap at Bijipur Kalua Street at ward No. 25","27-Apr-2025","300000","21-Jun-2025"
"188","Repair and Renovation","WS/MP131/2025-2026/194787-Construction of community centers and community halls","Odisha","GANJAM(DISTRICT COLLECTOR GANJAM_IDA)","Dr. Sasmit Patra (2022-28) (2022-2028)","Elected MP","Renovation of Kalyan Mandap at Balaji Tota Street at ward No. 22","27-Apr-2025","300000","21-Jun-2025"
"189","Repair and Renovation","WS/MP131/2025-2026/194788-Construction of community centers and community halls","Odisha","GANJAM(DISTRICT COLLECTOR GANJAM_IDA)","Dr. Sasmit Patra (2022-28) (2022-2028)","Elected MP","Renovation of Kalyan Mandap at Desibehera Street at ward No. 7","27-Apr-2025","300000","21-Jun-2025"
"190","Normal/Others","WS/MP131/2025-2026/194790-Construction of community centers and community halls","Odisha","GANJAM(DISTRICT COLLECTOR GANJAM_IDA)","Dr. Sasmit Patra (2022-28) (2022-2028)","Elected MP","Construction of kitchen room, store room and Sump of Kalyan Mandap near Sanobandha at ward No. 34","27-Apr-2025","300000","21-Jun-2025"
"191","Repair and Renovation","NA-Construction of community centers and community halls","Odisha","GANJAM(DISTRICT COLLECTOR GANJAM_IDA)","Dr. Sasmit Patra (2022-28) (2022-2028)","Elected MP","Repair & Renovation of Community Hall near Siva Mandir at Ankorada, GP-Ankorada, Block-Digapahandi","22-Jun-2026","200000","NA"
"192","Repair and Renovation","NA-Construction of community centers and community halls","Odisha","GANJAM(DISTRICT COLLECTOR GANJAM_IDA)","Dr. Sasmit Patra (2022-28) (2022-2028)","Elected MP","Repair & Renovation of Kalyan Mandap at Kalua Sahi, Pendurabadi, GP-Kaithakhandi, Block-Digapahandi","22-Jun-2026","300000","NA"
"193","Normal/Others","NA-Construction of community centers and community halls","Odisha","GANJAM(DISTRICT COLLECTOR GANJAM_IDA)","Dr. Sasmit Patra (2022-28) (2022-2028)","Elected MP","Construction of Community Hall at Narayanpur, GP-Bhramarapur, Block-Digapahandi","22-Jun-2026","500000","NA"
"194","Repair and Renovation","NA-Construction of community centers and community halls","Odisha","GANJAM(DISTRICT COLLECTOR GANJAM_IDA)","Dr. Sasmit Patra (2022-28) (2022-2028)","Elected MP","Repair & Renovation of Gouda Samaj Community Hall at Baritola, GP-Khamarigaon, Block-Digapahandi","22-Jun-2026","300000","NA"
"195","Repair and Renovation","NA-Construction of community centers and community halls","Odisha","GANJAM(DISTRICT COLLECTOR GANJAM_IDA)","Dr. Sasmit Patra (2022-28) (2022-2028)","Elected MP","Repair & Renovation of Pana Sahi Community Hall at Gokarnapur, GP-Gokarnapur, Block-Digapahandi","22-Jun-2026","300000","NA"
"196","Normal/Others","NA-Construction of community centers and community halls","Odisha","GANJAM(DISTRICT COLLECTOR GANJAM_IDA)","Dr. Sasmit Patra (2022-28) (2022-2028)","Elected MP","Construction of Community Hall at Nua Sahi, Ankushpur, GP-Ankushpur, Block-Kukudakhandi","22-Jun-2026","300000","NA"
"197","Repair and Renovation","NA-Construction of community centers and community halls","Odisha","GANJAM(DISTRICT COLLECTOR GANJAM_IDA)","Dr. Sasmit Patra (2022-28) (2022-2028)","Elected MP","Repair & Renovation of Harijana Sahi Community Hall at Lanjia, GP-Lanjia, Block-Kukudakhandi","22-Jun-2026","200000","NA"
"198","Normal/Others","WS/MP131/2025-2026/192901-Development of public parks","Odisha","GANJAM(DISTRICT COLLECTOR GANJAM_IDA)","Dr. Sasmit Patra (2022-28) (2022-2028)","Elected MP","Construction of Boundary Wall of Children Park of Mangalpur, GP- Mangalpur","21-Apr-2025","200000","22-May-2025"
"199","Repair and Renovation","NA-Renovation of ponds and lakes","Odisha","GANJAM(DISTRICT COLLECTOR GANJAM_IDA)","Dr. Sasmit Patra (2022-28) (2022-2028)","Elected MP","Renovation, Re-digging and Protection wall Construction of Buda Bandha (Village Pond) at Jayantipur, Patrapur Block, Ganjam","22-Jun-2026","1000000","NA"
"200","Normal/Others","WS/MP131/2025-2026/201793-Construction of roads, link roads, pathways or any other road with or without drainage system","Odisha","GANJAM(DISTRICT COLLECTOR GANJAM_IDA)","Dr. Sasmit Patra (2022-28) (2022-2028)","Elected MP","Construction of Paver Block road, Dhoba sahi at Pannapali - Mendrajpur GP","20-May-2025","200000","15-Jul-2025"
"201","Normal/Others","WS/MP131/2025-2026/193289-Construction of roads, link roads, pathways or any other road with or without drainage system","Odisha","GANJAM(DISTRICT COLLECTOR GANJAM_IDA)","Dr. Sasmit Patra (2022-28) (2022-2028)","Elected MP","Construction of Paver Block Road from Ghodapada RD Road to Sana Gudiali Thakurani Mandir","22-Apr-2025","300000","13-Aug-2025"
"202","Normal/Others","WS/MP131/2025-2026/193292-Construction of roads, link roads, pathways or any other road with or without drainage system","Odisha","GANJAM(DISTRICT COLLECTOR GANJAM_IDA)","Dr. Sasmit Patra (2022-28) (2022-2028)","Elected MP","Construction of Paver Block Road from Haja Bandha to Kalua Sandha Temple","22-Apr-2025","300000","13-Aug-2025"
"203","Normal/Others","WS/MP131/2025-2026/193295-Construction of roads, link roads, pathways or any other road with or without drainage system","Odisha","GANJAM(DISTRICT COLLECTOR GANJAM_IDA)","Dr. Sasmit Patra (2022-28) (2022-2028)","Elected MP","Construction of Paver Block Road from Mangulu Sethi House to Dhoba Sahi Kothaghar","22-Apr-2025","300000","13-Aug-2025"
"204","Normal/Others","WS/MP131/2025-2026/193297-Construction of roads, link roads, pathways or any other road with or without drainage system","Odisha","GANJAM(DISTRICT COLLECTOR GANJAM_IDA)","Dr. Sasmit Patra (2022-28) (2022-2028)","Elected MP","Construction of Paver Block Road from Mahuria Sahi Prabha Behera House to RD Road of Mardakote","22-Apr-2025","300000","13-Aug-2025"
"205","Normal/Others","WS/MP131/2025-2026/192758-Construction of roads, link roads, pathways or any other road with or without drainage system","Odisha","GANJAM(DISTRICT COLLECTOR GANJAM_IDA)","Dr. Sasmit Patra (2022-28) (2022-2028)","Elected MP","CC-Pavour Road from Rajapur High School to Panchayat office","20-Apr-2025","300000","21-Jun-2025"
"206","Normal/Others","WS/MP131/2025-2026/192750-Construction of roads, link roads, pathways or any other road with or without drainage system","Odisha","GANJAM(DISTRICT COLLECTOR GANJAM_IDA)","Dr. Sasmit Patra (2022-28) (2022-2028)","Elected MP","CC-Pavour Road from Dash Sahi Kotha Ghara to Adua Sahi, Thakurani Temple in Duanpalli Village","20-Apr-2025","300000","22-May-2025"
"207","Normal/Others","WS/MP131/2025-2026/192746-Construction of roads, link roads, pathways or any other road with or without drainage system","Odisha","GANJAM(DISTRICT COLLECTOR GANJAM_IDA)","Dr. Sasmit Patra (2022-28) (2022-2028)","Elected MP","CC and Paver Road From Dandasi Sahi to Harijan Smasan, Paliama","20-Apr-2025","300000","21-Jun-2025"
"208","Normal/Others","WS/MP131/2025-2026/192747-Construction of roads, link roads, pathways or any other road with or without drainage system","Odisha","GANJAM(DISTRICT COLLECTOR GANJAM_IDA)","Dr. Sasmit Patra (2022-28) (2022-2028)","Elected MP","CC and Paver Road From Dandasi Sahi to Smasan, Achuli","20-Apr-2025","300000","21-Jun-2025"
"209","Normal/Others","WS/MP131/2025-2026/192748-Construction of roads, link roads, pathways or any other road with or without drainage system","Odisha","GANJAM(DISTRICT COLLECTOR GANJAM_IDA)","Dr. Sasmit Patra (2022-28) (2022-2028)","Elected MP","CC and Paver Road from Kama Sahi to Thakurani Temple, Ranajhali","20-Apr-2025","200000","21-Jun-2025"
"210","Normal/Others","WS/MP131/2025-2026/192724-Construction of roads, link roads, pathways or any other road with or without drainage system","Odisha","GANJAM(DISTRICT COLLECTOR GANJAM_IDA)","Dr. Sasmit Patra (2022-28) (2022-2028)","Elected MP","Construction of CC Road from PWD Road to Jagannathpur sasana of Baharpur G.P.","20-Apr-2025","300000","21-Jun-2025"
"211","Normal/Others","WS/MP131/2025-2026/192725-Construction of roads, link roads, pathways or any other road with or without drainage system","Odisha","GANJAM(DISTRICT COLLECTOR GANJAM_IDA)","Dr. Sasmit Patra (2022-28) (2022-2028)","Elected MP","Construction of CC Road Badadanda Tulasi Mandap to Adua Sahi Road at Digi of Jhadabandha GP","20-Apr-2025","300000","21-Jun-2025"
"212","Normal/Others","WS/MP131/2025-2026/192726-Construction of roads, link roads, pathways or any other road with or without drainage system","Odisha","GANJAM(DISTRICT COLLECTOR GANJAM_IDA)","Dr. Sasmit Patra (2022-28) (2022-2028)","Elected MP","Construction of road from Village road to Gambharia Thakurani","20-Apr-2025","300000","21-Jun-2025"
"213","Normal/Others","WS/MP131/2025-2026/192727-Construction of roads, link roads, pathways or any other road with or without drainage system","Odisha","GANJAM(DISTRICT COLLECTOR GANJAM_IDA)","Dr. Sasmit Patra (2022-28) (2022-2028)","Elected MP","Construction of Road from PWD Road to Nadiadhia Sahi at Belapada","20-Apr-2025","300000","21-Jun-2025"
"214","Normal/Others","WS/MP131/2025-2026/192730-Construction of roads, link roads, pathways or any other road with or without drainage system","Odisha","GANJAM(DISTRICT COLLECTOR GANJAM_IDA)","Dr. Sasmit Patra (2022-28) (2022-2028)","Elected MP","Construction of CC Road from near Tara Nayak Ghara to Kania Sahi at Karakhandi","20-Apr-2025","300000","21-Jun-2025"
"215","Normal/Others","WS/MP131/2025-2026/192731-Construction of roads, link roads, pathways or any other road with or without drainage system","Odisha","GANJAM(DISTRICT COLLECTOR GANJAM_IDA)","Dr. Sasmit Patra (2022-28) (2022-2028)","Elected MP","Construction of Danda Bandha Road Kaudia","20-Apr-2025","300000","21-Jun-2025"
"216","Normal/Others","WS/MP131/2025-2026/192732-Construction of roads, link roads, pathways or any other road with or without drainage system","Odisha","GANJAM(DISTRICT COLLECTOR GANJAM_IDA)","Dr. Sasmit Patra (2022-28) (2022-2028)","Elected MP","Construction of pevar Road from Sahaspur village to Nuasahi Bandha road","20-Apr-2025","300000","21-Jun-2025"
"217","Normal/Others","WS/MP131/2025-2026/192735-Construction of roads, link roads, pathways or any other road with or without drainage system","Odisha","GANJAM(DISTRICT COLLECTOR GANJAM_IDA)","Dr. Sasmit Patra (2022-28) (2022-2028)","Elected MP","Construction of CC and Paver Road From Primary School to Thakurani Mandir, Tentuliapada","20-Apr-2025","300000","19-Sep-2025"
"218","Normal/Others","WS/MP131/2025-2026/194785-Construction of roads, link roads, pathways or any other road with or without drainage system","Odisha","GANJAM(DISTRICT COLLECTOR GANJAM_IDA)","Dr. Sasmit Patra (2022-28) (2022-2028)","Elected MP","Construction of Drain and Paver Block at Military Lane Primary School at ward No. 21","27-Apr-2025","300000","21-Jun-2025"
"219","Normal/Others","NA-Construction of roads, link roads, pathways or any other road with or without drainage system","Odisha","Jajpur(DISTRICT COLLECTOR JAJPUR_IDA)","Dr. Sasmit Patra (2022-28) (2022-2028)","Elected MP","Repair and Construction of CC Road from River Embankment to Maa Khageswari Temple At/Po- Samantarapur, G.P- Samantarapur, Block- Rasulpur, Dist- Jajpur.","27-Jun-2026","1000000","NA"
"220","Normal/Others","NA-Construction of roads, link roads, pathways or any other road with or without drainage system","Odisha","Jajpur(DISTRICT COLLECTOR JAJPUR_IDA)","Dr. Sasmit Patra (2022-28) (2022-2028)","Elected MP","Repair and Construction of CC Road from Samantarapur G.P office to Nuasahi At/Po- Samantarapur, G.P- Samantarapur, Block- Rasulpr, Dist- Jajpur","27-Jun-2026","1000000","NA"
"221","Normal/Others","WS/MP138/2023-2024/72143-Construction of buildings for training institutions","Odisha","Jajpur(DISTRICT COLLECTOR JAJPUR_IDA)","Smt. Sulata Deo (2022-28) (2022-2028)","Elected MP","Construction of Office and Admin Room of Women’s Capacity Building Centre under public recreational facilities, Jajpur Municipality, Jajpur under Jajpur Assembly Dist-Jajpur","30-Dec-2023","1000000","24-Jan-2024"
"222","Normal/Others","WS/MP138/2023-2024/72140-Construction of buildings for training institutions","Odisha","Jajpur(DISTRICT COLLECTOR JAJPUR_IDA)","Smt. Sulata Deo (2022-28) (2022-2028)","Elected MP","Construction of Women’s recreation club of Women’s Capacity Building Centre under public recreational facilities, Jajpur Municipality, Jajpur under Jajpur Assembly Dist-Jajpur","30-Dec-2023","1000000","24-Jan-2024"
"223","Normal/Others","NA-Construction of buildings for multi-gym","Odisha","Jajpur(DISTRICT COLLECTOR JAJPUR_IDA)","Dr. Sasmit Patra (2022-28) (2022-2028)","Elected MP","Const. of Open Gym and Boundary wall at Namtikiri","28-Feb-2026","500000","NA"
"224","Normal/Others","WS/MP138/2025-2026/203351-Street lights","Odisha","Jajpur(DISTRICT COLLECTOR JAJPUR_IDA)","Smt. Sulata Deo (2022-28) (2022-2028)","Elected MP","Supply Installation and maintenance of Solar High Mast Light at Pahi Chaka Ward 16 Brahmabara Rasulpur","24-May-2025","250000","17-Jun-2025"
"225","Normal/Others","WS/MP138/2025-2026/203352-Street lights","Odisha","Jajpur(DISTRICT COLLECTOR JAJPUR_IDA)","Smt. Sulata Deo (2022-28) (2022-2028)","Elected MP","Supply Installation and maintenance of Solar High Mast Light at Boys High school Chaka Ward 15 Brahmabara Rasulpur","24-May-2025","250000","17-Jun-2025"
"226","Normal/Others","WS/MP138/2025-2026/203353-Street lights","Odisha","Jajpur(DISTRICT COLLECTOR JAJPUR_IDA)","Smt. Sulata Deo (2022-28) (2022-2028)","Elected MP","Supply Installation and maintenance of Solar High Mast Light at Mahima Chaka Ward 13 Brahmabara Rasulpur","24-May-2025","250000","17-Jun-2025"
"227","Normal/Others","WS/MP138/2025-2026/203354-Street lights","Odisha","Jajpur(DISTRICT COLLECTOR JAJPUR_IDA)","Smt. Sulata Deo (2022-28) (2022-2028)","Elected MP","Supply Installation and maintenance of Solar High Mast Light at Durga Mandap Ward 14 Brahmabara Rasulpur","24-May-2025","250000","17-Jun-2025"
"228","Normal/Others","WS/MP138/2025-2026/203355-Street lights","Odisha","Jajpur(DISTRICT COLLECTOR JAJPUR_IDA)","Smt. Sulata Deo (2022-28) (2022-2028)","Elected MP","Supply Installation and maintenance of Solar High Mast Light at SahapadaPala Mandap Ward 10 Bandhadiha Rasulpur","24-May-2025","250000","17-Jun-2025"
"229","Normal/Others","WS/MP138/2025-2026/203356-Street lights","Odisha","Jajpur(DISTRICT COLLECTOR JAJPUR_IDA)","Smt. Sulata Deo (2022-28) (2022-2028)","Elected MP","Supply Installation and maintenance of Solar High Mast Light at bhagabatipur Bada Dasa Bhuja Ward 2 Bandhadiha Rasulpur","24-May-2025","250000","17-Jun-2025"
"230","Normal/Others","WS/MP138/2025-2026/203357-Street lights","Odisha","Jajpur(DISTRICT COLLECTOR JAJPUR_IDA)","Smt. Sulata Deo (2022-28) (2022-2028)","Elected MP","Supply Installation and maintenance of Solar High Mast Light at Bandha Diha Hata Ward No 6 Bandhadiha Rasulpur","24-May-2025","250000","17-Jun-2025"
"231","Normal/Others","WS/MP138/2025-2026/203358-Street lights","Odisha","Jajpur(DISTRICT COLLECTOR JAJPUR_IDA)","Smt. Sulata Deo (2022-28) (2022-2028)","Elected MP","Supply Installation and maintenance of Solar High Mast Light at Jayasanagada Mahadev Mandir Ward 12 Bandhadiha Rasulpur","24-May-2025","250000","17-Jun-2025"
"232","Normal/Others","WS/MP138/2025-2026/213908-Renovation of ponds and lakes","Odisha","Jajpur(DISTRICT COLLECTOR JAJPUR_IDA)","Smt. Sulata Deo (2022-28) (2022-2028)","Elected MP",")Improvement of bathing ghat with guardwall Balia (word no - 2) Balia GP , Bari Block","01-Jul-2025","250000","07-Jan-2026"
"233","Normal/Others","WS/MP138/2025-2026/213909-Renovation of ponds and lakes","Odisha","Jajpur(DISTRICT COLLECTOR JAJPUR_IDA)","Smt. Sulata Deo (2022-28) (2022-2028)","Elected MP","Improvement of Bathing Ghat Nahan ( Akhadadiha) Balia GP","01-Jul-2025","250000","07-Jan-2026"
"234","Normal/Others","NA-Construction of roads, link roads, pathways or any other road with or without drainage system","Odisha","Jajpur(DISTRICT COLLECTOR JAJPUR_IDA)","Dr. Sasmit Patra (2022-28) (2022-2028)","Elected MP","Construction of Paver Road from Jaga Panda house to Khireisuni Temple at Chorda, Ward No-9, Vyasanagar MNC, Korei","28-Feb-2026","500000","NA"
"235","Normal/Others","WS/MP131/2026-2027/271701-Construction of roads, link roads, pathways or any other road with or without drainage system","Odisha","Jajpur(DISTRICT COLLECTOR JAJPUR_IDA)","Dr. Sasmit Patra (2022-28) (2022-2028)","Elected MP","Construction of Paver Road from Barttanga Barik Sahi to Baba Swapneswar Temple, Barttanga","28-Feb-2026","300000","31-Aug-2026"
"236","Normal/Others","WS/MP131/2026-2027/271707-Construction of roads, link roads, pathways or any other road with or without drainage system","Odisha","Jajpur(DISTRICT COLLECTOR JAJPUR_IDA)","Dr. Sasmit Patra (2022-28) (2022-2028)","Elected MP","Const. of C.C road from Trinath Mandir to Sashi Sahoo house, Malpada","28-Feb-2026","200000","06-Jul-2026"
"237","Normal/Others","NA-Construction of roads, link roads, pathways or any other road with or without drainage system","Odisha","Jajpur(DISTRICT COLLECTOR JAJPUR_IDA)","Dr. Sasmit Patra (2022-28) (2022-2028)","Elected MP","Const. of C.C road of Shyamdaspur Singha Sahi Road, Ward No.- 1","28-Feb-2026","200000","NA"
"238","Normal/Others","WS/MP131/2026-2027/271709-Construction of community centers and community halls","Odisha","Jajpur(DISTRICT COLLECTOR JAJPUR_IDA)","Dr. Sasmit Patra (2022-28) (2022-2028)","Elected MP","Const. of Boundary wall of Jagulai C.C, Tipara","28-Feb-2026","500000","06-Jul-2026"
"239","Normal/Others","NA-Construction of community centers and community halls","Odisha","Jajpur(DISTRICT COLLECTOR JAJPUR_IDA)","Dr. Sasmit Patra (2022-28) (2022-2028)","Elected MP","Const. of Radhakrushna C.C, Village - Tikarapada","28-Feb-2026","450000","NA"
"240","Normal/Others","NA-Construction of community centers and community halls","Odisha","Jajpur(DISTRICT COLLECTOR JAJPUR_IDA)","Dr. Sasmit Patra (2022-28) (2022-2028)","Elected MP","Construction of Radhakrishna CC, near RI Office, Madhuban Haat, Badakainchi, Rasulpur, Korei","28-Feb-2026","550000","NA"
"241","Normal/Others","NA-Construction of community centers and community halls","Odisha","Jajpur(DISTRICT COLLECTOR JAJPUR_IDA)","Dr. Sasmit Patra (2022-28) (2022-2028)","Elected MP","Construction of Jagannath C.C., Baliarsingh Sahi, Birarajpur, Dasarathapur","28-Feb-2026","300000","NA"
"242","Normal/Others","NA-Construction of community centers and community halls","Odisha","Jajpur(DISTRICT COLLECTOR JAJPUR_IDA)","Dr. Sasmit Patra (2022-28) (2022-2028)","Elected MP","Const. of Thanapati C.C, Roul Sahi, Jagatpur","28-Feb-2026","300000","NA"
"243","Normal/Others","WS/MP131/2026-2027/271713-Construction of community centers and community halls","Odisha","Jajpur(DISTRICT COLLECTOR JAJPUR_IDA)","Dr. Sasmit Patra (2022-28) (2022-2028)","Elected MP","Const. of Kartikeswar C.C at SC Sahi, Jamdhar","28-Feb-2026","300000","15-May-2026"
"244","Normal/Others","WS/MP131/2026-2027/271721-Construction of community centers and community halls","Odisha","Jajpur(DISTRICT COLLECTOR JAJPUR_IDA)","Dr. Sasmit Patra (2022-28) (2022-2028)","Elected MP","Const. of Dadhibaman Jew C.C, Laxminagar","28-Feb-2026","500000","11-Jun-2026"
"245","Normal/Others","NA-Construction of community centers and community halls","Odisha","Jajpur(DISTRICT COLLECTOR JAJPUR_IDA)","Dr. Sasmit Patra (2022-28) (2022-2028)","Elected MP","Const. of Routarapur C.C","28-Feb-2026","500000","NA"
"246","Normal/Others","NA-Construction of community centers and community halls","Odisha","Jajpur(DISTRICT COLLECTOR JAJPUR_IDA)","Dr. Sasmit Patra (2022-28) (2022-2028)","Elected MP","Construction of Paikasahi Community Center, Pahanga","28-Feb-2026","500000","NA"
"247","Normal/Others","NA-Construction of community centers and community halls","Odisha","Jajpur(DISTRICT COLLECTOR JAJPUR_IDA)","Dr. Sasmit Patra (2022-28) (2022-2028)","Elected MP","Construction of Chandimata CC, Ward No 9","28-Feb-2026","500000","NA"
"248","Normal/Others","NA-Construction of community centers and community halls","Odisha","Jajpur(DISTRICT COLLECTOR JAJPUR_IDA)","Dr. Sasmit Patra (2022-28) (2022-2028)","Elected MP","Construction of Dolipur CC at Ward No. 19","28-Feb-2026","500000","NA"
"249","Normal/Others","NA-Construction of community centers and community halls","Odisha","Jajpur(DISTRICT COLLECTOR JAJPUR_IDA)","Dr. Sasmit Patra (2022-28) (2022-2028)","Elected MP","Construction of building of Gouranga Jew C.C. at Jodabara, Ward no.1","28-Feb-2026","500000","NA"
"250","Normal/Others","NA-Construction of community centers and community halls","Odisha","Jajpur(DISTRICT COLLECTOR JAJPUR_IDA)","Dr. Sasmit Patra (2022-28) (2022-2028)","Elected MP","Construction of Community Centre near Sarbajanina Durga Mandap Ward no 9","28-Feb-2026","600000","NA"
"251","Normal/Others","NA-Construction of community centers and community halls","Odisha","Jajpur(DISTRICT COLLECTOR JAJPUR_IDA)","Dr. Sasmit Patra (2022-28) (2022-2028)","Elected MP","Construction of Santara Laxmi Narayan Community Centre Ward no. 21","28-Feb-2026","500000","NA"
"252","Normal/Others","NA-Construction of community centers and community halls","Odisha","Jajpur(DISTRICT COLLECTOR JAJPUR_IDA)","Dr. Sasmit Patra (2022-28) (2022-2028)","Elected MP","Const. of Community Centre near Alekha Mahima Ashram, Ward no. 26","28-Feb-2026","500000","NA"
"253","Normal/Others","NA-Construction of community centers and community halls","Odisha","Jajpur(DISTRICT COLLECTOR JAJPUR_IDA)","Dr. Sasmit Patra (2022-28) (2022-2028)","Elected MP","Construction of Gopabandhu C.C., Dasarathpur, Jajpur","28-Feb-2026","300000","NA"
"254","Normal/Others","WS/MP138/2025-2026/190465-Construction of community centers and community halls","Odisha","Jajpur(DISTRICT COLLECTOR JAJPUR_IDA)","Smt. Sulata Deo (2022-28) (2022-2028)","Elected MP","Construction of Community Center Distt Jajpur Block Badachana Subdivision Jajpur GP Charinangal Ward No-18","10-Apr-2025","600000","30-Aug-2025"
"255","Normal/Others","WS/MP138/2025-2026/203454-Construction of community centers and community halls","Odisha","Jajpur(DISTRICT COLLECTOR JAJPUR_IDA)","Smt. Sulata Deo (2022-28) (2022-2028)","Elected MP","Construction of community center ward no 7 Rasulpur GP Bandhadiha","25-May-2025","500000","17-Jun-2025"
"256","Normal/Others","WS/MP138/2023-2024/69149-Construction of community centers and community halls","Odisha","Jajpur(DISTRICT COLLECTOR JAJPUR_IDA)","Smt. Sulata Deo (2022-28) (2022-2028)","Elected MP","Construction of Meditation Room for Yoga & Music Learning Centre at Municipal High School, Jajpur Municipality, Jajpur under Jajpur Assembly Dist-Jajpur","24-Dec-2023","1000000","24-Jan-2024"
"257","Normal/Others","WS/MP138/2023-2024/72141-Construction of community centers and community halls","Odisha","Jajpur(DISTRICT COLLECTOR JAJPUR_IDA)","Smt. Sulata Deo (2022-28) (2022-2028)","Elected MP","Construction of Board Room of Women’s Capacity Building Centre under public recreational facilities, Jajpur Municipality, Jajpur under Jajpur Assembly Dist-Jajpur","30-Dec-2023","1000000","24-Jan-2024"
"258","Normal/Others","WS/MP138/2023-2024/72142-Construction of community centers and community halls","Odisha","Jajpur(DISTRICT COLLECTOR JAJPUR_IDA)","Smt. Sulata Deo (2022-28) (2022-2028)","Elected MP","Construction of Hobby & Training Center of Women’s Capacity Building Centre under public recreational facilities, Jajpur Municipality, Jajpur under Jajpur Assembly Dist-Jajpur","30-Dec-2023","1000000","24-Jan-2024"
"259","Normal/Others","WS/MP138/2023-2024/69148-Construction of rooms and halls in school and colleges","Odisha","Jajpur(DISTRICT COLLECTOR JAJPUR_IDA)","Smt. Sulata Deo (2022-28) (2022-2028)","Elected MP","Construction of Yoga Studio Room for Yoga & Music Learning Centre at Municipal High School, Jajpur Municipality, Jajpur under Jajpur Assembly Dist-Jajpur","24-Dec-2023","1000000","24-Jan-2024"
"260","Normal/Others","WS/MP138/2023-2024/69150-Construction of rooms and halls in school and colleges","Odisha","Jajpur(DISTRICT COLLECTOR JAJPUR_IDA)","Smt. Sulata Deo (2022-28) (2022-2028)","Elected MP","Construction of Treatment Room for Yoga & Music Learning Centre at Municipal High School, Jajpur Municipality, Jajpur under Jajpur Assembly Dist-Jajpur","24-Dec-2023","1000000","24-Jan-2024"
"261","Normal/Others","WS/MP138/2023-2024/69151-Construction of rooms and halls in school and colleges","Odisha","Jajpur(DISTRICT COLLECTOR JAJPUR_IDA)","Smt. Sulata Deo (2022-28) (2022-2028)","Elected MP","Construction of Locker Room for Yoga & Music Learning Centre at Municipal High School, Jajpur Municipality, Jajpur under Jajpur Assembly Dist-Jajpur","24-Dec-2023","1000000","24-Jan-2024"
"262","Normal/Others","WS/MP138/2023-2024/69152-Construction of rooms and halls in school and colleges","Odisha","Jajpur(DISTRICT COLLECTOR JAJPUR_IDA)","Smt. Sulata Deo (2022-28) (2022-2028)","Elected MP","Construction of Reception & Retail Room for Yoga & Music Learning Centre at Municipal High School, Jajpur Municipality, Jajpur under Jajpur Assembly Dist-Jajpur","24-Dec-2023","1000000","24-Jan-2024"
"263","Normal/Others","WS/MP138/2023-2024/69154-Construction of rooms and halls in school and colleges","Odisha","Jajpur(DISTRICT COLLECTOR JAJPUR_IDA)","Smt. Sulata Deo (2022-28) (2022-2028)","Elected MP","Construction of Dance Studio Room for Yoga & Music Learning Centre at Municipal High School, Jajpur Municipality, Jajpur under Jajpur Assembly Dist-Jajpur","24-Dec-2023","1000000","24-Jan-2024"
"264","Normal/Others","WS/MP138/2023-2024/69155-Construction of rooms and halls in school and colleges","Odisha","Jajpur(DISTRICT COLLECTOR JAJPUR_IDA)","Smt. Sulata Deo (2022-28) (2022-2028)","Elected MP","Construction of Training Room for Yoga & Music Learning Centre at Municipal High School, Jajpur Municipality, Jajpur under Jajpur Assembly Dist-Jajpur","24-Dec-2023","1000000","24-Jan-2024"
"265","Normal/Others","WS/MP138/2023-2024/69156-Construction of rooms and halls in school and colleges","Odisha","Jajpur(DISTRICT COLLECTOR JAJPUR_IDA)","Smt. Sulata Deo (2022-28) (2022-2028)","Elected MP","Construction of Music Room for Yoga & Music Learning Centre at Municipal High School, Jajpur Municipality, Jajpur under Jajpur Assembly Dist-Jajpur","24-Dec-2023","1000000","24-Jan-2024"
"266","Normal/Others","NA-Construction of rooms and halls in school and colleges","Odisha","Jajpur(DISTRICT COLLECTOR JAJPUR_IDA)","Dr. Sasmit Patra (2022-28) (2022-2028)","Elected MP","Construction of Cycle Stand of Birabasanta Routray High School, Hirapur","28-Feb-2026","600000","NA"
"267","Normal/Others","NA-Construction of rooms and halls in school and colleges","Odisha","Jajpur(DISTRICT COLLECTOR JAJPUR_IDA)","Dr. Sasmit Patra (2022-28) (2022-2028)","Elected MP","Const. of Addl. Class room-1 of Narsinghpur Pry. School, Narsinghpur, Executing Agency BDO Jajpur","28-Feb-2026","650000","NA"
"268","Normal/Others","NA-Construction of rooms and halls in school and colleges","Odisha","Jajpur(DISTRICT COLLECTOR JAJPUR_IDA)","Dr. Sasmit Patra (2022-28) (2022-2028)","Elected MP","Const. of Addl. Class room-2 of Narsinghpur Pry. School, Narsinghpur, Executing Agency BDO Jajpur","28-Feb-2026","650000","NA"
"269","Normal/Others","WS/MP138/2023-2024/15244-Construction of toilet blocks","Odisha","Jajpur(DISTRICT COLLECTOR JAJPUR_IDA)","Smt. Sulata Deo (2022-28) (2022-2028)","Elected MP","Completion of Boys Toilet of Biraja High School, Ward No.18, Jajpur MNC, Dist-Jajpur, Odisha","02-Sep-2023","1000000","16-Oct-2023"
"270","Normal/Others","WS/MP138/2023-2024/15245-Construction of toilet blocks","Odisha","Jajpur(DISTRICT COLLECTOR JAJPUR_IDA)","Smt. Sulata Deo (2022-28) (2022-2028)","Elected MP","Completion of Girls Toilet of Biraja High School, Ward No.18, Jajpur MNC, Dist-Jajpur, Odisha","02-Sep-2023","1000000","16-Oct-2023"
"271","Repair and Renovation","WS/MP138/2023-2024/15246-Construction of toilet blocks","Odisha","Jajpur(DISTRICT COLLECTOR JAJPUR_IDA)","Smt. Sulata Deo (2022-28) (2022-2028)","Elected MP","Repair & Renovation of Existing Toilet of Biraja High School, Ward No.18, Jajpur MNC, Dist-Jajpur, Odisha","02-Sep-2023","500000","16-Oct-2023"
"272","Normal/Others","WS/MP138/2023-2024/69153-Construction of toilet blocks","Odisha","Jajpur(DISTRICT COLLECTOR JAJPUR_IDA)","Smt. Sulata Deo (2022-28) (2022-2028)","Elected MP","Construction of Restrooms for Yoga & Music Learning Centre at Municipal High School, Jajpur Municipality, Jajpur under Jajpur Assembly Dist-Jajpur","24-Dec-2023","1000000","24-Jan-2024"
"273","Normal/Others","WS/MP138/2025-2026/203453-Construction of rooms and halls in school and colleges","Odisha","Jajpur(DISTRICT COLLECTOR JAJPUR_IDA)","Smt. Sulata Deo (2022-28) (2022-2028)","Elected MP","Construction of extension classroom, Sahapura Nodal UP School Village Sahapura Ward No 10","25-May-2025","500000","17-Jun-2025"
"274","Normal/Others","WS/MP138/2023-2024/15729-Setting up of laboratories","Odisha","Jajpur(DISTRICT COLLECTOR JAJPUR_IDA)","Smt. Sulata Deo (2022-28) (2022-2028)","Elected MP","Construction of Science Lab at Naxatramalini, High School, Chhatisdebil GP, Jajpur, Odisha","03-Sep-2023","1000000","16-Oct-2023"
"275","Normal/Others","WS/MP138/2023-2024/15738-Setting up of laboratories","Odisha","Jajpur(DISTRICT COLLECTOR JAJPUR_IDA)","Smt. Sulata Deo (2022-28) (2022-2028)","Elected MP","Construction of Science Lab at Hanuman Jew High School, Sahaspur GP","03-Sep-2023","1000000","16-Oct-2023"
"276","Normal/Others","WS/MP131/2023-2024/92625-Construction of rooms and halls in school and colleges","Odisha","Jajpur(DISTRICT COLLECTOR JAJPUR_IDA)","Dr. Sasmit Patra (2022-28) (2022-2028)","Elected MP","Upgradation of Auditorium Hall in Municipal High School under Jajpur Municipality in Jajpur Assembly Constituency - BDO Jajpur","31-Jan-2024","12500000","15-Mar-2024"
"277","Normal/Others","WS/MP138/2023-2024/15739-Construction of rooms and halls in school and colleges","Odisha","Jajpur(DISTRICT COLLECTOR JAJPUR_IDA)","Smt. Sulata Deo (2022-28) (2022-2028)","Elected MP","Construction of additional room -1 at Hanuman Jew High School, Sahaspur GP, Jajpur, Odisha","03-Sep-2023","1000000","16-Oct-2023"
"278","Normal/Others","WS/MP138/2023-2024/15247-Construction of rooms and halls in school and colleges","Odisha","Jajpur(DISTRICT COLLECTOR JAJPUR_IDA)","Smt. Sulata Deo (2022-28) (2022-2028)","Elected MP","Completion of Addl Class Room- 1 of Seshadev Basanti High School, GP-Bhubaneswarpur, Block-Jajpur, Dist-Jajpur, Odisha","02-Sep-2023","1000000","16-Oct-2023"
"279","Normal/Others","WS/MP138/2023-2024/15248-Construction of rooms and halls in school and colleges","Odisha","Jajpur(DISTRICT COLLECTOR JAJPUR_IDA)","Smt. Sulata Deo (2022-28) (2022-2028)","Elected MP","Completion of Addl Class Room- 2 of Seshadev Basanti High School, GP-Bhubaneswarpur, Block-Jajpur, Dist-Jajpur, Odisha","02-Sep-2023","1000000","16-Oct-2023"
"280","Normal/Others","WS/MP138/2023-2024/15730-Construction of rooms and halls in school and colleges","Odisha","Jajpur(DISTRICT COLLECTOR JAJPUR_IDA)","Smt. Sulata Deo (2022-28) (2022-2028)","Elected MP","Completion of Additional Class Room at Naxatramalini, High School, Chhatisdebil GP, Jajpur, Odisha","03-Sep-2023","1000000","16-Oct-2023"
"281","Normal/Others","WS/MP138/2023-2024/15731-Construction of rooms and halls in school and colleges","Odisha","Jajpur(DISTRICT COLLECTOR JAJPUR_IDA)","Smt. Sulata Deo (2022-28) (2022-2028)","Elected MP","Completion of Addl Class Room -1 at Grama Mangal, Samiti High School, Rudhia, Malandapur GP, Jajpur, Odisha","03-Sep-2023","1000000","16-Oct-2023"
"282","Normal/Others","WS/MP138/2023-2024/15732-Construction of rooms and halls in school and colleges","Odisha","Jajpur(DISTRICT COLLECTOR JAJPUR_IDA)","Smt. Sulata Deo (2022-28) (2022-2028)","Elected MP","Completion of Addl Class Room -2 at Grama Mangal, Samiti High School, Rudhia, Malandapur GP, Jajpur, Odisha","03-Sep-2023","1000000","16-Oct-2023"
"283","Normal/Others","WS/MP138/2023-2024/15733-Construction of rooms and halls in school and colleges","Odisha","Jajpur(DISTRICT COLLECTOR JAJPUR_IDA)","Smt. Sulata Deo (2022-28) (2022-2028)","Elected MP","Completion of Addl Class Room -3 at Grama Mangal, Samiti High School, Rudhia, Malandapur GP, Jajpur, Odisha","03-Sep-2023","1000000","16-Oct-2023"
"284","Normal/Others","WS/MP138/2023-2024/15734-Construction of rooms and halls in school and colleges","Odisha","Jajpur(DISTRICT COLLECTOR JAJPUR_IDA)","Smt. Sulata Deo (2022-28) (2022-2028)","Elected MP","Completion of Addl Class Room -4 at Grama Mangal, Samiti High School, Rudhia, Malandapur GP, Jajpur, Odisha","03-Sep-2023","1000000","16-Oct-2023"
"285","Normal/Others","WS/MP138/2023-2024/15735-Construction of rooms and halls in school and colleges","Odisha","Jajpur(DISTRICT COLLECTOR JAJPUR_IDA)","Smt. Sulata Deo (2022-28) (2022-2028)","Elected MP","Completion of additional room at Hanuman Jew High School, Sahaspur GP, Jajpur, Odisha","03-Sep-2023","1000000","16-Oct-2023"
"286","Normal/Others","WS/MP138/2023-2024/15736-Construction of rooms and halls in school and colleges","Odisha","Jajpur(DISTRICT COLLECTOR JAJPUR_IDA)","Smt. Sulata Deo (2022-28) (2022-2028)","Elected MP","Completion of additional classroom-2 at Hanuman Jew High School, Sahaspur GP, Jajpur, Odisha","03-Sep-2023","1000000","16-Oct-2023"
"287","Normal/Others","WS/MP138/2023-2024/96601-Purchase of hospital equipment","Odisha","Jajpur(DISTRICT COLLECTOR JAJPUR_IDA)","Smt. Sulata Deo (2022-28) (2022-2028)","Elected MP","Installation and required electrification of medical equipment for labor rooms at the rural medical center under MPLADS, a health-related project for mother and newborn baby care. Health Unit Name- CHC, BARI","04-Feb-2024","500000","29-Feb-2024"
"288","Normal/Others","WS/MP138/2023-2024/96602-Purchase of hospital equipment","Odisha","Jajpur(DISTRICT COLLECTOR JAJPUR_IDA)","Smt. Sulata Deo (2022-28) (2022-2028)","Elected MP","Installation and required electrification of medical equipment for labor rooms at the rural medical center under MPLADS, a health-related project for mother and newborn baby care. Health Unit Name- PHC RATNAGIRI, Block Ratnagiri Place","04-Feb-2024","500000","29-Feb-2024"
"289","Normal/Others","WS/MP138/2023-2024/96603-Purchase of hospital equipment","Odisha","Jajpur(DISTRICT COLLECTOR JAJPUR_IDA)","Smt. Sulata Deo (2022-28) (2022-2028)","Elected MP","nstallation and required electrification of medical equipment for labor rooms at the rural medical center under MPLADS, a health-related project for mother and newborn baby care. Health Unit Name- PHC Balia, Block Bari, Place Balia","04-Feb-2024","500000","29-Feb-2024"
"290","Normal/Others","WS/MP138/2023-2024/99272-Purchase of hospital equipment","Odisha","Jajpur(DISTRICT COLLECTOR JAJPUR_IDA)","Smt. Sulata Deo (2022-28) (2022-2028)","Elected MP","supply, Installation and required electrification of medical equipment for labour rooms at the rural medical centre under MPLADS, a health-related project for mother and newborn baby care, Block Rasulpur, Place Madhuban, Health Unit Name -CHC MAdhuban","07-Feb-2024","500000","07-Mar-2024"
"291","Normal/Others","WS/MP138/2023-2024/99273-Purchase of hospital equipment","Odisha","Jajpur(DISTRICT COLLECTOR JAJPUR_IDA)","Smt. Sulata Deo (2022-28) (2022-2028)","Elected MP","supply, Installation and required electrification of medical equipment for labour rooms at the rural medical centre under MPLADS, a health-related project for mother and newborn baby care, Block Rasulpur, Place BRAHMABARADA, Health Unit Name -PHC, BRAHMABARADA","07-Feb-2024","500000","07-Mar-2024"
"292","Normal/Others","WS/MP138/2023-2024/99274-Purchase of hospital equipment","Odisha","Jajpur(DISTRICT COLLECTOR JAJPUR_IDA)","Smt. Sulata Deo (2022-28) (2022-2028)","Elected MP","supply, Installation and required electrification of medical equipment for labour rooms at the rural medical centre under MPLADS, a health-related project for mother and newborn baby care, Block Rasulpur, Place HARIPURHAT Health Unit Name -PHC, HARIPURHAT","07-Feb-2024","500000","07-Mar-2024"
"293","Normal/Others","WS/MP138/2025-2026/172968-Purchase of hospital equipment","Odisha","Jajpur(DISTRICT COLLECTOR JAJPUR_IDA)","Smt. Sulata Deo (2022-28) (2022-2028)","Elected MP","Installation And Electrification of Medical Equipment For Labour Room under Korei Block Jajpur District, place Korei CHC ,Korei.","05-Feb-2025","500000","16-Jul-2025"
"294","Normal/Others","WS/MP138/2025-2026/172969-Purchase of hospital equipment","Odisha","Jajpur(DISTRICT COLLECTOR JAJPUR_IDA)","Smt. Sulata Deo (2022-28) (2022-2028)","Elected MP","Installation And Electrification of Medical Equipment for Labour Room under Korei Block Jajpur District, Place Panikoili PHC (New).","05-Feb-2025","500000","16-Jul-2025"
"295","Normal/Others","WS/MP138/2025-2026/172970-Purchase of hospital equipment","Odisha","Jajpur(DISTRICT COLLECTOR JAJPUR_IDA)","Smt. Sulata Deo (2022-28) (2022-2028)","Elected MP","Installation And Electrification of Medical Equipment for Labour Room under Korei Block Jajpur District, Place Sankhachilla PHC (New).","05-Feb-2025","500000","16-Jul-2025"
"296","Normal/Others","WS/MP131/2025-2026/178519-Construction of buildings for community cultural activities","Odisha","Jajpur(DISTRICT COLLECTOR JAJPUR_IDA)","Dr. Sasmit Patra (2022-28) (2022-2028)","Elected MP","Erection of Gandhian Heritage Gate near Government Ayurvedic Hospital, Balipadia, At Post-Barada, District-Jajpur","03-Mar-2025","1000000","04-Nov-2025"
"297","Normal/Others","WS/MP138/2023-2024/68384-Construction of Government office buildings (Post office, Police station, Police chauki, etc.)","Odisha","Jajpur(DISTRICT COLLECTOR JAJPUR_IDA)","Smt. Sulata Deo (2022-28) (2022-2028)","Elected MP","Construction of Reception & Waiting Hall of Zilla Sainik Board in Jajpur, Jajpur Municipality, Dist-Jajpur","22-Dec-2023","1000000","24-Jan-2024"
"298","Normal/Others","WS/MP138/2023-2024/68385-Construction of Government office buildings (Post office, Police station, Police chauki, etc.)","Odisha","Jajpur(DISTRICT COLLECTOR JAJPUR_IDA)","Smt. Sulata Deo (2022-28) (2022-2028)","Elected MP","Construction of Office & Accounts Room of Zilla Sainik Board in Jajpur, Jajpur Municipality, Dist-Jajpur","22-Dec-2023","1000000","24-Jan-2024"
"299","Normal/Others","WS/MP138/2023-2024/68386-Construction of Government office buildings (Post office, Police station, Police chauki, etc.)","Odisha","Jajpur(DISTRICT COLLECTOR JAJPUR_IDA)","Smt. Sulata Deo (2022-28) (2022-2028)","Elected MP","Construction of Record Room of Zilla Sainik Board in Jajpur, Jajpur Municipality, Dist-Jajpur","22-Dec-2023","1000000","24-Jan-2024"
"300","Normal/Others","WS/MP138/2023-2024/68387-Construction of Government office buildings (Post office, Police station, Police chauki, etc.)","Odisha","Jajpur(DISTRICT COLLECTOR JAJPUR_IDA)","Smt. Sulata Deo (2022-28) (2022-2028)","Elected MP","Construction of Meeting Room of Zilla Sainik Board in Jajpur, Jajpur Municipality, Dist-Jajpur","22-Dec-2023","1000000","24-Jan-2024"
"301","Normal/Others","WS/MP138/2023-2024/68388-Construction of Government office buildings (Post office, Police station, Police chauki, etc.)","Odisha","Jajpur(DISTRICT COLLECTOR JAJPUR_IDA)","Smt. Sulata Deo (2022-28) (2022-2028)","Elected MP","Construction of Secretary Cabin of Zilla Sainik Board in Jajpur, Jajpur Municipality, Dist-Jajpur","22-Dec-2023","1000000","24-Jan-2024"
"302","Normal/Others","WS/MP138/2024-2025/143887-Construction of additional rooms and halls in the existing public and community building","Odisha","Jajpur(DISTRICT COLLECTOR JAJPUR_IDA)","Smt. Sulata Deo (2022-28) (2022-2028)","Elected MP","Construction of Open Air Auditorium of Bishnu Samantaray College, Nuahat, Arakhopur (GP), Distt Jajpur, Ward No.8, Block- Badachana","27-Sep-2024","1000000","05-Dec-2024"
"303","Normal/Others","NA-Construction of community centers and community halls","Odisha","Jajpur(DISTRICT COLLECTOR JAJPUR_IDA)","Dr. Sasmit Patra (2022-28) (2022-2028)","Elected MP","Completion of Samantarapur G.P- Bhaban At/Po- Samantarapur, G.P- Samantarapur, Block- Rasulpur, Dist- Jajpur.","27-Jun-2026","1000000","NA"
"304","Normal/Others","WS/MP138/2023-2024/15728-Construction of public libraries and reading rooms","Odisha","Jajpur(DISTRICT COLLECTOR JAJPUR_IDA)","Smt. Sulata Deo (2022-28) (2022-2028)","Elected MP","Construction of E- Library at Naxatramalini, High School, Chhatisdebil GP, Jajpur, Odisha","03-Sep-2023","1000000","16-Oct-2023"
"305","Normal/Others","WS/MP18424/2026-2027/297172-Crematoriums/energy efficient crematoriums or structures on burial/cremation ground","Odisha","KALAHANDI(DISTRICT COLLECTOR KALAHANDI_IDA)","Shri Sujeet Kumar (2026-32) (2026-2032)","Elected MP","Development of Graveyard at Jayantinagar Pada","20-Jul-2026","500000","21-Aug-2026"
"306","Normal/Others","WS/MP18424/2026-2027/297146-Providing supply pipelines for drinking water","Odisha","KALAHANDI(DISTRICT COLLECTOR KALAHANDI_IDA)","Shri Sujeet Kumar (2026-32) (2026-2032)","Elected MP","Pipe Water Supply through Solar System and Extension of Pipeline near Sarian Shiva Mandir","20-Jul-2026","1000000","07-Aug-2026"
"307","Normal/Others","WS/MP18424/2026-2027/297151-Providing supply pipelines for drinking water","Odisha","KALAHANDI(DISTRICT COLLECTOR KALAHANDI_IDA)","Shri Sujeet Kumar (2026-32) (2026-2032)","Elected MP","Pipe Water Supply through Solar System and Extension of Pipeline near Kathasara Mahima Dharma","20-Jul-2026","1000000","07-Aug-2026"
"308","Normal/Others","WS/MP18424/2026-2027/297152-Providing supply pipelines for drinking water","Odisha","KALAHANDI(DISTRICT COLLECTOR KALAHANDI_IDA)","Shri Sujeet Kumar (2026-32) (2026-2032)","Elected MP","Pipe Water Supply through Solar System and Extension of Pipeline near Patharla Shiva Mandir","20-Jul-2026","1000000","07-Aug-2026"
"309","Normal/Others","WS/MP18424/2026-2027/297170-Construction of rooms and halls in school and colleges","Odisha","KALAHANDI(DISTRICT COLLECTOR KALAHANDI_IDA)","Shri Sujeet Kumar (2026-32) (2026-2032)","Elected MP","Const. of Boundary Wall at Goudkela UP School","20-Jul-2026","500000","21-Aug-2026"
"310","Normal/Others","WS/MP18424/2026-2027/297171-Construction of rooms and halls in school and colleges","Odisha","KALAHANDI(DISTRICT COLLECTOR KALAHANDI_IDA)","Shri Sujeet Kumar (2026-32) (2026-2032)","Elected MP","Const. of Boundary Wall at Harischandrapur UP School","20-Jul-2026","500000","21-Aug-2026"
"311","Normal/Others","NA-Construction of rooms and halls in school and colleges","Odisha","KALAHANDI(DISTRICT COLLECTOR KALAHANDI_IDA)","Shri Sujeet Kumar (2026-32) (2026-2032)","Elected MP","Construction of Additional Hall at Saraswati Sishu Vidya Mandir, Brundabahal","19-Aug-2026","700000","NA"
"312","Normal/Others","WS/MP18424/2026-2027/297173-Construction of footpaths and pedestrian ways","Odisha","KALAHANDI(DISTRICT COLLECTOR KALAHANDI_IDA)","Shri Sujeet Kumar (2026-32) (2026-2032)","Elected MP","Fixing of Paver Block at Badabandh","20-Jul-2026","500000","21-Aug-2026"
"313","Normal/Others","NA-Construction of roads, link roads, pathways or any other road with or without drainage system","Odisha","KALAHANDI(DISTRICT COLLECTOR KALAHANDI_IDA)","Shri Sujeet Kumar (2026-32) (2026-2032)","Elected MP","Construction of CC road from Bapu Ashram to Smasan Road at Jaipatna","19-Aug-2026","500000","NA"
"314","Normal/Others","WS/MP18424/2026-2027/297148-Street lights","Odisha","KALAHANDI(DISTRICT COLLECTOR KALAHANDI_IDA)","Shri Sujeet Kumar (2026-32) (2026-2032)","Elected MP","Installation of Solar Street Lights from Kusumnagarpada Hanuman Mandir to Mahulpada Road","20-Jul-2026","500000","07-Aug-2026"
"315","Normal/Others","WS/MP18424/2026-2027/297153-Lighting of public spaces","Odisha","KALAHANDI(DISTRICT COLLECTOR KALAHANDI_IDA)","Shri Sujeet Kumar (2026-32) (2026-2032)","Elected MP","Installation of Solar High Mast light near Jagannath Mandir Gajbahal","20-Jul-2026","1000000","07-Aug-2026"
"316","Normal/Others","WS/MP18424/2026-2027/297149-Lighting of public spaces","Odisha","KALAHANDI(DISTRICT COLLECTOR KALAHANDI_IDA)","Shri Sujeet Kumar (2026-32) (2026-2032)","Elected MP","Installation of Solar High Mast Light at Jayanti Nagar Pada","20-Jul-2026","1000000","07-Aug-2026"
"317","Normal/Others","WS/MP18424/2026-2027/297150-Lighting of public spaces","Odisha","KALAHANDI(DISTRICT COLLECTOR KALAHANDI_IDA)","Shri Sujeet Kumar (2026-32) (2026-2032)","Elected MP","Installation of Street Lights and High Mast Light at Purnapada Smasan","20-Jul-2026","500000","07-Aug-2026"
"318","Normal/Others","WS/MP18424/2026-2027/297147-Lighting of public spaces","Odisha","KALAHANDI(DISTRICT COLLECTOR KALAHANDI_IDA)","Shri Sujeet Kumar (2026-32) (2026-2032)","Elected MP","Installation of Solar High Mast light at M. Rampur Chari Chowk","20-Jul-2026","1000000","07-Aug-2026"
"319","Normal/Others","WS/MP18424/2026-2027/297144-Lighting of public spaces","Odisha","KALAHANDI(DISTRICT COLLECTOR KALAHANDI_IDA)","Shri Sujeet Kumar (2026-32) (2026-2032)","Elected MP","Istallation of Solar High Mast light at Parmanandapur Pada","20-Jul-2026","500000","07-Aug-2026"
"320","Normal/Others","WS/MP18424/2026-2027/297145-Lighting of public spaces","Odisha","KALAHANDI(DISTRICT COLLECTOR KALAHANDI_IDA)","Shri Sujeet Kumar (2026-32) (2026-2032)","Elected MP","Installation of Solar High Mast light at Risida Bus Stand","20-Jul-2026","1000000","07-Aug-2026"
"321","Normal/Others","WS/MP18424/2026-2027/297141-Street lights","Odisha","KALAHANDI(DISTRICT COLLECTOR KALAHANDI_IDA)","Shri Sujeet Kumar (2026-32) (2026-2032)","Elected MP","Installation of Solar Street Lights in Ward No 17 of Kadopadar Village","20-Jul-2026","500000","10-Aug-2026"
"322","Normal/Others","WS/MP18424/2026-2027/297142-Street lights","Odisha","KALAHANDI(DISTRICT COLLECTOR KALAHANDI_IDA)","Shri Sujeet Kumar (2026-32) (2026-2032)","Elected MP","Installation of Solar Street Lights in Bhalubutura Village","20-Jul-2026","500000","07-Aug-2026"
"323","Normal/Others","WS/MP18424/2026-2027/297143-Street lights","Odisha","KALAHANDI(DISTRICT COLLECTOR KALAHANDI_IDA)","Shri Sujeet Kumar (2026-32) (2026-2032)","Elected MP","Installation of Solar Street Lights in Kalampur Village","20-Jul-2026","500000","07-Aug-2026"
"324","Normal/Others","NA-Installation of multi-gym equipment","Odisha","KALAHANDI(DISTRICT COLLECTOR KALAHANDI_IDA)","Shri Sujeet Kumar (2026-32) (2026-2032)","Elected MP","Supply and Installation of Indoor Gym at Deypur Village","18-Aug-2026","1000000","NA"
"325","Normal/Others","NA-Installation of multi-gym equipment","Odisha","KALAHANDI(DISTRICT COLLECTOR KALAHANDI_IDA)","Shri Sujeet Kumar (2026-32) (2026-2032)","Elected MP","Supply and Installation of Indoor Gym at Community Hall near MLDC, Kitpadar","18-Aug-2026","1000000","NA"
"326","Normal/Others","NA-Installation of fixed garden gym equipment","Odisha","KALAHANDI(DISTRICT COLLECTOR KALAHANDI_IDA)","Shri Sujeet Kumar (2026-32) (2026-2032)","Elected MP","Supply and Installation of Outdoor Gym near Paraja Stage","18-Aug-2026","1000000","NA"
"327","Normal/Others","NA-Installation of fixed garden gym equipment","Odisha","KALAHANDI(DISTRICT COLLECTOR KALAHANDI_IDA)","Shri Sujeet Kumar (2026-32) (2026-2032)","Elected MP","Supply and Installation of Outdoor Gym at Gunupur Village","18-Aug-2026","1000000","NA"
"328","Normal/Others","NA-Installation of fixed garden gym equipment","Odisha","KALAHANDI(DISTRICT COLLECTOR KALAHANDI_IDA)","Shri Sujeet Kumar (2026-32) (2026-2032)","Elected MP","Supply and Installation of Outdoor Gym at Badkutru GP Head Quarter Near NSYS Club","18-Aug-2026","1000000","NA"
"329","Normal/Others","NA-Installation of fixed garden gym equipment","Odisha","KALAHANDI(DISTRICT COLLECTOR KALAHANDI_IDA)","Shri Sujeet Kumar (2026-32) (2026-2032)","Elected MP","Supply and Installation of Outdoor Gym at Kalampur Stadium","18-Aug-2026","1000000","NA"
"330","Normal/Others","NA-Installation of fixed garden gym equipment","Odisha","KALAHANDI(DISTRICT COLLECTOR KALAHANDI_IDA)","Shri Sujeet Kumar (2026-32) (2026-2032)","Elected MP","Supply and Installation of Outdoor Gym at Regada Playground","18-Aug-2026","1000000","NA"
"331","Normal/Others","NA-Construction of community centers and community halls","Odisha","Kandhamala(DISTRICT COLLECTOR KANDHAMAL_IDA)","Shri Dilip Kumar Ray (2026-32) (2026-2032)","Elected MP","Construction of Community Center","21-Jul-2026","1000000","NA"
"332","Normal/Others","NA-Construction of community centers and community halls","Odisha","Kandhamala(DISTRICT COLLECTOR KANDHAMAL_IDA)","Shri Manas Ranjan Mangaraj (2022-28) (2022-2028)","Elected MP","Construction of Community Center at Phiringia near Mausimaa Temple, Phiringia.","23-Jun-2026","950000","NA"
"333","Normal/Others","NA-Construction of community centers and community halls","Odisha","Kendrapada(DISTRICT COLLECTOR KENDRAPARA_IDA)","Shri Manas Ranjan Mangaraj (2022-28) (2022-2028)","Elected MP","Construction of Mohini Debi Community Center at Balipatana.","23-Jun-2026","950000","NA"
"334","Normal/Others","WS/MP138/2024-2025/156372-Crematoriums/energy efficient crematoriums or structures on burial/cremation ground","Odisha","Kendrapada(DISTRICT COLLECTOR KENDRAPARA_IDA)","Smt. Sulata Deo (2022-28) (2022-2028)","Elected MP","Development of Satihura Cremation ground Tarapur Math GP Chakroda Ward No 18 Block  Distt Kendrapara","05-Dec-2024","400000","10-Mar-2025"
"335","Normal/Others","WS/MP131/2025-2026/227990-Construction of public libraries and reading rooms","Odisha","Kendrapada(DISTRICT COLLECTOR KENDRAPARA_IDA)","Dr. Sasmit Patra (2022-28) (2022-2028)","Elected MP","Completion of Public Library in Malpur, Kendrapara Block","21-Aug-2025","300000","18-Mar-2026"
"336","Normal/Others","NA-Construction of buildings for community cultural activities","Odisha","Kendrapada(DISTRICT COLLECTOR KENDRAPARA_IDA)","Smt. Sulata Deo (2022-28) (2022-2028)","Elected MP","Construction of Market complex","12-Dec-2025","1000000","NA"
"337","Trust and Society","NA-Construction of rooms and halls in school and colleges","Odisha","Kendrapada(DISTRICT COLLECTOR KENDRAPARA_IDA)","Shri Ashwini Vaishnaw (2024-30) (2024-2030)","Elected MP","Construction of Prayer Hall-cum-Conference Hall at Saraswati Shishu Vidya Mandir, Haladia, Kendrapada, Odisha.","10-Apr-2026","1500000","NA"
"338","Normal/Others","WS/MP131/2025-2026/167261-Construction of rooms and halls in school and colleges","Odisha","Kendrapada(DISTRICT COLLECTOR KENDRAPARA_IDA)","Dr. Sasmit Patra (2022-28) (2022-2028)","Elected MP","Construction of Compound Wall of Ekmania UG High School, Village-GP- Ekmania, Block-Aul, Kendrapara District","21-Jan-2025","1000000","11-Jul-2025"
"339","Normal/Others","WS/MP131/2025-2026/167262-Construction of rooms and halls in school and colleges","Odisha","Kendrapada(DISTRICT COLLECTOR KENDRAPARA_IDA)","Dr. Sasmit Patra (2022-28) (2022-2028)","Elected MP","Construction of Dakhinadia UP School building, Village- Dakhinadia, G.P- Ekmania, Aul Block, Kendrapara District","21-Jan-2025","1000000","11-Jul-2025"
"340","Normal/Others","WS/MP138/2026-2027/253602-Construction of rooms and halls in school and colleges","Odisha","Kendrapada(DISTRICT COLLECTOR KENDRAPARA_IDA)","Smt. Sulata Deo (2022-28) (2022-2028)","Elected MP","Construction of Ekamania UG High Scholl Building, ward No.8","12-Dec-2025","1000000","11-Aug-2026"
"341","Normal/Others","WS/MP131/2026-2027/257778-Construction of rooms and halls in school and colleges","Odisha","Kendrapada(DISTRICT COLLECTOR KENDRAPARA_IDA)","Dr. Sasmit Patra (2022-28) (2022-2028)","Elected MP","Construction of Ekmania UG High School, First Floor Building in Village - Ekmania, Ward No. 8, Gp - Ekmania, Block- Aul, District - Kendrapara","07-Jan-2026","1000000","11-Aug-2026"
"342","Normal/Others","WS/MP138/2024-2025/162584-Installing tube-wells and borewells","Odisha","Kendrapada(DISTRICT COLLECTOR KENDRAPARA_IDA)","Smt. Sulata Deo (2022-28) (2022-2028)","Elected MP","Sinking of Tube Well at Nuasahi inside of RD road in front of Sarat Chandra Rout House, G.P. Chakroda, Block Kendrapara, Village Nuasahi Ward No-15","30-Dec-2024","450000","25-Mar-2025"
"343","Normal/Others","WS/MP138/2023-2024/40046-Construction of roads, link roads, pathways or any other road with or without drainage system","Odisha","Kendrapada(DISTRICT COLLECTOR KENDRAPARA_IDA)","Smt. Sulata Deo (2022-28) (2022-2028)","Elected MP","Improvement /Construction of Road from R&B Road to Atul New Court Road, Village-Nial, G.P. Nial, Block-AUL, Distt.-Kendrapara","24-Oct-2023","500000","06-Dec-2023"
"344","Normal/Others","WS/MP138/2023-2024/40047-Construction of roads, link roads, pathways or any other road with or without drainage system","Odisha","Kendrapada(DISTRICT COLLECTOR KENDRAPARA_IDA)","Smt. Sulata Deo (2022-28) (2022-2028)","Elected MP","Improvement /Construction of Road from R.D. Road to Nial New Colony in Village –Nial, G.P. Nial, Block-AUL, Distt.-Kendrapara","24-Oct-2023","500000","06-Dec-2023"
"345","Normal/Others","WS/MP138/2023-2024/40048-Construction of roads, link roads, pathways or any other road with or without drainage system","Odisha","Kendrapada(DISTRICT COLLECTOR KENDRAPARA_IDA)","Smt. Sulata Deo (2022-28) (2022-2028)","Elected MP","Construction- C.C. Road in Dakhinadia, Harijanasahi, Village Road, G.P. - Ekamania, Block-AUL, Distt.-Kendrapara","24-Oct-2023","500000","06-Dec-2023"
"346","Repair and Renovation","WS/MP138/2023-2024/63932-Construction of roads, link roads, pathways or any other road with or without drainage system","Odisha","Kendrapada(DISTRICT COLLECTOR KENDRAPARA_IDA)","Smt. Sulata Deo (2022-28) (2022-2028)","Elected MP","Improvement /Construction of Road from Telipatna Road to Soil Conservation Office, Village-Nial, G.P. Nial, Block-AUL, Distt.-Kendrapara","16-Dec-2023","500000","03-Jan-2024"
"347","Repair and Renovation","WS/MP138/2023-2024/63933-Construction of roads, link roads, pathways or any other road with or without drainage system","Odisha","Kendrapada(DISTRICT COLLECTOR KENDRAPARA_IDA)","Smt. Sulata Deo (2022-28) (2022-2028)","Elected MP","Improvement /Construction of Road from Radhanagar to Mendhapur in Village-Medhanpur, G.P. Mendhapur, Block-AUL, Distt.-Kendrapara","16-Dec-2023","500000","03-Jan-2024"
"348","Repair and Renovation","WS/MP138/2023-2024/63934-Construction of roads, link roads, pathways or any other road with or without drainage system","Odisha","Kendrapada(DISTRICT COLLECTOR KENDRAPARA_IDA)","Smt. Sulata Deo (2022-28) (2022-2028)","Elected MP","Improvement/Construction of Road from Sahira to Digochia in village – Angarakha G.P Sahira Block-AUL, Distt.-Kendrapara","16-Dec-2023","500000","03-Jan-2024"
"349","Normal/Others","WS/MP138/2023-2024/96236-Construction of roads, link roads, pathways or any other road with or without drainage system","Odisha","Kendrapada(DISTRICT COLLECTOR KENDRAPARA_IDA)","Smt. Sulata Deo (2022-28) (2022-2028)","Elected MP","Construction/Improvement of road from Play School to Paikasahi road via-Tota in village, G.P.- Nial, Block- AUL, Distt. Kendrapara","04-Feb-2024","500000","20-Feb-2024"
"350","Normal/Others","WS/MP138/2023-2024/96237-Construction of roads, link roads, pathways or any other road with or without drainage system","Odisha","Kendrapada(DISTRICT COLLECTOR KENDRAPARA_IDA)","Smt. Sulata Deo (2022-28) (2022-2028)","Elected MP","Construction/Improvement of road from Telipatana to Nial Soil ConservaOon Office in village – Nial, G.P.- Nial, Block- AUL, Distt. Kendrapara","04-Feb-2024","500000","20-Feb-2024"
"351","Normal/Others","WS/MP138/2023-2024/96238-Construction of roads, link roads, pathways or any other road with or without drainage system","Odisha","Kendrapada(DISTRICT COLLECTOR KENDRAPARA_IDA)","Smt. Sulata Deo (2022-28) (2022-2028)","Elected MP","Construction /C.C. road of Nalapahi Village road in Village-Nalapahi , G.P.-Ekamania Block- AUL, Distt. Kendrapara","04-Feb-2024","100000","02-Mar-2024"
"352","Normal/Others","WS/MP138/2023-2024/96239-Construction of roads, link roads, pathways or any other road with or without drainage system","Odisha","Kendrapada(DISTRICT COLLECTOR KENDRAPARA_IDA)","Smt. Sulata Deo (2022-28) (2022-2028)","Elected MP","Construction/C.C. road from R.D. road to Nrusingh Rout House in village- Athamania, G.P. Ekamania","04-Feb-2024","100000","02-Mar-2024"
"353","Normal/Others","WS/MP132/2026-2027/136506-Construction of community centers and community halls","Odisha","Kendrapada(DISTRICT COLLECTOR KENDRAPARA_IDA)","Shri Manas Ranjan Mangaraj (2022-28) (2022-2028)","Elected MP","Construction of Community Centre/Building for Siridi Sai Charitable Trust, Village- Basantpur, GP- Tyendakura, Block- Garadpur, Dist- Kendrapara","20-Aug-2024","500000","11-Aug-2026"
"354","Normal/Others","WS/MP138/2025-2026/156371-Construction of community centers and community halls","Odisha","Kendrapada(DISTRICT COLLECTOR KENDRAPARA_IDA)","Smt. Sulata Deo (2022-28) (2022-2028)","Elected MP","Construction of three Nos of Mandap and Site Development of Tarapur Matha GP Chakroda Ward No 18, Block and Distt.-Kendrapara","05-Dec-2024","260000","02-Apr-2025"
"355","Normal/Others","WS/MP138/2024-2025/156373-Lighting of public spaces","Odisha","Kendrapada(DISTRICT COLLECTOR KENDRAPARA_IDA)","Smt. Sulata Deo (2022-28) (2022-2028)","Elected MP","Fixing of Hig Max Light in front of Tarapur Matha G.P. Chakroda, Ward No 18, Block & Distt.-Kendrapara","05-Dec-2024","200000","27-Mar-2025"
"356","Normal/Others","WS/MP138/2024-2025/172504-Lighting of public spaces","Odisha","Kendrapada(DISTRICT COLLECTOR KENDRAPARA_IDA)","Smt. Sulata Deo (2022-28) (2022-2028)","Elected MP","Installation of Solar light in Village-Belsapur Singh Sahi to Sila Stamba, GP-Arehikana, Ward No.7","04-Feb-2025","1000000","25-Feb-2025"
"357","Normal/Others","WS/MP138/2024-2025/172501-Street lights","Odisha","Kendrapada(DISTRICT COLLECTOR KENDRAPARA_IDA)","Smt. Sulata Deo (2022-28) (2022-2028)","Elected MP","Installation of Street Light from Mahu Chhaka to Ringh Bandha in village, GP-Mahu, Ward No.7 and 8","04-Feb-2025","1000000","25-Feb-2025"
"358","Normal/Others","WS/MP138/2024-2025/172502-Street lights","Odisha","Kendrapada(DISTRICT COLLECTOR KENDRAPARA_IDA)","Smt. Sulata Deo (2022-28) (2022-2028)","Elected MP","Installation of Street Light in village Rasulpur of GP-Mendhapur, ward no.6","04-Feb-2025","500000","25-Feb-2025"
"359","Normal/Others","WS/MP138/2024-2025/156374-Street lights","Odisha","Kendrapada(DISTRICT COLLECTOR KENDRAPARA_IDA)","Smt. Sulata Deo (2022-28) (2022-2028)","Elected MP","Fixing of High Max Light RD Road side near ABC DASH House at Tarapur GP Chakroda","05-Dec-2024","200000","27-Mar-2025"
"360","Normal/Others","WS/MP138/2025-2026/253600-Construction of roads, link roads, pathways or any other road with or without drainage system","Odisha","Kendrapada(DISTRICT COLLECTOR KENDRAPARA_IDA)","Smt. Sulata Deo (2022-28) (2022-2028)","Elected MP","Construction of Silastamb Village CC road in VIllage Silastambh in Nial GP Jena Sahi CC road, Ward No.15","12-Dec-2025","800000","17-Jan-2026"
"361","Normal/Others","WS/MP138/2025-2026/253601-Construction of roads, link roads, pathways or any other road with or without drainage system","Odisha","Kendrapada(DISTRICT COLLECTOR KENDRAPARA_IDA)","Smt. Sulata Deo (2022-28) (2022-2028)","Elected MP","Construction of CC road from R B Road to Sailendra Mallick House in Village GP Nial Ward No 5","12-Dec-2025","700000","17-Jan-2026"
"362","Normal/Others","WS/MP138/2025-2026/253608-Construction of roads, link roads, pathways or any other road with or without drainage system","Odisha","Kendrapada(DISTRICT COLLECTOR KENDRAPARA_IDA)","Smt. Sulata Deo (2022-28) (2022-2028)","Elected MP","Construction of CC road from Achutibhai house to bathing ghat tank Ward No.2","12-Dec-2025","500000","15-Feb-2026"
"363","Normal/Others","NA-Construction of roads, link roads, pathways or any other road with or without drainage system","Odisha","Kendrapada(DISTRICT COLLECTOR KENDRAPARA_IDA)","Shri Dilip Kumar Ray (2026-32) (2026-2032)","Elected MP","Construction of Cement Concrete Road","14-Jul-2026","700000","NA"
"364","Normal/Others","NA-Construction of roads, link roads, pathways or any other road with or without drainage system","Odisha","Kendrapada(DISTRICT COLLECTOR KENDRAPARA_IDA)","Shri Dilip Kumar Ray (2026-32) (2026-2032)","Elected MP","Construction of Cement Concrete Road","14-Jul-2026","700000","NA"
"365","Normal/Others","NA-Construction of roads, link roads, pathways or any other road with or without drainage system","Odisha","Kendrapada(DISTRICT COLLECTOR KENDRAPARA_IDA)","Shri Dilip Kumar Ray (2026-32) (2026-2032)","Elected MP","Construction of Cement Concrete Road","14-Jul-2026","1000000","NA"
"366","Normal/Others","NA-Construction of roads, link roads, pathways or any other road with or without drainage system","Odisha","Kendrapada(DISTRICT COLLECTOR KENDRAPARA_IDA)","Shri Dilip Kumar Ray (2026-32) (2026-2032)","Elected MP","Construction of Cement Concrete Road","14-Jul-2026","500000","NA"
"367","Normal/Others","WS/MP138/2025-2026/213895-Construction of roads, link roads, pathways or any other road with or without drainage system","Odisha","Kendrapada(DISTRICT COLLECTOR KENDRAPARA_IDA)","Smt. Sulata Deo (2022-28) (2022-2028)","Elected MP","Construction of CC road from Bhaskar Malik house to Tarapur Matha Sahi","01-Jul-2025","600000","03-Oct-2025"
"368","Normal/Others","WS/MP138/2025-2026/213896-Construction of roads, link roads, pathways or any other road with or without drainage system","Odisha","Kendrapada(DISTRICT COLLECTOR KENDRAPARA_IDA)","Smt. Sulata Deo (2022-28) (2022-2028)","Elected MP","Construction of Road from RD road to Rabindra Das house in Tarapur GP Chakroda, Block or Dist-Kendrapara, Ward No.18","01-Jul-2025","200000","25-Aug-2025"
"369","Normal/Others","WS/MP138/2025-2026/213897-Construction of roads, link roads, pathways or any other road with or without drainage system","Odisha","Kendrapada(DISTRICT COLLECTOR KENDRAPARA_IDA)","Smt. Sulata Deo (2022-28) (2022-2028)","Elected MP","Construction of Road from Kalyani Das house to Adikanda Das House in Tarapur","01-Jul-2025","600000","03-Oct-2025"
"370","Normal/Others","WS/MP138/2024-2025/162585-Construction of roads, link roads, pathways or any other road with or without drainage system","Odisha","Kendrapada(DISTRICT COLLECTOR KENDRAPARA_IDA)","Smt. Sulata Deo (2022-28) (2022-2028)","Elected MP","Construction of Road from Garajanga Village to end of Pitapokhari of Garajanga, G.P. Palasingha, Village Garajanga, Ward No-2, Block Kendrapara","30-Dec-2024","500000","10-Mar-2025"
"371","Normal/Others","WS/MP138/2026-2027/213899-Construction of roads, link roads, pathways or any other road with or without drainage system","Odisha","Kendrapada(DISTRICT COLLECTOR KENDRAPARA_IDA)","Smt. Sulata Deo (2022-28) (2022-2028)","Elected MP","Construction of Cement concrete road and a drain from Ajaya Mohanty house to Prafulla Mohanty House at Tarapur Mohanty Sahi","01-Jul-2025","350000","18-Jun-2026"
"372","Repair and Renovation","WS/MP138/2025-2026/213900-Construction of roads, link roads, pathways or any other road with or without drainage system","Odisha","Kendrapada(DISTRICT COLLECTOR KENDRAPARA_IDA)","Smt. Sulata Deo (2022-28) (2022-2028)","Elected MP","Improvment of Betadanda road, ward no.2","01-Jul-2025","500000","16-Jul-2025"
"373","Repair and Renovation","WS/MP138/2025-2026/213901-Construction of roads, link roads, pathways or any other road with or without drainage system","Odisha","Kendrapada(DISTRICT COLLECTOR KENDRAPARA_IDA)","Smt. Sulata Deo (2022-28) (2022-2028)","Elected MP","Improvement of road from RD road to Pitulichia ward no.18","01-Jul-2025","500000","16-Jul-2025"
"374","Repair and Renovation","WS/MP138/2025-2026/213902-Construction of roads, link roads, pathways or any other road with or without drainage system","Odisha","Kendrapada(DISTRICT COLLECTOR KENDRAPARA_IDA)","Smt. Sulata Deo (2022-28) (2022-2028)","Elected MP","Improvement of road from RD road to Sahira Udaya Patra house, ward no.5 and 6","01-Jul-2025","500000","16-Jul-2025"
"375","Repair and Renovation","WS/MP138/2025-2026/213903-Construction of roads, link roads, pathways or any other road with or without drainage system","Odisha","Kendrapada(DISTRICT COLLECTOR KENDRAPARA_IDA)","Smt. Sulata Deo (2022-28) (2022-2028)","Elected MP","Improvement of road from Kina Sahoo house to Bana Sahoo house in ward no.9","01-Jul-2025","800000","16-Jul-2025"
"376","Repair and Renovation","WS/MP138/2025-2026/213904-Construction of roads, link roads, pathways or any other road with or without drainage system","Odisha","Kendrapada(DISTRICT COLLECTOR KENDRAPARA_IDA)","Smt. Sulata Deo (2022-28) (2022-2028)","Elected MP","Improvement of road from Madhu Mallik house to Bheda road in ward no.15 and 9","01-Jul-2025","700000","16-Jul-2025"
"377","Repair and Renovation","WS/MP138/2025-2026/213905-Construction of roads, link roads, pathways or any other road with or without drainage system","Odisha","Kendrapada(DISTRICT COLLECTOR KENDRAPARA_IDA)","Smt. Sulata Deo (2022-28) (2022-2028)","Elected MP","Improvement of road from Ajay Malik house to Bheda road in ward no.15","01-Jul-2025","500000","16-Jul-2025"
"378","Repair and Renovation","WS/MP138/2025-2026/213906-Construction of roads, link roads, pathways or any other road with or without drainage system","Odisha","Kendrapada(DISTRICT COLLECTOR KENDRAPARA_IDA)","Smt. Sulata Deo (2022-28) (2022-2028)","Elected MP","Improvement of road from Jena Sahi to Sailomunda road in ward no.8 and 9","01-Jul-2025","500000","16-Jul-2025"
"379","Normal/Others","WS/MP138/2024-2025/162583-Construction of roads, link roads, pathways or any other road with or without drainage system","Odisha","Kendrapada(DISTRICT COLLECTOR KENDRAPARA_IDA)","Smt. Sulata Deo (2022-28) (2022-2028)","Elected MP","Construction of road from Adhikari Jogesh Chandra Das House to Babaji Malik and Nrusingh Malik, G.P. Chakroda, Block Kendrapara, Village Tarapur, Ward No-18","30-Dec-2024","500000","10-Mar-2025"
"380","Normal/Others","WS/MP138/2024-2025/160860-Construction of roads, link roads, pathways or any other road with or without drainage system","Odisha","Kendrapada(DISTRICT COLLECTOR KENDRAPARA_IDA)","Smt. Sulata Deo (2022-28) (2022-2028)","Elected MP","Improvement of road from Telipatana RD Road to Soil conservation office in Village -Nial, GP Nial, Aul Block, Distt. Kendrapara","22-Dec-2024","500000","06-Jan-2025"
"381","Normal/Others","WS/MP138/2024-2025/160861-Construction of roads, link roads, pathways or any other road with or without drainage system","Odisha","Kendrapada(DISTRICT COLLECTOR KENDRAPARA_IDA)","Smt. Sulata Deo (2022-28) (2022-2028)","Elected MP","Improvement of road from Nial RD Office to Tota Upper Road in Village -Nial, GP Nial, Aul Block, Distt. Kendrapara","22-Dec-2024","500000","06-Jan-2025"
"382","Normal/Others","WS/MP138/2024-2025/160862-Construction of roads, link roads, pathways or any other road with or without drainage system","Odisha","Kendrapada(DISTRICT COLLECTOR KENDRAPARA_IDA)","Smt. Sulata Deo (2022-28) (2022-2028)","Elected MP","Improvement of road from Forest Office road to Santosh Rana House in Village -Balabhadrapurl, GP Nial,Aul Block, Distt. Kendrapara","22-Dec-2024","600000","06-Jan-2025"
"383","Normal/Others","WS/MP138/2024-2025/160863-Construction of roads, link roads, pathways or any other road with or without drainage system","Odisha","Kendrapada(DISTRICT COLLECTOR KENDRAPARA_IDA)","Smt. Sulata Deo (2022-28) (2022-2028)","Elected MP","Improvement of road from R&B Road to Nial colony road in Village GP Nial, Aul Block, Distt. Kendrapara","22-Dec-2024","600000","06-Jan-2025"
"384","Normal/Others","WS/MP138/2024-2025/160864-Construction of roads, link roads, pathways or any other road with or without drainage system","Odisha","Kendrapada(DISTRICT COLLECTOR KENDRAPARA_IDA)","Smt. Sulata Deo (2022-28) (2022-2028)","Elected MP","Improvement of road from Radhanagar to Mendhapur in Village Radhanagr , GP Nial, Aul Block, Distt. Kendrapara","22-Dec-2024","600000","06-Jan-2025"
"385","Normal/Others","WS/MP138/2024-2025/160865-Construction of roads, link roads, pathways or any other road with or without drainage system","Odisha","Kendrapada(DISTRICT COLLECTOR KENDRAPARA_IDA)","Smt. Sulata Deo (2022-28) (2022-2028)","Elected MP","Construction of CC road at Athamania Swain Sahi, Village Athamania GP- Ekamania ward no. 9, Aul Block, Distt. Kendrapara","22-Dec-2024","1000000","06-Jan-2025"
"386","Normal/Others","WS/MP138/2024-2025/160866-Construction of roads, link roads, pathways or any other road with or without drainage system","Odisha","Kendrapada(DISTRICT COLLECTOR KENDRAPARA_IDA)","Smt. Sulata Deo (2022-28) (2022-2028)","Elected MP","Construction of CC road at Dakhinadia Village Road, Ward No-10 GP- Ekamania ward no. 9, Aul Block, Distt.","22-Dec-2024","200000","06-Jan-2025"
"387","Normal/Others","WS/MP138/2025-2026/213898-Construction of public toilets and bathrooms","Odisha","Kendrapada(DISTRICT COLLECTOR KENDRAPARA_IDA)","Smt. Sulata Deo (2022-28) (2022-2028)","Elected MP","Construction of sanitary fittings with water supply and electrical works at public toilet and bathroom at Satsanga Vihar, Duhuria Chhak","01-Jul-2025","110000","03-Oct-2025"
"388","Normal/Others","WS/MP131/2023-2024/72509-Construction of roads, link roads, pathways or any other road with or without drainage system","Odisha","Kendrapada(DISTRICT COLLECTOR KENDRAPARA_IDA)","Dr. Sasmit Patra (2022-28) (2022-2028)","Elected MP","Construction of CC Road from RD Road to Nadi Ghat, Village- Athamania, G.P. : Ekamania","31-Dec-2023","1000000","25-Jan-2024"
"389","Normal/Others","WS/MP131/2023-2024/72510-Construction of roads, link roads, pathways or any other road with or without drainage system","Odisha","Kendrapada(DISTRICT COLLECTOR KENDRAPARA_IDA)","Dr. Sasmit Patra (2022-28) (2022-2028)","Elected MP","Construction of CC Road Dhakhinadia, Harijan Sahi, G.P. - Ekamania","31-Dec-2023","1000000","25-Jan-2024"
"390","Normal/Others","WS/MP138/2024-2025/179954-Construction of roads, link roads, pathways or any other road with or without drainage system","Odisha","Kendrapada(DISTRICT COLLECTOR KENDRAPARA_IDA)","Smt. Sulata Deo (2022-28) (2022-2028)","Elected MP","Construction of Road from Tarapur Mathasahi to Maliksahi, G.P. Chakroda, Ward No 18, Block, Distt.-Kendrapara","07-Mar-2025","500000","10-Mar-2025"
"391","Normal/Others","WS/MP138/2024-2025/172503-Construction of roads, link roads, pathways or any other road with or without drainage system","Odisha","Kendrapada(DISTRICT COLLECTOR KENDRAPARA_IDA)","Smt. Sulata Deo (2022-28) (2022-2028)","Elected MP","Construction of C C road from Jena Sahi to Radhanagar, Village-Radhanagar, GP-Nial, Ward No.11","04-Feb-2025","1000000","25-Feb-2025"
"392","Normal/Others","WS/MP138/2025-2026/172507-Construction of roads, link roads, pathways or any other road with or without drainage system","Odisha","Kendrapada(DISTRICT COLLECTOR KENDRAPARA_IDA)","Smt. Sulata Deo (2022-28) (2022-2028)","Elected MP","Construction of Harijan Sahi village road, Village-Dakhina Diha, GP-Ekmania, ward no.10","04-Feb-2025","500000","31-May-2025"
"393","Normal/Others","WS/MP138/2025-2026/172508-Construction of roads, link roads, pathways or any other road with or without drainage system","Odisha","Kendrapada(DISTRICT COLLECTOR KENDRAPARA_IDA)","Smt. Sulata Deo (2022-28) (2022-2028)","Elected MP","Construction of CC road at Dakhina Diha village road, Village-Dakhina Diha, GP-Ekmania, ward no.10","04-Feb-2025","1000000","31-May-2025"
"394","Normal/Others","WS/MP138/2025-2026/213915-Street lights","Odisha","Kendrapada(DISTRICT COLLECTOR KENDRAPARA_IDA)","Smt. Sulata Deo (2022-28) (2022-2028)","Elected MP","Fixing of Highmax light at Tarapur mohanty Sahi, Ward No.17","01-Jul-2025","210000","25-Aug-2025"
"395","Normal/Others","WS/MP138/2025-2026/213916-Street lights","Odisha","Kendrapada(DISTRICT COLLECTOR KENDRAPARA_IDA)","Smt. Sulata Deo (2022-28) (2022-2028)","Elected MP","Installation of Solar Streets light from Orsaka village to Tarapur Village","01-Jul-2025","990000","25-Aug-2025"
"396","Normal/Others","WS/MP138/2025-2026/213917-Street lights","Odisha","Kendrapada(DISTRICT COLLECTOR KENDRAPARA_IDA)","Smt. Sulata Deo (2022-28) (2022-2028)","Elected MP","Fixing of Highmax light at RD road side near Orsaka Thakurani","01-Jul-2025","210000","25-Aug-2025"
"397","Normal/Others","WS/MP138/2025-2026/213918-Street lights","Odisha","Kendrapada(DISTRICT COLLECTOR KENDRAPARA_IDA)","Smt. Sulata Deo (2022-28) (2022-2028)","Elected MP","Fixing of Highmax lights at RD road side near Ghungura Beta","01-Jul-2025","210000","25-Aug-2025"
"398","Normal/Others","WS/MP138/2025-2026/213919-Street lights","Odisha","Kendrapada(DISTRICT COLLECTOR KENDRAPARA_IDA)","Smt. Sulata Deo (2022-28) (2022-2028)","Elected MP","Fixing of Highmax light at RD road side near Narayani Thakurani","01-Jul-2025","210000","17-Nov-2025"
"399","Normal/Others","WS/MP138/2025-2026/213920-Street lights","Odisha","Kendrapada(DISTRICT COLLECTOR KENDRAPARA_IDA)","Smt. Sulata Deo (2022-28) (2022-2028)","Elected MP","Fixing of Highmax light at village road side near Grameswar Mahadev","01-Jul-2025","210000","25-Aug-2025"
"400","Normal/Others","WS/MP138/2025-2026/213921-Street lights","Odisha","Kendrapada(DISTRICT COLLECTOR KENDRAPARA_IDA)","Smt. Sulata Deo (2022-28) (2022-2028)","Elected MP","Fixing of Highmax light at RD road side near Sahaspur Bata Mahapurusa","01-Jul-2025","210000","25-Aug-2025"
"401","Normal/Others","WS/MP138/2025-2026/217106-Street lights","Odisha","Kendrapada(DISTRICT COLLECTOR KENDRAPARA_IDA)","Smt. Sulata Deo (2022-28) (2022-2028)","Elected MP","Fixing of High Max light on RD road side near (land mark) Durga Mandap Village kantia, Ward-11, GP-Chakroda","11-Jul-2025","210000","26-Sep-2025"
"402","Normal/Others","WS/MP138/2025-2026/217098-Street lights","Odisha","Kendrapada(DISTRICT COLLECTOR KENDRAPARA_IDA)","Smt. Sulata Deo (2022-28) (2022-2028)","Elected MP","Fixing of High Max Light on R. D. road side near (land mark) Taradei Thakurani in Antalo Village, Ward No.5, G.P. Chakroda, Block or Dist. Kendrapara","11-Jul-2025","210000","26-Sep-2025"
"403","Normal/Others","WS/MP138/2025-2026/217099-Street lights","Odisha","Kendrapada(DISTRICT COLLECTOR KENDRAPARA_IDA)","Smt. Sulata Deo (2022-28) (2022-2028)","Elected MP","Fixing of High Max light on road side near (land mark) Adaita Behera shop in Mirzapur Village, Ward-5, G.P. Palasingha, Block or Dist-Kendrapara","11-Jul-2025","210000","26-Sep-2025"
"404","Normal/Others","WS/MP138/2025-2026/253609-Street lights","Odisha","Kendrapada(DISTRICT COLLECTOR KENDRAPARA_IDA)","Smt. Sulata Deo (2022-28) (2022-2028)","Elected MP","Fixing of street lights on existing electrical poles at different places at garajanga ward No.2","12-Dec-2025","300000","15-Feb-2026"
"405","Normal/Others","WS/MP132/2025-2026/233604-Street lights","Odisha","KHORDHA(DISTRICT COLLECTOR KHORDHA_IDA)","Shri Manas Ranjan Mangaraj (2022-28) (2022-2028)","Elected MP","Installation of Solar Street Light in Panchupalli Village.","13-Sep-2025","165000","04-Oct-2025"
"406","Normal/Others","WS/MP132/2025-2026/233605-Street lights","Odisha","KHORDHA(DISTRICT COLLECTOR KHORDHA_IDA)","Shri Manas Ranjan Mangaraj (2022-28) (2022-2028)","Elected MP","Installation of Solar Street Light in Brahmakundal Village.","13-Sep-2025","165000","04-Oct-2025"
"407","Normal/Others","WS/MP132/2025-2026/233606-Street lights","Odisha","KHORDHA(DISTRICT COLLECTOR KHORDHA_IDA)","Shri Manas Ranjan Mangaraj (2022-28) (2022-2028)","Elected MP","Installation of Solar Street Light in Jhinkharada Village.","13-Sep-2025","165000","04-Oct-2025"
"408","Normal/Others","WS/MP132/2025-2026/233607-Street lights","Odisha","KHORDHA(DISTRICT COLLECTOR KHORDHA_IDA)","Shri Manas Ranjan Mangaraj (2022-28) (2022-2028)","Elected MP","Installation of Solar Street Light in Trutiapada Village.","13-Sep-2025","165000","04-Oct-2025"
"409","Normal/Others","WS/MP132/2025-2026/233608-Street lights","Odisha","KHORDHA(DISTRICT COLLECTOR KHORDHA_IDA)","Shri Manas Ranjan Mangaraj (2022-28) (2022-2028)","Elected MP","Installation of Solar Street Light in Sananugan Village.","13-Sep-2025","165000","04-Oct-2025"
"410","Normal/Others","WS/MP132/2025-2026/233610-Street lights","Odisha","KHORDHA(DISTRICT COLLECTOR KHORDHA_IDA)","Shri Manas Ranjan Mangaraj (2022-28) (2022-2028)","Elected MP","Installation of Solar Street Light in Beruan Village.","13-Sep-2025","165000","04-Oct-2025"
"411","Normal/Others","NA-Street lights","Odisha","KHORDHA(DISTRICT COLLECTOR KHORDHA_IDA)","Shri Manas Ranjan Mangaraj (2022-28) (2022-2028)","Elected MP","Installation of Solar light near Dinabandhupur Primary School Pond under Kuhudi GP.","23-Jun-2026","200000","NA"
"412","Normal/Others","NA-Street lights","Odisha","KHORDHA(DISTRICT COLLECTOR KHORDHA_IDA)","Shri Manas Ranjan Mangaraj (2022-28) (2022-2028)","Elected MP","Installation of Solar light near Gopinathpur ANM Center under Kuhudi GP.","23-Jun-2026","200000","NA"
"413","Normal/Others","NA-Street lights","Odisha","KHORDHA(DISTRICT COLLECTOR KHORDHA_IDA)","Shri Manas Ranjan Mangaraj (2022-28) (2022-2028)","Elected MP","Installation of Solar light near Dankarisahi Kelabehera Chaura Chari Chaka under Kuhudi GP.","23-Jun-2026","200000","NA"
"414","Normal/Others","WS/MP131/2025-2026/193695-Street lights","Odisha","KHORDHA(DISTRICT COLLECTOR KHORDHA_IDA)","Dr. Sasmit Patra (2022-28) (2022-2028)","Elected MP","Electrifications from Tulu Firm to Maa Rahitangi Temple","23-Apr-2025","300000","22-Aug-2025"
"415","Normal/Others","WS/MP131/2025-2026/190497-Construction of roads, link roads, pathways or any other road with or without drainage system","Odisha","KHORDHA(DISTRICT COLLECTOR KHORDHA_IDA)","Dr. Sasmit Patra (2022-28) (2022-2028)","Elected MP","Construction of All-weather road from Tulu Firm to Maa Rahitangi Temple, Malipada GP, Thana - Chandaka, Dist- Khurda","10-Apr-2025","600000","18-Aug-2025"
"416","Normal/Others","WS/MP132/2025-2026/204390-Construction of roads, link roads, pathways or any other road with or without drainage system","Odisha","KHORDHA(DISTRICT COLLECTOR KHORDHA_IDA)","Shri Manas Ranjan Mangaraj (2022-28) (2022-2028)","Elected MP","Construction of CC road from Fulagorada RD road to Fulagorada village.","29-May-2025","200000","03-Nov-2025"
"417","Normal/Others","WS/MP132/2025-2026/204391-Construction of roads, link roads, pathways or any other road with or without drainage system","Odisha","KHORDHA(DISTRICT COLLECTOR KHORDHA_IDA)","Shri Manas Ranjan Mangaraj (2022-28) (2022-2028)","Elected MP","Construction of CC road from Rabinarayan house to Fakir Rana house.","29-May-2025","200000","03-Nov-2025"
"418","Normal/Others","NA-Construction of roads, link roads, pathways or any other road with or without drainage system","Odisha","KHORDHA(DISTRICT COLLECTOR KHORDHA_IDA)","Shri Manas Ranjan Mangaraj (2022-28) (2022-2028)","Elected MP","Construction of CC road from Bai Pradhan House to Bansidhar Baral house.","27-May-2025","600000","NA"
"419","Normal/Others","NA-Construction of roads, link roads, pathways or any other road with or without drainage system","Odisha","KHORDHA(DISTRICT COLLECTOR KHORDHA_IDA)","Shri Manas Ranjan Mangaraj (2022-28) (2022-2028)","Elected MP","Construction of CC road from Chakabara Chowk to Bramhan Sasan Chowk.","27-May-2025","300000","NA"
"420","Normal/Others","WS/MP131/2025-2026/196054-Construction of roads, link roads, pathways or any other road with or without drainage system","Odisha","KHORDHA(DISTRICT COLLECTOR KHORDHA_IDA)","Dr. Sasmit Patra (2022-28) (2022-2028)","Elected MP","Construction of CC Road from Kaimatia UP School to Mina Sahoo House, Ward-5, Kaimatia, Dhaulimuha GP, Dist-Khurda","02-May-2025","500000","01-Aug-2025"
"421","Normal/Others","WS/MP138/2025-2026/185250-Construction of roads, link roads, pathways or any other road with or without drainage system","Odisha","KHORDHA(DISTRICT COLLECTOR KHORDHA_IDA)","Smt. Sulata Deo (2022-28) (2022-2028)","Elected MP","Construction of CC Road Kaimatia Maheswar Sahoo House to Loknath Behera House Ward No 5 Kaimatia Dhaulimuha","21-Mar-2025","500000","13-Jun-2025"
"422","Normal/Others","WS/MP132/2025-2026/186029-Construction of roads, link roads, pathways or any other road with or without drainage system","Odisha","KHORDHA(DISTRICT COLLECTOR KHORDHA_IDA)","Shri Manas Ranjan Mangaraj (2022-28) (2022-2028)","Elected MP","Construction of CC road from CDA awareness house to chilika lake.","24-Mar-2025","950000","13-Jun-2025"
"423","Normal/Others","NA-Construction of roads, link roads, pathways or any other road with or without drainage system","Odisha","KHORDHA(DISTRICT COLLECTOR KHORDHA_IDA)","Shri Manas Ranjan Mangaraj (2022-28) (2022-2028)","Elected MP","Construction of CC road at Rampur, Balugaon NAC Ward No 10, Block Chilika, District Khordha","21-Feb-2025","500000","NA"
"424","Normal/Others","WS/MP132/2025-2026/176919-Construction of roads, link roads, pathways or any other road with or without drainage system","Odisha","KHORDHA(DISTRICT COLLECTOR KHORDHA_IDA)","Shri Manas Ranjan Mangaraj (2022-28) (2022-2028)","Elected MP","Construction of CC road from Jagannath temple to Laxman Sitha house, Block Banpur, District Khordha","21-Feb-2025","990000","29-May-2025"
"425","Normal/Others","WS/MP132/2025-2026/176920-Construction of roads, link roads, pathways or any other road with or without drainage system","Odisha","KHORDHA(DISTRICT COLLECTOR KHORDHA_IDA)","Shri Manas Ranjan Mangaraj (2022-28) (2022-2028)","Elected MP","Construction of CC road from NH 5 to Damburu Paikaray Paikasahi, GP Barakul, Block Chilika District Khordha","21-Feb-2025","500000","04-Oct-2025"
"426","Normal/Others","WS/MP131/2023-2024/72525-Construction of roads, link roads, pathways or any other road with or without drainage system","Odisha","KHORDHA(DISTRICT COLLECTOR KHORDHA_IDA)","Dr. Sasmit Patra (2022-28) (2022-2028)","Elected MP","Re-construction of Deepmala road connecting Panchamana to Old Panchayat Office (Basuaghai GP)","31-Dec-2023","300000","10-Mar-2024"
"427","Normal/Others","WS/MP138/2024-2025/143890-Construction of roads, link roads, pathways or any other road with or without drainage system","Odisha","KHORDHA(DISTRICT COLLECTOR KHORDHA_IDA)","Smt. Sulata Deo (2022-28) (2022-2028)","Elected MP","Construction of CC Road from Budhibamana House to Siaria Village Deuli under Chhanagiri, Block Tangi Distt-Khurda, Ward No.-3","27-Sep-2024","1000000","06-Nov-2024"
"428","Repair and Renovation","NA-Construction of roads, link roads, pathways or any other road with or without drainage system","Odisha","KHORDHA(DISTRICT COLLECTOR KHORDHA_IDA)","Shri Manas Ranjan Mangaraj (2022-28) (2022-2028)","Elected MP","Completion of CC road from Bibhu Maharana House to Aurobinda Integal Education School.","28-Apr-2025","200000","NA"
"429","Repair and Renovation","NA-Construction of roads, link roads, pathways or any other road with or without drainage system","Odisha","KHORDHA(DISTRICT COLLECTOR KHORDHA_IDA)","Shri Manas Ranjan Mangaraj (2022-28) (2022-2028)","Elected MP","Completion of CC road from Kalupadaghat Pentha to Sesha Pradhan house.","28-Apr-2025","200000","NA"
"430","Repair and Renovation","NA-Construction of roads, link roads, pathways or any other road with or without drainage system","Odisha","KHORDHA(DISTRICT COLLECTOR KHORDHA_IDA)","Shri Manas Ranjan Mangaraj (2022-28) (2022-2028)","Elected MP","Completion of CC road from Sesa Pradhan house to Harekrushna Pradhan house.","28-Apr-2025","200000","NA"
"431","Normal/Others","NA-Construction of roads, link roads, pathways or any other road with or without drainage system","Odisha","KHORDHA(DISTRICT COLLECTOR KHORDHA_IDA)","Shri Manas Ranjan Mangaraj (2022-28) (2022-2028)","Elected MP","Construction of road from Main road to Jagannath Temple (Labangiri)","09-Jun-2025","1000000","NA"
"432","Normal/Others","WS/MP132/2025-2026/231417-Construction of roads, link roads, pathways or any other road with or without drainage system","Odisha","KHORDHA(DISTRICT COLLECTOR KHORDHA_IDA)","Shri Manas Ranjan Mangaraj (2022-28) (2022-2028)","Elected MP","Construction of CC road from Gokul Sasmal house back side to Anirudha Mahotwa house back side.","05-Sep-2025","500000","17-Nov-2025"
"433","Normal/Others","WS/MP132/2025-2026/167732-Construction of roads, link roads, pathways or any other road with or without drainage system","Odisha","KHORDHA(DISTRICT COLLECTOR KHORDHA_IDA)","Shri Manas Ranjan Mangaraj (2022-28) (2022-2028)","Elected MP","Construction of CC road at Champadeipur.","22-Jan-2025","200000","29-May-2025"
"434","Normal/Others","NA-Construction of roads, link roads, pathways or any other road with or without drainage system","Odisha","KHORDHA(DISTRICT COLLECTOR KHORDHA_IDA)","Shri Subhasish Khuntia (2024-30) (2024-2030)","Elected MP","Construction of Paver Block road from Nibedita Nayak house to Bank Colony Lane 2 at Basuaghai.","15-Sep-2025","700000","NA"
"435","Normal/Others","WS/MP132/2025-2026/219760-Construction of roads, link roads, pathways or any other road with or without drainage system","Odisha","KHORDHA(DISTRICT COLLECTOR KHORDHA_IDA)","Shri Manas Ranjan Mangaraj (2022-28) (2022-2028)","Elected MP","Construction of CC road from Laxman Sahu house to Ramesh Dalai house.","18-Jul-2025","500000","22-Dec-2025"
"436","Normal/Others","WS/MP132/2025-2026/226313-Construction of roads, link roads, pathways or any other road with or without drainage system","Odisha","KHORDHA(DISTRICT COLLECTOR KHORDHA_IDA)","Shri Manas Ranjan Mangaraj (2022-28) (2022-2028)","Elected MP","Construction of CC road from Lingaraj Pradhan pond to Beleswar temple.","11-Aug-2025","500000","05-Jan-2026"
"437","Normal/Others","NA-Construction of roads, link roads, pathways or any other road with or without drainage system","Odisha","KHORDHA(DISTRICT COLLECTOR KHORDHA_IDA)","Shri Manas Ranjan Mangaraj (2022-28) (2022-2028)","Elected MP","Construction of CC road and Steps from Maa Bramhanidevi to Girigobardhan Temple.","09-Jul-2026","750000","NA"
"438","Normal/Others","NA-Construction of roads, link roads, pathways or any other road with or without drainage system","Odisha","KHORDHA(DISTRICT COLLECTOR KHORDHA_IDA)","Shri Manas Ranjan Mangaraj (2022-28) (2022-2028)","Elected MP","Construction of village CC road at Shyampur (Kolathadihi).","09-Jul-2026","300000","NA"
"439","Normal/Others","NA-Construction of roads, link roads, pathways or any other road with or without drainage system","Odisha","KHORDHA(DISTRICT COLLECTOR KHORDHA_IDA)","Shri Manas Ranjan Mangaraj (2022-28) (2022-2028)","Elected MP","Construction of CC road and Guard Wall at Nua Sahi near Tiki Pokhari.","09-Jul-2026","800000","NA"
"440","Normal/Others","WS/MP132/2026-2027/277988-Construction of roads, link roads, pathways or any other road with or without drainage system","Odisha","KHORDHA(DISTRICT COLLECTOR KHORDHA_IDA)","Shri Manas Ranjan Mangaraj (2022-28) (2022-2028)","Elected MP","Construction of CC road from Gambharimunda RD road to Crematorium.","11-Apr-2026","300000","29-Jul-2026"
"441","Normal/Others","WS/MP132/2026-2027/277989-Construction of roads, link roads, pathways or any other road with or without drainage system","Odisha","KHORDHA(DISTRICT COLLECTOR KHORDHA_IDA)","Shri Manas Ranjan Mangaraj (2022-28) (2022-2028)","Elected MP","Construction of CC road at Khajuria Crematorium.","11-Apr-2026","200000","29-Jul-2026"
"442","Normal/Others","WS/MP132/2025-2026/257799-Construction of roads, link roads, pathways or any other road with or without drainage system","Odisha","KHORDHA(DISTRICT COLLECTOR KHORDHA_IDA)","Shri Manas Ranjan Mangaraj (2022-28) (2022-2028)","Elected MP","Construction of CC road from Akshya Mahapatra house to Ghanashyam Sahu house.","08-Jan-2026","500000","05-Mar-2026"
"443","Normal/Others","NA-Construction of roads, link roads, pathways or any other road with or without drainage system","Odisha","KHORDHA(DISTRICT COLLECTOR KHORDHA_IDA)","Shri Manas Ranjan Mangaraj (2022-28) (2022-2028)","Elected MP","Construction of Paver block road from SK Mangulia House to Babula Khan House.","27-Dec-2025","500000","NA"
"444","Normal/Others","WS/MP132/2025-2026/177405-Construction of roads, link roads, pathways or any other road with or without drainage system","Odisha","KHORDHA(DISTRICT COLLECTOR KHORDHA_IDA)","Shri Manas Ranjan Mangaraj (2022-28) (2022-2028)","Elected MP","Construction of CC road from Kalu Martha house to Golakha Baral house.","25-Feb-2025","500000","29-May-2025"
"445","Normal/Others","NA-Construction of roads, link roads, pathways or any other road with or without drainage system","Odisha","KHORDHA(DISTRICT COLLECTOR KHORDHA_IDA)","Shri Manas Ranjan Mangaraj (2022-28) (2022-2028)","Elected MP","Construction of CC road and guard wall from RD road towards Ramesh Sarangi House.","28-Jun-2026","500000","NA"
"446","Normal/Others","NA-Construction of roads, link roads, pathways or any other road with or without drainage system","Odisha","KHORDHA(DISTRICT COLLECTOR KHORDHA_IDA)","Shri Manas Ranjan Mangaraj (2022-28) (2022-2028)","Elected MP","Construction of CC road From Water Pump house to Smasan.","23-Jun-2026","500000","NA"
"447","Normal/Others","NA-Construction of roads, link roads, pathways or any other road with or without drainage system","Odisha","KHORDHA(DISTRICT COLLECTOR KHORDHA_IDA)","Shri Manas Ranjan Mangaraj (2022-28) (2022-2028)","Elected MP","Construction of Maa Siddheswari Road at Bhatapada.","23-Jun-2026","700000","NA"
"448","Normal/Others","WS/MP132/2026-2027/285554-Construction of roads, link roads, pathways or any other road with or without drainage system","Odisha","KHORDHA(DISTRICT COLLECTOR KHORDHA_IDA)","Shri Manas Ranjan Mangaraj (2022-28) (2022-2028)","Elected MP","Construction CC road from Radha Mandap to Village Pond.","18-Jun-2026","950000","21-Aug-2026"
"449","Normal/Others","WS/MP132/2026-2027/279969-Construction of roads, link roads, pathways or any other road with or without drainage system","Odisha","KHORDHA(DISTRICT COLLECTOR KHORDHA_IDA)","Shri Manas Ranjan Mangaraj (2022-28) (2022-2028)","Elected MP","Construction of CC road from RD road to Smasan RD at Bhagabatipur.","08-May-2026","500000","21-Jul-2026"
"450","Normal/Others","WS/MP132/2026-2027/280190-Construction of roads, link roads, pathways or any other road with or without drainage system","Odisha","KHORDHA(DISTRICT COLLECTOR KHORDHA_IDA)","Shri Manas Ranjan Mangaraj (2022-28) (2022-2028)","Elected MP","Construction of CC road from Ashok Pradhan house to Krushna Pradhan house.","11-May-2026","300000","29-Jul-2026"
"451","Normal/Others","WS/MP132/2026-2027/288237-Construction of roads, link roads, pathways or any other road with or without drainage system","Odisha","KHORDHA(DISTRICT COLLECTOR KHORDHA_IDA)","Shri Manas Ranjan Mangaraj (2022-28) (2022-2028)","Elected MP","Construction of CC road in Maa English Medium School campus.","23-Jun-2026","950000","21-Aug-2026"
"452","Normal/Others","NA-Construction of roads, link roads, pathways or any other road with or without drainage system","Odisha","KHORDHA(DISTRICT COLLECTOR KHORDHA_IDA)","Shri Subhasish Khuntia (2024-30) (2024-2030)","Elected MP","Construction of Drain at Gobindapur village.","26-Sep-2025","900000","NA"
"453","Normal/Others","WS/MP18283/2025-2026/238290-Construction of roads, link roads, pathways or any other road with or without drainage system","Odisha","KHORDHA(DISTRICT COLLECTOR KHORDHA_IDA)","Shri Subhasish Khuntia (2024-30) (2024-2030)","Elected MP","Construction of CC road at Champadeipur Harijana Sahi.","26-Sep-2025","900000","07-Feb-2026"
"454","Normal/Others","NA-Construction of roads, link roads, pathways or any other road with or without drainage system","Odisha","KHORDHA(DISTRICT COLLECTOR KHORDHA_IDA)","Shri Manas Ranjan Mangaraj (2022-28) (2022-2028)","Elected MP","Construction of CC road from Bhagban Pradhan house to Muslim Sahi (Nuasahi).","09-Oct-2025","500000","NA"
"455","Normal/Others","WS/MP132/2025-2026/242928-Construction of roads, link roads, pathways or any other road with or without drainage system","Odisha","KHORDHA(DISTRICT COLLECTOR KHORDHA_IDA)","Shri Manas Ranjan Mangaraj (2022-28) (2022-2028)","Elected MP","Construction of CC road from Hari Jena house to Matha Pokhari Road.","18-Oct-2025","500000","26-Feb-2026"
"456","Normal/Others","WS/MP132/2025-2026/242929-Construction of roads, link roads, pathways or any other road with or without drainage system","Odisha","KHORDHA(DISTRICT COLLECTOR KHORDHA_IDA)","Shri Manas Ranjan Mangaraj (2022-28) (2022-2028)","Elected MP","Construction of CC road at Sanhantuada East Side Smasan Road.","18-Oct-2025","500000","26-Feb-2026"
"457","Normal/Others","WS/MP131/2025-2026/243958-Construction of roads, link roads, pathways or any other road with or without drainage system","Odisha","KHORDHA(DISTRICT COLLECTOR KHORDHA_IDA)","Dr. Sasmit Patra (2022-28) (2022-2028)","Elected MP","Construction of CC Road from Jogamaya Temple to Ashok Kandi House, Kaimatia.","25-Oct-2025","400000","22-Dec-2025"
"458","Normal/Others","WS/MP132/2026-2027/266799-Construction of roads, link roads, pathways or any other road with or without drainage system","Odisha","KHORDHA(DISTRICT COLLECTOR KHORDHA_IDA)","Shri Manas Ranjan Mangaraj (2022-28) (2022-2028)","Elected MP","Construction of CC road from Village Pump house to Crematorium house at Dikhitipada.","06-Feb-2026","600000","11-Aug-2026"
"459","Normal/Others","NA-Construction of roads, link roads, pathways or any other road with or without drainage system","Odisha","KHORDHA(DISTRICT COLLECTOR KHORDHA_IDA)","Shri Manas Ranjan Mangaraj (2022-28) (2022-2028)","Elected MP","Construction of CC road from Moramori Harizan Sahi to GP office.","20-Aug-2026","500000","NA"
"460","Repair and Renovation","WS/MP132/2025-2026/194327-Renovation of ponds and lakes","Odisha","KHORDHA(DISTRICT COLLECTOR KHORDHA_IDA)","Shri Manas Ranjan Mangaraj (2022-28) (2022-2028)","Elected MP","Renovation of Bounsa Pokhari near Balipadar crematorium. GP- Galua, Block- Banpur, District- Khordha","25-Apr-2025","600000","26-Feb-2026"
"461","Normal/Others","WS/MP132/2025-2026/245896-Construction of roads, link roads, pathways or any other road with or without drainage system","Odisha","KHORDHA(DISTRICT COLLECTOR KHORDHA_IDA)","Shri Manas Ranjan Mangaraj (2022-28) (2022-2028)","Elected MP","Construction of CC road from Bhaskar Sahu house to Maa Tarini Temple.","04-Nov-2025","500000","01-Jan-2026"
"462","Normal/Others","NA-Construction of roads, link roads, pathways or any other road with or without drainage system","Odisha","KHORDHA(DISTRICT COLLECTOR KHORDHA_IDA)","Shri Manas Ranjan Mangaraj (2022-28) (2022-2028)","Elected MP","Construction of CC road from Okil Baral House to Lokipur Play Ground.","29-Aug-2026","950000","NA"
"463","Normal/Others","WS/MP132/2025-2026/167731-Construction of culverts and bridges","Odisha","KHORDHA(DISTRICT COLLECTOR KHORDHA_IDA)","Shri Manas Ranjan Mangaraj (2022-28) (2022-2028)","Elected MP","Construction of Culvert with Guard Wall in front of Ajay Baliarsingh House.","22-Jan-2025","250000","04-Oct-2025"
"464","Normal/Others","NA-Construction of roads, link roads, pathways or any other road with or without drainage system","Odisha","KHORDHA(DISTRICT COLLECTOR KHORDHA_IDA)","Shri Manas Ranjan Mangaraj (2022-28) (2022-2028)","Elected MP","Construction of CC road from Tulu Pradhan house to Sipuna Sarangi house near Nilakantheswar Mahadev temple.","16-Jul-2026","500000","NA"
"465","Normal/Others","NA-Development of playfields and sports grounds","Odisha","KHORDHA(DISTRICT COLLECTOR KHORDHA_IDA)","Shri Manas Ranjan Mangaraj (2022-28) (2022-2028)","Elected MP","Development of Melan Padia near Balunkeswar Temple at Padanpur village.","20-Aug-2026","500000","NA"
"466","Normal/Others","WS/MP131/2025-2026/193696-Lighting of public spaces","Odisha","KHORDHA(DISTRICT COLLECTOR KHORDHA_IDA)","Dr. Sasmit Patra (2022-28) (2022-2028)","Elected MP","High Mast Solar Light near Maa Rahitangi Temple","23-Apr-2025","150000","22-Aug-2025"
"467","Repair and Renovation","NA-Renovation of ponds and lakes","Odisha","KHORDHA(DISTRICT COLLECTOR KHORDHA_IDA)","Shri Manas Ranjan Mangaraj (2022-28) (2022-2028)","Elected MP","Renovation of Pond near Kapileswar Temple in Dia village.","15-May-2025","500000","NA"
"468","Normal/Others","NA-Development of public parks","Odisha","KHORDHA(DISTRICT COLLECTOR KHORDHA_IDA)","Shri Subhasish Khuntia (2024-30) (2024-2030)","Elected MP","Development of Pragyan Bihar Park at Ward No. 49.","15-Sep-2025","200000","NA"
"469","Normal/Others","NA-Development of playfields and sports grounds","Odisha","KHORDHA(DISTRICT COLLECTOR KHORDHA_IDA)","Shri Manas Ranjan Mangaraj (2022-28) (2022-2028)","Elected MP","Development of Playground at Udaygiri village.","23-Jun-2026","500000","NA"
"470","Normal/Others","NA-Development of playfields and sports grounds","Odisha","KHORDHA(DISTRICT COLLECTOR KHORDHA_IDA)","Shri Manas Ranjan Mangaraj (2022-28) (2022-2028)","Elected MP","Development of Playground inside Bauribandhu Vidyapitha, Jagabandhupur Sasan","16-Jul-2026","700000","NA"
"471","Normal/Others","NA-Construction of community centers and community halls","Odisha","KHORDHA(DISTRICT COLLECTOR KHORDHA_IDA)","Shri Manas Ranjan Mangaraj (2022-28) (2022-2028)","Elected MP","Construction of Community Center in Salapadihi village under Moramori GP of Banpur Block, Dist- Khordha","02-Aug-2024","1000000","NA"
"472","Normal/Others","WS/MP132/2024-2025/133615-Construction of community centers and community halls","Odisha","KHORDHA(DISTRICT COLLECTOR KHORDHA_IDA)","Shri Manas Ranjan Mangaraj (2022-28) (2022-2028)","Elected MP","Construction of Community Center in Mormorsinghapatna village under Tangi Block, Dist- Khurdha","17-Jul-2024","500000","28-Nov-2024"
"473","Normal/Others","WS/MP132/2025-2026/176921-Construction of community centers and community halls","Odisha","KHORDHA(DISTRICT COLLECTOR KHORDHA_IDA)","Shri Manas Ranjan Mangaraj (2022-28) (2022-2028)","Elected MP","Construction of Community Center at Barakul, Aswaripatna, Behera Sahi Ward No 06, GP Barakul, Block Chilika, District Khordha","21-Feb-2025","500000","13-Jun-2025"
"474","Normal/Others","WS/MP132/2026-2027/177412-Construction of community centers and community halls","Odisha","KHORDHA(DISTRICT COLLECTOR KHORDHA_IDA)","Shri Manas Ranjan Mangaraj (2022-28) (2022-2028)","Elected MP","Construction of Community Center in Bhagabanpur Village, Ward No 65, Bhubaneswar municipality corporation.","25-Feb-2025","500000","23-Jun-2026"
"475","Normal/Others","NA-Construction of community centers and community halls","Odisha","KHORDHA(DISTRICT COLLECTOR KHORDHA_IDA)","Dr. Sasmit Patra (2022-28) (2022-2028)","Elected MP","Construction of  community hall near Jatrapadia near Benagadia, GP- Kalyanpur, Bhubaneswar","19-Apr-2025","1000000","NA"
"476","Repair and Renovation","NA-Construction of community centers and community halls","Odisha","KHORDHA(DISTRICT COLLECTOR KHORDHA_IDA)","Shri Manas Ranjan Mangaraj (2022-28) (2022-2028)","Elected MP","Completion of Naligadia Mandapsahi Community Center.","28-Apr-2025","200000","NA"
"477","Normal/Others","NA-Construction of community centers and community halls","Odisha","KHORDHA(DISTRICT COLLECTOR KHORDHA_IDA)","Shri Manas Ranjan Mangaraj (2022-28) (2022-2028)","Elected MP","Construction of Community Center in Chakeisihani Village, Ward No. 5, BHUBANESWAR, DIST- KHORDHA","26-Sep-2024","1000000","NA"
"478","Normal/Others","NA-Construction of community centers and community halls","Odisha","KHORDHA(DISTRICT COLLECTOR KHORDHA_IDA)","Shri Manas Ranjan Mangaraj (2022-28) (2022-2028)","Elected MP","Construction of Community Center in Alisibindha Village, Block: Balipatana, Dist: Khordha","04-Oct-2024","1000000","NA"
"479","Normal/Others","WS/MP132/2024-2025/151584-Construction of community centers and community halls","Odisha","KHORDHA(DISTRICT COLLECTOR KHORDHA_IDA)","Shri Manas Ranjan Mangaraj (2022-28) (2022-2028)","Elected MP","Construction of Biswakarma Community Center at Nachuni village. Village- Nachuni, Block- Banpur, District- Khordha","11-Nov-2024","300000","18-Feb-2025"
"480","Repair and Renovation","WS/MP131/2025-2026/152348-Construction of community centers and community halls","Odisha","KHORDHA(DISTRICT COLLECTOR KHORDHA_IDA)","Dr. Sasmit Patra (2022-28) (2022-2028)","Elected MP","Repair and Renovation of Odisha Kendupatra Karmachari Sangha's Biswanath Bhawan at ND 18 VIP colony, IRC village, Nayapalli, Bhubaneswar 751015","13-Nov-2024","1000000","18-Aug-2025"
"481","Normal/Others","WS/MP132/2024-2025/122711-Construction of community centers and community halls","Odisha","KHORDHA(DISTRICT COLLECTOR KHORDHA_IDA)","Shri Manas Ranjan Mangaraj (2022-28) (2022-2028)","Elected MP","CONSTRUTION OF COMMUNITY CENTRE AT BANPUR NAC WARD NO. 02 FOR CHILIKA EX SERVICEMEN LEAGUE","12-Mar-2024","1000000","14-Feb-2025"
"482","Normal/Others","NA-Construction of community centers and community halls","Odisha","KHORDHA(DISTRICT COLLECTOR KHORDHA_IDA)","Dr. Sasmit Patra (2022-28) (2022-2028)","Elected MP","Construction of BATABRUKSHYA MANDAP COMMUNITY HALL near Daruchuka Pokhari","31-Dec-2023","1000000","NA"
"483","Normal/Others","WS/MP132/2025-2026/228914-Construction of community centers and community halls","Odisha","KHORDHA(DISTRICT COLLECTOR KHORDHA_IDA)","Shri Manas Ranjan Mangaraj (2022-28) (2022-2028)","Elected MP","Completion of Community Center at Kaipadara near Gothapada Hanuman Temple","25-Aug-2025","1000000","17-Mar-2026"
"484","Repair and Renovation","WS/MP132/2025-2026/204389-Construction of community centers and community halls","Odisha","KHORDHA(DISTRICT COLLECTOR KHORDHA_IDA)","Shri Manas Ranjan Mangaraj (2022-28) (2022-2028)","Elected MP","Renovation of Community Center at Darugaon village.","29-May-2025","300000","03-Nov-2025"
"485","Normal/Others","WS/MP132/2025-2026/240880-Construction of community centers and community halls","Odisha","KHORDHA(DISTRICT COLLECTOR KHORDHA_IDA)","Shri Manas Ranjan Mangaraj (2022-28) (2022-2028)","Elected MP","Construction of Community center at Nabinabagh square.","09-Oct-2025","500000","15-Jan-2026"
"486","Normal/Others","WS/MP18283/2025-2026/238288-Construction of community centers and community halls","Odisha","KHORDHA(DISTRICT COLLECTOR KHORDHA_IDA)","Shri Subhasish Khuntia (2024-30) (2024-2030)","Elected MP","Construction of Community Center at Gobindapur.","26-Sep-2025","950000","21-Feb-2026"
"487","Normal/Others","WS/MP131/2025-2026/196053-Construction of community centers and community halls","Odisha","KHORDHA(DISTRICT COLLECTOR KHORDHA_IDA)","Dr. Sasmit Patra (2022-28) (2022-2028)","Elected MP","Construction of Community Centre near Maa Baghei Temple, Ward-5, Kaimatia, Dhaulimuha GP, Dist-Khurda","02-May-2025","300000","01-Aug-2025"
"488","Repair and Renovation","WS/MP132/2026-2027/199800-Construction of community centers and community halls","Odisha","KHORDHA(DISTRICT COLLECTOR KHORDHA_IDA)","Shri Manas Ranjan Mangaraj (2022-28) (2022-2028)","Elected MP","Renovation of Old station bazar community center at Kalpana Flat. Ward No. 45, BMC","15-May-2025","500000","25-Aug-2026"
"489","Repair and Renovation","NA-Construction of community centers and community halls","Odisha","KHORDHA(DISTRICT COLLECTOR KHORDHA_IDA)","Shri Subhasish Khuntia (2024-30) (2024-2030)","Elected MP","Renovation of Trinath Community Center and Mandap, Kalpana Labour Colony.","15-Sep-2025","150000","NA"
"490","Normal/Others","NA-Construction of community centers and community halls","Odisha","KHORDHA(DISTRICT COLLECTOR KHORDHA_IDA)","Shri Subhasish Khuntia (2024-30) (2024-2030)","Elected MP","Construction of Community Hall near Hanuman Temple, Aurobinda Colony.","15-Sep-2025","200000","NA"
"491","Normal/Others","WS/MP131/2023-2024/72527-Construction of roads, link roads, pathways or any other road with or without drainage system","Odisha","KHORDHA(DISTRICT COLLECTOR KHORDHA_IDA)","Dr. Sasmit Patra (2022-28) (2022-2028)","Elected MP","Construction of Road from Durgapurpatana to Puri by-pass (Basuaghai GP)","31-Dec-2023","300000","10-Mar-2024"
"492","Normal/Others","WS/MP131/2023-2024/72528-Construction of roads, link roads, pathways or any other road with or without drainage system","Odisha","KHORDHA(DISTRICT COLLECTOR KHORDHA_IDA)","Dr. Sasmit Patra (2022-28) (2022-2028)","Elected MP","Construction of Road from Kuakhai river right embankment to Kesura village","31-Dec-2023","500000","10-Mar-2024"
"493","Normal/Others","WS/MP131/2023-2024/72529-Construction of roads, link roads, pathways or any other road with or without drainage system","Odisha","KHORDHA(DISTRICT COLLECTOR KHORDHA_IDA)","Dr. Sasmit Patra (2022-28) (2022-2028)","Elected MP","Construction of Road from Koradakanta Mahadev Mandir to Puri by-pass road (Basuaghai GP)","31-Dec-2023","400000","10-Mar-2024"
"494","Normal/Others","WS/MP131/2023-2024/72530-Construction of roads, link roads, pathways or any other road with or without drainage system","Odisha","KHORDHA(DISTRICT COLLECTOR KHORDHA_IDA)","Dr. Sasmit Patra (2022-28) (2022-2028)","Elected MP","Construction of first road from left side to Jagannath Vihar (Lingipur GP)","31-Dec-2023","300000","10-Mar-2024"
"495","Normal/Others","WS/MP131/2023-2024/72531-Construction of roads, link roads, pathways or any other road with or without drainage system","Odisha","KHORDHA(DISTRICT COLLECTOR KHORDHA_IDA)","Dr. Sasmit Patra (2022-28) (2022-2028)","Elected MP","Construction of road from Palaspur village to connecting Mallick Sahi (Tikarapara GP)","31-Dec-2023","300000","10-Mar-2024"
"496","Normal/Others","WS/MP131/2023-2024/72532-Construction of roads, link roads, pathways or any other road with or without drainage system","Odisha","KHORDHA(DISTRICT COLLECTOR KHORDHA_IDA)","Dr. Sasmit Patra (2022-28) (2022-2028)","Elected MP","Construction of road from PWD Road to Shanti Vihar (ward no. 50)","31-Dec-2023","300000","10-Mar-2024"
"497","Normal/Others","WS/MP131/2023-2024/72533-Construction of roads, link roads, pathways or any other road with or without drainage system","Odisha","KHORDHA(DISTRICT COLLECTOR KHORDHA_IDA)","Dr. Sasmit Patra (2022-28) (2022-2028)","Elected MP","Construction of internal road of Mallick Complex (Ward No. 50)","31-Dec-2023","300000","10-Mar-2024"
"498","Normal/Others","WS/MP132/2024-2025/149785-Construction of roads, link roads, pathways or any other road with or without drainage system","Odisha","KHORDHA(DISTRICT COLLECTOR KHORDHA_IDA)","Shri Manas Ranjan Mangaraj (2022-28) (2022-2028)","Elected MP","Construction of Cement Concrete road from Narendrapur PWD road to RWSS Over head water tank end.","29-Oct-2024","425000","28-Nov-2024"
"499","Normal/Others","WS/MP131/2023-2024/72526-Providing drains and gutters for public drainage","Odisha","KHORDHA(DISTRICT COLLECTOR KHORDHA_IDA)","Dr. Sasmit Patra (2022-28) (2022-2028)","Elected MP","Construction of drain from Deepmala road to main drain","31-Dec-2023","300000","10-Mar-2024"
"500","Normal/Others","NA-Construction of public toilets and bathrooms","Odisha","KHORDHA(DISTRICT COLLECTOR KHORDHA_IDA)","Smt. Sulata Deo (2022-28) (2022-2028)","Elected MP","Construction of Toilets for male & female, Residents Association at Durgamadhav Nagar, Sampur, Ward No-22, BMC Bhubaneswar Municipal Corporation","27-Sep-2024","300000","NA"
"501","Normal/Others","NA-Construction of flood control embankments/ protection walls along riverbanks, hilltops, roadsides","Odisha","KHORDHA(DISTRICT COLLECTOR KHORDHA_IDA)","Shri Manas Ranjan Mangaraj (2022-28) (2022-2028)","Elected MP","Construction of Guard Wall (Protection Wall) in the upper steam of the underpass Saila irrigation project near Sai Temple.","28-Jun-2026","950000","NA"
"502","Normal/Others","NA-Purchase of ambulances (Four, three and two wheelers)","Odisha","KHORDHA(DISTRICT COLLECTOR KHORDHA_IDA)","Dr. Sasmit Patra (2022-28) (2022-2028)","Elected MP","Ambulance Model No T1 2.0 AMB 3350 FM2.6CR BS6.2 AC PS ABS TYB from Force Motors for Church of Christ (Union Church), Unit-4, Bhubaneswar - 751001","08-Jul-2026","2406519","NA"
"503","Normal/Others","NA-Purchase of ambulances (Four, three and two wheelers)","Odisha","KHORDHA(DISTRICT COLLECTOR KHORDHA_IDA)","Smt. Sulata Deo (2022-28) (2022-2028)","Elected MP","Purchase of Ambulance for  emergency medicals needs of the people across the out skirts of Bhubaneswar in favor of Samarpita Social Foundation Trust Add: Plot No. 3634/4 Palasuni, Bhubaneswar-25 Distt Khordha, BMC Ward No 18, Vide Regd No. 41081711011, mob: 9583463595, email: teamsamarpita@gmail.com","16-Dec-2023","1000000","NA"
"504","Normal/Others","NA-Construction of rooms and halls in school and colleges","Odisha","KHORDHA(DISTRICT COLLECTOR KHORDHA_IDA)","Dr. Sasmit Patra (2022-28) (2022-2028)","Elected MP","Construction of Boys Hostel at Saraswati Vidya Mandir, Village - Giringaput, GP- Mendhasala","12-May-2026","995000","NA"
"505","Normal/Others","NA-Construction of rooms and halls in school and colleges","Odisha","KHORDHA(DISTRICT COLLECTOR KHORDHA_IDA)","Shri Manas Ranjan Mangaraj (2022-28) (2022-2028)","Elected MP","Construction of Class rooms in Sri Jagannath College.","15-Sep-2025","500000","NA"
"506","Repair and Renovation","NA-Construction of boundary walls of existing public and community buildings","Odisha","KHORDHA(DISTRICT COLLECTOR KHORDHA_IDA)","Shri Manas Ranjan Mangaraj (2022-28) (2022-2028)","Elected MP","Renovation of Boundary wall at Jaripada PHC. Village- Jaripada, GP- Jaripada, Block- Chilika","28-Apr-2025","200000","NA"
"507","Normal/Others","WS/MP132/2025-2026/186028-Construction of rooms and halls in school and colleges","Odisha","KHORDHA(DISTRICT COLLECTOR KHORDHA_IDA)","Shri Manas Ranjan Mangaraj (2022-28) (2022-2028)","Elected MP","Construction of rooms and halls in Maa English Medium School.","24-Mar-2025","950000","04-Oct-2025"
"508","Normal/Others","NA-Construction of rooms and halls in school and colleges","Odisha","KHORDHA(DISTRICT COLLECTOR KHORDHA_IDA)","Dr. Sasmit Patra (2022-28) (2022-2028)","Elected MP","Construction of Auditorium of BJB (Autonomous) College, BJB Nagar, Bhubaneswar (Bhubaneswar Municipal Corporation)","31-Dec-2023","5000000","NA"
"509","Normal/Others","WS/MP131/2024-2025/92627-Construction of rooms and halls in school and colleges","Odisha","KHORDHA(DISTRICT COLLECTOR KHORDHA_IDA)","Dr. Sasmit Patra (2022-28) (2022-2028)","Elected MP","Construction of Teacher's Bhawan in Panchayat Samiti Primary School Campus, Begunia","31-Jan-2024","1000000","29-Aug-2024"
"510","Normal/Others","NA-Construction of rooms and halls in school and colleges","Odisha","KHORDHA(DISTRICT COLLECTOR KHORDHA_IDA)","Dr. Sasmit Patra (2022-28) (2022-2028)","Elected MP","Renovation of Hostel in PN College, Bolagarh","31-Jan-2024","400000","NA"
"511","Normal/Others","NA-Construction of rooms and halls in school and colleges","Odisha","KHORDHA(DISTRICT COLLECTOR KHORDHA_IDA)","Dr. Sasmit Patra (2022-28) (2022-2028)","Elected MP","Construction of two Guest Rooms inside the Hostel Premises of the B.B.C. Govt Vocational Higher Secondary School for the Hearing Impaired, Unit-3, Bhubaneswar","25-Jan-2024","1500000","NA"
"512","Normal/Others","NA-Construction of rooms and halls in school and colleges","Odisha","KHORDHA(DISTRICT COLLECTOR KHORDHA_IDA)","Dr. Sasmit Patra (2022-28) (2022-2028)","Elected MP","Construction of two additional classrooms of the B.B. Govt Vocational Higher Secondary School for the Visually Impaired, Unit-3, Bhubaneswar","26-Jan-2024","1500000","NA"
"513","Normal/Others","WS/MP134/2025-2026/239327-Setting up of laboratories","Odisha","KHORDHA(DISTRICT COLLECTOR KHORDHA_IDA)","Shri Ashwini Vaishnaw (2024-30) (2024-2030)","Elected MP","Setting up of NaMo Semiconductor Laboratory at IIT Bhubaneswar","01-Oct-2025","49500000","03-Feb-2026"
"514","Normal/Others","NA-Purchase of vans and buses for educational institutions","Odisha","KHORDHA(DISTRICT COLLECTOR KHORDHA_IDA)","Dr. Sasmit Patra (2022-28) (2022-2028)","Elected MP","Purchase for a new Bajaj Maxima Wider Disel AUTO for Utkal Handicapped Welfare Organisation, Plot No-786, Sampur Lane No-05, Durgamadhab Nagar, Bharatpur, Bhubaneswar for the Divyang students of Louise Braille School for the Blind and Rajadhani School for the Deaf","14-Jul-2025","362500","NA"
"515","Normal/Others","NA-Construction of rooms and halls in school and colleges","Odisha","KHORDHA(DISTRICT COLLECTOR KHORDHA_IDA)","Shri Manas Ranjan Mangaraj (2022-28) (2022-2028)","Elected MP","Construction of class rooms in Madrasa Islamiya School.","09-Jul-2026","950000","NA"
"516","Normal/Others","NA-Construction of rooms and halls in school and colleges","Odisha","KHORDHA(DISTRICT COLLECTOR KHORDHA_IDA)","Shri Manas Ranjan Mangaraj (2022-28) (2022-2028)","Elected MP","Completion of Primary School building at Punjiama.","28-Jun-2026","400000","NA"
"517","Normal/Others","NA-Construction of buildings for community cultural activities","Odisha","KHORDHA(DISTRICT COLLECTOR KHORDHA_IDA)","Shri Sujeet Kumar (2026-32) (2026-2032)","Elected MP","Development of Kalyan Mandap under Reserve Police Line, Bhubaneswar","18-Aug-2026","1000000","NA"
"518","Normal/Others","NA-Construction of buildings for community cultural activities","Odisha","KHORDHA(DISTRICT COLLECTOR KHORDHA_IDA)","Shri Manas Ranjan Mangaraj (2022-28) (2022-2028)","Elected MP","Construction of Community Center for Cultural Activities at Kundilo Village","20-Aug-2026","500000","NA"
"519","Normal/Others","NA-Construction of additional rooms and halls in the existing public and community building","Odisha","KHORDHA(DISTRICT COLLECTOR KHORDHA_IDA)","Shri Manas Ranjan Mangaraj (2022-28) (2022-2028)","Elected MP","Construction of Additional rooms and Peripheral development of Khurda Club.","14-Jul-2026","500000","NA"
"520","Normal/Others","NA-Construction of additional rooms and halls in the existing public and community building","Odisha","KHORDHA(DISTRICT COLLECTOR KHORDHA_IDA)","Shri Manas Ranjan Mangaraj (2022-28) (2022-2028)","Elected MP","Construction of Additional rooms in Friend Atheletic Association.","23-Jun-2026","950000","NA"
"521","Normal/Others","NA-Construction of additional rooms and halls in the existing public and community building","Odisha","KHORDHA(DISTRICT COLLECTOR KHORDHA_IDA)","Shri Manas Ranjan Mangaraj (2022-28) (2022-2028)","Elected MP","Construction of Rooms and Peripheral Development of District Press Club Khordha.","12-May-2026","500000","NA"
"522","Repair and Renovation","WS/MP132/2025-2026/153900-Construction of additional rooms and halls in the existing public and community building","Odisha","KHORDHA(DISTRICT COLLECTOR KHORDHA_IDA)","Shri Manas Ranjan Mangaraj (2022-28) (2022-2028)","Elected MP","Construction of society house of Sambit Villa residential welfare association, Ghatikia, Ward No. 23, Block: Bhubaneswar, District: Khordha","22-Nov-2024","500000","02-Jun-2025"
"523","Repair and Renovation","WS/MP132/2024-2025/133704-Construction of additional rooms and halls in the existing public and community building","Odisha","KHORDHA(DISTRICT COLLECTOR KHORDHA_IDA)","Shri Manas Ranjan Mangaraj (2022-28) (2022-2028)","Elected MP","Construction of Additional Building and Renovation in Odisha Kendupatra Karmachari Sangha State Office. Regd No. 415, Biswanath Bhawan, VIP Colony, IRC Village, ND- 18, Nayapalli, Bhubaneswar- 751015","19-Jul-2024","1000000","18-Nov-2024"
"524","Normal/Others","NA-Construction of boundary walls of existing public and community buildings","Odisha","KHORDHA(DISTRICT COLLECTOR KHORDHA_IDA)","Shri Subhasish Khuntia (2024-30) (2024-2030)","Elected MP","Completion of boundary wall of Raghunathpur UG UP School","15-Sep-2025","300000","NA"
"525","Normal/Others","WS/MP132/2025-2026/204395-Construction of boundary walls of existing public and community buildings","Odisha","KHORDHA(DISTRICT COLLECTOR KHORDHA_IDA)","Shri Manas Ranjan Mangaraj (2022-28) (2022-2028)","Elected MP","Construction of Protection wall of Kusumi river.","29-May-2025","100000","03-Nov-2025"
"526","Normal/Others","WS/MP132/2025-2026/204396-Construction of boundary walls of existing public and community buildings","Odisha","KHORDHA(DISTRICT COLLECTOR KHORDHA_IDA)","Shri Manas Ranjan Mangaraj (2022-28) (2022-2028)","Elected MP","Construction of Boundary wall of Chandeswar Primary school.","29-May-2025","200000","03-Nov-2025"
"527","Normal/Others","NA-Construction of boundary walls of existing public and community buildings","Odisha","KHORDHA(DISTRICT COLLECTOR KHORDHA_IDA)","Shri Manas Ranjan Mangaraj (2022-28) (2022-2028)","Elected MP","Construction of Boundary wall near Maa Sulia Devi temple at Nachhipur.","16-Jul-2026","500000","NA"
"528","Normal/Others","NA-Construction of boundary walls of existing public and community buildings","Odisha","KHORDHA(DISTRICT COLLECTOR KHORDHA_IDA)","Shri Manas Ranjan Mangaraj (2022-28) (2022-2028)","Elected MP","Construction of Boundary wall near Champtiswar Temple.","09-Jul-2026","500000","NA"
"529","Normal/Others","NA-Construction of boundary walls of existing public and community buildings","Odisha","KHORDHA(DISTRICT COLLECTOR KHORDHA_IDA)","Shri Manas Ranjan Mangaraj (2022-28) (2022-2028)","Elected MP","Construction of boundary wall of Sriguru Ananta Ashram Jatiya Sarbodaya Samiti.","09-Oct-2025","500000","NA"
"530","Normal/Others","WS/MP132/2026-2027/266800-Construction of boundary walls of existing public and community buildings","Odisha","KHORDHA(DISTRICT COLLECTOR KHORDHA_IDA)","Shri Manas Ranjan Mangaraj (2022-28) (2022-2028)","Elected MP","Development and Construction of Boundary of Village Cremation ground at Dikhitipada.","06-Feb-2026","350000","11-Aug-2026"
"531","Normal/Others","NA-Construction of public libraries and reading rooms","Odisha","KHORDHA(DISTRICT COLLECTOR KHORDHA_IDA)","Shri Subhasish Khuntia (2024-30) (2024-2030)","Elected MP","Completion of public reading room near Jageswari Club, Old Town, BBSR","15-Sep-2025","400000","NA"
"532","Normal/Others","WS/MP132/2026-2027/199801-Construction of public libraries and reading rooms","Odisha","KHORDHA(DISTRICT COLLECTOR KHORDHA_IDA)","Shri Manas Ranjan Mangaraj (2022-28) (2022-2028)","Elected MP","Construction of Library near Sarbajanina Durga Puja Samiti, Old Station Bazar, Bhubaneswar","15-May-2025","500000","25-Aug-2026"
"533","Repair and Renovation","NA-Construction of public libraries and reading rooms","Odisha","KHORDHA(DISTRICT COLLECTOR KHORDHA_IDA)","Dr. Sasmit Patra (2022-28) (2022-2028)","Elected MP","Repair and Renovation of KUMAR PATHAGARA, Kumarangasasan, Banapur, Khurda","13-Nov-2024","1000000","NA"
"534","Repair and Renovation","WS/MP131/2025-2026/178631-Crematoriums/energy efficient crematoriums or structures on burial/cremation ground","Odisha","KHORDHA(DISTRICT COLLECTOR KHORDHA_IDA)","Dr. Sasmit Patra (2022-28) (2022-2028)","Elected MP","Renovation of Christian Cemetery in Jatni Town, Khurda district","03-Mar-2025","500000","31-May-2025"
"535","Repair and Renovation","NA-Crematoriums/energy efficient crematoriums or structures on burial/cremation ground","Odisha","KHORDHA(DISTRICT COLLECTOR KHORDHA_IDA)","Shri Subhasish Khuntia (2024-30) (2024-2030)","Elected MP","Renovation of Chulla of Cremation ground at Tala Sahi Ghatikia","15-Sep-2025","300000","NA"
"536","Normal/Others","WS/MP131/2026-2027/271422-Crematoriums/energy efficient crematoriums or structures on burial/cremation ground","Odisha","KHORDHA(DISTRICT COLLECTOR KHORDHA_IDA)","Dr. Sasmit Patra (2022-28) (2022-2028)","Elected MP","Construction of a Pakka Cremation Room at the Cremation ground in Village - Chhiam, GP- Gadamanatira, Block - Begunia","27-Feb-2026","400000","15-May-2026"
"537","Normal/Others","NA-Construction of public libraries and reading rooms","Odisha","KHORDHA(DISTRICT COLLECTOR KHORDHA_IDA)","Shri Manas Ranjan Mangaraj (2022-28) (2022-2028)","Elected MP","Construction of Public Library at Sunakhala.","08-Jan-2026","990000","NA"
"538","Normal/Others","NA-Construction of public libraries and reading rooms","Odisha","KHORDHA(DISTRICT COLLECTOR KHORDHA_IDA)","Smt. Sulata Deo (2022-28) (2022-2028)","Elected MP","Construction of Library room and science laboratory hall in Shri Aurobindo Purnango Sikhyakendra at Gandhipadia, Khorda, Ward No.5","05-Aug-2026","500000","NA"
"539","Repair and Renovation","NA-Construction of community centers and community halls","Odisha","KHORDHA(DISTRICT COLLECTOR KHORDHA_IDA)","Shri Manas Ranjan Mangaraj (2022-28) (2022-2028)","Elected MP","Completion of Community Center at Rampur near Pond at Ward No 10, Balugaon NAC","20-Aug-2026","990000","NA"
"540","Normal/Others","NA-Construction of community centers and community halls","Odisha","KHORDHA(DISTRICT COLLECTOR KHORDHA_IDA)","Shri Manas Ranjan Mangaraj (2022-28) (2022-2028)","Elected MP","Construction of Community Center at Parabala.","23-Jun-2026","950000","NA"
"541","Normal/Others","NA-Construction of community centers and community halls","Odisha","KHORDHA(DISTRICT COLLECTOR KHORDHA_IDA)","Shri Manas Ranjan Mangaraj (2022-28) (2022-2028)","Elected MP","Construction of Community Center at Upparsahi, Basanta","23-Jun-2026","500000","NA"
"542","Normal/Others","WS/MP131/2024-2025/162167-Construction of community centers and community halls","Odisha","KHORDHA(DISTRICT COLLECTOR KHORDHA_IDA)","Dr. Sasmit Patra (2022-28) (2022-2028)","Elected MP","Completion of Community Hall near Jatrapadia at Benagadia, GP- Kalyanpur, Bhubaneswar Block","28-Dec-2024","1000000","27-Feb-2025"
"543","Normal/Others","WS/MP131/2025-2026/243959-Construction of community centers and community halls","Odisha","KHORDHA(DISTRICT COLLECTOR KHORDHA_IDA)","Dr. Sasmit Patra (2022-28) (2022-2028)","Elected MP","Construction of Community Centre near Maa Baghei Temple, Kaimatia.","25-Oct-2025","250000","22-Dec-2025"
"544","Normal/Others","NA-Construction of community centers and community halls","Odisha","KHORDHA(DISTRICT COLLECTOR KHORDHA_IDA)","Shri Manas Ranjan Mangaraj (2022-28) (2022-2028)","Elected MP","Construction of Community Center at Balidihi village.","08-May-2026","500000","NA"
"545","Normal/Others","NA-Construction of community centers and community halls","Odisha","KHORDHA(DISTRICT COLLECTOR KHORDHA_IDA)","Shri Manas Ranjan Mangaraj (2022-28) (2022-2028)","Elected MP","Construction of Community Center at Bhuskapada village.","08-May-2026","500000","NA"
"546","Normal/Others","WS/MP132/2026-2027/279968-Construction of community centers and community halls","Odisha","KHORDHA(DISTRICT COLLECTOR KHORDHA_IDA)","Shri Manas Ranjan Mangaraj (2022-28) (2022-2028)","Elected MP","Construction of Kalyan Mandap at Kansagarh, Salapahadihi.","08-May-2026","950000","21-Jul-2026"
"547","Normal/Others","NA-Construction of community centers and community halls","Odisha","KHORDHA(DISTRICT COLLECTOR KHORDHA_IDA)","Shri Manas Ranjan Mangaraj (2022-28) (2022-2028)","Elected MP","Construction of Kalyan Mandap at Panchupalli GP.","09-Jul-2026","500000","NA"
"548","Normal/Others","NA-Construction of community centers and community halls","Odisha","KHORDHA(DISTRICT COLLECTOR KHORDHA_IDA)","Shri Manas Ranjan Mangaraj (2022-28) (2022-2028)","Elected MP","Construction of Community Center at Ankulapadar.","09-Jul-2026","250000","NA"
"549","Normal/Others","NA-Construction of community centers and community halls","Odisha","KHORDHA(DISTRICT COLLECTOR KHORDHA_IDA)","Shri Manas Ranjan Mangaraj (2022-28) (2022-2028)","Elected MP","Construction of Community Center near Chandrasekhar Temple.","09-Jul-2026","950000","NA"
"550","Normal/Others","WS/MP138/2025-2026/185711-Construction of boundary walls of existing public and community buildings","Odisha","MAYURBHANJ(DISTRICT COLLECTOR MAYURBHANJ_IDA)","Smt. Sulata Deo (2022-28) (2022-2028)","Elected MP","Constrution of gaurd wall at Infornt of road RDS Juinior Mahavidyalaya Kundabai At GP Kundabai under Udala Block Distt Mayurbhanj Executive Agency ITDA Kaptipada Udala","23-Mar-2025","500000","21-Apr-2025"
"551","Normal/Others","WS/MP138/2025-2026/185712-Construction of boundary walls of existing public and community buildings","Odisha","MAYURBHANJ(DISTRICT COLLECTOR MAYURBHANJ_IDA)","Smt. Sulata Deo (2022-28) (2022-2028)","Elected MP","Construction and raising of gaurd wall at Infornt of RDS Degree Mahavidyalaya Kundabai At GP Kundabai under Udala Block Distt Mayurbhanj Executive Agency ITDA Kaptipada Udala","23-Mar-2025","500000","21-Apr-2025"
"552","Normal/Others","WS/MP138/2025-2026/257483-Construction of boundary walls of existing public and community buildings","Odisha","MAYURBHANJ(DISTRICT COLLECTOR MAYURBHANJ_IDA)","Smt. Sulata Deo (2022-28) (2022-2028)","Elected MP","Construction of boundary wall at Ghosda GP Office ward No.5, Executive Agency-B.D.O Karanjia","06-Jan-2026","1000000","11-Feb-2026"
"553","Normal/Others","WS/MP138/2024-2025/170344-Construction of additional rooms and halls in the existing public and community building","Odisha","MAYURBHANJ(DISTRICT COLLECTOR MAYURBHANJ_IDA)","Smt. Sulata Deo (2022-28) (2022-2028)","Elected MP","Repair and Maintenance of SC Pur Primary School At- SC Pur GPSC Pur under Udala Block, DIstt- Mayurbhanj","30-Jan-2025","500000","27-Feb-2025"
"554","Normal/Others","NA-Construction of boundary walls of existing public and community buildings","Odisha","MAYURBHANJ(DISTRICT COLLECTOR MAYURBHANJ_IDA)","Smt. Sulata Deo (2022-28) (2022-2028)","Elected MP","Completion of boundary wall at Ghosada GP office ward No. 05, Executive Agency-BDO Karanjia","15-Jul-2026","1000000","NA"
"555","Normal/Others","WS/MP138/2025-2026/214392-Construction of boundary walls of existing public and community buildings","Odisha","MAYURBHANJ(DISTRICT COLLECTOR MAYURBHANJ_IDA)","Smt. Sulata Deo (2022-28) (2022-2028)","Elected MP","Construction of bounday wall at Potaldhia Primary school at Potaldhia village, GP-Nudadhia Block-Kaptipada, Executive Agency-ITDA Kaptipada Udala","03-Jul-2025","500000","11-Sep-2025"
"556","Normal/Others","WS/MP138/2025-2026/214393-Construction of boundary walls of existing public and community buildings","Odisha","MAYURBHANJ(DISTRICT COLLECTOR MAYURBHANJ_IDA)","Smt. Sulata Deo (2022-28) (2022-2028)","Elected MP","Construction of returning wall from Dangarchua Chaka to Kalo dam botting ghata village-Debala, Block-Kaptipada, Executive Agency-ITDA Kaptipada Udala","03-Jul-2025","500000","12-Aug-2025"
"557","Normal/Others","WS/MP138/2025-2026/214394-Construction of boundary walls of existing public and community buildings","Odisha","MAYURBHANJ(DISTRICT COLLECTOR MAYURBHANJ_IDA)","Smt. Sulata Deo (2022-28) (2022-2028)","Elected MP","Construction of returning wall from Aniruddha Mohanty house to Sarbana Ghati PWD road, Village-Sarbana Ghati hill block 172, GP-Nudadhia Block-Kaptipada, Executive Agency-ITDA Kaptipada Udala","03-Jul-2025","500000","12-Aug-2025"
"558","Normal/Others","WS/MP138/2025-2026/207277-Construction of boundary walls of existing public and community buildings","Odisha","MAYURBHANJ(DISTRICT COLLECTOR MAYURBHANJ_IDA)","Smt. Sulata Deo (2022-28) (2022-2028)","Elected MP","Construction of Protection Wall on SKRM High school to Budhabalang river road of GM Kata Village under Bangriposi Block GP GM Kata Agency Bangriposi Block","07-Jun-2025","200000","24-Sep-2025"
"559","Normal/Others","WS/MP138/2025-2026/253607-Construction of common work sheds/ common covered sitting area","Odisha","MAYURBHANJ(DISTRICT COLLECTOR MAYURBHANJ_IDA)","Smt. Sulata Deo (2022-28) (2022-2028)","Elected MP","Construction of Dinning Shed at Sanakhaladi Sanskrit Vidyalaya At Sanakhaladi Ward No.08","12-Dec-2025","1000000","05-Jan-2026"
"560","Normal/Others","NA-Construction of boundary walls of existing public and community buildings","Odisha","MAYURBHANJ(DISTRICT COLLECTOR MAYURBHANJ_IDA)","Smt. Sulata Deo (2022-28) (2022-2028)","Elected MP","Construction of Guard Wall from R.D.S. College Hostel to Kathakapi Tank at Ward No.5 of Village-Kundabai, GP-Kundabai under Udala Block, Executive Agency-ITDA Kaptipada, Udala","05-Aug-2026","1000000","NA"
"561","Normal/Others","NA-Construction of boundary walls of existing public and community buildings","Odisha","MAYURBHANJ(DISTRICT COLLECTOR MAYURBHANJ_IDA)","Smt. Sulata Deo (2022-28) (2022-2028)","Elected MP","Construction of boundary wall at Ghosada Bali Sahio AWC Ward No 5, Executive Agency BDO Karanjia","31-Aug-2026","1000000","NA"
"562","Repair and Renovation","WS/MP138/2025-2026/185713-Construction of cycle tracks, cycle stand and segregated non-motorized vehicle (NMV) lanes","Odisha","MAYURBHANJ(DISTRICT COLLECTOR MAYURBHANJ_IDA)","Smt. Sulata Deo (2022-28) (2022-2028)","Elected MP","Repair restoration of cycle stand RDS Juinior Mahavidyalaya Kundabai At GP Kundabai under Udala Block Distt Mayurbhanj Executive Agency ITDA Kaptipada Udala","23-Mar-2025","500000","21-Apr-2025"
"563","Normal/Others","NA-Construction of bus-sheds or bus-stops","Odisha","MAYURBHANJ(DISTRICT COLLECTOR MAYURBHANJ_IDA)","Dr. Sasmit Patra (2022-28) (2022-2028)","Elected MP","Construction of Baski Thana Rest Shed Belbaria in Rajaloka GP under Saraskana Block","27-Aug-2026","300000","NA"
"564","Normal/Others","WS/MP138/2025-2026/207272-Construction of boundary walls of existing public and community buildings","Odisha","MAYURBHANJ(DISTRICT COLLECTOR MAYURBHANJ_IDA)","Smt. Sulata Deo (2022-28) (2022-2028)","Elected MP","Construction of Protection wall near Debo Hembram Sahi of Bhaliadahar Village under Bagriposi Block GP Pathuri Agency Bangriposi Block","07-Jun-2025","200000","24-Sep-2025"
"565","Normal/Others","WS/MP138/2025-2026/207273-Construction of boundary walls of existing public and community buildings","Odisha","MAYURBHANJ(DISTRICT COLLECTOR MAYURBHANJ_IDA)","Smt. Sulata Deo (2022-28) (2022-2028)","Elected MP","Construction of Gaurdwall on Smasan Road of Kandalia Village under Bangriposi Block GP Bhuasuni Agency Bangriposi Block","07-Jun-2025","200000","24-Sep-2025"
"566","Normal/Others","WS/MP138/2025-2026/205446-Construction of boundary walls of existing public and community buildings","Odisha","MAYURBHANJ(DISTRICT COLLECTOR MAYURBHANJ_IDA)","Smt. Sulata Deo (2022-28) (2022-2028)","Elected MP","Construction of new guard wall at Bulanbeda Kalaini in between two check dam inside the Kanyaduba Nalla Dhalabani GP Jashipur Block","31-May-2025","400000","31-Jul-2025"
"567","Normal/Others","WS/MP138/2025-2026/205447-Construction of boundary walls of existing public and community buildings","Odisha","MAYURBHANJ(DISTRICT COLLECTOR MAYURBHANJ_IDA)","Smt. Sulata Deo (2022-28) (2022-2028)","Elected MP","Construction of New boundary wall at ASECA Branch office Sundhibila Ramtirtha Jashipur GP Jashipur Block","31-May-2025","200000","31-Jul-2025"
"568","Normal/Others","WS/MP138/2026-2027/286691-Construction of rooms and facilities for hospitals, FWC , PHC Centers and ANM centers","Odisha","MAYURBHANJ(DISTRICT COLLECTOR MAYURBHANJ_IDA)","Smt. Sulata Deo (2022-28) (2022-2028)","Elected MP","Construction of Patient sitting Shed at Sarat PHC at Village-Sarat, Ward No.9, GP-Sarat Block-Kaptipada, Dist.-Mayurbhanj, Work Executive Agency-PA ITDA Kaptipada Udala","18-Jun-2026","1000000","06-Aug-2026"
"569","Repair and Renovation","WS/MP138/2026-2027/253616-Construction of rooms and facilities for hospitals, FWC , PHC Centers and ANM centers","Odisha","MAYURBHANJ(DISTRICT COLLECTOR MAYURBHANJ_IDA)","Smt. Sulata Deo (2022-28) (2022-2028)","Elected MP","Repair and Renovation of Padmapokhari PSH, Vill-Padmapokhri, Ward No.6, GP-Padmapokhari under Kaptipada Block Executing Agency ITDA Kaptipada","12-Dec-2025","500000","13-Jul-2026"
"570","Normal/Others","WS/MP138/2026-2027/286693-Construction of rooms and halls in school and colleges","Odisha","MAYURBHANJ(DISTRICT COLLECTOR MAYURBHANJ_IDA)","Smt. Sulata Deo (2022-28) (2022-2028)","Elected MP","Electrification of class room buildling at RDS Junior Mahavidyalaya, Kundabhai, Ward No.6, under udala block, Dist-Mayurbhanj, Executive Agency-ITDA Kaptipada Udala","18-Jun-2026","500000","23-Jul-2026"
"571","Repair and Renovation","WS/MP138/2026-2027/253617-Construction of rooms and halls in school and colleges","Odisha","MAYURBHANJ(DISTRICT COLLECTOR MAYURBHANJ_IDA)","Smt. Sulata Deo (2022-28) (2022-2028)","Elected MP","Repair and Renovation of Sarat SSD high Scholl Vill-Sarat, Ward No.10 GP-Sarat under Kaptipada Block Executing ITDA Kaptipada","12-Dec-2025","500000","13-Jul-2026"
"572","Normal/Others","WS/MP138/2026-2027/286694-Providing drains and gutters for public drainage","Odisha","MAYURBHANJ(DISTRICT COLLECTOR MAYURBHANJ_IDA)","Smt. Sulata Deo (2022-28) (2022-2028)","Elected MP","Construction of CC drain from Prunachandra Das house to Nityananda Jena house at Village-Badgudugudia, GP-Badgudugudia, Block-Kaptipada, Dist. Mayurbhanj, Work executive agency-PA ITDA Kaptipada Udala,","18-Jun-2026","400000","23-Jul-2026"
"573","Normal/Others","WS/MP138/2026-2027/286696-Providing drains and gutters for public drainage","Odisha","MAYURBHANJ(DISTRICT COLLECTOR MAYURBHANJ_IDA)","Smt. Sulata Deo (2022-28) (2022-2028)","Elected MP","Construction of C.C drain from Pradeep Sahu house to Jatindra Behera house, Ward No.5, Village-Jamadiha, GP-JS Jamadiha under Kaptipada Block, Executive Agency-ITDA Kaptipada","18-Jun-2026","1000000","23-Jul-2026"
"574","Normal/Others","NA-Construction of flood control embankments/ protection walls along riverbanks, hilltops, roadsides","Odisha","MAYURBHANJ(DISTRICT COLLECTOR MAYURBHANJ_IDA)","Smt. Sulata Deo (2022-28) (2022-2028)","Elected MP","Construction of Protection Wall at Asanbani Village road Ward No.11, Executive Agency-BDO Karanjia","15-Jul-2026","700000","NA"
"575","Normal/Others","NA-Construction of flood control embankments/ protection walls along riverbanks, hilltops, roadsides","Odisha","MAYURBHANJ(DISTRICT COLLECTOR MAYURBHANJ_IDA)","Smt. Sulata Deo (2022-28) (2022-2028)","Elected MP","Construction of protection wall at Halpur to Ghagarda Ward No.4, Executive Agency-BDO Karanjia","15-Jul-2026","700000","NA"
"576","Normal/Others","NA-Construction of flood control embankments/ protection walls along riverbanks, hilltops, roadsides","Odisha","MAYURBHANJ(DISTRICT COLLECTOR MAYURBHANJ_IDA)","Smt. Sulata Deo (2022-28) (2022-2028)","Elected MP","Construction of Protection wall at Tentulikhunti Jungal Road Ward No.04, Executive Agency-BDO Karanjia","15-Jul-2026","700000","NA"
"577","Normal/Others","NA-Construction of flood control embankments/ protection walls along riverbanks, hilltops, roadsides","Odisha","MAYURBHANJ(DISTRICT COLLECTOR MAYURBHANJ_IDA)","Smt. Sulata Deo (2022-28) (2022-2028)","Elected MP","Construction of protection wall at Ghosada Bali Sahi road, Ward No.05, Executive Agency-BDO Karanjia","15-Jul-2026","700000","NA"
"578","Normal/Others","WS/MP138/2025-2026/190463-Construction of public irrigation facilities","Odisha","MAYURBHANJ(DISTRICT COLLECTOR MAYURBHANJ_IDA)","Smt. Sulata Deo (2022-28) (2022-2028)","Elected MP","Construction of CC Drain with cover Slab end side development near Ganesh Temple in ward no- 5 under Udala NAC Udala Executive Agency ITDA Kaptipada Udala Distt Mayurbhanj","10-Apr-2025","500000","20-Sep-2025"
"579","Normal/Others","NA-Construction of public toilets and bathrooms","Odisha","MAYURBHANJ(DISTRICT COLLECTOR MAYURBHANJ_IDA)","Smt. Sulata Deo (2022-28) (2022-2028)","Elected MP","Construction of Bathing Ghat at Budhabalanga River near Kutasuni Thakurani at Hatimada Arapata Badashai Block Village Hatimada Arapata GP Madhapur ITDA Baripada","29-May-2025","300000","NA"
"580","Normal/Others","WS/MP138/2025-2026/203489-Construction of water tanks","Odisha","MAYURBHANJ(DISTRICT COLLECTOR MAYURBHANJ_IDA)","Smt. Sulata Deo (2022-28) (2022-2028)","Elected MP","Renovation of Tank at Ghosada Bagdofa GP Block Ghosada Karanjia Panch Pir Sub Division Executive Agency Karanjia","26-May-2025","800000","12-Jun-2025"
"581","Normal/Others","WS/MP138/2025-2026/253605-Construction of public irrigation facilities","Odisha","MAYURBHANJ(DISTRICT COLLECTOR MAYURBHANJ_IDA)","Smt. Sulata Deo (2022-28) (2022-2028)","Elected MP","Construction of drainage system from Surendra Jena house to Dilip jena farm at dandghat ward NO.9, GP Badakhaladi Block Kaptipada","12-Dec-2025","1000000","05-Jan-2026"
"582","Normal/Others","WS/MP138/2025-2026/214928-Construction of public irrigation facilities","Odisha","MAYURBHANJ(DISTRICT COLLECTOR MAYURBHANJ_IDA)","Smt. Sulata Deo (2022-28) (2022-2028)","Elected MP","Construction of CC Well Pindi and Water Supply and sanitary fittings of ASECA building in Ward No 12 under Udala NAC GP Udala NAC Block Udala NAC Executinf Agency Executive Officer Udala NAC","05-Jul-2025","400000","31-Jul-2025"
"583","Normal/Others","WS/MP138/2025-2026/207287-Construction of community centers and community halls","Odisha","MAYURBHANJ(DISTRICT COLLECTOR MAYURBHANJ_IDA)","Smt. Sulata Deo (2022-28) (2022-2028)","Elected MP","Restoration and development of community center of Bidubagan in Ward No 12 under Udala NAC GP Udala NAC Block Udala Executing Agency Executive Officer Udala NAC","07-Jun-2025","400000","14-Jul-2025"
"584","Normal/Others","WS/MP138/2025-2026/207284-Construction of community centers and community halls","Odisha","MAYURBHANJ(DISTRICT COLLECTOR MAYURBHANJ_IDA)","Smt. Sulata Deo (2022-28) (2022-2028)","Elected MP","Construction of Community hall near Tarini Mandir at Kuarn pal GP Badasingaria Ward No 06 Block Udala Executing Agency ITDA Kaptipada Udala","07-Jun-2025","500000","12-Aug-2025"
"585","Normal/Others","WS/MP138/2025-2026/213753-Construction of community centers and community halls","Odisha","MAYURBHANJ(DISTRICT COLLECTOR MAYURBHANJ_IDA)","Smt. Sulata Deo (2022-28) (2022-2028)","Elected MP","Construction of community hall near radha ballav temple village paikjugpura baisinga panchayat, block betnoti executing agency ITDA baripada","30-Jun-2025","750000","04-Nov-2025"
"586","Normal/Others","NA-Lighting of public spaces","Odisha","MAYURBHANJ(DISTRICT COLLECTOR MAYURBHANJ_IDA)","Smt. Sulata Deo (2022-28) (2022-2028)","Elected MP","Installation of Mini-High Max Solar LED light at Chitraposi Puranasahi near Hanuman Mandir, Executive Agency-BDO Karanjia","15-Jul-2026","200000","NA"
"587","Normal/Others","NA-Lighting of public spaces","Odisha","MAYURBHANJ(DISTRICT COLLECTOR MAYURBHANJ_IDA)","Smt. Sulata Deo (2022-28) (2022-2028)","Elected MP","nstallation of Mini-High Max Solar LED light at Sandeuli Village near Kabi house, Executive Agency-BDO Karanjia","15-Jul-2026","200000","NA"
"588","Normal/Others","NA-Lighting of public spaces","Odisha","MAYURBHANJ(DISTRICT COLLECTOR MAYURBHANJ_IDA)","Smt. Sulata Deo (2022-28) (2022-2028)","Elected MP","Installation of Mini-High Max Solar LED light at Mota Village near Shiva Mandir, Executive Agency-BDO Karanjia","15-Jul-2026","200000","NA"
"589","Normal/Others","NA-Lighting of public spaces","Odisha","MAYURBHANJ(DISTRICT COLLECTOR MAYURBHANJ_IDA)","Smt. Sulata Deo (2022-28) (2022-2028)","Elected MP","nstallation of Mini-High Max Solar LED light at  Kathakaranjia near Shiva Mandir, Executive Agency-BDO Karanjia","15-Jul-2026","200000","NA"
"590","Normal/Others","NA-Lighting of public spaces","Odisha","MAYURBHANJ(DISTRICT COLLECTOR MAYURBHANJ_IDA)","Smt. Sulata Deo (2022-28) (2022-2028)","Elected MP","Installation of Mini-High Max Solar LED light at Jarali near Jagganath Mandir, Executive Agency-BDO Karanjia","15-Jul-2026","200000","NA"
"591","Normal/Others","NA-Lighting of public spaces","Odisha","MAYURBHANJ(DISTRICT COLLECTOR MAYURBHANJ_IDA)","Smt. Sulata Deo (2022-28) (2022-2028)","Elected MP","Installation of Mini-High Max Solar LED light at Dumuria village near pala mandap, Executive Agency-BDO Karanjia","15-Jul-2026","200000","NA"
"592","Normal/Others","NA-Lighting of public spaces","Odisha","MAYURBHANJ(DISTRICT COLLECTOR MAYURBHANJ_IDA)","Smt. Sulata Deo (2022-28) (2022-2028)","Elected MP","Installation of Mini-High Max Solar LED light at Saradha Village near Badamsala  Executive Agency-BDO Karanjia","15-Jul-2026","200000","NA"
"593","Normal/Others","NA-Lighting of public spaces","Odisha","MAYURBHANJ(DISTRICT COLLECTOR MAYURBHANJ_IDA)","Smt. Sulata Deo (2022-28) (2022-2028)","Elected MP","Installation of Mini-High Max Solar LED light at Gidhibas ChhakExecutive Agency-BDO Karanjia","15-Jul-2026","200000","NA"
"594","Normal/Others","NA-Lighting of public spaces","Odisha","MAYURBHANJ(DISTRICT COLLECTOR MAYURBHANJ_IDA)","Smt. Sulata Deo (2022-28) (2022-2028)","Elected MP","Installation of Mini-High Max Solar LED light at Batgoudgaon Chhak, Executive Agency-BDO Karanjia","15-Jul-2026","200000","NA"
"595","Normal/Others","NA-Lighting of public spaces","Odisha","MAYURBHANJ(DISTRICT COLLECTOR MAYURBHANJ_IDA)","Smt. Sulata Deo (2022-28) (2022-2028)","Elected MP","Installation of Mini-High Max Solar LED light at Ghosada Village,  Executive Agency-BDO Karanjia","15-Jul-2026","200000","NA"
"596","Normal/Others","WS/MP134/2025-2026/232164-Development of public parks","Odisha","MAYURBHANJ(DISTRICT COLLECTOR MAYURBHANJ_IDA)","Shri Ashwini Vaishnaw (2024-30) (2024-2030)","Elected MP","Construction of Public park and Urban Green Zone near Khadkhai River, Rairangpur.","08-Sep-2025","11100000","19-Mar-2026"
"597","Normal/Others","WS/MP138/2025-2026/207276-Development of playfields and sports grounds","Odisha","MAYURBHANJ(DISTRICT COLLECTOR MAYURBHANJ_IDA)","Smt. Sulata Deo (2022-28) (2022-2028)","Elected MP","Improvement of Kandalia Play field of Kandalia Village under Bangriposi Block GP Bhusani Agency Bangriposi Block","07-Jun-2025","300000","24-Sep-2025"
"598","Normal/Others","WS/MP138/2024-2025/170462-Construction of road under bridge","Odisha","MAYURBHANJ(DISTRICT COLLECTOR MAYURBHANJ_IDA)","Smt. Sulata Deo (2022-28) (2022-2028)","Elected MP","Repair Restoration of CC Road from Laxinarayan High School to bhaskar Behera House ward no-7 Village Asonbani GP- Pingu Block- Kaptipada","30-Jan-2025","500000","27-Feb-2025"
"599","Normal/Others","WS/MP138/2025-2026/257486-Street lights","Odisha","MAYURBHANJ(DISTRICT COLLECTOR MAYURBHANJ_IDA)","Smt. Sulata Deo (2022-28) (2022-2028)","Elected MP","Installation of Solar street light at Kundabai village, Ward No.5, G.P. Kundabai, Block-Udala, Executive Agency-ITDA-Kaptipada","06-Jan-2026","1000000","11-Feb-2026"
"600","Normal/Others","NA-Construction of roads, link roads, pathways or any other road with or without drainage system","Odisha","MAYURBHANJ(DISTRICT COLLECTOR MAYURBHANJ_IDA)","Dr. Sasmit Patra (2022-28) (2022-2028)","Elected MP","Construction of CC road from Bijatala Uparsahi Nayak House toward Karanj Bandha at Village Bijatala, Bijatala GP, Block Bijatala, Mayurbhanj","27-Aug-2026","400000","NA"
"601","Normal/Others","NA-Construction of roads, link roads, pathways or any other road with or without drainage system","Odisha","MAYURBHANJ(DISTRICT COLLECTOR MAYURBHANJ_IDA)","Dr. Sasmit Patra (2022-28) (2022-2028)","Elected MP","Construction of Guardwall with CC Road works at Ambabeda Uparsahi to Kendua Road of Manikpur GP, Block Bijatala, Mayurbhanj","27-Aug-2026","300000","NA"
"602","Normal/Others","NA-Construction of roads, link roads, pathways or any other road with or without drainage system","Odisha","MAYURBHANJ(DISTRICT COLLECTOR MAYURBHANJ_IDA)","Dr. Sasmit Patra (2022-28) (2022-2028)","Elected MP","Construction of Protection wall with approach road from Rabindra Baskey house to Jitray Hansdah house at Kasiabeda village in Joka GP under Saraskana Block","27-Aug-2026","500000","NA"
"603","Normal/Others","NA-Construction of roads, link roads, pathways or any other road with or without drainage system","Odisha","MAYURBHANJ(DISTRICT COLLECTOR MAYURBHANJ_IDA)","Dr. Sasmit Patra (2022-28) (2022-2028)","Elected MP","Construction of Protection wall with approach road at Bansahi Digarisole village in Joka GP under Saraskana Block","27-Aug-2026","500000","NA"
"604","Normal/Others","NA-Construction of roads, link roads, pathways or any other road with or without drainage system","Odisha","MAYURBHANJ(DISTRICT COLLECTOR MAYURBHANJ_IDA)","Smt. Sulata Deo (2022-28) (2022-2028)","Elected MP","Depression filling of C.C. road with retaining wall from Kundabai N.M. Centre to Kuna Giri House at Ward No.5 of village Kundabai, GP-Kundabai under Udala Block, Executive Agency-ITDA Kaptipada, Udala","05-Aug-2026","1000000","NA"
"605","Normal/Others","NA-Construction of roads, link roads, pathways or any other road with or without drainage system","Odisha","MAYURBHANJ(DISTRICT COLLECTOR MAYURBHANJ_IDA)","Smt. Sulata Deo (2022-28) (2022-2028)","Elected MP","Construction of CC road with Guardwall from Anu Mohanty house to Laxman Marandi land at Parabhadahi (Narasingbeda) GP- Nudadiha under Kaptipada Block, PA ITDA, Kaptipada, Udala","05-Aug-2026","1000000","NA"
"606","Normal/Others","NA-Construction of roads, link roads, pathways or any other road with or without drainage system","Odisha","MAYURBHANJ(DISTRICT COLLECTOR MAYURBHANJ_IDA)","Smt. Sulata Deo (2022-28) (2022-2028)","Elected MP","Construction of CC road with Guardwall from Narendra Daleiland to Kalo Main canel bridge, at-Nudadiha, Ward No.7, GP-Nudadiha under kaptipada Block, PA ITDA, Kaptipada, Udala","05-Aug-2026","1000000","NA"
"607","Normal/Others","NA-Construction of roads, link roads, pathways or any other road with or without drainage system","Odisha","MAYURBHANJ(DISTRICT COLLECTOR MAYURBHANJ_IDA)","Smt. Sulata Deo (2022-28) (2022-2028)","Elected MP","Depression filling of C.C. road at Boda Sahi Road of Padmapokhari at Ward No.4, GP-Padmapokhari under kaptipada Block, Kaptipada Executive Agency-ITDA Kaptipada, Udala","05-Aug-2026","1000000","NA"
"608","Normal/Others","WS/MP138/2025-2026/257484-Construction of culverts and bridges","Odisha","MAYURBHANJ(DISTRICT COLLECTOR MAYURBHANJ_IDA)","Smt. Sulata Deo (2022-28) (2022-2028)","Elected MP","Construction of Culvert and Protection wall at Mahadevdeuli Shiva Mandira Road, Ward No.1, Executive Agency-B.D.O. Karanjia","06-Jan-2026","1000000","11-Feb-2026"
"609","Normal/Others","WS/MP138/2025-2026/257485-Construction of culverts and bridges","Odisha","MAYURBHANJ(DISTRICT COLLECTOR MAYURBHANJ_IDA)","Smt. Sulata Deo (2022-28) (2022-2028)","Elected MP","Construction of Culvert and Protection wall at Mahadevdeuli village road, Ward No.1, Executive Agency-B.D.O. Karanjia","06-Jan-2026","1000000","11-Feb-2026"
"610","Normal/Others","NA-Construction of culverts and bridges","Odisha","MAYURBHANJ(DISTRICT COLLECTOR MAYURBHANJ_IDA)","Smt. Sulata Deo (2022-28) (2022-2028)","Elected MP","Construciton of calvert and guard wall at pingu PWD road boilar farm road, Ward No.07, Executive Agency-B.D.O, Karanjia","15-Jul-2026","1000000","NA"
"611","Normal/Others","WS/MP138/2025-2026/253606-Construction of roads, link roads, pathways or any other road with or without drainage system","Odisha","MAYURBHANJ(DISTRICT COLLECTOR MAYURBHANJ_IDA)","Smt. Sulata Deo (2022-28) (2022-2028)","Elected MP","Construction of CC road from RD road to Jena Sahi at village Sanakhaladi GP Badakhaladi Ward No.9","12-Dec-2025","1000000","05-Jan-2026"
"612","Normal/Others","WS/MP138/2025-2026/253604-Construction of roads, link roads, pathways or any other road with or without drainage system","Odisha","MAYURBHANJ(DISTRICT COLLECTOR MAYURBHANJ_IDA)","Smt. Sulata Deo (2022-28) (2022-2028)","Elected MP","Depression filling of CC road from Asanbani Kalo main Canal to Asanbani Village road, Ward No.7, at Asanbani under Pingu GP, Kaptipada Blick","12-Dec-2025","1000000","05-Jan-2026"
"613","Normal/Others","WS/MP138/2025-2026/257487-Construction of roads, link roads, pathways or any other road with or without drainage system","Odisha","MAYURBHANJ(DISTRICT COLLECTOR MAYURBHANJ_IDA)","Smt. Sulata Deo (2022-28) (2022-2028)","Elected MP","Construction of returning wall with CC road at Salabani, Village-Kundabai, GP-Kundabai, Block-Udala, Executive Agency-ITDA-Kaptipada Udala","06-Jan-2026","1000000","11-Feb-2026"
"614","Normal/Others","WS/MP138/2025-2026/257489-Construction of roads, link roads, pathways or any other road with or without drainage system","Odisha","MAYURBHANJ(DISTRICT COLLECTOR MAYURBHANJ_IDA)","Smt. Sulata Deo (2022-28) (2022-2028)","Elected MP","Construction of CC road with returning wall from VS centre to Naik Sahi, Village-Kundabai, GP-Kundabai, Block-Udala","06-Jan-2026","965957","11-Feb-2026"
"615","Normal/Others","WS/MP138/2026-2027/286692-Construction of roads, link roads, pathways or any other road with or without drainage system","Odisha","MAYURBHANJ(DISTRICT COLLECTOR MAYURBHANJ_IDA)","Smt. Sulata Deo (2022-28) (2022-2028)","Elected MP","Depression filling of C. C. Road from RD road to Harijana Sahi at Chuinposi, Ward No.11, under Pingu G.P. Kaptipada Block, Executive Agency-ITDA Kaptipada-Udala","18-Jun-2026","1000000","06-Aug-2026"
"616","Normal/Others","NA-Construction of roads, link roads, pathways or any other road with or without drainage system","Odisha","MAYURBHANJ(DISTRICT COLLECTOR MAYURBHANJ_IDA)","Smt. Sulata Deo (2022-28) (2022-2028)","Elected MP","Construction of CC road with guardwall from Pachu Mankidia house to Nira Mankidia house at Mankidia Colony, GP-JS Jamudiha under Kaptipada Block, Executive Agency-PA ITDA, Kaptipada, Udala","15-Jul-2026","1000000","NA"
"617","Normal/Others","NA-Construction of roads, link roads, pathways or any other road with or without drainage system","Odisha","MAYURBHANJ(DISTRICT COLLECTOR MAYURBHANJ_IDA)","Smt. Sulata Deo (2022-28) (2022-2028)","Elected MP","Construction of CC road with Guardwall from Manhara Mankidia house to Kutu Mankidia house at Mankidia colony GP- JS Jamudiha under Kaptipada Block","15-Jul-2026","1000000","NA"
"618","Normal/Others","WS/MP138/2025-2026/214441-Construction of roads, link roads, pathways or any other road with or without drainage system","Odisha","MAYURBHANJ(DISTRICT COLLECTOR MAYURBHANJ_IDA)","Smt. Sulata Deo (2022-28) (2022-2028)","Elected MP","Construction of CC Road from Chandi Charan Pradhan House to Habal Ch. Basuri House at Jharpokharia GP Jharpokharia Saraskana Block under Baripada ITDA","05-Jul-2025","250000","18-Mar-2026"
"619","Repair and Renovation","WS/MP138/2025-2026/214926-Construction of roads, link roads, pathways or any other road with or without drainage system","Odisha","MAYURBHANJ(DISTRICT COLLECTOR MAYURBHANJ_IDA)","Smt. Sulata Deo (2022-28) (2022-2028)","Elected MP","Repairing of Road from Gananath Nayak House to Bijaya Mohanty House at Nudadiha Ward No 8 GP Name Nudadiha Block Kaptipada Executing Agency ITDA Kaptipada Udala","05-Jul-2025","300000","12-Aug-2025"
"620","Normal/Others","WS/MP138/2025-2026/214927-Construction of roads, link roads, pathways or any other road with or without drainage system","Odisha","MAYURBHANJ(DISTRICT COLLECTOR MAYURBHANJ_IDA)","Smt. Sulata Deo (2022-28) (2022-2028)","Elected MP","Construction of CC Road from Lada Murmu House to Bino House in Ward no 12 under NAC GP Udala NAC Block Udala NAC Executing Agency ITDA Kaptipada Udala","05-Jul-2025","200000","12-Aug-2025"
"621","Normal/Others","WS/MP138/2025-2026/217100-Construction of roads, link roads, pathways or any other road with or without drainage system","Odisha","MAYURBHANJ(DISTRICT COLLECTOR MAYURBHANJ_IDA)","Smt. Sulata Deo (2022-28) (2022-2028)","Elected MP","Construction of CC road from Manoharpur AWC to Rajesh sethi House, Village-Manoharpur, ward-13, pokharia panchayat Block-Saraskana, Executive Agency-ITDA Baripada","11-Jul-2025","250000","16-Dec-2025"
"622","Normal/Others","WS/MP138/2025-2026/217101-Construction of roads, link roads, pathways or any other road with or without drainage system","Odisha","MAYURBHANJ(DISTRICT COLLECTOR MAYURBHANJ_IDA)","Smt. Sulata Deo (2022-28) (2022-2028)","Elected MP","Construction of CC road, Ghanoshyam kar house to Abani Pradhan house at Ghiajodi, Ward-11, Jharpokharia Panchayat Executive Agency-ITDA Baripada","11-Jul-2025","200000","24-Mar-2026"
"623","Normal/Others","WS/MP138/2024-2025/160611-Construction of roads, link roads, pathways or any other road with or without drainage system","Odisha","MAYURBHANJ(DISTRICT COLLECTOR MAYURBHANJ_IDA)","Smt. Sulata Deo (2022-28) (2022-2028)","Elected MP","Construction of CC Road with returing wall from Adikanda Hosue to Rabana House Village Kundabai (ITDA-Kaptipada) Gp- Kundabai Ward No-5 under Udala Block Distt Mayurbanj","21-Dec-2024","500000","15-Feb-2025"
"624","Normal/Others","WS/MP138/2025-2026/205448-Construction of roads, link roads, pathways or any other road with or without drainage system","Odisha","MAYURBHANJ(DISTRICT COLLECTOR MAYURBHANJ_IDA)","Smt. Sulata Deo (2022-28) (2022-2028)","Elected MP","Construction of new CC Road towards river at Bhandariposi Jamda Sahi GP Jashipur Block","31-May-2025","250000","31-Jul-2025"
"625","Normal/Others","WS/MP138/2025-2026/205449-Construction of roads, link roads, pathways or any other road with or without drainage system","Odisha","MAYURBHANJ(DISTRICT COLLECTOR MAYURBHANJ_IDA)","Smt. Sulata Deo (2022-28) (2022-2028)","Elected MP","Construction of new CC Road at Naupana Chandasahi from Dhudabania Pokhari to Raruan RD Road Sukruli GP Sukruli Block","31-May-2025","250000","21-Aug-2025"
"626","Normal/Others","WS/MP138/2025-2026/205450-Construction of roads, link roads, pathways or any other road with or without drainage system","Odisha","MAYURBHANJ(DISTRICT COLLECTOR MAYURBHANJ_IDA)","Smt. Sulata Deo (2022-28) (2022-2028)","Elected MP","Construction of new CC Road at Tangla Chaturisahi From PWD Road to Prasanta Mahakud house Jhadgusda GP Sukruli Block","31-May-2025","200000","21-Aug-2025"
"627","Normal/Others","WS/MP138/2025-2026/205451-Construction of roads, link roads, pathways or any other road with or without drainage system","Odisha","MAYURBHANJ(DISTRICT COLLECTOR MAYURBHANJ_IDA)","Smt. Sulata Deo (2022-28) (2022-2028)","Elected MP","Construction of new CC Road at Burudi from Gandhi House to Village end Dhangdimuta GP of Kusumi Block","31-May-2025","200000","07-Aug-2025"
"628","Normal/Others","WS/MP138/2025-2026/205452-Construction of roads, link roads, pathways or any other road with or without drainage system","Odisha","MAYURBHANJ(DISTRICT COLLECTOR MAYURBHANJ_IDA)","Smt. Sulata Deo (2022-28) (2022-2028)","Elected MP","Construction of new CC Road at Badampahar from Prajapati House to Nasima Khatun House Dhangdimuta GP Kusumi Block","31-May-2025","250000","07-Aug-2025"
"629","Normal/Others","WS/MP138/2025-2026/205453-Construction of roads, link roads, pathways or any other road with or without drainage system","Odisha","MAYURBHANJ(DISTRICT COLLECTOR MAYURBHANJ_IDA)","Smt. Sulata Deo (2022-28) (2022-2028)","Elected MP","Construction of new CC Road at Raruan Tota Sahi from Biju Mohanta House to Sudam Mohanta house Raruan GP Raruan Block","31-May-2025","250000","07-Aug-2025"
"630","Normal/Others","WS/MP138/2025-2026/207270-Construction of roads, link roads, pathways or any other road with or without drainage system","Odisha","MAYURBHANJ(DISTRICT COLLECTOR MAYURBHANJ_IDA)","Smt. Sulata Deo (2022-28) (2022-2028)","Elected MP","Improvement of Road from RD Road to Kandalia Smasan Ghat of Kandalia Village under Bangriposi GP Bhuasuni Agency Bangriposi Block","07-Jun-2025","200000","24-Sep-2025"
"631","Normal/Others","WS/MP138/2025-2026/207271-Construction of roads, link roads, pathways or any other road with or without drainage system","Odisha","MAYURBHANJ(DISTRICT COLLECTOR MAYURBHANJ_IDA)","Smt. Sulata Deo (2022-28) (2022-2028)","Elected MP","Construction of Guardwall from GM Kata GP office to Balighat Road of GM Kata Village under Bangriposi Block GP GM Kata Agency Bangriposi Block","07-Jun-2025","200000","24-Sep-2025"
"632","Repair and Renovation","WS/MP138/2025-2026/207274-Construction of roads, link roads, pathways or any other road with or without drainage system","Odisha","MAYURBHANJ(DISTRICT COLLECTOR MAYURBHANJ_IDA)","Smt. Sulata Deo (2022-28) (2022-2028)","Elected MP","Repair Renovation of CC Road at Pathuri Bandhasahi of Pathuri Village under Bangriposi Block GP Pathuri Agency Bangriposi Block","07-Jun-2025","200000","24-Sep-2025"
"633","Normal/Others","WS/MP138/2025-2026/207275-Construction of roads, link roads, pathways or any other road with or without drainage system","Odisha","MAYURBHANJ(DISTRICT COLLECTOR MAYURBHANJ_IDA)","Smt. Sulata Deo (2022-28) (2022-2028)","Elected MP","Improvement of Road from MDR 45 to Simileswar Temple of Simila Village under Bangriposi Block GP Bhuasuni Agency Bangriposi Block","07-Jun-2025","300000","24-Sep-2025"
"634","Normal/Others","WS/MP138/2025-2026/207285-Construction of roads, link roads, pathways or any other road with or without drainage system","Odisha","MAYURBHANJ(DISTRICT COLLECTOR MAYURBHANJ_IDA)","Smt. Sulata Deo (2022-28) (2022-2028)","Elected MP","Construction of CC Road from Bimai Nayak house to Majhi Sahi road at Badkhaladi Ward No 04 GP Badakhaladi  GP Badakhaladi Block Kaptipada Executing Agency ITDA Kaptipada Udala","07-Jun-2025","200000","14-Jul-2025"
"635","Normal/Others","WS/MP138/2025-2026/213751-Construction of roads, link roads, pathways or any other road with or without drainage system","Odisha","MAYURBHANJ(DISTRICT COLLECTOR MAYURBHANJ_IDA)","Smt. Sulata Deo (2022-28) (2022-2028)","Elected MP","Construction of CC Road from Hamata Behera House to Abhi Senapati House in WNO 4 of Udala NAC Mayurbhaj Executing Agency Udala NAC","30-Jun-2025","1000000","14-Jul-2025"
"636","Normal/Others","WS/MP138/2025-2026/213752-Construction of roads, link roads, pathways or any other road with or without drainage system","Odisha","MAYURBHANJ(DISTRICT COLLECTOR MAYURBHANJ_IDA)","Smt. Sulata Deo (2022-28) (2022-2028)","Elected MP","Construction of CC Road from PWD road to Pradeep Parida House via BR Panda House in WNO 06 of Udala NAC Mayurbhaj Executing Agency Udala NAC","30-Jun-2025","1000000","14-Jul-2025"
"637","Normal/Others","WS/MP138/2025-2026/210974-Construction of roads, link roads, pathways or any other road with or without drainage system","Odisha","MAYURBHANJ(DISTRICT COLLECTOR MAYURBHANJ_IDA)","Smt. Sulata Deo (2022-28) (2022-2028)","Elected MP","Depression filing and wearing coat of CC Road from Dahisahi to Kantiali at Dahisahi Ward No 7 Village Badjunupal GPJS Jamadiha under Kaptipada Block Executive Agency ITDA Kaptipada Dist Mayurbhanj","21-Jun-2025","1000000","28-Jul-2025"
"638","Normal/Others","WS/MP138/2025-2026/210975-Construction of roads, link roads, pathways or any other road with or without drainage system","Odisha","MAYURBHANJ(DISTRICT COLLECTOR MAYURBHANJ_IDA)","Smt. Sulata Deo (2022-28) (2022-2028)","Elected MP","Depression filling and wearing coat of CC Road with guard wall from PWD Road to Jiban Barik House of Village Jayantipatta Ward No 6 GP JS Jamadiha under Kaptipada Distt Mayurbhanj Executive Agency ITDA Kaptipada","21-Jun-2025","1000000","28-Jul-2025"
"639","Normal/Others","WS/MP138/2025-2026/210976-Construction of roads, link roads, pathways or any other road with or without drainage system","Odisha","MAYURBHANJ(DISTRICT COLLECTOR MAYURBHANJ_IDA)","Smt. Sulata Deo (2022-28) (2022-2028)","Elected MP","Depression filling and wearing coat of CC Road from PWD Road to Udala RI Office Ward No 1 Udala Executive Agency NAC Udala","21-Jun-2025","1000000","14-Jul-2025"
"640","Normal/Others","WS/MP138/2025-2026/211084-Construction of roads, link roads, pathways or any other road with or without drainage system","Odisha","MAYURBHANJ(DISTRICT COLLECTOR MAYURBHANJ_IDA)","Smt. Sulata Deo (2022-28) (2022-2028)","Elected MP","Construction of CC Road from RD Road to Laxman Sahu House at Nuagan Ward no 13 GP Nadadiha Block Kaptipada Executive Agency ITDA Kaptipada Udala","21-Jun-2025","500000","28-Jul-2025"
"641","Normal/Others","WS/MP138/2025-2026/211085-Construction of roads, link roads, pathways or any other road with or without drainage system","Odisha","MAYURBHANJ(DISTRICT COLLECTOR MAYURBHANJ_IDA)","Smt. Sulata Deo (2022-28) (2022-2028)","Elected MP","Construction of CC Road from Asta Chhaka to Bindhanisahi at Nuagan Ward no 12 GP Nadadiha Block Kaptipada Executive Agency ITDA Kaptipada Udala","21-Jun-2025","500000","28-Jul-2025"
"642","Normal/Others","WS/MP138/2025-2026/211086-Construction of roads, link roads, pathways or any other road with or without drainage system","Odisha","MAYURBHANJ(DISTRICT COLLECTOR MAYURBHANJ_IDA)","Smt. Sulata Deo (2022-28) (2022-2028)","Elected MP","Construction of CC Road from Kala main canel to Lambudhar Soren House at Malagadi Ward No 4 GP JS Jamudiha Block Executing Agency ITDA Kaptipada Udala","21-Jun-2025","500000","28-Jul-2025"
"643","Normal/Others","WS/MP138/2025-2026/211087-Construction of roads, link roads, pathways or any other road with or without drainage system","Odisha","MAYURBHANJ(DISTRICT COLLECTOR MAYURBHANJ_IDA)","Smt. Sulata Deo (2022-28) (2022-2028)","Elected MP","Construction of Boundary wall at RDS Degree College Kundabai at Kundabai Ward No 5 GP Kundabai Executing Agency ITDA Kaptipada Udala","21-Jun-2025","500000","28-Jul-2025"
"644","Normal/Others","WS/MP138/2025-2026/190464-Construction of roads, link roads, pathways or any other road with or without drainage system","Odisha","MAYURBHANJ(DISTRICT COLLECTOR MAYURBHANJ_IDA)","Smt. Sulata Deo (2022-28) (2022-2028)","Elected MP","Construction of CC Road from Khunta 300 seated boys hostel to class room in sana khunta  GP Ward No-6 Bardangua Mauza under GB Nagar Block Executive Agency ITDA Kaptipada Udala Distt. Mayurbhanj","10-Apr-2025","500000","20-Sep-2025"
"645","Normal/Others","WS/MP138/2026-2027/286695-Construction of flood control embankments/ protection walls along riverbanks, hilltops, roadsides","Odisha","MAYURBHANJ(DISTRICT COLLECTOR MAYURBHANJ_IDA)","Smt. Sulata Deo (2022-28) (2022-2028)","Elected MP","Construction of guard wall from Rangamatia C.I.P. to Kalo main canal At-Nudadiha GP-Nudadiha Ward-7 under Kaptipada block, executive agency-ITDA Kaptipada","18-Jun-2026","600000","23-Jul-2026"
"646","Repair and Renovation","WS/MP138/2025-2026/185714-Construction of roads, link roads, pathways or any other road with or without drainage system","Odisha","MAYURBHANJ(DISTRICT COLLECTOR MAYURBHANJ_IDA)","Smt. Sulata Deo (2022-28) (2022-2028)","Elected MP","Repair restoration of CC Road  from Udala Athangan RD Road to Rajesg Mohapatra House Ward No-10 Udala NAC Udala Executive Agency ITDA Kaptipada Udala Mayurbhanj","23-Mar-2025","500000","21-Apr-2025"
"647","Repair and Renovation","WS/MP138/2025-2026/185715-Construction of roads, link roads, pathways or any other road with or without drainage system","Odisha","MAYURBHANJ(DISTRICT COLLECTOR MAYURBHANJ_IDA)","Smt. Sulata Deo (2022-28) (2022-2028)","Elected MP","Repair Restoration of CC Road with guard to Hemanta Behera House Ward No 1 Udala NAC Udala Est Executive Agency ITDA Kaptipada Udala","23-Mar-2025","500000","21-Apr-2025"
"648","Normal/Others","WS/MP138/2025-2026/185251-Construction of roads, link roads, pathways or any other road with or without drainage system","Odisha","MAYURBHANJ(DISTRICT COLLECTOR MAYURBHANJ_IDA)","Smt. Sulata Deo (2022-28) (2022-2028)","Elected MP","Construction of CC Road with returing wall at Kundabai village road ward no 5 Kundabai GP under udala block Distt Mayurbhanj Executive Agency ITDA Kaptipada","21-Mar-2025","1000000","21-Apr-2025"
"649","Normal/Others","WS/MP138/2025-2026/185252-Construction of roads, link roads, pathways or any other road with or without drainage system","Odisha","MAYURBHANJ(DISTRICT COLLECTOR MAYURBHANJ_IDA)","Smt. Sulata Deo (2022-28) (2022-2028)","Elected MP","Construction of CC Road with returing wall from Sukadev House to RD Road at Nachipur Ward No 11 Badkhaladi GP under Kaptipada Block Distt Mayurbhanj Executive Agency ITDA Kaptipada","21-Mar-2025","500000","28-May-2025"
"650","Normal/Others","WS/MP138/2025-2026/198855-Construction of roads, link roads, pathways or any other road with or without drainage system","Odisha","MAYURBHANJ(DISTRICT COLLECTOR MAYURBHANJ_IDA)","Smt. Sulata Deo (2022-28) (2022-2028)","Elected MP","Completion of CC works at Amdabeda Jahira Road from Birsha House towards Paresh Mango Tree of Manikpur GP Bijatala Block under Rairangpur ITDA","13-May-2025","300000","19-Jul-2025"
"651","Normal/Others","WS/MP138/2025-2026/198856-Construction of roads, link roads, pathways or any other road with or without drainage system","Odisha","MAYURBHANJ(DISTRICT COLLECTOR MAYURBHANJ_IDA)","Smt. Sulata Deo (2022-28) (2022-2028)","Elected MP","Construction of CC Road from Maharana Sahi towards Akhada At Bijatala Upar Sahi of Bijatala GP Bijatala Block under Rairangpur ITDA","13-May-2025","300000","19-Jul-2025"
"652","Normal/Others","WS/MP138/2025-2026/198857-Construction of roads, link roads, pathways or any other road with or without drainage system","Odisha","MAYURBHANJ(DISTRICT COLLECTOR MAYURBHANJ_IDA)","Smt. Sulata Deo (2022-28) (2022-2028)","Elected MP","Construction of CC Road Khelaram Tudu House to Balabhadra Beshra House at Bisoi Block  Bisoi GP under Rairangpur ITDA","13-May-2025","200000","28-Jul-2025"
"653","Normal/Others","WS/MP138/2025-2026/198858-Construction of roads, link roads, pathways or any other road with or without drainage system","Odisha","MAYURBHANJ(DISTRICT COLLECTOR MAYURBHANJ_IDA)","Smt. Sulata Deo (2022-28) (2022-2028)","Elected MP","Construction of CC Road Abhimanyu Giri House to Shiba Temple at Bhatachhatra under Bisoi Block GP Bisoi under Rairangpur ITDA","13-May-2025","200000","07-Jan-2026"
"654","Normal/Others","WS/MP138/2025-2026/198859-Construction of roads, link roads, pathways or any other road with or without drainage system","Odisha","MAYURBHANJ(DISTRICT COLLECTOR MAYURBHANJ_IDA)","Smt. Sulata Deo (2022-28) (2022-2028)","Elected MP","Construction of Guard wall at Bypass Dhana Road Near Girish House at Bisoi Block GP Bisoi under Rairangpur ITDA","13-May-2025","300000","19-Jul-2025"
"655","Normal/Others","NA-Construction of roads, link roads, pathways or any other road with or without drainage system","Odisha","MAYURBHANJ(DISTRICT COLLECTOR MAYURBHANJ_IDA)","Smt. Sulata Deo (2022-28) (2022-2028)","Elected MP","Construction of CC Road from Ramesh Dagra House to Rati Khuntia House at Merda Block Betnoti Block Village Merda GP Mera ITDA Baripada","29-May-2025","250000","NA"
"656","Normal/Others","NA-Construction of roads, link roads, pathways or any other road with or without drainage system","Odisha","MAYURBHANJ(DISTRICT COLLECTOR MAYURBHANJ_IDA)","Smt. Sulata Deo (2022-28) (2022-2028)","Elected MP","Construction of CC Road from Chandan Murmu House to Jagannath Singh House at Khadikapada Betnoti Block Village Khadikapada GP Anla ITDA Baripada","29-May-2025","200000","NA"
"657","Normal/Others","NA-Construction of roads, link roads, pathways or any other road with or without drainage system","Odisha","MAYURBHANJ(DISTRICT COLLECTOR MAYURBHANJ_IDA)","Smt. Sulata Deo (2022-28) (2022-2028)","Elected MP","Construction of CC Road with Culvert near Jagadish Giri House to Nadpur Hara Dokan at Nadpur Betnoti Block Village Nadpur GP Nadpur ITDA Baripada","29-May-2025","250000","NA"
"658","Normal/Others","NA-Construction of roads, link roads, pathways or any other road with or without drainage system","Odisha","MAYURBHANJ(DISTRICT COLLECTOR MAYURBHANJ_IDA)","Smt. Sulata Deo (2022-28) (2022-2028)","Elected MP","Construction of CC Road from Pradhan Hansdah House to Chandan Hansdah House at Baghabasa Betnoti Block Village Baghabasa GP Saitpur ITDA Baripada","29-May-2025","250000","NA"
"659","Normal/Others","NA-Construction of roads, link roads, pathways or any other road with or without drainage system","Odisha","MAYURBHANJ(DISTRICT COLLECTOR MAYURBHANJ_IDA)","Smt. Sulata Deo (2022-28) (2022-2028)","Elected MP","Construction of CC Road from Pulin Behera House to Sumit Behera House at Sannuagan Badashai Block Village Sannuagan GP Pratappur ITDA Baripada","29-May-2025","250000","NA"
"660","Normal/Others","NA-Construction of roads, link roads, pathways or any other road with or without drainage system","Odisha","MAYURBHANJ(DISTRICT COLLECTOR MAYURBHANJ_IDA)","Smt. Sulata Deo (2022-28) (2022-2028)","Elected MP","Construction of CC Road from Rabindra Behera House to PWD Road Kachilakhunta Badashai Block Village Kochilakhunta GP Kochilakhunta ITDA Baripada","29-May-2025","250000","NA"
"661","Normal/Others","NA-Construction of roads, link roads, pathways or any other road with or without drainage system","Odisha","MAYURBHANJ(DISTRICT COLLECTOR MAYURBHANJ_IDA)","Smt. Sulata Deo (2022-28) (2022-2028)","Elected MP","Repairing of CC Road from Arapata Hanuman Chhaka to Kalyan Mandap at Arapata Badashai Block Village Arapata GP Madhapur ITDA Baripada","29-May-2025","250000","NA"
"662","Normal/Others","WS/MP138/2024-2025/170345-Construction of roads, link roads, pathways or any other road with or without drainage system","Odisha","MAYURBHANJ(DISTRICT COLLECTOR MAYURBHANJ_IDA)","Smt. Sulata Deo (2022-28) (2022-2028)","Elected MP","Repair Restoration of CC Road from RD Road to Suresh Barik House W.No.-5 Village-Kundabai, GP Kundabai Block Udala Distt Mayurbhanj, Block-Udala","30-Jan-2025","500000","27-Feb-2025"
"663","Normal/Others","WS/MP138/2024-2025/170346-Construction of roads, link roads, pathways or any other road with or without drainage system","Odisha","MAYURBHANJ(DISTRICT COLLECTOR MAYURBHANJ_IDA)","Smt. Sulata Deo (2022-28) (2022-2028)","Elected MP","Repair Renovation of CC Road from Sarallibila to Hatimada Ward No-3 Village-Saralibilla, GP JS Jamadiha Block Kaptipada","30-Jan-2025","500000","27-Feb-2025"
"664","Normal/Others","WS/MP138/2024-2025/170347-Construction of roads, link roads, pathways or any other road with or without drainage system","Odisha","MAYURBHANJ(DISTRICT COLLECTOR MAYURBHANJ_IDA)","Smt. Sulata Deo (2022-28) (2022-2028)","Elected MP","Repair Restoration of CC Road at RDS Junior, Mahavidyalaya, Kundabai Campus Village-Kundabai, GP_Kundabai, Block- Udala, Distt-Mayurbhanj","30-Jan-2025","500000","27-Feb-2025"
"665","Normal/Others","WS/MP138/2025-2026/214395-Street lights","Odisha","MAYURBHANJ(DISTRICT COLLECTOR MAYURBHANJ_IDA)","Smt. Sulata Deo (2022-28) (2022-2028)","Elected MP","Installation of solar street light at Kundabai village, GP-Kundabai, Block-Udala, District-Mayurbanja, Executive Agency-ITDA Kaaptipada","03-Jul-2025","1000000","12-Aug-2025"
"666","Normal/Others","WS/MP138/2025-2026/253610-Street lights","Odisha","MAYURBHANJ(DISTRICT COLLECTOR MAYURBHANJ_IDA)","Smt. Sulata Deo (2022-28) (2022-2028)","Elected MP","Installation of Mini High Max Solar LED light at Ghosada near water pump house or mantri Barik house","12-Dec-2025","200000","11-Feb-2026"
"667","Normal/Others","WS/MP138/2025-2026/253611-Street lights","Odisha","MAYURBHANJ(DISTRICT COLLECTOR MAYURBHANJ_IDA)","Smt. Sulata Deo (2022-28) (2022-2028)","Elected MP","Installation of mini high max solar LED light at Ghosada near Angadas house","12-Dec-2025","200000","11-Feb-2026"
"668","Normal/Others","WS/MP138/2025-2026/253612-Street lights","Odisha","MAYURBHANJ(DISTRICT COLLECTOR MAYURBHANJ_IDA)","Smt. Sulata Deo (2022-28) (2022-2028)","Elected MP","Installation of mini high max solar LED light at Ghosada near Mantri cycle shop","12-Dec-2025","200000","11-Feb-2026"
"669","Normal/Others","WS/MP138/2025-2026/253613-Street lights","Odisha","MAYURBHANJ(DISTRICT COLLECTOR MAYURBHANJ_IDA)","Smt. Sulata Deo (2022-28) (2022-2028)","Elected MP","Installation of mini high max solar LED light at Badam salo near Maguni Naik house","12-Dec-2025","200000","11-Feb-2026"
"670","Normal/Others","WS/MP138/2025-2026/253614-Street lights","Odisha","MAYURBHANJ(DISTRICT COLLECTOR MAYURBHANJ_IDA)","Smt. Sulata Deo (2022-28) (2022-2028)","Elected MP","Installation of mini high max solar LED light at Ghosada near Baman Majhi house","12-Dec-2025","200000","11-Feb-2026"
"671","Normal/Others","WS/MP138/2025-2026/203490-Street lights","Odisha","MAYURBHANJ(DISTRICT COLLECTOR MAYURBHANJ_IDA)","Smt. Sulata Deo (2022-28) (2022-2028)","Elected MP","Installation of Mini High Max Solar LED Light at Ghosada GP Office GP Block Ghosada Karanjia       Executive Agency Karanjia Panch Pir Sub Division","26-May-2025","200000","12-Jun-2025"
"672","Normal/Others","WS/MP138/2025-2026/203491-Street lights","Odisha","MAYURBHANJ(DISTRICT COLLECTOR MAYURBHANJ_IDA)","Smt. Sulata Deo (2022-28) (2022-2028)","Elected MP","Installation of Mini High Max Solar LED Light at Dhipasahi near Majhi Sahi Club GP Block Ghosada Karanjia Panch Pir Sub Division Executive Agency Karanjia","26-May-2025","200000","12-Jun-2025"
"673","Normal/Others","WS/MP138/2025-2026/203492-Street lights","Odisha","MAYURBHANJ(DISTRICT COLLECTOR MAYURBHANJ_IDA)","Smt. Sulata Deo (2022-28) (2022-2028)","Elected MP","Installation of Mini High Max Solar LED Light at Asanbani Village near Kirtan Mandap GP Block Ghosada Karanjia Panch Pir Sub Division Executive Agency Karanjia","26-May-2025","200000","12-Jun-2025"
"674","Normal/Others","WS/MP138/2025-2026/203493-Street lights","Odisha","MAYURBHANJ(DISTRICT COLLECTOR MAYURBHANJ_IDA)","Smt. Sulata Deo (2022-28) (2022-2028)","Elected MP","Installation of Mini High Max Solar LED Light at Chitraposi near Dukhu house GP Chitraposi Block Ghosada Karanjia Panch Pir Sub Division Executive Agency Karanjia","26-May-2025","200000","12-Jun-2025"
"675","Normal/Others","WS/MP138/2025-2026/203494-Street lights","Odisha","MAYURBHANJ(DISTRICT COLLECTOR MAYURBHANJ_IDA)","Smt. Sulata Deo (2022-28) (2022-2028)","Elected MP","Installation of Mini High Max Solar LED Light at Chadheibhol Big Masjid GP Block Ghosada Karanjia Panch Pir Sub Division Executive Agency Karanjia","26-May-2025","200000","12-Jun-2025"
"676","Normal/Others","WS/MP138/2025-2026/203495-Street lights","Odisha","MAYURBHANJ(DISTRICT COLLECTOR MAYURBHANJ_IDA)","Smt. Sulata Deo (2022-28) (2022-2028)","Elected MP","Installation of Mini High Max Solar LED Light at Ghosada Dhipasahi near Durga Puja Kuthi GP Block Ghosada Karanjia Panch Pir Sub Division Executive Agency Karanjia","26-May-2025","200000","12-Jun-2025"
"677","Normal/Others","WS/MP138/2025-2026/207419-Street lights","Odisha","MAYURBHANJ(DISTRICT COLLECTOR MAYURBHANJ_IDA)","Smt. Sulata Deo (2022-28) (2022-2028)","Elected MP","Installation of Solar Hi Mast Light at Madhapur Chhaka Ward No 11 GP Rajabasa Block Baripada  Executing Agency BDO Baripada Block","09-Jun-2025","250000","31-Jul-2025"
"678","Normal/Others","WS/MP138/2025-2026/207420-Street lights","Odisha","MAYURBHANJ(DISTRICT COLLECTOR MAYURBHANJ_IDA)","Smt. Sulata Deo (2022-28) (2022-2028)","Elected MP","Installation of  Solar Hi Mast Light at Maghumora Khadiasahi Ward No 13 GP Rajabasa Block Baripada  Executing Agency BDO Baripada Block","09-Jun-2025","250000","31-Jul-2025"
"679","Normal/Others","WS/MP138/2025-2026/207421-Street lights","Odisha","MAYURBHANJ(DISTRICT COLLECTOR MAYURBHANJ_IDA)","Smt. Sulata Deo (2022-28) (2022-2028)","Elected MP","Installation of Solar Hi Mast Lights at Bhudurbani Bindhani Chhaka Ward No 19 GP Rajabasa Block Baripada  Executing Agency BDO Baripada Block","09-Jun-2025","250000","31-Jul-2025"
"680","Normal/Others","WS/MP138/2025-2026/207422-Street lights","Odisha","MAYURBHANJ(DISTRICT COLLECTOR MAYURBHANJ_IDA)","Smt. Sulata Deo (2022-28) (2022-2028)","Elected MP","Installation of Solar Hi Mast light at Madhapur Mohanta Chhaka Ward no 10 GP Rajabasa Block Baripada  Executing Agency BDO Baripada Block","09-Jun-2025","250000","31-Jul-2025"
"681","Normal/Others","WS/MP138/2025-2026/207423-Street lights","Odisha","MAYURBHANJ(DISTRICT COLLECTOR MAYURBHANJ_IDA)","Smt. Sulata Deo (2022-28) (2022-2028)","Elected MP","Installation of Solar HI Mast Lights at Bhadusole Hata Chhaka Ward No 06 GP Hatikote Block Baripada  Executing Agency BDO Baripada Block","09-Jun-2025","250000","31-Jul-2025"
"682","Normal/Others","WS/MP138/2025-2026/207424-Street lights","Odisha","MAYURBHANJ(DISTRICT COLLECTOR MAYURBHANJ_IDA)","Smt. Sulata Deo (2022-28) (2022-2028)","Elected MP","Installation of Solar HI Mast light at Bhalughera Badam Chhaka Ward No 04 GP Hatikote Block Baripada  Executing Agency BDO Baripada Block","09-Jun-2025","250000","31-Jul-2025"
"683","Normal/Others","WS/MP138/2025-2026/207425-Street lights","Odisha","MAYURBHANJ(DISTRICT COLLECTOR MAYURBHANJ_IDA)","Smt. Sulata Deo (2022-28) (2022-2028)","Elected MP","Installation of Solar HI Mast Light at Dhanisole near Siva Mandir Ward No 10 GP BC Pur Block Baripada  Executing Agency BDO Baripada Block","09-Jun-2025","250000","31-Jul-2025"
"684","Normal/Others","WS/MP138/2025-2026/207426-Street lights","Odisha","MAYURBHANJ(DISTRICT COLLECTOR MAYURBHANJ_IDA)","Smt. Sulata Deo (2022-28) (2022-2028)","Elected MP","Installation of Solar HI Mast Light at Pachakhali Laxmi Puja Mandeep Chhaka Ward No 01 GP BC Pur Block Baripada  Executing Agency BDO Baripada Block","09-Jun-2025","250000","31-Jul-2025"
"685","Normal/Others","NA-Construction of roads, link roads, pathways or any other road with or without drainage system","Odisha","NABARANGPUR(DISTRICT COLLECTOR NABARANGPUR_IDA)","Dr. Sasmit Patra (2022-28) (2022-2028)","Elected MP","Construction of CC Road at Chitrokote Church Road","16-Aug-2026","500000","NA"
"686","Normal/Others","NA-Construction of community centers and community halls","Odisha","NABARANGPUR(DISTRICT COLLECTOR NABARANGPUR_IDA)","Dr. Sasmit Patra (2022-28) (2022-2028)","Elected MP","Repair of Christian Community Centre at Chitrokote","16-Aug-2026","1000000","NA"
"687","Normal/Others","NA-Construction of community centers and community halls","Odisha","NABARANGPUR(DISTRICT COLLECTOR NABARANGPUR_IDA)","Dr. Sasmit Patra (2022-28) (2022-2028)","Elected MP","Near Maa Dhanda Dharani Community Centre at Bamuni","16-Aug-2026","500000","NA"
"688","Normal/Others","NA-Construction of public libraries and reading rooms","Odisha","NABARANGPUR(DISTRICT COLLECTOR NABARANGPUR_IDA)","Dr. Sasmit Patra (2022-28) (2022-2028)","Elected MP","Construction of Library Room at Kuccha","16-Aug-2026","500000","NA"
"689","Normal/Others","NA-Construction of public libraries and reading rooms","Odisha","PURI(DISTRICT COLLECTOR PURI_IDA)","Shri Subhasish Khuntia (2024-30) (2024-2030)","Elected MP","Construction of Library room at Puri Club, VIP Road, Puri","26-Sep-2025","900000","NA"
"690","Normal/Others","NA-Construction of public libraries and reading rooms","Odisha","PURI(DISTRICT COLLECTOR PURI_IDA)","Smt. Sulata Deo (2022-28) (2022-2028)","Elected MP","construction of Library Building of Satyabadi Yuba Chhatra Sangathan (SAYA) Village-Sukula Plot No-1683, Khatian No945 Ward No 5 Rural Tehasil Satyabadi Block-Satyabadi District-Puri","31-Aug-2026","300000","NA"
"691","Normal/Others","WS/MP138/2024-2025/143889-Construction of public libraries and reading rooms","Odisha","PURI(DISTRICT COLLECTOR PURI_IDA)","Smt. Sulata Deo (2022-28) (2022-2028)","Elected MP","Construction & Expasion of Library building for extending training facilities to Rural Personnels of Jagannath Seva Pratisthan Library, AT- Lunavihar, PO- Nandigoda, GP- Bijipur GP, Ward No. 3, Kanas Block, Puri Dist.","27-Sep-2024","800000","30-Dec-2024"
"692","Normal/Others","WS/MP18283/2025-2026/229004-Construction of public libraries and reading rooms","Odisha","PURI(DISTRICT COLLECTOR PURI_IDA)","Shri Subhasish Khuntia (2024-30) (2024-2030)","Elected MP","Construction of Library room at Surajmala Saha College.","25-Aug-2025","800000","30-Mar-2026"
"693","Normal/Others","WS/MP138/2025-2026/211098-Construction of public libraries and reading rooms","Odisha","PURI(DISTRICT COLLECTOR PURI_IDA)","Smt. Sulata Deo (2022-28) (2022-2028)","Elected MP","Construction of Library Building of Satyabadi Yuba Chhatra Sangathan (SAYA)  Village -Sukula  Plot no - 1683 , Khatian No  945 Ward no 5 Rural Tahasil Satyabadi Block -Satyabadi  District-Puri","21-Jun-2025","500000","06-Oct-2025"
"694","Normal/Others","NA-Construction of community centers and community halls","Odisha","PURI(DISTRICT COLLECTOR PURI_IDA)","Dr. Sasmit Patra (2022-28) (2022-2028)","Elected MP","Construction of Community Centre at Samantrapur of Gadasanaput GP, Kanas Block","17-Aug-2026","300000","NA"
"695","Normal/Others","NA-Construction of community centers and community halls","Odisha","PURI(DISTRICT COLLECTOR PURI_IDA)","Dr. Sasmit Patra (2022-28) (2022-2028)","Elected MP","Construction of Mahila Samiti House at Tigiria of Khandahata GP, Kanas Block","17-Aug-2026","300000","NA"
"696","Normal/Others","NA-Construction of community centers and community halls","Odisha","PURI(DISTRICT COLLECTOR PURI_IDA)","Dr. Sasmit Patra (2022-28) (2022-2028)","Elected MP","Construction of Community Centre at Kesarpur of Dokanda GP, Kanas Block","17-Aug-2026","400000","NA"
"697","Normal/Others","NA-Construction of community centers and community halls","Odisha","PURI(DISTRICT COLLECTOR PURI_IDA)","Dr. Sasmit Patra (2022-28) (2022-2028)","Elected MP","Construction of Maa Mangala Rest Shed at Totapada of Dibyasinghpur GP, Kanas Block","17-Aug-2026","500000","NA"
"698","Normal/Others","NA-Construction of community centers and community halls","Odisha","PURI(DISTRICT COLLECTOR PURI_IDA)","Dr. Sasmit Patra (2022-28) (2022-2028)","Elected MP","Construction of Community Centre at Manijipur of Gadabalabhadrapur GP, Kanas Block","17-Aug-2026","300000","NA"
"699","Normal/Others","NA-Construction of community centers and community halls","Odisha","PURI(DISTRICT COLLECTOR PURI_IDA)","Dr. Sasmit Patra (2022-28) (2022-2028)","Elected MP","Construction of Community Centre at Dasabatia Sahi of Jamalagoda GP, Kanas Block","17-Aug-2026","350000","NA"
"700","Normal/Others","NA-Construction of community centers and community halls","Odisha","PURI(DISTRICT COLLECTOR PURI_IDA)","Dr. Sasmit Patra (2022-28) (2022-2028)","Elected MP","Construction of Community Centre at Lokapala of Gadasanaput GP, Kanas Block","17-Aug-2026","200000","NA"
"701","Normal/Others","NA-Construction of community centers and community halls","Odisha","PURI(DISTRICT COLLECTOR PURI_IDA)","Dr. Sasmit Patra (2022-28) (2022-2028)","Elected MP","Construction of Community Centre at Balipatana of Badasa GP Kanas Block","17-Aug-2026","250000","NA"
"702","Normal/Others","NA-Construction of community centers and community halls","Odisha","PURI(DISTRICT COLLECTOR PURI_IDA)","Dr. Sasmit Patra (2022-28) (2022-2028)","Elected MP","Construction of Community Centre at Dhuanala of Gadabalabhadrapur GP, Kanas Block","17-Aug-2026","200000","NA"
"703","Normal/Others","WS/MP18283/2025-2026/238333-Construction of public toilets and bathrooms","Odisha","PURI(DISTRICT COLLECTOR PURI_IDA)","Shri Subhasish Khuntia (2024-30) (2024-2030)","Elected MP","Construction of Public Toilet at Dihasahi, Talajanga near jagulei club.","26-Sep-2025","200000","31-Dec-2025"
"704","Normal/Others","NA-Construction of rooms and halls in school and colleges","Odisha","PURI(DISTRICT COLLECTOR PURI_IDA)","Shri Sujeet Kumar (2026-32) (2026-2032)","Elected MP","Construction of Library Hall at Saraswati Sishu Mandir, Kanas","18-Aug-2026","500000","NA"
"705","Normal/Others","WS/MP18283/2025-2026/238302-Construction of rooms and halls in school and colleges","Odisha","PURI(DISTRICT COLLECTOR PURI_IDA)","Shri Subhasish Khuntia (2024-30) (2024-2030)","Elected MP","Construction of Dinning Hall at Bholanath Vidyapitha, Puri","26-Sep-2025","900000","05-Mar-2026"
"706","Normal/Others","WS/MP18283/2025-2026/228997-Construction of rooms and halls in school and colleges","Odisha","PURI(DISTRICT COLLECTOR PURI_IDA)","Shri Subhasish Khuntia (2024-30) (2024-2030)","Elected MP","Construction of class rooms at Utkal Hindi Vidayapitha.","25-Aug-2025","500000","06-Mar-2026"
"707","Repair and Renovation","WS/MP18283/2025-2026/234270-Construction of rooms and halls in school and colleges","Odisha","PURI(DISTRICT COLLECTOR PURI_IDA)","Shri Subhasish Khuntia (2024-30) (2024-2030)","Elected MP","Renovation of Class room of Uttarayani Bidyapitha High School  at Jasuapur.","15-Sep-2025","300000","18-Feb-2026"
"708","Normal/Others","WS/MP132/2025-2026/248913-Construction of community centers and community halls","Odisha","PURI(DISTRICT COLLECTOR PURI_IDA)","Shri Manas Ranjan Mangaraj (2022-28) (2022-2028)","Elected MP","Construction of Grameswar Community Center at Paikamara.","19-Nov-2025","500000","15-Jan-2026"
"709","Normal/Others","WS/MP132/2025-2026/248914-Construction of community centers and community halls","Odisha","PURI(DISTRICT COLLECTOR PURI_IDA)","Shri Manas Ranjan Mangaraj (2022-28) (2022-2028)","Elected MP","Construction of Dakhinakali Community Center at Biragobindapur.","19-Nov-2025","500000","15-Jan-2026"
"710","Normal/Others","WS/MP18283/2025-2026/238342-Construction of community centers and community halls","Odisha","PURI(DISTRICT COLLECTOR PURI_IDA)","Shri Subhasish Khuntia (2024-30) (2024-2030)","Elected MP","Construction of Community Center at Paikarapur, Chalisbatia.","26-Sep-2025","400000","30-Mar-2026"
"711","Normal/Others","WS/MP18283/2025-2026/238343-Construction of community centers and community halls","Odisha","PURI(DISTRICT COLLECTOR PURI_IDA)","Shri Subhasish Khuntia (2024-30) (2024-2030)","Elected MP","Construction of Dhakhinakali Community Center at Samangara Nuasahi","26-Sep-2025","500000","30-Mar-2026"
"712","Normal/Others","NA-Construction of community centers and community halls","Odisha","PURI(DISTRICT COLLECTOR PURI_IDA)","Shri Subhasish Khuntia (2024-30) (2024-2030)","Elected MP","Construction of Laxmi Community Center at Dolamandap Sahi, Near Moochi Sahi Chowk","26-Sep-2025","500000","NA"
"713","Normal/Others","WS/MP18283/2025-2026/238349-Construction of community centers and community halls","Odisha","PURI(DISTRICT COLLECTOR PURI_IDA)","Shri Subhasish Khuntia (2024-30) (2024-2030)","Elected MP","Construction of community center at Mati Mandap Sahi Akhada.","26-Sep-2025","500000","05-Mar-2026"
"714","Normal/Others","WS/MP18283/2025-2026/238362-Construction of community centers and community halls","Odisha","PURI(DISTRICT COLLECTOR PURI_IDA)","Shri Subhasish Khuntia (2024-30) (2024-2030)","Elected MP","Construction of Mangala Community Center at Nayak Sahi, Gopalpur, Baliguali","26-Sep-2025","300000","30-Mar-2026"
"715","Normal/Others","NA-Construction of community centers and community halls","Odisha","PURI(DISTRICT COLLECTOR PURI_IDA)","Shri Subhasish Khuntia (2024-30) (2024-2030)","Elected MP","Construction of Ugrasena Community Center at Balisahi.","26-Sep-2025","400000","NA"
"716","Normal/Others","NA-Construction of community centers and community halls","Odisha","PURI(DISTRICT COLLECTOR PURI_IDA)","Shri Subhasish Khuntia (2024-30) (2024-2030)","Elected MP","Renovation of Binayak Youth Community Center at Ghanamalla Sahi, Balisahi","26-Sep-2025","300000","NA"
"717","Normal/Others","NA-Construction of community centers and community halls","Odisha","PURI(DISTRICT COLLECTOR PURI_IDA)","Shri Subhasish Khuntia (2024-30) (2024-2030)","Elected MP","Construction of Basudev Community Center.","26-Sep-2025","500000","NA"
"718","Normal/Others","NA-Construction of community centers and community halls","Odisha","PURI(DISTRICT COLLECTOR PURI_IDA)","Shri Subhasish Khuntia (2024-30) (2024-2030)","Elected MP","Construction of Community Hall at  Binova Nagar, Talabania, Puri","26-Sep-2025","500000","NA"
"719","Normal/Others","NA-Construction of community centers and community halls","Odisha","PURI(DISTRICT COLLECTOR PURI_IDA)","Shri Subhasish Khuntia (2024-30) (2024-2030)","Elected MP","Construction of Community Center at Nuatota Jaga, Dolamandap Sahi.","26-Sep-2025","500000","NA"
"720","Normal/Others","WS/MP18283/2025-2026/258419-Construction of community centers and community halls","Odisha","PURI(DISTRICT COLLECTOR PURI_IDA)","Shri Subhasish Khuntia (2024-30) (2024-2030)","Elected MP","Construction of Radha Mohan Community Center at Birapratappur, Puri","09-Jan-2026","500000","30-Mar-2026"
"721","Repair and Renovation","WS/MP18283/2025-2026/258423-Construction of community centers and community halls","Odisha","PURI(DISTRICT COLLECTOR PURI_IDA)","Shri Subhasish Khuntia (2024-30) (2024-2030)","Elected MP","Renovation of Gunthapilipila Community Center at Ward No. 05, Sasandamodarpur.","09-Jan-2026","500000","30-Mar-2026"
"722","Repair and Renovation","WS/MP18283/2025-2026/258424-Construction of community centers and community halls","Odisha","PURI(DISTRICT COLLECTOR PURI_IDA)","Shri Subhasish Khuntia (2024-30) (2024-2030)","Elected MP","Renovation of Gopalpur Sahi Jaga Community Center.","09-Jan-2026","400000","30-Mar-2026"
"723","Normal/Others","WS/MP18283/2025-2026/258426-Construction of community centers and community halls","Odisha","PURI(DISTRICT COLLECTOR PURI_IDA)","Shri Subhasish Khuntia (2024-30) (2024-2030)","Elected MP","Construction of Satya Mahavir Community Center at Ganganarayanpur.","09-Jan-2026","400000","30-Mar-2026"
"724","Normal/Others","WS/MP18283/2025-2026/258430-Construction of community centers and community halls","Odisha","PURI(DISTRICT COLLECTOR PURI_IDA)","Shri Subhasish Khuntia (2024-30) (2024-2030)","Elected MP","Construction of Narayani Community Center at Nuagaon.","09-Jan-2026","500000","30-Mar-2026"
"725","Normal/Others","WS/MP18283/2025-2026/258432-Construction of community centers and community halls","Odisha","PURI(DISTRICT COLLECTOR PURI_IDA)","Shri Subhasish Khuntia (2024-30) (2024-2030)","Elected MP","Construction of Community Center at Hudasahi, Chhaitana","09-Jan-2026","400000","30-Mar-2026"
"726","Normal/Others","WS/MP18283/2025-2026/258434-Construction of community centers and community halls","Odisha","PURI(DISTRICT COLLECTOR PURI_IDA)","Shri Subhasish Khuntia (2024-30) (2024-2030)","Elected MP","Construction of Community Center at Chhaitana Bazar Sahi.","09-Jan-2026","500000","05-Mar-2026"
"727","Normal/Others","WS/MP18283/2025-2026/258436-Construction of community centers and community halls","Odisha","PURI(DISTRICT COLLECTOR PURI_IDA)","Shri Subhasish Khuntia (2024-30) (2024-2030)","Elected MP","Construction of Jana Kalyan Community Center at Gaindol.","09-Jan-2026","500000","05-Mar-2026"
"728","Normal/Others","WS/MP18283/2025-2026/258437-Construction of community centers and community halls","Odisha","PURI(DISTRICT COLLECTOR PURI_IDA)","Shri Subhasish Khuntia (2024-30) (2024-2030)","Elected MP","Construction of Bhagabat Community Center Golasahi.","09-Jan-2026","400000","30-Mar-2026"
"729","Normal/Others","NA-Construction of community centers and community halls","Odisha","PURI(DISTRICT COLLECTOR PURI_IDA)","Shri Subhasish Khuntia (2024-30) (2024-2030)","Elected MP","COnstruction of Community Center at Bisuni Jaga, Ramachandi Sahi","09-Jan-2026","500000","NA"
"730","Normal/Others","NA-Construction of community centers and community halls","Odisha","PURI(DISTRICT COLLECTOR PURI_IDA)","Shri Subhasish Khuntia (2024-30) (2024-2030)","Elected MP","COnstruction of MAA Mangala Community Center, Tikarapada","09-Jan-2026","500000","NA"
"731","Normal/Others","NA-Construction of community centers and community halls","Odisha","PURI(DISTRICT COLLECTOR PURI_IDA)","Shri Subhasish Khuntia (2024-30) (2024-2030)","Elected MP","Construction of Dwajagada Jaga Community Center at Harachandisahi","09-Jan-2026","500000","NA"
"732","Normal/Others","WS/MP18283/2025-2026/258442-Construction of community centers and community halls","Odisha","PURI(DISTRICT COLLECTOR PURI_IDA)","Shri Subhasish Khuntia (2024-30) (2024-2030)","Elected MP","Construction of Itibhuan Community Center at Itibhuan.","09-Jan-2026","400000","05-Mar-2026"
"733","Normal/Others","WS/MP18283/2025-2026/258421-Construction of community centers and community halls","Odisha","PURI(DISTRICT COLLECTOR PURI_IDA)","Shri Subhasish Khuntia (2024-30) (2024-2030)","Elected MP","Construction of Bhudeswar Community Hall at Kabirajpur, Itibhun.","09-Jan-2026","500000","05-Mar-2026"
"734","Normal/Others","NA-Construction of community centers and community halls","Odisha","PURI(DISTRICT COLLECTOR PURI_IDA)","Shri Subhasish Khuntia (2024-30) (2024-2030)","Elected MP","Construction of Bhudeswar and Sidheswar Community Center at Tikarpada.","26-Sep-2025","700000","NA"
"735","Normal/Others","NA-Construction of community centers and community halls","Odisha","PURI(DISTRICT COLLECTOR PURI_IDA)","Shri Subhasish Khuntia (2024-30) (2024-2030)","Elected MP","Construction of Sidheswar Community Center at Balagaldi.","26-Sep-2025","300000","NA"
"736","Normal/Others","WS/MP18283/2025-2026/238305-Construction of community centers and community halls","Odisha","PURI(DISTRICT COLLECTOR PURI_IDA)","Shri Subhasish Khuntia (2024-30) (2024-2030)","Elected MP","Construction of Satya Mahaveer Community Center at VIP Road.","26-Sep-2025","500000","06-Mar-2026"
"737","Normal/Others","WS/MP18283/2026-2027/238306-Construction of community centers and community halls","Odisha","PURI(DISTRICT COLLECTOR PURI_IDA)","Shri Subhasish Khuntia (2024-30) (2024-2030)","Elected MP","Construction of Tarini Community Center at Bankimuhana, City Road","26-Sep-2025","300000","15-May-2026"
"738","Normal/Others","WS/MP18283/2026-2027/238307-Construction of community centers and community halls","Odisha","PURI(DISTRICT COLLECTOR PURI_IDA)","Shri Subhasish Khuntia (2024-30) (2024-2030)","Elected MP","Construction of Budhimaa Community Center at Duttatota","26-Sep-2025","300000","15-May-2026"
"739","Normal/Others","NA-Construction of community centers and community halls","Odisha","PURI(DISTRICT COLLECTOR PURI_IDA)","Shri Subhasish Khuntia (2024-30) (2024-2030)","Elected MP","Construction of Community center at Rahas Mohanty Jaga, Markandeswar Sahi, Mangalaghata Road","26-Sep-2025","500000","NA"
"740","Normal/Others","WS/MP18283/2026-2027/238313-Construction of community centers and community halls","Odisha","PURI(DISTRICT COLLECTOR PURI_IDA)","Shri Subhasish Khuntia (2024-30) (2024-2030)","Elected MP","Construction of Community Center at Jagat Patihari Jaga","26-Sep-2025","500000","15-May-2026"
"741","Repair and Renovation","WS/MP18283/2025-2026/238315-Construction of community centers and community halls","Odisha","PURI(DISTRICT COLLECTOR PURI_IDA)","Shri Subhasish Khuntia (2024-30) (2024-2030)","Elected MP","Renovation of Bhagabat Community Center at Nuapatana.","26-Sep-2025","300000","27-Jan-2026"
"742","Normal/Others","WS/MP18283/2025-2026/238317-Construction of community centers and community halls","Odisha","PURI(DISTRICT COLLECTOR PURI_IDA)","Shri Subhasish Khuntia (2024-30) (2024-2030)","Elected MP","Construction of Community Center at Rendua, Harekrushnapur","26-Sep-2025","300000","27-Jan-2026"
"743","Repair and Renovation","WS/MP18283/2025-2026/238324-Construction of community centers and community halls","Odisha","PURI(DISTRICT COLLECTOR PURI_IDA)","Shri Subhasish Khuntia (2024-30) (2024-2030)","Elected MP","Renovation of Bhagabat Community Center at Rendua.","26-Sep-2025","200000","27-Jan-2026"
"744","Repair and Renovation","WS/MP18283/2025-2026/238325-Construction of community centers and community halls","Odisha","PURI(DISTRICT COLLECTOR PURI_IDA)","Shri Subhasish Khuntia (2024-30) (2024-2030)","Elected MP","Renovation of Mangala Youth Community Center at Nuapatana, Harekrushnapur","26-Sep-2025","300000","27-Jan-2026"
"745","Normal/Others","WS/MP18283/2025-2026/238330-Construction of community centers and community halls","Odisha","PURI(DISTRICT COLLECTOR PURI_IDA)","Shri Subhasish Khuntia (2024-30) (2024-2030)","Elected MP","Construction of Nilakantheswar Community Center at Nalihana, Gangachuda","26-Sep-2025","500000","20-Dec-2025"
"746","Repair and Renovation","WS/MP18283/2025-2026/238331-Construction of community centers and community halls","Odisha","PURI(DISTRICT COLLECTOR PURI_IDA)","Shri Subhasish Khuntia (2024-30) (2024-2030)","Elected MP","Renovation of Bhagawat Community Center at Patnaik Sahi, Harekrushnapur","26-Sep-2025","300000","30-Mar-2026"
"747","Repair and Renovation","WS/MP18283/2025-2026/238332-Construction of community centers and community halls","Odisha","PURI(DISTRICT COLLECTOR PURI_IDA)","Shri Subhasish Khuntia (2024-30) (2024-2030)","Elected MP","Renovation of Bhagawat Community Center at Bhikaripada.","26-Sep-2025","500000","30-Mar-2026"
"748","Normal/Others","NA-Construction of community centers and community halls","Odisha","PURI(DISTRICT COLLECTOR PURI_IDA)","Shri Subhasish Khuntia (2024-30) (2024-2030)","Elected MP","Construction of Maa ramachandi Community center at Balabhadra Lane","30-Jun-2026","500000","NA"
"749","Normal/Others","NA-Construction of community centers and community halls","Odisha","PURI(DISTRICT COLLECTOR PURI_IDA)","Shri Subhasish Khuntia (2024-30) (2024-2030)","Elected MP","Construction of Mali jaga Community Center at mali sahi","30-Jun-2026","700000","NA"
"750","Normal/Others","NA-Construction of community centers and community halls","Odisha","PURI(DISTRICT COLLECTOR PURI_IDA)","Shri Subhasish Khuntia (2024-30) (2024-2030)","Elected MP","Construction of Indradyumna Community Center at Madhubana","30-Jun-2026","500000","NA"
"751","Normal/Others","NA-Construction of community centers and community halls","Odisha","PURI(DISTRICT COLLECTOR PURI_IDA)","Shri Subhasish Khuntia (2024-30) (2024-2030)","Elected MP","Construction of Kharuda Community Center at Kumuti patana","30-Jun-2026","500000","NA"
"752","Normal/Others","NA-Construction of community centers and community halls","Odisha","PURI(DISTRICT COLLECTOR PURI_IDA)","Shri Subhasish Khuntia (2024-30) (2024-2030)","Elected MP","Construction of Mangala Community Center at Sidhamahabir , Chamar Sahi","30-Jun-2026","500000","NA"
"753","Normal/Others","NA-Construction of community centers and community halls","Odisha","PURI(DISTRICT COLLECTOR PURI_IDA)","Shri Subhasish Khuntia (2024-30) (2024-2030)","Elected MP","Construction of Khandayat Community Center at Mangala ghat","30-Jun-2026","500000","NA"
"754","Repair and Renovation","NA-Construction of community centers and community halls","Odisha","PURI(DISTRICT COLLECTOR PURI_IDA)","Shri Subhasish Khuntia (2024-30) (2024-2030)","Elected MP","Renovation of Trilochanswar Community Center at Kumbharapada","30-Jun-2026","500000","NA"
"755","Normal/Others","NA-Construction of community centers and community halls","Odisha","PURI(DISTRICT COLLECTOR PURI_IDA)","Shri Subhasish Khuntia (2024-30) (2024-2030)","Elected MP","Construction of Satabakhara Paniatota Community Center at Mishra Sahi","30-Jun-2026","500000","NA"
"756","Normal/Others","NA-Construction of community centers and community halls","Odisha","PURI(DISTRICT COLLECTOR PURI_IDA)","Shri Subhasish Khuntia (2024-30) (2024-2030)","Elected MP","Construction of Jamikhuntia Community Center at Barabati Nua Sahi","30-Jun-2026","500000","NA"
"757","Normal/Others","NA-Construction of community centers and community halls","Odisha","PURI(DISTRICT COLLECTOR PURI_IDA)","Shri Subhasish Khuntia (2024-30) (2024-2030)","Elected MP","Construction of Maa Mangala Community Center at Mangala sahi , Narendra kona","30-Jun-2026","500000","NA"
"758","Normal/Others","NA-Construction of community centers and community halls","Odisha","PURI(DISTRICT COLLECTOR PURI_IDA)","Shri Subhasish Khuntia (2024-30) (2024-2030)","Elected MP","Construction of Banambara Community Center at Bimanabadu sahi","30-Jun-2026","500000","NA"
"759","Normal/Others","NA-Construction of community centers and community halls","Odisha","PURI(DISTRICT COLLECTOR PURI_IDA)","Shri Subhasish Khuntia (2024-30) (2024-2030)","Elected MP","Construction of Satyanarayana Community Center at PKRIT Chhaka","30-Jun-2026","500000","NA"
"760","Normal/Others","NA-Construction of community centers and community halls","Odisha","PURI(DISTRICT COLLECTOR PURI_IDA)","Shri Subhasish Khuntia (2024-30) (2024-2030)","Elected MP","Construction of Batalokanatha Community Center at Bali sahi","30-Jun-2026","300000","NA"
"761","Normal/Others","NA-Construction of community centers and community halls","Odisha","PURI(DISTRICT COLLECTOR PURI_IDA)","Shri Subhasish Khuntia (2024-30) (2024-2030)","Elected MP","Construction of Amuri Community Center at Amuri , G.P. - Baliput","30-Jun-2026","500000","NA"
"762","Normal/Others","NA-Construction of community centers and community halls","Odisha","PURI(DISTRICT COLLECTOR PURI_IDA)","Shri Subhasish Khuntia (2024-30) (2024-2030)","Elected MP","Construction of Mangala Community Center at Podapada , G.P. - Baliput","30-Jun-2026","500000","NA"
"763","Repair and Renovation","NA-Construction of community centers and community halls","Odisha","PURI(DISTRICT COLLECTOR PURI_IDA)","Shri Subhasish Khuntia (2024-30) (2024-2030)","Elected MP","Renovation of Beleswar Patana Community Centre at Beleswar patana , G.P. : Beldal","30-Jun-2026","500000","NA"
"764","Normal/Others","NA-Construction of community centers and community halls","Odisha","PURI(DISTRICT COLLECTOR PURI_IDA)","Shri Subhasish Khuntia (2024-30) (2024-2030)","Elected MP","Construction of Kharapada Community Centre At- Kharapada, G.P.-Birapratap pur","30-Jun-2026","500000","NA"
"765","Normal/Others","NA-Construction of community centers and community halls","Odisha","PURI(DISTRICT COLLECTOR PURI_IDA)","Shri Subhasish Khuntia (2024-30) (2024-2030)","Elected MP","Construction of Yadava Community Centre At-Piteipur, G.P.-Chalisibatia","30-Jun-2026","500000","NA"
"766","Normal/Others","NA-Construction of community centers and community halls","Odisha","PURI(DISTRICT COLLECTOR PURI_IDA)","Shri Subhasish Khuntia (2024-30) (2024-2030)","Elected MP","Construction of Kharakhai Community Centre At-Gopinathpur, G.P.- Gopinathpur","30-Jun-2026","500000","NA"
"767","Normal/Others","NA-Construction of community centers and community halls","Odisha","PURI(DISTRICT COLLECTOR PURI_IDA)","Shri Subhasish Khuntia (2024-30) (2024-2030)","Elected MP","Construction of TALAKANDURIAPADA Mahila Community Centre At-Talakanduripada , G.P.-Jamarsuan","30-Jun-2026","500000","NA"
"768","Normal/Others","NA-Construction of community centers and community halls","Odisha","PURI(DISTRICT COLLECTOR PURI_IDA)","Shri Subhasish Khuntia (2024-30) (2024-2030)","Elected MP","Construction of Banambar Community Centre at-Kadlibaripatna , G.P.-Kasiharipur","30-Jun-2026","500000","NA"
"769","Normal/Others","NA-Construction of community centers and community halls","Odisha","PURI(DISTRICT COLLECTOR PURI_IDA)","Shri Subhasish Khuntia (2024-30) (2024-2030)","Elected MP","Construction of Mahila Community Centre At-Samangara , G.P.-Samangara","30-Jun-2026","500000","NA"
"770","Normal/Others","NA-Construction of community centers and community halls","Odisha","PURI(DISTRICT COLLECTOR PURI_IDA)","Shri Subhasish Khuntia (2024-30) (2024-2030)","Elected MP","Construction of Badapaika sahi Community center At-Bada Paika sahi,G.P.-Sasandamodar Pur","30-Jun-2026","500000","NA"
"771","Normal/Others","NA-Construction of community centers and community halls","Odisha","PURI(DISTRICT COLLECTOR PURI_IDA)","Shri Subhasish Khuntia (2024-30) (2024-2030)","Elected MP","Construction of Bagha Community Center At-Bagha,G.P.-Gadamrugasira","30-Jun-2026","500000","NA"
"772","Normal/Others","NA-Construction of community centers and community halls","Odisha","PURI(DISTRICT COLLECTOR PURI_IDA)","Shri Subhasish Khuntia (2024-30) (2024-2030)","Elected MP","Construction of Moradapada Community Center At-Moradapada, G.P.-Gadamrugasira","30-Jun-2026","500000","NA"
"773","Normal/Others","NA-Construction of community centers and community halls","Odisha","PURI(DISTRICT COLLECTOR PURI_IDA)","Shri Subhasish Khuntia (2024-30) (2024-2030)","Elected MP","Construction of Alapur Malik Sahi Bhoga Mandap At-Dakhina Sahi,Alapur, G.P.-Gadamrugasira","30-Jun-2026","300000","NA"
"774","Repair and Renovation","NA-Construction of community centers and community halls","Odisha","PURI(DISTRICT COLLECTOR PURI_IDA)","Shri Subhasish Khuntia (2024-30) (2024-2030)","Elected MP","Renovation of Utara sahi Community Center At- Utarasahi, Alapur, G.P.-Gadamrugasira","30-Jun-2026","200000","NA"
"775","Repair and Renovation","NA-Construction of community centers and community halls","Odisha","PURI(DISTRICT COLLECTOR PURI_IDA)","Shri Subhasish Khuntia (2024-30) (2024-2030)","Elected MP","Renovation of Beherasahi Community Center At- Beherasahi, Sundar, G.P. - Gadamrugasira","30-Jun-2026","200000","NA"
"776","Normal/Others","NA-Construction of community centers and community halls","Odisha","PURI(DISTRICT COLLECTOR PURI_IDA)","Shri Subhasish Khuntia (2024-30) (2024-2030)","Elected MP","Construction of Bali sahi community Center At-Balisahi , G.P.-Gadamurgasira","30-Jun-2026","600000","NA"
"777","Repair and Renovation","NA-Construction of community centers and community halls","Odisha","PURI(DISTRICT COLLECTOR PURI_IDA)","Shri Subhasish Khuntia (2024-30) (2024-2030)","Elected MP","Renovation of Jagulai Community Center At-Gadamrugasira , G.P.- Gadamrugasira","30-Jun-2026","500000","NA"
"778","Repair and Renovation","NA-Construction of community centers and community halls","Odisha","PURI(DISTRICT COLLECTOR PURI_IDA)","Shri Subhasish Khuntia (2024-30) (2024-2030)","Elected MP","Renovation of Alaba Community Center At-Alaba, G.P.-Gadamrugasira","30-Jun-2026","300000","NA"
"779","Normal/Others","NA-Construction of community centers and community halls","Odisha","PURI(DISTRICT COLLECTOR PURI_IDA)","Shri Subhasish Khuntia (2024-30) (2024-2030)","Elected MP","Construction of Alapur Community center At-Alapur, G.P.- Gadamrugasira","30-Jun-2026","300000","NA"
"780","Normal/Others","NA-Construction of community centers and community halls","Odisha","PURI(DISTRICT COLLECTOR PURI_IDA)","Shri Subhasish Khuntia (2024-30) (2024-2030)","Elected MP","Construction of Bhoga mandap At-Samangara , G.P.- Samangara","30-Jun-2026","500000","NA"
"781","Normal/Others","NA-Construction of community centers and community halls","Odisha","PURI(DISTRICT COLLECTOR PURI_IDA)","Shri Subhasish Khuntia (2024-30) (2024-2030)","Elected MP","Construction of Dullhana Community Centre At-Badura Sahi ,G.P.-Birapratappur","30-Jun-2026","300000","NA"
"782","Normal/Others","NA-Construction of community centers and community halls","Odisha","PURI(DISTRICT COLLECTOR PURI_IDA)","Shri Subhasish Khuntia (2024-30) (2024-2030)","Elected MP","Construction of Danda Upara Sahi Community Centre At-Danda, G.P.- Ganganarayan pur","30-Jun-2026","500000","NA"
"783","Normal/Others","NA-Construction of community centers and community halls","Odisha","PURI(DISTRICT COLLECTOR PURI_IDA)","Shri Subhasish Khuntia (2024-30) (2024-2030)","Elected MP","Construction of Grameswar Community Centre At-Batagan, G.P.- Harekrushna pur","30-Jun-2026","500000","NA"
"784","Normal/Others","NA-Construction of community centers and community halls","Odisha","PURI(DISTRICT COLLECTOR PURI_IDA)","Shri Subhasish Khuntia (2024-30) (2024-2030)","Elected MP","Construction of Grameswar Community Centre At-Mangarajpur , G.P.-Kasiharipur","30-Jun-2026","500000","NA"
"785","Normal/Others","NA-Construction of community centers and community halls","Odisha","PURI(DISTRICT COLLECTOR PURI_IDA)","Shri Subhasish Khuntia (2024-30) (2024-2030)","Elected MP","Construction of Bateswar Bhoga Mandap At- Gadamrugasira, G.P.- Gadamrugasira","30-Jun-2026","300000","NA"
"786","Normal/Others","NA-Construction of community centers and community halls","Odisha","PURI(DISTRICT COLLECTOR PURI_IDA)","Shri Subhasish Khuntia (2024-30) (2024-2030)","Elected MP","Construction of Nilachakra Nagar Community Center At-Nilachakra nagar, G.P.- Kasiharipur","30-Jun-2026","900000","NA"
"787","Repair and Renovation","NA-Construction of community centers and community halls","Odisha","PURI(DISTRICT COLLECTOR PURI_IDA)","Shri Subhasish Khuntia (2024-30) (2024-2030)","Elected MP","Renovation of Behera sahi youth Community center at Marakandapur , G.P.- Baliput","30-Jun-2026","200000","NA"
"788","Repair and Renovation","NA-Construction of community centers and community halls","Odisha","PURI(DISTRICT COLLECTOR PURI_IDA)","Shri Subhasish Khuntia (2024-30) (2024-2030)","Elected MP","Renovation of Alok Jyoti Community Center At- Sanapalli , G.p.- Baliput","30-Jun-2026","200000","NA"
"789","Normal/Others","NA-Construction of community centers and community halls","Odisha","PURI(DISTRICT COLLECTOR PURI_IDA)","Shri Subhasish Khuntia (2024-30) (2024-2030)","Elected MP","Construction of Gopinath Bhogamandap At-Baliput, G.P.-Baliput","30-Jun-2026","500000","NA"
"790","Repair and Renovation","NA-Construction of community centers and community halls","Odisha","PURI(DISTRICT COLLECTOR PURI_IDA)","Shri Subhasish Khuntia (2024-30) (2024-2030)","Elected MP","Renovation of Ramloka community Center at - Kanthapur , G.P.- Samanga","30-Jun-2026","300000","NA"
"791","Normal/Others","NA-Construction of community centers and community halls","Odisha","PURI(DISTRICT COLLECTOR PURI_IDA)","Shri Subhasish Khuntia (2024-30) (2024-2030)","Elected MP","Construction of Jagyeswari Community Center  At- khadipada , G.P.-Samanga","30-Jun-2026","500000","NA"
"792","Normal/Others","NA-Construction of community centers and community halls","Odisha","PURI(DISTRICT COLLECTOR PURI_IDA)","Shri Subhasish Khuntia (2024-30) (2024-2030)","Elected MP","Construction of Community Center at Bhudimaa Unnayana Samiti.","25-Aug-2025","700000","NA"
"793","Normal/Others","NA-Construction of community centers and community halls","Odisha","PURI(DISTRICT COLLECTOR PURI_IDA)","Shri Subhasish Khuntia (2024-30) (2024-2030)","Elected MP","Construction of Community Center of Puri District Kharuda Kalyana Parisada.","25-Aug-2025","500000","NA"
"794","Normal/Others","WS/MP18283/2026-2027/228995-Construction of community centers and community halls","Odisha","PURI(DISTRICT COLLECTOR PURI_IDA)","Shri Subhasish Khuntia (2024-30) (2024-2030)","Elected MP","Construction of community centers of Charibada Khandayat Jatisangha.","25-Aug-2025","500000","15-May-2026"
"795","Normal/Others","WS/MP18283/2025-2026/228996-Construction of community centers and community halls","Odisha","PURI(DISTRICT COLLECTOR PURI_IDA)","Shri Subhasish Khuntia (2024-30) (2024-2030)","Elected MP","Construction of Udayanagar community center.","25-Aug-2025","500000","05-Mar-2026"
"796","Normal/Others","WS/MP18283/2025-2026/228998-Construction of community centers and community halls","Odisha","PURI(DISTRICT COLLECTOR PURI_IDA)","Shri Subhasish Khuntia (2024-30) (2024-2030)","Elected MP","Construction of Harihar Nagar community center.","25-Aug-2025","500000","05-Mar-2026"
"797","Normal/Others","WS/MP18283/2025-2026/228999-Construction of community centers and community halls","Odisha","PURI(DISTRICT COLLECTOR PURI_IDA)","Shri Subhasish Khuntia (2024-30) (2024-2030)","Elected MP","Construction of Acharya Binoba Bhabe Yuvak Sangha Community Center.","25-Aug-2025","500000","06-Mar-2026"
"798","Normal/Others","NA-Construction of community centers and community halls","Odisha","PURI(DISTRICT COLLECTOR PURI_IDA)","Shri Subhasish Khuntia (2024-30) (2024-2030)","Elected MP","Construction of Community Center at Hatajodi Thakurani Kalyan Samiti.","25-Aug-2025","500000","NA"
"799","Normal/Others","WS/MP18283/2025-2026/229001-Construction of community centers and community halls","Odisha","PURI(DISTRICT COLLECTOR PURI_IDA)","Shri Subhasish Khuntia (2024-30) (2024-2030)","Elected MP","Construction of Community Center Nilachala Khandayat Khayatriya Mahasangha.","25-Aug-2025","500000","05-Mar-2026"
"800","Repair and Renovation","WS/MP18283/2025-2026/229002-Construction of community centers and community halls","Odisha","PURI(DISTRICT COLLECTOR PURI_IDA)","Shri Subhasish Khuntia (2024-30) (2024-2030)","Elected MP","Construction of Bankimuhan Ramachandi Community Center.","25-Aug-2025","300000","05-Mar-2026"
"801","Normal/Others","NA-Construction of community centers and community halls","Odisha","PURI(DISTRICT COLLECTOR PURI_IDA)","Shri Subhasish Khuntia (2024-30) (2024-2030)","Elected MP","Construction of community center of Jagannath Club.","25-Aug-2025","500000","NA"
"802","Normal/Others","NA-Construction of community centers and community halls","Odisha","PURI(DISTRICT COLLECTOR PURI_IDA)","Shri Subhasish Khuntia (2024-30) (2024-2030)","Elected MP","Construction of Barabati Jaga Community Center","25-Aug-2025","700000","NA"
"803","Normal/Others","NA-Construction of community centers and community halls","Odisha","PURI(DISTRICT COLLECTOR PURI_IDA)","Shri Subhasish Khuntia (2024-30) (2024-2030)","Elected MP","Construction of community center of Badaakhada Jaga.","25-Aug-2025","500000","NA"
"804","Normal/Others","WS/MP18283/2025-2026/229008-Construction of community centers and community halls","Odisha","PURI(DISTRICT COLLECTOR PURI_IDA)","Shri Subhasish Khuntia (2024-30) (2024-2030)","Elected MP","Construction of Barabati Nuasahi Community Center.","25-Aug-2025","500000","05-Mar-2026"
"805","Normal/Others","WS/MP18283/2025-2026/229009-Construction of community centers and community halls","Odisha","PURI(DISTRICT COLLECTOR PURI_IDA)","Shri Subhasish Khuntia (2024-30) (2024-2030)","Elected MP","Construction of Baseli Community Center","25-Aug-2025","300000","05-Mar-2026"
"806","Normal/Others","NA-Construction of community centers and community halls","Odisha","PURI(DISTRICT COLLECTOR PURI_IDA)","Shri Subhasish Khuntia (2024-30) (2024-2030)","Elected MP","Construction of Harachandi Sahi Akhada Community Center.","25-Aug-2025","500000","NA"
"807","Normal/Others","WS/MP18283/2025-2026/229011-Construction of community centers and community halls","Odisha","PURI(DISTRICT COLLECTOR PURI_IDA)","Shri Subhasish Khuntia (2024-30) (2024-2030)","Elected MP","Construction of Muduli Jaga Community Center.","25-Aug-2025","300000","05-Mar-2026"
"808","Normal/Others","WS/MP18283/2026-2027/229012-Construction of community centers and community halls","Odisha","PURI(DISTRICT COLLECTOR PURI_IDA)","Shri Subhasish Khuntia (2024-30) (2024-2030)","Elected MP","Construction of Singhsantha Madhubaisya Samiti Community  Center","25-Aug-2025","500000","15-May-2026"
"809","Normal/Others","WS/MP18283/2025-2026/229013-Construction of community centers and community halls","Odisha","PURI(DISTRICT COLLECTOR PURI_IDA)","Shri Subhasish Khuntia (2024-30) (2024-2030)","Elected MP","Construction of Nama Mandap Community Center","25-Aug-2025","500000","21-Feb-2026"
"810","Normal/Others","WS/MP18283/2025-2026/229014-Construction of community centers and community halls","Odisha","PURI(DISTRICT COLLECTOR PURI_IDA)","Shri Subhasish Khuntia (2024-30) (2024-2030)","Elected MP","Construction of Nuagaon Harijana Sahi Ganesh Mandap","25-Aug-2025","500000","30-Mar-2026"
"811","Normal/Others","WS/MP18283/2025-2026/229789-Construction of community centers and community halls","Odisha","PURI(DISTRICT COLLECTOR PURI_IDA)","Shri Subhasish Khuntia (2024-30) (2024-2030)","Elected MP","Construction of Youth community center at Naikula Sahi, Talajanga","28-Aug-2025","500000","31-Dec-2025"
"812","Normal/Others","WS/MP18283/2025-2026/229790-Construction of community centers and community halls","Odisha","PURI(DISTRICT COLLECTOR PURI_IDA)","Shri Subhasish Khuntia (2024-30) (2024-2030)","Elected MP","Construction of Gadibrambha community centers at Gadisahi, Talajanga","28-Aug-2025","300000","31-Dec-2025"
"813","Normal/Others","WS/MP18283/2025-2026/229791-Construction of community centers and community halls","Odisha","PURI(DISTRICT COLLECTOR PURI_IDA)","Shri Subhasish Khuntia (2024-30) (2024-2030)","Elected MP","Construction of Paikaakhada community center at Dihasahi, Talajanga","28-Aug-2025","300000","31-Dec-2025"
"814","Normal/Others","WS/MP18283/2025-2026/229793-Construction of community centers and community halls","Odisha","PURI(DISTRICT COLLECTOR PURI_IDA)","Shri Subhasish Khuntia (2024-30) (2024-2030)","Elected MP","Constrution of Bhagabat Community Center at Dhanakuti Sahi, Puri Ward No. 4 (M)","28-Aug-2025","500000","05-Mar-2026"
"815","Normal/Others","WS/MP18283/2025-2026/229794-Construction of community centers and community halls","Odisha","PURI(DISTRICT COLLECTOR PURI_IDA)","Shri Subhasish Khuntia (2024-30) (2024-2030)","Elected MP","Construction of Budheswar Youth Community Center at Rahangiria","28-Aug-2025","500000","27-Jan-2026"
"816","Repair and Renovation","WS/MP18283/2025-2026/229795-Construction of community centers and community halls","Odisha","PURI(DISTRICT COLLECTOR PURI_IDA)","Shri Subhasish Khuntia (2024-30) (2024-2030)","Elected MP","Repair and renovation of community centers at Majhisahi, Rahangiria","28-Aug-2025","400000","27-Jan-2026"
"817","Normal/Others","WS/MP18283/2025-2026/229797-Construction of community centers and community halls","Odisha","PURI(DISTRICT COLLECTOR PURI_IDA)","Shri Subhasish Khuntia (2024-30) (2024-2030)","Elected MP","Construction of Community Center at Jadutiadi Jaga","28-Aug-2025","500000","05-Mar-2026"
"818","Normal/Others","NA-Construction of community centers and community halls","Odisha","PURI(DISTRICT COLLECTOR PURI_IDA)","Shri Subhasish Khuntia (2024-30) (2024-2030)","Elected MP","Construction of Mahamaya Shymakali Community center at Dolamandap Sahi.","28-Aug-2025","300000","NA"
"819","Normal/Others","NA-Construction of community centers and community halls","Odisha","PURI(DISTRICT COLLECTOR PURI_IDA)","Shri Subhasish Khuntia (2024-30) (2024-2030)","Elected MP","Construction of Sudarsan Bhallav Community Center.","28-Aug-2025","500000","NA"
"820","Normal/Others","NA-Construction of community centers and community halls","Odisha","PURI(DISTRICT COLLECTOR PURI_IDA)","Shri Subhasish Khuntia (2024-30) (2024-2030)","Elected MP","Construction of Dhabaleswar Community Center at Baliapanda","28-Aug-2025","500000","NA"
"821","Normal/Others","WS/MP18283/2026-2027/229808-Construction of community centers and community halls","Odisha","PURI(DISTRICT COLLECTOR PURI_IDA)","Shri Subhasish Khuntia (2024-30) (2024-2030)","Elected MP","Construction of Community Center at Khuntia Jaga, Balisahi","28-Aug-2025","500000","15-May-2026"
"822","Normal/Others","NA-Construction of community centers and community halls","Odisha","PURI(DISTRICT COLLECTOR PURI_IDA)","Shri Subhasish Khuntia (2024-30) (2024-2030)","Elected MP","Construction of Sidheswar Community Center at MangalaLane Sidhamahavir","28-Aug-2025","500000","NA"
"823","Normal/Others","NA-Construction of community centers and community halls","Odisha","PURI(DISTRICT COLLECTOR PURI_IDA)","Shri Subhasish Khuntia (2024-30) (2024-2030)","Elected MP","Construction of Biswakarma Community Center at Matitota.","28-Aug-2025","500000","NA"
"824","Normal/Others","NA-Construction of community centers and community halls","Odisha","PURI(DISTRICT COLLECTOR PURI_IDA)","Shri Subhasish Khuntia (2024-30) (2024-2030)","Elected MP","Construction of Community Center at Luhagada Jaga, Tihadisahi.","28-Aug-2025","500000","NA"
"825","Normal/Others","NA-Construction of community centers and community halls","Odisha","PURI(DISTRICT COLLECTOR PURI_IDA)","Shri Subhasish Khuntia (2024-30) (2024-2030)","Elected MP","Construction of Community Center at Adanga Tihadi Jaga, Tihadi Sahi","28-Aug-2025","500000","NA"
"826","Normal/Others","WS/MP18283/2025-2026/229831-Construction of community centers and community halls","Odisha","PURI(DISTRICT COLLECTOR PURI_IDA)","Shri Subhasish Khuntia (2024-30) (2024-2030)","Elected MP","Construction of Chaityna Community Center at DihaSahi, Talajanga","28-Aug-2025","300000","31-Dec-2025"
"827","Normal/Others","WS/MP18283/2026-2027/229833-Construction of community centers and community halls","Odisha","PURI(DISTRICT COLLECTOR PURI_IDA)","Shri Subhasish Khuntia (2024-30) (2024-2030)","Elected MP","Construction of Community Center at Makardwaja Jaga, Baghaakhada Gali, Kumbharpada.","28-Aug-2025","800000","15-May-2026"
"828","Normal/Others","NA-Construction of community centers and community halls","Odisha","PURI(DISTRICT COLLECTOR PURI_IDA)","Shri Subhasish Khuntia (2024-30) (2024-2030)","Elected MP","Construction of Trinath Community Center at Goudagada Sahi.","28-Aug-2025","300000","NA"
"829","Normal/Others","NA-Construction of community centers and community halls","Odisha","PURI(DISTRICT COLLECTOR PURI_IDA)","Shri Subhasish Khuntia (2024-30) (2024-2030)","Elected MP","Construction of Trinath Yuva Jyoti Community Center at Bijaya Nagar, Baliapanda.","28-Aug-2025","300000","NA"
"830","Normal/Others","NA-Construction of community centers and community halls","Odisha","PURI(DISTRICT COLLECTOR PURI_IDA)","Shri Subhasish Khuntia (2024-30) (2024-2030)","Elected MP","Construction of Ketakijhar Community Center at Goudagada Sahi.","28-Aug-2025","300000","NA"
"831","Repair and Renovation","WS/MP18283/2025-2026/229840-Construction of community centers and community halls","Odisha","PURI(DISTRICT COLLECTOR PURI_IDA)","Shri Subhasish Khuntia (2024-30) (2024-2030)","Elected MP","Renovation of Fisherman Community Center at Theenarla Barf, Penthakata","28-Aug-2025","500000","06-Mar-2026"
"832","Normal/Others","NA-Construction of community centers and community halls","Odisha","PURI(DISTRICT COLLECTOR PURI_IDA)","Shri Subhasish Khuntia (2024-30) (2024-2030)","Elected MP","Construction of Abhyahasta Community Center at CT Road, NuaSahi","28-Aug-2025","500000","NA"
"833","Normal/Others","NA-Construction of community centers and community halls","Odisha","PURI(DISTRICT COLLECTOR PURI_IDA)","Shri Subhasish Khuntia (2024-30) (2024-2030)","Elected MP","Construction of Azad Young Mass Community Center at CT Road Nua Sahi","28-Aug-2025","300000","NA"
"834","Normal/Others","WS/MP18283/2025-2026/229843-Construction of community centers and community halls","Odisha","PURI(DISTRICT COLLECTOR PURI_IDA)","Shri Subhasish Khuntia (2024-30) (2024-2030)","Elected MP","Construction of Mahavir Community Hall at Kundheibenta Sahi","28-Aug-2025","400000","05-Mar-2026"
"835","Normal/Others","NA-Construction of community centers and community halls","Odisha","PURI(DISTRICT COLLECTOR PURI_IDA)","Shri Subhasish Khuntia (2024-30) (2024-2030)","Elected MP","Construction of Community Center at Alikota Jaga, Pathuria Sahi","28-Aug-2025","500000","NA"
"836","Normal/Others","WS/MP18283/2025-2026/229846-Construction of community centers and community halls","Odisha","PURI(DISTRICT COLLECTOR PURI_IDA)","Shri Subhasish Khuntia (2024-30) (2024-2030)","Elected MP","Construction of Bhubaneswari Community Center at Abakash Lane","28-Aug-2025","500000","05-Mar-2026"
"837","Normal/Others","WS/MP18283/2025-2026/229858-Construction of community centers and community halls","Odisha","PURI(DISTRICT COLLECTOR PURI_IDA)","Shri Subhasish Khuntia (2024-30) (2024-2030)","Elected MP","Construction of Community Center  at Uttareswarpada, Rahangiria","28-Aug-2025","500000","27-Jan-2026"
"838","Repair and Renovation","WS/MP18283/2025-2026/229859-Construction of community centers and community halls","Odisha","PURI(DISTRICT COLLECTOR PURI_IDA)","Shri Subhasish Khuntia (2024-30) (2024-2030)","Elected MP","Renovation of Ganesha Community Center at Harekrushnapur, Malisahi","28-Aug-2025","300000","27-Jan-2026"
"839","Normal/Others","WS/MP18283/2025-2026/229860-Construction of community centers and community halls","Odisha","PURI(DISTRICT COLLECTOR PURI_IDA)","Shri Subhasish Khuntia (2024-30) (2024-2030)","Elected MP","Construction of community center at Naukera, Harekrushnapur","28-Aug-2025","500000","27-Jan-2026"
"840","Normal/Others","WS/MP18283/2025-2026/229861-Construction of community centers and community halls","Odisha","PURI(DISTRICT COLLECTOR PURI_IDA)","Shri Subhasish Khuntia (2024-30) (2024-2030)","Elected MP","Construction of community center at Jhinkiria Jagannathpur, Balipada","28-Aug-2025","500000","30-Mar-2026"
"841","Normal/Others","WS/MP18283/2025-2026/229862-Construction of community centers and community halls","Odisha","PURI(DISTRICT COLLECTOR PURI_IDA)","Shri Subhasish Khuntia (2024-30) (2024-2030)","Elected MP","Construction of Community Center at Banguruba, Khurukhuri","28-Aug-2025","500000","30-Mar-2026"
"842","Normal/Others","NA-Construction of community centers and community halls","Odisha","PURI(DISTRICT COLLECTOR PURI_IDA)","Shri Subhasish Khuntia (2024-30) (2024-2030)","Elected MP","Construction of Biseswari Community Center at Narendrakona","28-Aug-2025","500000","NA"
"843","Normal/Others","WS/MP18283/2026-2027/229867-Construction of community centers and community halls","Odisha","PURI(DISTRICT COLLECTOR PURI_IDA)","Shri Subhasish Khuntia (2024-30) (2024-2030)","Elected MP","Construction of Community Center at Badumahapatra Jaga, Chudanga Sahi","28-Aug-2025","500000","15-May-2026"
"844","Normal/Others","NA-Construction of community centers and community halls","Odisha","PURI(DISTRICT COLLECTOR PURI_IDA)","Shri Subhasish Khuntia (2024-30) (2024-2030)","Elected MP","Construction of Community Center at Rotary Club, Ramabhallav Road Puri","28-Aug-2025","800000","NA"
"845","Normal/Others","WS/MP18283/2025-2026/234194-Construction of community centers and community halls","Odisha","PURI(DISTRICT COLLECTOR PURI_IDA)","Shri Subhasish Khuntia (2024-30) (2024-2030)","Elected MP","Construction of Community Center at Gandamala Jaga, Kalikadevi Sahi, Puri","15-Sep-2025","800000","05-Mar-2026"
"846","Normal/Others","WS/MP18283/2025-2026/234195-Construction of community centers and community halls","Odisha","PURI(DISTRICT COLLECTOR PURI_IDA)","Shri Subhasish Khuntia (2024-30) (2024-2030)","Elected MP","Construction of Community Center at Budhimaa Tota, Markendeswar Sahi, Puri","15-Sep-2025","700000","05-Mar-2026"
"847","Normal/Others","WS/MP18283/2025-2026/234196-Construction of community centers and community halls","Odisha","PURI(DISTRICT COLLECTOR PURI_IDA)","Shri Subhasish Khuntia (2024-30) (2024-2030)","Elected MP","Construction of Nilakantha Community Center at Jamarsuan.","15-Sep-2025","500000","30-Mar-2026"
"848","Normal/Others","WS/MP18283/2025-2026/234197-Construction of community centers and community halls","Odisha","PURI(DISTRICT COLLECTOR PURI_IDA)","Shri Subhasish Khuntia (2024-30) (2024-2030)","Elected MP","Construction of Bramhan Sahi Community Center at Bangurbagadadharpur, Balipada, Puri","15-Sep-2025","500000","30-Mar-2026"
"849","Normal/Others","WS/MP18283/2025-2026/234198-Construction of community centers and community halls","Odisha","PURI(DISTRICT COLLECTOR PURI_IDA)","Shri Subhasish Khuntia (2024-30) (2024-2030)","Elected MP","Construction of Community Center at Siaro, Baliput","15-Sep-2025","500000","21-Feb-2026"
"850","Normal/Others","WS/MP18283/2025-2026/234199-Construction of community centers and community halls","Odisha","PURI(DISTRICT COLLECTOR PURI_IDA)","Shri Subhasish Khuntia (2024-30) (2024-2030)","Elected MP","Construction of Community Center at Barana.","15-Sep-2025","500000","21-Feb-2026"
"851","Normal/Others","WS/MP18283/2025-2026/234201-Construction of community centers and community halls","Odisha","PURI(DISTRICT COLLECTOR PURI_IDA)","Shri Subhasish Khuntia (2024-30) (2024-2030)","Elected MP","Construction of Grameswar Community Center at Samangara","15-Sep-2025","500000","30-Mar-2026"
"852","Normal/Others","WS/MP18283/2025-2026/234202-Construction of community centers and community halls","Odisha","PURI(DISTRICT COLLECTOR PURI_IDA)","Shri Subhasish Khuntia (2024-30) (2024-2030)","Elected MP","Construction of Gaja Laxmi Community Center at Samangara.","15-Sep-2025","500000","30-Mar-2026"
"853","Normal/Others","WS/MP18283/2025-2026/234203-Construction of community centers and community halls","Odisha","PURI(DISTRICT COLLECTOR PURI_IDA)","Shri Subhasish Khuntia (2024-30) (2024-2030)","Elected MP","Construction of Jagulei Community Center at Samangara.","15-Sep-2025","500000","30-Mar-2026"
"854","Normal/Others","WS/MP18283/2025-2026/234204-Construction of community centers and community halls","Odisha","PURI(DISTRICT COLLECTOR PURI_IDA)","Shri Subhasish Khuntia (2024-30) (2024-2030)","Elected MP","Construction of Community Center at Naiguan, PatanaSahi.","15-Sep-2025","500000","21-Feb-2026"
"855","Repair and Renovation","WS/MP18283/2025-2026/234207-Construction of community centers and community halls","Odisha","PURI(DISTRICT COLLECTOR PURI_IDA)","Shri Subhasish Khuntia (2024-30) (2024-2030)","Elected MP","Renovation of Ganapati Community Center at Beldal.","15-Sep-2025","400000","30-Mar-2026"
"856","Normal/Others","WS/MP18283/2025-2026/234208-Construction of community centers and community halls","Odisha","PURI(DISTRICT COLLECTOR PURI_IDA)","Shri Subhasish Khuntia (2024-30) (2024-2030)","Elected MP","Construction of Kanthapur Satadesha Community Center near Melana Padia, at Brahmagiri GP","15-Sep-2025","500000","05-Mar-2026"
"857","Repair and Renovation","WS/MP18283/2025-2026/234209-Construction of community centers and community halls","Odisha","PURI(DISTRICT COLLECTOR PURI_IDA)","Shri Subhasish Khuntia (2024-30) (2024-2030)","Elected MP","Renovation of Madanmohan  Community Center at Daitapada Sahi","15-Sep-2025","300000","05-Mar-2026"
"858","Normal/Others","WS/MP18283/2025-2026/234237-Construction of community centers and community halls","Odisha","PURI(DISTRICT COLLECTOR PURI_IDA)","Shri Subhasish Khuntia (2024-30) (2024-2030)","Elected MP","Construction of  Community Center at Penthakata, Ward No. 26, Puri Municipality","15-Sep-2025","500000","05-Mar-2026"
"859","Repair and Renovation","WS/MP18283/2025-2026/234238-Construction of community centers and community halls","Odisha","PURI(DISTRICT COLLECTOR PURI_IDA)","Shri Subhasish Khuntia (2024-30) (2024-2030)","Elected MP","Renovation of Dasaratharama  Community Center at D Nagesawr Barfa, Penthakata","15-Sep-2025","400000","05-Mar-2026"
"860","Normal/Others","WS/MP18283/2025-2026/234239-Construction of community centers and community halls","Odisha","PURI(DISTRICT COLLECTOR PURI_IDA)","Shri Subhasish Khuntia (2024-30) (2024-2030)","Elected MP","Construction of Yesu Rakhsna Sangam Community Hall at D Kodanda Barf, Penthakata","15-Sep-2025","400000","05-Mar-2026"
"861","Normal/Others","WS/MP18283/2025-2026/234240-Construction of community centers and community halls","Odisha","PURI(DISTRICT COLLECTOR PURI_IDA)","Shri Subhasish Khuntia (2024-30) (2024-2030)","Elected MP","Construction of Bhagwat Gita Community Center near Sairam Mandir, Bangarama Barf, Penthakata","15-Sep-2025","500000","05-Mar-2026"
"862","Repair and Renovation","WS/MP18283/2025-2026/234241-Construction of community centers and community halls","Odisha","PURI(DISTRICT COLLECTOR PURI_IDA)","Shri Subhasish Khuntia (2024-30) (2024-2030)","Elected MP","Construction of K Apparao Barf Community Center at Penthakata","15-Sep-2025","300000","05-Mar-2026"
"863","Normal/Others","WS/MP18283/2026-2027/234242-Construction of community centers and community halls","Odisha","PURI(DISTRICT COLLECTOR PURI_IDA)","Shri Subhasish Khuntia (2024-30) (2024-2030)","Elected MP","Construction of Jagannath Community Hall at Bondelbarf, Penthakata","15-Sep-2025","400000","15-May-2026"
"864","Normal/Others","WS/MP18283/2025-2026/234243-Construction of community centers and community halls","Odisha","PURI(DISTRICT COLLECTOR PURI_IDA)","Shri Subhasish Khuntia (2024-30) (2024-2030)","Elected MP","Construction of Fisherman Community Center at P Apparao Barf, Penthakata","15-Sep-2025","400000","05-Mar-2026"
"865","Repair and Renovation","NA-Construction of community centers and community halls","Odisha","PURI(DISTRICT COLLECTOR PURI_IDA)","Shri Subhasish Khuntia (2024-30) (2024-2030)","Elected MP","Renovation of Chakanala Barf Community Center at Penthakata","15-Sep-2025","300000","NA"
"866","Normal/Others","WS/MP18283/2026-2027/234247-Construction of community centers and community halls","Odisha","PURI(DISTRICT COLLECTOR PURI_IDA)","Shri Subhasish Khuntia (2024-30) (2024-2030)","Elected MP","Construction of Fisherman Community Center at Behera Sahi,","15-Sep-2025","500000","15-May-2026"
"867","Normal/Others","WS/MP18283/2025-2026/234248-Construction of community centers and community halls","Odisha","PURI(DISTRICT COLLECTOR PURI_IDA)","Shri Subhasish Khuntia (2024-30) (2024-2030)","Elected MP","Construction of Ugrasen Community Center at Balisahi","15-Sep-2025","400000","05-Mar-2026"
"868","Normal/Others","NA-Construction of community centers and community halls","Odisha","PURI(DISTRICT COLLECTOR PURI_IDA)","Shri Subhasish Khuntia (2024-30) (2024-2030)","Elected MP","Construction of Bapuji Community Center at Saradadevi Road, Balisahi","15-Sep-2025","300000","NA"
"869","Normal/Others","WS/MP18283/2025-2026/234263-Construction of community centers and community halls","Odisha","PURI(DISTRICT COLLECTOR PURI_IDA)","Shri Subhasish Khuntia (2024-30) (2024-2030)","Elected MP","Construction of Mukteswar Community Center at Ward No 06, Pipili NAC","15-Sep-2025","300000","18-Feb-2026"
"870","Normal/Others","WS/MP18283/2025-2026/234264-Construction of community centers and community halls","Odisha","PURI(DISTRICT COLLECTOR PURI_IDA)","Shri Subhasish Khuntia (2024-30) (2024-2030)","Elected MP","Construction of Mangala Community Hall at Ward No. 11.","15-Sep-2025","300000","18-Feb-2026"
"871","Normal/Others","WS/MP18283/2025-2026/234265-Construction of community centers and community halls","Odisha","PURI(DISTRICT COLLECTOR PURI_IDA)","Shri Subhasish Khuntia (2024-30) (2024-2030)","Elected MP","Construction of Kendraswari Community Hall at Rench, Delanga","15-Sep-2025","300000","12-Dec-2025"
"872","Normal/Others","WS/MP131/2023-2024/75426-Construction of community centers and community halls","Odisha","PURI(DISTRICT COLLECTOR PURI_IDA)","Dr. Sasmit Patra (2022-28) (2022-2028)","Elected MP","Construction of Community Centre At - Uhanga","04-Jan-2024","500000","08-Feb-2024"
"873","Normal/Others","WS/MP131/2023-2024/75427-Construction of community centers and community halls","Odisha","PURI(DISTRICT COLLECTOR PURI_IDA)","Dr. Sasmit Patra (2022-28) (2022-2028)","Elected MP","Construction of Community Centre At - Karanjisahi (Bishntupur)","04-Jan-2024","500000","08-Feb-2024"
"874","Normal/Others","WS/MP132/2024-2025/129063-Construction of community centers and community halls","Odisha","PURI(DISTRICT COLLECTOR PURI_IDA)","Shri Manas Ranjan Mangaraj (2022-28) (2022-2028)","Elected MP","Construction of Community Centre at Tainlo Village. Block: Kanasa, District: Puri","15-Mar-2024","500000","22-Aug-2024"
"875","Normal/Others","WS/MP138/2024-2025/157421-Construction of community centers and community halls","Odisha","PURI(DISTRICT COLLECTOR PURI_IDA)","Smt. Sulata Deo (2022-28) (2022-2028)","Elected MP","1.	Construction of Badadanda Sai Community Center, GP-Badaanlo, Ward No7, Block-Krushna Prasad 	05.00	Puri	Collector Puri	Rural","08-Dec-2024","500000","15-Feb-2025"
"876","Normal/Others","WS/MP138/2024-2025/157422-Construction of community centers and community halls","Odisha","PURI(DISTRICT COLLECTOR PURI_IDA)","Smt. Sulata Deo (2022-28) (2022-2028)","Elected MP","Construction of Kenchukeswar COmmunity Center, Vilage- Kankada Dipi, Ward No. 4 GP - Kusubenti, Block- Brahmagiri","08-Dec-2024","500000","15-Feb-2025"
"877","Normal/Others","WS/MP18283/2025-2026/258416-Construction of roads, link roads, pathways or any other road with or without drainage system","Odisha","PURI(DISTRICT COLLECTOR PURI_IDA)","Shri Subhasish Khuntia (2024-30) (2024-2030)","Elected MP","Construction of CC road from Alasankha Primary School to Village Smasan.","09-Jan-2026","500000","05-Mar-2026"
"878","Normal/Others","WS/MP18283/2025-2026/258417-Construction of roads, link roads, pathways or any other road with or without drainage system","Odisha","PURI(DISTRICT COLLECTOR PURI_IDA)","Shri Subhasish Khuntia (2024-30) (2024-2030)","Elected MP","Construction of CC road from Banabarada to Itibhuan.","09-Jan-2026","500000","30-Mar-2026"
"879","Normal/Others","WS/MP18283/2025-2026/258420-Construction of roads, link roads, pathways or any other road with or without drainage system","Odisha","PURI(DISTRICT COLLECTOR PURI_IDA)","Shri Subhasish Khuntia (2024-30) (2024-2030)","Elected MP","Construction of CC road at Siyal Sahi, Dolagobindapur.","09-Jan-2026","700000","30-Mar-2026"
"880","Normal/Others","WS/MP18283/2025-2026/258435-Construction of roads, link roads, pathways or any other road with or without drainage system","Odisha","PURI(DISTRICT COLLECTOR PURI_IDA)","Shri Subhasish Khuntia (2024-30) (2024-2030)","Elected MP","Construction of CC road at Harijana Sahi, Gaindol","09-Jan-2026","500000","30-Mar-2026"
"881","Normal/Others","WS/MP18283/2025-2026/258428-Construction of roads, link roads, pathways or any other road with or without drainage system","Odisha","PURI(DISTRICT COLLECTOR PURI_IDA)","Shri Subhasish Khuntia (2024-30) (2024-2030)","Elected MP","Construction of CC road from Tala Kanduriapada to Upaar Kanduriapada.","09-Jan-2026","300000","30-Mar-2026"
"882","Normal/Others","WS/MP18283/2025-2026/258422-Construction of roads, link roads, pathways or any other road with or without drainage system","Odisha","PURI(DISTRICT COLLECTOR PURI_IDA)","Shri Subhasish Khuntia (2024-30) (2024-2030)","Elected MP","Construction of CC road and Drainage system at Harijanasahi, Mahana Sahi, Birapratappur","09-Jan-2026","500000","30-Mar-2026"
"883","Normal/Others","WS/MP18283/2025-2026/238351-Construction of roads, link roads, pathways or any other road with or without drainage system","Odisha","PURI(DISTRICT COLLECTOR PURI_IDA)","Shri Subhasish Khuntia (2024-30) (2024-2030)","Elected MP","Construction of Paver Block road At Laxmi Nrusinghanagar, Gopalpur, Baliguali","26-Sep-2025","500000","30-Mar-2026"
"884","Normal/Others","WS/MP18283/2025-2026/229848-Installation of multi-gym equipment","Odisha","PURI(DISTRICT COLLECTOR PURI_IDA)","Shri Subhasish Khuntia (2024-30) (2024-2030)","Elected MP","Installation of Multi Gym Equipment at Jaigada Jaga, Kumbharpada","28-Aug-2025","500000","06-Mar-2026"
"885","Normal/Others","WS/MP18283/2026-2027/229849-Installation of multi-gym equipment","Odisha","PURI(DISTRICT COLLECTOR PURI_IDA)","Shri Subhasish Khuntia (2024-30) (2024-2030)","Elected MP","Installation of Multi Gym Equipment at Odisha Jatiya Bayam Krida Parisada, Seabeach","28-Aug-2025","500000","26-May-2026"
"886","Normal/Others","WS/MP18283/2025-2026/234266-Construction of roads, link roads, pathways or any other road with or without drainage system","Odisha","PURI(DISTRICT COLLECTOR PURI_IDA)","Shri Subhasish Khuntia (2024-30) (2024-2030)","Elected MP","Construction of CC road at Tailasahi, Singhaberhampur Purbabad.","15-Sep-2025","300000","12-Dec-2025"
"887","Normal/Others","WS/MP18283/2025-2026/234267-Construction of roads, link roads, pathways or any other road with or without drainage system","Odisha","PURI(DISTRICT COLLECTOR PURI_IDA)","Shri Subhasish Khuntia (2024-30) (2024-2030)","Elected MP","Construction of CC road from Gagan Pradhan house to Ujjanipada RD, GP- Bharatipur","15-Sep-2025","300000","18-Feb-2026"
"888","Normal/Others","WS/MP18283/2025-2026/234269-Construction of roads, link roads, pathways or any other road with or without drainage system","Odisha","PURI(DISTRICT COLLECTOR PURI_IDA)","Shri Subhasish Khuntia (2024-30) (2024-2030)","Elected MP","Construction of CC road from Mohanty Sahi to Melana Padia at Jenapur 1, Delanga","15-Sep-2025","400000","12-Dec-2025"
"889","Normal/Others","WS/MP18283/2025-2026/229857-Construction of roads, link roads, pathways or any other road with or without drainage system","Odisha","PURI(DISTRICT COLLECTOR PURI_IDA)","Shri Subhasish Khuntia (2024-30) (2024-2030)","Elected MP","Construction of CC road from Chandanpur Embarkment road to Saraswati Sishu Bidya Mandir at Chandapur","28-Aug-2025","500000","30-Mar-2026"
"890","Normal/Others","NA-Construction of buildings for sports facilities","Odisha","RAYAGADA(DISTRICT COLLECTOR RAYAGADA_IDA)","Dr. Sasmit Patra (2022-28) (2022-2028)","Elected MP","Completion of incomplete building of Netaji Social, Cultural and Sporting Club, At-PO- Bissamcuttack, Dist. - Rayagada, Pin - 765019.","21-Jan-2025","500000","NA"
"891","Normal/Others","NA-Construction of rooms and halls in school and colleges","Odisha","RAYAGADA(DISTRICT COLLECTOR RAYAGADA_IDA)","Shri Sujeet Kumar (2026-32) (2026-2032)","Elected MP","Construction Additional Classroom at Saraswati Sishu Vidya Mandir, Amlabhata, Ambadola","19-Aug-2026","700000","NA"
"892","Normal/Others","NA-Purchase of books and periodicals for libraries/digitization of library books","Odisha","RAYAGADA(DISTRICT COLLECTOR RAYAGADA_IDA)","Dr. Sasmit Patra (2022-28) (2022-2028)","Elected MP","To establish the library infrastructure and procure books, digital resources, etc at New town puja committee community hall, Girls High School Road, Agriculture office Chouk, Rayagada","06-Aug-2025","500000","NA"
"893","Repair and Renovation","NA-Construction of additional rooms and halls in the existing public and community building","Odisha","RAYAGADA(DISTRICT COLLECTOR RAYAGADA_IDA)","Shri Manas Ranjan Mangaraj (2022-28) (2022-2028)","Elected MP","Construction of additional rooms of Netaji Social, Cultural & Social Club, Village- Bissam Cuttack, Block- Bisam Cuttack, District- Rayagada","09-Aug-2024","500000","NA"
"894","Normal/Others","WS/MP131/2026-2027/275356-Construction of rooms and halls in school and colleges","Odisha","SAMBALPUR(DISTRICT COLLECTOR SAMBALPUR_IDA)","Dr. Sasmit Patra (2022-28) (2022-2028)","Elected MP","Construction of Additional Classroom of Sishu Mandir of Village Jagannath Prasad, Block Naktideul","22-Mar-2026","500000","07-Aug-2026"
"895","Normal/Others","NA-Construction of rooms and halls in school and colleges","Odisha","SAMBALPUR(DISTRICT COLLECTOR SAMBALPUR_IDA)","Dr. Sasmit Patra (2022-28) (2022-2028)","Elected MP","Construction of Additional Classroom of Sishu Mandir of Village GP Batgaon, Block Naktideul","22-Mar-2026","500000","NA"
"896","Normal/Others","NA-Construction of rooms and halls in school and colleges","Odisha","SAMBALPUR(DISTRICT COLLECTOR SAMBALPUR_IDA)","Dr. Sasmit Patra (2022-28) (2022-2028)","Elected MP","Construction of Additional Classroom of Sishu Mandir of Village GP Kisinda, Block Naktideul","22-Mar-2026","500000","NA"
"897","Normal/Others","NA-Construction of rooms and halls in school and colleges","Odisha","SAMBALPUR(DISTRICT COLLECTOR SAMBALPUR_IDA)","Dr. Sasmit Patra (2022-28) (2022-2028)","Elected MP","Construction of Additional Classroom of Sri Aurobindo School at Village GP Badmal of Redhakhol Block","22-Mar-2026","500000","NA"
"898","Normal/Others","WS/MP131/2026-2027/275354-Construction of rooms and halls in school and colleges","Odisha","SAMBALPUR(DISTRICT COLLECTOR SAMBALPUR_IDA)","Dr. Sasmit Patra (2022-28) (2022-2028)","Elected MP","Construction of Dining Hall of Kadaligarh High School at Village GP Kadaligarh of Redhakhol Block","22-Mar-2026","1000000","06-Aug-2026"
"899","Normal/Others","WS/MP131/2026-2027/275349-Construction of rooms and halls in school and colleges","Odisha","SAMBALPUR(DISTRICT COLLECTOR SAMBALPUR_IDA)","Dr. Sasmit Patra (2022-28) (2022-2028)","Elected MP","Construction of Boundary wall and Entrance Gate of Rampur Sadar UP School, Ward No 13","22-Mar-2026","500000","06-Aug-2026"
"900","Normal/Others","WS/MP131/2026-2027/275350-Construction of rooms and halls in school and colleges","Odisha","SAMBALPUR(DISTRICT COLLECTOR SAMBALPUR_IDA)","Dr. Sasmit Patra (2022-28) (2022-2028)","Elected MP","Construction of Additional Class Room of Bindhyabasini UP School, Ward No 3","22-Mar-2026","500000","06-Aug-2026"
"901","Normal/Others","NA-Construction of rooms and halls in school and colleges","Odisha","SAMBALPUR(DISTRICT COLLECTOR SAMBALPUR_IDA)","Dr. Sasmit Patra (2022-28) (2022-2028)","Elected MP","Construction of Additional Classroom of Arjuna Plus 3 Degree College, Village GP Kadaligarh of Redhakhol Block","22-Mar-2026","1000000","NA"
"902","Normal/Others","WS/MP18452/2026-2027/292267-Construction of community centers and community halls","Odisha","SAMBALPUR(DISTRICT COLLECTOR SAMBALPUR_IDA)","Dr. Santrupt Misra (2026-32) (2026-2032)","Elected MP","Construction of Community Centre at Kakudipali under Batemura GP of Maneswar Block","09-Jul-2026","600000","03-Aug-2026"
"903","Normal/Others","WS/MP18452/2026-2027/292268-Construction of community centers and community halls","Odisha","SAMBALPUR(DISTRICT COLLECTOR SAMBALPUR_IDA)","Dr. Santrupt Misra (2026-32) (2026-2032)","Elected MP","Construction of Community Centre at Getipada under Ward No. 41 of SMC","09-Jul-2026","600000","03-Aug-2026"
"904","Normal/Others","WS/MP18452/2026-2027/292269-Construction of community centers and community halls","Odisha","SAMBALPUR(DISTRICT COLLECTOR SAMBALPUR_IDA)","Dr. Santrupt Misra (2026-32) (2026-2032)","Elected MP","Construction of Community Centre at Ammppada, Kiritpur under Batemura GP of Maneswar Block","09-Jul-2026","600000","03-Aug-2026"
"905","Normal/Others","WS/MP18452/2026-2027/292270-Construction of community centers and community halls","Odisha","SAMBALPUR(DISTRICT COLLECTOR SAMBALPUR_IDA)","Dr. Santrupt Misra (2026-32) (2026-2032)","Elected MP","Construction of Community Centre at Sansinghari, Khdiapada under Ward No. 2 of SMC","09-Jul-2026","600000","03-Aug-2026"
"906","Normal/Others","WS/MP18452/2026-2027/292271-Construction of community centers and community halls","Odisha","SAMBALPUR(DISTRICT COLLECTOR SAMBALPUR_IDA)","Dr. Santrupt Misra (2026-32) (2026-2032)","Elected MP","Construction of Community Centre at Jhrapada Chipilima under Kurdula of Dhankauda Block","09-Jul-2026","600000","03-Aug-2026"
"907","Normal/Others","WS/MP131/2026-2027/275355-Setting up of kitchen and pantries","Odisha","SAMBALPUR(DISTRICT COLLECTOR SAMBALPUR_IDA)","Dr. Sasmit Patra (2022-28) (2022-2028)","Elected MP","Installation of Cold Drinking Water system of Pandkimal UP School of Village Pandkimal GP Kadaligarh, Block Redhakhol","22-Mar-2026","500000","06-Aug-2026"
"908","Normal/Others","WS/MP131/2026-2027/275345-Construction of community centers and community halls","Odisha","SAMBALPUR(DISTRICT COLLECTOR SAMBALPUR_IDA)","Dr. Sasmit Patra (2022-28) (2022-2028)","Elected MP","Construction of Community Hall at Bhaluchua, Ward No-6 of Redhakhol NAC in Sambalpur district","22-Mar-2026","500000","06-Aug-2026"
"909","Normal/Others","WS/MP131/2026-2027/275346-Construction of community centers and community halls","Odisha","SAMBALPUR(DISTRICT COLLECTOR SAMBALPUR_IDA)","Dr. Sasmit Patra (2022-28) (2022-2028)","Elected MP","Completion of Kalyan Mandap at Pathansahi, Ward No 9 of Redhakhol NAC in Sambalpur district","22-Mar-2026","1000000","06-Aug-2026"
"910","Normal/Others","WS/MP131/2026-2027/275347-Construction of community centers and community halls","Odisha","SAMBALPUR(DISTRICT COLLECTOR SAMBALPUR_IDA)","Dr. Sasmit Patra (2022-28) (2022-2028)","Elected MP","Completion of Kalyan Mandap at Dimirikuda, Ward No 10 of Redhakhol NAC in Sambalpur district","22-Mar-2026","500000","06-Aug-2026"
"911","Normal/Others","WS/MP131/2026-2027/275348-Construction of community centers and community halls","Odisha","SAMBALPUR(DISTRICT COLLECTOR SAMBALPUR_IDA)","Dr. Sasmit Patra (2022-28) (2022-2028)","Elected MP","Completionn of Community Hall near Sampark Club, Ward No 12","22-Mar-2026","500000","06-Aug-2026"
"912","Normal/Others","WS/MP131/2026-2027/275352-Construction of community centers and community halls","Odisha","SAMBALPUR(DISTRICT COLLECTOR SAMBALPUR_IDA)","Dr. Sasmit Patra (2022-28) (2022-2028)","Elected MP","Completion of Kalyan Mandap at Village GP Bansajal of Redhakhol Block","22-Mar-2026","500000","06-Aug-2026"
"913","Normal/Others","WS/MP131/2026-2027/275359-Construction of community centers and community halls","Odisha","SAMBALPUR(DISTRICT COLLECTOR SAMBALPUR_IDA)","Dr. Sasmit Patra (2022-28) (2022-2028)","Elected MP","Completion of Community Centre near the Driver Association Office at Village Jagannath Prasad","22-Mar-2026","400000","07-Aug-2026"
"914","Normal/Others","WS/MP131/2026-2027/275360-Construction of community centers and community halls","Odisha","SAMBALPUR(DISTRICT COLLECTOR SAMBALPUR_IDA)","Dr. Sasmit Patra (2022-28) (2022-2028)","Elected MP","Construction of Community Centre at Village Sudapada GP Daincha of Naktideul Block","22-Mar-2026","500000","07-Aug-2026"
"915","Normal/Others","NA-Construction of community centers and community halls","Odisha","Sundaragada(DISTRICT COLLECTOR SUNDARGARH_IDA)","Shri Dilip Kumar Ray (2026-32) (2026-2032)","Elected MP","Construction of Community Hall","01-Jul-2026","500000","NA"
"916","Normal/Others","NA-Construction of community centers and community halls","Odisha","Sundaragada(DISTRICT COLLECTOR SUNDARGARH_IDA)","Shri Dilip Kumar Ray (2026-32) (2026-2032)","Elected MP","Construction of Anganwadi Centre","01-Jul-2026","700000","NA"
"917","Normal/Others","NA-Construction of community centers and community halls","Odisha","Sundaragada(DISTRICT COLLECTOR SUNDARGARH_IDA)","Shri Dilip Kumar Ray (2026-32) (2026-2032)","Elected MP","Construction of Community Hall","01-Jul-2026","1000000","NA"
"918","Repair and Renovation","NA-Construction of community centers and community halls","Odisha","Sundaragada(DISTRICT COLLECTOR SUNDARGARH_IDA)","Shri Dilip Kumar Ray (2026-32) (2026-2032)","Elected MP","Renovation of Community Hall","01-Jul-2026","1000000","NA"
"919","Normal/Others","NA-Construction of community centers and community halls","Odisha","Sundaragada(DISTRICT COLLECTOR SUNDARGARH_IDA)","Shri Dilip Kumar Ray (2026-32) (2026-2032)","Elected MP","Construction of Boundary wall","01-Jul-2026","700000","NA"
"920","Repair and Renovation","NA-Construction of community centers and community halls","Odisha","Sundaragada(DISTRICT COLLECTOR SUNDARGARH_IDA)","Shri Dilip Kumar Ray (2026-32) (2026-2032)","Elected MP","Renovation of Waiting Shed Cum Rest Shed","01-Jul-2026","1000000","NA"
"921","Normal/Others","NA-Construction of community centers and community halls","Odisha","Sundaragada(DISTRICT COLLECTOR SUNDARGARH_IDA)","Shri Dilip Kumar Ray (2026-32) (2026-2032)","Elected MP","Construction of Community Hall","01-Jul-2026","1000000","NA"
"922","Normal/Others","NA-Construction of community centers and community halls","Odisha","Sundaragada(DISTRICT COLLECTOR SUNDARGARH_IDA)","Shri Dilip Kumar Ray (2026-32) (2026-2032)","Elected MP","Construction of Community Centre","01-Jul-2026","1000000","NA"
"923","Normal/Others","WS/MP131/2023-2024/75804-Construction of community centers and community halls","Odisha","Sundaragada(DISTRICT COLLECTOR SUNDARGARH_IDA)","Dr. Sasmit Patra (2022-28) (2022-2028)","Elected MP","Construction of paber Block fixing in front of Bijadihi Community Centre","05-Jan-2024","300000","16-Feb-2024"
"924","Normal/Others","WS/MP131/2023-2024/75802-Construction of community centers and community halls","Odisha","Sundaragada(DISTRICT COLLECTOR SUNDARGARH_IDA)","Dr. Sasmit Patra (2022-28) (2022-2028)","Elected MP","Completion of Community Centre at Kinjirma Chruchpada","05-Jan-2024","400000","16-Feb-2024"
"925","Normal/Others","WS/MP131/2023-2024/75803-Construction of rooms and halls in school and colleges","Odisha","Sundaragada(DISTRICT COLLECTOR SUNDARGARH_IDA)","Dr. Sasmit Patra (2022-28) (2022-2028)","Elected MP","Improvement of Road from Kudabaga U.P. School to Baghaiaberna Road","05-Jan-2024","200000","11-Mar-2024"
"926","Normal/Others","WS/MP131/2023-2024/75835-Providing drains and gutters for public drainage","Odisha","Sundaragada(DISTRICT COLLECTOR SUNDARGARH_IDA)","Dr. Sasmit Patra (2022-28) (2022-2028)","Elected MP","Construction of CC drain with Slape from Illyas House to Irshad House in Mistry Daffai (Birmitrapur Municipality)","05-Jan-2024","300000","15-Mar-2024"
"927","Normal/Others","WS/MP131/2023-2024/116760-Construction of roads, link roads, pathways or any other road with or without drainage system","Odisha","Sundaragada(DISTRICT COLLECTOR SUNDARGARH_IDA)","Dr. Sasmit Patra (2022-28) (2022-2028)","Elected MP","Construction of CC Road from KalaPada to Raja Munda at BhabaniPur, Near Andha Kapileswar Temple, Kapileswarpur, GP-Kirei, Block, Sadar (Sundargarh)","28-Feb-2024","600000","11-Mar-2024"
"928","Normal/Others","WS/MP131/2023-2024/121530-Construction of roads, link roads, pathways or any other road with or without drainage system","Odisha","Sundaragada(DISTRICT COLLECTOR SUNDARGARH_IDA)","Dr. Sasmit Patra (2022-28) (2022-2028)","Elected MP","Construction of CC Road from Dhiraj Shop to MD Basti House","06-Mar-2024","1000000","11-Mar-2024"
"929","Normal/Others","WS/MP131/2023-2024/75836-Construction of roads, link roads, pathways or any other road with or without drainage system","Odisha","Sundaragada(DISTRICT COLLECTOR SUNDARGARH_IDA)","Dr. Sasmit Patra (2022-28) (2022-2028)","Elected MP","Construction of CC Road Jagal Village End and to Jharkhan Border Jaraikela GP (Bisra Block)","05-Jan-2024","300000","16-Feb-2024"
"930","Normal/Others","WS/MP131/2023-2024/75841-Construction of roads, link roads, pathways or any other road with or without drainage system","Odisha","Sundaragada(DISTRICT COLLECTOR SUNDARGARH_IDA)","Dr. Sasmit Patra (2022-28) (2022-2028)","Elected MP","Construction of CC Road from Kedia House to Indane Gas Godown and adjacent Galli","05-Jan-2024","1000000","11-Mar-2024"
"931","Normal/Others","WS/MP131/2023-2024/75842-Construction of roads, link roads, pathways or any other road with or without drainage system","Odisha","Sundaragada(DISTRICT COLLECTOR SUNDARGARH_IDA)","Dr. Sasmit Patra (2022-28) (2022-2028)","Elected MP","Construction of road from Court Road to Sapneswar Mandir","05-Jan-2024","1000000","16-Feb-2024"
"932","Normal/Others","WS/MP131/2023-2024/75815-Construction of roads, link roads, pathways or any other road with or without drainage system","Odisha","Sundaragada(DISTRICT COLLECTOR SUNDARGARH_IDA)","Dr. Sasmit Patra (2022-28) (2022-2028)","Elected MP","Construction of C.C. Road at Deobhubanpur Rangapada from Akhada Danda to Mohato House in Deobhubanpur, Balisankara Block, Sundargarh District","05-Jan-2024","300000","15-Mar-2024"
"933","Normal/Others","WS/MP131/2023-2024/75816-Construction of roads, link roads, pathways or any other road with or without drainage system","Odisha","Sundaragada(DISTRICT COLLECTOR SUNDARGARH_IDA)","Dr. Sasmit Patra (2022-28) (2022-2028)","Elected MP","Construction of C.C. Road from A.w.c. to Herman house, Bramhamanibahal, in Lulkidihi, Balisankara Block, Sundargarh","05-Jan-2024","400000","11-Mar-2024"
"934","Normal/Others","WS/MP131/2023-2024/75817-Construction of roads, link roads, pathways or any other road with or without drainage system","Odisha","Sundaragada(DISTRICT COLLECTOR SUNDARGARH_IDA)","Dr. Sasmit Patra (2022-28) (2022-2028)","Elected MP","Construction of C.C. road at Dhukupada","05-Jan-2024","400000","15-Mar-2024"
"935","Normal/Others","WS/MP131/2023-2024/75818-Construction of roads, link roads, pathways or any other road with or without drainage system","Odisha","Sundaragada(DISTRICT COLLECTOR SUNDARGARH_IDA)","Dr. Sasmit Patra (2022-28) (2022-2028)","Elected MP","Construction of C.C. road at Chhapal, near R.C. Church road in Sagbahal, Balisankara Block, SUndargarh","05-Jan-2024","400000","11-Mar-2024"
"936","Normal/Others","WS/MP131/2023-2024/75819-Construction of roads, link roads, pathways or any other road with or without drainage system","Odisha","Sundaragada(DISTRICT COLLECTOR SUNDARGARH_IDA)","Dr. Sasmit Patra (2022-28) (2022-2028)","Elected MP","Construction of C. C. road from Fagnu Rohidas home to Tilka Rohidas home","05-Jan-2024","300000","15-Mar-2024"
"937","Normal/Others","WS/MP131/2023-2024/75820-Construction of roads, link roads, pathways or any other road with or without drainage system","Odisha","Sundaragada(DISTRICT COLLECTOR SUNDARGARH_IDA)","Dr. Sasmit Patra (2022-28) (2022-2028)","Elected MP","Construction of guardwall from kadelpada to karkatpada road near farm pond, in Deogaon, Subdega Block, Sundargarh","05-Jan-2024","400000","15-Mar-2024"
"938","Normal/Others","WS/MP131/2023-2024/75821-Construction of roads, link roads, pathways or any other road with or without drainage system","Odisha","Sundaragada(DISTRICT COLLECTOR SUNDARGARH_IDA)","Dr. Sasmit Patra (2022-28) (2022-2028)","Elected MP","Construction of C. C. road from Basanti house to PWD road at Babudihi in Kurumkel, Block-Subedga, Sundargarh district","05-Jan-2024","400000","15-Mar-2024"
"939","Normal/Others","WS/MP131/2023-2024/75822-Construction of roads, link roads, pathways or any other road with or without drainage system","Odisha","Sundaragada(DISTRICT COLLECTOR SUNDARGARH_IDA)","Dr. Sasmit Patra (2022-28) (2022-2028)","Elected MP","Construction of C. C. road from main road to Badheipada at Dumerbahal, Block- Subdega, Sundargarh district","05-Jan-2024","400000","15-Mar-2024"
"940","Normal/Others","WS/MP131/2023-2024/75831-Construction of roads, link roads, pathways or any other road with or without drainage system","Odisha","Sundaragada(DISTRICT COLLECTOR SUNDARGARH_IDA)","Dr. Sasmit Patra (2022-28) (2022-2028)","Elected MP","Construction of Guard Wall with C.C. Road PMGSY Road to Urmei Hockey Field GP Urmei, Nuagaon Block","05-Jan-2024","700000","15-Mar-2024"
"941","Normal/Others","WS/MP131/2023-2024/75832-Construction of roads, link roads, pathways or any other road with or without drainage system","Odisha","Sundaragada(DISTRICT COLLECTOR SUNDARGARH_IDA)","Dr. Sasmit Patra (2022-28) (2022-2028)","Elected MP","Construction of C.C. Road At Sorda Bhokta Toli Patpahgar Sorda GP, Nuagaon Block","05-Jan-2024","400000","15-Mar-2024"
"942","Normal/Others","WS/MP131/2023-2024/75833-Construction of roads, link roads, pathways or any other road with or without drainage system","Odisha","Sundaragada(DISTRICT COLLECTOR SUNDARGARH_IDA)","Dr. Sasmit Patra (2022-28) (2022-2028)","Elected MP","Construction of CC Road Peno Singh House to Pagdu Badaik House at Barliepta Jagdatoli, At – Barilepta, Nuagaon Block","05-Jan-2024","300000","15-Mar-2024"
"943","Normal/Others","WS/MP131/2023-2024/75834-Construction of roads, link roads, pathways or any other road with or without drainage system","Odisha","Sundaragada(DISTRICT COLLECTOR SUNDARGARH_IDA)","Dr. Sasmit Patra (2022-28) (2022-2028)","Elected MP","Construction of CC Road at Bakutola Rameswari House to Mangal Mundari House Teterkela GP, Nuagaon Block","05-Jan-2024","300000","15-Mar-2024"
"944","Normal/Others","NA-Construction of community centers and community halls","Odisha","Sundaragada(DISTRICT COLLECTOR SUNDARGARH_IDA)","Shri Dilip Kumar Ray (2026-32) (2026-2032)","Elected MP","Construction of Community Hall","01-Jul-2026","1000000","NA"
"945","Repair and Renovation","NA-Construction of community centers and community halls","Odisha","Sundaragada(DISTRICT COLLECTOR SUNDARGARH_IDA)","Shri Dilip Kumar Ray (2026-32) (2026-2032)","Elected MP","Construction of Community Hall","01-Jul-2026","1000000","NA"
"946","Normal/Others","NA-Construction of community centers and community halls","Odisha","Sundaragada(DISTRICT COLLECTOR SUNDARGARH_IDA)","Shri Dilip Kumar Ray (2026-32) (2026-2032)","Elected MP","Construction of Community Hall","01-Jul-2026","700000","NA"
"947","Normal/Others","NA-Construction of community centers and community halls","Odisha","Sundaragada(DISTRICT COLLECTOR SUNDARGARH_IDA)","Shri Dilip Kumar Ray (2026-32) (2026-2032)","Elected MP","Construction of Community Centre and Community Hall","01-Jul-2026","700000","NA"
"948","Normal/Others","NA-Crematoriums/energy efficient crematoriums or structures on burial/cremation ground","Odisha","Sundaragada(DISTRICT COLLECTOR SUNDARGARH_IDA)","Shri Dilip Kumar Ray (2026-32) (2026-2032)","Elected MP","Construction of Cremation Ground","01-Jul-2026","1000000","NA"
"949","Normal/Others","NA-Crematoriums/energy efficient crematoriums or structures on burial/cremation ground","Odisha","Sundaragada(DISTRICT COLLECTOR SUNDARGARH_IDA)","Shri Dilip Kumar Ray (2026-32) (2026-2032)","Elected MP","Development of Existing Cremation Ground","01-Jul-2026","1000000","NA"
"950","Normal/Others","NA-Construction of night shelters for homeless","Odisha","Sundaragada(DISTRICT COLLECTOR SUNDARGARH_IDA)","Shri Dilip Kumar Ray (2026-32) (2026-2032)","Elected MP","Construction of  rooms for Handicap Children near SoS Village","01-Jul-2026","700000","NA"
"951","Normal/Others","NA-Construction of bus-sheds or bus-stops","Odisha","Sundaragada(DISTRICT COLLECTOR SUNDARGARH_IDA)","Shri Dilip Kumar Ray (2026-32) (2026-2032)","Elected MP","Construction of Rest Shed-Cum-waiting Shed","01-Jul-2026","200000","NA"
"952","Normal/Others","NA-Construction of bus-sheds or bus-stops","Odisha","Sundaragada(DISTRICT COLLECTOR SUNDARGARH_IDA)","Shri Dilip Kumar Ray (2026-32) (2026-2032)","Elected MP","Construction of Community Centre and Community hall","01-Jul-2026","600000","NA"
"953","Normal/Others","WS/MP131/2025-2026/201184-Construction of roads, link roads, pathways or any other road with or without drainage system","Odisha","Sundaragada(DISTRICT COLLECTOR SUNDARGARH_IDA)","Dr. Sasmit Patra (2022-28) (2022-2028)","Elected MP","Construction of CC Road, ICDS Backside road, ward no- 12, Lathikata GP","19-May-2025","200000","11-Sep-2025"
"954","Normal/Others","WS/MP131/2025-2026/201185-Construction of roads, link roads, pathways or any other road with or without drainage system","Odisha","Sundaragada(DISTRICT COLLECTOR SUNDARGARH_IDA)","Dr. Sasmit Patra (2022-28) (2022-2028)","Elected MP","Construction of CC Road, RD Road to Chama house, Ward no-12, Karlakhaman Village, Lathikata","19-May-2025","200000","11-Sep-2025"
"955","Normal/Others","WS/MP131/2025-2026/201186-Construction of roads, link roads, pathways or any other road with or without drainage system","Odisha","Sundaragada(DISTRICT COLLECTOR SUNDARGARH_IDA)","Dr. Sasmit Patra (2022-28) (2022-2028)","Elected MP","Construction of Guard Wall, NH-143 to Dr. Sarangi Basti, Ward No-10, Lathikata GP","19-May-2025","250000","14-Aug-2025"
"956","Normal/Others","WS/MP131/2025-2026/201187-Construction of roads, link roads, pathways or any other road with or without drainage system","Odisha","Sundaragada(DISTRICT COLLECTOR SUNDARGARH_IDA)","Dr. Sasmit Patra (2022-28) (2022-2028)","Elected MP","Construction of CC Road, Bhikari Oram House to NH-143, Ward No-13, Nayadera, Hatibandha GP","19-May-2025","300000","11-Sep-2025"
"957","Normal/Others","WS/MP131/2025-2026/195649-Construction of roads, link roads, pathways or any other road with or without drainage system","Odisha","Sundaragada(DISTRICT COLLECTOR SUNDARGARH_IDA)","Dr. Sasmit Patra (2022-28) (2022-2028)","Elected MP","Construction of CC Road at Kherpada to AWC, Rouldega","30-Apr-2025","400000","10-Dec-2025"
"958","Normal/Others","WS/MP131/2025-2026/195650-Construction of roads, link roads, pathways or any other road with or without drainage system","Odisha","Sundaragada(DISTRICT COLLECTOR SUNDARGARH_IDA)","Dr. Sasmit Patra (2022-28) (2022-2028)","Elected MP","Construction of CC Road from Patarfandi House to PWD Road at Rasti, KhurluTungri","30-Apr-2025","400000","10-Dec-2025"
"959","Normal/Others","WS/MP131/2025-2026/195651-Construction of roads, link roads, pathways or any other road with or without drainage system","Odisha","Sundaragada(DISTRICT COLLECTOR SUNDARGARH_IDA)","Dr. Sasmit Patra (2022-28) (2022-2028)","Elected MP","Construction of CC Road from Beheradihi Road to Kinjirkela College, Kinjirkela","30-Apr-2025","300000","10-Dec-2025"
"960","Normal/Others","WS/MP131/2025-2026/195653-Construction of roads, link roads, pathways or any other road with or without drainage system","Odisha","Sundaragada(DISTRICT COLLECTOR SUNDARGARH_IDA)","Dr. Sasmit Patra (2022-28) (2022-2028)","Elected MP","Construction of CC Road from Bhadra Bhoi House to Mandal House at Jhariadhipa, Subalaya","30-Apr-2025","400000","09-Jan-2026"
"961","Normal/Others","WS/MP131/2025-2026/195654-Construction of roads, link roads, pathways or any other road with or without drainage system","Odisha","Sundaragada(DISTRICT COLLECTOR SUNDARGARH_IDA)","Dr. Sasmit Patra (2022-28) (2022-2028)","Elected MP","Construction of CC Road at Thudkupada Road","30-Apr-2025","500000","08-Jul-2025"
"962","Normal/Others","WS/MP138/2025-2026/170343-Construction of community centers and community halls","Odisha","Anugola(DISTRICT COLLECTORANGUL_IDA)","Smt. Sulata Deo (2022-28) (2022-2028)","Elected MP","Construction for Building for Radio Sarvodaya Bajirout Chhatabas Susuda Village, Ward No-11 Angul Municipality, PO Hakimapada, Distt- Angul-759143","30-Jan-2025","1000000","10-Apr-2025"
"963","Normal/Others","NA-Construction of community centers and community halls","Odisha","NUAPADA(DISTRICT COLLECTOR  NUAPADA_IDA)","Shri Sujeet Kumar (2026-32) (2026-2032)","Elected MP","Const. of Jadav Samaj Bhawan at Junani Village","18-Aug-2026","500000","NA"
"964","Normal/Others","NA-Development of playfields and sports grounds","Odisha","NUAPADA(DISTRICT COLLECTOR  NUAPADA_IDA)","Shri Sujeet Kumar (2026-32) (2026-2032)","Elected MP","Construction of a Changing Room cum Stage at Budharaja Mini Stadium, Singjhar","19-Aug-2026","800000","NA"
"965","Normal/Others","NA-Construction of buildings for sports facilities","Odisha","Nayagada(DISTRICT COLLECTOR  NAYAGARH_IDA)","Dr. Sasmit Patra (2022-28) (2022-2028)","Elected MP","Construction of the first floor of Nayagarh club at Lekhanpur village,GP-Nabaghanpur under Nayagarh Block","05-Jan-2024","1000000","NA"
"966","Normal/Others","NA-Construction of buildings for sports facilities","Odisha","Nayagada(DISTRICT COLLECTOR  NAYAGARH_IDA)","Dr. Sasmit Patra (2022-28) (2022-2028)","Elected MP","Construction of Additional room of Nayagarh Club at Lekhanpur Village, GP - Nabaghanpur, Block- Nayagarh","10-Mar-2026","500000","NA"
"967","Normal/Others","NA-Development of public parks","Odisha","Nayagada(DISTRICT COLLECTOR  NAYAGARH_IDA)","Dr. Sasmit Patra (2022-28) (2022-2028)","Elected MP","Construction of Mahatpalla Park, Near High School, GP Mahatpalla, Block Ranpur, Dist. Nayagarh.","26-Aug-2026","200000","NA"
"968","Normal/Others","WS/MP131/2023-2024/107174-Development of playfields and sports grounds","Odisha","Nayagada(DISTRICT COLLECTOR  NAYAGARH_IDA)","Dr. Sasmit Patra (2022-28) (2022-2028)","Elected MP","Provision for Flood Light North West Side at Playground (Khelapadia) - Nayagarh Municipality","16-Feb-2024","500000","19-Feb-2024"
"969","Repair and Renovation","WS/MP18283/2025-2026/238276-Renovation of ponds and lakes","Odisha","Nayagada(DISTRICT COLLECTOR  NAYAGARH_IDA)","Shri Subhasish Khuntia (2024-30) (2024-2030)","Elected MP","Renovation of Champagada Village Pond at Champagada.","26-Sep-2025","200000","13-Mar-2026"
"970","Normal/Others","WS/MP131/2023-2024/75782-Purchase Books for Library","Odisha","Nayagada(DISTRICT COLLECTOR  NAYAGARH_IDA)","Dr. Sasmit Patra (2022-28) (2022-2028)","Elected MP","Provision of books for District Library, Nayagarh Municipality","05-Jan-2024","500000","12-Feb-2024"
"971","Repair and Renovation","NA-Construction of community centers and community halls","Odisha","Nayagada(DISTRICT COLLECTOR  NAYAGARH_IDA)","Dr. Sasmit Patra (2022-28) (2022-2028)","Elected MP","Repair and Renovation of Kusupalla Brahmanidevi Community Centre, GP Patia, Block Ranpur, Dist.Nayagarh.","26-Aug-2026","200000","NA"
"972","Repair and Renovation","NA-Construction of community centers and community halls","Odisha","Nayagada(DISTRICT COLLECTOR  NAYAGARH_IDA)","Dr. Sasmit Patra (2022-28) (2022-2028)","Elected MP","Repair and Renovation of Dhamada Community Centre, G.P.  Kandapada, Block Ranpur, Dist. Nayagarh.","26-Aug-2026","200000","NA"
"973","Repair and Renovation","NA-Construction of community centers and community halls","Odisha","Nayagada(DISTRICT COLLECTOR  NAYAGARH_IDA)","Dr. Sasmit Patra (2022-28) (2022-2028)","Elected MP","Repair and Renovation of Tarini Community Centre, Sikharpur, G.P. Sikharpur, Block  Odagaon, Dist.: Nayagarh.","26-Aug-2026","200000","NA"
"974","Repair and Renovation","NA-Construction of community centers and community halls","Odisha","Nayagada(DISTRICT COLLECTOR  NAYAGARH_IDA)","Dr. Sasmit Patra (2022-28) (2022-2028)","Elected MP","Repair and Renovation of Dalakhai Community Centre, Godisahi, Magarbandha, G.P. Magarbandha, Block Odagaon, Dist. Nayagarh.","26-Aug-2026","100000","NA"
"975","Normal/Others","NA-Construction of community centers and community halls","Odisha","Nayagada(DISTRICT COLLECTOR  NAYAGARH_IDA)","Dr. Sasmit Patra (2022-28) (2022-2028)","Elected MP","Construction of Bhagabat Community Centre, Magarbandha, G.P.  Magarbandha, Block Odagaon, Dist. Nayagarh.","26-Aug-2026","200000","NA"
"976","Normal/Others","WS/MP131/2026-2027/273369-Purchase of books for public libraries/ digitization of library books","Odisha","Nayagada(DISTRICT COLLECTOR  NAYAGARH_IDA)","Dr. Sasmit Patra (2022-28) (2022-2028)","Elected MP","Provision of Instruments and Books for Rasanga Village Library at Rasanga, GP- Rasanga, Block- Gania","10-Mar-2026","1000000","23-Jun-2026"
"977","Normal/Others","WS/MP131/2023-2024/75781-Construction of public libraries and reading rooms","Odisha","Nayagada(DISTRICT COLLECTOR  NAYAGARH_IDA)","Dr. Sasmit Patra (2022-28) (2022-2028)","Elected MP","Construction of Rasanga Village Library at Rasanga, Block- Gania","05-Jan-2024","1000000","12-Feb-2024"
"978","Normal/Others","WS/MP131/2026-2027/273372-Construction of bus-sheds or bus-stops","Odisha","Nayagada(DISTRICT COLLECTOR  NAYAGARH_IDA)","Dr. Sasmit Patra (2022-28) (2022-2028)","Elected MP","Construction of Tourist Restshed near Barakanya Tourist Spot at Nihalprasad Village, GP-Banthapur, Block- Odagan","10-Mar-2026","1000000","18-May-2026"
"979","Normal/Others","WS/MP131/2026-2027/273370-Construction of bus-sheds or bus-stops","Odisha","Nayagada(DISTRICT COLLECTOR  NAYAGARH_IDA)","Dr. Sasmit Patra (2022-28) (2022-2028)","Elected MP","Rest Shed and Gate at Rasang near by main road GP- Rasanga Block- Gania","10-Mar-2026","500000","23-Jun-2026"
"980","Normal/Others","NA-Construction of boundary walls of existing public and community buildings","Odisha","Nayagada(DISTRICT COLLECTOR  NAYAGARH_IDA)","Dr. Sasmit Patra (2022-28) (2022-2028)","Elected MP","Construction of Trinath Community Centre Boundary Wall, Bankapur, GP Brajarajpur, Block Ranpur, Dist.: Nayagarh.","26-Aug-2026","200000","NA"
"981","Normal/Others","NA-Construction of boundary walls of existing public and community buildings","Odisha","Nayagada(DISTRICT COLLECTOR  NAYAGARH_IDA)","Dr. Sasmit Patra (2022-28) (2022-2028)","Elected MP","Construction of Dadhibaman Jew Community Centre Boundary Wall, Kotaranga, G.P. Godipalli, Block Odagaon, Dist. Nayagarh, Odisha.","26-Aug-2026","200000","NA"
"982","Normal/Others","WS/MP131/2023-2024/75779-Development of playground","Odisha","Nayagada(DISTRICT COLLECTOR  NAYAGARH_IDA)","Dr. Sasmit Patra (2022-28) (2022-2028)","Elected MP","Provision for Flood Light South West side at Play Ground (Khelapadia), Nayagarh Municipality","05-Jan-2024","500000","12-Feb-2024"
"983","Normal/Others","WS/MP134/2024-2025/134460-Construction of community centers and community halls","Odisha","Nayagada(DISTRICT COLLECTOR  NAYAGARH_IDA)","Shri Ashwini Vaishnaw (2024-30) (2024-2030)","Elected MP","Construction of Multipurpose Community Hall","31-Jul-2024","1500000","14-Feb-2025"
"984","Repair and Renovation","WS/MP18283/2025-2026/238243-Construction of community centers and community halls","Odisha","Nayagada(DISTRICT COLLECTOR  NAYAGARH_IDA)","Shri Subhasish Khuntia (2024-30) (2024-2030)","Elected MP","Improvement of Bhagabat Community Center at Magarbandha.","26-Sep-2025","200000","13-Mar-2026"
"985","Repair and Renovation","WS/MP18283/2025-2026/238244-Construction of community centers and community halls","Odisha","Nayagada(DISTRICT COLLECTOR  NAYAGARH_IDA)","Shri Subhasish Khuntia (2024-30) (2024-2030)","Elected MP","Improvement of Jagannath Community Center, Mandap Sahi, Sikharpur","26-Sep-2025","200000","13-Mar-2026"
"986","Repair and Renovation","NA-Construction of community centers and community halls","Odisha","Nayagada(DISTRICT COLLECTOR  NAYAGARH_IDA)","Shri Subhasish Khuntia (2024-30) (2024-2030)","Elected MP","Improvement of Giri Gobardhan Community Center at Khilipatna.","26-Sep-2025","200000","NA"
"987","Repair and Renovation","WS/MP18283/2025-2026/238246-Construction of community centers and community halls","Odisha","Nayagada(DISTRICT COLLECTOR  NAYAGARH_IDA)","Shri Subhasish Khuntia (2024-30) (2024-2030)","Elected MP","Improvement of Dhamada Harijan Sahi Community Center, Dhamada","26-Sep-2025","200000","13-Mar-2026"
"988","Repair and Renovation","WS/MP18283/2025-2026/238247-Construction of community centers and community halls","Odisha","Nayagada(DISTRICT COLLECTOR  NAYAGARH_IDA)","Shri Subhasish Khuntia (2024-30) (2024-2030)","Elected MP","Improvement of Trinath Dev Community Center, Pananagar","26-Sep-2025","200000","13-Mar-2026"
"989","Normal/Others","WS/MP18283/2025-2026/238251-Construction of community centers and community halls","Odisha","Nayagada(DISTRICT COLLECTOR  NAYAGARH_IDA)","Shri Subhasish Khuntia (2024-30) (2024-2030)","Elected MP","Construction of Mahaveer Community Center at Gopalpur.","26-Sep-2025","200000","13-Mar-2026"
"990","Repair and Renovation","WS/MP18283/2025-2026/238259-Construction of community centers and community halls","Odisha","Nayagada(DISTRICT COLLECTOR  NAYAGARH_IDA)","Shri Subhasish Khuntia (2024-30) (2024-2030)","Elected MP","Improvement of Radhakrishna Community center at Namagadia.","26-Sep-2025","200000","13-Mar-2026"
"991","Repair and Renovation","WS/MP18283/2025-2026/238264-Construction of community centers and community halls","Odisha","Nayagada(DISTRICT COLLECTOR  NAYAGARH_IDA)","Shri Subhasish Khuntia (2024-30) (2024-2030)","Elected MP","Improvement of Patitapaban Community Center at Pimpala.","26-Sep-2025","200000","13-Mar-2026"
"992","Repair and Renovation","WS/MP18283/2025-2026/238275-Construction of community centers and community halls","Odisha","Nayagada(DISTRICT COLLECTOR  NAYAGARH_IDA)","Shri Subhasish Khuntia (2024-30) (2024-2030)","Elected MP","Improvement of Kamana Community Center at Darpanarayanpur.","26-Sep-2025","200000","13-Mar-2026"
"993","Normal/Others","NA-Construction of community centers and community halls","Odisha","Nayagada(DISTRICT COLLECTOR  NAYAGARH_IDA)","Smt. Sulata Deo (2022-28) (2022-2028)","Elected MP","Construction of Nayagarh club at Lekhanpur Village GP-Nabaghanpur, Block-Nayagarh","03-Jul-2025","500000","NA"
"994","Normal/Others","NA-Construction of rooms and facilities for hospitals, FWC , PHC Centers and ANM centers","Odisha","JAGATSINGHAPUR(DISTRICT COLLECTOR JAGATSINGHPUR_IDA)","Shri Dilip Kumar Ray (2026-32) (2026-2032)","Elected MP","Construction of Wellness Centre","01-Sep-2026","1000000","NA"
"995","Normal/Others","NA-Construction of boundary walls of existing public and community buildings","Odisha","JAGATSINGHAPUR(DISTRICT COLLECTOR JAGATSINGHPUR_IDA)","Shri Manas Ranjan Mangaraj (2022-28) (2022-2028)","Elected MP","Construction of Boundary wall of Basanta Bagicha Play Ground.","05-May-2026","400000","NA"
"996","Normal/Others","WS/MP138/2025-2026/143888-Construction of public libraries and reading rooms","Odisha","JAGATSINGHAPUR(DISTRICT COLLECTOR JAGATSINGHPUR_IDA)","Smt. Sulata Deo (2022-28) (2022-2028)","Elected MP","Repairing and renovation of GP Office and Construction of Boundary Wall at Ward No-10, Village Bagalpur, GP- Bagalpur, Block- Biridi, DIstt-Jagatsingpur-754102.","27-Sep-2024","622527","11-Sep-2025"
"997","Normal/Others","NA-Construction of community centers and community halls","Odisha","JAGATSINGHAPUR(DISTRICT COLLECTOR JAGATSINGHPUR_IDA)","Smt. Sulata Deo (2022-28) (2022-2028)","Elected MP","Office building of Gandhian peoples action Committee, at Ghadimula, post Bada Mundilo, GP Kantilo Ward No.15, Jagatsinghpur","31-Aug-2026","400000","NA"
"998","Normal/Others","WS/MP138/2025-2026/210946-Street lights","Odisha","JAGATSINGHAPUR(DISTRICT COLLECTOR JAGATSINGHPUR_IDA)","Smt. Sulata Deo (2022-28) (2022-2028)","Elected MP","Installation of High Mast Light at Badadanda Chhaka Village GP Hajipur Ward No 6 Block Biridi Distt Jagatsinghpur","21-Jun-2025","750000","13-Jan-2026"
"999","Normal/Others","WS/MP138/2025-2026/210947-Street lights","Odisha","JAGATSINGHAPUR(DISTRICT COLLECTOR JAGATSINGHPUR_IDA)","Smt. Sulata Deo (2022-28) (2022-2028)","Elected MP","Installation of Semi High Mast Light at Harijan Sahi Chhaka Village Raghunathpur Ward No 3 GP Ukundara Block Biridi Distt Jagatsinghpur","21-Jun-2025","250000","13-Jan-2026"
"1000","Normal/Others","WS/MP138/2025-2026/210948-Street lights","Odisha","JAGATSINGHAPUR(DISTRICT COLLECTOR JAGATSINGHPUR_IDA)","Smt. Sulata Deo (2022-28) (2022-2028)","Elected MP","Installation of Semi High Mast Light at Bhoi Sahi Chhaka Village Ukundara Ward No 15 GP Ukundara Block Biridi Distt Jagatsinghpur","21-Jun-2025","250000","13-Jan-2026"
"1001","Normal/Others","WS/MP138/2025-2026/210949-Street lights","Odisha","JAGATSINGHAPUR(DISTRICT COLLECTOR JAGATSINGHPUR_IDA)","Smt. Sulata Deo (2022-28) (2022-2028)","Elected MP","Installation of Semi High Mast Light at Bhoi Sahi Chhaka Village Raghunathpur Ward No 1 GP Ukundara Block Biridi Distt Jagatsinghpur","21-Jun-2025","250000","13-Jan-2026"
"1002","Normal/Others","WS/MP138/2025-2026/210950-Street lights","Odisha","JAGATSINGHAPUR(DISTRICT COLLECTOR JAGATSINGHPUR_IDA)","Smt. Sulata Deo (2022-28) (2022-2028)","Elected MP","Installation of Semi High Mast Light at Laxmi Mandap Chhaka Village Alipada Ward No 17 GP Ukundara Block Biridi Distt Jagatsinghpur","21-Jun-2025","250000","13-Jan-2026"
"1003","Normal/Others","WS/MP138/2025-2026/210951-Street lights","Odisha","JAGATSINGHAPUR(DISTRICT COLLECTOR JAGATSINGHPUR_IDA)","Smt. Sulata Deo (2022-28) (2022-2028)","Elected MP","Installation of High Mast Light at Tarekeswar Chhaka Village Kirtanpur GP Gopalpur Ward No 6 Block Tirtol Distt Jagatsinghpur","21-Jun-2025","750000","19-Feb-2026"
"1004","Normal/Others","WS/MP138/2025-2026/210952-Street lights","Odisha","JAGATSINGHAPUR(DISTRICT COLLECTOR JAGATSINGHPUR_IDA)","Smt. Sulata Deo (2022-28) (2022-2028)","Elected MP","Installation of Semi High Mast Light at Gopalpur Hata Chhaka Village Gopalpur GP Gopalpur Ward No 6 Block Tirtol Distt Jagatsinghpur","21-Jun-2025","750000","19-Feb-2026"
"1005","Normal/Others","WS/MP18283/2025-2026/234272-Street lights","Odisha","JAGATSINGHAPUR(DISTRICT COLLECTOR JAGATSINGHPUR_IDA)","Shri Subhasish Khuntia (2024-30) (2024-2030)","Elected MP","Installation of Semi High Mast light at Akhandalamani Chowk","15-Sep-2025","250000","19-Feb-2026"
"1006","Normal/Others","WS/MP18283/2025-2026/234273-Street lights","Odisha","JAGATSINGHAPUR(DISTRICT COLLECTOR JAGATSINGHPUR_IDA)","Shri Subhasish Khuntia (2024-30) (2024-2030)","Elected MP","Installation of Semi High Mast light at Nilakantheswar Mandir Chowk","15-Sep-2025","250000","13-Feb-2026"
"1007","Normal/Others","WS/MP18283/2025-2026/234274-Street lights","Odisha","JAGATSINGHAPUR(DISTRICT COLLECTOR JAGATSINGHPUR_IDA)","Shri Subhasish Khuntia (2024-30) (2024-2030)","Elected MP","Installation of Semi High Mast light at Nilakantheswar Bazar","15-Sep-2025","250000","13-Feb-2026"
"1008","Normal/Others","WS/MP18283/2025-2026/234275-Street lights","Odisha","JAGATSINGHAPUR(DISTRICT COLLECTOR JAGATSINGHPUR_IDA)","Shri Subhasish Khuntia (2024-30) (2024-2030)","Elected MP","Installation of High Mast light at Tulasi Gadi Chowk","15-Sep-2025","750000","13-Feb-2026"
"1009","Normal/Others","WS/MP18283/2025-2026/234276-Street lights","Odisha","JAGATSINGHAPUR(DISTRICT COLLECTOR JAGATSINGHPUR_IDA)","Shri Subhasish Khuntia (2024-30) (2024-2030)","Elected MP","Installation of Semi High Mast light at Chandola Chaka","15-Sep-2025","250000","13-Feb-2026"
"1010","Normal/Others","WS/MP18283/2025-2026/234277-Street lights","Odisha","JAGATSINGHAPUR(DISTRICT COLLECTOR JAGATSINGHPUR_IDA)","Shri Subhasish Khuntia (2024-30) (2024-2030)","Elected MP","Installation of Semi High Mast light at Laxmi Narayan Mandir Chaka.","15-Sep-2025","250000","13-Feb-2026"
"1011","Normal/Others","WS/MP18283/2025-2026/234278-Street lights","Odisha","JAGATSINGHAPUR(DISTRICT COLLECTOR JAGATSINGHPUR_IDA)","Shri Subhasish Khuntia (2024-30) (2024-2030)","Elected MP","Installation of High Mast light at Dihasahi Bazar.","15-Sep-2025","750000","19-Feb-2026"
"1012","Normal/Others","WS/MP18283/2025-2026/234279-Street lights","Odisha","JAGATSINGHAPUR(DISTRICT COLLECTOR JAGATSINGHPUR_IDA)","Shri Subhasish Khuntia (2024-30) (2024-2030)","Elected MP","Installation of Semi High Mast light at laxmi mandir chaka.","15-Sep-2025","250000","19-Feb-2026"
"1013","Normal/Others","WS/MP18283/2025-2026/234280-Street lights","Odisha","JAGATSINGHAPUR(DISTRICT COLLECTOR JAGATSINGHPUR_IDA)","Shri Subhasish Khuntia (2024-30) (2024-2030)","Elected MP","Installation of Semi High Mast light at Bata Mahavir Chaka.","15-Sep-2025","250000","13-Feb-2026"
"1014","Normal/Others","WS/MP18283/2025-2026/234281-Street lights","Odisha","JAGATSINGHAPUR(DISTRICT COLLECTOR JAGATSINGHPUR_IDA)","Shri Subhasish Khuntia (2024-30) (2024-2030)","Elected MP","Installation of Semi High Mast light at Trinath Bazar.","15-Sep-2025","250000","13-Feb-2026"
"1015","Normal/Others","WS/MP18283/2025-2026/234282-Street lights","Odisha","JAGATSINGHAPUR(DISTRICT COLLECTOR JAGATSINGHPUR_IDA)","Shri Subhasish Khuntia (2024-30) (2024-2030)","Elected MP","Installation of Semi High Mast light at Nakulanga Chaka.","15-Sep-2025","250000","13-Feb-2026"
"1016","Normal/Others","WS/MP18283/2025-2026/234283-Street lights","Odisha","JAGATSINGHAPUR(DISTRICT COLLECTOR JAGATSINGHPUR_IDA)","Shri Subhasish Khuntia (2024-30) (2024-2030)","Elected MP","Installation of Semi High Mast light at Mallick Sahi Chaka.","15-Sep-2025","250000","13-Feb-2026"
"1017","Normal/Others","WS/MP18283/2025-2026/234284-Street lights","Odisha","JAGATSINGHAPUR(DISTRICT COLLECTOR JAGATSINGHPUR_IDA)","Shri Subhasish Khuntia (2024-30) (2024-2030)","Elected MP","Installation of Semi High Mast light at Utareswari Chaka.","15-Sep-2025","250000","13-Feb-2026"
"1018","Normal/Others","WS/MP18283/2025-2026/234285-Street lights","Odisha","JAGATSINGHAPUR(DISTRICT COLLECTOR JAGATSINGHPUR_IDA)","Shri Subhasish Khuntia (2024-30) (2024-2030)","Elected MP","Installation of Semi High Mast light at Tarada Buna Sahi Chaka.","15-Sep-2025","250000","13-Feb-2026"
"1019","Normal/Others","WS/MP18283/2025-2026/234286-Street lights","Odisha","JAGATSINGHAPUR(DISTRICT COLLECTOR JAGATSINGHPUR_IDA)","Shri Subhasish Khuntia (2024-30) (2024-2030)","Elected MP","Installation of Semi High Mast light at Urali Bhoi Sahi Mangala Chaka.","15-Sep-2025","250000","13-Feb-2026"
"1020","Normal/Others","WS/MP18283/2025-2026/234287-Street lights","Odisha","JAGATSINGHAPUR(DISTRICT COLLECTOR JAGATSINGHPUR_IDA)","Shri Subhasish Khuntia (2024-30) (2024-2030)","Elected MP","Installation of Semi High Mast light at Kaduapada Medical Chaka.","15-Sep-2025","250000","13-Feb-2026"
"1021","Normal/Others","WS/MP18283/2025-2026/234288-Street lights","Odisha","JAGATSINGHAPUR(DISTRICT COLLECTOR JAGATSINGHPUR_IDA)","Shri Subhasish Khuntia (2024-30) (2024-2030)","Elected MP","Installation of Semi High Mast light at Mareichei Chaka.","15-Sep-2025","250000","13-Feb-2026"
"1022","Normal/Others","WS/MP18283/2025-2026/234293-Street lights","Odisha","JAGATSINGHAPUR(DISTRICT COLLECTOR JAGATSINGHPUR_IDA)","Shri Subhasish Khuntia (2024-30) (2024-2030)","Elected MP","Installation of Semi High Mast light at Dadapur Laxmi Narayan Mandir Chaka.","15-Sep-2025","250000","13-Feb-2026"
"1023","Normal/Others","WS/MP18283/2025-2026/234294-Street lights","Odisha","JAGATSINGHAPUR(DISTRICT COLLECTOR JAGATSINGHPUR_IDA)","Shri Subhasish Khuntia (2024-30) (2024-2030)","Elected MP","Installation of Semi High Mast light at Kaduapada GP Mandap Chaka.","15-Sep-2025","250000","13-Feb-2026"
"1024","Normal/Others","WS/MP18283/2025-2026/234296-Street lights","Odisha","JAGATSINGHAPUR(DISTRICT COLLECTOR JAGATSINGHPUR_IDA)","Shri Subhasish Khuntia (2024-30) (2024-2030)","Elected MP","Installation of Semi High Mast light at Anantabasudev Chowk","15-Sep-2025","250000","13-Feb-2026"
"1025","Normal/Others","WS/MP18283/2025-2026/234297-Street lights","Odisha","JAGATSINGHAPUR(DISTRICT COLLECTOR JAGATSINGHPUR_IDA)","Shri Subhasish Khuntia (2024-30) (2024-2030)","Elected MP","Installation of Semi High Mast light at Mangala Mandir Upar Bhol Sahi Chowk.","15-Sep-2025","250000","13-Feb-2026"
"1026","Repair and Renovation","WS/MP132/2025-2026/197018-Renovation of ponds and lakes","Odisha","JAGATSINGHAPUR(DISTRICT COLLECTOR JAGATSINGHPUR_IDA)","Shri Manas Ranjan Mangaraj (2022-28) (2022-2028)","Elected MP","Renovation of Khajuria Pond at Oraba Village, under Tulanga GP, Block- Tirtol, District- Jagatsinghpur","06-May-2025","600000","11-Sep-2025"
"1027","Normal/Others","WS/MP138/2025-2026/160608-Installation of multi-gym equipment","Odisha","JAGATSINGHAPUR(DISTRICT COLLECTOR JAGATSINGHPUR_IDA)","Smt. Sulata Deo (2022-28) (2022-2028)","Elected MP","Installation of Multi-Gym equipment at Naharana U.P. School, Village/G. P. Naharana, Block-Balikuda, Distt Jagatsinghpur, Ward No-4","21-Dec-2024","800000","10-Jul-2025"
"1028","Normal/Others","WS/MP138/2025-2026/160609-Installation of multi-gym equipment","Odisha","JAGATSINGHAPUR(DISTRICT COLLECTOR JAGATSINGHPUR_IDA)","Smt. Sulata Deo (2022-28) (2022-2028)","Elected MP","Installation of multi-gym equipment  at Balunkeswar Govt High School, Village/G. P. Krushnadaspur Block-Balikuda, Distt Jagatsinghpur, Ward No-4","21-Dec-2024","800000","10-Jul-2025"
"1029","Normal/Others","NA-Development of playfields and sports grounds","Odisha","JAGATSINGHAPUR(DISTRICT COLLECTOR JAGATSINGHPUR_IDA)","Shri Dilip Kumar Ray (2026-32) (2026-2032)","Elected MP","Construction of Balbatika Play ground","01-Sep-2026","1000000","NA"
"1030","Normal/Others","WS/MP138/2025-2026/160610-Lighting of public spaces","Odisha","JAGATSINGHAPUR(DISTRICT COLLECTOR JAGATSINGHPUR_IDA)","Smt. Sulata Deo (2022-28) (2022-2028)","Elected MP","Installation of High Mast Light at Mulugaon Mahavir patina Chhaka, Village/G. P. Mulugoan, Block-Balikuda, Distt Jagatsinghpur Ward No-2","21-Dec-2024","550000","10-Jul-2025"
"1031","Normal/Others","WS/MP138/2025-2026/170325-Street lights","Odisha","JAGATSINGHAPUR(DISTRICT COLLECTOR JAGATSINGHPUR_IDA)","Smt. Sulata Deo (2022-28) (2022-2028)","Elected MP","Installation of Semi High Mast Light at Karkeihata, Village G.P.- Badagoan, Block-Balikuda, Distt- Jagatsinghpur, Ward No-16","29-Jan-2025","250000","10-Jul-2025"
"1032","Normal/Others","WS/MP138/2025-2026/170326-Street lights","Odisha","JAGATSINGHAPUR(DISTRICT COLLECTOR JAGATSINGHPUR_IDA)","Smt. Sulata Deo (2022-28) (2022-2028)","Elected MP","Installation of High Mast Light at Galua Bazar, Village- Karamanga G.P.- Mulugoan, Block- Balikuda, Distt- Jagatsinghpur, Ward No-9","29-Jan-2025","250000","10-Jul-2025"
"1033","Normal/Others","WS/MP138/2025-2026/170327-Street lights","Odisha","JAGATSINGHAPUR(DISTRICT COLLECTOR JAGATSINGHPUR_IDA)","Smt. Sulata Deo (2022-28) (2022-2028)","Elected MP","Installation of High Mast Light at Sarabanta Jagannath Bazar, Village-Sarabanta, G.P. Gadaharispur, Block- Erasama, Distt- Jagatsinghpur, Ward No.22","29-Jan-2025","750000","10-Jul-2025"
"1034","Normal/Others","WS/MP138/2025-2026/170328-Street lights","Odisha","JAGATSINGHAPUR(DISTRICT COLLECTOR JAGATSINGHPUR_IDA)","Smt. Sulata Deo (2022-28) (2022-2028)","Elected MP","Installation of Semi High Mast Light at Dabarahata, Village- Karamanga GP- Mulugaon, Block- Balikuda, Distt- Jagatsinghpur Ward No-9","29-Jan-2025","250000","10-Jul-2025"
"1035","Normal/Others","WS/MP138/2025-2026/170329-Street lights","Odisha","JAGATSINGHAPUR(DISTRICT COLLECTOR JAGATSINGHPUR_IDA)","Smt. Sulata Deo (2022-28) (2022-2028)","Elected MP","Installation of High Mast Light at Dhankuda Jagannath Bazar, Village G.P. Hajipur, Block-Birdhi, Distt- Jagatsinghpur, Ward No. 6","29-Jan-2025","750000","10-Jul-2025"
"1036","Normal/Others","WS/MP132/2025-2026/231429-Construction of roads, link roads, pathways or any other road with or without drainage system","Odisha","JAGATSINGHAPUR(DISTRICT COLLECTOR JAGATSINGHPUR_IDA)","Shri Manas Ranjan Mangaraj (2022-28) (2022-2028)","Elected MP","Construction of CC road from Sarala Sanara R and B road to Sani Mandir.","05-Sep-2025","150000","23-Mar-2026"
"1037","Normal/Others","WS/MP132/2025-2026/231430-Construction of roads, link roads, pathways or any other road with or without drainage system","Odisha","JAGATSINGHAPUR(DISTRICT COLLECTOR JAGATSINGHPUR_IDA)","Shri Manas Ranjan Mangaraj (2022-28) (2022-2028)","Elected MP","Construction of CC road From Sarodala Taradei Gramadebati to Smasana.","05-Sep-2025","250000","23-Mar-2026"
"1038","Normal/Others","WS/MP132/2025-2026/231431-Construction of roads, link roads, pathways or any other road with or without drainage system","Odisha","JAGATSINGHAPUR(DISTRICT COLLECTOR JAGATSINGHPUR_IDA)","Shri Manas Ranjan Mangaraj (2022-28) (2022-2028)","Elected MP","Construction of Sarala Hata internal road.","05-Sep-2025","150000","23-Mar-2026"
"1039","Normal/Others","WS/MP138/2025-2026/210945-Construction of roads, link roads, pathways or any other road with or without drainage system","Odisha","JAGATSINGHAPUR(DISTRICT COLLECTOR JAGATSINGHPUR_IDA)","Smt. Sulata Deo (2022-28) (2022-2028)","Elected MP","Construction of Paver Block Hajipur Jatra Padia Vallage Hajipur Ward No 16 GP Krushnadaspur Block Balikuda Distt Jagatsinghpur","21-Jun-2025","800000","19-Feb-2026"
"1040","Normal/Others","NA-Construction of roads, link roads, pathways or any other road with or without drainage system","Odisha","JAGATSINGHAPUR(DISTRICT COLLECTOR JAGATSINGHPUR_IDA)","Shri Manas Ranjan Mangaraj (2022-28) (2022-2028)","Elected MP","Construction of CC road from Hajipur RD road to Sigh Sahi Village Road.","05-May-2026","200000","NA"
"1041","Normal/Others","NA-Improvement of electricity distribution infrastructure","Odisha","Subarnapur(District Collector Subarnapur_IDA)","Shri Sujeet Kumar (2026-32) (2026-2032)","Elected MP","Installation of new Transformer near Ambedkar Chowk","02-Jul-2026","500000","NA"
"1042","Normal/Others","NA-Construction of community centers and community halls","Odisha","Subarnapur(District Collector Subarnapur_IDA)","Dr. Sasmit Patra (2022-28) (2022-2028)","Elected MP","Construction of Kalyan Mandap at village- Dhatukipali, GP- Gajband, Block Dunguripali, Dist- Subarnapur","11-Jun-2026","1000000","NA"
"1043","Normal/Others","WS/MP132/2024-2025/122713-Construction of community centers and community halls","Odisha","Subarnapur(District Collector Subarnapur_IDA)","Shri Manas Ranjan Mangaraj (2022-28) (2022-2028)","Elected MP","CONSTRUTION OF COMUNNITY HALL AT ANTARDA UNDER TARBHA NAC","12-Mar-2024","600000","09-Jul-2024"
"1044","Normal/Others","WS/MP131/2023-2024/75414-Construction of community centers and community halls","Odisha","Subarnapur(District Collector Subarnapur_IDA)","Dr. Sasmit Patra (2022-28) (2022-2028)","Elected MP","Construction of Community Centre at Village Sukhlasar","04-Jan-2024","400000","07-Feb-2024"
"1045","Normal/Others","WS/MP131/2023-2024/75415-Construction of community centers and community halls","Odisha","Subarnapur(District Collector Subarnapur_IDA)","Dr. Sasmit Patra (2022-28) (2022-2028)","Elected MP","Construction of Community Centre at Village Ainlapali","04-Jan-2024","400000","07-Feb-2024"
"1046","Normal/Others","WS/MP131/2023-2024/75416-Construction of community centers and community halls","Odisha","Subarnapur(District Collector Subarnapur_IDA)","Dr. Sasmit Patra (2022-28) (2022-2028)","Elected MP","Construction of Community Centre near Yogasala in MAHADA Gram Panchayat","04-Jan-2024","500000","07-Feb-2024"
"1047","Normal/Others","NA-Construction of community centers and community halls","Odisha","GAJAPATI(District Collector Gajapati_IDA)","Dr. Sasmit Patra (2022-28) (2022-2028)","Elected MP","Construction of a Community Centre Building at Plot no 993 by 2330, Khata no 149, Relisahi mouza, Ward no 1, Utkal Baptist Churches Association, Near old Court, Paralakhemundi Municipality","25-Feb-2026","2000000","NA"
"1048","Normal/Others","NA-Construction of buildings for community cultural activities","Odisha","GAJAPATI(District Collector Gajapati_IDA)","Smt. Sulata Deo (2022-28) (2022-2028)","Elected MP","Construction of new building at Gajapati press club  Odisha union of journalists Near town Hall ward no-14 paralakhemundi municipality Krushna Chandrapur mouza Paralakhemundi tahasil Paralakhemundi Gajapati","21-Jun-2025","500000","NA"
"1049","Normal/Others","NA-Construction of rooms and halls in school and colleges","Odisha","GAJAPATI(District Collector Gajapati_IDA)","Dr. Sasmit Patra (2022-28) (2022-2028)","Elected MP","Construction of School Building at Plot No - 1110, 1112 by 1554, Khata No. 358 by 45, Gumma Mouza, Immanuel English Medium School, near Tahasil Office, Gumma","04-Mar-2026","2000000","NA"
"1050","Normal/Others","WS/MP132/2025-2026/210289-Development of public parks","Odisha","GAJAPATI(District Collector Gajapati_IDA)","Shri Manas Ranjan Mangaraj (2022-28) (2022-2028)","Elected MP","Construction of Shed for public and beautification at Entrance of Pattanaik tank near  Panchamukhi Hanuman temple.","19-Jun-2025","500000","15-Oct-2025"
"1051","Normal/Others","NA-Construction of roads, link roads, pathways or any other road with or without drainage system","Odisha","BOUDH(District Collector Boudh_IDA)","Dr. Sasmit Patra (2022-28) (2022-2028)","Elected MP","Improvement of road from Badbagbar Playground to PMGSY Road Via Kendumunda","16-Aug-2026","200000","NA"
"1052","Normal/Others","NA-Construction of roads, link roads, pathways or any other road with or without drainage system","Odisha","BOUDH(District Collector Boudh_IDA)","Dr. Sasmit Patra (2022-28) (2022-2028)","Elected MP","Improvement of road from Bijipadar Tailasahi to PWD Road","16-Aug-2026","200000","NA"
"1053","Normal/Others","NA-Construction of roads, link roads, pathways or any other road with or without drainage system","Odisha","BOUDH(District Collector Boudh_IDA)","Dr. Sasmit Patra (2022-28) (2022-2028)","Elected MP","Improvement of Menda Village Road","16-Aug-2026","200000","NA"
"1054","Normal/Others","NA-Construction of roads, link roads, pathways or any other road with or without drainage system","Odisha","BOUDH(District Collector Boudh_IDA)","Dr. Sasmit Patra (2022-28) (2022-2028)","Elected MP","Improvement of road i.e. Boudh Women's College Road","16-Aug-2026","200000","NA"
"1055","Normal/Others","NA-Construction of roads, link roads, pathways or any other road with or without drainage system","Odisha","BOUDH(District Collector Boudh_IDA)","Dr. Sasmit Patra (2022-28) (2022-2028)","Elected MP","Improvement of road from PWD Road to Kharbhuin","16-Aug-2026","200000","NA"
"1056","Normal/Others","NA-Construction of roads, link roads, pathways or any other road with or without drainage system","Odisha","BOUDH(District Collector Boudh_IDA)","Dr. Sasmit Patra (2022-28) (2022-2028)","Elected MP","Improvement of road in Village Thidakjore Bhairabi Colony","16-Aug-2026","200000","NA"
"1057","Normal/Others","NA-Construction of roads, link roads, pathways or any other road with or without drainage system","Odisha","BOUDH(District Collector Boudh_IDA)","Dr. Sasmit Patra (2022-28) (2022-2028)","Elected MP","Improvement of Panuasahi Road (near Nigam Nagar) from Ananta Moharana House to Prafulla Mishra House","16-Aug-2026","200000","NA"
"1058","Normal/Others","NA-Construction of roads, link roads, pathways or any other road with or without drainage system","Odisha","BOUDH(District Collector Boudh_IDA)","Dr. Sasmit Patra (2022-28) (2022-2028)","Elected MP","Improvement of road from Manisha House to Prafulla Mishra House","16-Aug-2026","200000","NA"
"1059","Normal/Others","NA-Construction of roads, link roads, pathways or any other road with or without drainage system","Odisha","BOUDH(District Collector Boudh_IDA)","Dr. Sasmit Patra (2022-28) (2022-2028)","Elected MP","Improvement of road from PMGSY road to OMFED Plant","16-Aug-2026","200000","NA"
"1060","Normal/Others","NA-Construction of community centers and community halls","Odisha","BOUDH(District Collector Boudh_IDA)","Dr. Sasmit Patra (2022-28) (2022-2028)","Elected MP","Construction of incomplete Community Centre at Village Khuntiapada","16-Aug-2026","200000","NA"
"1061","Normal/Others","WS/MP132/2024-2025/133534-Construction of culverts and bridges","Odisha","MALKANGIRI(District Collector Malkangiri_IDA)","Shri Manas Ranjan Mangaraj (2022-28) (2022-2028)","Elected MP","Construction of Guard Wall and Culvert in Singarajkhunta village of Malkangiri Block, Dist- Malkangiri","16-Jul-2024","1000000","22-Jan-2025"
"1062","Normal/Others","WS/MP138/2023-2024/34248-Construction of New Building","Odisha","MALKANGIRI(District Collector Malkangiri_IDA)","Smt. Sulata Deo (2022-28) (2022-2028)","Elected MP","construction of the Lawyers Association Building District Bar Association,  Malkangiri at Malkangiri-764045, Odisha","07-Oct-2023","1000000","01-Mar-2024"
"1063","Normal/Others","NA-Purchase of hearse van (Four, three and two wheelers)","Odisha","DIBRUGARH(DEPUTY COMMISSIONER DIBRUGARH_IDA)","Dr. Sasmit Patra (2022-28) (2022-2028)","Elected MP","Need for a Hearse-Mortuary Van as requested by SEWA, Naliapool Market, Near Bikash School, Dibrugarh. Pin 786001. Assam.","13-Apr-2025","1383176","NA"
"1064","Normal/Others","NA-Construction of roads, link roads, pathways or any other road with or without drainage system","Odisha","SRIKAKULAM(District Collector Srikakulam_IDA)","Dr. Sasmit Patra (2022-28) (2022-2028)","Elected MP","Construction of CC Drain in Tammigedda near NH326A Road main culvert of Pathapatnam village","20-Apr-2025","1000000","NA"
"Grand Total"," "," "," "," "," "," "," "," "," ","67,03,98,279"