"Sr. No.","Work category","Work","State","IDA","Hon'ble Members of Parliament","Elected/Nominated","Work description","Recommended date","Sanction Date","Sanction Amount ( ₹ )","Work Status"
"1","Normal/Others","WS/MP846/2024-2025/122722-Construction of community centers and community halls","Telangana","Jagitial(DISTRICT COLLECTOR JAGTIAL_IDA)","Shri Damodar Rao Divakonda (2022-28) (2022-2028)","Elected MP","Construction of Community Hall at Korutla Town of Jagtial Dist","09-Jul-2024","11-Oct-2024","5000000","Sanction"
"2","Normal/Others","WS/MP846/2024-2025/122763-Construction of community centers and community halls","Telangana","Jagitial(DISTRICT COLLECTOR JAGTIAL_IDA)","Shri Damodar Rao Divakonda (2022-28) (2022-2028)","Elected MP","B/w of Community Hall in Chindi Madlga Colony at Chinnapur Village Buggaram Mandal in Jagtial dist","09-Jul-2024","24-Sep-2024","700000","Physical Inspection"
"3","Normal/Others","WS/MP846/2024-2025/122769-Construction of community centers and community halls","Telangana","Jagitial(DISTRICT COLLECTOR JAGTIAL_IDA)","Shri Damodar Rao Divakonda (2022-28) (2022-2028)","Elected MP","C/o Community Hall near Rajaka Colony at Jagadevpet (v) Velgatur","09-Jul-2024","23-Sep-2024","500000","Work Completed"
"4","Normal/Others","WS/MP846/2024-2025/122802-Construction of community centers and community halls","Telangana","Jagitial(DISTRICT COLLECTOR JAGTIAL_IDA)","Shri Damodar Rao Divakonda (2022-28) (2022-2028)","Elected MP","B/w Community Hall Near Sai baba Temple at Dharmapuri (v) in Jagtial Dist","09-Jul-2024","24-Sep-2024","500000","Sanction"
"5","Normal/Others","WS/MP846/2024-2025/122807-Construction of community centers and community halls","Telangana","Jagitial(DISTRICT COLLECTOR JAGTIAL_IDA)","Shri Damodar Rao Divakonda (2022-28) (2022-2028)","Elected MP","C/o Mudiraj Community hall at Shakapur (v) in Jagitial dist","09-Jul-2024","25-Sep-2024","500000","Sanction"
"6","Normal/Others","WS/MP846/2024-2025/122839-Construction of community centers and community halls","Telangana","Jagitial(DISTRICT COLLECTOR JAGTIAL_IDA)","Shri Damodar Rao Divakonda (2022-28) (2022-2028)","Elected MP","C/o Rajaka Sangam Community Hall at Keesulathapally (v) Pegadapally (m) in Jagitial dist","09-Jul-2024","26-Sep-2024","500000","Sanction"
"7","Normal/Others","WS/MP846/2024-2025/122840-Construction of community centers and community halls","Telangana","Jagitial(DISTRICT COLLECTOR JAGTIAL_IDA)","Shri Damodar Rao Divakonda (2022-28) (2022-2028)","Elected MP","C/o Mudiraj Sangam Community Hall at Keesulatapally (v) Pegadapally (m) in Jagtial Dist","09-Jul-2024","26-Sep-2024","500000","Sanction"
"8","Normal/Others","WS/MP846/2024-2025/122841-Construction of community centers and community halls","Telangana","Jagitial(DISTRICT COLLECTOR JAGTIAL_IDA)","Shri Damodar Rao Divakonda (2022-28) (2022-2028)","Elected MP","C/o Peruka Sangham Community Hall at Muthunur (v) Velgatur (m)","09-Jul-2024","24-Sep-2024","499226","Physical Inspection"
"9","Normal/Others","WS/MP846/2024-2025/122844-Construction of community centers and community halls","Telangana","Jagitial(DISTRICT COLLECTOR JAGTIAL_IDA)","Shri Damodar Rao Divakonda (2022-28) (2022-2028)","Elected MP","C/o Gowda Sangam Community Hall at Rayapatnam (v) Dharmapuri (m)","09-Jul-2024","24-Sep-2024","500000","Sanction"
"10","Normal/Others","WS/MP846/2024-2025/136905-Construction of community centers and community halls","Telangana","Jagitial(DISTRICT COLLECTOR JAGTIAL_IDA)","Shri Damodar Rao Divakonda (2022-28) (2022-2028)","Elected MP","C/o Community Hall in Medipally (v) Metpally (m).","28-Aug-2024","23-Sep-2024","500000","Work Completed"
"11","Normal/Others","WS/MP846/2024-2025/142701-Construction of community centers and community halls","Telangana","Jagitial(DISTRICT COLLECTOR JAGTIAL_IDA)","Shri Damodar Rao Divakonda (2022-28) (2022-2028)","Elected MP","Balance work of C/o Roofing Shed of Padmanayaka Community Hall at  Rangapur (v) Medipally (mp) in Jagtial Dist.","23-Sep-2024","27-Sep-2024","748822","Physical Inspection"
"12","Normal/Others","WS/MP846/2024-2025/142702-Construction of community centers and community halls","Telangana","Jagitial(DISTRICT COLLECTOR JAGTIAL_IDA)","Shri Damodar Rao Divakonda (2022-28) (2022-2028)","Elected MP","B/w Padmanayaka Community Hall at  Rangapur (v) Medipally (mp) in Jagtial Dist.","23-Sep-2024","27-Sep-2024","746731","Physical Inspection"
"13","Normal/Others","WS/MP846/2024-2025/142705-Construction of community centers and community halls","Telangana","SANGAREDDY(District Collector Sangareddy_IDA)","Shri Damodar Rao Divakonda (2022-28) (2022-2028)","Elected MP","Construction of Community Hall in BC Colony in Naguldevpalli Village of Hatnura mandal of Sangareddy Dist.","23-Sep-2024","23-Oct-2024","2500000","Sanction"
"14","Normal/Others","WS/MP171/2025-2026/148170-Construction of community centers and community halls","Telangana","JANGOAN(DISTRICT COLLECTOR JANGAON_IDA)","Shri Ravi Chandra Vaddiraju (2024-30) (2024-2030)","Elected MP","Construction of Multipurpose Hall 	Near Bus Stop at Raghavapuram(V), Palakurthy(M)","18-Oct-2024","20-Nov-2025","1000000","Work Completed"
"15","Normal/Others","WS/MP171/2025-2026/148182-Construction of community centers and community halls","Telangana","MAHABUBABAD(DISTRICT COLLECTOR MAHABUBABAD_IDA)","Shri Ravi Chandra Vaddiraju (2024-30) (2024-2030)","Elected MP","Construction of Community Hall	Near Sevalal Temple in Pedda Mangya Thanda(V), Thorrur(M)","18-Oct-2024","16-Jan-2026","499000","Work Completed"
"16","Normal/Others","WS/MP846/2024-2025/148683-Construction of community centers and community halls","Telangana","JANGOAN(DISTRICT COLLECTOR JANGAON_IDA)","Shri Damodar Rao Divakonda (2022-28) (2022-2028)","Elected MP","Construction of Community Hall at  Manchuppula(V) of Palakurthy(M), Jangaon Dist","23-Oct-2024","16-Dec-2024","500000","Sanction"
"17","Normal/Others","WS/MP171/2024-2025/148942-Construction of community centers and community halls","Telangana","NALGONDA(DISTRICT COLLECTOR NALGONDA)","Shri Ravi Chandra Vaddiraju (2024-30) (2024-2030)","Elected MP","Construction of Community Hall at 9th Ward, Padmavathi Colony, Chandur Municipality, Nalgonda District.","21-Oct-2024","23-Dec-2024","498000","Physical Inspection"
"18","Normal/Others","WS/MP171/2025-2026/148944-Construction of community centers and community halls","Telangana","PEDDAPALLI(District Collector Peddapally_IDA)","Shri Ravi Chandra Vaddiraju (2024-30) (2024-2030)","Elected MP","019	Construction of Community Hall Near Sri Jagath Maha Muneeshwar Swamy Ashramam in Kalvasriramapur(V&M), Peddapalli Distric","21-Oct-2024","16-Sep-2025","499000","Work partially Completed"
"19","Normal/Others","WS/MP846/2025-2026/149024-Construction of community centers and community halls","Telangana","RAJANNA SIRCILLA(DISTRICT COLLECTOR RAJANNA SIRCILLA_IDA)","Shri Damodar Rao Divakonda (2022-28) (2022-2028)","Elected MP","C/o Comm Hall at Budigajangala Colony  near Govt. Hospital Gambhiraopet (v), Gambhiraopet (m)","23-Oct-2024","17-Feb-2026","500000","Sanction"
"20","Normal/Others","WS/MP846/2025-2026/149032-Construction of community centers and community halls","Telangana","RAJANNA SIRCILLA(DISTRICT COLLECTOR RAJANNA SIRCILLA_IDA)","Shri Damodar Rao Divakonda (2022-28) (2022-2028)","Elected MP","C/o Comm Hall at Mudiraj Colony Opposite High School Bandankal (v) Mustabad (m).","23-Oct-2024","17-Feb-2026","500000","Sanction"
"21","Normal/Others","WS/MP846/2025-2026/149035-Construction of community centers and community halls","Telangana","RAJANNA SIRCILLA(DISTRICT COLLECTOR RAJANNA SIRCILLA_IDA)","Shri Damodar Rao Divakonda (2022-28) (2022-2028)","Elected MP","C/o Comm Hall at Kurma(Battu) Colony Gudem (v) Mustabad (m).","23-Oct-2024","17-Feb-2026","500000","Sanction"
"22","Normal/Others","WS/MP846/2025-2026/149135-Construction of community centers and community halls","Telangana","RAJANNA SIRCILLA(DISTRICT COLLECTOR RAJANNA SIRCILLA_IDA)","Shri Damodar Rao Divakonda (2022-28) (2022-2028)","Elected MP","C/o Comm Hall at ST Colony Kokiya thanda in Banjeru Village Maddimalla (v),  Veernapally(m)","23-Oct-2024","17-Feb-2026","500000","Sanction"
"23","Normal/Others","WS/MP846/2025-2026/149136-Construction of community centers and community halls","Telangana","RAJANNA SIRCILLA(DISTRICT COLLECTOR RAJANNA SIRCILLA_IDA)","Shri Damodar Rao Divakonda (2022-28) (2022-2028)","Elected MP","C/o Comm Hall at Rajaka Colony Cheerlavancha (v) Thangallapally (m)","23-Oct-2024","17-Feb-2026","500000","Sanction"
"24","Normal/Others","WS/MP846/2025-2026/149140-Construction of community centers and community halls","Telangana","RAJANNA SIRCILLA(DISTRICT COLLECTOR RAJANNA SIRCILLA_IDA)","Shri Damodar Rao Divakonda (2022-28) (2022-2028)","Elected MP","C/o Comm Hall at Voddera Colony near Velpula Raju / Chandraiah (H) Jillella (v) Thangallapally (m)","23-Oct-2024","17-Feb-2026","500000","Sanction"
"25","Normal/Others","WS/MP846/2025-2026/149143-Construction of community centers and community halls","Telangana","RAJANNA SIRCILLA(DISTRICT COLLECTOR RAJANNA SIRCILLA_IDA)","Shri Damodar Rao Divakonda (2022-28) (2022-2028)","Elected MP","C/o Comm Hall at Rajaka Colony near water plant at Thimmalakunta Mandepalli (v) Thangallapally (m)","23-Oct-2024","17-Feb-2026","500000","Sanction"
"26","Normal/Others","WS/MP846/2025-2026/149145-Construction of community centers and community halls","Telangana","RAJANNA SIRCILLA(DISTRICT COLLECTOR RAJANNA SIRCILLA_IDA)","Shri Damodar Rao Divakonda (2022-28) (2022-2028)","Elected MP","C/o Comm Hall at Mudiraj Colony Adavipadira (v) Veernapally (m)","23-Oct-2024","17-Feb-2026","500000","Sanction"
"27","Normal/Others","WS/MP846/2025-2026/149147-Construction of community centers and community halls","Telangana","RAJANNA SIRCILLA(DISTRICT COLLECTOR RAJANNA SIRCILLA_IDA)","Shri Damodar Rao Divakonda (2022-28) (2022-2028)","Elected MP","C/o Comm Hall at BC Sangam Colony Garjanapally(v) Veernapally (m)","23-Oct-2024","17-Feb-2026","500000","Sanction"
"28","Normal/Others","WS/MP846/2025-2026/149150-Construction of community centers and community halls","Telangana","RAJANNA SIRCILLA(DISTRICT COLLECTOR RAJANNA SIRCILLA_IDA)","Shri Damodar Rao Divakonda (2022-28) (2022-2028)","Elected MP","C/o Comm Hall at SC(Madiga) Colony before Kunta Ramulu (H) Bandalingampalli (v) Yellaerddypet (m)","23-Oct-2024","17-Feb-2026","500000","Sanction"
"29","Normal/Others","WS/MP846/2025-2026/149152-Construction of community centers and community halls","Telangana","RAJANNA SIRCILLA(DISTRICT COLLECTOR RAJANNA SIRCILLA_IDA)","Shri Damodar Rao Divakonda (2022-28) (2022-2028)","Elected MP","C/o Comm Hall Hall at Mandala Reddy Colony beside Kummari Sangam Building at SC Colony Yellareddypet (v) Yellareddypet (m)","23-Oct-2024","17-Feb-2026","1000000","Work partially Completed"
"30","Normal/Others","WS/MP846/2025-2026/149154-Construction of community centers and community halls","Telangana","RAJANNA SIRCILLA(DISTRICT COLLECTOR RAJANNA SIRCILLA_IDA)","Shri Damodar Rao Divakonda (2022-28) (2022-2028)","Elected MP","C/o Comm Hall at Budigajangala Colony (SC) Boppapur (v), Yellareddypet (m)","23-Oct-2024","17-Feb-2026","500000","Work Completed"
"31","Normal/Others","WS/MP846/2025-2026/149157-Construction of community centers and community halls","Telangana","RAJANNA SIRCILLA(DISTRICT COLLECTOR RAJANNA SIRCILLA_IDA)","Shri Damodar Rao Divakonda (2022-28) (2022-2028)","Elected MP","C/o Comm Hall at Vishwabrahmana Colony Rajannapet (v) Yellaerddypet (m)","23-Oct-2024","17-Feb-2026","500000","Sanction"
"32","Normal/Others","WS/MP846/2025-2026/149233-Construction of community centers and community halls","Telangana","RAJANNA SIRCILLA(DISTRICT COLLECTOR RAJANNA SIRCILLA_IDA)","Shri Damodar Rao Divakonda (2022-28) (2022-2028)","Elected MP","C/o Comm Hall at Rajaka Colony near Jahangir House Kollamaddi (v) Gambhiraopet (m)","23-Oct-2024","17-Feb-2026","500000","Sanction"
"33","Normal/Others","WS/MP846/2024-2025/151532-Construction of community centers and community halls","Telangana","WANAPARTHY(DISTRICT COLLECTOR WANAPARTHY_IDA)","Shri Damodar Rao Divakonda (2022-28) (2022-2028)","Elected MP","Construction of  ST Common Hall at BakkaThandain Mamidimada Gram Panchayat, Ghanpur Mandal, Wanaparthy District.","12-Nov-2024","20-Nov-2024","500000","Sanction"
"34","Normal/Others","WS/MP846/2024-2025/151536-Construction of community centers and community halls","Telangana","WANAPARTHY(DISTRICT COLLECTOR WANAPARTHY_IDA)","Shri Damodar Rao Divakonda (2022-28) (2022-2028)","Elected MP","Construction of  ST Common Hall at  VenkiThanda in Mamidimada Gram Panchayat, Ghanpur Mandal,  Wanaparthy District.","12-Nov-2024","20-Nov-2024","479958","Physical Inspection"
"35","Normal/Others","WS/MP846/2024-2025/151537-Construction of community centers and community halls","Telangana","WANAPARTHY(DISTRICT COLLECTOR WANAPARTHY_IDA)","Shri Damodar Rao Divakonda (2022-28) (2022-2028)","Elected MP","Construction of  ST Common Hall at Doonthikunta Thanda in Manajipet Gram Panchayat, Ghanpur Mandal, Wanaparthy District.","12-Nov-2024","20-Nov-2024","500000","Sanction"
"36","Normal/Others","WS/MP846/2024-2025/151538-Construction of community centers and community halls","Telangana","WANAPARTHY(DISTRICT COLLECTOR WANAPARTHY_IDA)","Shri Damodar Rao Divakonda (2022-28) (2022-2028)","Elected MP","Construction of  ST Common Hall at  Kothapally Thanda in ManajipetGram Panchayat,Ghanpur Mandal, Wanaparthy District.","12-Nov-2024","20-Nov-2024","500000","Sanction"
"37","Normal/Others","WS/MP846/2024-2025/151539-Construction of community centers and community halls","Telangana","WANAPARTHY(DISTRICT COLLECTOR WANAPARTHY_IDA)","Shri Damodar Rao Divakonda (2022-28) (2022-2028)","Elected MP","Construction of  ST Common Hall at   Road imeedi Thanda in Thirumalaiapally Gram Panchayat, Ghanpur Mandal, WanaparthyDistrict.","12-Nov-2024","20-Nov-2024","500000","Sanction"
"38","Normal/Others","WS/MP846/2024-2025/151559-Construction of community centers and community halls","Telangana","WANAPARTHY(DISTRICT COLLECTOR WANAPARTHY_IDA)","Shri Damodar Rao Divakonda (2022-28) (2022-2028)","Elected MP","Construction of  Old Age Home at Karne Thanda in Shapur Gram Panchayat, Ghanpur Mandal, Wanaparthy District.","12-Nov-2024","20-Nov-2024","995166","Physical Inspection"
"39","Normal/Others","WS/MP171/2026-2027/169141-Construction of community centers and community halls","Telangana","MAHABUBNAGAR(DISTRICT COLLECTOR MAHABUBNAGAR_3)","Shri Ravi Chandra Vaddiraju (2024-30) (2024-2030)","Elected MP","Construction of Common Hall in Mudiraj Colony, Baswaipally","27-Jan-2025","13-May-2026","499000","Sanction"
"40","Normal/Others","WS/MP171/2024-2025/169142-Construction of community centers and community halls","Telangana","WANAPARTHY(DISTRICT COLLECTOR WANAPARTHY_IDA)","Shri Ravi Chandra Vaddiraju (2024-30) (2024-2030)","Elected MP","Construction of Common Hall in Teachers Colony","27-Jan-2025","03-Mar-2025","498949","Physical Inspection"
"41","Normal/Others","WS/MP171/2024-2025/169143-Construction of community centers and community halls","Telangana","WANAPARTHY(DISTRICT COLLECTOR WANAPARTHY_IDA)","Shri Ravi Chandra Vaddiraju (2024-30) (2024-2030)","Elected MP","Construction of Common Hall in Mazeed Road","27-Jan-2025","03-Mar-2025","499000","Sanction"
"42","Normal/Others","WS/MP171/2025-2026/189756-Construction of community centers and community halls","Telangana","SURYAPET(DISTRICT COLLECTOR SURYAPET)","Shri Ravi Chandra Vaddiraju (2024-30) (2024-2030)","Elected MP","Construction of Additional Community Hall Work at Mattapally(V), Matampally(M), Suryapet District.","07-Apr-2025","01-Oct-2025","499000","Physical Inspection"
"43","Repair and Renovation","WS/MP171/2025-2026/191144-Construction of community centers and community halls","Telangana","Jagitial(DISTRICT COLLECTOR JAGTIAL_IDA)","Shri Ravi Chandra Vaddiraju (2024-30) (2024-2030)","Elected MP","Provide Additional Structure to Community Hall at Ward No.1, Kapuwada, Paidipally (V), Velagatoor(M), Jagitial District","14-Apr-2025","30-Mar-2026","3000000","Work partially Completed"
"44","Normal/Others","WS/MP171/2025-2026/191146-Construction of community centers and community halls","Telangana","NALGONDA(DISTRICT COLLECTOR NALGONDA)","Shri Ravi Chandra Vaddiraju (2024-30) (2024-2030)","Elected MP","Construction of Community Hall at Bothalapalem(V), Dameracherla(M), Nalgonda District","14-Apr-2025","20-Jun-2025","499000","Physical Inspection"
"45","Trust and Society","WS/MP171/2025-2026/194363-Construction of community centers and community halls","Telangana","SIDDIPET(District Collector Siddipet_IDA)","Shri Ravi Chandra Vaddiraju (2024-30) (2024-2030)","Elected MP","Construction of Cultural Program RCC Building Community Hall Sri Mallikarjuna Swamy Akhila Bharatha Munnurukapu","25-Apr-2025","02-May-2025","2000000","Work Completed"
"46","Normal/Others","WS/MP846/2026-2027/196064-Construction of community centers and community halls","Telangana","Jagitial(DISTRICT COLLECTOR JAGTIAL_IDA)","Shri Damodar Rao Divakonda (2022-28) (2022-2028)","Elected MP","Balance works of Store Rooms, Annadaana Mandapam Near Navadurga Temple, at Mothe Village of Jagtial Urban Mandal of Jagtial Dist.","02-May-2025","14-Jul-2026","5000000","Work partially Completed"
"47","Normal/Others","WS/MP846/2025-2026/198244-Construction of community centers and community halls","Telangana","SIDDIPET(District Collector Siddipet_IDA)","Shri Damodar Rao Divakonda (2022-28) (2022-2028)","Elected MP","Construction of Balance work to VSS Convention Hall beside Rajiv Rahadhari road of Siddipet town Siddipet Dist.","09-May-2025","23-Sep-2025","5000000","Work Completed"
"48","Normal/Others","WS/MP846/2025-2026/198262-Construction of community centers and community halls","Telangana","MEDAK(COLLECTOR MEDAK DISTRICT)","Shri Damodar Rao Divakonda (2022-28) (2022-2028)","Elected MP","Repairs and Colouring to VO Building at Wadiaram Village, Chegunta Mandal and Medak Dist.","09-May-2025","24-Nov-2025","500000","Sanction"
"49","Normal/Others","WS/MP846/2025-2026/201292-Construction of community centers and community halls","Telangana","WANAPARTHY(DISTRICT COLLECTOR WANAPARTHY_IDA)","Shri Damodar Rao Divakonda (2022-28) (2022-2028)","Elected MP","Construction of Common Hall at Pochamma Temple Peddagudem Tanda Wanaparthy Dist","20-May-2025","18-Jun-2025","491021","Physical Inspection"
"50","Normal/Others","WS/MP846/2025-2026/201296-Construction of community centers and community halls","Telangana","WANAPARTHY(DISTRICT COLLECTOR WANAPARTHY_IDA)","Shri Damodar Rao Divakonda (2022-28) (2022-2028)","Elected MP","Construction of Community Hall at Ekalavya Colony Rangapur, Pebbair Mandal, Wanaparthy Dist","20-May-2025","18-Jun-2025","500000","Sanction"
"51","Normal/Others","WS/MP846/2026-2027/201297-Construction of community centers and community halls","Telangana","MAHABUBNAGAR(DISTRICT COLLECTOR MAHABUBNAGAR_3)","Shri Damodar Rao Divakonda (2022-28) (2022-2028)","Elected MP","Construction of Community Hall at Valmiki Colony, Baswaipally, Devarakadra Mandal Mahabubnagar Dist.","20-May-2025","16-May-2026","500000","Sanction"
"52","Normal/Others","WS/MP171/2025-2026/205269-Construction of community centers and community halls","Telangana","SIDDIPET(District Collector Siddipet_IDA)","Shri Ravi Chandra Vaddiraju (2024-30) (2024-2030)","Elected MP","Construction of Cultural Centre for Cultural Activities at Burgupally(V), Gajwel(M), Siddipet District","30-May-2025","18-Nov-2025","4900000","Work partially Completed"
"53","Normal/Others","WS/MP171/2025-2026/208853-Construction of community centers and community halls","Telangana","ADILABAD(DISTRICT COLLECTOR ADILABAD_IDA)","Shri Ravi Chandra Vaddiraju (2024-30) (2024-2030)","Elected MP","Construction of Community Hall at Savargoam(V), Neradigonda(M)","14-Jun-2025","27-Feb-2026","300000","Physical Inspection"
"54","Normal/Others","WS/MP171/2025-2026/208854-Construction of community centers and community halls","Telangana","ADILABAD(DISTRICT COLLECTOR ADILABAD_IDA)","Shri Ravi Chandra Vaddiraju (2024-30) (2024-2030)","Elected MP","Construction of Community Hall near Hanuman Temple in Indiramma Colony at Neradigonda(V M)","14-Jun-2025","06-Oct-2025","300000","Work partially Completed"
"55","Normal/Others","WS/MP171/2025-2026/208855-Construction of community centers and community halls","Telangana","ADILABAD(DISTRICT COLLECTOR ADILABAD_IDA)","Shri Ravi Chandra Vaddiraju (2024-30) (2024-2030)","Elected MP","Construction of Community Hall at Nagapur(V), Boath(M","14-Jun-2025","18-Mar-2026","500000","Work partially Completed"
"56","Normal/Others","WS/MP18374/2025-2026/212994-Construction of community centers and community halls","Telangana","KAITHAL(DC CUM NODAL OFFICERS MPLADS)","Shri Anil Kumar Yadav Mandadi (2024-30) (2024-2030)","Elected MP","Construction of Hall at Ambedkar Bhawan, Village - Geong, Kaithal, Dist. - Kaithal, Haryana.","27-Jun-2025","26-Sep-2025","500000","Sanction"
"57","Normal/Others","WS/MP18374/2025-2026/214019-Construction of community centers and community halls","Telangana","SURYAPET(DISTRICT COLLECTOR SURYAPET)","Shri Anil Kumar Yadav Mandadi (2024-30) (2024-2030)","Elected MP","Construction of Bathukamma Ghat at  Maisamma Temple on Bund in Ramachandrapuram Village Maddirala Mandal Suryapet Dist","02-Jul-2025","27-Jan-2026","500000","Sanction"
"58","Normal/Others","WS/MP171/2025-2026/216442-Construction of community centers and community halls","Telangana","WANAPARTHY(DISTRICT COLLECTOR WANAPARTHY_IDA)","Shri Ravi Chandra Vaddiraju (2024-30) (2024-2030)","Elected MP","Construction of Community Hall","09-Jul-2025","16-Jul-2025","499669","Physical Inspection"
"59","Normal/Others","WS/MP846/2025-2026/248392-Construction of community centers and community halls","Telangana","Nirmal(DISTRICT COLLECTOR NIRMAL_3)","Shri Damodar Rao Divakonda (2022-28) (2022-2028)","Elected MP","Construction of General Community Hall at Ponkal Village and GP of Mamda Mandal at Nirmal Dist.","15-Nov-2025","20-Jan-2026","500000","Sanction"
"60","Normal/Others","WS/MP846/2026-2027/273995-Construction of community centers and community halls","Telangana","RAJANNA SIRCILLA(DISTRICT COLLECTOR RAJANNA SIRCILLA_IDA)","Shri Damodar Rao Divakonda (2022-28) (2022-2028)","Elected MP","Construction of Village Community Hall at Korem Village, Boinpalli Mandal at Rajanna Sircilla Dist.","12-Mar-2026","18-Aug-2026","8000000","Sanction"
"61","Normal/Others","WS/MP171/2026-2027/277768-Construction of community centers and community halls","Telangana","Jagitial(DISTRICT COLLECTOR JAGTIAL_IDA)","Shri Ravi Chandra Vaddiraju (2024-30) (2024-2030)","Elected MP","Construction of Community Hall","08-Apr-2026","14-Jul-2026","1000000","Sanction"
"62","Normal/Others","WS/MP846/2025-2026/120796-Construction of public libraries and reading rooms","Telangana","Jagitial(DISTRICT COLLECTOR JAGTIAL_IDA)","Shri Damodar Rao Divakonda (2022-28) (2022-2028)","Elected MP","Library Building Near Madiga (SC) Sangham Lingampet","10-Jul-2024","08-May-2025","300000","Work partially Completed"
"63","Normal/Others","WS/MP846/2024-2025/120868-Construction of public libraries and reading rooms","Telangana","Jagitial(DISTRICT COLLECTOR JAGTIAL_IDA)","Shri Damodar Rao Divakonda (2022-28) (2022-2028)","Elected MP","C/o Library building near Vanjari Sangham at Krishna Nagar ward Jagitial town","10-Jul-2024","07-Mar-2025","500000","Work partially Completed"
"64","Normal/Others","WS/MP846/2024-2025/120874-Construction of public libraries and reading rooms","Telangana","Jagitial(DISTRICT COLLECTOR JAGTIAL_IDA)","Shri Damodar Rao Divakonda (2022-28) (2022-2028)","Elected MP","C/o Library Building near Vanjari Sangham Gunjroad Jagitial town","10-Jul-2024","07-Mar-2025","500000","Work partially Completed"
"65","Normal/Others","WS/MP846/2024-2025/120880-Construction of public libraries and reading rooms","Telangana","Jagitial(DISTRICT COLLECTOR JAGTIAL_IDA)","Shri Damodar Rao Divakonda (2022-28) (2022-2028)","Elected MP","C/o Library Building Near Venkateswara swamy Temple Arpapalli (V)","09-Jul-2024","26-Sep-2024","500000","Work Completed"
"66","Normal/Others","WS/MP846/2024-2025/122731-Construction of public libraries and reading rooms","Telangana","Jagitial(DISTRICT COLLECTOR JAGTIAL_IDA)","Shri Damodar Rao Divakonda (2022-28) (2022-2028)","Elected MP","C/o Library Hall at Buggaram (v) in Jagtial Dist","09-Jul-2024","25-Sep-2024","2500000","Sanction"
"67","Repair and Renovation","WS/MP171/2024-2025/144782-Construction of public libraries and reading rooms","Telangana","RAJANNA SIRCILLA(DISTRICT COLLECTOR RAJANNA SIRCILLA_IDA)","Shri Ravi Chandra Vaddiraju (2024-30) (2024-2030)","Elected MP","Additional Structure to GP Building at Lalsingh Thanda(v) of Veernapally (M)","30-Sep-2024","20-Dec-2024","500000","Sanction"
"68","Normal/Others","WS/MP846/2025-2026/149161-Construction of public libraries and reading rooms","Telangana","RAJANNA SIRCILLA(DISTRICT COLLECTOR RAJANNA SIRCILLA_IDA)","Shri Damodar Rao Divakonda (2022-28) (2022-2028)","Elected MP","C/o Reading Hall at Mudiraj Colony Venkatapur (v) Yellaerddypet (m)","23-Oct-2024","17-Feb-2026","500000","Work partially Completed"
"69","Normal/Others","WS/MP846/2025-2026/198258-Construction of public libraries and reading rooms","Telangana","MEDAK(COLLECTOR MEDAK DISTRICT)","Shri Damodar Rao Divakonda (2022-28) (2022-2028)","Elected MP","Construction of Reading Room at BC Colony Near Yellamma Temple at Narsingi Village and Mandal Medak Dist.","09-May-2025","24-Nov-2025","300000","Sanction"
"70","Normal/Others","WS/MP846/2025-2026/248385-Construction of public libraries and reading rooms","Telangana","KARIMNAGAR(DISTRICT COLLECTOR KARIMNAGAR_IDA)","Shri Damodar Rao Divakonda (2022-28) (2022-2028)","Elected MP","Bw Construction of Library Reading room Building at Vavilala Khadi Gramodyog Prastistan, Jammikunta Village and Mandal at Karimnagar Dist","15-Nov-2025","23-Dec-2025","4000000","Sanction"
"71","Normal/Others","WS/MP846/2025-2026/248395-Construction of public libraries and reading rooms","Telangana","Nirmal(DISTRICT COLLECTOR NIRMAL_3)","Shri Damodar Rao Divakonda (2022-28) (2022-2028)","Elected MP","Construction of Library Building at Ponkal Village and GP of Mamda Mandal  at Nirmal Dist.","15-Nov-2025","20-Jan-2026","500000","Sanction"
"72","Normal/Others","WS/MP846/2026-2027/279663-Construction of public libraries and reading rooms","Telangana","Jagitial(DISTRICT COLLECTOR JAGTIAL_IDA)","Shri Damodar Rao Divakonda (2022-28) (2022-2028)","Elected MP","Reading Hall Near Munnurukapu Sangham Thippannapet Village at Jagtial Dist.","05-May-2026","14-May-2026","3000000","Work partially Completed"
"73","Normal/Others","WS/MP18381/2026-2027/281781-Crematoriums/energy efficient crematoriums or structures on burial/cremation ground","Telangana","KHAMMAM(DISTRICT COLLECTOR KHAMMAM_IDA)","Smt. Renuka Chowdhury (2024-30) (2024-2030)","Elected MP","Construction of Cremation ground compound wall at Illuru Village, Madhira Mandal, Khammam District, Telangana","18-May-2026","19-Aug-2026","450000","Sanction"
"74","Normal/Others","WS/MP171/2025-2026/201775-Construction of night shelters for homeless","Telangana","WANAPARTHY(DISTRICT COLLECTOR WANAPARTHY_IDA)","Shri Ravi Chandra Vaddiraju (2024-30) (2024-2030)","Elected MP","Construction of Night Shelters for Homeless at Karne Thanda  Shapur(V), Ghanpur(M), Wanaparthy  District","20-May-2025","02-Jul-2025","1000000","Physical Inspection"
"75","Normal/Others","WS/MP846/2025-2026/248394-Construction of night shelters for homeless","Telangana","Nirmal(DISTRICT COLLECTOR NIRMAL_3)","Shri Damodar Rao Divakonda (2022-28) (2022-2028)","Elected MP","Construction of Old Age Home Building at Ponkal Village and GP of Mamda Mandal at Nirmal Dist.","15-Nov-2025","20-Jan-2026","500000","Sanction"
"76","Normal/Others","WS/MP846/2024-2025/122708-Construction of additional rooms and halls in the existing public and community building","Telangana","Jagitial(DISTRICT COLLECTOR JAGTIAL_IDA)","Shri Damodar Rao Divakonda (2022-28) (2022-2028)","Elected MP","B/w of C/o Mahila Building at Maddunur (V) MP Buggaram","09-Jul-2024","25-Sep-2024","787073","Physical Inspection"
"77","Normal/Others","WS/MP846/2024-2025/122715-Construction of additional rooms and halls in the existing public and community building","Telangana","Jagitial(DISTRICT COLLECTOR JAGTIAL_IDA)","Shri Damodar Rao Divakonda (2022-28) (2022-2028)","Elected MP","B/w Munnurukapu sangham Building Near Pochamma Temple at Maddunur (V)","09-Jul-2024","25-Sep-2024","500000","Physical Inspection"
"78","Normal/Others","WS/MP846/2024-2025/122719-Construction of additional rooms and halls in the existing public and community building","Telangana","Jagitial(DISTRICT COLLECTOR JAGTIAL_IDA)","Shri Damodar Rao Divakonda (2022-28) (2022-2028)","Elected MP","B/w of C/o Padmashali Sheva Building at Muddunur (v)","09-Jul-2024","25-Sep-2024","500000","Physical Inspection"
"79","Repair and Renovation","WS/MP171/2024-2025/148939-Construction of additional rooms and halls in the existing public and community building","Telangana","YADADRI BHUVANAGIRI(DISTRICT COLLECTOR YADADRI BHUVANAGIRI_IDA)","Shri Ravi Chandra Vaddiraju (2024-30) (2024-2030)","Elected MP","Providing/Construction of Toilets and Sanitary Equipment at GP Community Hall Building at Narayanapur(V&M), Yadadri Bhongir Dist.","21-Oct-2024","24-Dec-2024","498000","Work Completed"
"80","Repair and Renovation","WS/MP171/2024-2025/148940-Construction of additional rooms and halls in the existing public and community building","Telangana","YADADRI BHUVANAGIRI(DISTRICT COLLECTOR YADADRI BHUVANAGIRI_IDA)","Shri Ravi Chandra Vaddiraju (2024-30) (2024-2030)","Elected MP","Providing Additional Structure for GP Community Hall Building at Narayanapur(V&M), Yadadri Bhongir Dist.","21-Oct-2024","24-Dec-2024","498000","Work Completed"
"81","Normal/Others","WS/MP171/2026-2027/175998-Construction of additional rooms and halls in the existing public and community building","Telangana","PEDDAPALLI(District Collector Peddapally_IDA)","Shri Ravi Chandra Vaddiraju (2024-30) (2024-2030)","Elected MP","Extension of Community Hall Near Sri Jagath Maha Muneeshwar Swamy Ashramam in Kalwasrirampur","17-Feb-2025","01-Apr-2026","499000","Work partially Completed"
"82","Normal/Others","WS/MP846/2026-2027/198252-Construction of additional rooms and halls in the existing public and community building","Telangana","SIDDIPET(District Collector Siddipet_IDA)","Shri Damodar Rao Divakonda (2022-28) (2022-2028)","Elected MP","Construction of VO Building at Dumpalapally, Dubbak Municipality, Siddipet Dist.","09-May-2025","22-Aug-2026","500000","Physical Inspection"
"83","Normal/Others","WS/MP171/2025-2026/232803-Construction of additional rooms and halls in the existing public and community building","Telangana","NALGONDA(DISTRICT COLLECTOR NALGONDA)","Shri Ravi Chandra Vaddiraju (2024-30) (2024-2030)","Elected MP","Additional Structure to Community Hall","11-Sep-2025","16-Dec-2025","498000","Work Completed"
"84","Normal/Others","WS/MP846/2024-2025/136893-Construction of boundary walls of existing public and community buildings","Telangana","Jagitial(DISTRICT COLLECTOR JAGTIAL_IDA)","Shri Damodar Rao Divakonda (2022-28) (2022-2028)","Elected MP","C/o compound wall at school in Rangaraopet (v), Metpally (m).","28-Aug-2024","25-Sep-2024","250000","Work partially Completed"
"85","Normal/Others","WS/MP846/2024-2025/137315-Construction of boundary walls of existing public and community buildings","Telangana","Jagitial(DISTRICT COLLECTOR JAGTIAL_IDA)","Shri Damodar Rao Divakonda (2022-28) (2022-2028)","Elected MP","Construction of Compound wall (North Side) to Old age home Velma Sankshema Mandali at Nookapally (v) MP.Mallial, Jagtial Dist.","28-Aug-2024","11-Sep-2024","999161","Physical Inspection"
"86","Normal/Others","WS/MP846/2024-2025/137319-Construction of boundary walls of existing public and community buildings","Telangana","Jagitial(DISTRICT COLLECTOR JAGTIAL_IDA)","Shri Damodar Rao Divakonda (2022-28) (2022-2028)","Elected MP","Construction of Compound wall (East Side) to Old age home Velma Sankshema Mandali at Nookapally (v) MP.Mallial,Jagtial Dist.","28-Aug-2024","11-Sep-2024","1000000","Sanction"
"87","Normal/Others","WS/MP846/2024-2025/137320-Construction of boundary walls of existing public and community buildings","Telangana","Jagitial(DISTRICT COLLECTOR JAGTIAL_IDA)","Shri Damodar Rao Divakonda (2022-28) (2022-2028)","Elected MP","Construction of Compound wall (West Side) to Old age home Velma Sankshema Mandali at Nookapally (v) MP.Mallial, Jagtial Dist.","28-Aug-2024","11-Sep-2024","999418","Physical Inspection"
"88","Normal/Others","WS/MP846/2024-2025/137327-Construction of boundary walls of existing public and community buildings","Telangana","Jagitial(DISTRICT COLLECTOR JAGTIAL_IDA)","Shri Damodar Rao Divakonda (2022-28) (2022-2028)","Elected MP","Balance Work of Retaining wall & Compound wall to Old age home Velma Sankshema Mandali at Nookapally (v) MP. Mallial, Jagtial Dist.","28-Aug-2024","11-Sep-2024","1000000","Work Completed"
"89","Normal/Others","WS/MP846/2026-2027/151566-Construction of boundary walls of existing public and community buildings","Telangana","Jagitial(DISTRICT COLLECTOR JAGTIAL_IDA)","Shri Damodar Rao Divakonda (2022-28) (2022-2028)","Elected MP","Construction of Compound wall to ZPHS School in Chilvakodur village of Gollapally Mandal of Dharmapuri Constituency of Jagtial Dist.","12-Nov-2024","24-Jul-2026","2500000","Work partially Completed"
"90","Normal/Others","WS/MP846/2026-2027/204606-Construction of boundary walls of existing public and community buildings","Telangana","Jagitial(DISTRICT COLLECTOR JAGTIAL_IDA)","Shri Damodar Rao Divakonda (2022-28) (2022-2028)","Elected MP","Construction of Toilet Blocks (Male and Female), Balance work of Compound wall to Navadurga Community Hall, at  Mothe Village of Jagtial Urban Mandal of Jagtial Dist.","29-May-2025","17-Aug-2026","4000000","Sanction"
"91","Normal/Others","WS/MP171/2026-2027/207479-Construction of boundary walls of existing public and community buildings","Telangana","MAHABUBNAGAR(DISTRICT COLLECTOR MAHABUBNAGAR_3)","Shri Ravi Chandra Vaddiraju (2024-30) (2024-2030)","Elected MP","Construction of Compound Wall to Community Hall at Kothamolgara(V), Boothpur(M), Mahabubnagar District.","09-Jun-2025","16-May-2026","499000","Physical Inspection"
"92","Normal/Others","WS/MP18374/2025-2026/212992-Construction of boundary walls of existing public and community buildings","Telangana","KAITHAL(DC CUM NODAL OFFICERS MPLADS)","Shri Anil Kumar Yadav Mandadi (2024-30) (2024-2030)","Elected MP","Construction of Gate on the land owned by the Municipal Council at Punjabi Sewa Sadan, Kaithal, Distt. Kaithal, Haryana (Ward No. - 30)","27-Jun-2025","26-Sep-2025","1370000","Sanction"
"93","Normal/Others","WS/MP846/2026-2027/248411-Construction of boundary walls of existing public and community buildings","Telangana","Jagitial(DISTRICT COLLECTOR JAGTIAL_IDA)","Shri Damodar Rao Divakonda (2022-28) (2022-2028)","Elected MP","Construction of Compound Wall for GMR Trust in Raikal Town at Jagtial Dist.","19-Nov-2025","14-Jul-2026","3500000","Sanction"
"94","Normal/Others","WS/MP846/2024-2025/116359-Construction of buildings for community cultural activities","Telangana","KARIMNAGAR(DISTRICT COLLECTOR KARIMNAGAR_IDA)","Shri Damodar Rao Divakonda (2022-28) (2022-2028)","Elected MP","C/o cultural building at Huzurabad club, Huzurabad","28-Feb-2024","23-Sep-2024","3500000","Vendor Identification"
"95","Normal/Others","WS/MP846/2024-2025/122801-Construction of buildings for community cultural activities","Telangana","Jagitial(DISTRICT COLLECTOR JAGTIAL_IDA)","Shri Damodar Rao Divakonda (2022-28) (2022-2028)","Elected MP","C/o Mahilasangam Building at Lothunur (v) Gollapalli (m)","09-Jul-2024","26-Sep-2024","500000","Sanction"
"96","Normal/Others","WS/MP846/2024-2025/136888-Construction of buildings for community cultural activities","Telangana","Jagitial(DISTRICT COLLECTOR JAGTIAL_IDA)","Shri Damodar Rao Divakonda (2022-28) (2022-2028)","Elected MP","C/o Shishumandir school Building in Ailapur(v) Korutla (m).","28-Aug-2024","26-Sep-2024","700000","Work Completed"
"97","Normal/Others","WS/MP846/2024-2025/136889-Construction of buildings for community cultural activities","Telangana","Jagitial(DISTRICT COLLECTOR JAGTIAL_IDA)","Shri Damodar Rao Divakonda (2022-28) (2022-2028)","Elected MP","C/o RMP & PMP Welfare Society Building In Mallapur(v), Mallapur(m).","28-Aug-2024","23-Sep-2024","300000","Sanction"
"98","Normal/Others","WS/MP846/2024-2025/136896-Construction of buildings for community cultural activities","Telangana","Jagitial(DISTRICT COLLECTOR JAGTIAL_IDA)","Shri Damodar Rao Divakonda (2022-28) (2022-2028)","Elected MP","B/w of GP Building in Vittampet(v) Metpally (m).","28-Aug-2024","25-Sep-2024","200000","Physical Inspection"
"99","Normal/Others","WS/MP171/2025-2026/189713-Construction of Government office buildings (Post office, Police station, Police chauki, etc.)","Telangana","BHADRADRI KOTHAGUDEM(District Collector Bhadradri Ktdm_IDA)","Shri Ravi Chandra Vaddiraju (2024-30) (2024-2030)","Elected MP","Construction of Cultural Center at 6th Bn TGSP Chathakonda village, laxmidevipally mandal, Bhadrari Kothagudem District","07-Apr-2025","01-Aug-2025","2000000","Sanction"
"100","Normal/Others","WS/MP846/2025-2026/248393-Construction of Government office buildings (Post office, Police station, Police chauki, etc.)","Telangana","Nirmal(DISTRICT COLLECTOR NIRMAL_3)","Shri Damodar Rao Divakonda (2022-28) (2022-2028)","Elected MP","Construction of Post Office Building at Ponkal Village and GP  of Mamda Mandal at Nirmal Dist","15-Nov-2025","20-Jan-2026","500000","Sanction"
"101","Repair and Renovation","WS/MP171/2026-2027/148163-Construction of rooms and halls in school and colleges","Telangana","WARANGAL(District Collector Warangal_IDA)","Shri Ravi Chandra Vaddiraju (2024-30) (2024-2030)","Elected MP","Providing Additional Facilities to TSWRSC/JC.(G)  At Paravathagiri (V&M), Warangal District.","18-Oct-2024","31-Jul-2026","1000000","Vendor Identification"
"102","Normal/Others","WS/MP846/2025-2026/201294-Construction of rooms and halls in school and colleges","Telangana","WANAPARTHY(DISTRICT COLLECTOR WANAPARTHY_IDA)","Shri Damodar Rao Divakonda (2022-28) (2022-2028)","Elected MP","Construction of Additional Classroom (ZPHS) Rajapet Wanaparthy Dist.","20-May-2025","18-Jun-2025","497214","Physical Inspection"
"103","Normal/Others","WS/MP846/2026-2027/214852-Construction of rooms and halls in school and colleges","Telangana","Jagitial(DISTRICT COLLECTOR JAGTIAL_IDA)","Shri Damodar Rao Divakonda (2022-28) (2022-2028)","Elected MP","Construction of Govt High School Building Metpalli Village and Town at Jagitial Dist","05-Jul-2025","01-Aug-2026","4000000","Work partially Completed"
"104","Normal/Others","WS/MP18374/2025-2026/218022-Construction of rooms and halls in school and colleges","Telangana","NIZAMABAD(DISTRICT COLLECTOR NIZAMABAD_IDA)","Shri Anil Kumar Yadav Mandadi (2024-30) (2024-2030)","Elected MP","Construction of Additional room to Library at North side in Division No.44 of Nizamabad Town","14-Jul-2025","18-Dec-2025","500000","Physical Inspection"
"105","Normal/Others","WS/MP18374/2025-2026/218023-Construction of rooms and halls in school and colleges","Telangana","NIZAMABAD(DISTRICT COLLECTOR NIZAMABAD_IDA)","Shri Anil Kumar Yadav Mandadi (2024-30) (2024-2030)","Elected MP","Construction of Additional room to Library at   East west side in Division No.44 of Nizamabad Town","14-Jul-2025","18-Dec-2025","500000","Physical Inspection"
"106","Normal/Others","WS/MP18374/2025-2026/218024-Construction of rooms and halls in school and colleges","Telangana","NIZAMABAD(DISTRICT COLLECTOR NIZAMABAD_IDA)","Shri Anil Kumar Yadav Mandadi (2024-30) (2024-2030)","Elected MP","Construction of Additional room to Library at   South side in Division No.44 of Nizamabad Town","14-Jul-2025","19-Dec-2025","500000","Physical Inspection"
"107","Normal/Others","WS/MP18374/2025-2026/218025-Construction of rooms and halls in school and colleges","Telangana","NIZAMABAD(DISTRICT COLLECTOR NIZAMABAD_IDA)","Shri Anil Kumar Yadav Mandadi (2024-30) (2024-2030)","Elected MP","Construction of Additional room to Library at   East  side in Division No.44 of Nizamabad Town","14-Jul-2025","19-Dec-2025","500000","Physical Inspection"
"108","Normal/Others","WS/MP18374/2025-2026/218026-Construction of rooms and halls in school and colleges","Telangana","NIZAMABAD(DISTRICT COLLECTOR NIZAMABAD_IDA)","Shri Anil Kumar Yadav Mandadi (2024-30) (2024-2030)","Elected MP","Construction of Additional room to Library at   West  side in Division No.44 of Nizamabad Town","14-Jul-2025","19-Dec-2025","500000","Physical Inspection"
"109","Normal/Others","WS/MP18374/2025-2026/236487-Construction of rooms and halls in school and colleges","Telangana","NALGONDA(DISTRICT COLLECTOR NALGONDA)","Shri Anil Kumar Yadav Mandadi (2024-30) (2024-2030)","Elected MP","Construction of Stage at Govt.Girls High School at Miryalaguda Town","23-Sep-2025","20-Nov-2025","500000","Sanction"
"110","Normal/Others","WS/MP18381/2026-2027/260901-Construction of rooms and halls in school and colleges","Telangana","KHAMMAM(DISTRICT COLLECTOR KHAMMAM_IDA)","Smt. Renuka Chowdhury (2024-30) (2024-2030)","Elected MP","Construction of Additional Class room for Computer Laboratory at Jakkepally High School, Village Jakkepally, Mandal Kusumanchi, Khammam District, Telangana","21-Jan-2026","18-Jun-2026","1300000","Sanction"
"111","Normal/Others","WS/MP18381/2026-2027/276432-Development of playground","Telangana","NIZAMABAD(DISTRICT COLLECTOR NIZAMABAD_IDA)","Smt. Renuka Chowdhury (2024-30) (2024-2030)","Elected MP","Construction of DIAS in ZPHS School Ground at Tirmanpalle Village, Nizambad Rural Mandal, Nizambad District, Telangana","28-Mar-2026","23-May-2026","500000","Sanction"
"112","Normal/Others","WS/MP846/2024-2025/122714-Construction of buildings for crèches and anganwadies","Telangana","Jagitial(DISTRICT COLLECTOR JAGTIAL_IDA)","Shri Damodar Rao Divakonda (2022-28) (2022-2028)","Elected MP","B/w Anganwadi Building at Maddunur (V)","09-Jul-2024","25-Sep-2024","497965","Physical Inspection"
"113","Normal/Others","WS/MP171/2025-2026/207639-Setting up of laboratories","Telangana","KHAMMAM(DISTRICT COLLECTOR KHAMMAM_IDA)","Shri Ravi Chandra Vaddiraju (2024-30) (2024-2030)","Elected MP","Establishment of Science and Robotics Laboratory with Furniture","10-Jun-2025","16-Sep-2025","498000","Work Completed"
"114","Normal/Others","WS/MP171/2025-2026/207640-Setting up of laboratories","Telangana","KHAMMAM(DISTRICT COLLECTOR KHAMMAM_IDA)","Shri Ravi Chandra Vaddiraju (2024-30) (2024-2030)","Elected MP","Establishment of Science and Robotics Laboratory with Furniture","10-Jun-2025","16-Sep-2025","498000","Work Completed"
"115","Normal/Others","WS/MP171/2025-2026/207648-Setting up of laboratories","Telangana","KHAMMAM(DISTRICT COLLECTOR KHAMMAM_IDA)","Shri Ravi Chandra Vaddiraju (2024-30) (2024-2030)","Elected MP","Establishment of Science and Robotics Laboratory with Furniture at ZP High School, Mudigonda, Mudigonda(M), Khammam District.","10-Jun-2025","16-Sep-2025","498000","Work Completed"
"116","Normal/Others","WS/MP171/2025-2026/207649-Setting up of laboratories","Telangana","KHAMMAM(DISTRICT COLLECTOR KHAMMAM_IDA)","Shri Ravi Chandra Vaddiraju (2024-30) (2024-2030)","Elected MP","Establishment of Science and Robotics Laboratory with Furniture at Govt. High School, Madhira CPS, Madhira, Khammam District.","10-Jun-2025","16-Sep-2025","498000","Work Completed"
"117","Normal/Others","WS/MP171/2025-2026/207666-Setting up of laboratories","Telangana","KHAMMAM(DISTRICT COLLECTOR KHAMMAM_IDA)","Shri Ravi Chandra Vaddiraju (2024-30) (2024-2030)","Elected MP","Establishment of Science and Robotics Laboratory with Furniture at ZP High School, Mallemadugu, Khammam Rural(M), Khammam District","10-Jun-2025","16-Sep-2025","498000","Work Completed"
"118","Normal/Others","WS/MP171/2025-2026/207667-Setting up of laboratories","Telangana","KHAMMAM(DISTRICT COLLECTOR KHAMMAM_IDA)","Shri Ravi Chandra Vaddiraju (2024-30) (2024-2030)","Elected MP","Establishment of Science and Robotics Laboratory with Furniture at ZP High School, Tirumalayapalem, Tirumalayapalem (M), Khammam District.","10-Jun-2025","16-Sep-2025","498000","Work Completed"
"119","Normal/Others","WS/MP171/2025-2026/207670-Setting up of laboratories","Telangana","KHAMMAM(DISTRICT COLLECTOR KHAMMAM_IDA)","Shri Ravi Chandra Vaddiraju (2024-30) (2024-2030)","Elected MP","Establishment of Science and Robotics Laboratory with Furniture at ZP High School SDVR Bethupalli Gangaram, Sathupally(M), Khammam District.","10-Jun-2025","16-Sep-2025","498000","Work Completed"
"120","Normal/Others","WS/MP171/2025-2026/207671-Setting up of laboratories","Telangana","KHAMMAM(DISTRICT COLLECTOR KHAMMAM_IDA)","Shri Ravi Chandra Vaddiraju (2024-30) (2024-2030)","Elected MP","Establishment of Science and Robotics Laboratory with Furniture at ZP High School Kakarlapalli, Sathupally(M), Khammam District.","10-Jun-2025","16-Sep-2025","498000","Work Completed"
"121","Normal/Others","WS/MP171/2025-2026/207677-Setting up of laboratories","Telangana","KHAMMAM(DISTRICT COLLECTOR KHAMMAM_IDA)","Shri Ravi Chandra Vaddiraju (2024-30) (2024-2030)","Elected MP","Establishment of Science and Robotics Laboratory with Furniture at ZP High School Konijerla, Konijerla(M), Khammam District.","10-Jun-2025","16-Sep-2025","498000","Work Completed"
"122","Normal/Others","WS/MP171/2025-2026/207678-Setting up of laboratories","Telangana","KHAMMAM(DISTRICT COLLECTOR KHAMMAM_IDA)","Shri Ravi Chandra Vaddiraju (2024-30) (2024-2030)","Elected MP","Establishment of Science and Robotics Laboratory with Furniture at ZP High School(G) Wyra , Wyra(M), Khammam District.","10-Jun-2025","16-Sep-2025","498000","Work Completed"
"123","Normal/Others","WS/MP171/2025-2026/207688-Setting up of laboratories","Telangana","BHADRADRI KOTHAGUDEM(District Collector Bhadradri Ktdm_IDA)","Shri Ravi Chandra Vaddiraju (2024-30) (2024-2030)","Elected MP","Establishment of Science and Robotics Laboratory with Furniture at Govt. High School Ramavaram, Kothagudem , Bhadradri Kothagudem District.","10-Jun-2025","15-Oct-2025","498000","Work Completed"
"124","Normal/Others","WS/MP171/2025-2026/207689-Setting up of laboratories","Telangana","BHADRADRI KOTHAGUDEM(District Collector Bhadradri Ktdm_IDA)","Shri Ravi Chandra Vaddiraju (2024-30) (2024-2030)","Elected MP","Establishment of Science and Robotics Laboratory with Furniture at ZP High School Anandhakhani(V), old Penugadapa, Kothagudem(M), Bhadradri Kothagudem District.","10-Jun-2025","15-Oct-2025","498000","Work Completed"
"125","Normal/Others","WS/MP171/2025-2026/207693-Setting up of laboratories","Telangana","BHADRADRI KOTHAGUDEM(District Collector Bhadradri Ktdm_IDA)","Shri Ravi Chandra Vaddiraju (2024-30) (2024-2030)","Elected MP","Establishment of Science and Robotics Laboratory with Furniture at ZP High School(G) Bhadrachalam, Bhadradri Kothagudem District.","10-Jun-2025","15-Oct-2025","498000","Work Completed"
"126","Normal/Others","WS/MP171/2025-2026/207694-Setting up of laboratories","Telangana","BHADRADRI KOTHAGUDEM(District Collector Bhadradri Ktdm_IDA)","Shri Ravi Chandra Vaddiraju (2024-30) (2024-2030)","Elected MP","Establishment of Science and Robotics Laboratory with Furniture at SNAM ZP High School Narsapuram, Dummugudem(M), Bhadradri Kothagudem District.","10-Jun-2025","15-Oct-2025","498000","Work Completed"
"127","Normal/Others","WS/MP171/2025-2026/207700-Setting up of laboratories","Telangana","BHADRADRI KOTHAGUDEM(District Collector Bhadradri Ktdm_IDA)","Shri Ravi Chandra Vaddiraju (2024-30) (2024-2030)","Elected MP","Establishment of Science and Robotics Laboratory with Furniture","10-Jun-2025","10-Oct-2025","498000","Work Completed"
"128","Normal/Others","WS/MP171/2025-2026/207701-Setting up of laboratories","Telangana","BHADRADRI KOTHAGUDEM(District Collector Bhadradri Ktdm_IDA)","Shri Ravi Chandra Vaddiraju (2024-30) (2024-2030)","Elected MP","Establishment of Science and Robotics Laboratory with Furniture","10-Jun-2025","10-Oct-2025","498000","Work Completed"
"129","Normal/Others","WS/MP171/2025-2026/207705-Setting up of laboratories","Telangana","BHADRADRI KOTHAGUDEM(District Collector Bhadradri Ktdm_IDA)","Shri Ravi Chandra Vaddiraju (2024-30) (2024-2030)","Elected MP","Establishment of Science and Robotics Laboratory with Furniture at ZP High School Mulkalapally(V.M), Bhadradri Kothagudem District.","10-Jun-2025","10-Oct-2025","498000","Work Completed"
"130","Normal/Others","WS/MP171/2025-2026/207706-Setting up of laboratories","Telangana","BHADRADRI KOTHAGUDEM(District Collector Bhadradri Ktdm_IDA)","Shri Ravi Chandra Vaddiraju (2024-30) (2024-2030)","Elected MP","Establishment of Science and Robotics Laboratory with Furniture at ZP High School Ashwaraopeta(V. M), Bhadradri Kothagudem District.","10-Jun-2025","10-Oct-2025","498000","Work Completed"
"131","Normal/Others","WS/MP171/2025-2026/207710-Setting up of laboratories","Telangana","BHADRADRI KOTHAGUDEM(District Collector Bhadradri Ktdm_IDA)","Shri Ravi Chandra Vaddiraju (2024-30) (2024-2030)","Elected MP","Establishment of Science and Robotics Laboratory with Furniture at Govt. High School Tekulapally(V.M), Bhadradri Kothagudem District.","10-Jun-2025","10-Oct-2025","498000","Work Completed"
"132","Normal/Others","WS/MP171/2025-2026/207711-Setting up of laboratories","Telangana","BHADRADRI KOTHAGUDEM(District Collector Bhadradri Ktdm_IDA)","Shri Ravi Chandra Vaddiraju (2024-30) (2024-2030)","Elected MP","Establishment of Science and Robotics Laboratory with Furniture at Govt. High School(JBS) Yellandu (V.M), Bhadradri Kothagudem District.","10-Jun-2025","10-Oct-2025","498000","Work Completed"
"133","Normal/Others","WS/MP168/2025-2026/212170-Purchase of vans and buses for educational institutions","Telangana","KARIMNAGAR(DISTRICT COLLECTOR KARIMNAGAR_IDA)","Shri B. Parthasaradhi Reddy (2022-28) (2022-2028)","Elected MP","purchase of Force T3 school bus","25-Jun-2025","01-Jul-2025","3311784","Vendor Identification"
"134","Normal/Others","WS/MP18374/2025-2026/236486-Purchase of furniture and fixtures for educational purposes","Telangana","NALGONDA(DISTRICT COLLECTOR NALGONDA)","Shri Anil Kumar Yadav Mandadi (2024-30) (2024-2030)","Elected MP","Providing of Wall Mount Fans to TGMRS and  JC, Miryalaguda-1 in Miryalaguda Town","23-Sep-2025","20-Nov-2025","150000","Sanction"
"135","Normal/Others","WS/MP18374/2024-2025/150314-Purchase of hospital equipment","Telangana","HYDERABAD(DISTRICT COLLECTOR HYDERABAD_IDA)","Shri Anil Kumar Yadav Mandadi (2024-30) (2024-2030)","Elected MP","Providing Infrastructure Facilities for Institute Of Child Health Niloufer Hospital For Women and Children.","01-Nov-2024","01-Mar-2025","6000000","Physical Inspection"
"136","Normal/Others","WS/MP171/2024-2025/151337-Purchase of hospital equipment","Telangana","HYDERABAD(DISTRICT COLLECTOR HYDERABAD_IDA)","Shri Ravi Chandra Vaddiraju (2024-30) (2024-2030)","Elected MP","Electric Bus 14-Seater LeadAcid 14-Seater Sightseeing Electric Bus, 72v System with Lead-Acid Batteries","07-Nov-2024","09-Jan-2025","1400000","Vendor Identification"
"137","Normal/Others","WS/MP846/2024-2025/148395-Installing tube-wells and borewells","Telangana","JANGOAN(DISTRICT COLLECTOR JANGAON_IDA)","Shri Damodar Rao Divakonda (2022-28) (2022-2028)","Elected MP","Drilling of Borewell at Durgamma temple in       Manchuppala(v) of Palakurthy(M)  Jangaon Dist","29-Oct-2024","16-Dec-2024","85000","Work Completed"
"138","Normal/Others","WS/MP846/2024-2025/148603-Installing tube-wells and borewells","Telangana","JANGOAN(DISTRICT COLLECTOR JANGAON_IDA)","Shri Damodar Rao Divakonda (2022-28) (2022-2028)","Elected MP","Drilling of Borewell at Kambalakuntathanda H/O Sirisannagudem(v )of Palakurthy(M) Jangaon Dist","29-Oct-2024","16-Dec-2024","85000","Work Completed"
"139","Normal/Others","WS/MP846/2024-2025/148604-Installing tube-wells and borewells","Telangana","JANGOAN(DISTRICT COLLECTOR JANGAON_IDA)","Shri Damodar Rao Divakonda (2022-28) (2022-2028)","Elected MP","Drilling of Borewell at Water plant in Dhardhepally    (v) of Palakurthy(M) Jangaon Dist","29-Oct-2024","16-Dec-2024","85000","Work Completed"
"140","Normal/Others","WS/MP846/2024-2025/148605-Installing tube-wells and borewells","Telangana","JANGOAN(DISTRICT COLLECTOR JANGAON_IDA)","Shri Damodar Rao Divakonda (2022-28) (2022-2028)","Elected MP","Drilling of Borewell at BC –Colony in Dhardhepally(v) of Palakurthy(M) Jangaon Dist","29-Oct-2024","16-Dec-2024","85000","Work Completed"
"141","Normal/Others","WS/MP846/2024-2025/148606-Installing tube-wells and borewells","Telangana","JANGOAN(DISTRICT COLLECTOR JANGAON_IDA)","Shri Damodar Rao Divakonda (2022-28) (2022-2028)","Elected MP","Drilling of Borewell at Gouda community hall in Dhardhepally(v) of Palakurthy(M) Jangaon Dist","29-Oct-2024","16-Dec-2024","85000","Work Completed"
"142","Normal/Others","WS/MP846/2024-2025/148620-Installing tube-wells and borewells","Telangana","JANGOAN(DISTRICT COLLECTOR JANGAON_IDA)","Shri Damodar Rao Divakonda (2022-28) (2022-2028)","Elected MP","Drilling of Borewell at cheruvukatta in Visnoor (v) of  Palakurthy((M) Jangaon Dist","29-Oct-2024","16-Dec-2024","85000","Work Completed"
"143","Normal/Others","WS/MP846/2024-2025/148621-Installing tube-wells and borewells","Telangana","JANGOAN(DISTRICT COLLECTOR JANGAON_IDA)","Shri Damodar Rao Divakonda (2022-28) (2022-2028)","Elected MP","Drilling of Borewell at Visnoor(v) of Palakurthy((M) Jangaon Dist","29-Oct-2024","16-Dec-2024","85000","Work Completed"
"144","Normal/Others","WS/MP846/2024-2025/148624-Installing tube-wells and borewells","Telangana","JANGOAN(DISTRICT COLLECTOR JANGAON_IDA)","Shri Damodar Rao Divakonda (2022-28) (2022-2028)","Elected MP","Drilling of Borewell at 2BHK Houses in Thorrur(v) of Palakurthy(M) Jangaon Dist","29-Oct-2024","16-Dec-2024","85000","Work Completed"
"145","Normal/Others","WS/MP846/2024-2025/148626-Installing tube-wells and borewells","Telangana","JANGOAN(DISTRICT COLLECTOR JANGAON_IDA)","Shri Damodar Rao Divakonda (2022-28) (2022-2028)","Elected MP","Drilling of Borewell at Shathapuram(v) of Palakurthy(M) Jangaon Dist","29-Oct-2024","16-Dec-2024","85000","Work Completed"
"146","Normal/Others","WS/MP846/2024-2025/148627-Installing tube-wells and borewells","Telangana","JANGOAN(DISTRICT COLLECTOR JANGAON_IDA)","Shri Damodar Rao Divakonda (2022-28) (2022-2028)","Elected MP","Drilling of Borewell at SC- Colony in Shathapuram(v) of Palakurthy(M) Jangaon Dist","29-Oct-2024","16-Dec-2024","85000","Work Completed"
"147","Normal/Others","WS/MP846/2024-2025/148632-Installing tube-wells and borewells","Telangana","JANGOAN(DISTRICT COLLECTOR JANGAON_IDA)","Shri Damodar Rao Divakonda (2022-28) (2022-2028)","Elected MP","Drilling of Borewell  and Supply and Fixing 1.0HP pump set at 2BHK in Bommera(v) of Palakurthy(M) Jangaon Dist","29-Oct-2024","16-Dec-2024","145000","Work Completed"
"148","Normal/Others","WS/MP846/2024-2025/148634-Installing tube-wells and borewells","Telangana","JANGOAN(DISTRICT COLLECTOR JANGAON_IDA)","Shri Damodar Rao Divakonda (2022-28) (2022-2028)","Elected MP","Drilling of Borewell at Near  Primary school in Gudur (v) of Palakurthy(M) Jangaon Dist","29-Oct-2024","16-Dec-2024","85000","Work Completed"
"149","Normal/Others","WS/MP846/2024-2025/148635-Installing tube-wells and borewells","Telangana","JANGOAN(DISTRICT COLLECTOR JANGAON_IDA)","Shri Damodar Rao Divakonda (2022-28) (2022-2028)","Elected MP","Drilling of Borewell at Back Side of Primary school in Gudur(v) of Palakurthy(M) Jangaon Dist","29-Oct-2024","16-Dec-2024","85000","Work Completed"
"150","Normal/Others","WS/MP846/2024-2025/148637-Installing tube-wells and borewells","Telangana","JANGOAN(DISTRICT COLLECTOR JANGAON_IDA)","Shri Damodar Rao Divakonda (2022-28) (2022-2028)","Elected MP","Drilling of Borewell at 2BHK Houses Gudur(v)  of Palakurthy(M) Jangaon Dist","29-Oct-2024","16-Dec-2024","85000","Work Completed"
"151","Normal/Others","WS/MP846/2024-2025/148638-Installing tube-wells and borewells","Telangana","JANGOAN(DISTRICT COLLECTOR JANGAON_IDA)","Shri Damodar Rao Divakonda (2022-28) (2022-2028)","Elected MP","Drilling of Borewell at Primary School in Gudur(v) Of Palakurthy(M) Jangaon Dist","29-Oct-2024","16-Dec-2024","85000","Work Completed"
"152","Normal/Others","WS/MP846/2024-2025/148640-Installing tube-wells and borewells","Telangana","JANGOAN(DISTRICT COLLECTOR JANGAON_IDA)","Shri Damodar Rao Divakonda (2022-28) (2022-2028)","Elected MP","Drilling of Borewell and Supply anf Fixing 5.HP pumpsent at  Thirumalagiri (V), Palakurthy(M) Jangaon Dist","29-Oct-2024","16-Dec-2024","200000","Work Completed"
"153","Normal/Others","WS/MP846/2024-2025/148641-Installing tube-wells and borewells","Telangana","JANGOAN(DISTRICT COLLECTOR JANGAON_IDA)","Shri Damodar Rao Divakonda (2022-28) (2022-2028)","Elected MP","Drilling of Borewell at Fire Department  in Palakurthy(v) of Palakurthy (M) Jangaon Dist","29-Oct-2024","16-Dec-2024","85000","Work Completed"
"154","Normal/Others","WS/MP846/2024-2025/148642-Installing tube-wells and borewells","Telangana","JANGOAN(DISTRICT COLLECTOR JANGAON_IDA)","Shri Damodar Rao Divakonda (2022-28) (2022-2028)","Elected MP","Drilling of Borewell at Showrya Community Hall in Palakurthy(v) of Palakurthy(M) Jangaon Dist","29-Oct-2024","16-Dec-2024","85000","Work Completed"
"155","Normal/Others","WS/MP846/2024-2025/148643-Installing tube-wells and borewells","Telangana","JANGOAN(DISTRICT COLLECTOR JANGAON_IDA)","Shri Damodar Rao Divakonda (2022-28) (2022-2028)","Elected MP","Drilling of Borewell at Social Welfare Residential School in Palakurthy(v) of Palakurthy(M) Jangaon Dist","29-Oct-2024","16-Dec-2024","85000","Work Completed"
"156","Normal/Others","WS/MP846/2024-2025/148644-Installing tube-wells and borewells","Telangana","JANGOAN(DISTRICT COLLECTOR JANGAON_IDA)","Shri Damodar Rao Divakonda (2022-28) (2022-2028)","Elected MP","Drilling of Borewell at Govt Hospital in Palakurthy(v) of Palakurthy(M) Jangaon Dist","29-Oct-2024","16-Dec-2024","85000","Work Completed"
"157","Normal/Others","WS/MP846/2024-2025/148647-Installing tube-wells and borewells","Telangana","JANGOAN(DISTRICT COLLECTOR JANGAON_IDA)","Shri Damodar Rao Divakonda (2022-28) (2022-2028)","Elected MP","Drilling of Borewell at Near Primary school in Mutharam(v) of Palakurthy(M) Jangaon Dist","29-Oct-2024","16-Dec-2024","85000","Work Completed"
"158","Normal/Others","WS/MP846/2024-2025/148648-Installing tube-wells and borewells","Telangana","JANGOAN(DISTRICT COLLECTOR JANGAON_IDA)","Shri Damodar Rao Divakonda (2022-28) (2022-2028)","Elected MP","Drilling of borewell and fixing of 1.0 HP at 2BHK houses, Vill: Chennur, Mandal: Palakurthy Jangaon Dist","29-Oct-2024","16-Dec-2024","150000","Work Completed"
"159","Normal/Others","WS/MP846/2024-2025/148669-Installing tube-wells and borewells","Telangana","JANGOAN(DISTRICT COLLECTOR JANGAON_IDA)","Shri Damodar Rao Divakonda (2022-28) (2022-2028)","Elected MP","Drilling of borewell  and fixing of 5.0 HP pumpset at Lavudya thanda H/o Chennur of Palakurthy Mandal. Jangaon Dist","29-Oct-2024","16-Dec-2024","200000","Work Completed"
"160","Normal/Others","WS/MP846/2024-2025/148670-Installing tube-wells and borewells","Telangana","JANGOAN(DISTRICT COLLECTOR JANGAON_IDA)","Shri Damodar Rao Divakonda (2022-28) (2022-2028)","Elected MP","Drilling of borewell and fixing of 1.0 HP pumpset at water plant in Chennur (Vill)Palakurthy Mandal. Jangaon Dist","29-Oct-2024","16-Dec-2024","150000","Work Completed"
"161","Normal/Others","WS/MP846/2024-2025/148671-Installing tube-wells and borewells","Telangana","JANGOAN(DISTRICT COLLECTOR JANGAON_IDA)","Shri Damodar Rao Divakonda (2022-28) (2022-2028)","Elected MP","Drilling of borewell and fixing of 5.0 HP pumpset at Dubba thanda H/o Pedda thanda(B) (Vill), Mandal: Palakurthy Jangaon Dist","29-Oct-2024","16-Dec-2024","200000","Work Completed"
"162","Normal/Others","WS/MP846/2024-2025/148672-Installing tube-wells and borewells","Telangana","JANGOAN(DISTRICT COLLECTOR JANGAON_IDA)","Shri Damodar Rao Divakonda (2022-28) (2022-2028)","Elected MP","Drilling of borewell and fixing of 1.0 HP pumpset at 2BHK houses in Eravennu Village, Mandal: Palakurthy Jangaon Dist","29-Oct-2024","16-Dec-2024","150000","Work Completed"
"163","Normal/Others","WS/MP846/2024-2025/148673-Installing tube-wells and borewells","Telangana","JANGOAN(DISTRICT COLLECTOR JANGAON_IDA)","Shri Damodar Rao Divakonda (2022-28) (2022-2028)","Elected MP","Drilling of borewell and fixing of 1.0 HP pumpset at 2BHK houses in Gudur Village, Mandal: Palakurthy Jangaon Dist","29-Oct-2024","16-Dec-2024","150000","Work Completed"
"164","Normal/Others","WS/MP846/2024-2025/148674-Installing tube-wells and borewells","Telangana","JANGOAN(DISTRICT COLLECTOR JANGAON_IDA)","Shri Damodar Rao Divakonda (2022-28) (2022-2028)","Elected MP","Drilling of borewell and fixing of 1.0 HP pumpset at 2BHK houses in Kondapuram Village, Mandal: Palakurthy Jangaon Dist","29-Oct-2024","16-Dec-2024","150000","Work Completed"
"165","Normal/Others","WS/MP846/2024-2025/148675-Installing tube-wells and borewells","Telangana","JANGOAN(DISTRICT COLLECTOR JANGAON_IDA)","Shri Damodar Rao Divakonda (2022-28) (2022-2028)","Elected MP","Drilling of borewell and fixing of 5.0 HP pumpset at Pedda Chueuvu in Bommera Village, Mandal: Palakurthy Jangaon Dist","29-Oct-2024","16-Dec-2024","200000","Work Completed"
"166","Normal/Others","WS/MP846/2024-2025/148676-Installing tube-wells and borewells","Telangana","JANGOAN(DISTRICT COLLECTOR JANGAON_IDA)","Shri Damodar Rao Divakonda (2022-28) (2022-2028)","Elected MP","Drilling of Borewell and fixing of 1 HP pumpsetr at 2BHK houses in Palakurthy, Mandal: Palakurthy Jangaon Dist","29-Oct-2024","16-Dec-2024","150000","Work Completed"
"167","Normal/Others","WS/MP846/2024-2025/148677-Installing tube-wells and borewells","Telangana","JANGOAN(DISTRICT COLLECTOR JANGAON_IDA)","Shri Damodar Rao Divakonda (2022-28) (2022-2028)","Elected MP","Drilling of borewell and 1.0 HP pumpset at Govt. Hospital in Palakurthy, Mandal: Palakurthy Jangaon Dist","29-Oct-2024","16-Dec-2024","150000","Work Completed"
"168","Normal/Others","WS/MP846/2024-2025/148678-Installing tube-wells and borewells","Telangana","JANGOAN(DISTRICT COLLECTOR JANGAON_IDA)","Shri Damodar Rao Divakonda (2022-28) (2022-2028)","Elected MP","Drilling of borewell and fixing of 1.0 HP pumpset at Press Colony in Palakurthy, Mandal: Palakurthy Jangaon Dist","29-Oct-2024","16-Dec-2024","150000","Work Completed"
"169","Normal/Others","WS/MP846/2024-2025/148679-Installing tube-wells and borewells","Telangana","JANGOAN(DISTRICT COLLECTOR JANGAON_IDA)","Shri Damodar Rao Divakonda (2022-28) (2022-2028)","Elected MP","Drilling of Borwell and fixing of 1.0 HP pumpset at gutta  in Palakurtgy, Mandal: Palakurthy Jangaon Dist","23-Oct-2024","16-Dec-2024","150000","Work Completed"
"170","Normal/Others","WS/MP846/2024-2025/148680-Installing tube-wells and borewells","Telangana","JANGOAN(DISTRICT COLLECTOR JANGAON_IDA)","Shri Damodar Rao Divakonda (2022-28) (2022-2028)","Elected MP","Drilling of borewell and fixing of 5.0 HP pumpset at yadava colony in Palakurthy, Mandal: Palakurthy Jangaon Dist","23-Oct-2024","16-Dec-2024","200000","Work Completed"
"171","Normal/Others","WS/MP846/2024-2025/148681-Installing tube-wells and borewells","Telangana","JANGOAN(DISTRICT COLLECTOR JANGAON_IDA)","Shri Damodar Rao Divakonda (2022-28) (2022-2028)","Elected MP","Drilling of borewell and fixing of 5.0 HP at Velugu School in Palakurthy (Vill)Palakurthy Mandal Jangaon Dist","23-Oct-2024","16-Dec-2024","200000","Work Completed"
"172","Normal/Others","WS/MP846/2024-2025/148682-Installing tube-wells and borewells","Telangana","JANGOAN(DISTRICT COLLECTOR JANGAON_IDA)","Shri Damodar Rao Divakonda (2022-28) (2022-2028)","Elected MP","Drilling of Borewell and fixing of 1.0 HP at 2BHK houses in Dardepally Village, Mandal: Palakurthy Jangaon Dist","23-Oct-2024","16-Dec-2024","150000","Work Completed"
"173","Normal/Others","WS/MP171/2025-2026/206308-Installing tube-wells and borewells","Telangana","KHAMMAM(DISTRICT COLLECTOR KHAMMAM_IDA)","Shri Ravi Chandra Vaddiraju (2024-30) (2024-2030)","Elected MP","Drilling of  Bore well and Fix Hand Pump nearby  Kanakadurga Temple, Division No. 52 in Khammam Municipal Corporation.","04-Jun-2025","18-Sep-2025","120000","Work Completed"
"174","Normal/Others","WS/MP171/2025-2026/206309-Installing tube-wells and borewells","Telangana","KHAMMAM(DISTRICT COLLECTOR KHAMMAM_IDA)","Shri Ravi Chandra Vaddiraju (2024-30) (2024-2030)","Elected MP","Drilling of  Bore well and Fix Hand Pump Nearby 24 hours Tap at  Division No.51 in Khammam Municipal Corporation","04-Jun-2025","18-Sep-2025","120000","Physical Inspection"
"175","Normal/Others","WS/MP171/2025-2026/206310-Installing tube-wells and borewells","Telangana","KHAMMAM(DISTRICT COLLECTOR KHAMMAM_IDA)","Shri Ravi Chandra Vaddiraju (2024-30) (2024-2030)","Elected MP","Drilling of  Bore well and Fix Hand Pump nearby  Bhaktha Anjeneya Swami Temple, Division No.51  in Khammam Corporation.","04-Jun-2025","18-Sep-2025","120000","Sanction"
"176","Normal/Others","WS/MP171/2025-2026/207721-Installing tube-wells and borewells","Telangana","YADADRI BHUVANAGIRI(DISTRICT COLLECTOR YADADRI BHUVANAGIRI_IDA)","Shri Ravi Chandra Vaddiraju (2024-30) (2024-2030)","Elected MP","Drilling of Borewell and Installation of Submersible Pumpset in Ward No.10, Yadagirigutta Municipality, Yadadri Bhongir District.","10-Jun-2025","03-Sep-2025","499000","Sanction"
"177","Normal/Others","WS/MP171/2026-2027/278689-Installing tube-wells and borewells","Telangana","BHADRADRI KOTHAGUDEM(District Collector Bhadradri Ktdm_IDA)","Shri Ravi Chandra Vaddiraju (2024-30) (2024-2030)","Elected MP","Digging of  Bore well  with  Hand Pumap at Near Vykuntadamam CH.Danthenam GP of Dummugudem Mandal","20-Apr-2026","19-Aug-2026","150000","Sanction"
"178","Normal/Others","WS/MP171/2026-2027/278690-Installing tube-wells and borewells","Telangana","BHADRADRI KOTHAGUDEM(District Collector Bhadradri Ktdm_IDA)","Shri Ravi Chandra Vaddiraju (2024-30) (2024-2030)","Elected MP","Digging of  Bore well  with  Hand Pumap at Near Barla Kanniah(H) Sc Colony, Narasapuram GP of Dummugudem Mandal.","20-Apr-2026","19-Aug-2026","150000","Sanction"
"179","Normal/Others","WS/MP171/2026-2027/278691-Installing tube-wells and borewells","Telangana","BHADRADRI KOTHAGUDEM(District Collector Bhadradri Ktdm_IDA)","Shri Ravi Chandra Vaddiraju (2024-30) (2024-2030)","Elected MP","Digging of  Bore well  with  Hand Pumap at Near Mothkuri Rambabu(H) K.Danthenam GP  of  Dummugudem Mandal","20-Apr-2026","19-Aug-2026","150000","Sanction"
"180","Normal/Others","WS/MP171/2026-2027/278692-Installing tube-wells and borewells","Telangana","BHADRADRI KOTHAGUDEM(District Collector Bhadradri Ktdm_IDA)","Shri Ravi Chandra Vaddiraju (2024-30) (2024-2030)","Elected MP","Digging of  Bore well  with  Hand Pumap at Near  Gundu Darmaraju(H), P.Maredubaka GP  of Dummugudem Mandal.","20-Apr-2026","19-Aug-2026","150000","Sanction"
"181","Normal/Others","WS/MP171/2026-2027/278693-Installing tube-wells and borewells","Telangana","BHADRADRI KOTHAGUDEM(District Collector Bhadradri Ktdm_IDA)","Shri Ravi Chandra Vaddiraju (2024-30) (2024-2030)","Elected MP","Digging of  Bore well  with  Hand Pumap at Near Nomula Manjula(H), Laxminagaram GP of Dummugudem Mandal.","20-Apr-2026","19-Aug-2026","150000","Sanction"
"182","Normal/Others","WS/MP171/2026-2027/278694-Installing tube-wells and borewells","Telangana","BHADRADRI KOTHAGUDEM(District Collector Bhadradri Ktdm_IDA)","Shri Ravi Chandra Vaddiraju (2024-30) (2024-2030)","Elected MP","Digging of  Bore well  with  Hand Pumap at Venkatarampuram Near Podiam Kadhar(H), Laxminagaram GP of Dummugudem Mandal.","20-Apr-2026","19-Aug-2026","150000","Sanction"
"183","Normal/Others","WS/MP171/2026-2027/278695-Installing tube-wells and borewells","Telangana","BHADRADRI KOTHAGUDEM(District Collector Bhadradri Ktdm_IDA)","Shri Ravi Chandra Vaddiraju (2024-30) (2024-2030)","Elected MP","Digging of  Bore well  with  Hand Pumap at Near Kunja Nageshwar Rao B.Kothagudem GP of Dummugudem Mandal.","20-Apr-2026","19-Aug-2026","150000","Sanction"
"184","Normal/Others","WS/MP171/2026-2027/278696-Installing tube-wells and borewells","Telangana","BHADRADRI KOTHAGUDEM(District Collector Bhadradri Ktdm_IDA)","Shri Ravi Chandra Vaddiraju (2024-30) (2024-2030)","Elected MP","Digging of  Bore well  with  Hand Pumap at Near K. Saibaba(H), Bandarigudem, B.Kothagudem GP  of Dummugudem Mandal.","20-Apr-2026","19-Aug-2026","150000","Sanction"
"185","Normal/Others","WS/MP171/2026-2027/278697-Installing tube-wells and borewells","Telangana","BHADRADRI KOTHAGUDEM(District Collector Bhadradri Ktdm_IDA)","Shri Ravi Chandra Vaddiraju (2024-30) (2024-2030)","Elected MP","Digging of  Bore well  with  Hand Pumap at Near Mutyalamma Temple, Turubaka GP  of Dummugudem Mandal.","20-Apr-2026","19-Aug-2026","150000","Sanction"
"186","Normal/Others","WS/MP171/2026-2027/278698-Installing tube-wells and borewells","Telangana","BHADRADRI KOTHAGUDEM(District Collector Bhadradri Ktdm_IDA)","Shri Ravi Chandra Vaddiraju (2024-30) (2024-2030)","Elected MP","Digging of  Bore well  with  Hand Pumap at Near Barla Kannaiah(H), Turbaka GP of Dummugudem Mandal.","20-Apr-2026","19-Aug-2026","150000","Sanction"
"187","Normal/Others","WS/MP171/2026-2027/278699-Installing tube-wells and borewells","Telangana","BHADRADRI KOTHAGUDEM(District Collector Bhadradri Ktdm_IDA)","Shri Ravi Chandra Vaddiraju (2024-30) (2024-2030)","Elected MP","Digging of  Bore well  with  Hand Pumap at Near Ramakrishnapuram Vykuntadamam Turubaka GP of Dummugudem Mandal.","20-Apr-2026","19-Aug-2026","150000","Sanction"
"188","Normal/Others","WS/MP171/2026-2027/278700-Installing tube-wells and borewells","Telangana","BHADRADRI KOTHAGUDEM(District Collector Bhadradri Ktdm_IDA)","Shri Ravi Chandra Vaddiraju (2024-30) (2024-2030)","Elected MP","Digging of  Bore well  with  Hand Pumap at Near Madakam Balakrishna(H) Yerraboru, P.Kamalpuram GP of Dummugudem Mandal.","20-Apr-2026","19-Aug-2026","150000","Sanction"
"189","Normal/Others","WS/MP171/2026-2027/278701-Installing tube-wells and borewells","Telangana","BHADRADRI KOTHAGUDEM(District Collector Bhadradri Ktdm_IDA)","Shri Ravi Chandra Vaddiraju (2024-30) (2024-2030)","Elected MP","Digging of  Bore well  with  Hand Pumap at Near Kunja Ramarao(H), P.Maredubaka GP of Dummugudem Mandal.","20-Apr-2026","19-Aug-2026","150000","Sanction"
"190","Normal/Others","WS/MP171/2026-2027/278702-Installing tube-wells and borewells","Telangana","BHADRADRI KOTHAGUDEM(District Collector Bhadradri Ktdm_IDA)","Shri Ravi Chandra Vaddiraju (2024-30) (2024-2030)","Elected MP","Digging of  Bore well  with  Hand Pumap at Near Baddula Mohanrao(H), K.Maredubaka,  Narsapuram GP of Dummugudem Mandal.","20-Apr-2026","19-Aug-2026","150000","Sanction"
"191","Normal/Others","WS/MP171/2026-2027/278703-Installing tube-wells and borewells","Telangana","BHADRADRI KOTHAGUDEM(District Collector Bhadradri Ktdm_IDA)","Shri Ravi Chandra Vaddiraju (2024-30) (2024-2030)","Elected MP","Digging of  Bore well  with  Hand Pumap at Near Karam Nagaraju(H), D.Kothagudem, Nadikudi GP of Dummugudem Mandal.","20-Apr-2026","19-Aug-2026","150000","Sanction"
"192","Normal/Others","WS/MP171/2026-2027/278704-Installing tube-wells and borewells","Telangana","BHADRADRI KOTHAGUDEM(District Collector Bhadradri Ktdm_IDA)","Shri Ravi Chandra Vaddiraju (2024-30) (2024-2030)","Elected MP","Drilling of Bore well  with Hand pump at Near Bathula  Laxmi (H), Cherla Pujarigudem Habitation of Cherla GP of Cherla Mandal.","20-Apr-2026","19-Aug-2026","150000","Sanction"
"193","Normal/Others","WS/MP171/2026-2027/278705-Installing tube-wells and borewells","Telangana","BHADRADRI KOTHAGUDEM(District Collector Bhadradri Ktdm_IDA)","Shri Ravi Chandra Vaddiraju (2024-30) (2024-2030)","Elected MP","Drilling of Bore well  with Hand pump","20-Apr-2026","19-Aug-2026","150000","Sanction"
"194","Normal/Others","WS/MP171/2026-2027/278706-Installing tube-wells and borewells","Telangana","BHADRADRI KOTHAGUDEM(District Collector Bhadradri Ktdm_IDA)","Shri Ravi Chandra Vaddiraju (2024-30) (2024-2030)","Elected MP","Drilling of Bore well  with Hand pump","20-Apr-2026","19-Aug-2026","150000","Sanction"
"195","Normal/Others","WS/MP171/2026-2027/278707-Installing tube-wells and borewells","Telangana","BHADRADRI KOTHAGUDEM(District Collector Bhadradri Ktdm_IDA)","Shri Ravi Chandra Vaddiraju (2024-30) (2024-2030)","Elected MP","Drilling of Bore well  with Hand pump","20-Apr-2026","19-Aug-2026","150000","Sanction"
"196","Normal/Others","WS/MP171/2026-2027/278708-Installing tube-wells and borewells","Telangana","BHADRADRI KOTHAGUDEM(District Collector Bhadradri Ktdm_IDA)","Shri Ravi Chandra Vaddiraju (2024-30) (2024-2030)","Elected MP","Drilling of Bore well  with Hand pump","20-Apr-2026","19-Aug-2026","150000","Sanction"
"197","Normal/Others","WS/MP171/2026-2027/278709-Installing tube-wells and borewells","Telangana","BHADRADRI KOTHAGUDEM(District Collector Bhadradri Ktdm_IDA)","Shri Ravi Chandra Vaddiraju (2024-30) (2024-2030)","Elected MP","Drilling of Bore well  with Hand pump","20-Apr-2026","19-Aug-2026","150000","Sanction"
"198","Normal/Others","WS/MP171/2026-2027/278710-Installing tube-wells and borewells","Telangana","BHADRADRI KOTHAGUDEM(District Collector Bhadradri Ktdm_IDA)","Shri Ravi Chandra Vaddiraju (2024-30) (2024-2030)","Elected MP","Drilling of Bore well  with Hand pump","20-Apr-2026","19-Aug-2026","150000","Sanction"
"199","Normal/Others","WS/MP171/2026-2027/278711-Installing tube-wells and borewells","Telangana","BHADRADRI KOTHAGUDEM(District Collector Bhadradri Ktdm_IDA)","Shri Ravi Chandra Vaddiraju (2024-30) (2024-2030)","Elected MP","Drilling of Bore well  with Hand pump","20-Apr-2026","19-Aug-2026","150000","Sanction"
"200","Normal/Others","WS/MP171/2026-2027/287952-Installing tube-wells and borewells","Telangana","BHADRADRI KOTHAGUDEM(District Collector Bhadradri Ktdm_IDA)","Shri Ravi Chandra Vaddiraju (2024-30) (2024-2030)","Elected MP","Laying of  CC Road  at Khabarastan (Burial Ground) at Ramavaram in 2 Incline  Garama Panchayati, Sujatha Nagar Mandal, Bhadradri Kothagudem Dist.","22-Jun-2026","21-Aug-2026","499000","Sanction"
"201","Normal/Others","WS/MP846/2024-2025/148400-Installing hand pumps","Telangana","JANGOAN(DISTRICT COLLECTOR JANGAON_IDA)","Shri Damodar Rao Divakonda (2022-28) (2022-2028)","Elected MP","Supply and Fixing of 1.0HP Pumpset at Durgamma temple in Manchuppala(v )of Palakurthy((M) Jangaon Dist","29-Oct-2024","16-Dec-2024","60000","Work Completed"
"202","Normal/Others","WS/MP846/2024-2025/148618-Installing hand pumps","Telangana","JANGOAN(DISTRICT COLLECTOR JANGAON_IDA)","Shri Damodar Rao Divakonda (2022-28) (2022-2028)","Elected MP","Supply and Fixing of 1.0HP pump set at Gouda communityhall in Dhardhepally(v) of Palakurthy(M) Jangaon Dist","29-Oct-2024","16-Dec-2024","65000","Work Completed"
"203","Normal/Others","WS/MP846/2024-2025/148619-Installing hand pumps","Telangana","JANGOAN(DISTRICT COLLECTOR JANGAON_IDA)","Shri Damodar Rao Divakonda (2022-28) (2022-2028)","Elected MP","Supply and Fixing of 1.0HP pumpset at Water plant in Dhardhepally(v) of Palakurthy (M) Jangaon Dist","29-Oct-2024","16-Dec-2024","65000","Work Completed"
"204","Normal/Others","WS/MP846/2024-2025/148623-Installing hand pumps","Telangana","JANGOAN(DISTRICT COLLECTOR JANGAON_IDA)","Shri Damodar Rao Divakonda (2022-28) (2022-2028)","Elected MP","Supply and Fixing of 5.0HP Pumpset at Cheruvukatta in visnoor(v) of Palakurthy((M) Jangaon Dist","29-Oct-2024","16-Dec-2024","105000","Work Completed"
"205","Normal/Others","WS/MP846/2024-2025/148625-Installing hand pumps","Telangana","JANGOAN(DISTRICT COLLECTOR JANGAON_IDA)","Shri Damodar Rao Divakonda (2022-28) (2022-2028)","Elected MP","Supply and Fixing of 1.0HP pump set at 2BHK Houses in Thorrur(v) of Palakurthy(M) Jangaon Dist","29-Oct-2024","16-Dec-2024","65000","Work Completed"
"206","Normal/Others","WS/MP846/2024-2025/148630-Installing hand pumps","Telangana","JANGOAN(DISTRICT COLLECTOR JANGAON_IDA)","Shri Damodar Rao Divakonda (2022-28) (2022-2028)","Elected MP","Supply and Fixing of 1.0HP pump set at Cheruvu in Raghavapuram(v) of Palakurthy (M) Jangaon Dist","29-Oct-2024","16-Dec-2024","60000","Work Completed"
"207","Normal/Others","WS/MP846/2024-2025/148645-Installing hand pumps","Telangana","JANGOAN(DISTRICT COLLECTOR JANGAON_IDA)","Shri Damodar Rao Divakonda (2022-28) (2022-2028)","Elected MP","Supply and Fixing of 1.0HP pumpset at Showrya Community Hall in Palakurthy(v)  of Palakurthy (M) Jangaon Dist","29-Oct-2024","16-Dec-2024","60000","Work Completed"
"208","Normal/Others","WS/MP846/2024-2025/148646-Installing hand pumps","Telangana","JANGOAN(DISTRICT COLLECTOR JANGAON_IDA)","Shri Damodar Rao Divakonda (2022-28) (2022-2028)","Elected MP","Supply and Fixing of 1.0HP pumpset at 2BHK Houses in Eravennu(v) of Palakurthy (M) Jangaon Dist","29-Oct-2024","16-Dec-2024","60000","Work Completed"
"209","Normal/Others","WS/MP846/2025-2026/137793-Installing community drinking water plants","Telangana","Jagitial(DISTRICT COLLECTOR JAGTIAL_IDA)","Shri Damodar Rao Divakonda (2022-28) (2022-2028)","Elected MP","Drilling of Borewell and Motor at New GP , Sathakkapally (V)","30-Aug-2024","24-May-2025","150000","Physical Inspection"
"210","Normal/Others","WS/MP846/2024-2025/136899-Providing supply pipelines for drinking water","Telangana","Jagitial(DISTRICT COLLECTOR JAGTIAL_IDA)","Shri Damodar Rao Divakonda (2022-28) (2022-2028)","Elected MP","Uprooting and Relaying of Mission Bhagiratha Pipeline in between Ibrahimpatnam X-road Junction to Varshakonda Junction in Varshakonda","28-Aug-2024","01-Oct-2024","350000","Physical Inspection"
"211","Normal/Others","WS/MP846/2026-2027/279978-Providing supply pipelines for drinking water","Telangana","WANAPARTHY(DISTRICT COLLECTOR WANAPARTHY_IDA)","Shri Damodar Rao Divakonda (2022-28) (2022-2028)","Elected MP","Providing Balance works of augmentation to PWS Scheme in SC Colony Rangapur Village, Pebbair Mandal, Wanaparthy Dist","08-May-2026","31-Aug-2026","1000000","Sanction"
"212","Normal/Others","WS/MP846/2026-2027/118891-Providing drains and gutters for public drainage","Telangana","Jagitial(DISTRICT COLLECTOR JAGTIAL_IDA)","Shri Damodar Rao Divakonda (2022-28) (2022-2028)","Elected MP","Construction of side drain from Manchineella bavi Pasuvula thotti","09-Mar-2024","29-Jul-2026","500000","Sanction"
"213","Normal/Others","WS/MP846/2024-2025/136897-Providing drains and gutters for public drainage","Telangana","Jagitial(DISTRICT COLLECTOR JAGTIAL_IDA)","Shri Damodar Rao Divakonda (2022-28) (2022-2028)","Elected MP","C/o CC Drain in Vempalli (v), Mallapur (m).","28-Aug-2024","23-Sep-2024","250000","Sanction"
"214","Normal/Others","WS/MP846/2024-2025/137347-Providing drains and gutters for public drainage","Telangana","Jagitial(DISTRICT COLLECTOR JAGTIAL_IDA)","Shri Damodar Rao Divakonda (2022-28) (2022-2028)","Elected MP","Laying of CC Drain form Narshima Reddy (H) to Paladugu Ellaiah at Maithapur (v) MP Raikal, Jagtial Dist.","28-Aug-2024","17-Sep-2024","500000","Physical Inspection"
"215","Normal/Others","WS/MP846/2024-2025/137349-Providing drains and gutters for public drainage","Telangana","Jagitial(DISTRICT COLLECTOR JAGTIAL_IDA)","Shri Damodar Rao Divakonda (2022-28) (2022-2028)","Elected MP","Laying of CC Drain form Medipally R&B Road to Narshima Reddy  (H) at Maithapur (v) MP Raikal, Jagtial Dist.","28-Aug-2024","17-Sep-2024","499992","Physical Inspection"
"216","Normal/Others","WS/MP171/2025-2026/140426-Providing drains and gutters for public drainage","Telangana","YADADRI BHUVANAGIRI(DISTRICT COLLECTOR YADADRI BHUVANAGIRI_IDA)","Shri Ravi Chandra Vaddiraju (2024-30) (2024-2030)","Elected MP","Construction of RCC Drain at Anantharam(V)Bhognir(M), Yadadri Bhongir District","12-Sep-2024","21-May-2025","900000","Work Completed"
"217","Normal/Others","WS/MP171/2024-2025/144792-Providing drains and gutters for public drainage","Telangana","RAJANNA SIRCILLA(DISTRICT COLLECTOR RAJANNA SIRCILLA_IDA)","Shri Ravi Chandra Vaddiraju (2024-30) (2024-2030)","Elected MP","C/o CC Drain from H.No.12-1-118 to H.No.12-1-98, H.no.12-1-11 to 11-8-122, H.No.11-8-96  to  H.No.11-8-75 in Ward No.30","30-Sep-2024","20-Dec-2024","600000","Sanction"
"218","Normal/Others","WS/MP171/2024-2025/144796-Providing drains and gutters for public drainage","Telangana","RAJANNA SIRCILLA(DISTRICT COLLECTOR RAJANNA SIRCILLA_IDA)","Shri Ravi Chandra Vaddiraju (2024-30) (2024-2030)","Elected MP","C/o CC Drain from H.No.11-3-122 to H.No.11-3-98 in Ward No.34","30-Sep-2024","20-Dec-2024","600000","Work Completed"
"219","Normal/Others","WS/MP171/2024-2025/144797-Providing drains and gutters for public drainage","Telangana","RAJANNA SIRCILLA(DISTRICT COLLECTOR RAJANNA SIRCILLA_IDA)","Shri Ravi Chandra Vaddiraju (2024-30) (2024-2030)","Elected MP","C/o CC Drain and Culvert from H.No.11-5-71 to H.No.11-5-72, H.No. 12-8-36 to H.No.12-8-54  in Ward No.35","30-Sep-2024","20-Dec-2024","500000","Work Completed"
"220","Normal/Others","WS/MP171/2024-2025/144798-Providing drains and gutters for public drainage","Telangana","RAJANNA SIRCILLA(DISTRICT COLLECTOR RAJANNA SIRCILLA_IDA)","Shri Ravi Chandra Vaddiraju (2024-30) (2024-2030)","Elected MP","C/o CC Road from H.No.12-11-78 to Pochamma Temple  in Ward No.36","30-Sep-2024","20-Dec-2024","500000","Work Completed"
"221","Normal/Others","WS/MP171/2024-2025/144799-Providing drains and gutters for public drainage","Telangana","RAJANNA SIRCILLA(DISTRICT COLLECTOR RAJANNA SIRCILLA_IDA)","Shri Ravi Chandra Vaddiraju (2024-30) (2024-2030)","Elected MP","C/o CC Road from H.No.1-3-119 to H.No. 1-3-329 and H.No.1-4-141 to 1-4-153","30-Sep-2024","20-Dec-2024","600000","Work Completed"
"222","Normal/Others","WS/MP846/2025-2026/149214-Providing drains and gutters for public drainage","Telangana","RAJANNA SIRCILLA(DISTRICT COLLECTOR RAJANNA SIRCILLA_IDA)","Shri Damodar Rao Divakonda (2022-28) (2022-2028)","Elected MP","C/o CC Drain from H.No.10-38 to 6-18, H.No.6-56 to 6-62, H.No.10-49/A/2 to VanamRaju (H) and C/o Slab Culvert near H.No.9-74 in Ward No.11 Sircilla Town","23-Oct-2024","17-Feb-2026","600000","Sanction"
"223","Normal/Others","WS/MP846/2025-2026/149217-Providing drains and gutters for public drainage","Telangana","RAJANNA SIRCILLA(DISTRICT COLLECTOR RAJANNA SIRCILLA_IDA)","Shri Damodar Rao Divakonda (2022-28) (2022-2028)","Elected MP","C/o CC Drain from NarmettaSwamy (H) to NagunuriPochavva (H), ThellaSrinivas (H) to Meenaiah (H), ManikyalaShekar (H) to Vasudev (H) and Shankaraiah (H) to SunkapakaSwamy (H) in Ward No.12 Sircilla Town","23-Oct-2024","17-Feb-2026","600000","Sanction"
"224","Normal/Others","WS/MP846/2025-2026/149223-Providing drains and gutters for public drainage","Telangana","RAJANNA SIRCILLA(DISTRICT COLLECTOR RAJANNA SIRCILLA_IDA)","Shri Damodar Rao Divakonda (2022-28) (2022-2028)","Elected MP","C/o CC Drain and Culvert  from H.No.8-5-56 to Vennela Tiffin Centre in Ward No.18 Sircilla Town","23-Oct-2024","17-Feb-2026","600000","Sanction"
"225","Normal/Others","WS/MP846/2025-2026/149226-Providing drains and gutters for public drainage","Telangana","RAJANNA SIRCILLA(DISTRICT COLLECTOR RAJANNA SIRCILLA_IDA)","Shri Damodar Rao Divakonda (2022-28) (2022-2028)","Elected MP","C/o CC Drain from KammariBalakishan (H) to BoddulaAilaiah (H), OgguSatyanarayana (H) to Rajalingam (H) in Ward No.22 Sircilla Town","23-Oct-2024","17-Feb-2026","600000","Sanction"
"226","Normal/Others","WS/MP846/2025-2026/149230-Providing drains and gutters for public drainage","Telangana","RAJANNA SIRCILLA(DISTRICT COLLECTOR RAJANNA SIRCILLA_IDA)","Shri Damodar Rao Divakonda (2022-28) (2022-2028)","Elected MP","C/o  Drain From H.No.1-2-125 to GentyalaRamaiah Hotel and C/o CC Road from H.No. 1-1-55/1 to 1-1-30 in Ward No.23 Sircilla Town","23-Oct-2024","17-Feb-2026","600000","Sanction"
"227","Normal/Others","WS/MP846/2025-2026/149231-Providing drains and gutters for public drainage","Telangana","RAJANNA SIRCILLA(DISTRICT COLLECTOR RAJANNA SIRCILLA_IDA)","Shri Damodar Rao Divakonda (2022-28) (2022-2028)","Elected MP","C/o CC Drain from Bandari Function Hall to MeharShanthinikethan School and C/o CC Road and Culverts from H.No.4-65 to 4-77 in Ward No.24 Sircilla Town.","23-Oct-2024","17-Feb-2026","600000","Sanction"
"228","Normal/Others","WS/MP18374/2025-2026/200997-Providing drains and gutters for public drainage","Telangana","VIKARABAD(DISTRICT COLLECTOR VIKARABAD_2)","Shri Anil Kumar Yadav Mandadi (2024-30) (2024-2030)","Elected MP","Construction of Internal side Drain at Tharigoppula Village of Dharur Mandal, VKB Dist","19-May-2025","06-Jun-2025","995785","Physical Inspection"
"229","Normal/Others","WS/MP171/2025-2026/207788-Providing drains and gutters for public drainage","Telangana","YADADRI BHUVANAGIRI(DISTRICT COLLECTOR YADADRI BHUVANAGIRI_IDA)","Shri Ravi Chandra Vaddiraju (2024-30) (2024-2030)","Elected MP","Construction of Side Drain from Kotamarthy Bustand to Jitte Avilayya(H) in Kotamarthy(V), Addagudur(M), Yadadri Bhongir District.","10-Jun-2025","02-Sep-2025","499000","Sanction"
"230","Normal/Others","WS/MP171/2025-2026/207789-Providing drains and gutters for public drainage","Telangana","YADADRI BHUVANAGIRI(DISTRICT COLLECTOR YADADRI BHUVANAGIRI_IDA)","Shri Ravi Chandra Vaddiraju (2024-30) (2024-2030)","Elected MP","Construction of Side Drain from ZP High School Backside to Nemmoju Lingachary(H) in Kotamarthy(V), Addagudur(M), Yadadri Bhongir District.","10-Jun-2025","02-Sep-2025","200000","Sanction"
"231","Normal/Others","WS/MP18374/2026-2027/214032-Providing drains and gutters for public drainage","Telangana","MAHABUBNAGAR(DISTRICT COLLECTOR MAHABUBNAGAR_3)","Shri Anil Kumar Yadav Mandadi (2024-30) (2024-2030)","Elected MP","Construction of Drain from Boya Ram Chandramma (h) to Vadde Chennamma (H) via Sale Venkatramulu (H) and Goverdhan Goud (H) in B C Colony at Komireddypally Village of Musapet (M), Mahabubnagar District.","02-Jul-2025","16-May-2026","500000","Sanction"
"232","Normal/Others","WS/MP18374/2026-2027/214033-Providing drains and gutters for public drainage","Telangana","MAHABUBNAGAR(DISTRICT COLLECTOR MAHABUBNAGAR_3)","Shri Anil Kumar Yadav Mandadi (2024-30) (2024-2030)","Elected MP","Construction of Drain from Edigi Sugunamma (H) to Patel Shyamalamma (H) Via Baggi Shantanna (H) at Komiredypally Village of Musapet (M), Mahabubnagar District.","02-Jul-2025","16-May-2026","500000","Sanction"
"233","Normal/Others","WS/MP846/2025-2026/136904-Construction of public toilets and bathrooms","Telangana","Jagitial(DISTRICT COLLECTOR JAGTIAL_IDA)","Shri Damodar Rao Divakonda (2022-28) (2022-2028)","Elected MP","C/o Toilets at Library in Korutla (m)","28-Aug-2024","03-Jan-2026","150000","Work Completed"
"234","Normal/Others","WS/MP171/2026-2027/203564-Construction of public irrigation facilities","Telangana","YADADRI BHUVANAGIRI(DISTRICT COLLECTOR YADADRI BHUVANAGIRI_IDA)","Shri Ravi Chandra Vaddiraju (2024-30) (2024-2030)","Elected MP","Construction of Side Drain from Kathula Kamalamma(H) to Kathula Yadamma(H) at Lingavarigudem(V), Narayanapur(M), Yadadri Bhongir Dist.","25-May-2025","19-May-2026","499000","Physical Inspection"
"235","Normal/Others","WS/MP171/2026-2027/261930-Construction of public irrigation facilities","Telangana","YADADRI BHUVANAGIRI(DISTRICT COLLECTOR YADADRI BHUVANAGIRI_IDA)","Shri Ravi Chandra Vaddiraju (2024-30) (2024-2030)","Elected MP","Construction of Side Drain from Kathula Yadamma(H)  to milk Center at Lingavarigudem(V), Narayanapur(M), Yadadri Bhongir Dist.","26-Jan-2026","19-May-2026","250000","Physical Inspection"
"236","Normal/Others","WS/MP171/2026-2027/261931-Construction of public irrigation facilities","Telangana","YADADRI BHUVANAGIRI(DISTRICT COLLECTOR YADADRI BHUVANAGIRI_IDA)","Shri Ravi Chandra Vaddiraju (2024-30) (2024-2030)","Elected MP","Construction of Side Drain from Murali Mohan (H) to Milk Center at Lingavarigudem(V), Narayanapur(M), Yadadri Bhongir Dist.","26-Jan-2026","19-May-2026","250000","Physical Inspection"
"237","Normal/Others","WS/MP171/2026-2027/286358-Construction of public irrigation facilities","Telangana","WANAPARTHY(DISTRICT COLLECTOR WANAPARTHY_IDA)","Shri Ravi Chandra Vaddiraju (2024-30) (2024-2030)","Elected MP","Construction of Drain from Balakishta Reddy(H) to Chakali Kondamma(H) at Konimetta(V), Kothakota(M), Wanaparthy(D)","17-Jun-2026","15-Jul-2026","350000","Sanction"
"238","Normal/Others","WS/MP171/2026-2027/286359-Construction of public irrigation facilities","Telangana","WANAPARTHY(DISTRICT COLLECTOR WANAPARTHY_IDA)","Shri Ravi Chandra Vaddiraju (2024-30) (2024-2030)","Elected MP","Construction of Culvert near Yerra Boyya Balanna Land at Konimetta(V), Kothakota(M), Wanaparthy(D)","17-Jun-2026","15-Jul-2026","400000","Sanction"
"239","Normal/Others","WS/MP18381/2026-2027/261214-Construction of rainwater harvesting structures","Telangana","KHAMMAM(DISTRICT COLLECTOR KHAMMAM_IDA)","Smt. Renuka Chowdhury (2024-30) (2024-2030)","Elected MP","Construction of Drainage from Meda Krishna House to Dumpa Krishna Bazaar at Mallupally village, Konijerla Mandal, Khammam District, Telangana","23-Jan-2026","18-Jun-2026","500000","Sanction"
"240","Normal/Others","WS/MP846/2025-2026/116468-Construction of roads, link roads, pathways or any other road with or without drainage system","Telangana","Jagitial(DISTRICT COLLECTOR JAGTIAL_IDA)","Shri Damodar Rao Divakonda (2022-28) (2022-2028)","Elected MP","CC ROADS FROM NTR Statue to R& B Road (Near water tank) in Mahitapur (V) Raikal (m)","09-Mar-2024","30-Aug-2025","229235","Physical Inspection"
"241","Normal/Others","WS/MP846/2025-2026/120692-Construction of roads, link roads, pathways or any other road with or without drainage system","Telangana","Jagitial(DISTRICT COLLECTOR JAGTIAL_IDA)","Shri Damodar Rao Divakonda (2022-28) (2022-2028)","Elected MP","C/o Side Drain from Kusumba Swamy (h) to Vasala Lachaiah (h)","09-Mar-2024","20-Feb-2026","500000","Sanction"
"242","Normal/Others","WS/MP846/2024-2025/120770-Construction of roads, link roads, pathways or any other road with or without drainage system","Telangana","Jagitial(DISTRICT COLLECTOR JAGTIAL_IDA)","Shri Damodar Rao Divakonda (2022-28) (2022-2028)","Elected MP","CC Drain from Govt School to Manchala Santosh in Katkapur (V)","16-Jul-2024","25-Oct-2024","500000","Physical Inspection"
"243","Normal/Others","WS/MP846/2026-2027/120886-Construction of roads, link roads, pathways or any other road with or without drainage system","Telangana","Jagitial(DISTRICT COLLECTOR JAGTIAL_IDA)","Shri Damodar Rao Divakonda (2022-28) (2022-2028)","Elected MP","C/o CC Road from Daggulamma Temple to Nafeeja Masjid in 30th ward in Jagitial Tiown","09-Jul-2024","20-Jul-2026","500000","Sanction"
"244","Normal/Others","WS/MP846/2024-2025/122775-Construction of roads, link roads, pathways or any other road with or without drainage system","Telangana","Jagitial(DISTRICT COLLECTOR JAGTIAL_IDA)","Shri Damodar Rao Divakonda (2022-28) (2022-2028)","Elected MP","C/o Side Drain from IKP Center to Sarasani Anjaiah (H) B it1","09-Jul-2024","03-Feb-2025","500000","Physical Inspection"
"245","Normal/Others","WS/MP846/2024-2025/122787-Construction of roads, link roads, pathways or any other road with or without drainage system","Telangana","Jagitial(DISTRICT COLLECTOR JAGTIAL_IDA)","Shri Damodar Rao Divakonda (2022-28) (2022-2028)","Elected MP","C/o Side Drain from IKP Center to Sarasani Anjaiah (h) B, it.II","09-Jul-2024","03-Feb-2025","500000","Physical Inspection"
"246","Normal/Others","WS/MP846/2024-2025/122793-Construction of roads, link roads, pathways or any other road with or without drainage system","Telangana","Jagitial(DISTRICT COLLECTOR JAGTIAL_IDA)","Shri Damodar Rao Divakonda (2022-28) (2022-2028)","Elected MP","B/w of CC Road Near Markandeya Temple at Vengumatla (v) Gollapally (m)","09-Jul-2024","26-Sep-2024","500000","Sanction"
"247","Normal/Others","WS/MP846/2024-2025/122852-Construction of roads, link roads, pathways or any other road with or without drainage system","Telangana","PEDDAPALLI(District Collector Peddapally_IDA)","Shri Damodar Rao Divakonda (2022-28) (2022-2028)","Elected MP","Laying of CC Road from S Samma Rao (h) to K.Sadanandham (h) in Arepally (v) Srirampur (m)","09-Jul-2024","29-Aug-2024","200000","Work Completed"
"248","Normal/Others","WS/MP846/2024-2025/122853-Construction of roads, link roads, pathways or any other road with or without drainage system","Telangana","PEDDAPALLI(District Collector Peddapally_IDA)","Shri Damodar Rao Divakonda (2022-28) (2022-2028)","Elected MP","Laying of CC Road from Rayamllu (h) to A.Mogili in Arepally (v) in Srirampur (m) Peddaplly Dist","09-Jul-2024","29-Aug-2024","200000","Work Completed"
"249","Normal/Others","WS/MP846/2024-2025/122857-Construction of roads, link roads, pathways or any other road with or without drainage system","Telangana","PEDDAPALLI(District Collector Peddapally_IDA)","Shri Damodar Rao Divakonda (2022-28) (2022-2028)","Elected MP","Laying of CC Roads from G Rajender (h) to G Sampath and P raghavalu (h) to P Jagan (h)in Arepally (v) Srirampur (m)","09-Jul-2024","29-Aug-2024","200000","Work Completed"
"250","Normal/Others","WS/MP846/2024-2025/122858-Construction of roads, link roads, pathways or any other road with or without drainage system","Telangana","PEDDAPALLI(District Collector Peddapally_IDA)","Shri Damodar Rao Divakonda (2022-28) (2022-2028)","Elected MP","Laying of CC Road from Exisiting CC Road to Chintareddy laxma Reddy (h) in Arepally (v) Srirampur (m)","09-Jul-2024","29-Aug-2024","500000","Work Completed"
"251","Normal/Others","WS/MP846/2024-2025/133302-Construction of roads, link roads, pathways or any other road with or without drainage system","Telangana","PEDDAPALLI(District Collector Peddapally_IDA)","Shri Damodar Rao Divakonda (2022-28) (2022-2028)","Elected MP","Laying of CC Road from existing CC Road to Mahipal Reddy house in Malliah Pally H/O Arepally Village","10-Jul-2024","29-Aug-2024","462500","Physical Inspection"
"252","Normal/Others","WS/MP846/2024-2025/133986-Construction of roads, link roads, pathways or any other road with or without drainage system","Telangana","NAGARKURNOOL(DISTRICT COLLECTOR NAGARKURNOOL_IDA)","Shri Damodar Rao Divakonda (2022-28) (2022-2028)","Elected MP","Laying of CC Road from Govindu Chinna Anjaiah House To Sangoju Jagathaiah  House in Ramreddypally(v) of Urkonda(m).","23-Jul-2024","13-Aug-2024","197859","Physical Inspection"
"253","Normal/Others","WS/MP846/2024-2025/133987-Construction of roads, link roads, pathways or any other road with or without drainage system","Telangana","NAGARKURNOOL(DISTRICT COLLECTOR NAGARKURNOOL_IDA)","Shri Damodar Rao Divakonda (2022-28) (2022-2028)","Elected MP","Laying of CC Road from Govindu  Mallaiah House To chinna Kurva Beeraiah House in Ramreddypally(v) of Urkonda(m).","23-Jul-2024","13-Aug-2024","300000","Physical Inspection"
"254","Normal/Others","WS/MP846/2024-2025/133988-Construction of roads, link roads, pathways or any other road with or without drainage system","Telangana","NAGARKURNOOL(DISTRICT COLLECTOR NAGARKURNOOL_IDA)","Shri Damodar Rao Divakonda (2022-28) (2022-2028)","Elected MP","Laying of CC Road from Thandra Balaiah House To Govindu Shivaraju House in Ramreddypally(v) of Urkonda(m).","23-Jul-2024","13-Aug-2024","299963","Physical Inspection"
"255","Normal/Others","WS/MP846/2024-2025/133989-Construction of roads, link roads, pathways or any other road with or without drainage system","Telangana","NAGARKURNOOL(DISTRICT COLLECTOR NAGARKURNOOL_IDA)","Shri Damodar Rao Divakonda (2022-28) (2022-2028)","Elected MP","Laying of CC Road from Sangoju Brahma Chary House To  Sangoju Srinivas House in Ramreddypally(v) of Urkonda(m).","23-Jul-2024","13-Aug-2024","197859","Physical Inspection"
"256","Normal/Others","WS/MP846/2024-2025/133994-Construction of roads, link roads, pathways or any other road with or without drainage system","Telangana","NAGARKURNOOL(DISTRICT COLLECTOR NAGARKURNOOL_IDA)","Shri Damodar Rao Divakonda (2022-28) (2022-2028)","Elected MP","Laying of CC Road from Samba Nagamallesh house to Dayala Kistaiah House in Ramreddypally (v) of Urkonda (m).","23-Jul-2024","13-Aug-2024","500000","Physical Inspection"
"257","Normal/Others","WS/MP846/2024-2025/136890-Construction of roads, link roads, pathways or any other road with or without drainage system","Telangana","Jagitial(DISTRICT COLLECTOR JAGTIAL_IDA)","Shri Damodar Rao Divakonda (2022-28) (2022-2028)","Elected MP","C/o of CC Road from Chilliveri Ramesh (H) to Bandi Gangaram(H) 100 mtrs at Walgonda(v), Mallapur (m).","28-Aug-2024","25-Sep-2024","200000","Physical Inspection"
"258","Normal/Others","WS/MP846/2024-2025/136906-Construction of roads, link roads, pathways or any other road with or without drainage system","Telangana","Jagitial(DISTRICT COLLECTOR JAGTIAL_IDA)","Shri Damodar Rao Divakonda (2022-28) (2022-2028)","Elected MP","C/o CC Roads  from Puppala Gangadhar (H) to Telu Harish (H) at Dabba (v), Ibrahimpatnam (m)","28-Aug-2024","23-Sep-2024","500000","Work Completed"
"259","Normal/Others","WS/MP846/2024-2025/137341-Construction of roads, link roads, pathways or any other road with or without drainage system","Telangana","Jagitial(DISTRICT COLLECTOR JAGTIAL_IDA)","Shri Damodar Rao Divakonda (2022-28) (2022-2028)","Elected MP","Laying of CC Road form Mittapelli Ganganna (H) to M Rajareddy Kottam at Maithapur (v) MP Raikal, Jagtial Dist.","28-Aug-2024","17-Sep-2024","500000","Physical Inspection"
"260","Normal/Others","WS/MP846/2024-2025/137343-Construction of roads, link roads, pathways or any other road with or without drainage system","Telangana","Jagitial(DISTRICT COLLECTOR JAGTIAL_IDA)","Shri Damodar Rao Divakonda (2022-28) (2022-2028)","Elected MP","Laying of CC Road form M Rajareddy Kottam to Mandati  at Maithapur (v) MP Raikal, Jagtial Dist.","28-Aug-2024","17-Sep-2024","499860","Physical Inspection"
"261","Normal/Others","WS/MP846/2024-2025/137344-Construction of roads, link roads, pathways or any other road with or without drainage system","Telangana","Jagitial(DISTRICT COLLECTOR JAGTIAL_IDA)","Shri Damodar Rao Divakonda (2022-28) (2022-2028)","Elected MP","Laying of CC Road form Myadari Laxmi (H) to R&B Road at Maithapur (v) MP Raikal, Jagtial Dist.","28-Aug-2024","17-Sep-2024","500000","Physical Inspection"
"262","Normal/Others","WS/MP18374/2024-2025/138810-Construction of roads, link roads, pathways or any other road with or without drainage system","Telangana","NALGONDA(DISTRICT COLLECTOR NALGONDA)","Shri Anil Kumar Yadav Mandadi (2024-30) (2024-2030)","Elected MP","Laying of Internal CC Road from Katteboina Ramalingaiah (H) to Macha Lachaiah (H) in Chillapuram Village of Miryalaguda Mandal.","04-Sep-2024","26-Sep-2024","500000","Physical Inspection"
"263","Normal/Others","WS/MP18374/2024-2025/138811-Construction of roads, link roads, pathways or any other road with or without drainage system","Telangana","NALGONDA(DISTRICT COLLECTOR NALGONDA)","Shri Anil Kumar Yadav Mandadi (2024-30) (2024-2030)","Elected MP","Laying of Internal CC Road from Kore Nagamani (H) to Modala Shekar (H) in Chillapuram Village of Miryalaguda Mandal.","04-Sep-2024","26-Sep-2024","499529","Physical Inspection"
"264","Normal/Others","WS/MP18374/2024-2025/138812-Construction of roads, link roads, pathways or any other road with or without drainage system","Telangana","NALGONDA(DISTRICT COLLECTOR NALGONDA)","Shri Anil Kumar Yadav Mandadi (2024-30) (2024-2030)","Elected MP","Laying of internal CC Roads in Chillapuram Village of Miryalaguda Mandal.","04-Sep-2024","26-Sep-2024","500000","Physical Inspection"
"265","Normal/Others","WS/MP171/2024-2025/142688-Construction of roads, link roads, pathways or any other road with or without drainage system","Telangana","YADADRI BHUVANAGIRI(DISTRICT COLLECTOR YADADRI BHUVANAGIRI_IDA)","Shri Ravi Chandra Vaddiraju (2024-30) (2024-2030)","Elected MP","Laying of CC Road from Nallavelli Narsimha (H) to Jakkali Ganesh (H) in Lachammagudem(V) of Narayanapur(M), Yadadri Bhuvanagiri District.","23-Sep-2024","10-Dec-2024","498000","Work Completed"
"266","Normal/Others","WS/MP171/2024-2025/142689-Construction of roads, link roads, pathways or any other road with or without drainage system","Telangana","YADADRI BHUVANAGIRI(DISTRICT COLLECTOR YADADRI BHUVANAGIRI_IDA)","Shri Ravi Chandra Vaddiraju (2024-30) (2024-2030)","Elected MP","Laying of CC Road from Main Road to Yerramadha Sujatha (H) to Nakirekanti Anjaiah(H) to G.Sharanappa(H) in Lachammagudem(V) of Narayanapur(M), Yadadri Bhuvanagiri District.","23-Sep-2024","10-Dec-2024","498000","Work Completed"
"267","Normal/Others","WS/MP171/2024-2025/142690-Construction of roads, link roads, pathways or any other road with or without drainage system","Telangana","YADADRI BHUVANAGIRI(DISTRICT COLLECTOR YADADRI BHUVANAGIRI_IDA)","Shri Ravi Chandra Vaddiraju (2024-30) (2024-2030)","Elected MP","Laying of CC Road from Nakirekanti Maramma (H) to Pilli Lachaiah (H),  Kosanam Pichama(H) to Varikuppala Yadaiah(H) in Lachammagudem(V) of Narayanapur(M), Yadadri Bhuvanagiri District.","23-Sep-2024","10-Dec-2024","498000","Work Completed"
"268","Normal/Others","WS/MP171/2024-2025/142691-Construction of roads, link roads, pathways or any other road with or without drainage system","Telangana","YADADRI BHUVANAGIRI(DISTRICT COLLECTOR YADADRI BHUVANAGIRI_IDA)","Shri Ravi Chandra Vaddiraju (2024-30) (2024-2030)","Elected MP","Laying of CC Road from Aluguvelli Sathireddy (H) to Soma Raju (H), Dasari Yadaiah(H) to Gude Lingaiah(H) in Lachammagudem(V) of Narayanapur(M), Yadadri Bhuvanagiri District.","23-Sep-2024","10-Dec-2024","498000","Work Completed"
"269","Normal/Others","WS/MP171/2024-2025/144801-Construction of roads, link roads, pathways or any other road with or without drainage system","Telangana","RAJANNA SIRCILLA(DISTRICT COLLECTOR RAJANNA SIRCILLA_IDA)","Shri Ravi Chandra Vaddiraju (2024-30) (2024-2030)","Elected MP","C/o CC Road from Siripuram Venkateshwam (H) to Swargam Stahaiah (H)","30-Sep-2024","20-Dec-2024","1000000","Work Completed"
"270","Normal/Others","WS/MP171/2024-2025/144802-Construction of roads, link roads, pathways or any other road with or without drainage system","Telangana","RAJANNA SIRCILLA(DISTRICT COLLECTOR RAJANNA SIRCILLA_IDA)","Shri Ravi Chandra Vaddiraju (2024-30) (2024-2030)","Elected MP","CC Road  and Culvert from Yellamma Temple to Manairu Vagu Road","30-Sep-2024","20-Dec-2024","1000000","Work Completed"
"271","Normal/Others","WS/MP171/2024-2025/144804-Construction of roads, link roads, pathways or any other road with or without drainage system","Telangana","RAJANNA SIRCILLA(DISTRICT COLLECTOR RAJANNA SIRCILLA_IDA)","Shri Ravi Chandra Vaddiraju (2024-30) (2024-2030)","Elected MP","C/o CC road near Yadava Comm Hall - Mallanna Temple","30-Sep-2024","20-Dec-2024","800000","Work Completed"
"272","Normal/Others","WS/MP171/2024-2025/144805-Construction of roads, link roads, pathways or any other road with or without drainage system","Telangana","RAJANNA SIRCILLA(DISTRICT COLLECTOR RAJANNA SIRCILLA_IDA)","Shri Ravi Chandra Vaddiraju (2024-30) (2024-2030)","Elected MP","C/o CC Road from Ho.No.6-5-54/1 to Bypass road","30-Sep-2024","20-Dec-2024","1200000","Work Completed"
"273","Normal/Others","WS/MP171/2024-2025/145104-Construction of roads, link roads, pathways or any other road with or without drainage system","Telangana","NAGARKURNOOL(DISTRICT COLLECTOR NAGARKURNOOL_IDA)","Shri Ravi Chandra Vaddiraju (2024-30) (2024-2030)","Elected MP","Laying of CC Road from Kesha Parvathalu(H) to Jakka Nagaiah(H) at Manthati(V) of Nagarkurnool(M), Nagarkurnool District.","02-Oct-2024","19-Oct-2024","497952","Physical Inspection"
"274","Normal/Others","WS/MP171/2024-2025/145105-Construction of roads, link roads, pathways or any other road with or without drainage system","Telangana","NAGARKURNOOL(DISTRICT COLLECTOR NAGARKURNOOL_IDA)","Shri Ravi Chandra Vaddiraju (2024-30) (2024-2030)","Elected MP","Laying of CC Road from Chakali Srisailam(H) to Darshamoni Kishtaiah(H) at Manthati(V) of Nagarkurnool(M), Nagarkurnool District.","02-Oct-2024","19-Oct-2024","496159","Physical Inspection"
"275","Normal/Others","WS/MP171/2025-2026/148160-Construction of roads, link roads, pathways or any other road with or without drainage system","Telangana","WARANGAL(District Collector Warangal_IDA)","Shri Ravi Chandra Vaddiraju (2024-30) (2024-2030)","Elected MP","From Katrepally BT Road to G.Ravi Land at Katrapally(V), of Rayaparthy(M)","18-Oct-2024","14-Nov-2025","499000","Work Completed"
"276","Normal/Others","WS/MP171/2025-2026/148161-Construction of roads, link roads, pathways or any other road with or without drainage system","Telangana","WARANGAL(District Collector Warangal_IDA)","Shri Ravi Chandra Vaddiraju (2024-30) (2024-2030)","Elected MP","From Moripirala BT Road to Panyanayak Thanda X Road in Moripirala(V), of Rayaparthy(M)","18-Oct-2024","14-Nov-2025","499000","Work Completed"
"277","Normal/Others","WS/MP846/2025-2026/148685-Construction of roads, link roads, pathways or any other road with or without drainage system","Telangana","WARANGAL(District Collector Warangal_IDA)","Shri Damodar Rao Divakonda (2022-28) (2022-2028)","Elected MP","Laying of metal road  From BT Road (L.Shravan (H)) to Bruhath Palle Prakurthi Vanam in Aregudem(V), Rayaparthy(M) Warangal Dist.","23-Oct-2024","12-Jan-2026","500000","Work Completed"
"278","Normal/Others","WS/MP171/2024-2025/148943-Construction of roads, link roads, pathways or any other road with or without drainage system","Telangana","NALGONDA(DISTRICT COLLECTOR NALGONDA)","Shri Ravi Chandra Vaddiraju (2024-30) (2024-2030)","Elected MP","Laying of CC Road from Tiramdas Pandu (H) to Ganji Neelambari (H) in Chandur Municipality, Nalgonda Municipality.","21-Oct-2024","23-Dec-2024","470523","Physical Inspection"
"279","Normal/Others","WS/MP846/2025-2026/149208-Construction of roads, link roads, pathways or any other road with or without drainage system","Telangana","RAJANNA SIRCILLA(DISTRICT COLLECTOR RAJANNA SIRCILLA_IDA)","Shri Damodar Rao Divakonda (2022-28) (2022-2028)","Elected MP","C/o CC Road  from H.No.6-6-1 to 6-6-7 in Ward No.3 Sircilla Town","23-Oct-2024","17-Feb-2026","600000","Work partially Completed"
"280","Normal/Others","WS/MP846/2025-2026/149210-Construction of roads, link roads, pathways or any other road with or without drainage system","Telangana","RAJANNA SIRCILLA(DISTRICT COLLECTOR RAJANNA SIRCILLA_IDA)","Shri Damodar Rao Divakonda (2022-28) (2022-2028)","Elected MP","C/o CC Road  from H.No.7-1-29 to 7-1-18, H.No.7-1-15 to H.No.7-1-33 and H.No.7-1-25 to H.No.7-1-20 in Ward No.4 Sircilla Town","23-Oct-2024","17-Feb-2026","500000","Sanction"
"281","Normal/Others","WS/MP846/2025-2026/149212-Construction of roads, link roads, pathways or any other road with or without drainage system","Telangana","RAJANNA SIRCILLA(DISTRICT COLLECTOR RAJANNA SIRCILLA_IDA)","Shri Damodar Rao Divakonda (2022-28) (2022-2028)","Elected MP","C/o CC Road from Muslim Comm Hall to Syed Ali House in Ward No.9 Sircilla Town","23-Oct-2024","17-Feb-2026","500000","Work partially Completed"
"282","Normal/Others","WS/MP846/2025-2026/149221-Construction of roads, link roads, pathways or any other road with or without drainage system","Telangana","RAJANNA SIRCILLA(DISTRICT COLLECTOR RAJANNA SIRCILLA_IDA)","Shri Damodar Rao Divakonda (2022-28) (2022-2028)","Elected MP","C/o CC Road from H.No.6-1-99 to 6-1-92, H.No.4-8-98 to H.No.4-8-115 in Ward No.16 Sircilla Town","23-Oct-2024","17-Feb-2026","600000","Sanction"
"283","Normal/Others","WS/MP846/2025-2026/149222-Construction of roads, link roads, pathways or any other road with or without drainage system","Telangana","RAJANNA SIRCILLA(DISTRICT COLLECTOR RAJANNA SIRCILLA_IDA)","Shri Damodar Rao Divakonda (2022-28) (2022-2028)","Elected MP","C/o CC Road from H.No.7-6-28 to H.No.7-6-13 in Ward No.17 Sircilla Town","23-Oct-2024","17-Feb-2026","500000","Sanction"
"284","Normal/Others","WS/MP846/2025-2026/149224-Construction of roads, link roads, pathways or any other road with or without drainage system","Telangana","RAJANNA SIRCILLA(DISTRICT COLLECTOR RAJANNA SIRCILLA_IDA)","Shri Damodar Rao Divakonda (2022-28) (2022-2028)","Elected MP","C/o CC Road from H.No.9-3-108 to H.No.9-3-98/3 in Ward No.19 Sircilla Town","23-Oct-2024","17-Feb-2026","600000","Sanction"
"285","Normal/Others","WS/MP846/2025-2026/149232-Construction of roads, link roads, pathways or any other road with or without drainage system","Telangana","RAJANNA SIRCILLA(DISTRICT COLLECTOR RAJANNA SIRCILLA_IDA)","Shri Damodar Rao Divakonda (2022-28) (2022-2028)","Elected MP","C/o CC Road from H.No.1-7-40/1 to H.No.1-7-73/3 in Ward No.25 Sircilla Town.","23-Oct-2024","17-Feb-2026","500000","Sanction"
"286","Normal/Others","WS/MP18374/2025-2026/149777-Construction of roads, link roads, pathways or any other road with or without drainage system","Telangana","SURYAPET(DISTRICT COLLECTOR SURYAPET)","Shri Anil Kumar Yadav Mandadi (2024-30) (2024-2030)","Elected MP","Construction Internal of CC Road and Drain From R & B Road to Kistipati Saidiredd (H) at Bothalapalem (V) of Palakeedu (M)","29-Oct-2024","02-May-2025","500000","Physical Inspection"
"287","Normal/Others","WS/MP18374/2025-2026/149778-Construction of roads, link roads, pathways or any other road with or without drainage system","Telangana","SURYAPET(DISTRICT COLLECTOR SURYAPET)","Shri Anil Kumar Yadav Mandadi (2024-30) (2024-2030)","Elected MP","Construction Internal of CC Road and Drain From R & B Road to Kunduru Vijyareddy (H) at Arlapudi Nageswarao (H) at Bothalapalem (V) of Palakeedu(M)","29-Oct-2024","02-May-2025","500000","Physical Inspection"
"288","Normal/Others","WS/MP18374/2025-2026/149779-Construction of roads, link roads, pathways or any other road with or without drainage system","Telangana","SURYAPET(DISTRICT COLLECTOR SURYAPET)","Shri Anil Kumar Yadav Mandadi (2024-30) (2024-2030)","Elected MP","Construction Internal of CC Road and Drain From G P Buillding to Ramineni Shanthamma (H) at Bothalapalem (V)of Palakeedu(M)","29-Oct-2024","02-May-2025","500000","Work Completed"
"289","Normal/Others","WS/MP18374/2025-2026/149780-Construction of roads, link roads, pathways or any other road with or without drainage system","Telangana","SURYAPET(DISTRICT COLLECTOR SURYAPET)","Shri Anil Kumar Yadav Mandadi (2024-30) (2024-2030)","Elected MP","Construction Internal of CC Road at Bothalapalem(V)of Palakeedu(M)","29-Oct-2024","02-May-2025","497288","Physical Inspection"
"290","Normal/Others","WS/MP18374/2024-2025/149781-Construction of roads, link roads, pathways or any other road with or without drainage system","Telangana","NALGONDA(DISTRICT COLLECTOR NALGONDA)","Shri Anil Kumar Yadav Mandadi (2024-30) (2024-2030)","Elected MP","Formation and Metalling th road Laying of CC Road from Kumbam Venkataiah House to Edamoni Sathyagiri House in Kandukur Village of Gundlapally Mandal","29-Oct-2024","16-Dec-2024","498117","Physical Inspection"
"291","Normal/Others","WS/MP18374/2024-2025/149782-Construction of roads, link roads, pathways or any other road with or without drainage system","Telangana","NALGONDA(DISTRICT COLLECTOR NALGONDA)","Shri Anil Kumar Yadav Mandadi (2024-30) (2024-2030)","Elected MP","Formation and Metalling the road Laying of CC Road from Nakiramoni Buchaiah Housr to Kumbam Sataiah House in Kandukur Village of Gundlapally Mandal","29-Oct-2024","16-Dec-2024","499277","Physical Inspection"
"292","Normal/Others","WS/MP171/2024-2025/150577-Construction of roads, link roads, pathways or any other road with or without drainage system","Telangana","MAHABUBABAD(DISTRICT COLLECTOR MAHABUBABAD_IDA)","Shri Ravi Chandra Vaddiraju (2024-30) (2024-2030)","Elected MP","Laying of CC Road from Chithari Padma(H) to Yellaboina Renuka(H) at Ambedkar Colony in ward no.12 in Mahabubabad Municipality","04-Nov-2024","06-Mar-2025","499000","Work Completed"
"293","Normal/Others","WS/MP171/2024-2025/150578-Construction of roads, link roads, pathways or any other road with or without drainage system","Telangana","MAHABUBABAD(DISTRICT COLLECTOR MAHABUBABAD_IDA)","Shri Ravi Chandra Vaddiraju (2024-30) (2024-2030)","Elected MP","Laying of CC Road from Yellaboina Mallesh(H) to Daravath Charan(H) at Ambedkar Colony in ward no.12 in Mahabubabad Municipality","04-Nov-2024","06-Mar-2025","499000","Work Completed"
"294","Normal/Others","WS/MP18374/2024-2025/152298-Construction of roads, link roads, pathways or any other road with or without drainage system","Telangana","RANGA REDDY(DISTRICT COLLECTOR RANGAREDDY_IDA)","Shri Anil Kumar Yadav Mandadi (2024-30) (2024-2030)","Elected MP","Laying of internal C C Road from Mogulamma (H) to K.Narsimulu (H)in Kammmeta Village of Chevella Mandal","13-Nov-2024","12-Feb-2025","423729","Physical Inspection"
"295","Normal/Others","WS/MP18374/2024-2025/152299-Construction of roads, link roads, pathways or any other road with or without drainage system","Telangana","RANGA REDDY(DISTRICT COLLECTOR RANGAREDDY_IDA)","Shri Anil Kumar Yadav Mandadi (2024-30) (2024-2030)","Elected MP","Laying of internal C C Road from Begari Samaiah (H) to M.Shankaraiah  (H) in Kammeta Village of Chevella Mandal","13-Nov-2024","12-Feb-2025","423729","Physical Inspection"
"296","Normal/Others","WS/MP18374/2024-2025/152300-Construction of roads, link roads, pathways or any other road with or without drainage system","Telangana","RANGA REDDY(DISTRICT COLLECTOR RANGAREDDY_IDA)","Shri Anil Kumar Yadav Mandadi (2024-30) (2024-2030)","Elected MP","Laying of internal C C Road from Dharani Venkataiah (H) to R.Kumar (H)in Kammmeta Village of Chevella Mandal","13-Nov-2024","12-Feb-2025","415230","Physical Inspection"
"297","Normal/Others","WS/MP18374/2024-2025/152301-Construction of roads, link roads, pathways or any other road with or without drainage system","Telangana","RANGA REDDY(DISTRICT COLLECTOR RANGAREDDY_IDA)","Shri Anil Kumar Yadav Mandadi (2024-30) (2024-2030)","Elected MP","Laying of internal C C Road from Somani Anjaiah (H) to G.Gopal Reddy (H)in Kammmeta Village of Chevella Mandal","13-Nov-2024","12-Feb-2025","423729","Physical Inspection"
"298","Normal/Others","WS/MP18374/2024-2025/152302-Construction of roads, link roads, pathways or any other road with or without drainage system","Telangana","MAHABUBNAGAR(DISTRICT COLLECTOR MAHABUBNAGAR_3)","Shri Anil Kumar Yadav Mandadi (2024-30) (2024-2030)","Elected MP","Laying of CC Road from Radhakrishna Reddy (H)to Shaik Munna plot Tirumalapur Village, CC Kunta (M) Mahabubnagar Dist","13-Nov-2024","01-Feb-2025","498858","Physical Inspection"
"299","Normal/Others","WS/MP18374/2024-2025/152305-Construction of roads, link roads, pathways or any other road with or without drainage system","Telangana","MAHABUBNAGAR(DISTRICT COLLECTOR MAHABUBNAGAR_3)","Shri Anil Kumar Yadav Mandadi (2024-30) (2024-2030)","Elected MP","Providing  LED Street Lights in Tirumalapur Village Cchunta(M) Mahabubnagar Dist","13-Nov-2024","01-Feb-2025","499001","Physical Inspection"
"300","Normal/Others","WS/MP18374/2024-2025/163268-Construction of roads, link roads, pathways or any other road with or without drainage system","Telangana","RANGA REDDY(DISTRICT COLLECTOR RANGAREDDY_IDA)","Shri Anil Kumar Yadav Mandadi (2024-30) (2024-2030)","Elected MP","Laying of internal CC Road from G.Gopal (H) to G. Rajitha (H) in Kammeta Village of Chevella Mandal","02-Jan-2025","01-Mar-2025","423729","Physical Inspection"
"301","Normal/Others","WS/MP18374/2024-2025/163269-Construction of roads, link roads, pathways or any other road with or without drainage system","Telangana","RANGA REDDY(DISTRICT COLLECTOR RANGAREDDY_IDA)","Shri Anil Kumar Yadav Mandadi (2024-30) (2024-2030)","Elected MP","Laying of internal CC Road from Ch.Venkatesh (H) to Maisamma Temple in Kammeta Village of Chevella Mandal","02-Jan-2025","01-Mar-2025","423729","Physical Inspection"
"302","Normal/Others","WS/MP171/2025-2026/169139-Construction of roads, link roads, pathways or any other road with or without drainage system","Telangana","NIZAMABAD(DISTRICT COLLECTOR NIZAMABAD_IDA)","Shri Ravi Chandra Vaddiraju (2024-30) (2024-2030)","Elected MP","Laying of CC Road Near Kondagutta Ashramam","27-Jan-2025","31-May-2025","497749","Physical Inspection"
"303","Normal/Others","WS/MP171/2025-2026/169140-Construction of roads, link roads, pathways or any other road with or without drainage system","Telangana","NIZAMABAD(DISTRICT COLLECTOR NIZAMABAD_IDA)","Shri Ravi Chandra Vaddiraju (2024-30) (2024-2030)","Elected MP","Laying of CC Road Near Kondagutta Ashramam","27-Jan-2025","31-May-2025","497672","Physical Inspection"
"304","Normal/Others","WS/MP18374/2024-2025/171135-Construction of roads, link roads, pathways or any other road with or without drainage system","Telangana","RANGA REDDY(DISTRICT COLLECTOR RANGAREDDY_IDA)","Shri Anil Kumar Yadav Mandadi (2024-30) (2024-2030)","Elected MP","Laying of CC Road from A.Jangaiah (H) to B. Pandu (H) at Kammeta Village of Chevella Mandal","31-Jan-2025","01-Mar-2025","338677","Physical Inspection"
"305","Normal/Others","WS/MP18374/2024-2025/171136-Construction of roads, link roads, pathways or any other road with or without drainage system","Telangana","RANGA REDDY(DISTRICT COLLECTOR RANGAREDDY_IDA)","Shri Anil Kumar Yadav Mandadi (2024-30) (2024-2030)","Elected MP","Laying of CC Road from B.Jangaiah (H) to A.Padmaiah (H) at Kammeta Village of Chevella Mandal","31-Jan-2025","01-Mar-2025","189600","Physical Inspection"
"306","Normal/Others","WS/MP171/2025-2026/185350-Construction of roads, link roads, pathways or any other road with or without drainage system","Telangana","KHAMMAM(DISTRICT COLLECTOR KHAMMAM_IDA)","Shri Ravi Chandra Vaddiraju (2024-30) (2024-2030)","Elected MP","Laying of CC Road from Danda Dhanamma (H) to Danda Venkateshwarlu (H) at Mujjugudem Vill. GP of Nelakondapally (M)","22-Mar-2025","02-Sep-2025","300000","Sanction"
"307","Normal/Others","WS/MP171/2025-2026/185351-Construction of roads, link roads, pathways or any other road with or without drainage system","Telangana","KHAMMAM(DISTRICT COLLECTOR KHAMMAM_IDA)","Shri Ravi Chandra Vaddiraju (2024-30) (2024-2030)","Elected MP","Laying of CC Road from Aithanaboina Veerababu (H) to Aithanaboina Kotaiah (H) at Mujjugudem Vill. GP of Nelakondapally (M)","22-Mar-2025","02-Sep-2025","140000","Sanction"
"308","Normal/Others","WS/MP171/2025-2026/185352-Construction of roads, link roads, pathways or any other road with or without drainage system","Telangana","KHAMMAM(DISTRICT COLLECTOR KHAMMAM_IDA)","Shri Ravi Chandra Vaddiraju (2024-30) (2024-2030)","Elected MP","Laying of CC Road from Regalla Nageshwar Rao (H) to Keesara Laxmi (H) at Mujjugudem Vill. GP of Nelakondapally (M) .","22-Mar-2025","06-Sep-2025","140000","Sanction"
"309","Normal/Others","WS/MP171/2025-2026/189681-Construction of roads, link roads, pathways or any other road with or without drainage system","Telangana","KHAMMAM(DISTRICT COLLECTOR KHAMMAM_IDA)","Shri Ravi Chandra Vaddiraju (2024-30) (2024-2030)","Elected MP","Laying of CC Road from Bommala Rambabu(H) to Avula Elamanchamma(H) in Ramakrishnapuram(V), Chinthakani(M), Khammam District.","07-Apr-2025","10-Sep-2025","350000","Sanction"
"310","Normal/Others","WS/MP171/2025-2026/191147-Construction of roads, link roads, pathways or any other road with or without drainage system","Telangana","NALGONDA(DISTRICT COLLECTOR NALGONDA)","Shri Ravi Chandra Vaddiraju (2024-30) (2024-2030)","Elected MP","Laying of CC Road from Yamarthi Vijaya(H) to Avula Bhiksham(H) in Bothalapalem(V), Dameracherla(M), Nalgonda District.","14-Apr-2025","20-Jun-2025","499000","Work Completed"
"311","Normal/Others","WS/MP171/2026-2027/191148-Construction of roads, link roads, pathways or any other road with or without drainage system","Telangana","MAHABUBABAD(DISTRICT COLLECTOR MAHABUBABAD_IDA)","Shri Ravi Chandra Vaddiraju (2024-30) (2024-2030)","Elected MP","Laying of CC Road from Badavath Kamili(H) to Badavath Santosh(H) at Pedda Thanda(MRP), Nellikudur(M), Mahabubabad","14-Apr-2025","28-Jul-2026","499000","Physical Inspection"
"312","Normal/Others","WS/MP846/2025-2026/193448-Construction of roads, link roads, pathways or any other road with or without drainage system","Telangana","RANGA REDDY(DISTRICT COLLECTOR RANGAREDDY_IDA)","Shri Damodar Rao Divakonda (2022-28) (2022-2028)","Elected MP","Laying of Internal CC Roads at CR Foundation Old Age Home premises, at 1-113-1-59 2 Kondapur, Hyderabad.","26-Apr-2025","21-Aug-2025","2950502","Physical Inspection"
"313","Normal/Others","WS/MP846/2026-2027/198251-Construction of roads, link roads, pathways or any other road with or without drainage system","Telangana","SIDDIPET(District Collector Siddipet_IDA)","Shri Damodar Rao Divakonda (2022-28) (2022-2028)","Elected MP","Construction of CC Road at BC Colony,Thoguta Village and Mandal Siddipet Dist.","09-May-2025","20-May-2026","300000","Work partially Completed"
"314","Normal/Others","WS/MP18374/2025-2026/200994-Construction of roads, link roads, pathways or any other road with or without drainage system","Telangana","NALGONDA(DISTRICT COLLECTOR NALGONDA)","Shri Anil Kumar Yadav Mandadi (2024-30) (2024-2030)","Elected MP","Laying of CC Road from SC Colony to Muthyalamma Gudi at Lasmipuram G.P of Miryalguda Mandal  Bit - II","19-May-2025","20-Jun-2025","499132","Physical Inspection"
"315","Normal/Others","WS/MP18374/2025-2026/200995-Construction of roads, link roads, pathways or any other road with or without drainage system","Telangana","NALGONDA(DISTRICT COLLECTOR NALGONDA)","Shri Anil Kumar Yadav Mandadi (2024-30) (2024-2030)","Elected MP","laying of CC Road from SC Colony to Muthyalamma Gudi at Lasmipuram G.P of Miryalguda Mandal Bit - I","19-May-2025","20-Jun-2025","499022","Physical Inspection"
"316","Normal/Others","WS/MP18374/2025-2026/200996-Construction of roads, link roads, pathways or any other road with or without drainage system","Telangana","NALGONDA(DISTRICT COLLECTOR NALGONDA)","Shri Anil Kumar Yadav Mandadi (2024-30) (2024-2030)","Elected MP","Laying of Internal CC Road in Laxmipuram G P of Miryalaguda Mandal","19-May-2025","20-Jun-2025","499408","Physical Inspection"
"317","Normal/Others","WS/MP18374/2025-2026/200998-Construction of roads, link roads, pathways or any other road with or without drainage system","Telangana","RANGA REDDY(DISTRICT COLLECTOR RANGAREDDY_IDA)","Shri Anil Kumar Yadav Mandadi (2024-30) (2024-2030)","Elected MP","Laying of CC Road from Maisamma Temple to Rajeshwari Land in Kammeta Village of Chevella Mandal","19-May-2025","14-Jul-2025","422901","Physical Inspection"
"318","Normal/Others","WS/MP18374/2025-2026/200999-Construction of roads, link roads, pathways or any other road with or without drainage system","Telangana","RANGA REDDY(DISTRICT COLLECTOR RANGAREDDY_IDA)","Shri Anil Kumar Yadav Mandadi (2024-30) (2024-2030)","Elected MP","Laying of CC Road from Shankarpally Main Road to A.Laxmaiah Land (H) in Kammeta Village of Chevella Mandal","19-May-2025","14-Jul-2025","422901","Physical Inspection"
"319","Normal/Others","WS/MP18374/2025-2026/201000-Construction of roads, link roads, pathways or any other road with or without drainage system","Telangana","RANGA REDDY(DISTRICT COLLECTOR RANGAREDDY_IDA)","Shri Anil Kumar Yadav Mandadi (2024-30) (2024-2030)","Elected MP","Laying of CC Road from PWD Main Road to M.Vanitha Land in Kammeta Village of Chevella Mandal.","19-May-2025","14-Jul-2025","422901","Physical Inspection"
"320","Normal/Others","WS/MP18374/2025-2026/201001-Construction of roads, link roads, pathways or any other road with or without drainage system","Telangana","RANGA REDDY(DISTRICT COLLECTOR RANGAREDDY_IDA)","Shri Anil Kumar Yadav Mandadi (2024-30) (2024-2030)","Elected MP","Laying of CC Road from Culvert to A.Narsimulu Land in Kammeta Village of Chevella Mandal","19-May-2025","14-Jul-2025","422901","Physical Inspection"
"321","Normal/Others","WS/MP171/2025-2026/201274-Construction of roads, link roads, pathways or any other road with or without drainage system","Telangana","KHAMMAM(DISTRICT COLLECTOR KHAMMAM_IDA)","Shri Ravi Chandra Vaddiraju (2024-30) (2024-2030)","Elected MP","Construction of CC Road from Chinthakayala  Padma (H) To Pothanaboina Padma(H) in Vallabhi (GP),  Revenue village of Mudigonda Mandal.","20-May-2025","10-Sep-2025","297310","Physical Inspection"
"322","Normal/Others","WS/MP171/2025-2026/201275-Construction of roads, link roads, pathways or any other road with or without drainage system","Telangana","KHAMMAM(DISTRICT COLLECTOR KHAMMAM_IDA)","Shri Ravi Chandra Vaddiraju (2024-30) (2024-2030)","Elected MP","Construction of CC Road from Daripalli Chandraiah(H) to Pothanaboina Veerababu(H) in Vallabhi (GP),  Revenue village  of Mudigonda Mandal.","20-May-2025","10-Sep-2025","242911","Physical Inspection"
"323","Normal/Others","WS/MP846/2025-2026/201298-Construction of roads, link roads, pathways or any other road with or without drainage system","Telangana","NAGARKURNOOL(DISTRICT COLLECTOR NAGARKURNOOL_IDA)","Shri Damodar Rao Divakonda (2022-28) (2022-2028)","Elected MP","Construction of Road Gangaram to Banda wagu at Gangaram Grampanchayat of Bijinapally Mandal Nagarkurnool Dist","20-May-2025","06-Jun-2025","500000","Sanction"
"324","Normal/Others","WS/MP846/2025-2026/201300-Construction of roads, link roads, pathways or any other road with or without drainage system","Telangana","NAGARKURNOOL(DISTRICT COLLECTOR NAGARKURNOOL_IDA)","Shri Damodar Rao Divakonda (2022-28) (2022-2028)","Elected MP","Construction of Road Gangaram at Mula Chettu land to Keemya Tanda Road in Gangaram Grampanchayat of Bijinapally Mandal Nagarkurnool Dist","20-May-2025","06-Jun-2025","500000","Sanction"
"325","Normal/Others","WS/MP846/2025-2026/201301-Construction of roads, link roads, pathways or any other road with or without drainage system","Telangana","NAGARKURNOOL(DISTRICT COLLECTOR NAGARKURNOOL_IDA)","Shri Damodar Rao Divakonda (2022-28) (2022-2028)","Elected MP","Construction of Road Banda wagu to near Bapanolla Thota Gangaram Grampanchayat of Bijinapally Mandal Nagarkurnool Dist.","20-May-2025","06-Jun-2025","500000","Sanction"
"326","Normal/Others","WS/MP846/2025-2026/201313-Construction of roads, link roads, pathways or any other road with or without drainage system","Telangana","NAGARKURNOOL(DISTRICT COLLECTOR NAGARKURNOOL_IDA)","Shri Damodar Rao Divakonda (2022-28) (2022-2028)","Elected MP","Construction of Underground Drainage at SC Colony Gangaram Grampanchayat of Bijinapally Mandal Nagarkurnool Dist","20-May-2025","06-Jun-2025","340074","Physical Inspection"
"327","Normal/Others","WS/MP846/2025-2026/201314-Construction of roads, link roads, pathways or any other road with or without drainage system","Telangana","NAGARKURNOOL(DISTRICT COLLECTOR NAGARKURNOOL_IDA)","Shri Damodar Rao Divakonda (2022-28) (2022-2028)","Elected MP","Construction of CC Road Shadik House to N Bal Reddy House at Gangaram Grampanchayat of Bijinapally Mandal Nagarkurnool Dist.","20-May-2025","06-Jun-2025","500000","Sanction"
"328","Normal/Others","WS/MP171/2026-2027/203546-Construction of roads, link roads, pathways or any other road with or without drainage system","Telangana","MAHABUBABAD(DISTRICT COLLECTOR MAHABUBABAD_IDA)","Shri Ravi Chandra Vaddiraju (2024-30) (2024-2030)","Elected MP","Laying of CC Road from PW Road Alair to Sarwar Thanda at Laxmipuram V, Inugurthy M","25-May-2025","08-Jul-2026","499000","Physical Inspection"
"329","Normal/Others","WS/MP171/2026-2027/203547-Construction of roads, link roads, pathways or any other road with or without drainage system","Telangana","MAHABUBABAD(DISTRICT COLLECTOR MAHABUBABAD_IDA)","Shri Ravi Chandra Vaddiraju (2024-30) (2024-2030)","Elected MP","Laying of CC Road from R AND B Road to Bhukya Prabhakar (H) at Meetya Thanda(V), Inugurhty(M)","25-May-2025","27-Jul-2026","499000","Physical Inspection"
"330","Normal/Others","WS/MP171/2026-2027/203548-Construction of roads, link roads, pathways or any other road with or without drainage system","Telangana","MAHABUBABAD(DISTRICT COLLECTOR MAHABUBABAD_IDA)","Shri Ravi Chandra Vaddiraju (2024-30) (2024-2030)","Elected MP","Laying of CC Road from Banoth Harya(H) to Banoth Kavitha(H) at Meetya Thanda(V), Inugurhty(M)","25-May-2025","27-Jul-2026","499000","Physical Inspection"
"331","Normal/Others","WS/MP171/2026-2027/203549-Construction of roads, link roads, pathways or any other road with or without drainage system","Telangana","MAHABUBABAD(DISTRICT COLLECTOR MAHABUBABAD_IDA)","Shri Ravi Chandra Vaddiraju (2024-30) (2024-2030)","Elected MP","Laying of CC Road from Margam Venkanna (H) to Jakkula Mallesh (H) at Chinnamuppram(V), Inugurthy(M)","25-May-2025","08-Jul-2026","499000","Physical Inspection"
"332","Normal/Others","WS/MP171/2026-2027/203550-Construction of roads, link roads, pathways or any other road with or without drainage system","Telangana","MAHABUBABAD(DISTRICT COLLECTOR MAHABUBABAD_IDA)","Shri Ravi Chandra Vaddiraju (2024-30) (2024-2030)","Elected MP","Laying of CC Road from Avula Venkanna (H) to Muthyala Krishna (H) and Narra Kumar(H) to Narra Sudhakar(H) at Chinnamuppram(V), Inugurthy(M)","25-May-2025","08-Jul-2026","499000","Physical Inspection"
"333","Normal/Others","WS/MP171/2026-2027/203552-Construction of roads, link roads, pathways or any other road with or without drainage system","Telangana","MAHABUBABAD(DISTRICT COLLECTOR MAHABUBABAD_IDA)","Shri Ravi Chandra Vaddiraju (2024-30) (2024-2030)","Elected MP","Laying of CC Road from SC Community Hall to Inala Venkanna(H) at Chinnanagaram(V), Inugurthy(M)","25-May-2025","27-Jul-2026","499000","Physical Inspection"
"334","Normal/Others","WS/MP171/2026-2027/203553-Construction of roads, link roads, pathways or any other road with or without drainage system","Telangana","MAHABUBABAD(DISTRICT COLLECTOR MAHABUBABAD_IDA)","Shri Ravi Chandra Vaddiraju (2024-30) (2024-2030)","Elected MP","Laying of CC Road from Yadava Community Hall to Bhairu Bhadraiah (H) at Chinnanagaram(V), Inugurthy(M)","25-May-2025","27-Jul-2026","499000","Physical Inspection"
"335","Normal/Others","WS/MP171/2026-2027/203554-Construction of roads, link roads, pathways or any other road with or without drainage system","Telangana","MAHABUBABAD(DISTRICT COLLECTOR MAHABUBABAD_IDA)","Shri Ravi Chandra Vaddiraju (2024-30) (2024-2030)","Elected MP","Laying of CC Road from Varipelli Uppalaiah(H) to Seelam Srinu(H) at Chinnanagaram(V), Inugurthy(M)","25-May-2025","27-Jul-2026","499000","Physical Inspection"
"336","Normal/Others","WS/MP171/2026-2027/203555-Construction of roads, link roads, pathways or any other road with or without drainage system","Telangana","MAHABUBABAD(DISTRICT COLLECTOR MAHABUBABAD_IDA)","Shri Ravi Chandra Vaddiraju (2024-30) (2024-2030)","Elected MP","Laying of CC Road from Bodrai to Gurram Sathyanarayana (H) at Chinnanagaram(V), Inugurthy(M)","25-May-2025","27-Jul-2026","499000","Physical Inspection"
"337","Normal/Others","WS/MP171/2026-2027/203556-Construction of roads, link roads, pathways or any other road with or without drainage system","Telangana","MAHABUBABAD(DISTRICT COLLECTOR MAHABUBABAD_IDA)","Shri Ravi Chandra Vaddiraju (2024-30) (2024-2030)","Elected MP","Laying of CC Road from Banoth Hemla(H) to Banoth Balu(H) at Pedda Thanda(V), of Inugurthy(M)","25-May-2025","08-Jul-2026","499000","Physical Inspection"
"338","Normal/Others","WS/MP171/2025-2026/203558-Construction of roads, link roads, pathways or any other road with or without drainage system","Telangana","MAHABUBABAD(DISTRICT COLLECTOR MAHABUBABAD_IDA)","Shri Ravi Chandra Vaddiraju (2024-30) (2024-2030)","Elected MP","Laying of CC Road from Pittala Laxmipathi(H) to Ponugoti Sri Hari(H) at Komatipalli (GP) of Ingurthi(M), Mahabubabad(Dt)","25-May-2025","20-Jan-2026","499000","Work Completed"
"339","Normal/Others","WS/MP171/2026-2027/203559-Construction of roads, link roads, pathways or any other road with or without drainage system","Telangana","MAHABUBABAD(DISTRICT COLLECTOR MAHABUBABAD_IDA)","Shri Ravi Chandra Vaddiraju (2024-30) (2024-2030)","Elected MP","Laying of CC road from Pujari Katta Mallu to Grampanchayat at Komatipalli(GP) of Ingurthi(M), Mahabubabad(Dt).","25-May-2025","27-Jul-2026","499000","Physical Inspection"
"340","Normal/Others","WS/MP171/2026-2027/203560-Construction of roads, link roads, pathways or any other road with or without drainage system","Telangana","MAHABUBABAD(DISTRICT COLLECTOR MAHABUBABAD_IDA)","Shri Ravi Chandra Vaddiraju (2024-30) (2024-2030)","Elected MP","Laying of CC road from R and B road to Mekala Brahmam farmaing Land at komatipalli(V). of Ingurthi (M), Mahabubabad(Dt)","25-May-2025","27-Jul-2026","499000","Physical Inspection"
"341","Normal/Others","WS/MP171/2026-2027/203561-Construction of roads, link roads, pathways or any other road with or without drainage system","Telangana","MAHABUBABAD(DISTRICT COLLECTOR MAHABUBABAD_IDA)","Shri Ravi Chandra Vaddiraju (2024-30) (2024-2030)","Elected MP","Laying CC Road from Bhukya Yakub(H) to Daravath Bhadru(H) at Komatipalli (GP) of Kesamudram (M), Mahabubabad(D)","25-May-2025","27-Jul-2026","499000","Physical Inspection"
"342","Normal/Others","WS/MP171/2025-2026/203566-Construction of roads, link roads, pathways or any other road with or without drainage system","Telangana","SANGAREDDY(District Collector Sangareddy_IDA)","Shri Ravi Chandra Vaddiraju (2024-30) (2024-2030)","Elected MP","Laying of CC Road at 1st ward in Kichanapally village of Andole Mandal","25-May-2025","20-Jun-2025","499000","Physical Inspection"
"343","Normal/Others","WS/MP171/2025-2026/203567-Construction of roads, link roads, pathways or any other road with or without drainage system","Telangana","SANGAREDDY(District Collector Sangareddy_IDA)","Shri Ravi Chandra Vaddiraju (2024-30) (2024-2030)","Elected MP","Laying of CC Road in Kichanapally village of Andole Mandal","25-May-2025","20-Jun-2025","499000","Physical Inspection"
"344","Normal/Others","WS/MP171/2025-2026/203568-Construction of roads, link roads, pathways or any other road with or without drainage system","Telangana","SANGAREDDY(District Collector Sangareddy_IDA)","Shri Ravi Chandra Vaddiraju (2024-30) (2024-2030)","Elected MP","Laying of CC Road from Anganwadi School to Laxman Chary(H) in Kichanapally village of Andole Mandal","25-May-2025","20-Jun-2025","499000","Physical Inspection"
"345","Normal/Others","WS/MP171/2025-2026/203569-Construction of roads, link roads, pathways or any other road with or without drainage system","Telangana","SANGAREDDY(District Collector Sangareddy_IDA)","Shri Ravi Chandra Vaddiraju (2024-30) (2024-2030)","Elected MP","Laying of CC Road from K.Pranith(H) to Cheruvu Road in Kichanapally village of Andole Mandal","25-May-2025","20-Jun-2025","499000","Physical Inspection"
"346","Normal/Others","WS/MP171/2025-2026/203570-Construction of roads, link roads, pathways or any other road with or without drainage system","Telangana","SURYAPET(DISTRICT COLLECTOR SURYAPET)","Shri Ravi Chandra Vaddiraju (2024-30) (2024-2030)","Elected MP","Laying of CC Road from Muthyalamma Banda to Mangal Bavi at Narsimhulagudem(V), Munagala(M), Suryapet District.","26-May-2025","29-Oct-2025","498516","Physical Inspection"
"347","Normal/Others","WS/MP171/2025-2026/203571-Construction of roads, link roads, pathways or any other road with or without drainage system","Telangana","SURYAPET(DISTRICT COLLECTOR SURYAPET)","Shri Ravi Chandra Vaddiraju (2024-30) (2024-2030)","Elected MP","Laying of CC Road from Bolla Vari Bavi to Chakali Bavi at Narsimhulagudem(V), Munagala(M), Suryapet District.","26-May-2025","29-Oct-2025","498516","Physical Inspection"
"348","Normal/Others","WS/MP171/2026-2027/205270-Construction of roads, link roads, pathways or any other road with or without drainage system","Telangana","MAHABUBABAD(DISTRICT COLLECTOR MAHABUBABAD_IDA)","Shri Ravi Chandra Vaddiraju (2024-30) (2024-2030)","Elected MP","Laying of CC Road from Madaraboina Kalamma H to Bellam Markaiah and Poliju Jayamma H at Lenin Nagar, Thallapusalapalli Main Road to Indhira Nagar Govt. School in Ward No.24, Mahabubabad Municipality, Mahabubabad District.","30-May-2025","17-Apr-2026","498000","Work Completed"
"349","Normal/Others","WS/MP171/2026-2027/205271-Construction of roads, link roads, pathways or any other road with or without drainage system","Telangana","MAHABUBABAD(DISTRICT COLLECTOR MAHABUBABAD_IDA)","Shri Ravi Chandra Vaddiraju (2024-30) (2024-2030)","Elected MP","Laying of CC Road","30-May-2025","17-Apr-2026","498000","Work Completed"
"350","Normal/Others","WS/MP171/2026-2027/205274-Construction of roads, link roads, pathways or any other road with or without drainage system","Telangana","MAHABUBABAD(DISTRICT COLLECTOR MAHABUBABAD_IDA)","Shri Ravi Chandra Vaddiraju (2024-30) (2024-2030)","Elected MP","Laying of CC Road","30-May-2025","27-Jul-2026","498000","Physical Inspection"
"351","Normal/Others","WS/MP171/2026-2027/205275-Construction of roads, link roads, pathways or any other road with or without drainage system","Telangana","MAHABUBABAD(DISTRICT COLLECTOR MAHABUBABAD_IDA)","Shri Ravi Chandra Vaddiraju (2024-30) (2024-2030)","Elected MP","Laying of CC Road","30-May-2025","27-Jul-2026","498000","Physical Inspection"
"352","Normal/Others","WS/MP171/2025-2026/205277-Construction of roads, link roads, pathways or any other road with or without drainage system","Telangana","MAHABUBABAD(DISTRICT COLLECTOR MAHABUBABAD_IDA)","Shri Ravi Chandra Vaddiraju (2024-30) (2024-2030)","Elected MP","Laying of CC road","30-May-2025","20-Jan-2026","499000","Work Completed"
"353","Normal/Others","WS/MP171/2025-2026/205278-Construction of roads, link roads, pathways or any other road with or without drainage system","Telangana","MAHABUBABAD(DISTRICT COLLECTOR MAHABUBABAD_IDA)","Shri Ravi Chandra Vaddiraju (2024-30) (2024-2030)","Elected MP","Laying of CC road","30-May-2025","20-Jan-2026","499000","Work Completed"
"354","Normal/Others","WS/MP171/2025-2026/207738-Construction of roads, link roads, pathways or any other road with or without drainage system","Telangana","MAHABUBABAD(DISTRICT COLLECTOR MAHABUBABAD_IDA)","Shri Ravi Chandra Vaddiraju (2024-30) (2024-2030)","Elected MP","Laying of CC Road from Konda Venkateshwarlu(H) to Raithu Vedika at Gunnepally(V), Danthalapally(M), Mahabubabad Dist.","10-Jun-2025","13-Jan-2026","498000","Work Completed"
"355","Normal/Others","WS/MP171/2025-2026/207739-Construction of roads, link roads, pathways or any other road with or without drainage system","Telangana","MAHABUBABAD(DISTRICT COLLECTOR MAHABUBABAD_IDA)","Shri Ravi Chandra Vaddiraju (2024-30) (2024-2030)","Elected MP","CC Road from Nursery to Dumping Y","10-Jun-2025","13-Jan-2026","498000","Work Completed"
"356","Normal/Others","WS/MP168/2025-2026/212272-Construction of roads, link roads, pathways or any other road with or without drainage system","Telangana","KHAMMAM(DISTRICT COLLECTOR KHAMMAM_IDA)","Shri B. Parthasaradhi Reddy (2022-28) (2022-2028)","Elected MP","Construction of Cement Concrete Road from Prodduturi Chamanti House to Vissampalli Durga House","25-Jun-2025","09-Jul-2025","500000","Work Completed"
"357","Normal/Others","WS/MP168/2025-2026/212322-Construction of roads, link roads, pathways or any other road with or without drainage system","Telangana","KHAMMAM(DISTRICT COLLECTOR KHAMMAM_IDA)","Shri B. Parthasaradhi Reddy (2022-28) (2022-2028)","Elected MP","construction of Cement Concrete Road from Venkatapuram R and B Road to Marapakala Rama Rao House","25-Jun-2025","15-Sep-2025","500000","Sanction"
"358","Normal/Others","WS/MP168/2025-2026/212327-Construction of roads, link roads, pathways or any other road with or without drainage system","Telangana","KHAMMAM(DISTRICT COLLECTOR KHAMMAM_IDA)","Shri B. Parthasaradhi Reddy (2022-28) (2022-2028)","Elected MP","construction of Cement Concrete Road from Ramala Kondiah house to Church","25-Jun-2025","09-Jul-2025","500000","Work Completed"
"359","Normal/Others","WS/MP18374/2025-2026/212993-Construction of roads, link roads, pathways or any other road with or without drainage system","Telangana","KAITHAL(DC CUM NODAL OFFICERS MPLADS)","Shri Anil Kumar Yadav Mandadi (2024-30) (2024-2030)","Elected MP","Construction of Paver Block Public Street from the House of Sh. Pawan to the House of Sh. Ashok Sharma, Street No. - 7, Ward No. - 11, Kaithal, Distt Kaithal, Haryana","27-Jun-2025","26-Sep-2025","500000","Work Completed"
"360","Normal/Others","WS/MP171/2026-2027/213226-Construction of roads, link roads, pathways or any other road with or without drainage system","Telangana","MAHABUBABAD(DISTRICT COLLECTOR MAHABUBABAD_IDA)","Shri Ravi Chandra Vaddiraju (2024-30) (2024-2030)","Elected MP","Laying  of  CC  Road","28-Jun-2025","28-Jul-2026","499000","Physical Inspection"
"361","Normal/Others","WS/MP168/2025-2026/213993-Construction of roads, link roads, pathways or any other road with or without drainage system","Telangana","KHAMMAM(DISTRICT COLLECTOR KHAMMAM_IDA)","Shri B. Parthasaradhi Reddy (2022-28) (2022-2028)","Elected MP","Construction of Cement Concrete Road from Padmavathi House to Maturi Rama Rao House","02-Jul-2025","09-Jul-2025","400000","Work Completed"
"362","Normal/Others","WS/MP168/2025-2026/213994-Construction of roads, link roads, pathways or any other road with or without drainage system","Telangana","KHAMMAM(DISTRICT COLLECTOR KHAMMAM_IDA)","Shri B. Parthasaradhi Reddy (2022-28) (2022-2028)","Elected MP","Construction of Cement Concrete road from Marlapadu R and B Road to Bingi Venkateswar Rao House","02-Jul-2025","15-Sep-2025","500000","Sanction"
"363","Normal/Others","WS/MP168/2025-2026/213995-Construction of roads, link roads, pathways or any other road with or without drainage system","Telangana","KHAMMAM(DISTRICT COLLECTOR KHAMMAM_IDA)","Shri B. Parthasaradhi Reddy (2022-28) (2022-2028)","Elected MP","Construction of Cement Concrete Road From Bandi Ramesh babu Reddy House to Desireddy Rami Reddy House","02-Jul-2025","09-Jul-2025","350000","Work Completed"
"364","Normal/Others","WS/MP168/2025-2026/213996-Construction of roads, link roads, pathways or any other road with or without drainage system","Telangana","KHAMMAM(DISTRICT COLLECTOR KHAMMAM_IDA)","Shri B. Parthasaradhi Reddy (2022-28) (2022-2028)","Elected MP","Construction of Cement Concrete Road from Gudipadu R and B to Panthangi Ramakrishna House","02-Jul-2025","09-Jul-2025","500000","Work Completed"
"365","Normal/Others","WS/MP168/2025-2026/213997-Construction of roads, link roads, pathways or any other road with or without drainage system","Telangana","KHAMMAM(DISTRICT COLLECTOR KHAMMAM_IDA)","Shri B. Parthasaradhi Reddy (2022-28) (2022-2028)","Elected MP","Construction of Cement Concrete Road from Venkatapuram R and B Road to Edulla Ramesh House","02-Jul-2025","09-Jul-2025","400000","Work Completed"
"366","Normal/Others","WS/MP168/2025-2026/213998-Construction of roads, link roads, pathways or any other road with or without drainage system","Telangana","KHAMMAM(DISTRICT COLLECTOR KHAMMAM_IDA)","Shri B. Parthasaradhi Reddy (2022-28) (2022-2028)","Elected MP","Construction of Cement Concrete Road from SK Imam Saheb House to SK Samiyalla House","02-Jul-2025","15-Sep-2025","500000","Sanction"
"367","Normal/Others","WS/MP168/2025-2026/213999-Construction of roads, link roads, pathways or any other road with or without drainage system","Telangana","KHAMMAM(DISTRICT COLLECTOR KHAMMAM_IDA)","Shri B. Parthasaradhi Reddy (2022-28) (2022-2028)","Elected MP","Construction of Cement Concrete Road from Buruga Premanandam House to Neelam Jayaraju House","02-Jul-2025","15-Sep-2025","500000","Sanction"
"368","Normal/Others","WS/MP168/2025-2026/214000-Construction of roads, link roads, pathways or any other road with or without drainage system","Telangana","KHAMMAM(DISTRICT COLLECTOR KHAMMAM_IDA)","Shri B. Parthasaradhi Reddy (2022-28) (2022-2028)","Elected MP","Construction of Cement Concrete Road from Naddi Srujan Rao House to Kolarapu Jogiah House","02-Jul-2025","15-Sep-2025","500000","Sanction"
"369","Normal/Others","WS/MP18374/2025-2026/214020-Construction of roads, link roads, pathways or any other road with or without drainage system","Telangana","SURYAPET(DISTRICT COLLECTOR SURYAPET)","Shri Anil Kumar Yadav Mandadi (2024-30) (2024-2030)","Elected MP","Construction of Approach Road From New GP Office to Morsakunta Katta in  Ramachandrapuram Village Maddirala Mandal Suryapet Dist","02-Jul-2025","30-Dec-2025","500000","Physical Inspection"
"370","Normal/Others","WS/MP18374/2025-2026/214028-Construction of roads, link roads, pathways or any other road with or without drainage system","Telangana","MANCHERIAL(District Collector Mancherial_IDA)","Shri Anil Kumar Yadav Mandadi (2024-30) (2024-2030)","Elected MP","Laying of CC Road from Dada Ramulu(H)to Irudandi Pochaoah (H) at Asnad (gp ) at Chennur Mancherial","02-Jul-2025","24-Jul-2025","500000","Sanction"
"371","Normal/Others","WS/MP18374/2025-2026/214031-Construction of roads, link roads, pathways or any other road with or without drainage system","Telangana","RANGA REDDY(DISTRICT COLLECTOR RANGAREDDY_IDA)","Shri Anil Kumar Yadav Mandadi (2024-30) (2024-2030)","Elected MP","Laying of CC Road form Chilkurpandu (H) to Mallapuram Narsimulu (H) and Vadee Amrutha (H) to Vadee Pandaiah (H) at Nakallapally (V) of Moinabad Mandal R R District","02-Jul-2025","31-Jul-2025","423508","Physical Inspection"
"372","Normal/Others","WS/MP18374/2025-2026/218016-Construction of roads, link roads, pathways or any other road with or without drainage system","Telangana","NALGONDA(DISTRICT COLLECTOR NALGONDA)","Shri Anil Kumar Yadav Mandadi (2024-30) (2024-2030)","Elected MP","Laying of C C Road from at Kappera Ramulu(H) to Kappera Chinna Ramulu House in Kandukur Village of Gundlapally Mandal Nalgonda Dist","14-Jul-2025","03-Sep-2025","500000","Physical Inspection"
"373","Normal/Others","WS/MP18374/2025-2026/218018-Construction of roads, link roads, pathways or any other road with or without drainage system","Telangana","SURYAPET(DISTRICT COLLECTOR SURYAPET)","Shri Anil Kumar Yadav Mandadi (2024-30) (2024-2030)","Elected MP","Laying of C C Road at ZPHS School to PHC Sub Centre at Tatipamula Village  of Thirumalagiri","14-Jul-2025","18-Oct-2025","500000","Physical Inspection"
"374","Normal/Others","WS/MP18374/2025-2026/218019-Construction of roads, link roads, pathways or any other road with or without drainage system","Telangana","SURYAPET(DISTRICT COLLECTOR SURYAPET)","Shri Anil Kumar Yadav Mandadi (2024-30) (2024-2030)","Elected MP","Laying of C C Raod at Sc Colony at Tatipamula Village of Thirumalagiri","14-Jul-2025","18-Oct-2025","500000","Physical Inspection"
"375","Normal/Others","WS/MP18374/2025-2026/218020-Construction of roads, link roads, pathways or any other road with or without drainage system","Telangana","SURYAPET(DISTRICT COLLECTOR SURYAPET)","Shri Anil Kumar Yadav Mandadi (2024-30) (2024-2030)","Elected MP","Laying of C C Road at BC Colony at Tatipamula Village of Thirumalagiri Mandal","14-Jul-2025","18-Oct-2025","500000","Physical Inspection"
"376","Normal/Others","WS/MP18374/2025-2026/218021-Construction of roads, link roads, pathways or any other road with or without drainage system","Telangana","SURYAPET(DISTRICT COLLECTOR SURYAPET)","Shri Anil Kumar Yadav Mandadi (2024-30) (2024-2030)","Elected MP","Laying of C C Road at G P limits at Tatipamula Village of Thirumalagiri Mandal","14-Jul-2025","18-Oct-2025","500000","Physical Inspection"
"377","Normal/Others","WS/MP846/2025-2026/250264-Construction of roads, link roads, pathways or any other road with or without drainage system","Telangana","Jagitial(DISTRICT COLLECTOR JAGTIAL_IDA)","Shri Damodar Rao Divakonda (2022-28) (2022-2028)","Elected MP","Construction of CC Road From R and B Road to Raithuvedika at Maithapur Village MP Raikal at Jagtial Dist.","25-Nov-2025","20-Feb-2026","500000","Work Completed"
"378","Normal/Others","WS/MP846/2025-2026/250265-Construction of roads, link roads, pathways or any other road with or without drainage system","Telangana","Jagitial(DISTRICT COLLECTOR JAGTIAL_IDA)","Shri Damodar Rao Divakonda (2022-28) (2022-2028)","Elected MP","Construction of CC Road From Durga Matha Temple to MD Basha field at Maithapur Village MP Raikal at Jagtial Dist","25-Nov-2025","20-Feb-2026","500000","Work Completed"
"379","Normal/Others","WS/MP846/2025-2026/250268-Construction of roads, link roads, pathways or any other road with or without drainage system","Telangana","Jagitial(DISTRICT COLLECTOR JAGTIAL_IDA)","Shri Damodar Rao Divakonda (2022-28) (2022-2028)","Elected MP","Construction of CC Road From MD Basha field to R and B Road at Maithapur Village MP Raikal at Jagtial Dist.","25-Nov-2025","20-Feb-2026","500000","Work partially Completed"
"380","Normal/Others","WS/MP168/2026-2027/258872-Construction of roads, link roads, pathways or any other road with or without drainage system","Telangana","KHAMMAM(DISTRICT COLLECTOR KHAMMAM_IDA)","Shri B. Parthasaradhi Reddy (2022-28) (2022-2028)","Elected MP","Laying of 1.2 Km Black Top Road in Gangaram Village as per the Annexure","13-Jan-2026","18-Jun-2026","29495741","Sanction"
"381","Normal/Others","WS/MP18381/2026-2027/260893-Construction of roads, link roads, pathways or any other road with or without drainage system","Telangana","KHAMMAM(DISTRICT COLLECTOR KHAMMAM_IDA)","Smt. Renuka Chowdhury (2024-30) (2024-2030)","Elected MP","CC Road from Metla Lingaiah House to Veerabhadra Swamy Temple at Village Polampally, Mandal Singareni, Khammam District, Telangana","21-Jan-2026","18-Jun-2026","500000","Work partially Completed"
"382","Normal/Others","WS/MP18381/2026-2027/260895-Construction of roads, link roads, pathways or any other road with or without drainage system","Telangana","KHAMMAM(DISTRICT COLLECTOR KHAMMAM_IDA)","Smt. Renuka Chowdhury (2024-30) (2024-2030)","Elected MP","CC Road from Merupaka Guruvaiah house to Gaddam Venkateshwarlu house at village Vusirikayalapally, Mandal Singareni, Khammam District, Telangana","21-Jan-2026","18-Jun-2026","500000","Work partially Completed"
"383","Normal/Others","WS/MP18381/2026-2027/260900-Construction of roads, link roads, pathways or any other road with or without drainage system","Telangana","KHAMMAM(DISTRICT COLLECTOR KHAMMAM_IDA)","Smt. Renuka Chowdhury (2024-30) (2024-2030)","Elected MP","CC Road from Gugulothu Bitcha house to Bhukya Jaariya house at Bhagyanagar Thanda, Village Usirikayalapally, Mandal Singareni, Khammam District, Telangana","21-Jan-2026","18-Jun-2026","400000","Work partially Completed"
"384","Normal/Others","WS/MP18381/2026-2027/260940-Construction of roads, link roads, pathways or any other road with or without drainage system","Telangana","KHAMMAM(DISTRICT COLLECTOR KHAMMAM_IDA)","Smt. Renuka Chowdhury (2024-30) (2024-2030)","Elected MP","Construction of Side Drainage from Dara Rammurthi house to Pulipati Chandraiah house at Jakkepalli SC Colony Panchayat, Kusumanchi Mandal, Khammam District, Telangana","21-Jan-2026","18-Jun-2026","400000","Sanction"
"385","Normal/Others","WS/MP18381/2026-2027/260941-Construction of roads, link roads, pathways or any other road with or without drainage system","Telangana","KHAMMAM(DISTRICT COLLECTOR KHAMMAM_IDA)","Smt. Renuka Chowdhury (2024-30) (2024-2030)","Elected MP","Construction of Side Drainage from Konda Achaiah house to Pulipati Chandraiah house at Jakkepally SC Colony Panchayat, Kusumanchi Mandal, Khammam District, Telangana","21-Jan-2026","18-Jun-2026","400000","Sanction"
"386","Normal/Others","WS/MP18381/2026-2027/260942-Construction of roads, link roads, pathways or any other road with or without drainage system","Telangana","KHAMMAM(DISTRICT COLLECTOR KHAMMAM_IDA)","Smt. Renuka Chowdhury (2024-30) (2024-2030)","Elected MP","Construction of Side Drainage from Dara Chinna Venkaiah house to Kodirekka Venkanna house at Jakkepalli SC Panchayat, Kusumanchi Mandal, Khammam District, Telangana","21-Jan-2026","18-Jun-2026","400000","Sanction"
"387","Normal/Others","WS/MP18381/2026-2027/261074-Construction of roads, link roads, pathways or any other road with or without drainage system","Telangana","KHAMMAM(DISTRICT COLLECTOR KHAMMAM_IDA)","Smt. Renuka Chowdhury (2024-30) (2024-2030)","Elected MP","Construction of CC Road from Mittapally Sheshagiri Rao house to Banukuri Appa Rao house at Paladugu Village, Wyra Mandal, Khammam District, Telangana","22-Jan-2026","18-Jun-2026","500000","Sanction"
"388","Normal/Others","WS/MP18381/2026-2027/261076-Construction of roads, link roads, pathways or any other road with or without drainage system","Telangana","KHAMMAM(DISTRICT COLLECTOR KHAMMAM_IDA)","Smt. Renuka Chowdhury (2024-30) (2024-2030)","Elected MP","Construction of Side Drainage from Thummalapally Satyanarayana house to Thummalapally Narasihma Rao house at State Pinapaka Village, Wyra Mandal, Khammam District, Telangana","22-Jan-2026","18-Jun-2026","500000","Sanction"
"389","Normal/Others","WS/MP18381/2026-2027/261077-Construction of roads, link roads, pathways or any other road with or without drainage system","Telangana","KHAMMAM(DISTRICT COLLECTOR KHAMMAM_IDA)","Smt. Renuka Chowdhury (2024-30) (2024-2030)","Elected MP","Construction of Metal Road from Punyapuram Cheruvu Thuumu to Pulludu field at Punyapuram Village, Wyra Mandal, Khammam District, Telangana","22-Jan-2026","18-Jun-2026","500000","Sanction"
"390","Normal/Others","WS/MP18381/2026-2027/261091-Construction of roads, link roads, pathways or any other road with or without drainage system","Telangana","KHAMMAM(DISTRICT COLLECTOR KHAMMAM_IDA)","Smt. Renuka Chowdhury (2024-30) (2024-2030)","Elected MP","Construction of CC road from Manne Janaki Ramaiah house to Gangineni Narasihma Rao house at Meenavolu village, Yerrupalem Mandal, Khammam District, Telangana","22-Jan-2026","08-Jul-2026","500000","Sanction"
"391","Normal/Others","WS/MP18381/2026-2027/261125-Construction of roads, link roads, pathways or any other road with or without drainage system","Telangana","KHAMMAM(DISTRICT COLLECTOR KHAMMAM_IDA)","Smt. Renuka Chowdhury (2024-30) (2024-2030)","Elected MP","Construction of CC Road from Yerram Jayamma House to M Srinivas Reddy house at Nidanapuram Village, Madhira Mandal, Khammam District, Telangana","23-Jan-2026","18-Jun-2026","300000","Sanction"
"392","Normal/Others","WS/MP18381/2026-2027/261129-Construction of roads, link roads, pathways or any other road with or without drainage system","Telangana","KHAMMAM(DISTRICT COLLECTOR KHAMMAM_IDA)","Smt. Renuka Chowdhury (2024-30) (2024-2030)","Elected MP","Construction of  CC Road from Shaik Madar Sahib House to Ummadi Satyavathi house at Didugupadu Village, Madhira Mandal, Khammam District, Telangana","23-Jan-2026","18-Jun-2026","200000","Sanction"
"393","Normal/Others","WS/MP18381/2026-2027/261141-Construction of roads, link roads, pathways or any other road with or without drainage system","Telangana","KHAMMAM(DISTRICT COLLECTOR KHAMMAM_IDA)","Smt. Renuka Chowdhury (2024-30) (2024-2030)","Elected MP","Construction of CC road from Gunda Srinivas Reddy house to Bada Satyanarayana Reddy house at Nidanapuram Village, Madhira Mandal, Khammam District, Telangana","23-Jan-2026","18-Jun-2026","100000","Sanction"
"394","Normal/Others","WS/MP18381/2026-2027/261207-Construction of roads, link roads, pathways or any other road with or without drainage system","Telangana","KHAMMAM(DISTRICT COLLECTOR KHAMMAM_IDA)","Smt. Renuka Chowdhury (2024-30) (2024-2030)","Elected MP","Construction of Compound wall at Mittapalli ZPHS High School, Thallada Mandal, Khammam District, Telangana","23-Jan-2026","18-Jul-2026","900000","Sanction"
"395","Normal/Others","WS/MP18381/2026-2027/261262-Construction of roads, link roads, pathways or any other road with or without drainage system","Telangana","KHAMMAM(DISTRICT COLLECTOR KHAMMAM_IDA)","Smt. Renuka Chowdhury (2024-30) (2024-2030)","Elected MP","Construction of Slab and Culvert at CHINTHAREVU AT KONIJERLA VILLAGE, Konijerla Mandal, Khammam District, Telangana","23-Jan-2026","18-Jun-2026","2000000","Sanction"
"396","Normal/Others","WS/MP18381/2026-2027/261276-Construction of roads, link roads, pathways or any other road with or without drainage system","Telangana","KHAMMAM(DISTRICT COLLECTOR KHAMMAM_IDA)","Smt. Renuka Chowdhury (2024-30) (2024-2030)","Elected MP","Construction of CC Road from Alasyam Anitha house to Kanaka Durgamma house at Nagula Vancha village, Chinthakani Mandal, Khammam District, Telangana","23-Jan-2026","18-Jun-2026","500000","Sanction"
"397","Normal/Others","WS/MP18381/2026-2027/261279-Construction of roads, link roads, pathways or any other road with or without drainage system","Telangana","KHAMMAM(DISTRICT COLLECTOR KHAMMAM_IDA)","Smt. Renuka Chowdhury (2024-30) (2024-2030)","Elected MP","Construction of Side Drainage from Balapeta Bodrai to Balapeta Vaagu, Ward no - 8, Khammam Municipality, Khammam District, Telangana","23-Jan-2026","22-Aug-2026","2000000","Sanction"
"398","Normal/Others","WS/MP18381/2026-2027/261280-Construction of roads, link roads, pathways or any other road with or without drainage system","Telangana","KHAMMAM(DISTRICT COLLECTOR KHAMMAM_IDA)","Smt. Renuka Chowdhury (2024-30) (2024-2030)","Elected MP","Construction of CC Road from Boda Veera kumar house to Boda Vanitha house at Chandru Thanda, Thirumalayapalem Mandal, Khammam District, Telangana","23-Jan-2026","19-Aug-2026","500000","Sanction"
"399","Normal/Others","WS/MP18381/2026-2027/261282-Construction of roads, link roads, pathways or any other road with or without drainage system","Telangana","KHAMMAM(DISTRICT COLLECTOR KHAMMAM_IDA)","Smt. Renuka Chowdhury (2024-30) (2024-2030)","Elected MP","Construction of Side Drainage from Vatam Venkatamma house to Bittu Linga swamy house in Kovvuru Venkat Reddy colony at Nayakangudem village, Kusumanchi Mandal, Khammam District, Telangana","23-Jan-2026","18-Jun-2026","250000","Sanction"
"400","Normal/Others","WS/MP18381/2026-2027/261283-Construction of roads, link roads, pathways or any other road with or without drainage system","Telangana","KHAMMAM(DISTRICT COLLECTOR KHAMMAM_IDA)","Smt. Renuka Chowdhury (2024-30) (2024-2030)","Elected MP","Construction of Side Drainage from Marripeddi Rambabu house to Mandava Lakshman house at Nayakangudem village, Kusumanchi Mandal, Khammam District, Telangana","23-Jan-2026","18-Jun-2026","250000","Sanction"
"401","Normal/Others","WS/MP18381/2026-2027/261284-Construction of roads, link roads, pathways or any other road with or without drainage system","Telangana","KHAMMAM(DISTRICT COLLECTOR KHAMMAM_IDA)","Smt. Renuka Chowdhury (2024-30) (2024-2030)","Elected MP","Construction of CC Road from Dhanaboina Kumar house to Mandava Chandrakala house in Kovvuri Venkat Reddy BC SC colony at Nayakangudem village, Kusumanchi Mandal, Khammam District, Telangana","23-Jan-2026","18-Jun-2026","500000","Sanction"
"402","Normal/Others","WS/MP18381/2026-2027/261301-Construction of roads, link roads, pathways or any other road with or without drainage system","Telangana","BHADRADRI KOTHAGUDEM(District Collector Bhadradri Ktdm_IDA)","Smt. Renuka Chowdhury (2024-30) (2024-2030)","Elected MP","Constuction of Compound wall at Bhadradri Kothagudem Grandhalayam Building, Ward no-28, Kothagudem, Telangana","23-Jan-2026","17-Aug-2026","1000000","Sanction"
"403","Normal/Others","WS/MP18381/2026-2027/261305-Construction of roads, link roads, pathways or any other road with or without drainage system","Telangana","BHADRADRI KOTHAGUDEM(District Collector Bhadradri Ktdm_IDA)","Smt. Renuka Chowdhury (2024-30) (2024-2030)","Elected MP","Construction of CC road from Pasupuleti Venkateshwarlu house to Kelavath Bhadra house at Tungaram village, Chandrugonda Mandal, Bhadradri Kothagudem District, Telangana","23-Jan-2026","17-Aug-2026","500000","Sanction"
"404","Normal/Others","WS/MP18381/2026-2027/261307-Construction of roads, link roads, pathways or any other road with or without drainage system","Telangana","BHADRADRI KOTHAGUDEM(District Collector Bhadradri Ktdm_IDA)","Smt. Renuka Chowdhury (2024-30) (2024-2030)","Elected MP","Construction of CC road from Udari Mallaiah house to Anangi Ramesh house at Anisettipally village, Laxmidevipalli Mandal, Bhadradri Kothagudem District, Telangana","23-Jan-2026","17-Aug-2026","500000","Sanction"
"405","Normal/Others","WS/MP18381/2026-2027/261312-Construction of roads, link roads, pathways or any other road with or without drainage system","Telangana","KHAMMAM(DISTRICT COLLECTOR KHAMMAM_IDA)","Smt. Renuka Chowdhury (2024-30) (2024-2030)","Elected MP","Construction of CC road on 50 feet road  from Gollagudem road to Boggarapu Meena kumari house at Ward no-13, Khammam Municipa Corporation, Khammam District, Telangana","23-Jan-2026","22-Aug-2026","1000000","Sanction"
"406","Normal/Others","WS/MP18381/2026-2027/261317-Construction of roads, link roads, pathways or any other road with or without drainage system","Telangana","BHADRADRI KOTHAGUDEM(District Collector Bhadradri Ktdm_IDA)","Smt. Renuka Chowdhury (2024-30) (2024-2030)","Elected MP","Construction of CC road from Bhukiya Chatriya house to Geega Ramulu house at Anantharam Village, Aswaraopeta Mandal, Bhadradri Kothagudem District, Telangana","23-Jan-2026","17-Aug-2026","500000","Work partially Completed"
"407","Normal/Others","WS/MP18381/2026-2027/261320-Construction of roads, link roads, pathways or any other road with or without drainage system","Telangana","BHADRADRI KOTHAGUDEM(District Collector Bhadradri Ktdm_IDA)","Smt. Renuka Chowdhury (2024-30) (2024-2030)","Elected MP","Construction of CC road from Kaniithi Durga Rao house to Kanithi Ramulu house at Gopannagudem village, Aswraopeta Mandal, Bhadradri Kothagudem District, Telangana","23-Jan-2026","17-Aug-2026","500000","Work partially Completed"
"408","Normal/Others","WS/MP18381/2026-2027/270525-Construction of roads, link roads, pathways or any other road with or without drainage system","Telangana","KHAMMAM(DISTRICT COLLECTOR KHAMMAM_IDA)","Smt. Renuka Chowdhury (2024-30) (2024-2030)","Elected MP","Construction of CC Road from Balla Venkat Reddy house to Balla Mangi reddy house at Paleru village, Kusumanchi Mandal, Khammam District, Telangana","24-Feb-2026","19-Jun-2026","500000","Sanction"
"409","Normal/Others","WS/MP18381/2026-2027/270529-Construction of roads, link roads, pathways or any other road with or without drainage system","Telangana","KHAMMAM(DISTRICT COLLECTOR KHAMMAM_IDA)","Smt. Renuka Chowdhury (2024-30) (2024-2030)","Elected MP","Construction of CC road from Rasala Guruvaiah house to Paleru Fish Tank at Paleru village, Kusumanchi Mandal, Khammam District, Telangana","24-Feb-2026","16-May-2026","500000","Sanction"
"410","Normal/Others","WS/MP18381/2026-2027/270538-Construction of roads, link roads, pathways or any other road with or without drainage system","Telangana","KHAMMAM(DISTRICT COLLECTOR KHAMMAM_IDA)","Smt. Renuka Chowdhury (2024-30) (2024-2030)","Elected MP","Construction of CC road from Nukala Veera Reddy field to Paleru Fish Junction at Paleru Village, Kusumanchi Mandal, Khammam District, Telangana","24-Feb-2026","16-May-2026","500000","Sanction"
"411","Normal/Others","WS/MP18381/2026-2027/271708-Construction of roads, link roads, pathways or any other road with or without drainage system","Telangana","KHAMMAM(DISTRICT COLLECTOR KHAMMAM_IDA)","Smt. Renuka Chowdhury (2024-30) (2024-2030)","Elected MP","Construction of CC road from Kommiri Nageshwara Rao house to Kaluva SC Colony at Patha Pinapaka village, Thallada Mandal, Khammam District, Telangana","28-Feb-2026","19-Jun-2026","500000","Sanction"
"412","Normal/Others","WS/MP18381/2026-2027/271836-Construction of roads, link roads, pathways or any other road with or without drainage system","Telangana","KHAMMAM(DISTRICT COLLECTOR KHAMMAM_IDA)","Smt. Renuka Chowdhury (2024-30) (2024-2030)","Elected MP","Construction of CC road from Akkirala Ramulu house to Anganwadi centre SC colony at Paatha Pinapaka village, Thallada  Mandal, Khammam District, Telangana","28-Feb-2026","19-Jun-2026","500000","Sanction"
"413","Normal/Others","WS/MP18381/2026-2027/271839-Construction of roads, link roads, pathways or any other road with or without drainage system","Telangana","KHAMMAM(DISTRICT COLLECTOR KHAMMAM_IDA)","Smt. Renuka Chowdhury (2024-30) (2024-2030)","Elected MP","Construction of CC road from Konda Mukkala Mangamma house to Nagandla Laxman Rao place at Paatha Pinapaka Village, Thallada Mandal, Khammam District, Telangana","28-Feb-2026","19-Jun-2026","500000","Sanction"
"414","Normal/Others","WS/MP171/2026-2027/272274-Construction of roads, link roads, pathways or any other road with or without drainage system","Telangana","NAGARKURNOOL(DISTRICT COLLECTOR NAGARKURNOOL_IDA)","Shri Ravi Chandra Vaddiraju (2024-30) (2024-2030)","Elected MP","Laying of CC Road from Narsimha Reddy(H) to Edla Narsimha(H)  and Munindar (H) to Naveen Kumar(H","03-Mar-2026","12-Jun-2026","498000","Sanction"
"415","Normal/Others","WS/MP171/2026-2027/273727-Construction of roads, link roads, pathways or any other road with or without drainage system","Telangana","MAHABUBABAD(DISTRICT COLLECTOR MAHABUBABAD_IDA)","Shri Ravi Chandra Vaddiraju (2024-30) (2024-2030)","Elected MP","Laying of CC Road at Laxmipuram(V), Inugurthy(M), Mahabubabad District","11-Mar-2026","15-May-2026","498000","Work Completed"
"416","Normal/Others","WS/MP18381/2026-2027/276423-Construction of roads, link roads, pathways or any other road with or without drainage system","Telangana","NIZAMABAD(DISTRICT COLLECTOR NIZAMABAD_IDA)","Smt. Renuka Chowdhury (2024-30) (2024-2030)","Elected MP","Construction of CC Road from Boduluri Sriram Murthy house to Paruchuri Kripanandam house at Kothapally Village, Makloor Mandal, Nizambad District, Telangana","28-Mar-2026","30-Jun-2026","500000","Sanction"
"417","Normal/Others","WS/MP18381/2026-2027/276424-Construction of roads, link roads, pathways or any other road with or without drainage system","Telangana","NIZAMABAD(DISTRICT COLLECTOR NIZAMABAD_IDA)","Smt. Renuka Chowdhury (2024-30) (2024-2030)","Elected MP","Construction of CC Road from Mundra Suribabu house to OHSR tank at Kothapally Village, Makloor Mandal, Nizambad District, Telangana","28-Mar-2026","30-Jun-2026","500000","Sanction"
"418","Normal/Others","WS/MP18381/2026-2027/276427-Construction of roads, link roads, pathways or any other road with or without drainage system","Telangana","NIZAMABAD(DISTRICT COLLECTOR NIZAMABAD_IDA)","Smt. Renuka Chowdhury (2024-30) (2024-2030)","Elected MP","Construction of CC Road from Kota Nagabhushanam house to Chapalara Ramakotaiah house at Kothapally Village, Makloor Mandal, Nizambad District, Telangana","28-Mar-2026","30-Jun-2026","500000","Sanction"
"419","Normal/Others","WS/MP18381/2026-2027/276428-Construction of roads, link roads, pathways or any other road with or without drainage system","Telangana","NIZAMABAD(DISTRICT COLLECTOR NIZAMABAD_IDA)","Smt. Renuka Chowdhury (2024-30) (2024-2030)","Elected MP","Construction of CC Road from Doppalapudi Satyanarayana open plot to Vemulapally Subba Rao House at Kothapally Village, Makloor Mandal, Nizambad District, Telangana","28-Mar-2026","30-Jun-2026","500000","Sanction"
"420","Normal/Others","WS/MP18381/2026-2027/276430-Construction of roads, link roads, pathways or any other road with or without drainage system","Telangana","NIZAMABAD(DISTRICT COLLECTOR NIZAMABAD_IDA)","Smt. Renuka Chowdhury (2024-30) (2024-2030)","Elected MP","Construction of CC Road From Kuchipudi Mariyamma house to Bottu Yellaiah house at Kothapally Village, Makloor Mandal, Nizambad District, Telangana","28-Mar-2026","30-Jun-2026","500000","Sanction"
"421","Normal/Others","WS/MP846/2026-2027/278168-Construction of roads, link roads, pathways or any other road with or without drainage system","Telangana","SIDDIPET(District Collector Siddipet_IDA)","Shri Damodar Rao Divakonda (2022-28) (2022-2028)","Elected MP","Construction of Drain from Darshanala Yadagiri (H) to D Kumar Field and Culvert at Shivar Venkatapur (v) Markook (m), Siddipet Dist.","14-Apr-2026","31-Jul-2026","1000000","Work partially Completed"
"422","Normal/Others","WS/MP846/2026-2027/278169-Construction of roads, link roads, pathways or any other road with or without drainage system","Telangana","SIDDIPET(District Collector Siddipet_IDA)","Shri Damodar Rao Divakonda (2022-28) (2022-2028)","Elected MP","Construction of CC Road from Putta Sreenu (H) to Kanamaiana Narsaiah(H) at Shivar Venkatapur (v), Markook (m), Siddipet Dist","14-Apr-2026","18-Jun-2026","500000","Work partially Completed"
"423","Normal/Others","WS/MP846/2026-2027/278170-Construction of roads, link roads, pathways or any other road with or without drainage system","Telangana","SIDDIPET(District Collector Siddipet_IDA)","Shri Damodar Rao Divakonda (2022-28) (2022-2028)","Elected MP","Construction of CC Road from Kanamaiana Raju(H) to Bokki Muthyalu(F) at Shivar Venkatapur (v), Markook (m), Siddipet Dist.","14-Apr-2026","18-Jun-2026","500000","Work partially Completed"
"424","Normal/Others","WS/MP846/2026-2027/279941-Construction of roads, link roads, pathways or any other road with or without drainage system","Telangana","WANAPARTHY(DISTRICT COLLECTOR WANAPARTHY_IDA)","Shri Damodar Rao Divakonda (2022-28) (2022-2028)","Elected MP","Layning of CC Road from NH 44 To Ayyappa Swamy Temple Colony in Khanimetta Village, Kothakota Mandal at Wanaparthy Dist.","08-May-2026","15-Jul-2026","500000","Sanction"
"425","Normal/Others","WS/MP846/2026-2027/279944-Construction of roads, link roads, pathways or any other road with or without drainage system","Telangana","WANAPARTHY(DISTRICT COLLECTOR WANAPARTHY_IDA)","Shri Damodar Rao Divakonda (2022-28) (2022-2028)","Elected MP","Construction Drain from Komati Pullaiah (H) to Ranga Reddy (H) in Khanimetta Village, Kothakota Mandal at Wanaparthy Dist.","08-May-2026","15-Jul-2026","400000","Sanction"
"426","Normal/Others","WS/MP846/2026-2027/279986-Construction of roads, link roads, pathways or any other road with or without drainage system","Telangana","WANAPARTHY(DISTRICT COLLECTOR WANAPARTHY_IDA)","Shri Damodar Rao Divakonda (2022-28) (2022-2028)","Elected MP","Layning of CC Road from G Ramu House to Shiva Shanker House Ward No-1, Pebbair Mandal, Wanaparthy Dist","08-May-2026","15-Jul-2026","500000","Sanction"
"427","Normal/Others","WS/MP18381/2026-2027/281788-Construction of roads, link roads, pathways or any other road with or without drainage system","Telangana","KHAMMAM(DISTRICT COLLECTOR KHAMMAM_IDA)","Smt. Renuka Chowdhury (2024-30) (2024-2030)","Elected MP","Construction of CC road from Challa Venkat Reddy house to via M Srinivas Reddy to Bada Satyanarayana Reddy house at Nidanapuram Village, Madhira Mandal, Khammam District, Telangana","18-May-2026","19-Aug-2026","150000","Sanction"
"428","Normal/Others","WS/MP171/2026-2027/283023-Construction of roads, link roads, pathways or any other road with or without drainage system","Telangana","KHAMMAM(DISTRICT COLLECTOR KHAMMAM_IDA)","Shri Ravi Chandra Vaddiraju (2024-30) (2024-2030)","Elected MP","laying of CC Road","22-May-2026","09-Jul-2026","615000","Work partially Completed"
"429","Normal/Others","WS/MP171/2026-2027/283024-Construction of roads, link roads, pathways or any other road with or without drainage system","Telangana","KHAMMAM(DISTRICT COLLECTOR KHAMMAM_IDA)","Shri Ravi Chandra Vaddiraju (2024-30) (2024-2030)","Elected MP","Construction of CC Roads","22-May-2026","09-Jul-2026","385000","Work partially Completed"
"430","Normal/Others","WS/MP171/2026-2027/286360-Construction of roads, link roads, pathways or any other road with or without drainage system","Telangana","WANAPARTHY(DISTRICT COLLECTOR WANAPARTHY_IDA)","Shri Ravi Chandra Vaddiraju (2024-30) (2024-2030)","Elected MP","Laying of CC Road from Patanam Kistanna(H) to Ramakrishna(H) in Pebbair Municipality, Wanaparthy Dist.","17-Jun-2026","15-Jul-2026","400000","Sanction"
"431","Normal/Others","WS/MP171/2026-2027/287871-Construction of roads, link roads, pathways or any other road with or without drainage system","Telangana","KHAMMAM(DISTRICT COLLECTOR KHAMMAM_IDA)","Shri Ravi Chandra Vaddiraju (2024-30) (2024-2030)","Elected MP","Laying of CC Road from Devishetti Krishna(H) to Devineni Sathyanarayana(H) in Ward No.1, Madhira Municipality, Khamma Dist.","22-Jun-2026","27-Aug-2026","498000","Sanction"
"432","Normal/Others","WS/MP171/2026-2027/287872-Construction of roads, link roads, pathways or any other road with or without drainage system","Telangana","KHAMMAM(DISTRICT COLLECTOR KHAMMAM_IDA)","Shri Ravi Chandra Vaddiraju (2024-30) (2024-2030)","Elected MP","Laying of CC Road from Shakamudi Ravi(H) to Shakamudi Panchanadha(H) at Ward No.1, Deshinenipalem(V), Madhira(M), Khammam Dist.","22-Jun-2026","25-Aug-2026","200000","Sanction"
"433","Normal/Others","WS/MP171/2026-2027/287873-Construction of roads, link roads, pathways or any other road with or without drainage system","Telangana","KHAMMAM(DISTRICT COLLECTOR KHAMMAM_IDA)","Shri Ravi Chandra Vaddiraju (2024-30) (2024-2030)","Elected MP","Laying of CC Road from Kanaparthi Charles(H) to Jangam Elamanda(H) at Ward No.3, 8, Mahadevapuram(V), Madhira(M), Khammam Dist.","22-Jun-2026","25-Aug-2026","498000","Sanction"
"434","Normal/Others","WS/MP171/2026-2027/287892-Construction of roads, link roads, pathways or any other road with or without drainage system","Telangana","PEDDAPALLI(District Collector Peddapally_IDA)","Shri Ravi Chandra Vaddiraju (2024-30) (2024-2030)","Elected MP","Laying of CC Road near Attepalli Srinivas(H), Vegolapu Rammurthy(H) and Gupala Swamy(H) at Mancherami(V), Sulthanabad(M), Peddapalli Dist","22-Jun-2026","24-Aug-2026","498000","Sanction"
"435","Normal/Others","WS/MP171/2026-2027/287893-Construction of roads, link roads, pathways or any other road with or without drainage system","Telangana","PEDDAPALLI(District Collector Peddapally_IDA)","Shri Ravi Chandra Vaddiraju (2024-30) (2024-2030)","Elected MP","Laying of CC Road near Nangunuri Kankaya(H), Polam Kumar(H) and Gopireddy Bhumesh(H) at Mancherami(V), Sulthanabad(M), Peddapalli Dist.","22-Jun-2026","24-Aug-2026","498000","Sanction"
"436","Normal/Others","WS/MP846/2024-2025/122752-Construction of culverts and bridges","Telangana","Jagitial(DISTRICT COLLECTOR JAGTIAL_IDA)","Shri Damodar Rao Divakonda (2022-28) (2022-2028)","Elected MP","C/o Culvert at Muddapally (v) Pegadapally (m) in Jagtial Dist","09-Jul-2024","23-Sep-2024","1000000","Vendor Identification"
"437","Normal/Others","WS/MP846/2024-2025/122827-Construction of culverts and bridges","Telangana","Jagitial(DISTRICT COLLECTOR JAGTIAL_IDA)","Shri Damodar Rao Divakonda (2022-28) (2022-2028)","Elected MP","F/o Road & Culvert Narsaiapally (v) Dharmapuri (m) inJagitial Dist","09-Jul-2024","24-Sep-2024","300000","Sanction"
"438","Normal/Others","WS/MP846/2024-2025/122859-Construction of culverts and bridges","Telangana","PEDDAPALLI(District Collector Peddapally_IDA)","Shri Damodar Rao Divakonda (2022-28) (2022-2028)","Elected MP","Formation and Culverts Road from Agaiah fields to Mallial road at Arepally (v) Srirampur (m)","09-Jul-2024","29-Aug-2024","462499","Physical Inspection"
"439","Normal/Others","WS/MP846/2024-2025/136900-Construction of culverts and bridges","Telangana","Jagitial(DISTRICT COLLECTOR JAGTIAL_IDA)","Shri Damodar Rao Divakonda (2022-28) (2022-2028)","Elected MP","C/o Culvert at Rythu vedika in Ailapur(v) Korutla (m).","28-Aug-2024","26-Sep-2024","300000","Sanction"
"440","Normal/Others","WS/MP846/2024-2025/136908-Construction of culverts and bridges","Telangana","Jagitial(DISTRICT COLLECTOR JAGTIAL_IDA)","Shri Damodar Rao Divakonda (2022-28) (2022-2028)","Elected MP","C/ o culvert smashana vatika road in Bandalingapur (v), Metpally (m).","28-Aug-2024","23-Sep-2024","500000","Sanction"
"441","Normal/Others","WS/MP846/2025-2026/148684-Construction of culverts and bridges","Telangana","WARANGAL(District Collector Warangal_IDA)","Shri Damodar Rao Divakonda (2022-28) (2022-2028)","Elected MP","C/o Pipe Culverts on R/F at Aregudem BT Road to Lalma Thanda in  Aregudem(V), Rayaparthy(M) Warangal Dist","23-Oct-2024","12-Jan-2026","500000","Work Completed"
"442","Normal/Others","WS/MP846/2025-2026/193037-Construction of culverts and bridges","Telangana","PEDDAPALLI(District Collector Peddapally_IDA)","Shri Damodar Rao Divakonda (2022-28) (2022-2028)","Elected MP","Formation of Request For R and B road to Culvert at Narsingapur Village, Dharmaram","26-Apr-2025","16-Sep-2025","1000000","Sanction"
"443","Normal/Others","WS/MP846/2025-2026/193224-Construction of culverts and bridges","Telangana","PEDDAPALLI(District Collector Peddapally_IDA)","Shri Damodar Rao Divakonda (2022-28) (2022-2028)","Elected MP","Formation of Request for Baddam Madhusudhan Reddy Fields to Gunda Mahipal Reddy Fields at Narsingapur Village Dharmaram Mandal.","26-Apr-2025","16-Sep-2025","1000000","Sanction"
"444","Normal/Others","WS/MP846/2025-2026/193263-Construction of culverts and bridges","Telangana","PEDDAPALLI(District Collector Peddapally_IDA)","Shri Damodar Rao Divakonda (2022-28) (2022-2028)","Elected MP","Formation of Request for to Gunda Mahipal Reddy Fields to Surakanti Malla Reddy Fields at Narsingapur Village Dharmaram Mandal.","26-Apr-2025","16-Sep-2025","1000000","Sanction"
"445","Normal/Others","WS/MP846/2025-2026/193271-Construction of culverts and bridges","Telangana","PEDDAPALLI(District Collector Peddapally_IDA)","Shri Damodar Rao Divakonda (2022-28) (2022-2028)","Elected MP","Formation of Request for Surakanti Malla Reddy Fields to Chinna Gandi at Narsingapur Village Dharmaram Mandal","26-Apr-2025","16-Sep-2025","1000000","Sanction"
"446","Normal/Others","WS/MP18374/2025-2026/218017-Construction of culverts and bridges","Telangana","NALGONDA(DISTRICT COLLECTOR NALGONDA)","Shri Anil Kumar Yadav Mandadi (2024-30) (2024-2030)","Elected MP","Construction of Retaining wall to Madelaiah Teample Bit-I in Kandukur (V) of Gundlapally(M) Nalgonda Dist","14-Jul-2025","03-Sep-2025","500000","Work Completed"
"447","Normal/Others","WS/MP846/2026-2027/193013- Providing sports equipment, except consumable items","Telangana","HYDERABAD(DISTRICT COLLECTOR HYDERABAD_IDA)","Shri Damodar Rao Divakonda (2022-28) (2022-2028)","Elected MP","Upgrading training facilities and equipment, Developing Modern accommodation for visiting athletes.,Enhancing Conference rooms for workshops and strategy discussion, and Providing improved access and amenities for para-athletes.","22-Apr-2025","04-Jul-2026","1500000","Vendor Identification"
"448","Repair and Renovation","WS/MP171/2026-2027/197845-Construction of buildings for sports facilities","Telangana","HYDERABAD(DISTRICT COLLECTOR HYDERABAD_IDA)","Shri Ravi Chandra Vaddiraju (2024-30) (2024-2030)","Elected MP","Renovation of building for Sports Facilities At Olympic Association Bhavan in LB Stadium, Bhasheerbagh, Hyderabad.","08-May-2025","01-Jul-2026","1500000","Vendor Identification"
"449","Normal/Others","WS/MP846/2024-2025/136891-Construction of buildings for multi-gym","Telangana","Jagitial(DISTRICT COLLECTOR JAGTIAL_IDA)","Shri Damodar Rao Divakonda (2022-28) (2022-2028)","Elected MP","C/o Open gym in Gundampalli(v), Mallapur (m).","28-Aug-2024","25-Sep-2024","496450","Physical Inspection"
"450","Normal/Others","WS/MP171/2024-2025/148185-Installation of fixed garden gym equipment","Telangana","YADADRI BHUVANAGIRI(DISTRICT COLLECTOR YADADRI BHUVANAGIRI_IDA)","Shri Ravi Chandra Vaddiraju (2024-30) (2024-2030)","Elected MP","013	Installation of Fixed Garden Gym Equipment at Redlarepaka(V), Valigonda(M), Yadadri Bhongir District.","18-Oct-2024","24-Dec-2024","499000","Work Completed"
"451","Normal/Others","WS/MP171/2026-2027/150603-Installation of fixed garden gym equipment","Telangana","MAHABUBABAD(DISTRICT COLLECTOR MAHABUBABAD_IDA)","Shri Ravi Chandra Vaddiraju (2024-30) (2024-2030)","Elected MP","at Ward No.7, Kesamudram station (V) Kesamudram (M), Mahabubabad District.","04-Nov-2024","27-Jul-2026","1000000","Physical Inspection"
"452","Normal/Others","WS/MP846/2026-2027/116360-Development of public parks","Telangana","Jagitial(DISTRICT COLLECTOR JAGTIAL_IDA)","Shri Damodar Rao Divakonda (2022-28) (2022-2028)","Elected MP","Balance work of Amaraveerula Sthupam and Park, jagitial town","28-Feb-2024","20-Jul-2026","1000000","Sanction"
"453","Normal/Others","WS/MP846/2024-2025/122704-Development of public parks","Telangana","Jagitial(DISTRICT COLLECTOR JAGTIAL_IDA)","Shri Damodar Rao Divakonda (2022-28) (2022-2028)","Elected MP","Providing Multi Level Parking Near Venkateswara Temple in Ambaripet in Jagtial Urban Mandal in Jagtial Dist","09-Jul-2024","05-Sep-2024","4000000","Work Completed"
"454","Normal/Others","WS/MP846/2024-2025/142696-Development of public parks","Telangana","Jagitial(DISTRICT COLLECTOR JAGTIAL_IDA)","Shri Damodar Rao Divakonda (2022-28) (2022-2028)","Elected MP","Balance works of providing Multi Level Car parking Near Venkateshwara Temple in Ambaripet (v) Jagtial urban Mandal in Jagtial Dist","23-Sep-2024","18-Oct-2024","4557003","Physical Inspection"
"455","Normal/Others","WS/MP846/2024-2025/133990-Lighting of public spaces","Telangana","NAGARKURNOOL(DISTRICT COLLECTOR NAGARKURNOOL_IDA)","Shri Damodar Rao Divakonda (2022-28) (2022-2028)","Elected MP","Providing Highmast Lights Near Milk Booth Center in Ramreddypally (v) of Urkonda(m).","23-Jul-2024","13-Aug-2024","196489","Physical Inspection"
"456","Normal/Others","WS/MP846/2024-2025/133991-Lighting of public spaces","Telangana","NAGARKURNOOL(DISTRICT COLLECTOR NAGARKURNOOL_IDA)","Shri Damodar Rao Divakonda (2022-28) (2022-2028)","Elected MP","Providing Highmast Lights Near Ambedkar Statue in Ramreddypally (v) of Urkonda(m).","23-Jul-2024","13-Aug-2024","196488","Physical Inspection"
"457","Normal/Others","WS/MP846/2024-2025/133992-Lighting of public spaces","Telangana","NAGARKURNOOL(DISTRICT COLLECTOR NAGARKURNOOL_IDA)","Shri Damodar Rao Divakonda (2022-28) (2022-2028)","Elected MP","Providing Highmast Lights Near Anjaneya Swamy Temple Jagaboinpally(V) of Urkonda(M). Nagarkurnool Dist.","23-Jul-2024","13-Aug-2024","196489","Physical Inspection"
"458","Normal/Others","WS/MP846/2024-2025/133993-Lighting of public spaces","Telangana","NAGARKURNOOL(DISTRICT COLLECTOR NAGARKURNOOL_IDA)","Shri Damodar Rao Divakonda (2022-28) (2022-2028)","Elected MP","Providing Highmast Lights Near Old Grampanchayat Building, Jagboinpally(V) of Urkonda Mandal.Nagarkurnool Dist","23-Jul-2024","13-Aug-2024","196488","Physical Inspection"
"459","Normal/Others","WS/MP846/2024-2025/136898-Lighting of public spaces","Telangana","Jagitial(DISTRICT COLLECTOR JAGTIAL_IDA)","Shri Damodar Rao Divakonda (2022-28) (2022-2028)","Elected MP","Erection of Hymass Light at SC Colony in New Damrajpalli (v) Mallapur (m).","28-Aug-2024","23-Sep-2024","149899","Physical Inspection"
"460","Normal/Others","WS/MP171/2025-2026/145681-Lighting of public spaces","Telangana","MAHABUBABAD(DISTRICT COLLECTOR MAHABUBABAD_IDA)","Shri Ravi Chandra Vaddiraju (2024-30) (2024-2030)","Elected MP","Providing LED Himast Lights near Mandapam at 9th Ward, Gundepudi(V), Maripeda(M)","05-Oct-2024","12-Sep-2025","175000","Work Completed"
"461","Normal/Others","WS/MP171/2025-2026/145682-Lighting of public spaces","Telangana","MAHABUBABAD(DISTRICT COLLECTOR MAHABUBABAD_IDA)","Shri Ravi Chandra Vaddiraju (2024-30) (2024-2030)","Elected MP","Providing LED Himast Lights near Mandapam at 4th Ward, Gundepudi(V), Maripeda(M)","05-Oct-2024","12-Sep-2025","175000","Work Completed"
"462","Normal/Others","WS/MP171/2025-2026/145683-Lighting of public spaces","Telangana","MAHABUBABAD(DISTRICT COLLECTOR MAHABUBABAD_IDA)","Shri Ravi Chandra Vaddiraju (2024-30) (2024-2030)","Elected MP","Providing LED Himast Lights at 5th Ward,  Giripuram(V), Maripeda(M)","05-Oct-2024","12-Sep-2025","175000","Work Completed"
"463","Normal/Others","WS/MP171/2025-2026/145684-Lighting of public spaces","Telangana","MAHABUBABAD(DISTRICT COLLECTOR MAHABUBABAD_IDA)","Shri Ravi Chandra Vaddiraju (2024-30) (2024-2030)","Elected MP","Providing LED Himast Lights at 7th Ward, Giripuram(V), Maripeda(M)","05-Oct-2024","12-Sep-2025","175000","Work Completed"
"464","Normal/Others","WS/MP171/2025-2026/145685-Lighting of public spaces","Telangana","MAHABUBABAD(DISTRICT COLLECTOR MAHABUBABAD_IDA)","Shri Ravi Chandra Vaddiraju (2024-30) (2024-2030)","Elected MP","Providing LED Himast Lights at 1st Ward, Anepuram(V), Maripeda(M)","05-Oct-2024","12-Sep-2025","175000","Work Completed"
"465","Normal/Others","WS/MP171/2025-2026/145686-Lighting of public spaces","Telangana","MAHABUBABAD(DISTRICT COLLECTOR MAHABUBABAD_IDA)","Shri Ravi Chandra Vaddiraju (2024-30) (2024-2030)","Elected MP","Providing LED Himast Lights at 3rd Ward, Anepuram(V), Maripeda(M)","05-Oct-2024","12-Sep-2025","175000","Work Completed"
"466","Normal/Others","WS/MP171/2025-2026/145687-Lighting of public spaces","Telangana","MAHABUBABAD(DISTRICT COLLECTOR MAHABUBABAD_IDA)","Shri Ravi Chandra Vaddiraju (2024-30) (2024-2030)","Elected MP","Providing LED Himast Lights at 1st Ward, Venkat Naik Thanda(V), Maripeda(M)","05-Oct-2024","12-Sep-2025","175000","Work Completed"
"467","Normal/Others","WS/MP171/2025-2026/145688-Lighting of public spaces","Telangana","MAHABUBABAD(DISTRICT COLLECTOR MAHABUBABAD_IDA)","Shri Ravi Chandra Vaddiraju (2024-30) (2024-2030)","Elected MP","Providing LED Himast Lights at 5th Ward, Venkat Naik Thanda(V), Maripeda(M)","05-Oct-2024","12-Sep-2025","175000","Work Completed"
"468","Normal/Others","WS/MP171/2025-2026/145689-Lighting of public spaces","Telangana","MAHABUBABAD(DISTRICT COLLECTOR MAHABUBABAD_IDA)","Shri Ravi Chandra Vaddiraju (2024-30) (2024-2030)","Elected MP","Providing LED Himast Lights at 2nd Ward, Venkat Naik Thanda(V), Maripeda(M)","05-Oct-2024","12-Sep-2025","175000","Work Completed"
"469","Normal/Others","WS/MP171/2025-2026/145690-Lighting of public spaces","Telangana","MAHABUBABAD(DISTRICT COLLECTOR MAHABUBABAD_IDA)","Shri Ravi Chandra Vaddiraju (2024-30) (2024-2030)","Elected MP","Providing LED Himast Lights at 7th Ward, Venkat Naik Thanda(V), Maripeda(M)","05-Oct-2024","12-Sep-2025","175000","Work Completed"
"470","Normal/Others","WS/MP171/2025-2026/145691-Lighting of public spaces","Telangana","MAHABUBABAD(DISTRICT COLLECTOR MAHABUBABAD_IDA)","Shri Ravi Chandra Vaddiraju (2024-30) (2024-2030)","Elected MP","Providing LED Himast Lights at 7th Ward, Uggampally(V), Chinnagudur(M)","05-Oct-2024","12-Sep-2025","175000","Work Completed"
"471","Normal/Others","WS/MP171/2025-2026/145692-Lighting of public spaces","Telangana","MAHABUBABAD(DISTRICT COLLECTOR MAHABUBABAD_IDA)","Shri Ravi Chandra Vaddiraju (2024-30) (2024-2030)","Elected MP","Providing LED Himast Lights at 7th Ward, Uggampally(V), Chinnagudur(M)","05-Oct-2024","12-Sep-2025","175000","Work Completed"
"472","Normal/Others","WS/MP171/2024-2025/147159-Lighting of public spaces","Telangana","ADILABAD(DISTRICT COLLECTOR ADILABAD_IDA)","Shri Ravi Chandra Vaddiraju (2024-30) (2024-2030)","Elected MP","Erection of LED High mast lights near Hanuman Temple at  Tejapur(V), Neradigonda(M)","14-Oct-2024","18-Feb-2025","150000","Work partially Completed"
"473","Normal/Others","WS/MP171/2024-2025/147160-Lighting of public spaces","Telangana","ADILABAD(DISTRICT COLLECTOR ADILABAD_IDA)","Shri Ravi Chandra Vaddiraju (2024-30) (2024-2030)","Elected MP","Erection of LED High mast light in DevulaThanda,  Rolmamada (V), Neradigonda(M)","14-Oct-2024","18-Feb-2025","150000","Work partially Completed"
"474","Normal/Others","WS/MP171/2024-2025/147161-Lighting of public spaces","Telangana","ADILABAD(DISTRICT COLLECTOR ADILABAD_IDA)","Shri Ravi Chandra Vaddiraju (2024-30) (2024-2030)","Elected MP","Erection of LED High mast lights near Gandhi Chowk in   Neradigonda (V),and (M)","14-Oct-2024","18-Feb-2025","150000","Work partially Completed"
"475","Normal/Others","WS/MP171/2024-2025/147162-Lighting of public spaces","Telangana","ADILABAD(DISTRICT COLLECTOR ADILABAD_IDA)","Shri Ravi Chandra Vaddiraju (2024-30) (2024-2030)","Elected MP","Erection of LED High mast lights in Kistapur  (V), Neradigonda(M)","14-Oct-2024","18-Feb-2025","150000","Work partially Completed"
"476","Normal/Others","WS/MP171/2024-2025/147163-Lighting of public spaces","Telangana","ADILABAD(DISTRICT COLLECTOR ADILABAD_IDA)","Shri Ravi Chandra Vaddiraju (2024-30) (2024-2030)","Elected MP","Erection of LED High mast lights in Buddikonda  (V), Neradigonda(M)","14-Oct-2024","18-Feb-2025","150000","Work partially Completed"
"477","Normal/Others","WS/MP171/2025-2026/147164-Lighting of public spaces","Telangana","ADILABAD(DISTRICT COLLECTOR ADILABAD_IDA)","Shri Ravi Chandra Vaddiraju (2024-30) (2024-2030)","Elected MP","Erection of LED High mast lights in Keshavapatnam  (V), Ichoda )M)","14-Oct-2024","03-May-2025","150000","Work Completed"
"478","Normal/Others","WS/MP171/2024-2025/147165-Lighting of public spaces","Telangana","ADILABAD(DISTRICT COLLECTOR ADILABAD_IDA)","Shri Ravi Chandra Vaddiraju (2024-30) (2024-2030)","Elected MP","Erection of LED High mast lights in Venkatapur (V), Neradigonda(M)","14-Oct-2024","18-Feb-2025","150000","Work partially Completed"
"479","Normal/Others","WS/MP171/2024-2025/147166-Lighting of public spaces","Telangana","ADILABAD(DISTRICT COLLECTOR ADILABAD_IDA)","Shri Ravi Chandra Vaddiraju (2024-30) (2024-2030)","Elected MP","Erection of LED High mast lights in Chinnabuggaram (V), Neradigonda mandal","14-Oct-2024","18-Feb-2025","150000","Work partially Completed"
"480","Normal/Others","WS/MP171/2024-2025/147167-Lighting of public spaces","Telangana","ADILABAD(DISTRICT COLLECTOR ADILABAD_IDA)","Shri Ravi Chandra Vaddiraju (2024-30) (2024-2030)","Elected MP","Erection of LED High mast lights in Nandyanaik thanda (V), Neradigonda(M)","14-Oct-2024","18-Feb-2025","150000","Work partially Completed"
"481","Normal/Others","WS/MP171/2024-2025/147168-Lighting of public spaces","Telangana","ADILABAD(DISTRICT COLLECTOR ADILABAD_IDA)","Shri Ravi Chandra Vaddiraju (2024-30) (2024-2030)","Elected MP","Erection of LED High mast lights in Dhannur (V), Neradigonda(M)","14-Oct-2024","18-Feb-2025","150000","Work partially Completed"
"482","Normal/Others","WS/MP171/2024-2025/147169-Lighting of public spaces","Telangana","ADILABAD(DISTRICT COLLECTOR ADILABAD_IDA)","Shri Ravi Chandra Vaddiraju (2024-30) (2024-2030)","Elected MP","Erection of LED High mast lights in Wagdhari (V), Neradigonda(M)","14-Oct-2024","18-Feb-2025","150000","Work partially Completed"
"483","Normal/Others","WS/MP171/2024-2025/147170-Lighting of public spaces","Telangana","ADILABAD(DISTRICT COLLECTOR ADILABAD_IDA)","Shri Ravi Chandra Vaddiraju (2024-30) (2024-2030)","Elected MP","Erection of LED High mast lights in Tharnam B (V), Neradigonda(M)","14-Oct-2024","18-Feb-2025","150000","Work partially Completed"
"484","Normal/Others","WS/MP171/2024-2025/147171-Lighting of public spaces","Telangana","ADILABAD(DISTRICT COLLECTOR ADILABAD_IDA)","Shri Ravi Chandra Vaddiraju (2024-30) (2024-2030)","Elected MP","Erection of LED High mast lights in Shankarapur (V), Neradigonda(M)","14-Oct-2024","18-Feb-2025","150000","Work partially Completed"
"485","Normal/Others","WS/MP171/2024-2025/147172-Lighting of public spaces","Telangana","ADILABAD(DISTRICT COLLECTOR ADILABAD_IDA)","Shri Ravi Chandra Vaddiraju (2024-30) (2024-2030)","Elected MP","Erection of LED Three High mast lights in Boregaon(V), Neradigonda mandal","14-Oct-2024","18-Feb-2025","150000","Work partially Completed"
"486","Normal/Others","WS/MP171/2024-2025/147173-Lighting of public spaces","Telangana","ADILABAD(DISTRICT COLLECTOR ADILABAD_IDA)","Shri Ravi Chandra Vaddiraju (2024-30) (2024-2030)","Elected MP","Erection of LED one High mast lights in Dhannur D(V), Neradigonda(M)","14-Oct-2024","18-Feb-2025","150000","Work partially Completed"
"487","Normal/Others","WS/MP171/2024-2025/147174-Lighting of public spaces","Telangana","ADILABAD(DISTRICT COLLECTOR ADILABAD_IDA)","Shri Ravi Chandra Vaddiraju (2024-30) (2024-2030)","Elected MP","Erection of LED One High mast lights in Patpati thanda (V),  Neradigonda(M)","14-Oct-2024","18-Feb-2025","150000","Work partially Completed"
"488","Normal/Others","WS/MP171/2024-2025/147175-Lighting of public spaces","Telangana","ADILABAD(DISTRICT COLLECTOR ADILABAD_IDA)","Shri Ravi Chandra Vaddiraju (2024-30) (2024-2030)","Elected MP","Erection of LED one High mast lights in Gambir thanda (V), Neradigonda(M)","14-Oct-2024","17-Feb-2025","150000","Work partially Completed"
"489","Normal/Others","WS/MP171/2024-2025/147176-Lighting of public spaces","Telangana","ADILABAD(DISTRICT COLLECTOR ADILABAD_IDA)","Shri Ravi Chandra Vaddiraju (2024-30) (2024-2030)","Elected MP","Erection of LED one High mast lights in Bhavani thanda (V), Neradigonda(M)","14-Oct-2024","18-Feb-2025","150000","Work partially Completed"
"490","Normal/Others","WS/MP171/2024-2025/147177-Lighting of public spaces","Telangana","ADILABAD(DISTRICT COLLECTOR ADILABAD_IDA)","Shri Ravi Chandra Vaddiraju (2024-30) (2024-2030)","Elected MP","Erection of LED High mast lights near High School in Tejapur(V), Neradigonda(M)","14-Oct-2024","18-Feb-2025","150000","Work partially Completed"
"491","Normal/Others","WS/MP171/2024-2025/147178-Lighting of public spaces","Telangana","ADILABAD(DISTRICT COLLECTOR ADILABAD_IDA)","Shri Ravi Chandra Vaddiraju (2024-30) (2024-2030)","Elected MP","Erection of LED High mast lights near KGBV Hostel in Koratical (V), Neradigonda(M)","14-Oct-2024","18-Feb-2025","150000","Work partially Completed"
"492","Normal/Others","WS/MP846/2024-2025/151560-Lighting of public spaces","Telangana","WANAPARTHY(DISTRICT COLLECTOR WANAPARTHY_IDA)","Shri Damodar Rao Divakonda (2022-28) (2022-2028)","Elected MP","Providing of High Mast Light (2.Nos) Near  Sevalal Temple and  Lakya House, Amudambanda Thanda in Shapur Gram Panchayat, Ghanpur Mandal, Wanaparthy Dist.","12-Nov-2024","20-Nov-2024","400000","Vendor Identification"
"493","Normal/Others","WS/MP846/2024-2025/151561-Lighting of public spaces","Telangana","WANAPARTHY(DISTRICT COLLECTOR WANAPARTHY_IDA)","Shri Damodar Rao Divakonda (2022-28) (2022-2028)","Elected MP","Providing of High Mast Light (2.Nos) Near  Sevalal Temple and Gopal House, Venki Thanda in Mamidimada Gram Panchayat, Ghanpur Mandal, Wanaparthy Dist","12-Nov-2024","20-Nov-2024","400000","Vendor Identification"
"494","Normal/Others","WS/MP846/2024-2025/151563-Lighting of public spaces","Telangana","WANAPARTHY(DISTRICT COLLECTOR WANAPARTHY_IDA)","Shri Damodar Rao Divakonda (2022-28) (2022-2028)","Elected MP","Providing of High Mast Light (1.Nos) Near  Bichya House, MeedibaiThandain Mamidimada Gram Panchayat,Ghanpur Mandal, Wanaparthy Dist.","12-Nov-2024","20-Nov-2024","200000","Vendor Identification"
"495","Normal/Others","WS/MP846/2024-2025/151564-Lighting of public spaces","Telangana","WANAPARTHY(DISTRICT COLLECTOR WANAPARTHY_IDA)","Shri Damodar Rao Divakonda (2022-28) (2022-2028)","Elected MP","Providing of High Mast Light (1.Nos) Near  Devya House, BakkaThandain Mamidimada Gram Panchayat, Ghanpur Mandal, Wanaparthy Dist.","12-Nov-2024","20-Nov-2024","200000","Vendor Identification"
"496","Normal/Others","WS/MP846/2024-2025/151565-Lighting of public spaces","Telangana","WANAPARTHY(DISTRICT COLLECTOR WANAPARTHY_IDA)","Shri Damodar Rao Divakonda (2022-28) (2022-2028)","Elected MP","Providing of High Mast Light (2.Nos) Near  Tarya House and Sakru House, Mundari  Thandain Mamidimada Gram Panchayat, Ghanpur Mandal, Wanaparthy Dist.","12-Nov-2024","20-Nov-2024","400000","Vendor Identification"
"497","Normal/Others","WS/MP18374/2025-2026/175111-Lighting of public spaces","Telangana","MAHABUBNAGAR(DISTRICT COLLECTOR MAHABUBNAGAR_3)","Shri Anil Kumar Yadav Mandadi (2024-30) (2024-2030)","Elected MP","Providing LED Street Lights in Gudoor (Village) Chinna Chintha Kunta (Mandal) Mahabubnagar (Dist)","12-Feb-2025","03-Sep-2025","499001","Physical Inspection"
"498","Normal/Others","WS/MP171/2025-2026/195950-Lighting of public spaces","Telangana","JOGULAMBA GADWAL(DISTRICT COLLECTOR JOGULAMBA GADWAL_IDA)","Shri Ravi Chandra Vaddiraju (2024-30) (2024-2030)","Elected MP","Providing LED High-Mast Lights near Jogulamba Arch Gate, Alampur X Road at Pullur V Undavelli Mo, Jogulamba Gadwal District","02-May-2025","20-Aug-2025","175000","Work Completed"
"499","Normal/Others","WS/MP171/2025-2026/195951-Lighting of public spaces","Telangana","JOGULAMBA GADWAL(DISTRICT COLLECTOR JOGULAMBA GADWAL_IDA)","Shri Ravi Chandra Vaddiraju (2024-30) (2024-2030)","Elected MP","Providing LED High-Mast Lights near Jogulamba Railway Halt at Undavelli V AND M, Jogulamba Gadwal District","02-May-2025","20-Aug-2025","175000","Work Completed"
"500","Normal/Others","WS/MP171/2025-2026/195952-Lighting of public spaces","Telangana","JOGULAMBA GADWAL(DISTRICT COLLECTOR JOGULAMBA GADWAL_IDA)","Shri Ravi Chandra Vaddiraju (2024-30) (2024-2030)","Elected MP","Providing LED High-Mast Lights near Nandeeshwara Statue, X Road Budidapadu V, Undavelli MO, Jogulamba Gadwal District","02-May-2025","20-Aug-2025","175000","Work Completed"
"501","Normal/Others","WS/MP171/2025-2026/195953-Lighting of public spaces","Telangana","JOGULAMBA GADWAL(DISTRICT COLLECTOR JOGULAMBA GADWAL_IDA)","Shri Ravi Chandra Vaddiraju (2024-30) (2024-2030)","Elected MP","Providing LED High-Mast Lights near Anjaneya Swamy Temple Budidapadu V, Undavelli MO, Jogulamba Gadwal District","02-May-2025","20-Aug-2025","175000","Work Completed"
"502","Normal/Others","WS/MP171/2025-2026/195954-Lighting of public spaces","Telangana","JOGULAMBA GADWAL(DISTRICT COLLECTOR JOGULAMBA GADWAL_IDA)","Shri Ravi Chandra Vaddiraju (2024-30) (2024-2030)","Elected MP","Providing LED High-Mast Lights near Jammulamma Temple at Konair V, Alampur M, Jogulamba Gadwal District","02-May-2025","20-Aug-2025","175000","Work Completed"
"503","Normal/Others","WS/MP171/2025-2026/195955-Lighting of public spaces","Telangana","JOGULAMBA GADWAL(DISTRICT COLLECTOR JOGULAMBA GADWAL_IDA)","Shri Ravi Chandra Vaddiraju (2024-30) (2024-2030)","Elected MP","Providing LED High-Mast Lights near Ramalayam at Yapaldevipad, Bhimavaram V, Alampur M, Jogulamba Gadwal District","02-May-2025","20-Aug-2025","175000","Work Completed"
"504","Normal/Others","WS/MP171/2025-2026/195956-Lighting of public spaces","Telangana","JOGULAMBA GADWAL(DISTRICT COLLECTOR JOGULAMBA GADWAL_IDA)","Shri Ravi Chandra Vaddiraju (2024-30) (2024-2030)","Elected MP","Providing LED High-Mast Lights near Anjaneyaswamy Temple, Bhimavaram(V), Alampur(M), Jogulamba Gadwal District","02-May-2025","20-Aug-2025","175000","Work Completed"
"505","Normal/Others","WS/MP171/2025-2026/195957-Lighting of public spaces","Telangana","JOGULAMBA GADWAL(DISTRICT COLLECTOR JOGULAMBA GADWAL_IDA)","Shri Ravi Chandra Vaddiraju (2024-30) (2024-2030)","Elected MP","Providing LED High-Mast Lights in SC Colony Yapaldevpad, Bhimavaram V, Alampur M, Jogulamba Gadwal District","02-May-2025","20-Aug-2025","175000","Work Completed"
"506","Normal/Others","WS/MP171/2025-2026/195958-Lighting of public spaces","Telangana","JOGULAMBA GADWAL(DISTRICT COLLECTOR JOGULAMBA GADWAL_IDA)","Shri Ravi Chandra Vaddiraju (2024-30) (2024-2030)","Elected MP","Providing LED High-Mast Lights near Shivanjaneyaswamy Temple(East Side), Vavilala V, Itikyal M, Jogulamba Gadwal District","02-May-2025","20-Aug-2025","175000","Work Completed"
"507","Normal/Others","WS/MP171/2025-2026/195959-Lighting of public spaces","Telangana","JOGULAMBA GADWAL(DISTRICT COLLECTOR JOGULAMBA GADWAL_IDA)","Shri Ravi Chandra Vaddiraju (2024-30) (2024-2030)","Elected MP","Providing LED High-Mast Lights Beside Shivanjaneyaswamy Temple South Side, Vavilala V, Itikyal M, Jogulamba Gadwal District","02-May-2025","20-Aug-2025","175000","Work Completed"
"508","Normal/Others","WS/MP171/2025-2026/195960-Lighting of public spaces","Telangana","JOGULAMBA GADWAL(DISTRICT COLLECTOR JOGULAMBA GADWAL_IDA)","Shri Ravi Chandra Vaddiraju (2024-30) (2024-2030)","Elected MP","Providing LED High-Mast Lights near Yoga Narasimha Swamy Temple at Alampur, Jogulamba Gadwal District","02-May-2025","20-Aug-2025","175000","Work Completed"
"509","Normal/Others","WS/MP171/2025-2026/195961-Lighting of public spaces","Telangana","JOGULAMBA GADWAL(DISTRICT COLLECTOR JOGULAMBA GADWAL_IDA)","Shri Ravi Chandra Vaddiraju (2024-30) (2024-2030)","Elected MP","Providing LED High-Mast Lights near Suryanarayana Swamy Temple at Alampur, Jogulamba Gadwal District","02-May-2025","01-Aug-2025","175000","Work Completed"
"510","Normal/Others","WS/MP171/2025-2026/195962-Lighting of public spaces","Telangana","JOGULAMBA GADWAL(DISTRICT COLLECTOR JOGULAMBA GADWAL_IDA)","Shri Ravi Chandra Vaddiraju (2024-30) (2024-2030)","Elected MP","Providing LED High-Mast Lights West Side of Parking Area(South West Corner) of Balabrahmeshwara Swamy Temple at  Alampur, Jogulamba Gadwal District","02-May-2025","01-Aug-2025","175000","Work Completed"
"511","Normal/Others","WS/MP171/2025-2026/195963-Lighting of public spaces","Telangana","JOGULAMBA GADWAL(DISTRICT COLLECTOR JOGULAMBA GADWAL_IDA)","Shri Ravi Chandra Vaddiraju (2024-30) (2024-2030)","Elected MP","Providing LED High-Mast Lights West Side of Parking Area(North West Corner) of Balabrahmeshwara Swamy Temple at  Alampur, Jogulamba Gadwal District","02-May-2025","01-Aug-2025","175000","Work Completed"
"512","Normal/Others","WS/MP171/2025-2026/195964-Lighting of public spaces","Telangana","JOGULAMBA GADWAL(DISTRICT COLLECTOR JOGULAMBA GADWAL_IDA)","Shri Ravi Chandra Vaddiraju (2024-30) (2024-2030)","Elected MP","Providing LED High-Mast Lights near Goshala in front of Balabrahmeshwara Swamy Temple at  Alampur, Jogulamba Gadwal District","02-May-2025","20-Aug-2025","175000","Work Completed"
"513","Normal/Others","WS/MP171/2025-2026/207714-Lighting of public spaces","Telangana","YADADRI BHUVANAGIRI(DISTRICT COLLECTOR YADADRI BHUVANAGIRI_IDA)","Shri Ravi Chandra Vaddiraju (2024-30) (2024-2030)","Elected MP","Providing LED Street Lights 45 watts at Redlarepaka(V), Valigonda(M), Yadadri Bhongir District.","10-Jun-2025","22-Jul-2025","200000","Work Completed"
"514","Normal/Others","WS/MP171/2025-2026/216443-Lighting of public spaces","Telangana","WANAPARTHY(DISTRICT COLLECTOR WANAPARTHY_IDA)","Shri Ravi Chandra Vaddiraju (2024-30) (2024-2030)","Elected MP","Providing High Mast Lights","09-Jul-2025","16-Jul-2025","399697","Physical Inspection"
"515","Normal/Others","WS/MP171/2025-2026/216444-Lighting of public spaces","Telangana","WANAPARTHY(DISTRICT COLLECTOR WANAPARTHY_IDA)","Shri Ravi Chandra Vaddiraju (2024-30) (2024-2030)","Elected MP","Providing High Mast Lights","09-Jul-2025","16-Jul-2025","399697","Physical Inspection"
"516","Normal/Others","WS/MP171/2025-2026/216445-Lighting of public spaces","Telangana","WANAPARTHY(DISTRICT COLLECTOR WANAPARTHY_IDA)","Shri Ravi Chandra Vaddiraju (2024-30) (2024-2030)","Elected MP","Providing High Mast Lights","09-Jul-2025","16-Jul-2025","199849","Physical Inspection"
"517","Normal/Others","WS/MP18381/2026-2027/261127-Lighting of public spaces","Telangana","KHAMMAM(DISTRICT COLLECTOR KHAMMAM_IDA)","Smt. Renuka Chowdhury (2024-30) (2024-2030)","Elected MP","Provide of LED lights at Illuru Village, Madhira Mandal, Khammam District, Telangana","23-Jan-2026","18-Jun-2026","400000","Sanction"
"518","Normal/Others","WS/MP18381/2026-2027/261281-Lighting of public spaces","Telangana","KHAMMAM(DISTRICT COLLECTOR KHAMMAM_IDA)","Smt. Renuka Chowdhury (2024-30) (2024-2030)","Elected MP","Installation of LED lights in Kotha Thanda village, Thirumalayapalem Mandal, Khammam district, Telangana","23-Jan-2026","19-Aug-2026","400000","Sanction"
"519","Normal/Others","WS/MP18381/2026-2027/261587-Lighting of public spaces","Telangana","KHAMMAM(DISTRICT COLLECTOR KHAMMAM_IDA)","Smt. Renuka Chowdhury (2024-30) (2024-2030)","Elected MP","Installation of LED Lights in Patha Thanda, ST Colony at Manchukonda Village, Raghunadhapalem Mandal, Khammam District, Telangana","24-Jan-2026","26-May-2026","500000","Sanction"
"520","Normal/Others","WS/MP18381/2026-2027/261589-Lighting of public spaces","Telangana","KHAMMAM(DISTRICT COLLECTOR KHAMMAM_IDA)","Smt. Renuka Chowdhury (2024-30) (2024-2030)","Elected MP","Installation of LED lights in B.C. Colony, Manchukonda village, Raghunadhapalem Mandal, Khammam District, Telangana","24-Jan-2026","26-May-2026","500000","Sanction"
"521","Normal/Others","WS/MP18381/2026-2027/261592-Lighting of public spaces","Telangana","KHAMMAM(DISTRICT COLLECTOR KHAMMAM_IDA)","Smt. Renuka Chowdhury (2024-30) (2024-2030)","Elected MP","Installation of LED lights in Keshavapuram Thanda, Kusumanchi Mandal, Khammam District, Telangana","24-Jan-2026","26-May-2026","500000","Sanction"
"522","Normal/Others","WS/MP18381/2026-2027/261595-Lighting of public spaces","Telangana","KHAMMAM(DISTRICT COLLECTOR KHAMMAM_IDA)","Smt. Renuka Chowdhury (2024-30) (2024-2030)","Elected MP","Installation of LED lights in Keshavapuram village , Kusumanchi Mandal, Khammam District, Telangana","24-Jan-2026","26-May-2026","500000","Sanction"
"523","Normal/Others","WS/MP18381/2026-2027/270596-Lighting of public spaces","Telangana","NIZAMABAD(DISTRICT COLLECTOR NIZAMABAD_IDA)","Smt. Renuka Chowdhury (2024-30) (2024-2030)","Elected MP","Installation of THREE High Mast Lights near Somaiah house near Yarlagadda Rathnakumari Satyanarayana House and ZPHS High School at Tirmanpally village Kondur Post Nizambad Mandal and District Telangana","24-Feb-2026","18-Jun-2026","465000","Physical Inspection"
"524","Normal/Others","WS/MP18381/2026-2027/270603-Lighting of public spaces","Telangana","NIZAMABAD(DISTRICT COLLECTOR NIZAMABAD_IDA)","Smt. Renuka Chowdhury (2024-30) (2024-2030)","Elected MP","Installation of TWO High Mast Lights near Pochamma Colony and Sujatha Koteshwar Rao Plot Corner at Tirmanpalle village, Kondur Post, Nizambad Mandal and District, Telangana","24-Feb-2026","23-May-2026","310000","Physical Inspection"
"525","Normal/Others","WS/MP18381/2026-2027/270612-Lighting of public spaces","Telangana","NIZAMABAD(DISTRICT COLLECTOR NIZAMABAD_IDA)","Smt. Renuka Chowdhury (2024-30) (2024-2030)","Elected MP","Installation of TWO High Mast Lights near Henaral Function Hall and near Ambedkar Chowrastha at Srinagar village, Varni Mandal,Nizambad District, Telangana","24-Feb-2026","18-Jun-2026","310000","Sanction"
"526","Normal/Others","WS/MP18381/2026-2027/270620-Lighting of public spaces","Telangana","NIZAMABAD(DISTRICT COLLECTOR NIZAMABAD_IDA)","Smt. Renuka Chowdhury (2024-30) (2024-2030)","Elected MP","Installation of TWO High Mast Lights near Ramalayam Temple and near SC Community Hall at Srinagar Village, Varni Mandal, Nizambad District, Telangana","24-Feb-2026","18-Jun-2026","310000","Sanction"
"527","Normal/Others","WS/MP18381/2026-2027/272709-Lighting of public spaces","Telangana","NIZAMABAD(DISTRICT COLLECTOR NIZAMABAD_IDA)","Smt. Renuka Chowdhury (2024-30) (2024-2030)","Elected MP","Installation of 2 High Mast Lights near Ramalayam Temple and near Water Tank at Anjumanfarum village, Mokanpalle GP, Navipet Mandal, Nizambad District, Telangana","06-Mar-2026","18-Jun-2026","310000","Sanction"
"528","Normal/Others","WS/MP18381/2026-2027/272733-Lighting of public spaces","Telangana","NIZAMABAD(DISTRICT COLLECTOR NIZAMABAD_IDA)","Smt. Renuka Chowdhury (2024-30) (2024-2030)","Elected MP","Installation of 1 High Mast Light near Shri Peddamma Thalli Temple at Talveda Village, Nandipet Mandal, Nizambad District, Telangana","06-Mar-2026","18-Jun-2026","155000","Sanction"
"529","Normal/Others","WS/MP18381/2026-2027/272758-Lighting of public spaces","Telangana","NIZAMABAD(DISTRICT COLLECTOR NIZAMABAD_IDA)","Smt. Renuka Chowdhury (2024-30) (2024-2030)","Elected MP","Installation of 1 High Mast Light near SC Mala Wada at Khudavandapur village, Nandipet Mandal, Nizambad District, Telangana","06-Mar-2026","18-Jun-2026","155000","Sanction"
"530","Normal/Others","WS/MP18381/2026-2027/273263-Lighting of public spaces","Telangana","NIZAMABAD(DISTRICT COLLECTOR NIZAMABAD_IDA)","Smt. Renuka Chowdhury (2024-30) (2024-2030)","Elected MP","Installation of 1 High Mast Light near Gram Panchayat office at Kamtam Village, Nandipet Mandal, Nizambad District, Telangana","09-Mar-2026","18-Jun-2026","155000","Sanction"
"531","Normal/Others","WS/MP18381/2026-2027/273264-Lighting of public spaces","Telangana","NIZAMABAD(DISTRICT COLLECTOR NIZAMABAD_IDA)","Smt. Renuka Chowdhury (2024-30) (2024-2030)","Elected MP","Installation of 1 High Mast Light near Ambedkar Chowrastha at Khunipur Village, Varni Mandal, Nizambad District, Telangana","09-Mar-2026","18-Jun-2026","155000","Sanction"
"532","Normal/Others","WS/MP18381/2026-2027/273266-Lighting of public spaces","Telangana","NIZAMABAD(DISTRICT COLLECTOR NIZAMABAD_IDA)","Smt. Renuka Chowdhury (2024-30) (2024-2030)","Elected MP","Installation of One High Mast Light near Sevalal Mandir at Shankaoora village, Varni Mandal, Nizambad District, Telangana","09-Mar-2026","18-Jun-2026","155000","Sanction"
"533","Normal/Others","WS/MP18381/2026-2027/273268-Lighting of public spaces","Telangana","NIZAMABAD(DISTRICT COLLECTOR NIZAMABAD_IDA)","Smt. Renuka Chowdhury (2024-30) (2024-2030)","Elected MP","Installation of One High Mast Light near Sevalal Mandir at Afandifaram village, Varni Mandal, Nizambad District, Telangana","09-Mar-2026","18-Jun-2026","155000","Sanction"
"534","Normal/Others","WS/MP18381/2026-2027/273276-Lighting of public spaces","Telangana","NIZAMABAD(DISTRICT COLLECTOR NIZAMABAD_IDA)","Smt. Renuka Chowdhury (2024-30) (2024-2030)","Elected MP","Installation of One High Mast Light near Chathrapati Shivaji Statue at Wadi village, Vailpoor Mandal, Nizambad District, Telangana","09-Mar-2026","29-Aug-2026","155000","Sanction"
"535","Normal/Others","WS/MP18381/2026-2027/273280-Lighting of public spaces","Telangana","NIZAMABAD(DISTRICT COLLECTOR NIZAMABAD_IDA)","Smt. Renuka Chowdhury (2024-30) (2024-2030)","Elected MP","Installation of One High Mast Light near Shri Venkateshwara Swamy Temple at Janakampeta village, Velipoor Mandal, Nizambad District, Telangana","09-Mar-2026","29-Aug-2026","155000","Sanction"
"536","Normal/Others","WS/MP18381/2026-2027/273281-Lighting of public spaces","Telangana","NIZAMABAD(DISTRICT COLLECTOR NIZAMABAD_IDA)","Smt. Renuka Chowdhury (2024-30) (2024-2030)","Elected MP","Installation of One High Mast Light near Devi Temple atKuknur Village, Velipoor Mandal, Nizambad District, Telangana","09-Mar-2026","29-Aug-2026","155000","Sanction"
"537","Normal/Others","WS/MP18381/2026-2027/273282-Lighting of public spaces","Telangana","NIZAMABAD(DISTRICT COLLECTOR NIZAMABAD_IDA)","Smt. Renuka Chowdhury (2024-30) (2024-2030)","Elected MP","Installation of One High Mast Light near Shri Venkateshwara Swamy Temple at Venkatapur Village, Velipoor Mandal, Nizambad District, Telangana","09-Mar-2026","29-Aug-2026","155000","Sanction"
"538","Normal/Others","WS/MP18381/2026-2027/276417-Lighting of public spaces","Telangana","NIZAMABAD(DISTRICT COLLECTOR NIZAMABAD_IDA)","Smt. Renuka Chowdhury (2024-30) (2024-2030)","Elected MP","Installation of 1 High Mast Light near Laxmi Narasihma Swamy Temple at Bodepalli Village, Balkonda Mandal, Nizambad District, Telangana","28-Mar-2026","30-Jun-2026","155000","Sanction"
"539","Normal/Others","WS/MP18381/2026-2027/276420-Lighting of public spaces","Telangana","NIZAMABAD(DISTRICT COLLECTOR NIZAMABAD_IDA)","Smt. Renuka Chowdhury (2024-30) (2024-2030)","Elected MP","Installation of 1 High Mast Light near MPPS School at Chittapur Village, Balkonda Mandal, Nizambad District, Telangana","28-Mar-2026","29-Aug-2026","155000","Sanction"
"540","Normal/Others","WS/MP18381/2026-2027/276421-Lighting of public spaces","Telangana","NIZAMABAD(DISTRICT COLLECTOR NIZAMABAD_IDA)","Smt. Renuka Chowdhury (2024-30) (2024-2030)","Elected MP","Installation of 1 High Mast Light near Ambedkar Stutue at Srirampur Village, Balkonda Mandal, Nizambad District, Telangana","28-Mar-2026","29-Aug-2026","155000","Sanction"
"541","Normal/Others","WS/MP18381/2026-2027/281780-Lighting of public spaces","Telangana","KHAMMAM(DISTRICT COLLECTOR KHAMMAM_IDA)","Smt. Renuka Chowdhury (2024-30) (2024-2030)","Elected MP","Installation of LED Lights from Dama Bujji house to Kondala Rambabu house at Illuru Village, Madhira Mandal, Khammam District, Telangana","18-May-2026","19-Aug-2026","400000","Sanction"
"542","Normal/Others","WS/MP171/2026-2027/286361-Lighting of public spaces","Telangana","WANAPARTHY(DISTRICT COLLECTOR WANAPARTHY_IDA)","Shri Ravi Chandra Vaddiraju (2024-30) (2024-2030)","Elected MP","Providing LED Street Lights in Ward No.10, Chandapur(V), Wanaparthy(M), Wanaparthy Dist.","17-Jun-2026","15-Jul-2026","300000","Physical Inspection"
"543","Normal/Others","WS/MP171/2026-2027/286362-Lighting of public spaces","Telangana","WANAPARTHY(DISTRICT COLLECTOR WANAPARTHY_IDA)","Shri Ravi Chandra Vaddiraju (2024-30) (2024-2030)","Elected MP","Providing High mast Lights SC Colony, Chandapur(V), Wanaparthy(M), Wanaparthy Dist.","17-Jun-2026","15-Jul-2026","200000","Physical Inspection"
"544","Normal/Others","WS/MP171/2026-2027/287900-Lighting of public spaces","Telangana","SURYAPET(DISTRICT COLLECTOR SURYAPET)","Shri Ravi Chandra Vaddiraju (2024-30) (2024-2030)","Elected MP","Providing LED Street Lights at BC Colony to Main Road (Ward No.1 to 6) in Gaddipally(V), Garidepally(M), Suryapet District","22-Jun-2026","19-Aug-2026","410000","Sanction"
"545","Normal/Others","WS/MP171/2026-2027/287901-Lighting of public spaces","Telangana","SURYAPET(DISTRICT COLLECTOR SURYAPET)","Shri Ravi Chandra Vaddiraju (2024-30) (2024-2030)","Elected MP","Providing LED Street Lights at Main Road to Errakunta SC Colony (Ward No.7 to 12) in Gaddipally(V), Garidepally(M), Suryapet District","22-Jun-2026","19-Aug-2026","410000","Sanction"
"546","Normal/Others","WS/MP171/2026-2027/287902-Lighting of public spaces","Telangana","SURYAPET(DISTRICT COLLECTOR SURYAPET)","Shri Ravi Chandra Vaddiraju (2024-30) (2024-2030)","Elected MP","Providing LED High Mast Lights at Chinnagarakunta Thanda (V), Garidepally(M), Suryapet District","22-Jun-2026","19-Aug-2026","180000","Sanction"
"547","Normal/Others","WS/MP18374/2025-2026/214029-Improvement of electricity distribution infrastructure","Telangana","KARIMNAGAR(DISTRICT COLLECTOR KARIMNAGAR_IDA)","Shri Anil Kumar Yadav Mandadi (2024-30) (2024-2030)","Elected MP","Request and Sanction of 15KV Transformer  at Lingapur (V) of Manakondur Mandal Karimnagar Dist","02-Jul-2025","02-Aug-2025","150000","Vendor Identification"
"548","Normal/Others","WS/MP18374/2024-2025/150298-Setting up public non-conventional energy plants","Telangana","HYDERABAD(DISTRICT COLLECTOR HYDERABAD_IDA)","Shri Anil Kumar Yadav Mandadi (2024-30) (2024-2030)","Elected MP","Providing 5 KV Solar power system at Govt. BC Boys Hostel, Musheerabad","01-Nov-2024","29-Mar-2025","990000","Physical Inspection"
"549","Normal/Others","WS/MP18374/2024-2025/150299-Setting up public non-conventional energy plants","Telangana","HYDERABAD(DISTRICT COLLECTOR HYDERABAD_IDA)","Shri Anil Kumar Yadav Mandadi (2024-30) (2024-2030)","Elected MP","Providing 5 KV Solar power system at Govt.BC Boys Hostel, Amberpet","01-Nov-2024","28-Mar-2025","990000","Physical Inspection"
"550","Normal/Others","WS/MP18374/2024-2025/150300-Setting up public non-conventional energy plants","Telangana","HYDERABAD(DISTRICT COLLECTOR HYDERABAD_IDA)","Shri Anil Kumar Yadav Mandadi (2024-30) (2024-2030)","Elected MP","Providing 5 KV Solar power system at Govt.BC Boys Hostel, Sanath nagar","01-Nov-2024","28-Mar-2025","990000","Physical Inspection"
"551","Normal/Others","WS/MP18374/2024-2025/150301-Setting up public non-conventional energy plants","Telangana","HYDERABAD(DISTRICT COLLECTOR HYDERABAD_IDA)","Shri Anil Kumar Yadav Mandadi (2024-30) (2024-2030)","Elected MP","Providing 5 KV Solar power system at Govt B.C Boys College Hostel, Malakpet (Amberpet)","01-Nov-2024","28-Mar-2025","990000","Physical Inspection"
"552","Normal/Others","WS/MP18374/2024-2025/150302-Setting up public non-conventional energy plants","Telangana","HYDERABAD(DISTRICT COLLECTOR HYDERABAD_IDA)","Shri Anil Kumar Yadav Mandadi (2024-30) (2024-2030)","Elected MP","Providing 5 KV Solar power system at Govt. B.C Boys College Hostel, Khairtabad","01-Nov-2024","28-Mar-2025","990000","Physical Inspection"
"553","Normal/Others","WS/MP18374/2024-2025/150303-Setting up public non-conventional energy plants","Telangana","HYDERABAD(DISTRICT COLLECTOR HYDERABAD_IDA)","Shri Anil Kumar Yadav Mandadi (2024-30) (2024-2030)","Elected MP","Providing 5 KV Solar power system at Govt. B.C Boys College Hostel, Jubilee Hills","01-Nov-2024","28-Mar-2025","990000","Physical Inspection"
"554","Normal/Others","WS/MP18374/2024-2025/150304-Setting up public non-conventional energy plants","Telangana","HYDERABAD(DISTRICT COLLECTOR HYDERABAD_IDA)","Shri Anil Kumar Yadav Mandadi (2024-30) (2024-2030)","Elected MP","Providing 5 KV Solar power system at Govt. BC Boys College Hostel, Secunderabad Contonment","01-Nov-2024","28-Mar-2025","990000","Physical Inspection"
"555","Normal/Others","WS/MP18374/2024-2025/150305-Setting up public non-conventional energy plants","Telangana","HYDERABAD(DISTRICT COLLECTOR HYDERABAD_IDA)","Shri Anil Kumar Yadav Mandadi (2024-30) (2024-2030)","Elected MP","Providing 5 KV Solar power system at Govt.BC Boys College Hostel, Amberpet","01-Nov-2024","28-Mar-2025","990000","Physical Inspection"
"556","Normal/Others","WS/MP18374/2024-2025/150307-Setting up public non-conventional energy plants","Telangana","HYDERABAD(DISTRICT COLLECTOR HYDERABAD_IDA)","Shri Anil Kumar Yadav Mandadi (2024-30) (2024-2030)","Elected MP","Providing 5 KV Solar power system at Govt.BC Boys College Hostel, Amberpet (Old)","01-Nov-2024","28-Mar-2025","990000","Physical Inspection"
"557","Normal/Others","WS/MP18374/2024-2025/150308-Setting up public non-conventional energy plants","Telangana","HYDERABAD(DISTRICT COLLECTOR HYDERABAD_IDA)","Shri Anil Kumar Yadav Mandadi (2024-30) (2024-2030)","Elected MP","Providing 5 KV Solar power system at Govt. BC Boys College Hostel, Secunderabad(New)","01-Nov-2024","28-Mar-2025","990000","Physical Inspection"
"558","Normal/Others","WS/MP18374/2024-2025/150309-Setting up public non-conventional energy plants","Telangana","HYDERABAD(DISTRICT COLLECTOR HYDERABAD_IDA)","Shri Anil Kumar Yadav Mandadi (2024-30) (2024-2030)","Elected MP","Providing 5 KV Solar power system at Govt. B.C Girls College Hostel, Jubilee Hills","01-Nov-2024","28-Mar-2025","990000","Physical Inspection"
"559","Normal/Others","WS/MP18374/2024-2025/150310-Setting up public non-conventional energy plants","Telangana","HYDERABAD(DISTRICT COLLECTOR HYDERABAD_IDA)","Shri Anil Kumar Yadav Mandadi (2024-30) (2024-2030)","Elected MP","Providing 5 KV Solar power system at Govt. B.C Girls College Hostel,  Yakuthpura (Musheerabad)","01-Nov-2024","28-Mar-2025","990000","Physical Inspection"
"560","Normal/Others","WS/MP18374/2024-2025/150311-Setting up public non-conventional energy plants","Telangana","HYDERABAD(DISTRICT COLLECTOR HYDERABAD_IDA)","Shri Anil Kumar Yadav Mandadi (2024-30) (2024-2030)","Elected MP","Providing 5 KV Solar power system at Govt. BC Girls College Hostel, Secunderabad","01-Nov-2024","28-Mar-2025","990000","Physical Inspection"
"561","Normal/Others","WS/MP18374/2024-2025/150312-Setting up public non-conventional energy plants","Telangana","HYDERABAD(DISTRICT COLLECTOR HYDERABAD_IDA)","Shri Anil Kumar Yadav Mandadi (2024-30) (2024-2030)","Elected MP","Providing 5 KV Solar power system at Govt. B.C Girls College  Hostel, Karwan","01-Nov-2024","28-Mar-2025","990000","Physical Inspection"
"562","Normal/Others","WS/MP18374/2024-2025/150313-Setting up public non-conventional energy plants","Telangana","HYDERABAD(DISTRICT COLLECTOR HYDERABAD_IDA)","Shri Anil Kumar Yadav Mandadi (2024-30) (2024-2030)","Elected MP","Providing 5 KV Solar power system at Govt. BC Girls College Hostel, Secunderabad Contonment","01-Nov-2024","28-Mar-2025","990000","Physical Inspection"
"563","Normal/Others","WS/MP18374/2024-2025/145657-Purchase of non-conventional energy system and devices for community use","Telangana","HYDERABAD(DISTRICT COLLECTOR HYDERABAD_IDA)","Shri Anil Kumar Yadav Mandadi (2024-30) (2024-2030)","Elected MP","Providing 5KV Solar Power System at Govt. SC Hostel, Lalapet, Hyderabad","05-Oct-2024","10-Jan-2025","990000","Physical Inspection"
"564","Normal/Others","WS/MP18374/2024-2025/145658-Purchase of non-conventional energy system and devices for community use","Telangana","HYDERABAD(DISTRICT COLLECTOR HYDERABAD_IDA)","Shri Anil Kumar Yadav Mandadi (2024-30) (2024-2030)","Elected MP","Providing 5KV Solar Power System at Govt. SC Hostel, Secunderabad -1","05-Oct-2024","28-Mar-2025","990000","Physical Inspection"
"565","Normal/Others","WS/MP18374/2024-2025/145659-Purchase of non-conventional energy system and devices for community use","Telangana","HYDERABAD(DISTRICT COLLECTOR HYDERABAD_IDA)","Shri Anil Kumar Yadav Mandadi (2024-30) (2024-2030)","Elected MP","Providing 5KV Solar Power System at Govt. SC Hostel, Bollaram -2","05-Oct-2024","10-Jan-2025","990000","Physical Inspection"
"566","Normal/Others","WS/MP18374/2024-2025/145660-Purchase of non-conventional energy system and devices for community use","Telangana","HYDERABAD(DISTRICT COLLECTOR HYDERABAD_IDA)","Shri Anil Kumar Yadav Mandadi (2024-30) (2024-2030)","Elected MP","Providing 5KV Solar Power System at Govt. SC Girls Hostel, Addagutta","05-Oct-2024","10-Jan-2025","990000","Physical Inspection"
"567","Normal/Others","WS/MP18374/2024-2025/145661-Purchase of non-conventional energy system and devices for community use","Telangana","HYDERABAD(DISTRICT COLLECTOR HYDERABAD_IDA)","Shri Anil Kumar Yadav Mandadi (2024-30) (2024-2030)","Elected MP","Providing 5KV Solar Power System at Govt ST Hostel, Adikmet","05-Oct-2024","10-Jan-2025","990000","Physical Inspection"
"568","Normal/Others","WS/MP18374/2024-2025/145662-Purchase of non-conventional energy system and devices for community use","Telangana","HYDERABAD(DISTRICT COLLECTOR HYDERABAD_IDA)","Shri Anil Kumar Yadav Mandadi (2024-30) (2024-2030)","Elected MP","Providing 5KV Solar Power System at ST College Boys Hostel, Langar House","05-Oct-2024","01-Mar-2025","990000","Physical Inspection"
"569","Normal/Others","WS/MP18374/2024-2025/145663-Purchase of non-conventional energy system and devices for community use","Telangana","HYDERABAD(DISTRICT COLLECTOR HYDERABAD_IDA)","Shri Anil Kumar Yadav Mandadi (2024-30) (2024-2030)","Elected MP","Providing 5KV Solar Power System at Govt ST Hostel, Begumpet","05-Oct-2024","10-Jan-2025","990000","Physical Inspection"
"570","Normal/Others","WS/MP18374/2024-2025/145664-Purchase of non-conventional energy system and devices for community use","Telangana","HYDERABAD(DISTRICT COLLECTOR HYDERABAD_IDA)","Shri Anil Kumar Yadav Mandadi (2024-30) (2024-2030)","Elected MP","Providing 5KV Solar Power System at Govt SC Hostel, Amberpet -1","05-Oct-2024","28-Mar-2025","990000","Physical Inspection"
"571","Normal/Others","WS/MP18374/2024-2025/145665-Purchase of non-conventional energy system and devices for community use","Telangana","HYDERABAD(DISTRICT COLLECTOR HYDERABAD_IDA)","Shri Anil Kumar Yadav Mandadi (2024-30) (2024-2030)","Elected MP","Providing 5KV Solar Power System at Govt SC Hostel, Kachiguda","05-Oct-2024","28-Mar-2025","990000","Physical Inspection"
"572","Normal/Others","WS/MP18374/2024-2025/145666-Purchase of non-conventional energy system and devices for community use","Telangana","HYDERABAD(DISTRICT COLLECTOR HYDERABAD_IDA)","Shri Anil Kumar Yadav Mandadi (2024-30) (2024-2030)","Elected MP","Providing 5KV Solar Power System at Govt SC College Hostel, MJ Market","05-Oct-2024","10-Jan-2025","990000","Physical Inspection"
"573","Normal/Others","WS/MP18374/2024-2025/145667-Purchase of non-conventional energy system and devices for community use","Telangana","HYDERABAD(DISTRICT COLLECTOR HYDERABAD_IDA)","Shri Anil Kumar Yadav Mandadi (2024-30) (2024-2030)","Elected MP","Providing 5KV Solar Power System at Govt SC College Hostel, Laal Bazar","05-Oct-2024","10-Jan-2025","990000","Physical Inspection"
"574","Normal/Others","WS/MP18374/2024-2025/145668-Purchase of non-conventional energy system and devices for community use","Telangana","HYDERABAD(DISTRICT COLLECTOR HYDERABAD_IDA)","Shri Anil Kumar Yadav Mandadi (2024-30) (2024-2030)","Elected MP","Providing 5KV Solar Power System at Govt ST Hostel, Balakampet","05-Oct-2024","10-Jan-2025","990000","Physical Inspection"
"575","Normal/Others","WS/MP18374/2024-2025/145669-Purchase of non-conventional energy system and devices for community use","Telangana","HYDERABAD(DISTRICT COLLECTOR HYDERABAD_IDA)","Shri Anil Kumar Yadav Mandadi (2024-30) (2024-2030)","Elected MP","Providing 5KV Solar Power System at Govt. SC College Boys Hostel, Ameerpet","05-Oct-2024","28-Mar-2025","990000","Physical Inspection"
"576","Normal/Others","WS/MP171/2024-2025/140427-Street lights","Telangana","YADADRI BHUVANAGIRI(DISTRICT COLLECTOR YADADRI BHUVANAGIRI_IDA)","Shri Ravi Chandra Vaddiraju (2024-30) (2024-2030)","Elected MP","Providing Street Lights at Anantharam(V), Bhognir(M), Yadadri Bhongir District","12-Sep-2024","10-Dec-2024","100000","Work Completed"
"577","Normal/Others","WS/MP18374/2025-2026/175112-Street lights","Telangana","MAHABUBNAGAR(DISTRICT COLLECTOR MAHABUBNAGAR_3)","Shri Anil Kumar Yadav Mandadi (2024-30) (2024-2030)","Elected MP","Providing High Mast Lights in Thirumalapur (Village) Chinna Chinta Kunta (Mandal) Mahabubnagar Dist.","12-Feb-2025","03-Sep-2025","497434","Physical Inspection"
"578","Normal/Others","WS/MP846/2025-2026/200800-Street lights","Telangana","ADILABAD(DISTRICT COLLECTOR ADILABAD_IDA)","Shri Damodar Rao Divakonda (2022-28) (2022-2028)","Elected MP","Sanction of High mast Lights Boath Mandal Dhannur B at Near Chruch","20-May-2025","26-Sep-2025","120000","Work partially Completed"
"579","Normal/Others","WS/MP846/2025-2026/200806-Street lights","Telangana","ADILABAD(DISTRICT COLLECTOR ADILABAD_IDA)","Shri Damodar Rao Divakonda (2022-28) (2022-2028)","Elected MP","Sanction of High mast Lights Boath Mandal Dhannur B at Moulali Bunglow","20-May-2025","26-Sep-2025","120000","Work partially Completed"
"580","Normal/Others","WS/MP846/2025-2026/200809-Street lights","Telangana","ADILABAD(DISTRICT COLLECTOR ADILABAD_IDA)","Shri Damodar Rao Divakonda (2022-28) (2022-2028)","Elected MP","Sanction of High mast Lights Boath Mandal Dhannur K at Jagadhamba Temple","20-May-2025","26-Sep-2025","120000","Work partially Completed"
"581","Normal/Others","WS/MP846/2025-2026/200810-Street lights","Telangana","ADILABAD(DISTRICT COLLECTOR ADILABAD_IDA)","Shri Damodar Rao Divakonda (2022-28) (2022-2028)","Elected MP","Sanction of High mast Lights Boath Mandal Dhannur K at OHSR TANK","20-May-2025","26-Sep-2025","120000","Work partially Completed"
"582","Normal/Others","WS/MP846/2025-2026/200814-Street lights","Telangana","ADILABAD(DISTRICT COLLECTOR ADILABAD_IDA)","Shri Damodar Rao Divakonda (2022-28) (2022-2028)","Elected MP","Sanction of High mast Lights Boath Mandal Birlagondi  at Hanuman Temple","20-May-2025","26-Sep-2025","120000","Work partially Completed"
"583","Normal/Others","WS/MP846/2025-2026/200817-Street lights","Telangana","ADILABAD(DISTRICT COLLECTOR ADILABAD_IDA)","Shri Damodar Rao Divakonda (2022-28) (2022-2028)","Elected MP","Sanction of High mast Lights Boath Mandal Birlagondi at Balu House","20-May-2025","26-Sep-2025","120000","Work partially Completed"
"584","Normal/Others","WS/MP846/2025-2026/200823-Street lights","Telangana","ADILABAD(DISTRICT COLLECTOR ADILABAD_IDA)","Shri Damodar Rao Divakonda (2022-28) (2022-2028)","Elected MP","Sanction of High mast Lights Boath Mandal Andur, Kandepally Jagadambha Temple","20-May-2025","26-Sep-2025","120000","Work partially Completed"
"585","Normal/Others","WS/MP846/2025-2026/200914-Street lights","Telangana","ADILABAD(DISTRICT COLLECTOR ADILABAD_IDA)","Shri Damodar Rao Divakonda (2022-28) (2022-2028)","Elected MP","Sanction of High mast Lights Boath Mandal Andur, Kandepally Primary School","20-May-2025","26-Sep-2025","120000","Work partially Completed"
"586","Normal/Others","WS/MP846/2025-2026/200922-Street lights","Telangana","ADILABAD(DISTRICT COLLECTOR ADILABAD_IDA)","Shri Damodar Rao Divakonda (2022-28) (2022-2028)","Elected MP","Sanction of High mast Lights Boath Mandal Andur, Narayanapur Jagadamba Temple","20-May-2025","26-Sep-2025","120000","Work partially Completed"
"587","Normal/Others","WS/MP846/2025-2026/200930-Street lights","Telangana","ADILABAD(DISTRICT COLLECTOR ADILABAD_IDA)","Shri Damodar Rao Divakonda (2022-28) (2022-2028)","Elected MP","Sanction of High mast Lights Boath Mandal Andur, Narayanapur Jadhav Ram House","20-May-2025","26-Sep-2025","120000","Work partially Completed"
"588","Normal/Others","WS/MP846/2025-2026/200977-Street lights","Telangana","ADILABAD(DISTRICT COLLECTOR ADILABAD_IDA)","Shri Damodar Rao Divakonda (2022-28) (2022-2028)","Elected MP","Sanction of High mast Lights Boath Mandal Andur, Chinna Kandepally Jagadamba Temple","20-May-2025","26-Sep-2025","120000","Work partially Completed"
"589","Normal/Others","WS/MP846/2025-2026/200993-Street lights","Telangana","ADILABAD(DISTRICT COLLECTOR ADILABAD_IDA)","Shri Damodar Rao Divakonda (2022-28) (2022-2028)","Elected MP","Sanction of High mast Lights Boath Mandal Mandhabogada Raghunathpur HanumanTemple","20-May-2025","26-Sep-2025","120000","Work partially Completed"
"590","Normal/Others","WS/MP846/2025-2026/201002-Street lights","Telangana","ADILABAD(DISTRICT COLLECTOR ADILABAD_IDA)","Shri Damodar Rao Divakonda (2022-28) (2022-2028)","Elected MP","Sanction of High mast Lights Boath Mandal Marlapally at Bus Stand","20-May-2025","26-Sep-2025","120000","Work partially Completed"
"591","Normal/Others","WS/MP846/2025-2026/201013-Street lights","Telangana","ADILABAD(DISTRICT COLLECTOR ADILABAD_IDA)","Shri Damodar Rao Divakonda (2022-28) (2022-2028)","Elected MP","Sanction of High mast Lights Boath Mandal Marlapally at Eshanna","20-May-2025","26-Sep-2025","120000","Work partially Completed"
"592","Normal/Others","WS/MP846/2025-2026/201019-Street lights","Telangana","ADILABAD(DISTRICT COLLECTOR ADILABAD_IDA)","Shri Damodar Rao Divakonda (2022-28) (2022-2028)","Elected MP","Sanction of High mast Lights Boath Mandal Babera at Jagadamba Temple","20-May-2025","26-Sep-2025","120000","Work partially Completed"
"593","Normal/Others","WS/MP846/2025-2026/201023-Street lights","Telangana","ADILABAD(DISTRICT COLLECTOR ADILABAD_IDA)","Shri Damodar Rao Divakonda (2022-28) (2022-2028)","Elected MP","Sanction of High mast Lights Boath Mandal Babera at Shivalayam Temple","20-May-2025","26-Sep-2025","120000","Work partially Completed"
"594","Normal/Others","WS/MP846/2025-2026/201044-Street lights","Telangana","ADILABAD(DISTRICT COLLECTOR ADILABAD_IDA)","Shri Damodar Rao Divakonda (2022-28) (2022-2028)","Elected MP","Sanction of High mast Lights Boath Mandal Babera Devanpally at Tulisiram Patel (H)","20-May-2025","26-Sep-2025","120000","Work partially Completed"
"595","Normal/Others","WS/MP846/2025-2026/201045-Street lights","Telangana","ADILABAD(DISTRICT COLLECTOR ADILABAD_IDA)","Shri Damodar Rao Divakonda (2022-28) (2022-2028)","Elected MP","Sanction of High mast Lights Neradigonda Rajura at Anand Rao (H)","20-May-2025","26-Sep-2025","120000","Work partially Completed"
"596","Normal/Others","WS/MP846/2025-2026/201047-Street lights","Telangana","ADILABAD(DISTRICT COLLECTOR ADILABAD_IDA)","Shri Damodar Rao Divakonda (2022-28) (2022-2028)","Elected MP","Sanction of High mast Lights Neradigonda Rajura at Govind Rao (H)","20-May-2025","26-Sep-2025","120000","Work partially Completed"
"597","Normal/Others","WS/MP846/2025-2026/201049-Street lights","Telangana","ADILABAD(DISTRICT COLLECTOR ADILABAD_IDA)","Shri Damodar Rao Divakonda (2022-28) (2022-2028)","Elected MP","Sanction of High mast Lights Neradigonda Rajura at Ambarao (H)","20-May-2025","26-Sep-2025","120000","Work partially Completed"
"598","Normal/Others","WS/MP846/2025-2026/201050-Street lights","Telangana","ADILABAD(DISTRICT COLLECTOR ADILABAD_IDA)","Shri Damodar Rao Divakonda (2022-28) (2022-2028)","Elected MP","Sanction of High mast Lights Neradigonda Rajura at Amruth (H)","20-May-2025","26-Sep-2025","120000","Work partially Completed"
"599","Normal/Others","WS/MP846/2025-2026/201057-Street lights","Telangana","ADILABAD(DISTRICT COLLECTOR ADILABAD_IDA)","Shri Damodar Rao Divakonda (2022-28) (2022-2028)","Elected MP","Sanction of High mast Lights Boath, Kantegoan, at Jagadhamba Temple","20-May-2025","26-Sep-2025","120000","Work partially Completed"
"600","Normal/Others","WS/MP846/2025-2026/201060-Street lights","Telangana","ADILABAD(DISTRICT COLLECTOR ADILABAD_IDA)","Shri Damodar Rao Divakonda (2022-28) (2022-2028)","Elected MP","Sanction of High mast Lights Boath, Kantegoan, at Sanjeev (H)","20-May-2025","26-Sep-2025","120000","Work partially Completed"
"601","Normal/Others","WS/MP846/2025-2026/201074-Street lights","Telangana","ADILABAD(DISTRICT COLLECTOR ADILABAD_IDA)","Shri Damodar Rao Divakonda (2022-28) (2022-2028)","Elected MP","Sanction of High mast Lights Sonala at Ambedkar Bhavan","20-May-2025","26-Sep-2025","120000","Work partially Completed"
"602","Normal/Others","WS/MP846/2025-2026/201075-Street lights","Telangana","ADILABAD(DISTRICT COLLECTOR ADILABAD_IDA)","Shri Damodar Rao Divakonda (2022-28) (2022-2028)","Elected MP","Sanction of High mast Lights Sonala at Hospital","20-May-2025","26-Sep-2025","120000","Work partially Completed"
"603","Normal/Others","WS/MP846/2025-2026/201077-Street lights","Telangana","ADILABAD(DISTRICT COLLECTOR ADILABAD_IDA)","Shri Damodar Rao Divakonda (2022-28) (2022-2028)","Elected MP","Sanction of High mast Lights Sonala at Ramalayam","20-May-2025","26-Sep-2025","120000","Work partially Completed"
"604","Normal/Others","WS/MP846/2025-2026/201079-Street lights","Telangana","ADILABAD(DISTRICT COLLECTOR ADILABAD_IDA)","Shri Damodar Rao Divakonda (2022-28) (2022-2028)","Elected MP","Sanction of High mast Lights Sonala at Sub Station","20-May-2025","26-Sep-2025","120000","Work partially Completed"
"605","Normal/Others","WS/MP846/2025-2026/201099-Street lights","Telangana","ADILABAD(DISTRICT COLLECTOR ADILABAD_IDA)","Shri Damodar Rao Divakonda (2022-28) (2022-2028)","Elected MP","Sanction of High mast Lights Sonala, Rajan Palle at Bapu Rao Sarpanch","20-May-2025","26-Sep-2025","120000","Work partially Completed"
"606","Normal/Others","WS/MP846/2025-2026/201100-Street lights","Telangana","ADILABAD(DISTRICT COLLECTOR ADILABAD_IDA)","Shri Damodar Rao Divakonda (2022-28) (2022-2028)","Elected MP","Sanction of High mast Lights Neradigonda Tejapur  at SC Colony","20-May-2025","26-Sep-2025","120000","Work partially Completed"
"607","Normal/Others","WS/MP846/2025-2026/201102-Street lights","Telangana","ADILABAD(DISTRICT COLLECTOR ADILABAD_IDA)","Shri Damodar Rao Divakonda (2022-28) (2022-2028)","Elected MP","Sanction of High mast Lights Neradigonda Peechara at Hanuman Temple","20-May-2025","26-Sep-2025","120000","Work partially Completed"
"608","Normal/Others","WS/MP846/2025-2026/201127-Street lights","Telangana","ADILABAD(DISTRICT COLLECTOR ADILABAD_IDA)","Shri Damodar Rao Divakonda (2022-28) (2022-2028)","Elected MP","Sanction of High mast Lights Neradigonda Peechara at Somesh (H)","20-May-2025","26-Sep-2025","120000","Work partially Completed"
"609","Normal/Others","WS/MP846/2025-2026/201216-Street lights","Telangana","ADILABAD(DISTRICT COLLECTOR ADILABAD_IDA)","Shri Damodar Rao Divakonda (2022-28) (2022-2028)","Elected MP","Sanction of High mast Lights Neradigonda Peechara Addalathimmapur at Seetharam  (H)","20-May-2025","26-Sep-2025","120000","Work partially Completed"
"610","Normal/Others","WS/MP846/2025-2026/201223-Street lights","Telangana","ADILABAD(DISTRICT COLLECTOR ADILABAD_IDA)","Shri Damodar Rao Divakonda (2022-28) (2022-2028)","Elected MP","Sanction of High mast Lights Neradigonda Peechara Laxmipur at Bheemrao (H)","20-May-2025","26-Sep-2025","120000","Work partially Completed"
"611","Normal/Others","WS/MP846/2025-2026/201227-Street lights","Telangana","ADILABAD(DISTRICT COLLECTOR ADILABAD_IDA)","Shri Damodar Rao Divakonda (2022-28) (2022-2028)","Elected MP","Sanction of High mast Lights Neradigonda Bandamregad Pashathanda at Hanuman Temple","20-May-2025","26-Sep-2025","120000","Work partially Completed"
"612","Normal/Others","WS/MP846/2025-2026/201232-Street lights","Telangana","ADILABAD(DISTRICT COLLECTOR ADILABAD_IDA)","Shri Damodar Rao Divakonda (2022-28) (2022-2028)","Elected MP","Sanction of High mast Lights Neradigonda Bandamregad Pashathanda at Balu House","20-May-2025","26-Sep-2025","120000","Work partially Completed"
"613","Normal/Others","WS/MP846/2025-2026/201236-Street lights","Telangana","ADILABAD(DISTRICT COLLECTOR ADILABAD_IDA)","Shri Damodar Rao Divakonda (2022-28) (2022-2028)","Elected MP","Sanction of High mast Lights Neradigonda Bandamregad Bandam Cross Roads at Srinu Fertilizers","20-May-2025","26-Sep-2025","120000","Work partially Completed"
"614","Normal/Others","WS/MP846/2025-2026/201238-Street lights","Telangana","ADILABAD(DISTRICT COLLECTOR ADILABAD_IDA)","Shri Damodar Rao Divakonda (2022-28) (2022-2028)","Elected MP","Sanction of High mast Lights Neradigonda Kistapur at Guru Saib Temple","20-May-2025","26-Sep-2025","120000","Work partially Completed"
"615","Normal/Others","WS/MP846/2025-2026/201245-Street lights","Telangana","ADILABAD(DISTRICT COLLECTOR ADILABAD_IDA)","Shri Damodar Rao Divakonda (2022-28) (2022-2028)","Elected MP","Sanction of High mast Lights Neradigonda Kistapur at Cross Chowk","20-May-2025","26-Sep-2025","120000","Work partially Completed"
"616","Normal/Others","WS/MP846/2025-2026/201247-Street lights","Telangana","ADILABAD(DISTRICT COLLECTOR ADILABAD_IDA)","Shri Damodar Rao Divakonda (2022-28) (2022-2028)","Elected MP","Sanction of High mast Lights Neradigonda Narayanapur at Hanuman Temple","20-May-2025","26-Sep-2025","120000","Work partially Completed"
"617","Normal/Others","WS/MP846/2025-2026/201248-Street lights","Telangana","ADILABAD(DISTRICT COLLECTOR ADILABAD_IDA)","Shri Damodar Rao Divakonda (2022-28) (2022-2028)","Elected MP","Sanction of High mast Lights Neradigonda Kistapur Shankrapur at Hanuman Temple","20-May-2025","26-Sep-2025","120000","Work partially Completed"
"618","Normal/Others","WS/MP846/2025-2026/201250-Street lights","Telangana","ADILABAD(DISTRICT COLLECTOR ADILABAD_IDA)","Shri Damodar Rao Divakonda (2022-28) (2022-2028)","Elected MP","Sanction of High mast Lights Neradigonda Kistapur Shankrapur at Babu Singh (H)","20-May-2025","26-Sep-2025","120000","Work partially Completed"
"619","Normal/Others","WS/MP846/2025-2026/201253-Street lights","Telangana","ADILABAD(DISTRICT COLLECTOR ADILABAD_IDA)","Shri Damodar Rao Divakonda (2022-28) (2022-2028)","Elected MP","Sanction of High mast Lights Neradigonda Guthpala at SC Colony","20-May-2025","26-Sep-2025","120000","Work partially Completed"
"620","Normal/Others","WS/MP846/2025-2026/201256-Street lights","Telangana","ADILABAD(DISTRICT COLLECTOR ADILABAD_IDA)","Shri Damodar Rao Divakonda (2022-28) (2022-2028)","Elected MP","Sanction of High mast Lights  Boath Mandal Nagapur at Jagadhamba Temple","20-May-2025","26-Sep-2025","120000","Work partially Completed"
"621","Normal/Others","WS/MP846/2025-2026/201258-Street lights","Telangana","ADILABAD(DISTRICT COLLECTOR ADILABAD_IDA)","Shri Damodar Rao Divakonda (2022-28) (2022-2028)","Elected MP","Sanction of High mast Lights Boath Mandal Nagapur at Hanuman Temple","20-May-2025","26-Sep-2025","120000","Work partially Completed"
"622","Normal/Others","WS/MP846/2025-2026/201260-Street lights","Telangana","ADILABAD(DISTRICT COLLECTOR ADILABAD_IDA)","Shri Damodar Rao Divakonda (2022-28) (2022-2028)","Elected MP","Sanction of High mast Lights Boath Mandal Nagapur Jainurpally at Hanuman Temple","20-May-2025","26-Sep-2025","120000","Work partially Completed"
"623","Normal/Others","WS/MP846/2025-2026/201263-Street lights","Telangana","ADILABAD(DISTRICT COLLECTOR ADILABAD_IDA)","Shri Damodar Rao Divakonda (2022-28) (2022-2028)","Elected MP","Sanction of High mast Lights Boath Mandal Nagapur Jainurpally at Athram Dev Rao","20-May-2025","26-Sep-2025","120000","Work partially Completed"
"624","Normal/Others","WS/MP846/2025-2026/201265-Street lights","Telangana","ADILABAD(DISTRICT COLLECTOR ADILABAD_IDA)","Shri Damodar Rao Divakonda (2022-28) (2022-2028)","Elected MP","Sanction of High mast Lights Boath Mandal Mandhabogada Kuchiryala at Hanuman Temple","20-May-2025","26-Sep-2025","120000","Work partially Completed"
"625","Normal/Others","WS/MP846/2025-2026/201266-Street lights","Telangana","ADILABAD(DISTRICT COLLECTOR ADILABAD_IDA)","Shri Damodar Rao Divakonda (2022-28) (2022-2028)","Elected MP","Sanction of High mast Lights Boath Mandal Mandhabogada Kuchiryala at OHSR Tank","20-May-2025","26-Sep-2025","120000","Work partially Completed"
"626","Normal/Others","WS/MP846/2025-2026/201267-Street lights","Telangana","ADILABAD(DISTRICT COLLECTOR ADILABAD_IDA)","Shri Damodar Rao Divakonda (2022-28) (2022-2028)","Elected MP","Sanction of High mast Lights Neradigonda Arepally at J Mahender (H)","20-May-2025","26-Sep-2025","120000","Work partially Completed"
"627","Normal/Others","WS/MP846/2025-2026/201268-Street lights","Telangana","ADILABAD(DISTRICT COLLECTOR ADILABAD_IDA)","Shri Damodar Rao Divakonda (2022-28) (2022-2028)","Elected MP","Sanction of High mast Lights Neradigonda Kortikal-K at Anil (H)","20-May-2025","26-Sep-2025","120000","Work partially Completed"
"628","Normal/Others","WS/MP846/2025-2026/201269-Street lights","Telangana","ADILABAD(DISTRICT COLLECTOR ADILABAD_IDA)","Shri Damodar Rao Divakonda (2022-28) (2022-2028)","Elected MP","Sanction of High mast Lights Neradigonda Kortikal-B at Bheemanna Temple","20-May-2025","26-Sep-2025","120000","Work partially Completed"
"629","Normal/Others","WS/MP846/2025-2026/201270-Street lights","Telangana","ADILABAD(DISTRICT COLLECTOR ADILABAD_IDA)","Shri Damodar Rao Divakonda (2022-28) (2022-2028)","Elected MP","Sanction of High mast Lights Neradigonda Kortikal-B at ZP High School","20-May-2025","26-Sep-2025","120000","Work partially Completed"
"630","Normal/Others","WS/MP846/2025-2026/201315-Street lights","Telangana","NAGARKURNOOL(DISTRICT COLLECTOR NAGARKURNOOL_IDA)","Shri Damodar Rao Divakonda (2022-28) (2022-2028)","Elected MP","Providing of High mast Lights (2no) at near Hanuman Temple and Bowramma Arugu in Laknaram Grampanchayath of Telkapally Mandal Nagarkurnool Dist.","20-May-2025","06-Jun-2025","393399","Physical Inspection"
"631","Normal/Others","WS/MP846/2025-2026/201317-Street lights","Telangana","NAGARKURNOOL(DISTRICT COLLECTOR NAGARKURNOOL_IDA)","Shri Damodar Rao Divakonda (2022-28) (2022-2028)","Elected MP","Providing of High mast Lights (2no) at near Smashan vatika and Rakonda road inLaknaram Grampanchayath of Telkapally Mandal Nagarkurnool Dist","20-May-2025","06-Jun-2025","393399","Physical Inspection"
"632","Normal/Others","WS/MP846/2025-2026/201318-Street lights","Telangana","NAGARKURNOOL(DISTRICT COLLECTOR NAGARKURNOOL_IDA)","Shri Damodar Rao Divakonda (2022-28) (2022-2028)","Elected MP","Providing of High mast Lights near Chourasta at Laknaram Grampanchayath of Telkapally Mandal Nagarkurnool Dist","20-May-2025","06-Jun-2025","196836","Physical Inspection"
"633","Normal/Others","WS/MP846/2025-2026/201319-Street lights","Telangana","NAGARKURNOOL(DISTRICT COLLECTOR NAGARKURNOOL_IDA)","Shri Damodar Rao Divakonda (2022-28) (2022-2028)","Elected MP","Providing of High mast Lights (2no)at near Shivalayam and near Poshamma Temple at Manatathi Gramapanchyath of NagarKurnool Dist","20-May-2025","06-Jun-2025","400000","Work Completed"
"Grand Total"," "," "," "," "," "," "," "," "," "," ","37,07,61,848"